fecha_hora,ventana,paso,real,q50,q10,q90,y_desplome,p_desplome_clasificador,p_desplome_escenarios,y_pico,p_pico_clasificador,p_pico_escenarios
2026-01-01 01:00:00,2026-01-01,0,307.90985,282.71982928841544,253.17697928841545,293.86826928841543,0,0.00313048042529478,0.008333333333333333,0,0.0022843141273361286,0.008333333333333333
2026-01-01 02:00:00,2026-01-01,1,296.32185,280.79689151929455,238.18842151929456,296.1990115192946,0,0.003681622107891769,0.008333333333333333,0,0.0013301771469322382,0.008333333333333333
2026-01-01 03:00:00,2026-01-01,2,296.32185,279.7305850758697,229.23085507586973,296.1435450758697,0,0.005653760266150848,0.008333333333333333,0,0.0011669557745309608,0.008333333333333333
2026-01-01 04:00:00,2026-01-01,3,296.32185,279.4705971754364,224.0328771754364,292.00615717543644,0,0.009858184730028235,0.008333333333333333,0,0.0012138673059853998,0.008333333333333333
2026-01-01 05:00:00,2026-01-01,4,296.32185,279.9483461436487,219.11991614364868,289.4946661436487,0,0.0028300190228103565,0.008333333333333333,0,0.0011669557745309608,0.016666666666666666
2026-01-01 06:00:00,2026-01-01,5,296.32185,273.41542838410413,226.2826483841041,287.9535083841041,0,0.007777584748662308,0.008333333333333333,0,0.001210156394028762,0.008333333333333333
2026-01-01 07:00:00,2026-01-01,6,296.32185,275.3652316525723,233.4777316525723,290.0735116525723,0,0.00605583021013178,0.0,0,0.0011914636910323089,0.008333333333333333
2026-01-01 08:00:00,2026-01-01,7,272.90985,280.4485228964476,242.56272289644764,295.77494289644767,0,0.0019190919117322172,0.0,0,0.0013741090511033257,0.008333333333333333
2026-01-01 09:00:00,2026-01-01,8,104.99185,284.1126013427009,258.09319134270083,305.3080313427009,1,0.0018457792038266752,0.0,0,0.0017894066899799058,0.0
2026-01-01 10:00:00,2026-01-01,9,103.53785,284.7457191390321,259.7843491390321,307.8743991390321,1,0.0018324226330296057,0.0,0,0.003128974720929693,0.0
2026-01-01 11:00:00,2026-01-01,10,244.80985,285.7805649458232,266.5139849458232,310.2171849458232,0,0.0010458656848628886,0.0,0,0.005468567951810221,0.0
2026-01-01 12:00:00,2026-01-01,11,272.90985,291.22067673179777,271.5992167317977,321.9169067317978,0,0.0006351065609892223,0.0,0,0.00809700314745725,0.0
2026-01-01 13:00:00,2026-01-01,12,292.90985,291.91215159756814,269.66865159756816,317.9659015975681,0,0.00033637664061144176,0.0,0,0.010664953709626836,0.0
2026-01-01 14:00:00,2026-01-01,13,296.32185,291.9780381004401,276.2821381004401,324.9579181004401,0,0.0003535227606522369,0.0,0,0.011833456117886203,0.0
2026-01-01 15:00:00,2026-01-01,14,296.32185,294.00732861136566,272.31482861136567,320.33918861136567,0,0.0002679726171572948,0.008333333333333333,0,0.013280409253077878,0.05
2026-01-01 16:00:00,2026-01-01,15,296.32185,295.552039138815,274.35725913881504,321.70755913881504,0,0.0002679726171572948,0.016666666666666666,0,0.013280409253077878,0.06666666666666667
2026-01-01 17:00:00,2026-01-01,16,327.90985,303.7889405648092,289.5910905648092,343.1554905648092,0,0.0001846346552254212,0.0,0,0.014664665465010893,0.06666666666666667
2026-01-01 18:00:00,2026-01-01,17,332.90985,310.0264116134098,289.2349616134098,344.70206161340974,0,0.00019114746439773827,0.008333333333333333,0,0.062314759434177074,0.058333333333333334
2026-01-01 19:00:00,2026-01-01,18,332.90985,308.0954988162044,289.5746488162044,342.07910881620444,0,0.00019114746439773827,0.05,0,0.06761793925894795,0.175
2026-01-01 20:00:00,2026-01-01,19,332.90985,309.8703956323676,290.1017156323676,347.5344956323676,0,0.00028157939518532143,0.08333333333333333,0,0.04927738702092125,0.30833333333333335
2026-01-01 21:00:00,2026-01-01,20,332.90985,307.3106836699154,289.49031366991545,335.6537336699154,0,0.0001881453805735625,0.08333333333333333,0,0.03215897840025968,0.175
2026-01-01 22:00:00,2026-01-01,21,332.90985,299.82146956101616,283.6266395610162,329.4922795610162,0,0.0002624501036361111,0.016666666666666666,0,0.015029704480810549,0.075
2026-01-01 23:00:00,2026-01-01,22,327.90985,297.56672972453254,287.0446597245325,328.90580972453256,0,0.0002539543803159046,0.016666666666666666,0,0.012826189921400314,0.041666666666666664
2026-01-02 00:00:00,2026-01-01,23,329.20101,326.68901438075943,311.06239438075943,331.5435143807594,0,0.0006400209450392006,0.0,0,0.028302084382120334,0.041666666666666664
2026-01-02 01:00:00,2026-01-02,0,326.20101,312.8477774601221,281.9139174601221,324.5919374601221,0,0.009540050172713366,0.008333333333333333,0,0.003850956204832519,0.008333333333333333
2026-01-02 02:00:00,2026-01-02,1,326.20101,303.57600903625195,263.42189903625194,318.162499036252,0,0.012969828901085367,0.008333333333333333,0,0.0023044644124186704,0.008333333333333333
2026-01-02 03:00:00,2026-01-02,2,329.20101,303.23721356236257,261.6799335623625,319.97357356236256,0,0.01381110636474451,0.008333333333333333,0,0.0022715810655433532,0.008333333333333333
2026-01-02 04:00:00,2026-01-02,3,326.20101,304.65684508870163,258.3877650887016,315.9143450887016,0,0.0067786229915635975,0.008333333333333333,0,0.0022715810655433532,0.008333333333333333
2026-01-02 05:00:00,2026-01-02,4,329.20101,305.5732806817157,260.1364806817157,317.37712068171567,0,0.00386922487315008,0.008333333333333333,0,0.0022715810655433532,0.016666666666666666
2026-01-02 06:00:00,2026-01-02,5,329.20101,304.9920913769086,267.5864813769086,320.3064813769086,0,0.003564977466916415,0.008333333333333333,0,0.0022715810655433532,0.016666666666666666
2026-01-02 07:00:00,2026-01-02,6,329.20101,304.96586533151446,268.2000553315145,319.78623533151443,0,0.0018582882300773873,0.0,0,0.0022715810655433532,0.008333333333333333
2026-01-02 08:00:00,2026-01-02,7,329.20101,293.95385980850574,261.4418898085057,309.13286980850575,0,0.01646092504177536,0.0,0,0.0011701559443740841,0.008333333333333333
2026-01-02 09:00:00,2026-01-02,8,326.20101,243.1022871925149,213.7668371925149,256.9660571925149,0,0.13026212861148304,0.075,0,0.002714236650563831,0.0
2026-01-02 10:00:00,2026-01-02,9,326.20101,241.9216626478932,220.2754826478932,251.0190426478932,0,0.13026212861148304,0.10833333333333334,0,0.0026260067166465626,0.0
2026-01-02 11:00:00,2026-01-02,10,329.20101,286.5732951186008,268.9801551186008,293.8296951186008,0,0.03565462506337191,0.008333333333333333,0,0.0025378536858898394,0.0
2026-01-02 12:00:00,2026-01-02,11,329.20101,293.27048295639094,277.1596129563909,305.0617129563909,0,0.018872995770298315,0.016666666666666666,0,0.0030606666898788503,0.0
2026-01-02 13:00:00,2026-01-02,12,329.20101,306.237605098064,288.316175098064,320.135135098064,0,0.0015625111142645006,0.008333333333333333,0,0.0032255663766008603,0.0
2026-01-02 14:00:00,2026-01-02,13,329.20101,309.3038037769959,295.6988337769959,325.4907837769959,0,0.0012334080147123035,0.008333333333333333,0,0.012343811634075535,0.0
2026-01-02 15:00:00,2026-01-02,14,331.20101,310.3584776650809,292.87267766508086,328.53705766508085,0,0.000830483622866735,0.008333333333333333,0,0.012520670584790056,0.041666666666666664
2026-01-02 16:00:00,2026-01-02,15,331.20101,310.82217986445994,297.83356986445995,343.36407986445994,0,0.0005742573702356592,0.016666666666666666,0,0.01572795733437911,0.06666666666666667
2026-01-02 17:00:00,2026-01-02,16,352.17901,330.0407068451038,312.4430868451038,370.1347368451038,0,0.000323827427070723,0.0,0,0.030807666906204175,0.08333333333333333
2026-01-02 18:00:00,2026-01-02,17,352.17901,341.66707599799673,323.79317599799674,373.7149959979968,0,0.0002930429642554466,0.008333333333333333,0,0.08365231775846947,0.06666666666666667
2026-01-02 19:00:00,2026-01-02,18,352.17901,344.25954983609364,332.2561598360936,372.9768998360937,0,0.0002930429642554466,0.05,0,0.07981181880507057,0.2
2026-01-02 20:00:00,2026-01-02,19,352.17901,341.30313606397954,324.4183060639795,370.3553860639796,0,0.0002930429642554466,0.08333333333333333,0,0.07730417935842489,0.325
2026-01-02 21:00:00,2026-01-02,20,352.17901,340.8529527041844,328.0195327041844,374.1265527041844,0,0.0003188149600799313,0.06666666666666667,0,0.046554582527984216,0.19166666666666668
2026-01-02 22:00:00,2026-01-02,21,352.17901,340.1263400823179,328.4682900823179,367.3492900823179,0,0.00031016835384111,0.008333333333333333,0,0.033773519228261606,0.10833333333333334
2026-01-02 23:00:00,2026-01-02,22,331.20101,335.6390128048543,317.6735228048543,358.9670428048543,0,0.00031016835384111,0.008333333333333333,0,0.023337441678036627,0.041666666666666664
2026-01-03 00:00:00,2026-01-02,23,342.48147,328.00532974796755,324.3627497479676,332.5940797479676,0,0.009027808985755337,0.008333333333333333,0,0.014628708983940699,0.016666666666666666
2026-01-03 01:00:00,2026-01-03,0,342.48147,333.6172082646399,321.64184826464,345.0727482646399,0,0.005318628476838553,0.008333333333333333,0,0.0005542219348164906,0.008333333333333333
2026-01-03 02:00:00,2026-01-03,1,327.48147,333.3063084874929,318.50515848749296,349.876008487493,0,0.005865062349952331,0.008333333333333333,0,0.0005364887167756339,0.008333333333333333
2026-01-03 03:00:00,2026-01-03,2,327.48147,334.9006229232479,312.989322923248,355.8057729232479,0,0.003508929894088058,0.008333333333333333,0,0.0009945858838311446,0.008333333333333333
2026-01-03 04:00:00,2026-01-03,3,327.48147,333.723207014101,309.07928701410094,352.51250701410095,0,0.0033677482103093214,0.008333333333333333,0,0.0005289465985631505,0.008333333333333333
2026-01-03 05:00:00,2026-01-03,4,327.48147,334.7973299470458,308.36226994704583,349.82122994704577,0,0.004956660268930481,0.008333333333333333,0,0.0009611504560758355,0.016666666666666666
2026-01-03 06:00:00,2026-01-03,5,327.48147,326.8774343513202,296.9794943513202,336.87793435132016,0,0.018024726332801378,0.008333333333333333,0,0.0007023141642284263,0.008333333333333333
2026-01-03 07:00:00,2026-01-03,6,327.48147,324.8438807194218,295.3621007194218,340.77864071942184,0,0.01618588731256654,0.0,0,0.0005326277882876161,0.008333333333333333
2026-01-03 08:00:00,2026-01-03,7,327.48147,325.1151433488985,290.15342334889857,341.9350733488986,0,0.015143332061769516,0.0,0,0.0007140922933759933,0.008333333333333333
2026-01-03 09:00:00,2026-01-03,8,327.48147,324.0785191713054,290.5151791713054,341.26304917130545,0,0.0150276976591486,0.008333333333333333,0,0.0003675710132541085,0.0
2026-01-03 10:00:00,2026-01-03,9,327.48147,325.5647891320538,293.8174691320539,336.7680091320538,0,0.01365102927327749,0.008333333333333333,0,0.0006011082795050831,0.0
2026-01-03 11:00:00,2026-01-03,10,327.48147,328.163102579013,307.47960257901303,343.59616257901297,0,0.007033974800570961,0.0,0,0.0024581321868930297,0.0
2026-01-03 12:00:00,2026-01-03,11,327.48147,335.20708802834633,310.7999080283464,345.37718802834627,0,0.003517211940874299,0.0,0,0.0031328987830300803,0.0
2026-01-03 13:00:00,2026-01-03,12,327.48147,334.6965201290402,313.49923012904026,343.87640012904023,0,0.003333838887945953,0.008333333333333333,0,0.002645428124194455,0.0
2026-01-03 14:00:00,2026-01-03,13,332.48147,335.66179400647195,319.679344006472,343.9361740064719,0,0.002824145102101272,0.008333333333333333,0,0.00380825316036752,0.0
2026-01-03 15:00:00,2026-01-03,14,342.48147,338.96504072110446,322.2723407211045,349.2819407211045,0,0.0019025554971520608,0.008333333333333333,0,0.004055824657161388,0.041666666666666664
2026-01-03 16:00:00,2026-01-03,15,352.07947,339.8502856044892,327.7446356044892,354.9296256044892,0,0.0019025554971520608,0.016666666666666666,0,0.004055824657161388,0.06666666666666667
2026-01-03 17:00:00,2026-01-03,16,354.48147,351.902703312105,337.6944833121051,374.30779331210505,0,0.0015625331822268606,0.0,0,0.005992773903922608,0.06666666666666667
2026-01-03 18:00:00,2026-01-03,17,354.48147,365.0021309193258,353.01168091932584,389.8885809193258,0,0.0010237295245547776,0.008333333333333333,0,0.018895600484642238,0.06666666666666667
2026-01-03 19:00:00,2026-01-03,18,354.48147,361.5061454094726,347.7173054094726,383.8830654094726,0,0.0004977992613576116,0.05,0,0.0188188157917601,0.175
2026-01-03 20:00:00,2026-01-03,19,354.48147,359.9821341750949,346.628954175095,385.5933041750949,0,0.0005187132239109906,0.08333333333333333,0,0.016010742244957896,0.2916666666666667
2026-01-03 21:00:00,2026-01-03,20,354.48147,363.25044251459394,351.50371251459404,390.5088025145939,0,0.0008215984462599446,0.075,0,0.010580933395000212,0.16666666666666666
2026-01-03 22:00:00,2026-01-03,21,352.07947,361.4888708872873,348.7665808872874,389.8975508872873,0,0.0009383390904526963,0.008333333333333333,0,0.00843777123123775,0.08333333333333333
2026-01-03 23:00:00,2026-01-03,22,352.07947,345.04561399683007,325.6014539968302,370.1806539968301,0,0.0019433003799403474,0.016666666666666666,0,0.0048982576533062126,0.041666666666666664
2026-01-04 00:00:00,2026-01-03,23,282.47952,343.3548781930933,303.9100281930933,349.5791481930933,0,0.012230215084346364,0.016666666666666666,0,0.0027674289163285154,0.016666666666666666
2026-01-04 01:00:00,2026-01-04,0,282.47952,328.91061682522184,291.78603682522186,339.66714682522183,0,0.004726746468483377,0.008333333333333333,0,0.003967526265814223,0.016666666666666666
2026-01-04 02:00:00,2026-01-04,1,282.47952,319.9155354132167,276.6951754132167,339.0743254132167,0,0.008546125185521967,0.008333333333333333,0,0.0020881642681078575,0.008333333333333333
2026-01-04 03:00:00,2026-01-04,2,282.47952,319.6622926070529,274.15803260705286,340.8634026070529,0,0.005744720098977834,0.008333333333333333,0,0.0015126117485542775,0.025
2026-01-04 04:00:00,2026-01-04,3,282.47952,319.26472221255693,270.1578622125569,346.748562212557,0,0.00550918527133808,0.008333333333333333,0,0.0009790565639667358,0.016666666666666666
2026-01-04 05:00:00,2026-01-04,4,282.47952,319.2530038754593,266.3738638754593,337.52440387545926,0,0.009982359215340271,0.008333333333333333,0,0.001373070638247036,0.016666666666666666
2026-01-04 06:00:00,2026-01-04,5,282.47952,288.52805062766186,236.99845062766184,308.1337906276619,0,0.07929093121262028,0.008333333333333333,0,0.001895766037860603,0.008333333333333333
2026-01-04 07:00:00,2026-01-04,6,282.47952,288.0358700756023,242.14265007560232,315.9762900756023,0,0.07788982069316976,0.0,0,0.0013027517736608255,0.008333333333333333
2026-01-04 08:00:00,2026-01-04,7,282.47952,288.72537926222253,245.10843926222253,320.3156492622225,0,0.067637933453108,0.0,0,0.001698985519087255,0.0
2026-01-04 09:00:00,2026-01-04,8,268.11152,290.5015904223972,251.8261104223972,314.7089904223972,0,0.06455362886853995,0.016666666666666666,0,0.0009826506173955826,0.0
2026-01-04 10:00:00,2026-01-04,9,268.11152,292.022570368196,253.838400368196,310.23372036819603,0,0.041333345270107666,0.016666666666666666,0,0.0017863616821205363,0.0
2026-01-04 11:00:00,2026-01-04,10,282.47952,294.926645545494,260.29364554549403,320.915395545494,0,0.030600902011725058,0.008333333333333333,0,0.004982231271520151,0.0
2026-01-04 12:00:00,2026-01-04,11,282.47952,313.17904759208943,274.3668675920895,330.50129759208943,0,0.0058176861405500255,0.008333333333333333,0,0.004982231271520151,0.0
2026-01-04 13:00:00,2026-01-04,12,282.47952,314.1462469481187,288.79827694811866,330.60822694811867,0,0.004881173255517424,0.016666666666666666,0,0.0047348335421496255,0.0
2026-01-04 14:00:00,2026-01-04,13,282.47952,319.27772786404887,291.38730786404886,333.33305786404884,0,0.0017708708328814098,0.008333333333333333,0,0.006336730221283106,0.0
2026-01-04 15:00:00,2026-01-04,14,282.47952,328.9327502209443,304.2234302209443,344.5513402209443,0,0.0006828457421227252,0.008333333333333333,0,0.013071306696335777,0.06666666666666667
2026-01-04 16:00:00,2026-01-04,15,330.47952,337.08633853572275,311.22236853572275,354.5421485357228,0,0.0005612089391464675,0.008333333333333333,0,0.016549071046987076,0.075
2026-01-04 17:00:00,2026-01-04,16,334.47952,340.6991626936326,318.64557269363263,366.1549426936326,0,0.000465645022280079,0.0,0,0.018979707775145137,0.08333333333333333
2026-01-04 18:00:00,2026-01-04,17,347.07752,353.61330562286366,336.0705556228637,382.6310756228637,0,0.0004961066336574503,0.0,0,0.08004392473138895,0.06666666666666667
2026-01-04 19:00:00,2026-01-04,18,347.07752,354.4748781198172,329.82563811981726,384.0019981198173,0,0.00041088073107116777,0.05,0,0.08004392473138895,0.2
2026-01-04 20:00:00,2026-01-04,19,347.07752,351.987157261797,333.88708726179703,381.148347261797,0,0.00041088073107116777,0.08333333333333333,0,0.06603233728889778,0.3
2026-01-04 21:00:00,2026-01-04,20,343.47952,352.4663966396028,338.3563666396028,376.7101566396028,0,0.00040471436386003317,0.075,0,0.07903562359528825,0.18333333333333332
2026-01-04 22:00:00,2026-01-04,21,342.47952,346.2866793891808,320.4170793891808,372.7394693891808,0,0.00040471436386003317,0.008333333333333333,0,0.0515962830265199,0.09166666666666666
2026-01-04 23:00:00,2026-01-04,22,334.47952,338.5523163309406,299.1695663309406,372.6262263309406,0,0.001072747109136621,0.008333333333333333,0,0.041718136670707846,0.05
2026-01-05 00:00:00,2026-01-04,23,293.94594,296.87979350526933,261.3138935052693,307.7554335052694,0,0.01977135275057946,0.025,0,0.000948198413943617,0.008333333333333333
2026-01-05 01:00:00,2026-01-05,0,293.94594,294.93211699690363,253.02656699690368,314.7807769969036,0,0.08636419034204668,0.008333333333333333,0,0.00046261591844292934,0.0
2026-01-05 02:00:00,2026-01-05,1,269.57794,294.2303101210729,250.87212012107284,310.7469701210729,0,0.08636419034204668,0.008333333333333333,0,0.00046261591844292934,0.0
2026-01-05 03:00:00,2026-01-05,2,262.43094,293.52024812083823,250.67357812083827,313.4025081208383,0,0.07827718715571806,0.008333333333333333,0,0.00032219398560675617,0.008333333333333333
2026-01-05 04:00:00,2026-01-05,3,269.57794,293.8417303443039,251.19473034430396,313.1047003443039,0,0.0887021537739721,0.008333333333333333,0,0.00032219398560675617,0.008333333333333333
2026-01-05 05:00:00,2026-01-05,4,293.94594,295.4525576708896,257.92460767088954,313.2980076708895,0,0.06621751912615984,0.008333333333333333,0,0.00032219398560675617,0.008333333333333333
2026-01-05 06:00:00,2026-01-05,5,334.16294,293.8568939269799,265.2527939269799,313.38529392697995,0,0.03294815373500921,0.008333333333333333,0,0.00036437004769683496,0.008333333333333333
2026-01-05 07:00:00,2026-01-05,6,334.16294,296.54659143820624,273.50958143820617,318.66287143820625,0,0.014815753511426964,0.0,0,0.0005697486161411168,0.008333333333333333
2026-01-05 08:00:00,2026-01-05,7,334.16294,298.4423364537357,275.5997064537358,321.4372364537358,0,0.00410319587337177,0.0,0,0.0005910165865492153,0.008333333333333333
2026-01-05 09:00:00,2026-01-05,8,334.16294,293.6337232746121,272.4304132746121,316.8867732746121,0,0.01317738469473527,0.008333333333333333,0,0.0004062756811286442,0.0
2026-01-05 10:00:00,2026-01-05,9,334.16294,299.49011185244984,275.99328185244985,326.08492185244984,0,0.003982240025569865,0.008333333333333333,0,0.0008771408114757175,0.0
2026-01-05 11:00:00,2026-01-05,10,334.16294,311.78464976380883,288.04648976380884,341.50046976380884,0,0.002362485775518336,0.0,0,0.005158579993583558,0.0
2026-01-05 12:00:00,2026-01-05,11,334.16294,301.9801612191527,275.0761712191526,328.6806912191527,0,0.00336096596672275,0.0,0,0.00382797501540022,0.0
2026-01-05 13:00:00,2026-01-05,12,338.94594,303.4921241928039,277.68207419280384,332.2920541928039,0,0.0017016367497396027,0.008333333333333333,0,0.0066823545671237895,0.0
2026-01-05 14:00:00,2026-01-05,13,338.94594,306.8547244628966,285.1262044628966,334.3462344628967,0,0.0014174035292606893,0.0,0,0.009462248303729165,0.0
2026-01-05 15:00:00,2026-01-05,14,338.94594,309.802526995721,289.6274269957209,343.14358699572097,0,0.0014174035292606893,0.008333333333333333,0,0.009695122520998472,0.041666666666666664
2026-01-05 16:00:00,2026-01-05,15,338.94594,336.0399262074276,319.5777362074276,366.2993262074276,0,0.00045666699618515807,0.008333333333333333,0,0.03406774248764344,0.08333333333333333
2026-01-05 17:00:00,2026-01-05,16,338.94594,338.1291303419305,321.42176034193045,384.6544903419305,0,0.00045410853205532075,0.0,0,0.04403925348250008,0.075
2026-01-05 18:00:00,2026-01-05,17,353.94594,352.10948584031433,321.0819258403143,413.2624258403144,0,0.0006420968811809506,0.0,0,0.07444986270761311,0.09166666666666666
2026-01-05 19:00:00,2026-01-05,18,353.94594,354.9237049494824,327.4555949494824,417.3055249494825,0,0.0006420968811809506,0.05,0,0.11325983910860239,0.20833333333333334
2026-01-05 20:00:00,2026-01-05,19,353.94594,350.5164367124356,327.9475667124356,392.8117267124357,0,0.0006420968811809506,0.075,0,0.08623470113955932,0.30833333333333335
2026-01-05 21:00:00,2026-01-05,20,338.94594,347.904530527706,325.193910527706,376.2944505277059,0,0.0006966801684255875,0.075,0,0.04836658872801847,0.19166666666666668
2026-01-05 22:00:00,2026-01-05,21,338.94594,341.628720048787,314.68549004878696,369.23264004878695,0,0.0006690487801007875,0.008333333333333333,0,0.03485040659534357,0.1
2026-01-05 23:00:00,2026-01-05,22,338.94594,330.92588658104626,291.3401365810462,364.90049658104624,0,0.0006689889178418118,0.008333333333333333,0,0.024485262611456844,0.05
2026-01-06 00:00:00,2026-01-05,23,301.18493,295.6497304795677,261.57966047956774,311.3750104795677,0,0.028914338973701933,0.025,0,0.0011283637101748602,0.008333333333333333
2026-01-06 01:00:00,2026-01-06,0,301.18493,292.4455262512343,254.9389062512343,318.77637625123435,0,0.07345373132817798,0.016666666666666666,0,0.0006859481829485247,0.0
2026-01-06 02:00:00,2026-01-06,1,301.18493,276.23035429806214,234.74759429806213,298.3442342980622,0,0.08599011055863594,0.016666666666666666,0,0.0005909480066890084,0.0
2026-01-06 03:00:00,2026-01-06,2,301.18493,272.8960862166734,230.96478621667345,295.7650662166734,0,0.08599011055863594,0.025,0,0.0003833166278130977,0.0
2026-01-06 04:00:00,2026-01-06,3,301.18493,276.3588319737873,233.0815219737873,296.4539619737873,0,0.08599011055863594,0.008333333333333333,0,0.0003833166278130977,0.0
2026-01-06 05:00:00,2026-01-06,4,312.18493,293.0116581600722,256.5457281600722,311.70060816007225,0,0.05963977646059604,0.008333333333333333,0,0.0004916328325045397,0.008333333333333333
2026-01-06 06:00:00,2026-01-06,5,312.18493,299.6761037460593,268.8949437460593,316.1992437460593,0,0.02960586758122562,0.008333333333333333,0,0.0009139586317555548,0.008333333333333333
2026-01-06 07:00:00,2026-01-06,6,312.18493,300.3166677560034,277.32519775600343,321.88239775600346,0,0.018257371939155057,0.0,0,0.0010097917960181265,0.008333333333333333
2026-01-06 08:00:00,2026-01-06,7,312.18493,303.82023443504727,281.52800443504725,323.78020443504727,0,0.012994965981830963,0.0,0,0.0010097917960181265,0.008333333333333333
2026-01-06 09:00:00,2026-01-06,8,312.18493,307.5232982240294,282.1443582240294,327.96603822402943,0,0.012019128313424558,0.008333333333333333,0,0.0012679001611691336,0.0
2026-01-06 10:00:00,2026-01-06,9,312.18493,311.0508936790264,291.7888236790264,331.66799367902644,0,0.004358706363485889,0.008333333333333333,0,0.002239525757536277,0.0
2026-01-06 11:00:00,2026-01-06,10,312.18493,315.4755063695645,297.36448636956453,341.30060636956455,0,0.0014313907190028011,0.0,0,0.0040809765664024285,0.0
2026-01-06 12:00:00,2026-01-06,11,312.18493,329.36286173417534,305.37922173417536,358.22587173417537,0,0.0006161298774600624,0.0,0,0.006141531749684682,0.008333333333333333
2026-01-06 13:00:00,2026-01-06,12,312.18493,334.4494298681912,309.21553986819123,370.2912998681912,0,0.0006161298774600624,0.0,0,0.008364263178954378,0.0
2026-01-06 14:00:00,2026-01-06,13,312.18493,338.3107870403704,315.5042370403704,369.78136704037047,0,0.0006161298774600624,0.0,0,0.009567366524214686,0.0
2026-01-06 15:00:00,2026-01-06,14,312.18493,339.526521276791,320.823051276791,374.721921276791,0,0.0006161298774600624,0.008333333333333333,0,0.011599692335731967,0.058333333333333334
2026-01-06 16:00:00,2026-01-06,15,339.18493,339.07707505549007,317.83110505549007,377.4598350554901,0,0.0006161298774600624,0.008333333333333333,0,0.009567366524214686,0.09166666666666666
2026-01-06 17:00:00,2026-01-06,16,339.18493,338.0545909027431,316.1547509027431,382.7001009027431,0,0.0005284267345412425,0.0,0,0.009467808119226102,0.06666666666666667
2026-01-06 18:00:00,2026-01-06,17,349.60093,353.216204328346,328.060834328346,403.074144328346,0,0.00033761279436247754,0.0,0,0.01711364590262369,0.075
2026-01-06 19:00:00,2026-01-06,18,349.60093,356.2000984081428,328.03618840814283,407.3281384081429,0,0.00033761279436247754,0.05,0,0.029936852711365272,0.2
2026-01-06 20:00:00,2026-01-06,19,339.18493,353.19489981706664,326.0618998170666,401.54012981706666,0,0.00033761279436247754,0.08333333333333333,0,0.02736910404633529,0.3
2026-01-06 21:00:00,2026-01-06,20,339.18493,343.4734081619859,316.88883816198586,377.7889681619859,0,0.0006404011316945308,0.075,0,0.014030353577807563,0.18333333333333332
2026-01-06 22:00:00,2026-01-06,21,322.18493,338.6198852843194,313.7537352843195,367.89900528431946,0,0.0006161298774600624,0.008333333333333333,0,0.008574865838348144,0.1
2026-01-06 23:00:00,2026-01-06,22,312.18493,329.47840017424056,289.95048017424057,356.06172017424063,0,0.001025644552802931,0.008333333333333333,0,0.004355247852120317,0.05
2026-01-07 00:00:00,2026-01-06,23,252.71747,297.9874761240559,250.2277861240559,316.0106061240559,0,0.03417994027309895,0.016666666666666666,0,0.0009761146182450826,0.0
2026-01-07 01:00:00,2026-01-07,0,252.71747,285.0382172572844,229.8198672572844,322.8819972572844,0,0.03617569216448146,0.008333333333333333,0,0.0007825529253858803,0.008333333333333333
2026-01-07 02:00:00,2026-01-07,1,245.61747,284.7420776630049,226.7659576630049,323.2867476630049,0,0.04429005702212731,0.008333333333333333,0,0.000493319520934708,0.008333333333333333
2026-01-07 03:00:00,2026-01-07,2,245.61747,284.5747904379906,226.28161043799065,325.7399304379905,0,0.04429005702212731,0.008333333333333333,0,0.00046932737929580984,0.008333333333333333
2026-01-07 04:00:00,2026-01-07,3,249.61747,284.7028169805898,215.34524698058976,314.2748969805898,0,0.04508529524950941,0.008333333333333333,0,0.00043640459930462095,0.008333333333333333
2026-01-07 05:00:00,2026-01-07,4,252.71747,291.8447892369061,226.79644923690608,319.3937992369061,0,0.00983958849477263,0.008333333333333333,0,0.0016055177559018761,0.008333333333333333
2026-01-07 06:00:00,2026-01-07,5,252.71747,262.60324105117263,211.69687105117265,290.41922105117266,0,0.033415775480892175,0.008333333333333333,0,0.0019198397951592718,0.008333333333333333
2026-01-07 07:00:00,2026-01-07,6,252.71747,264.783692987471,213.988892987471,289.83425298747096,0,0.028019038158660563,0.0,0,0.0014814512940635445,0.008333333333333333
2026-01-07 08:00:00,2026-01-07,7,252.71747,266.8957128445806,222.13669284458064,286.7766328445806,0,0.021029577005050454,0.0,0,0.0015056563398610258,0.0
2026-01-07 09:00:00,2026-01-07,8,245.61747,269.7516696202397,232.77280962023968,285.8189696202397,0,0.027116056735594068,0.008333333333333333,0,0.0012731574947491538,0.0
2026-01-07 10:00:00,2026-01-07,9,249.61747,272.8233808766466,239.6913508766466,291.1538908766466,0,0.03128737736897494,0.008333333333333333,0,0.0021146766818568204,0.0
2026-01-07 11:00:00,2026-01-07,10,252.71747,277.1385533770441,251.54684337704415,292.38403337704415,0,0.02618446124731984,0.0,0,0.004325967655898232,0.0
2026-01-07 12:00:00,2026-01-07,11,252.71747,294.2168329410851,272.3930029410851,316.1419329410851,0,0.0011541502317807873,0.0,0,0.007606140885044506,0.0
2026-01-07 13:00:00,2026-01-07,12,252.71747,295.6033863148459,274.041276314846,315.04465631484595,0,0.0008229575862692625,0.0,0,0.008519701104344097,0.0
2026-01-07 14:00:00,2026-01-07,13,261.20247,298.77532004230704,285.0874200423071,325.01122004230706,0,0.0008229575862692625,0.0,0,0.011045944596996142,0.0
2026-01-07 15:00:00,2026-01-07,14,292.71747,300.7723650711107,284.37994507111074,322.6313150711107,0,0.0006803320636329912,0.008333333333333333,0,0.014780717667722966,0.06666666666666667
2026-01-07 16:00:00,2026-01-07,15,292.71747,315.3154384124721,297.14046841247216,342.59693841247207,0,0.000846936649239584,0.008333333333333333,0,0.022503184817374244,0.09166666666666666
2026-01-07 17:00:00,2026-01-07,16,312.71747,316.2993041209889,302.4672641209889,347.26441412098893,0,0.00074042624275193,0.0,0,0.022503184817374244,0.075
2026-01-07 18:00:00,2026-01-07,17,328.20947,333.6908766423396,318.5312366423396,359.6578866423396,0,0.000588940335630497,0.0,0,0.09724319436458385,0.06666666666666667
2026-01-07 19:00:00,2026-01-07,18,328.20947,336.84155154117576,316.50392154117577,369.2471215411757,0,0.00044733240479616435,0.05,0,0.14578003658778296,0.2
2026-01-07 20:00:00,2026-01-07,19,328.20947,329.1971959406486,300.9751559406487,366.1383959406486,0,0.0009026289320846992,0.075,0,0.06574245211891529,0.2916666666666667
2026-01-07 21:00:00,2026-01-07,20,321.71747,325.27066458784,296.15462458784003,356.38518458783994,0,0.0008937312248908089,0.075,0,0.04234751235358174,0.16666666666666666
2026-01-07 22:00:00,2026-01-07,21,312.71747,308.7429010370501,276.1626810370501,333.64988103705014,0,0.001117226282289264,0.016666666666666666,0,0.01496688329070462,0.075
2026-01-07 23:00:00,2026-01-07,22,292.71747,292.77495995171387,252.5156499517139,315.64781995171387,0,0.0021398456567071553,0.025,0,0.010058685468020427,0.041666666666666664
2026-01-08 00:00:00,2026-01-07,23,108.19992,256.1940853784812,183.6553053784812,291.3170053784812,1,0.06904665972798255,0.025,0,0.0013404902247174057,0.0
2026-01-08 01:00:00,2026-01-08,0,108.19992,215.4688205560963,121.19649984451172,288.08906126768085,1,0.0874742936835598,0.008333333333333333,0,0.006651284799283208,0.0
2026-01-08 02:00:00,2026-01-08,1,108.19992,207.7014869527588,116.86452598901076,268.7157079165068,1,0.16390686308171848,0.008333333333333333,0,0.0030970177742716295,0.0
2026-01-08 03:00:00,2026-01-08,2,108.19992,207.71508041392167,117.61672397628422,275.5130768515591,1,0.16826842234397021,0.008333333333333333,0,0.0030970177742716295,0.0
2026-01-08 04:00:00,2026-01-08,3,118.19992,215.21603603405856,121.19916612276018,282.83704094535693,0,0.12868354084090866,0.008333333333333333,0,0.002304341649798748,0.0
2026-01-08 05:00:00,2026-01-08,4,156.68492,221.7592861679654,131.80445684968106,285.00565548624974,0,0.020178470736884203,0.008333333333333333,0,0.0030318781070131588,0.008333333333333333
2026-01-08 06:00:00,2026-01-08,5,118.19992,197.6141577145873,112.36351664156726,261.7036237876073,0,0.09452558253618164,0.025,0,0.00461676494667809,0.008333333333333333
2026-01-08 07:00:00,2026-01-08,6,118.19992,208.66143405119143,132.40972048939767,263.0740226129851,0,0.05215691865278259,0.0,0,0.002849986104283401,0.008333333333333333
2026-01-08 08:00:00,2026-01-08,7,118.19992,212.2327294772045,131.88097928571025,266.4675396686987,0,0.06680063237156703,0.0,0,0.0016717999565030938,0.0
2026-01-08 09:00:00,2026-01-08,8,108.19992,207.47993191292247,2.305800570221692,390.31186325562334,1,0.0864281912141405,0.016666666666666666,0,0.0014106542267778674,0.0
2026-01-08 10:00:00,2026-01-08,9,118.19992,213.96371613041464,9.697676991382563,409.6289652694468,0,0.07177152066363081,0.016666666666666666,0,0.00197191672720993,0.0
2026-01-08 11:00:00,2026-01-08,10,156.68492,220.9692414681772,137.981886586778,292.5580263495764,0,0.06237219431335533,0.0,0,0.005473709274673498,0.0
2026-01-08 12:00:00,2026-01-08,11,228.19992,231.2876774709116,155.40445042730255,291.63286451452075,0,0.009411995484219449,0.0,1,0.01266789239374717,0.0
2026-01-08 13:00:00,2026-01-08,12,118.19992,234.25609187184645,164.0792355570005,290.22974818669246,0,0.003461392512576371,0.0,0,0.017713226157061734,0.0
2026-01-08 14:00:00,2026-01-08,13,238.19992,246.89985865744845,178.52622861514138,304.1070086997555,0,0.001699496330455086,0.0,1,0.10558542762193969,0.0
2026-01-08 15:00:00,2026-01-08,14,270.19992,267.4805797507799,198.3263495298356,313.2346399717242,0,0.0008044473715604451,0.0,1,0.13853909286532534,0.09166666666666666
2026-01-08 16:00:00,2026-01-08,15,270.19992,266.02834175204936,222.42669333957716,301.4157901645215,0,0.0008149198903265525,0.0,1,0.14330646187284313,0.15
2026-01-08 17:00:00,2026-01-08,16,288.19992,277.84221808435234,245.5201539633634,308.5373422053412,0,0.0008883976891968051,0.0,1,0.3060733840094546,0.225
2026-01-08 18:00:00,2026-01-08,17,288.19992,305.5091942365178,265.657893317192,346.64347515584365,0,0.0007327468660927933,0.0,1,0.5578818131697231,0.6333333333333333
2026-01-08 19:00:00,2026-01-08,18,288.19992,312.3112952870991,279.5142898776265,345.2434506965717,0,0.000636672663571091,0.03333333333333333,1,0.6856977155821505,0.6666666666666666
2026-01-08 20:00:00,2026-01-08,19,288.19992,303.6880636336,265.196609458505,333.208167808695,0,0.000636672663571091,0.06666666666666667,1,0.5558038487251977,0.5583333333333333
2026-01-08 21:00:00,2026-01-08,20,288.19992,298.8988393837461,262.52826305366153,320.1686757138307,0,0.0006402362466636205,0.05,1,0.43635283052720564,0.4666666666666667
2026-01-08 22:00:00,2026-01-08,21,270.19992,279.0545101044476,224.61835966546371,302.43441054343145,0,0.0006708556134566512,0.0,1,0.2508419787414077,0.16666666666666666
2026-01-08 23:00:00,2026-01-08,22,270.19992,245.6208166993105,198.27220642384304,282.8947569747779,0,0.0007579193182713643,0.008333333333333333,1,0.22639461449716755,0.041666666666666664
2026-01-09 00:00:00,2026-01-08,23,148.95631,135.4802363772769,-21.60450900120428,269.04756175575807,0,0.20736537697330706,0.9916666666666667,0,0.010071775724801536,0.0
2026-01-09 01:00:00,2026-01-09,0,124.95631,136.44383132045314,47.34553076435687,245.95362187654945,1,0.44781184134175983,0.10833333333333334,0,0.0006240038349322066,0.0
2026-01-09 02:00:00,2026-01-09,1,124.95631,136.07104045919914,65.99628350644034,222.9102974119579,1,0.4072699168761915,0.09166666666666666,0,0.0006495417449490758,0.0
2026-01-09 03:00:00,2026-01-09,2,124.95631,136.01271157104313,75.6797911571215,220.5526419849648,1,0.391971042074441,0.075,0,0.0010779903913706818,0.0
2026-01-09 04:00:00,2026-01-09,3,148.95631,142.66764468159187,78.05434364753332,193.4339657156504,0,0.3538430576375834,0.075,0,0.0006724025536680854,0.0
2026-01-09 05:00:00,2026-01-09,4,148.95631,162.53868134154095,96.5148120232566,212.95326065982528,0,0.18018801684587865,0.008333333333333333,0,0.0009921275717915206,0.008333333333333333
2026-01-09 06:00:00,2026-01-09,5,209.95631,154.46923636873493,91.34326029571488,227.08573244175497,0,0.18552918623503414,0.025,0,0.001113505955839816,0.008333333333333333
2026-01-09 07:00:00,2026-01-09,6,209.95631,159.06725099451384,89.38935194332244,246.58994004570525,0,0.14875936084663685,0.008333333333333333,0,0.0010788591540222844,0.008333333333333333
2026-01-09 08:00:00,2026-01-09,7,148.95631,163.5408490220579,88.35321954485345,252.8664784992624,0,0.12256242413651197,0.008333333333333333,0,0.0011328654663619552,0.0
2026-01-09 09:00:00,2026-01-09,8,124.95631,163.9727259465244,-33.49401539617642,372.09004728922525,1,0.2039697548403163,0.016666666666666666,0,0.0006050334652822046,0.0
2026-01-09 10:00:00,2026-01-09,9,124.95631,170.75239016797258,-26.29690897105951,387.1736493070047,1,0.0761469468490031,0.016666666666666666,0,0.001084906213775601,0.0
2026-01-09 11:00:00,2026-01-09,10,148.95631,181.38642294620607,92.72163806480684,272.7634978276053,0,0.014696203453270084,0.0,0,0.01713502412899653,0.0
2026-01-09 12:00:00,2026-01-09,11,148.95631,212.4387390181953,132.08646197458623,291.0641160618044,0,0.005197337724014718,0.0,0,0.1232834180410853,0.025
2026-01-09 13:00:00,2026-01-09,12,209.95631,159.0040610390654,33.76037916721894,274.0495329109118,0,0.059552040626679556,0.03333333333333333,0,0.009061748636213193,0.0
2026-01-09 14:00:00,2026-01-09,13,249.95631,223.98064420986697,137.69324416755987,284.294634252174,0,0.003239988488167474,0.0,0,0.24414612714925515,0.2833333333333333
2026-01-09 15:00:00,2026-01-09,14,249.95631,242.91347356959585,172.66215334865154,302.01131379054016,0,0.0021075640271817904,0.0,0,0.270870234436938,0.7333333333333333
2026-01-09 16:00:00,2026-01-09,15,249.95631,243.63818253436511,195.43672412189292,289.3771509468373,0,0.0019190460750336228,0.0,0,0.25495086226327085,0.7416666666666667
2026-01-09 17:00:00,2026-01-09,16,249.95631,253.7466837177254,220.4179595967365,280.80117783871424,0,0.0011228055262857515,0.0,0,0.28722788051061743,0.7916666666666666
2026-01-09 18:00:00,2026-01-09,17,279.95631,271.0913549000806,221.86389398075477,324.5634458194064,0,0.0011228055262857515,0.0,1,0.36616185275769997,0.8166666666666667
2026-01-09 19:00:00,2026-01-09,18,279.95631,278.3542210777859,238.6086056683133,321.88171648725853,0,0.0011228055262857515,0.025,1,0.49484044800431415,0.8166666666666667
2026-01-09 20:00:00,2026-01-09,19,279.95631,273.64782749973057,226.7965933246356,309.30123167482554,0,0.0011228055262857515,0.06666666666666667,1,0.46532184101949875,0.8
2026-01-09 21:00:00,2026-01-09,20,249.95631,269.0711959168074,216.44584958672283,307.146802246892,0,0.0011115172058654547,0.05,0,0.3072085797633324,0.8083333333333333
2026-01-09 22:00:00,2026-01-09,21,249.95631,251.74427918957184,187.35482875058804,297.42078962855567,0,0.0011115172058654547,0.0,0,0.28940299878193604,0.7833333333333333
2026-01-09 23:00:00,2026-01-09,22,228.85631,238.66571633003616,181.30839605456876,279.4651966055036,0,0.004804478913896415,0.0,0,0.20599725103264432,0.725
2026-01-10 00:00:00,2026-01-09,23,176.78564,159.27480138266472,28.158926004183527,288.9788167611459,0,0.3423190572080808,0.03333333333333333,0,0.0043131719411177724,0.0
2026-01-10 01:00:00,2026-01-10,0,176.78564,152.3636991446667,96.01556400591416,231.8393642834193,0,0.14350526883155934,0.03333333333333333,0,0.0017658933413997083,0.0
2026-01-10 02:00:00,2026-01-10,1,165.78564,151.73449335293168,100.96520839040468,220.87007831545867,0,0.1599907787568103,0.03333333333333333,0,0.0012781696710401542,0.0
2026-01-10 03:00:00,2026-01-10,2,165.78564,151.96438881921716,107.78646082865929,210.43778680977505,0,0.21122776715293531,0.058333333333333334,0,0.0012781696710401542,0.0
2026-01-10 04:00:00,2026-01-10,3,165.78564,162.20713699953734,109.10432251904338,198.47504148003128,0,0.08472713761684059,0.016666666666666666,0,0.0013239429004042683,0.0
2026-01-10 05:00:00,2026-01-10,4,176.78564,162.09394254014592,105.75435918802432,200.9825758922675,0,0.08818985288694839,0.008333333333333333,0,0.0015130939620089587,0.008333333333333333
2026-01-10 06:00:00,2026-01-10,5,176.78564,175.57126630964933,110.95282433301396,234.10023828628468,0,0.0076443736346458735,0.0,0,0.003004632172762315,0.008333333333333333
2026-01-10 07:00:00,2026-01-10,6,176.78564,172.21335070505697,117.95376542221906,252.50998598789488,0,0.011525128768674755,0.0,0,0.004274562007437321,0.008333333333333333
2026-01-10 08:00:00,2026-01-10,7,151.78564,153.89268149973233,79.20288360982582,223.4901393896388,0,0.13834439145389485,0.016666666666666666,0,0.00192858565905456,0.0
2026-01-10 09:00:00,2026-01-10,8,113.86764,153.84324803547506,32.39186261296601,287.9887384579841,1,0.23728503928607553,0.041666666666666664,0,0.0011860926355402367,0.0
2026-01-10 10:00:00,2026-01-10,9,113.86764,157.24935170249418,32.571614151840166,288.3475992531482,1,0.14835375968916606,0.041666666666666664,0,0.001648732263008278,0.0
2026-01-10 11:00:00,2026-01-10,10,151.78564,159.8173431581772,89.35850266395667,236.0588536523977,0,0.07068210330370149,0.016666666666666666,0,0.002717010910989374,0.0
2026-01-10 12:00:00,2026-01-10,11,151.78564,155.66278539698283,77.86091866672838,228.52339212723723,0,0.08261736982989704,0.03333333333333333,0,0.005433546992571944,0.0
2026-01-10 13:00:00,2026-01-10,12,151.78564,189.5914261361934,111.91483809279184,255.43710417959497,0,0.010680852528658179,0.0,0,0.02724623356973179,0.008333333333333333
2026-01-10 14:00:00,2026-01-10,13,176.78564,212.27747275404465,144.7980557590782,251.239709749011,0,0.0036548517319558624,0.0,0,0.10892204522244964,0.041666666666666664
2026-01-10 15:00:00,2026-01-10,14,176.78564,214.47377509524463,149.2817350468811,253.3665251436082,0,0.0021764026898497294,0.008333333333333333,0,0.11880143041446506,0.125
2026-01-10 16:00:00,2026-01-10,15,214.78564,216.60134497543163,167.476562355814,250.7493675950493,0,0.0009758530119716216,0.0,0,0.12833263936259795,0.18333333333333332
2026-01-10 17:00:00,2026-01-10,16,276.78564,221.41025624196143,191.00316850834864,238.66003397557424,0,0.0007283448160640546,0.0,1,0.1636336928051671,0.26666666666666666
2026-01-10 18:00:00,2026-01-10,17,276.78564,257.2437962027027,217.25557019625356,299.27204220915183,0,0.0007221608366365804,0.0,1,0.3793065945712649,0.7416666666666667
2026-01-10 19:00:00,2026-01-10,18,276.78564,263.1469064435012,228.40733256796372,310.66363031903865,0,0.0005745240603238842,0.025,1,0.5272167221423207,0.7416666666666667
2026-01-10 20:00:00,2026-01-10,19,276.78564,255.79388168823493,229.03805916472075,282.9054242117491,0,0.0005482990710172159,0.06666666666666667,1,0.5091441684039547,0.6833333333333333
2026-01-10 21:00:00,2026-01-10,20,276.78564,236.4582641706151,194.9213456765221,262.20571266470813,0,0.0008661735032685735,0.05,1,0.3385811231211082,0.525
2026-01-10 22:00:00,2026-01-10,21,276.78564,234.1470468220296,186.66413709566487,269.76921654839435,0,0.0008485110165445172,0.0,1,0.23994293900887087,0.475
2026-01-10 23:00:00,2026-01-10,22,214.78564,214.02166940756013,183.42162466152655,246.43670415359364,0,0.0008322770270114045,0.0,0,0.1171953746841606,0.06666666666666667
2026-01-11 00:00:00,2026-01-10,23,119.10337,176.37182075192155,128.7840084271185,229.2611230767246,1,0.02100772057688243,0.016666666666666666,0,0.005604273851592398,0.008333333333333333
2026-01-11 01:00:00,2026-01-11,0,116.18537,161.4829141032947,128.61305540725894,205.12557279933043,0,0.021616293287521373,0.016666666666666666,0,0.009173529540021106,0.008333333333333333
2026-01-11 02:00:00,2026-01-11,1,116.18537,156.5806362603752,112.7632046977261,192.8235278230243,0,0.018994743414914837,0.008333333333333333,0,0.006095822485706199,0.0
2026-01-11 03:00:00,2026-01-11,2,116.18537,155.71489703348888,120.12974019822302,191.2671238687548,0,0.02233252050329816,0.008333333333333333,0,0.0023775076214573956,0.0
2026-01-11 04:00:00,2026-01-11,3,116.18537,155.69579211741103,109.81514259383664,180.91913164098543,0,0.013933478908415108,0.008333333333333333,0,0.0029821710970653974,0.0
2026-01-11 05:00:00,2026-01-11,4,116.18537,160.73758425192966,112.71604984938509,181.97604865447423,0,0.01396403233798406,0.0,0,0.008699904519050105,0.016666666666666666
2026-01-11 06:00:00,2026-01-11,5,116.18537,134.8664909681901,74.81073791775955,166.11973401862068,0,0.08366217533053623,0.025,0,0.002664280297853811,0.008333333333333333
2026-01-11 07:00:00,2026-01-11,6,114.73137,135.63775319185294,91.08196458111944,180.28982180258643,0,0.05094114875606179,0.016666666666666666,0,0.0022408335836412614,0.008333333333333333
2026-01-11 08:00:00,2026-01-11,7,110.59537,126.91097682747188,65.37355070740662,167.54219294753716,0,0.11682894532739013,0.03333333333333333,0,0.0016450654474553783,0.0
2026-01-11 09:00:00,2026-01-11,8,110.59537,122.40224752866042,6.108295867653766,220.46355918966708,0,0.26365847528267183,0.08333333333333333,0,0.0008471297729684957,0.0
2026-01-11 10:00:00,2026-01-11,9,110.59537,123.45724727878368,17.20862674798437,234.918157809583,0,0.29119417178777507,0.10833333333333334,0,0.0011938537923339046,0.0
2026-01-11 11:00:00,2026-01-11,10,110.59537,127.97570484215468,76.45621190277387,188.42601778153548,0,0.11812734247738776,0.08333333333333333,0,0.00220952251127489,0.0
2026-01-11 12:00:00,2026-01-11,11,112.10337,134.9925635311748,83.30219417983726,183.5234528825123,0,0.05122824065880181,0.058333333333333334,0,0.0054127749058671725,0.0
2026-01-11 13:00:00,2026-01-11,12,116.17837,135.7169776979591,79.03509982741309,184.50778556850508,0,0.05175345869900676,0.06666666666666667,0,0.0036127502049462202,0.0
2026-01-11 14:00:00,2026-01-11,13,116.18537,152.1308385651602,113.3778444832855,183.0622326470349,0,0.012087590662149351,0.025,0,0.031103648743890287,0.0
2026-01-11 15:00:00,2026-01-11,14,116.18537,156.19492205605516,124.8779318848488,189.87024222726143,0,0.007363945469856375,0.008333333333333333,0,0.06182625233233882,0.058333333333333334
2026-01-11 16:00:00,2026-01-11,15,119.10337,178.1203250341367,166.0033352369297,208.68640483134368,0,0.0033365577570019355,0.0,0,0.1164766212639619,0.1
2026-01-11 17:00:00,2026-01-11,16,119.10337,216.25739099577672,197.12102491108288,240.20575708047056,0,0.0011932582882471117,0.0,0,0.29055451684827294,0.7333333333333333
2026-01-11 18:00:00,2026-01-11,17,154.10337,249.908398508319,231.6638174382808,277.5200695783572,0,0.0006521815895438503,0.0,1,0.39051919278197467,0.8666666666666667
2026-01-11 19:00:00,2026-01-11,18,219.10337,255.3671553551493,231.32596474878605,283.29561596151257,0,0.0007303407442211306,0.016666666666666666,1,0.6993157676440546,0.8583333333333333
2026-01-11 20:00:00,2026-01-11,19,154.10337,245.6953701675932,220.76084891472377,268.45747142046264,0,0.0006970082352554444,0.06666666666666667,1,0.6993157676440546,0.8083333333333333
2026-01-11 21:00:00,2026-01-11,20,154.10337,244.07902511576856,217.74973483575397,288.3325853957832,0,0.000761572946480944,0.041666666666666664,1,0.6308389917299001,0.85
2026-01-11 22:00:00,2026-01-11,21,124.10337,234.1510447359981,191.6539050231156,285.4116744488806,0,0.0009221100497756586,0.0,0,0.6286133077163099,0.8666666666666667
2026-01-11 23:00:00,2026-01-11,22,119.10337,188.49714974495788,159.40698419304223,213.0733052968735,0,0.0030135622007440247,0.0,0,0.3911723532353831,0.08333333333333333
2026-01-12 00:00:00,2026-01-11,23,117.87734,133.3748274639578,83.74186924938031,179.36331967853528,0,0.21343811546546457,0.075,0,0.009532814268495157,0.0
2026-01-12 01:00:00,2026-01-12,0,113.88434,129.82070146193055,89.85158785608897,171.10303506777214,0,0.055845359430597936,0.016666666666666666,0,0.0016993721658777445,0.0
2026-01-12 02:00:00,2026-01-12,1,113.88434,128.61928316750166,107.0031447502072,154.5450655847961,0,0.02787242663995503,0.016666666666666666,0,0.0007775481322203864,0.0
2026-01-12 03:00:00,2026-01-12,2,113.88434,128.62327160396404,106.45007789952672,160.94472530840133,0,0.029541451447375192,0.016666666666666666,0,0.0007925208803015311,0.0
2026-01-12 04:00:00,2026-01-12,3,113.88434,127.92465194696774,98.91503829723663,160.51467559669888,0,0.01939918876386321,0.016666666666666666,0,0.0007881536582347497,0.0
2026-01-12 05:00:00,2026-01-12,4,113.88434,128.9871170766543,104.7822372692182,155.8949768840904,0,0.027589513443144496,0.008333333333333333,0,0.0014686963526170226,0.008333333333333333
2026-01-12 06:00:00,2026-01-12,5,113.88434,128.85978286990502,97.07774403182384,163.03735370798617,0,0.01277788139490533,0.008333333333333333,0,0.0012720190309566902,0.016666666666666666
2026-01-12 07:00:00,2026-01-12,6,113.88434,126.79634965136763,100.8594810450832,168.76754825765204,0,0.008249739824268928,0.008333333333333333,0,0.0006381926652749771,0.008333333333333333
2026-01-12 08:00:00,2026-01-12,7,113.46634,124.86562709453165,81.73832924070011,172.31981494836316,0,0.02267966742407096,0.008333333333333333,0,0.0006780924108471393,0.008333333333333333
2026-01-12 09:00:00,2026-01-12,8,113.46634,123.6444703759516,26.59484042890149,220.3238303230017,0,0.029847152591614322,0.016666666666666666,0,0.0007231694136896343,0.0
2026-01-12 10:00:00,2026-01-12,9,113.46634,126.20446225785054,28.728432016023334,228.18347249967772,0,0.032627282743373294,0.025,0,0.00185767975900454,0.0
2026-01-12 11:00:00,2026-01-12,10,151.38434,127.000814329838,80.60295848078064,182.21856017889536,0,0.01662809482994469,0.0,0,0.0025131204608369955,0.0
2026-01-12 12:00:00,2026-01-12,11,151.38434,116.72009996670974,70.10329028903152,167.71485964438793,0,0.03280512997466394,0.05,0,0.008758121677790585,0.0
2026-01-12 13:00:00,2026-01-12,12,196.38434,119.9441541840496,68.29278500038544,183.2665473677137,0,0.021460315520573717,0.05,0,0.005570716303524207,0.0
2026-01-12 14:00:00,2026-01-12,13,196.38434,124.26162752873704,81.06820446666468,173.82056559080942,0,0.00549076356388541,0.025,0,0.02968747722123811,0.0
2026-01-12 15:00:00,2026-01-12,14,196.38434,128.31937747358123,68.50210149344528,195.9956384537172,0,0.002514496582628268,0.008333333333333333,0,0.03410166743382295,0.041666666666666664
2026-01-12 16:00:00,2026-01-12,15,206.38434,131.20265420710712,64.2605488290291,197.7180695851851,0,0.001721591291867621,0.008333333333333333,1,0.05812305657871832,0.058333333333333334
2026-01-12 17:00:00,2026-01-12,16,206.38434,136.2701102395037,46.476255823489,246.6464646555184,0,0.0009390149653747758,0.0,1,0.07046047744594465,0.06666666666666667
2026-01-12 18:00:00,2026-01-12,17,216.38434,163.47503356709348,95.53332286695014,271.8678742672368,0,0.0002861771123753526,0.0,1,0.41202103316057287,0.2916666666666667
2026-01-12 19:00:00,2026-01-12,18,216.38434,202.77378801836136,144.4939180683727,290.27023796835,0,0.0003528706615494573,0.025,1,0.692755475969261,0.85
2026-01-12 20:00:00,2026-01-12,19,216.38434,167.43998224755546,122.38241116405162,246.2727133310593,0,0.00032417027528281497,0.075,1,0.4604124568282344,0.49166666666666664
2026-01-12 21:00:00,2026-01-12,20,216.38434,158.74832741587971,111.34148256046,232.27605227129936,0,0.0003414283521504139,0.058333333333333334,1,0.23249082480836944,0.25
2026-01-12 22:00:00,2026-01-12,21,206.38434,139.6204802392397,110.29622237417594,183.9037981043035,0,0.0005446936782652948,0.008333333333333333,1,0.05323856227899093,0.058333333333333334
2026-01-12 23:00:00,2026-01-12,22,206.38434,129.56141481878524,112.60689040972778,149.9692532278427,0,0.0024209725578657935,0.008333333333333333,1,0.02706368925962585,0.03333333333333333
2026-01-13 00:00:00,2026-01-12,23,105.22064,130.34843882196895,51.250179467632925,238.28865817630495,1,0.05160038769571763,0.03333333333333333,0,0.0017733440055558132,0.008333333333333333
2026-01-13 01:00:00,2026-01-13,0,105.21064,120.69800055109684,70.78076303273403,209.1740080694597,0,0.25574457918290744,0.058333333333333334,0,0.0009554500047959627,0.0
2026-01-13 02:00:00,2026-01-13,1,105.21064,119.67410624933856,90.94821978650631,167.8667227121708,0,0.2805568323336394,0.06666666666666667,0,0.001085870881284173,0.0
2026-01-13 03:00:00,2026-01-13,2,105.20264,119.0898455957965,99.73865078060491,176.5533654109881,0,0.28781932722622044,0.075,0,0.001085870881284173,0.0
2026-01-13 04:00:00,2026-01-13,3,105.21064,118.97661571641191,92.87414362821686,161.08440780460697,0,0.2733581883109987,0.058333333333333334,0,0.0012472676195308698,0.0
2026-01-13 05:00:00,2026-01-13,4,105.22064,121.33071752440382,83.8074355462248,148.51186350258286,0,0.16976963018104296,0.05,0,0.001445490684754798,0.008333333333333333
2026-01-13 06:00:00,2026-01-13,5,105.22064,120.17534345821927,85.03936879709593,157.9268831193426,0,0.08191349616202426,0.03333333333333333,0,0.0009473733801743006,0.008333333333333333
2026-01-13 07:00:00,2026-01-13,6,105.22064,123.75385759287936,94.66949899030249,176.9674461954562,0,0.060586334653150414,0.016666666666666666,0,0.0008196293917104844,0.008333333333333333
2026-01-13 08:00:00,2026-01-13,7,105.22064,127.73131600560885,73.52423754030544,191.45167447091228,0,0.055430575954294,0.016666666666666666,0,0.0009080730884564392,0.0
2026-01-13 09:00:00,2026-01-13,8,105.22064,131.8284884180807,29.22572989932772,245.2084869368337,0,0.11522429853427138,0.041666666666666664,0,0.0009206104368113111,0.0
2026-01-13 10:00:00,2026-01-13,9,105.22064,135.89562040974286,29.064075408725728,255.12106541076,0,0.12365339914760343,0.041666666666666664,0,0.0029566524043968877,0.0
2026-01-13 11:00:00,2026-01-13,10,105.22064,146.84576750463725,79.50311089751608,209.53038411175845,0,0.0029409164029355647,0.0,0,0.018832778862816504,0.0
2026-01-13 12:00:00,2026-01-13,11,105.22064,146.32133468374124,74.16774140077914,206.35516796670336,0,0.002150890429100305,0.008333333333333333,0,0.03401363061150375,0.0
2026-01-13 13:00:00,2026-01-13,12,105.22064,177.27083537784114,94.51689322389942,260.2970275317829,0,0.0008132739163339999,0.0,0,0.1100389501661838,0.125
2026-01-13 14:00:00,2026-01-13,13,188.12064,183.8051603150177,119.8844192369643,260.3991713930711,0,0.0007000153323601772,0.0,1,0.2966553157531981,0.25
2026-01-13 15:00:00,2026-01-13,14,208.12064,191.51933276100087,129.79665292670495,257.4891025952968,0,0.0007000153323601772,0.0,1,0.28336265869681027,0.65
2026-01-13 16:00:00,2026-01-13,15,208.12064,196.1674895836007,131.86908218727086,278.9714369799306,0,0.000407023274514792,0.0,1,0.38220110117030187,0.7166666666666667
2026-01-13 17:00:00,2026-01-13,16,208.12064,201.80855278364643,129.9700192557964,297.30048631149646,0,0.000399052338258754,0.0,1,0.4327103287049002,0.7833333333333333
2026-01-13 18:00:00,2026-01-13,17,209.12064,215.3909939641412,152.01167574573267,312.2964221825497,0,0.0003540568193379967,0.0,1,0.7566227036543978,0.8166666666666667
2026-01-13 19:00:00,2026-01-13,18,209.12064,222.900413041964,150.36014013701833,323.1394059469097,0,0.00040215708836580674,0.016666666666666666,1,0.7584437844166638,0.8333333333333334
2026-01-13 20:00:00,2026-01-13,19,209.12064,215.56926732550625,134.70218181770315,354.0294528333093,0,0.0005877277552047009,0.06666666666666667,1,0.7257315794565602,0.7416666666666667
2026-01-13 21:00:00,2026-01-13,20,208.12064,207.72763805983405,114.00574145658392,330.93735466308414,0,0.000576498569595676,0.05,1,0.6881452007770399,0.7416666666666667
2026-01-13 22:00:00,2026-01-13,21,208.12064,189.99665942553847,115.3397092501751,288.43083960090183,0,0.0010591320686507235,0.0,1,0.3731634939545201,0.425
2026-01-13 23:00:00,2026-01-13,22,188.12064,174.79857937045222,108.019544172473,239.28338456843147,0,0.003660042056644894,0.0,1,0.1257359850378265,0.1
2026-01-14 00:00:00,2026-01-13,23,109.65888,113.78627073381494,41.770292096346815,208.8829093712831,0,0.4261578997520561,0.11666666666666667,0,0.0009204941967199971,0.0
2026-01-14 01:00:00,2026-01-14,0,109.65888,113.02387894282886,68.91512580617885,198.95410207947887,0,0.004994247276168547,0.041666666666666664,0,0.0007621704269593062,0.0
2026-01-14 02:00:00,2026-01-14,1,109.65888,112.1925623552801,88.59792323853125,147.94856147202893,0,0.0038954595406100047,0.03333333333333333,0,0.000493371963758124,0.0
2026-01-14 03:00:00,2026-01-14,2,109.65888,112.2615851795527,96.7831926552613,163.06154170384409,0,0.0031380561765234345,0.041666666666666664,0,0.0004308620732241408,0.0
2026-01-14 04:00:00,2026-01-14,3,109.65888,112.43145691621412,88.64422076470342,158.0911730677248,0,0.0022021114484493945,0.025,0,0.0004952195056035051,0.0
2026-01-14 05:00:00,2026-01-14,4,109.65888,114.29842727045636,81.79058145549486,151.66034308541785,0,0.0018720643326238327,0.025,0,0.0008295476381263641,0.008333333333333333
2026-01-14 06:00:00,2026-01-14,5,109.65888,115.55080320954526,77.46415639046315,166.0688600286274,0,0.001793602784788095,0.016666666666666666,0,0.0008295476381263641,0.008333333333333333
2026-01-14 07:00:00,2026-01-14,6,109.65888,116.65089844597976,91.51181630807852,172.70945258388102,0,0.0030027554458000975,0.008333333333333333,0,0.0009422989195011449,0.008333333333333333
2026-01-14 08:00:00,2026-01-14,7,109.65888,115.67566852360396,62.88686515628585,179.87239789092206,0,0.0032774310234293734,0.016666666666666666,0,0.0011202951121098601,0.0
2026-01-14 09:00:00,2026-01-14,8,109.65888,116.18186714617346,11.79104768213331,225.35094061021363,0,0.006111634168533644,0.03333333333333333,0,0.0008091484146715998,0.0
2026-01-14 10:00:00,2026-01-14,9,109.65888,117.97381210432964,3.901761537843981,231.8187626708153,0,0.007475752186828067,0.03333333333333333,0,0.0038623710628418457,0.0
2026-01-14 11:00:00,2026-01-14,10,109.65888,122.96716942949791,54.91348295016887,185.41698590882692,0,0.0015595054652515839,0.008333333333333333,0,0.009356358576262835,0.0
2026-01-14 12:00:00,2026-01-14,11,109.65888,112.6661861613198,42.910036750809766,173.43149557182986,0,0.0008402924854804356,0.025,0,0.011887854583129622,0.0
2026-01-14 13:00:00,2026-01-14,12,109.65888,116.7220611304082,31.21062254092732,193.2889097198891,0,0.001126817596676655,0.041666666666666664,0,0.005091595136587184,0.008333333333333333
2026-01-14 14:00:00,2026-01-14,13,138.16688,166.34944791122626,100.47409691284564,234.60174890960684,0,0.000187846241582551,0.0,0,0.15756037825861033,0.675
2026-01-14 15:00:00,2026-01-14,14,138.16688,184.89534906835647,127.61419825774348,250.8902298789696,0,0.00013460450258697846,0.0,0,0.23589315590192195,0.8333333333333334
2026-01-14 16:00:00,2026-01-14,15,142.16688,188.9402054025884,140.1505088988306,267.9103719063462,0,0.0001317237433404663,0.0,0,0.2397919958913216,0.85
2026-01-14 17:00:00,2026-01-14,16,213.16688,192.62234331544008,134.7326551544986,283.4317114763816,0,0.0001317237433404663,0.0,1,0.2614664427997023,0.875
2026-01-14 18:00:00,2026-01-14,17,213.16688,204.9912286378836,155.92177636555832,284.8857209102088,0,0.00014332581360453162,0.0,1,0.5662426884497388,0.8666666666666667
2026-01-14 19:00:00,2026-01-14,18,217.16688,215.14082569406372,157.1264672118468,304.9760441762807,0,0.00013995316964519395,0.016666666666666666,1,0.5662426884497388,0.8916666666666667
2026-01-14 20:00:00,2026-01-14,19,213.16688,207.30072441089595,132.17898362099345,324.07645520079853,0,0.00023391988918495553,0.06666666666666667,1,0.5160498031097256,0.8916666666666667
2026-01-14 21:00:00,2026-01-14,20,213.16688,202.2714874756452,111.777604778077,325.20558017321343,0,0.0003769467571603323,0.041666666666666664,1,0.4306460507475639,0.875
2026-01-14 22:00:00,2026-01-14,21,142.16688,188.2986766892353,104.29843962268752,291.3103637557831,0,0.00017348851335256702,0.0,0,0.23887443549859774,0.8666666666666667
2026-01-14 23:00:00,2026-01-14,22,138.16688,162.47033865448543,97.24920787596936,234.0095934330015,0,0.00024036886138408903,0.0,0,0.06651031980184122,0.6333333333333333
2026-01-15 00:00:00,2026-01-14,23,111.95694,100.05512516180649,30.42271420784189,172.63573411577107,0,0.024510010231723868,0.1,0,0.0010858948329063951,0.0
2026-01-15 01:00:00,2026-01-15,0,111.95694,106.63428446160276,64.08095348651653,158.92429943668898,0,0.0016188320219104812,0.016666666666666666,0,0.0009205511315583398,0.0
2026-01-15 02:00:00,2026-01-15,1,111.95694,105.0690110222759,76.39436408999032,139.48686195456148,0,0.0027783778402914855,0.016666666666666666,0,0.0008946744519982304,0.0
2026-01-15 03:00:00,2026-01-15,2,111.95694,107.251567507891,86.16014384227478,147.0016611735072,0,0.004041773045559781,0.025,0,0.0007230411355968892,0.0
2026-01-15 04:00:00,2026-01-15,3,111.95694,106.06575288699236,82.20777387719596,138.65866789678873,0,0.003240159747879307,0.016666666666666666,0,0.0009177050076343553,0.0
2026-01-15 05:00:00,2026-01-15,4,111.95694,109.3945224985421,80.04881258883795,128.15859640824624,0,0.0020725823836144153,0.008333333333333333,0,0.0013905830083858733,0.008333333333333333
2026-01-15 06:00:00,2026-01-15,5,117.54694,109.42016568523684,79.34383076336033,139.47070060711337,0,0.0022932861082602426,0.008333333333333333,0,0.0011328072479104352,0.008333333333333333
2026-01-15 07:00:00,2026-01-15,6,117.54694,106.58936461280426,79.22920224527466,144.8291769803338,0,0.0006744877919005658,0.008333333333333333,0,0.0011448644772459626,0.008333333333333333
2026-01-15 08:00:00,2026-01-15,7,117.54694,102.34369536918936,70.10442730217804,151.2062284362007,0,0.0009369023926297536,0.008333333333333333,0,0.0010909831309535427,0.0
2026-01-15 09:00:00,2026-01-15,8,111.95694,99.64529593932726,26.05260932718153,169.084170551473,0,0.00885599794560066,0.05,0,0.0010991134514492101,0.0
2026-01-15 10:00:00,2026-01-15,9,117.54694,100.9472290688421,24.75118390675716,173.84422823092703,0,0.00885599794560066,0.06666666666666667,0,0.0020327378452683555,0.0
2026-01-15 11:00:00,2026-01-15,10,117.54694,102.61260484271249,50.98271573487159,150.48411395055336,0,0.001031808393694213,0.016666666666666666,0,0.004050173105774953,0.0
2026-01-15 12:00:00,2026-01-15,11,117.54694,106.74956016170806,65.2236834402428,154.36310688317334,0,0.0001819082935977972,0.008333333333333333,0,0.023953749775429727,0.0
2026-01-15 13:00:00,2026-01-15,12,119.09994,107.7117187077716,45.68926683877199,179.5593105767712,0,0.0005636815995148961,0.041666666666666664,0,0.003735302546081967,0.008333333333333333
2026-01-15 14:00:00,2026-01-15,13,190.55694,121.37606011637826,75.77502765543534,181.12359257732115,0,0.00010877282200769493,0.008333333333333333,1,0.18968802184282582,0.016666666666666666
2026-01-15 15:00:00,2026-01-15,14,190.55694,125.1733178764903,67.02076289609754,201.3477428568831,0,0.00011053933295215656,0.008333333333333333,1,0.24396782209268777,0.075
2026-01-15 16:00:00,2026-01-15,15,190.55694,130.74268997301576,77.42094280730922,214.40195713872237,0,0.00011295549311369116,0.0,1,0.30259084339520176,0.125
2026-01-15 17:00:00,2026-01-15,16,190.55694,137.7814852311634,91.33980687631028,219.57898358601653,0,0.00012887750906171808,0.0,1,0.41008640742186575,0.26666666666666666
2026-01-15 18:00:00,2026-01-15,17,190.55694,180.8449499353324,114.84324839628052,282.08775147438433,0,0.00015178849194466128,0.0,1,0.7221014489923535,0.8666666666666667
2026-01-15 19:00:00,2026-01-15,18,191.55694,204.4477464190297,129.62002034585169,314.4742524922077,0,0.00019262893854271232,0.016666666666666666,1,0.7487471436142826,0.9083333333333333
2026-01-15 20:00:00,2026-01-15,19,190.55694,206.8524931778913,144.4862327382492,321.5136436175334,0,0.00021209287168743663,0.058333333333333334,1,0.7035059154711282,0.9166666666666666
2026-01-15 21:00:00,2026-01-15,20,190.55694,186.1863928238581,132.91464691898568,275.2997787287306,0,0.00012887750906171808,0.041666666666666664,1,0.6756307660786086,0.8916666666666667
2026-01-15 22:00:00,2026-01-15,21,190.55694,152.98208614861505,122.70405060167472,203.22590169555545,0,0.0001044583640396533,0.0,1,0.3206384477414434,0.65
2026-01-15 23:00:00,2026-01-15,22,117.54694,144.17130135563934,117.59454429881612,177.85728441246255,0,9.629803025706915e-05,0.0,0,0.1394956230709396,0.375
2026-01-16 00:00:00,2026-01-15,23,109.64545,110.71426607992387,67.28181180699796,137.1726603528498,0,0.011119549193058109,0.041666666666666664,0,0.0026134817997236015,0.008333333333333333
2026-01-16 01:00:00,2026-01-16,0,109.64545,106.4584036323652,66.38396560817907,125.95134165655134,0,0.004680785311144578,0.025,0,0.0003827859608458692,0.0
2026-01-16 02:00:00,2026-01-16,1,109.64545,103.7335509449565,73.05139405746493,115.22214783244809,0,0.0050061608999245845,0.025,0,0.00039117973910795286,0.0
2026-01-16 03:00:00,2026-01-16,2,109.64545,103.83912093744496,79.68901108702734,129.79577478786257,0,0.006825302544345179,0.03333333333333333,0,0.00039117973910795286,0.0
2026-01-16 04:00:00,2026-01-16,3,109.64545,103.02342446229534,80.21658185140451,123.49527707318616,0,0.0021979679553381037,0.025,0,0.00039219345174684473,0.0
2026-01-16 05:00:00,2026-01-16,4,109.64545,104.2647178551419,78.2269903226227,121.73965138766108,0,0.0012520799536336364,0.016666666666666666,0,0.0004394852275958408,0.008333333333333333
2026-01-16 06:00:00,2026-01-16,5,109.64545,101.85200390441946,68.98110173579528,123.88601607304363,0,0.000927759898864784,0.025,0,0.0011335072381105367,0.008333333333333333
2026-01-16 07:00:00,2026-01-16,6,109.64545,103.05525040407812,73.25832321648481,130.59333759167146,0,0.0008300863030484227,0.016666666666666666,0,0.0010846831668682472,0.008333333333333333
2026-01-16 08:00:00,2026-01-16,7,109.64545,99.96600466945628,66.11638957049476,127.8642447684178,0,0.001502175350083106,0.025,0,0.001106957789842525,0.0
2026-01-16 09:00:00,2026-01-16,8,109.64545,100.31533310533707,32.27236040647289,161.21900580420126,0,0.015080728746151314,0.05,0,0.0005035706307586761,0.0
2026-01-16 10:00:00,2026-01-16,9,109.64545,99.59597724612274,34.495234619482474,161.920244872763,0,0.012435400235871735,0.06666666666666667,0,0.0026078851349647697,0.0
2026-01-16 11:00:00,2026-01-16,10,109.64545,101.5284168829794,60.88696228444941,127.41259548150936,0,0.0013479316537568166,0.025,0,0.0033419448314691404,0.0
2026-01-16 12:00:00,2026-01-16,11,109.64545,112.94616301550164,90.46697447425436,139.7886815567489,0,0.0021905821477794015,0.008333333333333333,0,0.008496190782566526,0.0
2026-01-16 13:00:00,2026-01-16,12,109.64545,115.52929499375098,69.16320755749527,154.88026243000667,0,0.0006237783218639323,0.016666666666666666,0,0.01771461184368361,0.008333333333333333
2026-01-16 14:00:00,2026-01-16,13,109.64545,124.45091100583018,91.98854910105037,165.61515691060998,0,0.00012169647076178091,0.0,0,0.10491024730535646,0.03333333333333333
2026-01-16 15:00:00,2026-01-16,14,109.64545,128.0962884814977,90.2040516960608,176.06501526693464,0,0.00012169647076178091,0.008333333333333333,0,0.11821370086576592,0.09166666666666666
2026-01-16 16:00:00,2026-01-16,15,113.78145,131.66498923451502,94.85781049366273,180.7087729753673,0,0.00012169647076178091,0.0,0,0.12956258029922116,0.125
2026-01-16 17:00:00,2026-01-16,16,117.24545,134.12822862788576,121.8958878886236,174.84566136714795,0,0.00011337767884250338,0.0,0,0.1776687746119619,0.175
2026-01-16 18:00:00,2026-01-16,17,168.24545,169.79120654061776,147.6338006613467,221.95906241988885,0,0.00010287173734665826,0.0,1,0.4660379097870103,0.8416666666666667
2026-01-16 19:00:00,2026-01-16,18,168.24545,177.41346615497747,137.64559574109165,249.5971965688633,0,0.000110513921495922,0.025,1,0.5325909427259841,0.8583333333333333
2026-01-16 20:00:00,2026-01-16,19,168.24545,173.2195837718275,142.9023387070238,257.6463288366312,0,0.00010811322393058672,0.06666666666666667,1,0.530216191624607,0.8166666666666667
2026-01-16 21:00:00,2026-01-16,20,117.24545,163.25243550070232,134.15647915054672,235.82786785085796,0,0.00011313809071904176,0.05,0,0.3581591925413226,0.7583333333333333
2026-01-16 22:00:00,2026-01-16,21,109.64545,152.10189486564244,128.0646194766334,192.1676902546515,0,0.00011313809071904176,0.0,0,0.16566035544835253,0.6583333333333333
2026-01-16 23:00:00,2026-01-16,22,109.64545,139.1940352508919,118.4728299100101,163.51090059177366,0,0.00013982121995858928,0.0,0,0.04114524979578812,0.10833333333333334
2026-01-17 00:00:00,2026-01-16,23,100.55036,108.6458893353518,78.31564080108139,133.11408786962218,0,0.004538606671771158,0.041666666666666664,0,0.0004945410924932607,0.0
2026-01-17 01:00:00,2026-01-17,0,100.55036,99.70558308416273,74.80873989201417,119.66586627631123,0,0.0004305688974623622,0.016666666666666666,0,0.0012313895160290017,0.0
2026-01-17 02:00:00,2026-01-17,1,100.55036,99.42796381738404,82.39023046908726,110.11956916568082,0,0.0005277387511616376,0.016666666666666666,0,0.0008767604705202703,0.0
2026-01-17 03:00:00,2026-01-17,2,100.55036,99.60092395118107,81.6082211890622,118.98687671329994,0,0.00048249127632230774,0.016666666666666666,0,0.0009357905576708453,0.0
2026-01-17 04:00:00,2026-01-17,3,100.55036,98.98702654060344,85.468701403755,113.63815667745187,0,0.0004912118015074365,0.016666666666666666,0,0.0008521136959555417,0.0
2026-01-17 05:00:00,2026-01-17,4,100.55036,100.2295556681006,88.63720121561825,112.77627212058296,0,0.00022550464057105067,0.008333333333333333,0,0.0013044195056929094,0.008333333333333333
2026-01-17 06:00:00,2026-01-17,5,104.68636,98.0353355027662,76.21712361823782,115.60113338729458,0,0.00024708168190140574,0.016666666666666666,0,0.0011213103449497876,0.008333333333333333
2026-01-17 07:00:00,2026-01-17,6,100.55036,98.88329466238362,79.09078825723454,117.63877106753267,0,0.00021957309901474934,0.008333333333333333,0,0.0011766877237487225,0.008333333333333333
2026-01-17 08:00:00,2026-01-17,7,100.55036,95.92347238678508,71.31898425986714,119.855430513703,0,0.0002977380969502034,0.008333333333333333,0,0.0010627390360222779,0.0
2026-01-17 09:00:00,2026-01-17,8,100.55036,94.90525153935032,36.03198326460748,154.66748981409316,0,0.000854435652611484,0.041666666666666664,0,0.0012471763910143214,0.0
2026-01-17 10:00:00,2026-01-17,9,100.55036,95.16760812596829,34.76136809284211,154.79148415909447,0,0.0009992290360047837,0.05,0,0.002582875792189006,0.0
2026-01-17 11:00:00,2026-01-17,10,100.55036,95.96386435566244,68.75133620277951,123.11998750854538,0,0.00040851854474601806,0.0,0,0.003232010918013994,0.0
2026-01-17 12:00:00,2026-01-17,11,100.55036,100.59674379432458,82.47115428576805,119.76089330288112,0,0.0002917043746553805,0.008333333333333333,0,0.008099822463176119,0.0
2026-01-17 13:00:00,2026-01-17,12,100.55036,99.0676975693309,59.72323338672609,141.39865175193572,0,0.00020548407430276365,0.041666666666666664,0,0.003221848824895264,0.008333333333333333
2026-01-17 14:00:00,2026-01-17,13,100.55036,101.17640051172704,72.10503310826962,130.79664191518447,0,0.00011907639657492008,0.025,0,0.01792508690469889,0.016666666666666666
2026-01-17 15:00:00,2026-01-17,14,100.55036,101.65492594719676,74.76882883234622,129.76360906204735,0,8.132570483915542e-05,0.008333333333333333,0,0.019456549612466713,0.03333333333333333
2026-01-17 16:00:00,2026-01-17,15,108.15036,103.16570730739376,78.21000556328892,130.0441070514986,0,4.544767593745125e-05,0.008333333333333333,0,0.056516658399734396,0.05
2026-01-17 17:00:00,2026-01-17,16,114.15036,101.5854437760324,91.60927675687752,120.69182079518724,0,3.7391180626985145e-05,0.016666666666666666,0,0.059260255827278854,0.03333333333333333
2026-01-17 18:00:00,2026-01-17,17,126.15036,135.03461431667603,137.35527213971315,142.54623649363887,0,4.57352092459253e-05,0.0,0,0.38820068991738316,0.6
2026-01-17 19:00:00,2026-01-17,18,126.15036,134.5423706970507,135.33894873504553,145.2179046590559,0,4.141785819809142e-05,0.03333333333333333,0,0.4172699955426839,0.4583333333333333
2026-01-17 20:00:00,2026-01-17,19,126.15036,133.99275845573828,137.43900434391816,142.65582256755843,0,4.141785819809142e-05,0.075,0,0.3819317663643342,0.5333333333333333
2026-01-17 21:00:00,2026-01-17,20,126.15036,126.59926309173171,105.81842905343218,160.85074713003127,0,3.800781597632775e-05,0.058333333333333334,0,0.1894706431680459,0.3
2026-01-17 22:00:00,2026-01-17,21,126.15036,124.03482139544218,84.76687341791002,166.08149937297435,0,5.044462245645381e-05,0.008333333333333333,0,0.1286693216540374,0.13333333333333333
2026-01-17 23:00:00,2026-01-17,22,108.15036,122.87270009160902,91.07414865395889,155.44723152925914,0,4.896363645354415e-05,0.0,0,0.04002559975483041,0.06666666666666667
2026-01-18 00:00:00,2026-01-17,23,105.32193,102.79722098175752,75.92164746881068,127.26420449470436,0,0.0006799055641058847,0.041666666666666664,0,0.0013077036473494764,0.008333333333333333
2026-01-18 01:00:00,2026-01-18,0,105.32193,104.91514496085924,83.71698485580269,124.13462506591576,0,0.0005350831484570847,0.016666666666666666,0,0.0012549844342928278,0.0
2026-01-18 02:00:00,2026-01-18,1,105.32193,105.24007698626258,91.90366558431413,113.85302438821104,0,0.0005038629431733512,0.016666666666666666,0,0.001161209065363084,0.008333333333333333
2026-01-18 03:00:00,2026-01-18,2,103.31193,104.98989998281814,89.48249406331585,118.92028090232044,0,0.0005186546673204267,0.016666666666666666,0,0.0012549844342928278,0.008333333333333333
2026-01-18 04:00:00,2026-01-18,3,101.85793,104.55560659950956,93.25472717505149,113.80622002396764,0,0.0006258786932209835,0.016666666666666666,0,0.001161209065363084,0.008333333333333333
2026-01-18 05:00:00,2026-01-18,4,103.31193,104.83863594636614,94.64813615273984,114.02648073999244,0,0.00046888457582744224,0.008333333333333333,0,0.0011665546234321325,0.008333333333333333
2026-01-18 06:00:00,2026-01-18,5,97.72193,102.46057566531016,85.49411891380748,115.48933741681282,0,0.0004911136831179243,0.008333333333333333,0,0.0008829093754410994,0.016666666666666666
2026-01-18 07:00:00,2026-01-18,6,97.72193,103.87129555500316,86.36538395789312,119.9821771521132,0,0.0008277661311836874,0.008333333333333333,0,0.0006931432518982913,0.008333333333333333
2026-01-18 08:00:00,2026-01-18,7,97.72193,102.19203572815822,79.72723610598462,123.30569535033182,0,0.0012313463558501455,0.008333333333333333,0,0.0007388120690562765,0.008333333333333333
2026-01-18 09:00:00,2026-01-18,8,97.72193,102.92018317747178,44.3464995122478,162.11258884269577,0,0.0015264113551852606,0.016666666666666666,0,0.0007740235691338761,0.0
2026-01-18 10:00:00,2026-01-18,9,97.72193,103.65847476542388,44.2689826089278,160.47407692191996,0,0.0014035870082060899,0.016666666666666666,0,0.0015034132795478604,0.0
2026-01-18 11:00:00,2026-01-18,10,97.72193,103.29295450720944,76.30490968872095,126.4491293256979,0,0.0007368947068036361,0.0,0,0.001750493507781528,0.0
2026-01-18 12:00:00,2026-01-18,11,97.72193,101.6986618812279,83.18939357798675,115.18717018446904,0,0.0007951719404291971,0.016666666666666666,0,0.001968174354192377,0.0
2026-01-18 13:00:00,2026-01-18,12,97.72193,100.57928663496077,61.30711767616559,139.91033559375592,0,0.0006647963343487871,0.03333333333333333,0,0.002274370473150968,0.0
2026-01-18 14:00:00,2026-01-18,13,97.72193,99.58274127094856,74.17755889806972,126.70134764382742,0,0.000634041453263691,0.025,0,0.004347403072771763,0.008333333333333333
2026-01-18 15:00:00,2026-01-18,14,97.72193,99.78586581027604,73.57932075770756,127.4537808628445,0,0.0005702709431262064,0.025,0,0.004386087685783286,0.03333333333333333
2026-01-18 16:00:00,2026-01-18,15,105.32193,101.5925971073179,77.29700912504904,129.9493070895867,0,0.00035264255234862947,0.025,0,0.012068933957152465,0.03333333333333333
2026-01-18 17:00:00,2026-01-18,16,113.32193,102.57860293554512,93.80936323352375,117.75708463756648,0,0.00026112860478503706,0.025,0,0.013966575560879317,0.025
2026-01-18 18:00:00,2026-01-18,17,166.32193,120.41581955886836,114.46252059279549,134.46644352494127,0,8.686273005667585e-05,0.0,1,0.13717619003848894,0.041666666666666664
2026-01-18 19:00:00,2026-01-18,18,171.32193,123.9456662287572,121.20781860898131,132.8009788485331,0,8.862864300300295e-05,0.041666666666666664,1,0.14206827241626313,0.175
2026-01-18 20:00:00,2026-01-18,19,171.32193,121.80404953494217,119.79126250330091,129.04753156658342,0,7.412051105075963e-05,0.075,1,0.1405855898859602,0.25833333333333336
2026-01-18 21:00:00,2026-01-18,20,166.32193,120.30423016481711,99.5355495505714,146.80780477906285,0,6.766277695766534e-05,0.06666666666666667,1,0.1641741160183917,0.16666666666666666
2026-01-18 22:00:00,2026-01-18,21,166.32193,118.5882145401583,80.72614439273733,154.69396468757932,0,6.766277695766534e-05,0.008333333333333333,1,0.12798912604768375,0.075
2026-01-18 23:00:00,2026-01-18,22,113.32193,114.2852718789632,84.31936509935767,142.6039226585687,0,0.00015274612452089226,0.0,0,0.04483717124332402,0.03333333333333333
2026-01-19 00:00:00,2026-01-18,23,111.91666,107.20962341076093,75.35180403427606,133.6804827872458,0,0.0010722469049283497,0.041666666666666664,0,0.007198865833362957,0.008333333333333333
2026-01-19 01:00:00,2026-01-19,0,107.91666,111.9463663823636,85.13798124361107,134.11397152111616,0,0.002519128594128094,0.025,0,0.0009655572481961427,0.0
2026-01-19 02:00:00,2026-01-19,1,105.90666,111.61743889273204,92.7656754430932,120.68449234237087,0,0.0025402908551340215,0.025,0,0.0013512627030159252,0.0
2026-01-19 03:00:00,2026-01-19,2,107.91666,111.1968490100406,90.572768061753,129.3673199583282,0,0.0036340284279298947,0.03333333333333333,0,0.0012969226800622678,0.0
2026-01-19 04:00:00,2026-01-19,3,107.91666,111.61584844058206,90.46223076047092,125.8561061206932,0,0.0033146644426337644,0.025,0,0.0008691954467948652,0.0
2026-01-19 05:00:00,2026-01-19,4,111.91666,114.05121859245746,97.18215127336984,126.67624791154506,0,0.002853033408801576,0.016666666666666666,0,0.0013500060958554908,0.008333333333333333
2026-01-19 06:00:00,2026-01-19,5,149.91666,109.48560124201224,88.42060549764352,126.99679698638096,0,0.002571283335829831,0.025,0,0.0009198495705327943,0.008333333333333333
2026-01-19 07:00:00,2026-01-19,6,149.91666,112.53097610070006,90.50166366629136,134.46036453510877,0,0.0020431487127459806,0.016666666666666666,0,0.0008742863300865941,0.008333333333333333
2026-01-19 08:00:00,2026-01-19,7,149.91666,110.25806915367288,82.50430931349423,136.35079899385153,0,0.0026454390343640393,0.016666666666666666,0,0.0009122343613431154,0.0
2026-01-19 09:00:00,2026-01-19,8,111.91666,110.59566539927052,45.1758478313966,169.36458296714443,0,0.003779421083313287,0.03333333333333333,0,0.0009904127226438655,0.0
2026-01-19 10:00:00,2026-01-19,9,149.91666,113.01200818814526,51.067033477542594,171.5198388987479,0,0.0024154114665027615,0.03333333333333333,0,0.0034626826546067186,0.0
2026-01-19 11:00:00,2026-01-19,10,149.91666,116.24759896329113,86.39506821981993,141.5886397067623,0,0.0011521973433169606,0.0,0,0.008993400241721815,0.0
2026-01-19 12:00:00,2026-01-19,11,149.91666,115.93571664195878,96.00880885455348,132.60366942936406,0,0.0011521973433169606,0.008333333333333333,0,0.01015330221574594,0.0
2026-01-19 13:00:00,2026-01-19,12,149.91666,121.8121680633179,80.26913597013129,165.16754015650451,0,0.000381783135909356,0.016666666666666666,0,0.048669684625850425,0.008333333333333333
2026-01-19 14:00:00,2026-01-19,13,149.91666,127.88528180212084,95.2241452342007,167.73165837004098,0,0.00034265423307062174,0.0,0,0.23052091755217594,0.025
2026-01-19 15:00:00,2026-01-19,14,158.91666,131.92599457907954,101.89659358187292,181.84031557628617,0,0.00034265423307062174,0.008333333333333333,0,0.24169033809876145,0.06666666666666667
2026-01-19 16:00:00,2026-01-19,15,173.91666,129.42494020937878,90.05866445985303,179.87370595890448,0,0.00027924955614453686,0.008333333333333333,0,0.3777729058198046,0.075
2026-01-19 17:00:00,2026-01-19,16,178.91666,132.9371436337252,112.1427274358225,189.6419098316279,0,0.00021846035344646957,0.0,0,0.41917799494056635,0.1
2026-01-19 18:00:00,2026-01-19,17,178.91666,169.0242092285815,124.26250145363264,259.7597470035304,0,0.0001606376512968563,0.0,0,0.7386434992223173,0.7333333333333333
2026-01-19 19:00:00,2026-01-19,18,178.91666,172.58279607636234,118.53016841730066,271.806203735424,0,0.00018072636480466594,0.03333333333333333,0,0.7425532568053848,0.7416666666666667
2026-01-19 20:00:00,2026-01-19,19,178.91666,173.54431246999124,126.92075101321744,279.47829392676493,0,0.0001751767178229983,0.06666666666666667,0,0.7425532568053848,0.7333333333333333
2026-01-19 21:00:00,2026-01-19,20,178.91666,168.8694948667132,119.45915221773524,264.79492351569115,0,0.0001751767178229983,0.05,0,0.7356983772154718,0.7166666666666667
2026-01-19 22:00:00,2026-01-19,21,178.91666,160.9676982903954,109.03486178529276,239.294034795498,0,0.0001596632331892209,0.0,0,0.6137442884689809,0.6
2026-01-19 23:00:00,2026-01-19,22,173.91666,146.34539812086987,115.89542392619286,194.8775883155469,0,0.00020488287192214902,0.0,0,0.1769122238030836,0.08333333333333333
2026-01-20 00:00:00,2026-01-19,23,174.33117,119.51279231788236,73.27549384047481,142.9032507952899,0,0.010099750255770836,0.025,0,0.004388601480850351,0.008333333333333333
2026-01-20 01:00:00,2026-01-20,0,174.33117,170.8086121947603,136.00680370327063,192.02990068625,0,0.04690870080034025,0.025,0,0.0006180400290525864,0.0
2026-01-20 02:00:00,2026-01-20,1,174.33117,168.44976383882698,146.33831278555695,187.951494892097,0,0.04664499276183578,0.025,0,0.0006781007319247983,0.0
2026-01-20 03:00:00,2026-01-20,2,174.33117,168.3619869361718,149.76557804955831,191.75418582278533,0,0.05423030429221507,0.025,0,0.0006599754541400948,0.0
2026-01-20 04:00:00,2026-01-20,3,174.33117,168.68837671842016,147.14232412517515,184.6702893116652,0,0.04082434667803451,0.025,0,0.0004815468608523023,0.0
2026-01-20 05:00:00,2026-01-20,4,176.23117,171.0902497491622,153.13302542312888,178.81456407519556,0,0.018861358386240198,0.016666666666666666,0,0.0005869154292891114,0.008333333333333333
2026-01-20 06:00:00,2026-01-20,5,176.33117,170.13628705351914,147.09148410019154,183.4406200068467,0,0.015537554412302238,0.025,0,0.0008267440739648586,0.008333333333333333
2026-01-20 07:00:00,2026-01-20,6,176.23117,169.88523326720068,146.19254272082435,193.85207381357696,0,0.011573363543956106,0.008333333333333333,0,0.0008823420056183216,0.008333333333333333
2026-01-20 08:00:00,2026-01-20,7,174.33117,166.354536923603,138.8891712754604,197.4020125717456,0,0.02142832115021647,0.016666666666666666,0,0.0008925025739381409,0.0
2026-01-20 09:00:00,2026-01-20,8,174.33117,166.45595101833285,128.9576282107027,204.40873382596305,0,0.022903028260841677,0.03333333333333333,0,0.0009347835363129573,0.0
2026-01-20 10:00:00,2026-01-20,9,174.33117,171.856399110063,122.32842240580408,219.7298658143219,0,0.005419979437174,0.03333333333333333,0,0.0026344652927648205,0.0
2026-01-20 11:00:00,2026-01-20,10,174.33117,170.82727163896928,130.13645541116375,213.8926478667748,0,0.009732516767021469,0.0,0,0.0036929455676027903,0.0
2026-01-20 12:00:00,2026-01-20,11,174.33117,176.21474314106263,144.8046187666216,216.35114751550373,0,0.002231221654515248,0.008333333333333333,0,0.0069469421931971885,0.0
2026-01-20 13:00:00,2026-01-20,12,176.23117,175.25666941117123,128.04758008637864,247.6884587359638,0,0.002397549659704787,0.025,0,0.004578438215304063,0.008333333333333333
2026-01-20 14:00:00,2026-01-20,13,176.33117,180.40862004235703,142.01292554363877,238.17098454107528,0,0.00044664501454629165,0.0,0,0.030214923411251544,0.016666666666666666
2026-01-20 15:00:00,2026-01-20,14,176.33117,188.25079664457024,144.55495131499816,268.6445519741424,0,0.000410631889521854,0.008333333333333333,0,0.05583823281741156,0.06666666666666667
2026-01-20 16:00:00,2026-01-20,15,176.33117,189.68248445775572,133.69650635098634,273.66453256452513,0,0.00031325068128514375,0.008333333333333333,0,0.06437280526305243,0.075
2026-01-20 17:00:00,2026-01-20,16,178.33117,195.8628414285245,149.45585769615948,293.9570851608895,0,0.00020023163958267297,0.0,0,0.11808556294920335,0.1
2026-01-20 18:00:00,2026-01-20,17,181.33117,222.50334422323343,163.78990803064178,345.65301041582507,0,0.00020058899746957514,0.0,0,0.32073916226823906,0.225
2026-01-20 19:00:00,2026-01-20,18,191.33117,234.492647760574,178.4733353056943,343.77502021545365,0,0.00019593871569825255,0.03333333333333333,0,0.3268997144570033,0.48333333333333334
2026-01-20 20:00:00,2026-01-20,19,181.33117,232.19365218806885,179.1199536528723,345.79694072326544,0,0.00019593871569825255,0.075,0,0.3268997144570033,0.5166666666666667
2026-01-20 21:00:00,2026-01-20,20,181.33117,219.2993113024285,161.05581720915143,317.94725539570567,0,0.00019593871569825255,0.058333333333333334,0,0.3546155444470852,0.2833333333333333
2026-01-20 22:00:00,2026-01-20,21,178.33117,206.11138473232072,159.35962804113336,290.60112142350806,0,0.00023907418544060206,0.008333333333333333,0,0.26084352207752337,0.11666666666666667
2026-01-20 23:00:00,2026-01-20,22,176.33117,196.19861164765013,174.4824959401288,236.0259473551714,0,0.00023167020644559034,0.0,0,0.10178417526007699,0.041666666666666664
2026-01-21 00:00:00,2026-01-20,23,175.89024,177.7779751843401,138.2087102714318,205.8081800972484,0,0.004626080624544212,0.03333333333333333,0,0.003996063939286742,0.008333333333333333
2026-01-21 01:00:00,2026-01-21,0,175.89024,175.0059379257487,149.21380151757245,194.246454333925,0,0.10024753081891279,0.03333333333333333,0,0.00037382223210154973,0.0
2026-01-21 02:00:00,2026-01-21,1,175.89024,176.16034992668494,158.30103764098152,192.8858022123884,0,0.08677856999397793,0.03333333333333333,0,0.0003061509242505276,0.0
2026-01-21 03:00:00,2026-01-21,2,175.89024,176.17336652169496,159.22678954962228,195.48607349376763,0,0.10589142461033084,0.041666666666666664,0,0.0003061509242505276,0.0
2026-01-21 04:00:00,2026-01-21,3,175.89024,176.24599711207327,160.54840300726235,186.2880712168842,0,0.09052070973969749,0.03333333333333333,0,0.0003061509242505276,0.0
2026-01-21 05:00:00,2026-01-21,4,175.89024,179.118227078191,164.61521337646298,187.33274077991908,0,0.04072373975859122,0.025,0,0.0005723096898345378,0.008333333333333333
2026-01-21 06:00:00,2026-01-21,5,177.89024,184.6148349723864,166.16486923557062,205.63174070920212,0,0.04792667946022339,0.025,0,0.0005874398816475115,0.008333333333333333
2026-01-21 07:00:00,2026-01-21,6,175.89024,189.1993024597924,169.87616370731058,216.1249512122742,0,0.044963085152313176,0.008333333333333333,0,0.000704247229688847,0.008333333333333333
2026-01-21 08:00:00,2026-01-21,7,175.89024,189.08402444935533,161.21704540630668,217.20704349240407,0,0.044063580975862895,0.008333333333333333,0,0.00047336633923477056,0.008333333333333333
2026-01-21 09:00:00,2026-01-21,8,175.89024,192.2311215667804,148.35740656326234,232.3295765702984,0,0.03782470297403006,0.025,0,0.00047336633923477056,0.0
2026-01-21 10:00:00,2026-01-21,9,175.89024,197.8509505893178,143.85050712967907,251.4587340489565,0,0.018350348402185024,0.025,0,0.0009600931143617076,0.0
2026-01-21 11:00:00,2026-01-21,10,175.89024,199.96467808049564,161.03772859067158,247.1194075703197,0,0.003877490895153657,0.0,0,0.0013644948380961577,0.0
2026-01-21 12:00:00,2026-01-21,11,175.89024,205.4559701842339,172.8246585776051,243.85210179086263,0,0.002501510658124675,0.008333333333333333,0,0.003634630850383976,0.0
2026-01-21 13:00:00,2026-01-21,12,175.89024,209.22543448791905,164.08317081362384,266.8823281622143,0,0.002528942976142542,0.008333333333333333,0,0.011789318651438513,0.016666666666666666
2026-01-21 14:00:00,2026-01-21,13,175.89024,214.28274953558932,181.6934303686045,255.75117870257412,0,0.00039871318317833,0.0,0,0.01998153056961779,0.025
2026-01-21 15:00:00,2026-01-21,14,177.89024,214.43119659280725,181.83416957629595,265.8169336093186,0,0.0003276311753623447,0.008333333333333333,0,0.02371663967478941,0.06666666666666667
2026-01-21 16:00:00,2026-01-21,15,188.09024,209.6200414038485,171.0914507128865,258.9176820948105,0,0.0003276311753623447,0.008333333333333333,0,0.020986324350544597,0.06666666666666667
2026-01-21 17:00:00,2026-01-21,16,188.09024,214.3828853835921,196.2282202846226,267.60725048256165,0,0.0003276311753623447,0.0,0,0.022597162582941338,0.08333333333333333
2026-01-21 18:00:00,2026-01-21,17,205.89024,224.0298609314911,187.09829150256277,301.5498603604195,0,0.0003276311753623447,0.0,0,0.08841839891042068,0.058333333333333334
2026-01-21 19:00:00,2026-01-21,18,205.89024,228.928622105162,188.9576270025527,309.48982720777127,0,0.0002212017932669777,0.041666666666666664,0,0.16224824608268057,0.16666666666666666
2026-01-21 20:00:00,2026-01-21,19,195.89024,227.06061230481595,194.41944648762447,301.03470812200743,0,0.00031550482241112193,0.075,0,0.10256947851117647,0.275
2026-01-21 21:00:00,2026-01-21,20,188.09024,226.35196031295555,186.0349946328731,293.39659599303803,0,0.0003276311753623447,0.06666666666666667,0,0.07134724840936606,0.19166666666666668
2026-01-21 22:00:00,2026-01-21,21,188.09024,219.48512364703464,171.72876504712454,286.90089224694475,0,0.00038984575464854135,0.008333333333333333,0,0.03389642753062492,0.09166666666666666
2026-01-21 23:00:00,2026-01-21,22,180.89024,211.846262107052,182.67663266891563,248.8240415451884,0,0.0006117686735024608,0.0,0,0.015173864928011274,0.041666666666666664
2026-01-22 00:00:00,2026-01-21,23,181.84677,191.43198013942452,155.17631156250704,229.28680871634208,0,0.03895477528740723,0.03333333333333333,0,0.000731950256482352,0.0
2026-01-22 01:00:00,2026-01-22,0,181.84677,180.76411997996013,158.71475545668645,207.61966450323385,0,0.08572118404995649,0.025,0,0.00038382985235211464,0.0
2026-01-22 02:00:00,2026-01-22,1,181.84677,180.9741949028268,166.33546483539794,201.23638497025567,0,0.08428331670341875,0.03333333333333333,0,0.00031240303464371715,0.0
2026-01-22 03:00:00,2026-01-22,2,181.84677,181.3308058403802,163.95682012432067,201.6044215564397,0,0.08743150003303304,0.03333333333333333,0,0.00031240303464371715,0.0
2026-01-22 04:00:00,2026-01-22,3,181.84677,182.3590766022349,166.65867874886436,198.5058644556055,0,0.09133794399732086,0.025,0,0.00031240303464371715,0.0
2026-01-22 05:00:00,2026-01-22,4,181.84677,185.46507344569835,171.38810411834174,203.88404277305492,0,0.05267321578256986,0.016666666666666666,0,0.00031240303464371715,0.008333333333333333
2026-01-22 06:00:00,2026-01-22,5,181.84677,191.91300048492133,171.81213556304485,217.7351254067979,0,0.04556817418926107,0.025,0,0.0005094381654754121,0.008333333333333333
2026-01-22 07:00:00,2026-01-22,6,181.84677,197.1139029730517,178.86946060552214,232.1857453405813,0,0.03334228403917388,0.008333333333333333,0,0.0004955743146822876,0.008333333333333333
2026-01-22 08:00:00,2026-01-22,7,181.84677,197.7375187813749,165.72666571436355,232.8047918483862,0,0.029425861100254067,0.008333333333333333,0,0.000647706131638272,0.008333333333333333
2026-01-22 09:00:00,2026-01-22,8,181.84677,199.4931803080505,154.14110855587197,248.73226206022903,0,0.032957146998463874,0.016666666666666666,0,0.0004978278066117705,0.0
2026-01-22 10:00:00,2026-01-22,9,181.84677,207.62784381843937,152.39882281821895,268.1801048186598,0,0.002737393420099248,0.016666666666666666,0,0.0015250472002638963,0.0
2026-01-22 11:00:00,2026-01-22,10,181.84677,209.7987420739352,168.63215296609428,260.6898611817761,0,0.0019587592408104528,0.0,0,0.0033382864183298514,0.0
2026-01-22 12:00:00,2026-01-22,11,181.84677,210.42678628230263,176.9594695608373,252.1027630037679,0,0.0016960892397753938,0.0,0,0.003672588561690989,0.0
2026-01-22 13:00:00,2026-01-22,12,181.84677,213.25550278032543,163.70025231362305,267.21121324702784,0,0.0007208140828624375,0.008333333333333333,0,0.008838440725015082,0.016666666666666666
2026-01-22 14:00:00,2026-01-22,13,191.16677,218.522341841626,178.0761436848892,268.0489899983628,0,0.0003515743543602306,0.0,0,0.01941021208932904,0.025
2026-01-22 15:00:00,2026-01-22,14,191.16677,220.61640606895725,181.9208558385432,267.8660162993713,0,0.0003515743543602306,0.008333333333333333,0,0.01427008086514439,0.06666666666666667
2026-01-22 16:00:00,2026-01-22,15,195.84677,216.1184366097605,183.53400596167185,253.58037725784916,0,0.0003515743543602306,0.008333333333333333,0,0.014963175382093958,0.075
2026-01-22 17:00:00,2026-01-22,16,195.84677,216.98638072079643,199.96250169923832,253.3400897423545,0,0.0003515743543602306,0.0,0,0.012327883692086348,0.075
2026-01-22 18:00:00,2026-01-22,17,210.84677,226.7179199997995,195.73455288085225,277.9860571187468,0,0.0002495879179223672,0.0,0,0.05655728197865141,0.041666666666666664
2026-01-22 19:00:00,2026-01-22,18,220.84677,229.7951449650392,207.35092080019837,276.5904991298801,0,0.00023166087722361202,0.041666666666666664,0,0.060906718727387434,0.15
2026-01-22 20:00:00,2026-01-22,19,195.84677,221.91828982873045,203.7167564706864,254.71034318677448,0,0.00023466253423641575,0.075,0,0.02988637163571318,0.25833333333333336
2026-01-22 21:00:00,2026-01-22,20,195.84677,216.14722376090003,188.83579283561264,256.8836446861874,0,0.0003515743543602306,0.075,0,0.022058050478047375,0.15
2026-01-22 22:00:00,2026-01-22,21,191.16677,211.83420251475624,167.7034055212398,271.15012950827264,0,0.0003515743543602306,0.008333333333333333,0,0.018067706928588015,0.05
2026-01-22 23:00:00,2026-01-22,22,191.16677,202.9935932580168,171.8371885589876,244.4378479570459,0,0.009690287910986603,0.0,0,0.0035114109395784233,0.025
2026-01-23 00:00:00,2026-01-22,23,196.7875,196.3302145916141,168.73406031868814,225.75943886454,0,0.07417598296226387,0.025,0,0.0005929622935756314,0.0
2026-01-23 01:00:00,2026-01-23,0,196.7875,195.32214697540508,179.14338962022464,212.0780343305855,0,0.028999774567086665,0.016666666666666666,0,0.0003915206565744448,0.0
2026-01-23 02:00:00,2026-01-23,1,196.7875,194.57954424849004,183.36371074312893,205.2909577538512,0,0.02363592640263483,0.016666666666666666,0,0.0003915206565744448,0.008333333333333333
2026-01-23 03:00:00,2026-01-23,2,196.7875,194.9136206646259,177.92350609039653,212.55749523885527,0,0.028999774567086665,0.016666666666666666,0,0.0003915206565744448,0.008333333333333333
2026-01-23 04:00:00,2026-01-23,3,196.7875,195.46177858220528,180.6283673210532,206.97151984335736,0,0.025454354332544765,0.016666666666666666,0,0.0003915206565744448,0.008333333333333333
2026-01-23 05:00:00,2026-01-23,4,196.7875,197.95478981466812,189.4266244640129,210.34984516532344,0,0.00582801116885808,0.008333333333333333,0,0.0003854956390440846,0.008333333333333333
2026-01-23 06:00:00,2026-01-23,5,196.7875,197.12347125564293,183.5668407109839,222.36817180030195,0,0.011182206704542768,0.016666666666666666,0,0.000397896826850966,0.016666666666666666
2026-01-23 07:00:00,2026-01-23,6,196.7875,199.2814210991248,180.9439136270063,226.33444857124329,0,0.0025557098006265522,0.008333333333333333,0,0.0004575811680624778,0.016666666666666666
2026-01-23 08:00:00,2026-01-23,7,196.7875,200.4503980763116,171.9265731693342,231.2883429832889,0,0.002082957096954843,0.008333333333333333,0,0.000637180030186588,0.008333333333333333
2026-01-23 09:00:00,2026-01-23,8,196.7875,202.333099886191,166.2815156352302,244.30423413715175,0,0.002082957096954843,0.016666666666666666,0,0.000698731652723315,0.0
2026-01-23 10:00:00,2026-01-23,9,196.7875,203.4413696917194,153.88594274551556,252.6728466379232,0,0.0018447957072168235,0.016666666666666666,0,0.0027174845891345767,0.0
2026-01-23 11:00:00,2026-01-23,10,196.7875,203.60021618042725,167.71665741984378,242.3516549410107,0,0.0015857425038454287,0.0,0,0.0017926114693723,0.0
2026-01-23 12:00:00,2026-01-23,11,196.7875,200.85720711996143,172.58454938500844,231.67917485491444,0,0.0018313546726795296,0.008333333333333333,0,0.002318067778345079,0.0
2026-01-23 13:00:00,2026-01-23,12,196.7875,201.7366235316184,160.33388325363669,240.0516638096001,0,0.0018313546726795296,0.016666666666666666,0,0.0028380658229446767,0.016666666666666666
2026-01-23 14:00:00,2026-01-23,13,196.7875,205.2204554142633,173.66030083121498,241.7927599973116,0,0.0009205241802356049,0.0,0,0.005713457191886941,0.016666666666666666
2026-01-23 15:00:00,2026-01-23,14,207.7875,205.35840623833985,176.20822662781697,237.97512584886272,0,0.0009523014288565972,0.008333333333333333,0,0.005713457191886941,0.05
2026-01-23 16:00:00,2026-01-23,15,211.3075,206.7524748278655,180.7309260369344,234.24349361879652,0,0.0005425629683638793,0.008333333333333333,0,0.010821600282645448,0.05
2026-01-23 17:00:00,2026-01-23,16,211.3075,208.16510920582164,190.98078648555304,234.1808219260902,0,0.00027010024518238476,0.008333333333333333,0,0.009987746023565518,0.05
2026-01-23 18:00:00,2026-01-23,17,211.7875,215.6926126143988,204.2762557772525,238.86223945154512,0,0.00015620598548332193,0.008333333333333333,0,0.02918805168760498,0.025
2026-01-23 19:00:00,2026-01-23,18,220.7875,216.09606523459257,212.0609419222684,231.58947854691672,0,0.00010011746003533025,0.041666666666666664,0,0.03591342760483396,0.125
2026-01-23 20:00:00,2026-01-23,19,211.7875,206.03012845432195,197.38265208408475,223.8782048245592,0,0.0002166385673562805,0.075,0,0.02162060484730946,0.24166666666666667
2026-01-23 21:00:00,2026-01-23,20,220.7875,204.07201042881744,183.7722820078893,233.4467188497456,0,0.0002735789337172622,0.075,0,0.01650640258835852,0.13333333333333333
2026-01-23 22:00:00,2026-01-23,21,211.7875,200.2577083042852,161.5373436802175,244.34141292835275,0,0.0011388934509028365,0.008333333333333333,0,0.004746237756548364,0.03333333333333333
2026-01-23 23:00:00,2026-01-23,22,211.3075,196.800335270873,174.98605250784283,225.3603880339032,0,0.009994517865046943,0.0,0,0.0022928918143054495,0.008333333333333333
2026-01-24 00:00:00,2026-01-23,23,236.7244,203.1521353921648,175.67052139559493,231.5080593887347,0,0.06293628429706416,0.03333333333333333,0,0.0007106805377473737,0.016666666666666666
2026-01-24 01:00:00,2026-01-24,0,231.7244,235.0938108875613,217.51028703368345,251.44674474143923,0,0.0033049576581382877,0.016666666666666666,0,0.0004908316796880147,0.008333333333333333
2026-01-24 02:00:00,2026-01-24,1,201.7244,235.14979644689527,221.5398376286396,245.40864526515105,0,0.0029729719893364114,0.008333333333333333,0,0.0004908316796880147,0.008333333333333333
2026-01-24 03:00:00,2026-01-24,2,201.7244,234.1907130268036,215.25450645163653,250.79093960197065,0,0.0030785090641543477,0.008333333333333333,0,0.0004990805254199201,0.016666666666666666
2026-01-24 04:00:00,2026-01-24,3,201.7244,234.10983345782464,219.2275543026112,245.21840261303808,0,0.002460389840245926,0.008333333333333333,0,0.0004990805254199201,0.016666666666666666
2026-01-24 05:00:00,2026-01-24,4,201.7244,234.13675933448764,223.8445432669075,244.98623540206785,0,0.002706600248767389,0.008333333333333333,0,0.0004990805254199201,0.008333333333333333
2026-01-24 06:00:00,2026-01-24,5,201.7244,225.3061152771704,208.44553481605783,246.79563573828304,0,0.0019169720294707365,0.008333333333333333,0,0.00035050446683048737,0.016666666666666666
2026-01-24 07:00:00,2026-01-24,6,201.7244,224.6464939381468,206.53378528357763,249.32196259271603,0,0.004338972228830978,0.008333333333333333,0,0.0003197379411888991,0.016666666666666666
2026-01-24 08:00:00,2026-01-24,7,201.7244,224.51329961590724,200.3735469420044,252.7438222898101,0,0.0018185390995635459,0.008333333333333333,0,0.0003367599452150859,0.008333333333333333
2026-01-24 09:00:00,2026-01-24,8,201.7244,224.11502836904376,192.14381096702093,265.1436457710666,0,0.0018513207363951372,0.016666666666666666,0,0.0003367599452150859,0.0
2026-01-24 10:00:00,2026-01-24,9,201.7244,222.78161413399832,177.18758436754885,269.9384539004479,0,0.0037295040823677192,0.016666666666666666,0,0.0004884969669794848,0.0
2026-01-24 11:00:00,2026-01-24,10,201.7244,224.0639183151514,194.8717463933682,261.33176023693454,0,0.0015913527245049268,0.0,0,0.0006819794970811381,0.0
2026-01-24 12:00:00,2026-01-24,11,201.7244,219.56638060724785,195.46814672954525,247.6171644849505,0,0.006503530212437452,0.008333333333333333,0,0.0009981758204694762,0.0
2026-01-24 13:00:00,2026-01-24,12,201.7244,220.98785627576632,183.9414626918341,259.49790985969867,0,0.006435162662522288,0.025,0,0.0009981758204694762,0.008333333333333333
2026-01-24 14:00:00,2026-01-24,13,201.7244,221.4126431407194,189.15338442929976,256.29234185213903,0,0.005896906734870912,0.0,0,0.0012800178836305774,0.016666666666666666
2026-01-24 15:00:00,2026-01-24,14,201.7244,224.933346986819,194.7545618553273,255.2454621183108,0,0.0014121780225246532,0.008333333333333333,0,0.0013009799625560599,0.03333333333333333
2026-01-24 16:00:00,2026-01-24,15,206.7244,228.5210391624615,204.04160728458743,260.2514410403356,0,0.0004056567476724196,0.016666666666666666,0,0.0044907457298860665,0.041666666666666664
2026-01-24 17:00:00,2026-01-24,16,211.7244,230.07089895293643,209.31633545003623,255.99055245583665,0,0.0002722268954878024,0.008333333333333333,0,0.005478994003957958,0.03333333333333333
2026-01-24 18:00:00,2026-01-24,17,241.9144,227.64295429507783,214.56127641088025,254.4974821792754,0,0.00029916002833996907,0.041666666666666664,0,0.012733670095573206,0.016666666666666666
2026-01-24 19:00:00,2026-01-24,18,241.9144,228.0075774310235,220.12268489708427,248.5911799649628,0,0.00031306891095995233,0.075,0,0.012749014054287936,0.125
2026-01-24 20:00:00,2026-01-24,19,241.9144,227.43786964689843,217.3928418816394,252.29525741215744,0,0.00029916002833996907,0.08333333333333333,0,0.011473767860769252,0.23333333333333334
2026-01-24 21:00:00,2026-01-24,20,211.7244,227.16248896687145,208.1204950064452,261.6898629272977,0,0.00033808093271747405,0.08333333333333333,0,0.00604231111285554,0.13333333333333333
2026-01-24 22:00:00,2026-01-24,21,211.7244,227.11644380074097,191.25737699225712,275.2725706092249,0,0.00030958025188525636,0.016666666666666666,0,0.004818058293247902,0.041666666666666664
2026-01-24 23:00:00,2026-01-24,22,241.9144,224.11794972305944,205.2580243798544,254.48534506626453,0,0.00039863476799198796,0.0,0,0.0022945208033627,0.016666666666666666
2026-01-25 00:00:00,2026-01-24,23,227.85962,234.4906129029386,189.20379314587476,270.1069926600025,0,0.0010933197384113778,0.016666666666666666,0,0.0015742748634900465,0.025
2026-01-25 01:00:00,2026-01-25,0,227.85962,226.2765658697615,206.9741018472824,237.1628798922406,0,0.0018138280209225382,0.016666666666666666,0,0.0010906436384805766,0.008333333333333333
2026-01-25 02:00:00,2026-01-25,1,227.85962,225.3292510421191,200.33327358044173,239.94150850379648,0,0.00146295950958565,0.016666666666666666,0,0.0008303418917520639,0.008333333333333333
2026-01-25 03:00:00,2026-01-25,2,227.85962,223.9975228940499,193.46511632461323,242.79478946348652,0,0.003976271146888645,0.016666666666666666,0,0.0006356104751684558,0.008333333333333333
2026-01-25 04:00:00,2026-01-25,3,227.85962,224.0301440391557,196.163028680984,242.53513939732747,0,0.004272092015841257,0.016666666666666666,0,0.00041745083147965535,0.008333333333333333
2026-01-25 05:00:00,2026-01-25,4,227.85962,223.88952675600405,200.9039928474093,235.5032706645988,0,0.0038125803766343564,0.008333333333333333,0,0.00045182977960411206,0.008333333333333333
2026-01-25 06:00:00,2026-01-25,5,227.85962,213.83671672658545,183.2520324215781,233.02515103159283,0,0.02655108298715942,0.008333333333333333,0,0.00042890361385769033,0.016666666666666666
2026-01-25 07:00:00,2026-01-25,6,217.92962,213.4782765362713,187.8883586561755,245.21810441636708,0,0.025021017353583412,0.008333333333333333,0,0.000431572865429597,0.008333333333333333
2026-01-25 08:00:00,2026-01-25,7,217.92962,213.4922404135892,179.40035680928915,248.12868401788927,0,0.024543893360593094,0.008333333333333333,0,0.0006822857634622885,0.008333333333333333
2026-01-25 09:00:00,2026-01-25,8,217.85962,212.41798910837767,178.00992101327654,242.1333872034788,0,0.024031839172346622,0.016666666666666666,0,0.0006822857634622885,0.0
2026-01-25 10:00:00,2026-01-25,9,217.85962,213.14215469917312,184.9920509409055,231.72686845744076,0,0.024031839172346622,0.03333333333333333,0,0.0011913917377981565,0.0
2026-01-25 11:00:00,2026-01-25,10,217.85962,214.09940502407105,185.045772850082,240.9781171980601,0,0.02035228025913052,0.0,0,0.0016393251845228268,0.0
2026-01-25 12:00:00,2026-01-25,11,217.85962,208.82366294961403,182.0818546263866,228.31435127284152,0,0.02316039872499476,0.016666666666666666,0,0.002437894832549707,0.0
2026-01-25 13:00:00,2026-01-25,12,217.85962,208.16353538061009,179.12492104756734,237.6375397136528,0,0.02280216489053064,0.025,0,0.002027619481464258,0.008333333333333333
2026-01-25 14:00:00,2026-01-25,13,217.92962,210.5391198254496,180.18554001614396,226.8680496347552,0,0.021192807091187784,0.008333333333333333,0,0.002701283166405128,0.008333333333333333
2026-01-25 15:00:00,2026-01-25,14,217.92962,213.9909701494039,186.0650381603056,235.21613213850225,0,0.01829424354752402,0.008333333333333333,0,0.0029143723506668976,0.025
2026-01-25 16:00:00,2026-01-25,15,217.92962,219.9386534414284,196.9749175076069,251.0752393752499,0,0.0022058132951799678,0.016666666666666666,0,0.004282541515760897,0.041666666666666664
2026-01-25 17:00:00,2026-01-25,16,227.85962,225.0522901669529,205.98777091937316,246.85940941453268,0,0.00046366016780348315,0.008333333333333333,0,0.013721912838484498,0.041666666666666664
2026-01-25 18:00:00,2026-01-25,17,253.85962,244.4786346710277,238.3956690058077,262.6229003362477,0,0.00016931577220041338,0.0,0,0.08859788539244445,0.025
2026-01-25 19:00:00,2026-01-25,18,253.85962,246.60816227766213,236.24565205625373,267.90202249907054,0,0.00014215836035329872,0.041666666666666664,0,0.08859788539244445,0.13333333333333333
2026-01-25 20:00:00,2026-01-25,19,253.85962,244.5945982133063,237.94761999143745,264.3595364351752,0,0.00015316032385826456,0.075,0,0.08859788539244445,0.25
2026-01-25 21:00:00,2026-01-25,20,253.85962,230.5551371188258,211.578967553132,268.4011266845196,0,0.0002499332735704263,0.075,0,0.048005449201296437,0.13333333333333333
2026-01-25 22:00:00,2026-01-25,21,232.85962,228.69009428235725,199.19200876555465,267.4068897991599,0,0.0002499332735704263,0.008333333333333333,0,0.05107318788232008,0.041666666666666664
2026-01-25 23:00:00,2026-01-25,22,232.85962,234.57670407243285,204.57709234821573,260.60256579665,0,0.00021265081032784778,0.0,0,0.04878053402575752,0.025
2026-01-26 00:00:00,2026-01-25,23,235.5724,227.18374032091708,199.1112310587001,253.55835958313403,0,0.0016756640564357002,0.016666666666666666,0,0.0029497611686703433,0.016666666666666666
2026-01-26 01:00:00,2026-01-26,0,235.5724,234.04711544115685,217.9467059210997,246.46422496121403,0,0.018638153681829566,0.016666666666666666,0,0.0005528122510136475,0.0
2026-01-26 02:00:00,2026-01-26,1,230.5724,233.8805468447552,219.3999834534674,250.98927023604296,0,0.018638153681829566,0.016666666666666666,0,0.0005393794484680871,0.0
2026-01-26 03:00:00,2026-01-26,2,230.5724,233.56144452420165,210.11818379371056,257.49378525469274,0,0.02931035960914428,0.016666666666666666,0,0.0007289381589035348,0.008333333333333333
2026-01-26 04:00:00,2026-01-26,3,230.5724,233.95357077842883,212.3229739216014,252.0191676352562,0,0.019665542549486447,0.016666666666666666,0,0.0007289381589035348,0.008333333333333333
2026-01-26 05:00:00,2026-01-26,4,235.5724,234.7263211135601,216.815185287712,253.39759693940812,0,0.007202733666660039,0.008333333333333333,0,0.0007974786168944047,0.0
2026-01-26 06:00:00,2026-01-26,5,248.5724,228.5609389589423,202.1930760812116,252.05451183667304,0,0.009094528136530541,0.016666666666666666,0,0.0013971120409166928,0.0
2026-01-26 07:00:00,2026-01-26,6,235.5724,229.5797695619309,203.2714958102995,257.3143833135623,0,0.014001616688759589,0.008333333333333333,0,0.0005425794546243026,0.0
2026-01-26 08:00:00,2026-01-26,7,235.5724,230.02078766552893,195.0652650207645,259.9030403102933,0,0.008280169098682063,0.008333333333333333,0,0.0005795478967834726,0.008333333333333333
2026-01-26 09:00:00,2026-01-26,8,235.5724,231.11030340685187,194.36269890079305,265.65668791291074,0,0.01568133534268473,0.016666666666666666,0,0.00031438050423997655,0.0
2026-01-26 10:00:00,2026-01-26,9,235.5724,233.96102838665115,199.51703925281225,272.35385752049,0,0.0014375157804372666,0.025,0,0.0012323718480391273,0.0
2026-01-26 11:00:00,2026-01-26,10,235.5724,235.5629418796705,202.66357506003496,279.546208699306,0,0.0013288005443877773,0.0,0,0.0018137881326773114,0.0
2026-01-26 12:00:00,2026-01-26,11,235.5724,236.0447311013857,203.438883903718,271.7973982990534,0,0.0013036178682595846,0.008333333333333333,0,0.0024523324622362035,0.0
2026-01-26 13:00:00,2026-01-26,12,235.5724,237.8010749108485,191.53827627366013,284.4357935480368,0,0.0011355283788217132,0.016666666666666666,0,0.003732465171288144,0.008333333333333333
2026-01-26 14:00:00,2026-01-26,13,248.5724,241.98964830415548,202.6675693726601,279.0591172356508,0,0.0009619249854127265,0.0,0,0.005381417206747559,0.016666666666666666
2026-01-26 15:00:00,2026-01-26,14,248.5724,245.688699099194,208.47996482692537,286.67261337146266,0,0.00044156044658984623,0.008333333333333333,0,0.009502649206521248,0.041666666666666664
2026-01-26 16:00:00,2026-01-26,15,248.5724,246.73155777854856,214.00822051558148,284.35275504151565,0,0.00028113785004716416,0.008333333333333333,0,0.010131030167093597,0.041666666666666664
2026-01-26 17:00:00,2026-01-26,16,252.5724,251.693775576475,231.0242139406809,289.57872721226903,0,0.00015491151928737968,0.0,0,0.02381620476238374,0.058333333333333334
2026-01-26 18:00:00,2026-01-26,17,291.5234,274.9940548158221,258.8738272726349,311.8237323590092,0,0.0001437939131897569,0.0,0,0.07673373362498691,0.025
2026-01-26 19:00:00,2026-01-26,18,291.5234,276.55011164020374,266.4544053802998,303.0155179001076,0,0.00014093477836429175,0.041666666666666664,0,0.08574073932200636,0.14166666666666666
2026-01-26 20:00:00,2026-01-26,19,291.5234,274.9979475972891,266.1253423372912,296.024522857287,0,0.00014093477836429175,0.075,0,0.08460263473556945,0.25833333333333336
2026-01-26 21:00:00,2026-01-26,20,291.5234,271.90523653484354,250.9894449392592,307.40891813042776,0,0.00016181992560676723,0.06666666666666667,0,0.06852266605204449,0.16666666666666666
2026-01-26 22:00:00,2026-01-26,21,252.5724,256.28580899164984,227.43614714963795,295.2011208336617,0,0.00014876904271013018,0.008333333333333333,0,0.03469558809393011,0.05
2026-01-26 23:00:00,2026-01-26,22,248.5724,251.391812974366,226.0902908532116,286.26406509552044,0,0.00018732873443771323,0.0,0,0.016000430860406867,0.025
2026-01-27 00:00:00,2026-01-26,23,259.32244,246.084229193228,217.95130317377595,276.82418521268005,0,0.0017374595901077877,0.025,0,0.0036855618860115002,0.016666666666666666
2026-01-27 01:00:00,2026-01-27,0,254.32244,257.48777687295524,244.0937945859029,278.1804791600075,0,0.009104619553470859,0.016666666666666666,0,0.00034881421420681307,0.008333333333333333
2026-01-27 02:00:00,2026-01-27,1,254.32244,256.7510953563184,244.20064110692863,281.28288960570814,0,0.008998544738669949,0.016666666666666666,0,0.00026149348652246995,0.008333333333333333
2026-01-27 03:00:00,2026-01-27,2,254.32244,256.53290992702097,240.85550227863357,284.9009175754084,0,0.008029780759789688,0.016666666666666666,0,0.00021141909858667327,0.008333333333333333
2026-01-27 04:00:00,2026-01-27,3,259.32244,257.041063269031,236.88955195190604,283.073694586156,0,0.008451354189404209,0.016666666666666666,0,0.00021141909858667327,0.008333333333333333
2026-01-27 05:00:00,2026-01-27,4,259.32244,256.88693426141464,238.66062666579435,284.688431857035,0,0.0033306391255334177,0.0,0,0.00030681723956139077,0.0
2026-01-27 06:00:00,2026-01-27,5,259.32244,249.5205897260423,223.26043739656689,285.3280820555176,0,0.003666544264375532,0.008333333333333333,0,0.0008129997990843926,0.0
2026-01-27 07:00:00,2026-01-27,6,259.32244,250.37339810125172,226.0187350835875,286.780441118916,0,0.010273749879440637,0.008333333333333333,0,0.0002988339233977057,0.0
2026-01-27 08:00:00,2026-01-27,7,259.32244,249.85248770882183,211.88858441132112,287.70656100632243,0,0.012810341144651849,0.008333333333333333,0,0.000259716092606737,0.008333333333333333
2026-01-27 09:00:00,2026-01-27,8,259.32244,249.6869435283037,203.1142515659762,294.94363549063115,0,0.010886938939463771,0.016666666666666666,0,0.0002549761801413958,0.0
2026-01-27 10:00:00,2026-01-27,9,259.32244,250.6173334097007,205.73793239071907,298.1218344286823,0,0.008009492817634745,0.03333333333333333,0,0.0005775766577180781,0.0
2026-01-27 11:00:00,2026-01-27,10,259.32244,251.0977559508952,202.01373715066288,300.61536475112746,0,0.004027436366607623,0.0,0,0.0008714951531125542,0.0
2026-01-27 12:00:00,2026-01-27,11,259.32244,251.50532699907097,210.33980314807383,305.3201408500682,0,0.004027436366607623,0.008333333333333333,0,0.001065022310195076,0.0
2026-01-27 13:00:00,2026-01-27,12,259.32244,253.3394273695069,195.36517629772263,320.8134984412912,0,0.0016861141142167232,0.016666666666666666,0,0.0019636878415269137,0.008333333333333333
2026-01-27 14:00:00,2026-01-27,13,265.32244,256.77563351787614,207.291119242821,319.15118779293124,0,0.00033620547220818045,0.0,0,0.010553467410870501,0.016666666666666666
2026-01-27 15:00:00,2026-01-27,14,265.32244,258.3496301282896,213.52726528694063,325.8295849696386,0,0.0002856509907953975,0.008333333333333333,0,0.018003083106554872,0.025
2026-01-27 16:00:00,2026-01-27,15,267.65544,259.1634037451608,216.5561167937516,320.6783206965699,0,0.0002117222047200886,0.016666666666666666,0,0.013992261043574187,0.03333333333333333
2026-01-27 17:00:00,2026-01-27,16,267.65544,263.66999734621453,232.2204042751458,324.59163041728334,0,0.00022114757767970265,0.008333333333333333,0,0.014153551362499526,0.03333333333333333
2026-01-27 18:00:00,2026-01-27,17,267.65544,286.54221120279533,260.7008011568693,356.4871312487213,0,0.0001592432408899836,0.0,0,0.06049805252395458,0.025
2026-01-27 19:00:00,2026-01-27,18,285.32244,290.30073995152713,265.6928242714735,353.6184756315807,0,9.694560543939088e-05,0.041666666666666664,0,0.09282325042087393,0.125
2026-01-27 20:00:00,2026-01-27,19,267.65544,285.97801092137547,262.4678545492584,342.9447672934925,0,0.0001859075308450646,0.075,0,0.06872222934353955,0.24166666666666667
2026-01-27 21:00:00,2026-01-27,20,267.65544,282.7599321580234,253.12540330407876,345.195431011968,0,0.0001859075308450646,0.06666666666666667,0,0.04706397437670784,0.13333333333333333
2026-01-27 22:00:00,2026-01-27,21,265.32244,270.3538709685321,240.5723579032501,330.306094033814,0,0.000227954989820683,0.008333333333333333,0,0.02179387071964288,0.041666666666666664
2026-01-27 23:00:00,2026-01-27,22,259.32244,261.3794124872344,233.8255753842916,306.08912959017715,0,0.00028443253027844576,0.0,0,0.00894216682131582,0.016666666666666666
2026-01-28 00:00:00,2026-01-27,23,253.93714,260.45564566914163,229.66011110454957,288.02098023373367,0,0.00633832763078884,0.025,0,0.0008283786823450094,0.016666666666666666
2026-01-28 01:00:00,2026-01-28,0,253.93714,252.25587064104792,234.9843135697409,268.241087712355,0,0.004502587583123075,0.016666666666666666,0,0.00032882186517951465,0.008333333333333333
2026-01-28 02:00:00,2026-01-28,1,253.93714,252.48253068667785,238.06712119830485,270.7659501750509,0,0.0038965013823811074,0.016666666666666666,0,0.00027873903231123503,0.008333333333333333
2026-01-28 03:00:00,2026-01-28,2,253.93714,252.175907511618,232.73282160591916,274.56788341731686,0,0.003697851340575093,0.016666666666666666,0,0.00027873903231123503,0.008333333333333333
2026-01-28 04:00:00,2026-01-28,3,253.93714,252.08137991286145,233.88792483620176,270.0525849895212,0,0.003312847474154685,0.016666666666666666,0,0.0007322679592758754,0.008333333333333333
2026-01-28 05:00:00,2026-01-28,4,254.86714,252.75115181832035,238.9276248062441,271.27910883039647,0,0.0009567928596368107,0.0,0,0.0007322679592758754,0.0
2026-01-28 06:00:00,2026-01-28,5,254.86714,249.93982161208547,229.3003134939576,277.0926497302132,0,0.0013840494957105454,0.008333333333333333,0,0.0008435972387498245,0.0
2026-01-28 07:00:00,2026-01-28,6,254.86714,250.04181261907937,230.1939262069403,281.1998990312185,0,0.002996586878264856,0.008333333333333333,0,0.0009439369505870967,0.0
2026-01-28 08:00:00,2026-01-28,7,253.93714,251.5981470186212,222.6139238574759,286.08343017976654,0,0.0017567906704318013,0.008333333333333333,0,0.0006706071873909577,0.008333333333333333
2026-01-28 09:00:00,2026-01-28,8,253.93714,250.8602775824754,216.0187305680473,292.09564459690347,0,0.0017567906704318013,0.016666666666666666,0,0.0006920007446913245,0.0
2026-01-28 10:00:00,2026-01-28,9,254.86714,253.29029806279212,219.77349159460425,294.16348453098004,0,0.0006883079538510794,0.016666666666666666,0,0.0018275110300890003,0.0
2026-01-28 11:00:00,2026-01-28,10,254.86714,255.205020221726,218.18401514316332,297.7883653002886,0,0.0005937680593250587,0.0,0,0.0034355087406322663,0.0
2026-01-28 12:00:00,2026-01-28,11,254.86714,256.90891563927323,225.4177559981561,301.4575652803903,0,0.0005742872801320359,0.008333333333333333,0,0.005072913643464742,0.0
2026-01-28 13:00:00,2026-01-28,12,254.86714,260.5689678754112,215.76013158640856,318.1615941644139,0,0.0004001760014158077,0.016666666666666666,0,0.0039926693537770085,0.016666666666666666
2026-01-28 14:00:00,2026-01-28,13,261.93714,262.4645736409375,228.5171773811048,316.0296699007701,0,0.00035068922021973405,0.0,0,0.007008198588895075,0.016666666666666666
2026-01-28 15:00:00,2026-01-28,14,261.93714,263.6190726380137,229.22985652899777,315.4328987470296,0,0.00015920809901418028,0.008333333333333333,0,0.013717434778657356,0.03333333333333333
2026-01-28 16:00:00,2026-01-28,15,264.93714,264.54809308747974,231.20551679492047,312.806499380039,0,8.90627452274335e-05,0.0,0,0.01578119863056077,0.03333333333333333
2026-01-28 17:00:00,2026-01-28,16,264.93714,265.77946129303405,245.9674420781924,313.2225105078757,0,8.90627452274335e-05,0.0,0,0.021111684483236415,0.03333333333333333
2026-01-28 18:00:00,2026-01-28,17,264.93714,276.74941760310963,261.07877116575867,324.5294840404606,0,8.744894879534231e-05,0.008333333333333333,0,0.06262320898720002,0.016666666666666666
2026-01-28 19:00:00,2026-01-28,18,266.93714,283.23763623233606,268.12693479288464,325.37094767178746,0,8.547950435369455e-05,0.03333333333333333,0,0.08005461860105481,0.11666666666666667
2026-01-28 20:00:00,2026-01-28,19,264.93714,273.9185376968554,259.64532659129475,312.0074288024161,0,8.744894879534231e-05,0.06666666666666667,0,0.05436609934454084,0.23333333333333334
2026-01-28 21:00:00,2026-01-28,20,264.93714,271.77048738349737,245.7319221792189,318.0756325877757,0,9.667567017798587e-05,0.06666666666666667,0,0.045884040118368725,0.13333333333333333
2026-01-28 22:00:00,2026-01-28,21,264.93714,268.4174840547865,236.9331731901803,315.27803491939267,0,7.956429924201012e-05,0.0,0,0.02028324000734123,0.041666666666666664
2026-01-28 23:00:00,2026-01-28,22,254.86714,262.64027837191725,234.00880665620755,293.8891900876269,0,0.00021017937386184814,0.0,0,0.006964396999594851,0.016666666666666666
2026-01-29 00:00:00,2026-01-28,23,242.61517,255.09297225417413,218.484456444082,281.0099680642662,0,0.0026634179270416877,0.025,0,0.0004978984685301764,0.0
2026-01-29 01:00:00,2026-01-29,0,242.61517,241.3119983204664,216.31635894949417,250.61494769143852,0,0.009877251685185098,0.016666666666666666,0,0.00025854922243607277,0.008333333333333333
2026-01-29 02:00:00,2026-01-29,1,242.61517,241.49858921138292,214.23624914395404,250.54588927881176,0,0.009877251685185098,0.016666666666666666,0,0.00025854922243607277,0.008333333333333333
2026-01-29 03:00:00,2026-01-29,2,242.61517,240.7838945046854,209.13285878862584,257.7832102207449,0,0.029487416650580803,0.016666666666666666,0,0.00025854922243607277,0.008333333333333333
2026-01-29 04:00:00,2026-01-29,3,242.61517,241.0803567130688,214.45225885969816,250.09816456643927,0,0.0060653487828349825,0.016666666666666666,0,0.00025854922243607277,0.008333333333333333
2026-01-29 05:00:00,2026-01-29,4,242.73817,241.95725271290715,222.7304233855505,250.2308020402637,0,0.002073328389580953,0.0,0,0.0005231581544279686,0.0
2026-01-29 06:00:00,2026-01-29,5,242.73817,238.55059306569987,215.2713381438233,257.4687779875764,0,0.0033700369773450806,0.008333333333333333,0,0.0005292389884863854,0.0
2026-01-29 07:00:00,2026-01-29,6,242.73817,238.80119627552395,215.1684659970868,259.9737265539611,0,0.003239795584724989,0.008333333333333333,0,0.0005292389884863854,0.0
2026-01-29 08:00:00,2026-01-29,7,242.61517,240.1209747807089,214.38872174617924,264.5976178152385,0,0.0031218367902578602,0.008333333333333333,0,0.0002447384548407155,0.008333333333333333
2026-01-29 09:00:00,2026-01-29,8,242.61517,240.5386441410985,215.9033417211484,274.46950656104866,0,0.0031218367902578602,0.016666666666666666,0,0.0002791920711380333,0.0
2026-01-29 10:00:00,2026-01-29,9,242.73817,241.90659637231948,217.9561619870115,273.4122507576274,0,0.001674605039243465,0.016666666666666666,0,0.0013100061266424954,0.0
2026-01-29 11:00:00,2026-01-29,10,242.73817,244.00290344237203,220.52682039107407,274.09874649367,0,0.0006383260050926405,0.0,0,0.0013126529157739782,0.0
2026-01-29 12:00:00,2026-01-29,11,242.61517,246.72621585407344,226.0943301221308,270.9877115860161,0,0.0006899970682078086,0.008333333333333333,0,0.0026100912435940414,0.0
2026-01-29 13:00:00,2026-01-29,12,242.73817,250.03484314939817,218.3948705872641,283.56145571153223,0,0.0005179706487516139,0.016666666666666666,0,0.0025817111482719863,0.016666666666666666
2026-01-29 14:00:00,2026-01-29,13,242.73817,252.24145818647128,234.62466151220232,280.9714348607402,0,0.00024597115810738975,0.0,0,0.008123811105036521,0.016666666666666666
2026-01-29 15:00:00,2026-01-29,14,242.73817,253.37443681932496,233.91680239033252,278.2757312483173,0,0.00021115186511640175,0.008333333333333333,0,0.008123811105036521,0.03333333333333333
2026-01-29 16:00:00,2026-01-29,15,255.61517,254.1773129468391,237.5427808374976,278.74975505618056,0,0.0001278588590798086,0.0,0,0.011703444799736052,0.03333333333333333
2026-01-29 17:00:00,2026-01-29,16,255.61517,255.2674060949788,246.66443260377665,279.86120958618096,0,0.0001278588590798086,0.0,0,0.012832186413335049,0.03333333333333333
2026-01-29 18:00:00,2026-01-29,17,255.61517,268.6082208447399,261.73154418678007,288.8736975026997,0,0.00011378816659850617,0.008333333333333333,0,0.04071162956798874,0.016666666666666666
2026-01-29 19:00:00,2026-01-29,18,264.61517,269.64937403990183,263.8653450679748,286.2304230118288,0,0.00011378816659850617,0.03333333333333333,0,0.0751109422390336,0.11666666666666667
2026-01-29 20:00:00,2026-01-29,19,255.61517,266.97568831744377,262.71497495939974,278.5260816754878,0,0.00011378816659850617,0.06666666666666667,0,0.055954786751930614,0.225
2026-01-29 21:00:00,2026-01-29,20,255.61517,264.87160127249683,243.2583887429085,289.1469738020851,0,0.00011497433928370497,0.058333333333333334,0,0.03265693388610052,0.125
2026-01-29 22:00:00,2026-01-29,21,255.61517,262.31593718019826,231.2816047876482,285.8176695727483,0,0.0001662224637646237,0.0,0,0.021370072868679386,0.041666666666666664
2026-01-29 23:00:00,2026-01-29,22,242.73817,257.01016784337423,230.03891755866667,276.2742681280818,0,0.0002173694042808328,0.0,0,0.00865270641087832,0.016666666666666666
2026-01-30 00:00:00,2026-01-29,23,108.3633,246.71728613730687,208.66348559925044,273.7203766753633,1,0.0014155562482816295,0.025,0,0.00036365394415574824,0.016666666666666666
2026-01-30 01:00:00,2026-01-30,0,112.4993,109.89958888458544,86.5447248064226,117.15445296274828,1,0.34335048904496446,0.9666666666666667,0,0.003660478798621103,0.0
2026-01-30 02:00:00,2026-01-30,1,112.4993,109.79100613622862,81.95738991106553,119.66566236139168,1,0.36729696572414827,0.975,0,0.003660478798621103,0.0
2026-01-30 03:00:00,2026-01-30,2,113.9533,108.47610192273883,75.67192600983817,122.00670783563947,1,0.4288540985593931,0.9583333333333334,0,0.005096119613921919,0.0
2026-01-30 04:00:00,2026-01-30,3,113.9533,117.2057132777672,86.55422517636435,126.55771137917,1,0.37858090041865994,0.925,0,0.0034215072393807087,0.0
2026-01-30 05:00:00,2026-01-30,4,247.0863,130.84199453670794,107.83689125326848,134.53214782014743,0,0.18658340891595984,0.6833333333333333,0,0.0037395301636922876,0.0
2026-01-30 06:00:00,2026-01-30,5,247.0863,150.44508510925354,123.71772159556537,169.5159986229417,0,0.09424169562512888,0.016666666666666666,0,0.004002198485465136,0.0
2026-01-30 07:00:00,2026-01-30,6,247.0863,170.53529013987628,145.39101204692216,187.3266682328304,0,0.054021126081842015,0.016666666666666666,0,0.00476288450513426,0.0
2026-01-30 08:00:00,2026-01-30,7,166.9633,180.8486681459948,164.66943659895807,192.4369596930315,1,0.008009078545868633,0.016666666666666666,0,0.0038168040023810515,0.008333333333333333
2026-01-30 09:00:00,2026-01-30,8,114.9663,188.11470956794167,175.12337219279837,203.3244869430849,1,0.007484715683444043,0.025,0,0.0038168040023810515,0.0
2026-01-30 10:00:00,2026-01-30,9,247.0863,193.2029651398902,175.7649913483829,214.2766789313975,0,0.005405002652051913,0.016666666666666666,0,0.016594969928077533,0.0
2026-01-30 11:00:00,2026-01-30,10,247.0863,195.73887770019417,179.61804110191133,213.91805429847705,0,0.0016541073524998205,0.0,0,0.021417091340824427,0.0
2026-01-30 12:00:00,2026-01-30,11,113.9533,204.0507905324919,187.18752530278485,224.31325576219896,1,0.0005846998776193131,0.0,0,0.01144465064441337,0.008333333333333333
2026-01-30 13:00:00,2026-01-30,12,247.0863,206.8084270532466,186.48319817760972,228.45285592888345,0,0.0006113041499418327,0.0,0,0.02857912626509123,0.016666666666666666
2026-01-30 14:00:00,2026-01-30,13,247.0863,210.420103570624,196.51488581600023,229.5678613252478,0,0.0005618863803012593,0.0,0,0.06676473233523747,0.03333333333333333
2026-01-30 15:00:00,2026-01-30,14,251.9633,209.53873641501104,191.9548520707088,228.17412075931333,0,0.0003799995732425326,0.0,0,0.06897243530167628,0.041666666666666664
2026-01-30 16:00:00,2026-01-30,15,251.9633,212.917825020408,201.3181282027653,231.44346183805072,0,0.00023849168052965232,0.0,0,0.0900785622187052,0.041666666666666664
2026-01-30 17:00:00,2026-01-30,16,251.9633,217.46325174292292,209.2187991279595,232.79643435788643,0,0.00019991852740324127,0.0,0,0.24291000644693297,0.058333333333333334
2026-01-30 18:00:00,2026-01-30,17,256.9633,244.95906954593812,241.84289825827608,256.2383208336003,0,0.0001815626860700174,0.0,0,0.41237002255622374,0.24166666666666667
2026-01-30 19:00:00,2026-01-30,18,251.9633,248.5881729522771,249.8695561205763,258.97053978397787,0,0.0003980137935175727,0.03333333333333333,0,0.44354613855816893,0.2833333333333333
2026-01-30 20:00:00,2026-01-30,19,251.9633,247.4386993577081,246.71049789284703,257.39021082256914,0,0.00022228619732792606,0.06666666666666667,0,0.41863378673931895,0.35
2026-01-30 21:00:00,2026-01-30,20,251.9633,243.3198701719998,228.15626683511385,267.3482535088858,0,0.000279057679126786,0.05,0,0.29061808209280926,0.25833333333333336
2026-01-30 22:00:00,2026-01-30,21,247.0863,231.69412721564723,211.5291537049276,250.10837072636687,0,0.000284426181348853,0.0,0,0.19592832622164028,0.09166666666666666
2026-01-30 23:00:00,2026-01-30,22,247.0863,202.81746407020745,179.5850025262904,217.4150056141245,0,0.0008133679276982658,0.0,0,0.022601301869659095,0.016666666666666666
2026-01-31 00:00:00,2026-01-30,23,208.1695,142.56396308927285,59.54965379018955,193.7542123883562,0,0.22963322641608194,0.13333333333333333,0,0.002474753897282634,0.0
2026-01-31 01:00:00,2026-01-31,0,208.1695,206.07850896501512,150.4109916047951,246.93473632523512,0,0.00824652440664794,0.008333333333333333,0,0.0008286205336135792,0.0
2026-01-31 02:00:00,2026-01-31,1,208.1695,205.50980744521112,148.76776885530342,244.0639460351188,0,0.03256604538303952,0.008333333333333333,0,0.0004646870110034248,0.0
2026-01-31 03:00:00,2026-01-31,2,208.1695,205.625184217548,148.84537444827853,244.35240398681745,0,0.033284277760673185,0.008333333333333333,0,0.0004646870110034248,0.0
2026-01-31 04:00:00,2026-01-31,3,208.1695,205.57403241268767,154.74660517741788,237.68389964795745,0,0.03000272177449831,0.008333333333333333,0,0.0005262350713567814,0.0
2026-01-31 05:00:00,2026-01-31,4,208.1695,209.0527596119701,159.48071570337535,240.5550835205648,0,0.006158842093747216,0.0,0,0.0021525855007803922,0.008333333333333333
2026-01-31 06:00:00,2026-01-31,5,208.1695,200.25480713701785,147.92329283201047,241.05840144202523,0,0.021732174205601057,0.0,0,0.002841991762317166,0.008333333333333333
2026-01-31 07:00:00,2026-01-31,6,208.1695,201.51160347839456,146.77382559829877,241.72290135849036,0,0.012683659308035413,0.0,0,0.00325691098164405,0.0
2026-01-31 08:00:00,2026-01-31,7,208.1695,200.2420064440641,160.72580446695008,231.6040584211781,0,0.06166962286007176,0.008333333333333333,0,0.000630255435845747,0.008333333333333333
2026-01-31 09:00:00,2026-01-31,8,208.1695,197.0650440793204,151.47191598421924,232.2678221744215,0,0.1275920518756543,0.041666666666666664,0,0.0007802295501515821,0.0
2026-01-31 10:00:00,2026-01-31,9,208.1695,204.3795384585824,162.5037247003147,236.96516221685,0,0.0025663235424378153,0.025,0,0.01232846680201277,0.0
2026-01-31 11:00:00,2026-01-31,10,208.1695,195.9301026530385,159.16202047904943,232.90028482702752,0,0.017090235334974082,0.0,0,0.014805384401443633,0.0
2026-01-31 12:00:00,2026-01-31,11,208.1695,178.96212715448303,138.38158883125553,211.5325254777105,0,0.08181683130984918,0.016666666666666666,0,0.004255878842541221,0.0
2026-01-31 13:00:00,2026-01-31,12,208.1695,203.9653827558134,158.14795842277064,241.00927708885612,0,0.0019431931460050223,0.016666666666666666,0,0.02001247636488702,0.008333333333333333
2026-01-31 14:00:00,2026-01-31,13,208.1695,205.6414369975224,166.93675718821677,231.955406806828,0,0.001549194423784927,0.0,0,0.014880299240392136,0.016666666666666666
2026-01-31 15:00:00,2026-01-31,14,208.1695,210.9867127152054,170.91156072610707,234.58371470430373,0,0.001200411160299026,0.0,0,0.010991414955675977,0.03333333333333333
2026-01-31 16:00:00,2026-01-31,15,218.6695,214.2168580530101,179.15840211918862,242.6871739868316,0,0.0005660111764428329,0.0,0,0.02088870614558203,0.03333333333333333
2026-01-31 17:00:00,2026-01-31,16,218.6695,217.73261166614577,186.222162418566,238.79442091372556,0,0.0004894422913895979,0.0,0,0.04038943085926956,0.03333333333333333
2026-01-31 18:00:00,2026-01-31,17,218.7925,234.5691484184321,213.06101288682632,258.5558239500379,0,0.0002755268693047229,0.0,0,0.35672200667867365,0.041666666666666664
2026-01-31 19:00:00,2026-01-31,18,218.7925,235.52187268011943,217.26950994147856,261.01354541876026,0,0.00025549748355387797,0.03333333333333333,0,0.3872585407832016,0.14166666666666666
2026-01-31 20:00:00,2026-01-31,19,218.6695,232.90460712347587,211.929408901607,257.2237853453447,0,0.00025549748355387797,0.06666666666666667,0,0.2963789978576692,0.24166666666666667
2026-01-31 21:00:00,2026-01-31,20,218.6695,228.1374954885181,189.3586046306326,259.6682963464036,0,0.00041112189877803905,0.05,0,0.13440369590890286,0.13333333333333333
2026-01-31 22:00:00,2026-01-31,21,218.6695,221.02469762793828,173.9268480764986,248.325297179378,0,0.000613352045394347,0.0,0,0.05282650569323742,0.05
2026-01-31 23:00:00,2026-01-31,22,208.1695,215.9173630392416,167.51892131502447,246.4428647634587,0,0.0004574655836910122,0.0,0,0.019976301936058656,0.016666666666666666
2026-02-01 00:00:00,2026-01-31,23,165.00424,204.3813923785564,156.38334072023915,235.6343840368736,0,0.009887349185677172,0.025,0,0.0014572361225077331,0.008333333333333333
2026-02-01 01:00:00,2026-02-01,0,165.00424,165.26124250959907,144.59076949842236,175.3558155207758,0,0.0026391642484466754,0.016666666666666666,0,0.004316693497100658,0.0
2026-02-01 02:00:00,2026-02-01,1,165.00424,165.08239501461856,140.44060195446588,178.1224880747712,0,0.0030752601557166802,0.008333333333333333,0,0.004176674950200469,0.0
2026-02-01 03:00:00,2026-02-01,2,165.00424,164.7769577847422,135.85407634338583,185.39097922609852,0,0.0031429933843383,0.008333333333333333,0,0.004211266841434121,0.0
2026-02-01 04:00:00,2026-02-01,3,165.00424,164.923624866345,135.19568166713518,183.3395580655548,0,0.004384085186058064,0.008333333333333333,0,0.004718935177173214,0.0
2026-02-01 05:00:00,2026-02-01,4,165.00424,165.4392161894827,139.0437178314901,177.72460454747528,0,0.003626017945150076,0.0,0,0.005423378645675318,0.008333333333333333
2026-02-01 06:00:00,2026-02-01,5,122.36124,160.79899276097177,127.46340767151008,179.8034178504335,0,0.011785986180743405,0.016666666666666666,0,0.0040253385123063656,0.0
2026-02-01 07:00:00,2026-02-01,6,124.98524,163.0864717736607,133.1267181907136,189.48918535660772,0,0.04168408063277867,0.008333333333333333,0,0.002991611916709096,0.0
2026-02-01 08:00:00,2026-02-01,7,165.00424,164.21640912868074,140.42827029762344,175.88251795973804,0,0.024108725140842925,0.008333333333333333,0,0.0023478441872407814,0.008333333333333333
2026-02-01 09:00:00,2026-02-01,8,165.00424,165.53208593806755,135.1750268663876,186.2779350097475,0,0.014250554305037142,0.025,0,0.0025587585687057673,0.0
2026-02-01 10:00:00,2026-02-01,9,165.00424,166.47441301254582,140.79037298365617,183.5599530414355,0,0.012770048127977551,0.025,0,0.006016961828995924,0.0
2026-02-01 11:00:00,2026-02-01,10,165.00424,167.4760899855369,135.40776858118778,185.64140138988603,0,0.008410994712706716,0.0,0,0.005655995481805407,0.0
2026-02-01 12:00:00,2026-02-01,11,165.00424,167.1185122407177,143.1459406316513,180.6968338497841,0,0.009748592206673255,0.016666666666666666,0,0.00496432570372976,0.0
2026-02-01 13:00:00,2026-02-01,12,165.00424,169.1803452366151,140.00430194861624,194.474468524614,0,0.004470706743806535,0.016666666666666666,0,0.0041230419475100505,0.008333333333333333
2026-02-01 14:00:00,2026-02-01,13,165.00424,170.32895606680577,147.80371922347615,187.1009229101354,0,0.003616951375294377,0.0,0,0.0037076204246767504,0.008333333333333333
2026-02-01 15:00:00,2026-02-01,14,165.00424,173.38918583157445,152.0365561947581,194.32835546839084,0,0.003780087624547037,0.0,0,0.005155269309755626,0.016666666666666666
2026-02-01 16:00:00,2026-02-01,15,165.00424,174.13551222759128,155.38452328639434,194.55268116878824,0,0.0028627278291282463,0.0,0,0.004761169272652166,0.025
2026-02-01 17:00:00,2026-02-01,16,165.00424,176.95008100498885,164.66268370239754,193.37317830758016,0,0.0006218830068918378,0.0,0,0.01294273666997026,0.016666666666666666
2026-02-01 18:00:00,2026-02-01,17,215.50424,201.0652055345944,196.9742121022642,215.93946896692464,0,0.00011782651985704716,0.0,1,0.09695454824217918,0.058333333333333334
2026-02-01 19:00:00,2026-02-01,18,215.50424,202.3918992881601,194.46486812044637,212.14860045587383,0,0.00011359535360418249,0.03333333333333333,1,0.12615504405525707,0.15
2026-02-01 20:00:00,2026-02-01,19,215.50424,200.2643418716228,194.95841119964985,213.0103525435958,0,9.708825652107763e-05,0.06666666666666667,1,0.09907062383206512,0.24166666666666667
2026-02-01 21:00:00,2026-02-01,20,215.50424,197.6094953794261,180.424061034154,224.5169297246982,0,0.00015629933383998532,0.05,1,0.0644960497782267,0.15
2026-02-01 22:00:00,2026-02-01,21,190.50424,192.9373954555585,168.96814057570325,210.9553503354137,0,0.0002582799851753084,0.0,0,0.04618071112800446,0.058333333333333334
2026-02-01 23:00:00,2026-02-01,22,165.00424,183.1658662692633,157.82397293461284,195.2946996039138,0,0.0004218547293918524,0.0,0,0.09212086490792358,0.025
2026-02-02 00:00:00,2026-02-01,23,105.56538,164.81286970940295,103.49203440755288,209.25966501125305,1,0.008831572147673087,0.03333333333333333,0,0.0014841694893141773,0.0
2026-02-02 01:00:00,2026-02-02,0,105.56538,106.35277692080814,58.15618673685952,125.10849710475678,0,0.43329915211226794,0.4,0,0.00552532036952536,0.0
2026-02-02 02:00:00,2026-02-02,1,105.56538,106.60329634036862,60.41651783936129,127.93373484137597,0,0.5603298119838132,0.375,0,0.00552532036952536,0.0
2026-02-02 03:00:00,2026-02-02,2,105.56538,107.84183252752342,57.58190889358556,133.08922616146128,0,0.5629149983485762,0.2916666666666667,0,0.00552532036952536,0.0
2026-02-02 04:00:00,2026-02-02,3,105.56538,113.45066276267522,61.32634022227161,137.49145530307882,0,0.5281972586422468,0.05,0,0.003719373130571515,0.0
2026-02-02 05:00:00,2026-02-02,4,109.70438,120.3922705584336,75.49669927913052,140.44947683773665,0,0.2594251741134871,0.025,0,0.004319838215267514,0.0
2026-02-02 06:00:00,2026-02-02,5,111.06838,132.28113787295217,86.6298535886173,166.96978215728706,0,0.05445149297090258,0.025,0,0.002074861029686764,0.0
2026-02-02 07:00:00,2026-02-02,6,111.06838,141.64325597574634,96.99595225265466,175.00810969883804,0,0.02403912710827385,0.016666666666666666,0,0.0014067185407999774,0.0
2026-02-02 08:00:00,2026-02-02,7,109.70438,142.71488691321755,113.37996290658847,165.4096409198467,0,0.027241411986862266,0.025,0,0.0027838335225227042,0.008333333333333333
2026-02-02 09:00:00,2026-02-02,8,109.70438,142.9048047162021,107.69079722897952,179.02922220342467,0,0.019511876061281522,0.041666666666666664,0,0.0032719098032535357,0.0
2026-02-02 10:00:00,2026-02-02,9,111.06838,147.73431574584407,118.06839546324632,187.84999602844184,0,0.0109265950582162,0.025,0,0.00824086404859558,0.0
2026-02-02 11:00:00,2026-02-02,10,111.06838,150.4194318728372,109.52428931502554,186.4703944306489,0,0.0037810571248929007,0.0,0,0.012742357304958742,0.0
2026-02-02 12:00:00,2026-02-02,11,109.70438,152.2963016647359,121.16288197519556,190.01688135427628,0,0.006232926664522907,0.016666666666666666,0,0.030971710276233216,0.0
2026-02-02 13:00:00,2026-02-02,12,111.06838,155.2985055724284,117.2060726391582,205.6136385056986,0,0.0031096352461229115,0.008333333333333333,0,0.04219942821140616,0.008333333333333333
2026-02-02 14:00:00,2026-02-02,13,111.06838,163.59030501091414,133.09209782318706,207.9509521986413,0,0.0007679855877627396,0.0,0,0.23195149228342238,0.03333333333333333
2026-02-02 15:00:00,2026-02-02,14,194.33438,165.70189510956703,123.38218392801508,214.43693629111905,0,0.0007451891734728643,0.0,1,0.2406572438395909,0.05
2026-02-02 16:00:00,2026-02-02,15,194.33438,165.99894704681176,118.96683403620028,206.66753005742325,0,0.0007451891734728643,0.0,1,0.2517585411591116,0.041666666666666664
2026-02-02 17:00:00,2026-02-02,16,194.33438,167.6612500635763,138.39968472799254,219.06332539916008,0,0.0007451891734728643,0.0,1,0.24169871722498004,0.06666666666666667
2026-02-02 18:00:00,2026-02-02,17,204.21138,209.120356277568,186.26643111623736,272.3459014388985,0,0.00028587988771527667,0.0,1,0.6172969958447225,0.7333333333333333
2026-02-02 19:00:00,2026-02-02,18,204.21138,211.82274697578777,182.58722368452416,266.50397026705144,0,0.00030298173006376147,0.03333333333333333,1,0.6128326852557167,0.6916666666666667
2026-02-02 20:00:00,2026-02-02,19,204.21138,210.11574211563052,191.69365112360325,262.2273331076579,0,0.00030298173006376147,0.06666666666666667,1,0.6128326852557167,0.6333333333333333
2026-02-02 21:00:00,2026-02-02,20,194.33438,207.74794775622684,188.3401626415298,256.13936287092395,0,0.00032143746685510253,0.05,1,0.575055652185212,0.65
2026-02-02 22:00:00,2026-02-02,21,194.33438,183.4144808797179,157.46106037947314,213.0604313799627,0,0.0009991847233881699,0.0,1,0.27172535810218407,0.1
2026-02-02 23:00:00,2026-02-02,22,111.06838,163.31863461236577,137.50034101793406,189.58129820679747,0,0.0009457270651658964,0.0,0,0.09702506065881994,0.025
2026-02-03 00:00:00,2026-02-02,23,119.29749,120.13530442487294,63.67912695721087,165.51889189253504,0,0.23889378328551664,0.06666666666666667,0,0.0036066805928185253,0.0
2026-02-03 01:00:00,2026-02-03,0,119.29749,118.719813767468,89.53330557273364,132.78901296220235,0,0.009601436641253323,0.016666666666666666,0,0.0007153522058699223,0.0
2026-02-03 02:00:00,2026-02-03,1,119.29749,117.07639533583644,88.74271778432929,126.48485288734358,0,0.004265739938339696,0.016666666666666666,0,0.0006523295218508268,0.0
2026-02-03 03:00:00,2026-02-03,2,119.29749,116.54684047986451,93.23844827107736,141.85857668865168,0,0.002643321052859441,0.016666666666666666,0,0.0007249537368357433,0.0
2026-02-03 04:00:00,2026-02-03,3,119.29749,117.10032148333386,92.2385542587785,140.7408437078892,0,0.0026577525864176837,0.016666666666666666,0,0.0010723902476215735,0.0
2026-02-03 05:00:00,2026-02-03,4,119.29749,117.4663084849452,93.9855098553202,134.68851911457023,0,0.0008551990752141344,0.008333333333333333,0,0.0015080236017779667,0.008333333333333333
2026-02-03 06:00:00,2026-02-03,5,119.29749,110.70433231553793,76.45764353331663,147.53437109775925,0,0.0016444741165768302,0.016666666666666666,0,0.0030446136185074348,0.0
2026-02-03 07:00:00,2026-02-03,6,119.29749,113.73725402669166,84.30060732738619,152.06960872599717,0,0.0011596626031734748,0.016666666666666666,0,0.004054463375326797,0.0
2026-02-03 08:00:00,2026-02-03,7,119.29849,110.11055772882013,87.09564822428591,145.3227232333543,0,0.003537251545928312,0.025,0,0.0016712144350289634,0.0
2026-02-03 09:00:00,2026-02-03,8,119.29749,112.9051824293784,78.42289249119156,159.65348236756526,0,0.003470302600100765,0.05,0,0.0017272639112083901,0.0
2026-02-03 10:00:00,2026-02-03,9,119.29749,113.84125923431893,72.27594378150351,176.97549468713436,0,0.0014483055984970445,0.041666666666666664,0,0.00789143815811398,0.0
2026-02-03 11:00:00,2026-02-03,10,119.29749,117.3615233710976,66.60488700245745,177.5717897397377,0,0.000893113348410882,0.008333333333333333,0,0.010588885204629452,0.0
2026-02-03 12:00:00,2026-02-03,11,119.29749,121.81038612004626,78.92705639782965,187.5777258422629,0,0.00483070440826251,0.016666666666666666,0,0.01191940707912477,0.0
2026-02-03 13:00:00,2026-02-03,12,119.29749,126.08880921544151,72.14401428581033,216.5471281450727,0,0.0009553934252265021,0.008333333333333333,0,0.04277598212422174,0.008333333333333333
2026-02-03 14:00:00,2026-02-03,13,123.43349,133.34963826029502,81.52197033864014,217.1437011819499,0,0.0009354408424300883,0.0,0,0.14352604299216,0.025
2026-02-03 15:00:00,2026-02-03,14,123.43449,152.48319144140345,100.55519471782708,231.72460316497975,0,0.00046282740779696684,0.0,0,0.34497914425407755,0.20833333333333334
2026-02-03 16:00:00,2026-02-03,15,126.43949,163.42415271122002,87.72243284752217,240.33055257491787,0,0.00044127549752216114,0.0,0,0.4374661067898897,0.7083333333333334
2026-02-03 17:00:00,2026-02-03,16,187.94349,183.1713443776432,114.31834190056232,281.9422068547241,0,0.00034029753081497784,0.0,1,0.45212486359313536,0.875
2026-02-03 18:00:00,2026-02-03,17,187.94349,219.3595186862125,141.19180809142512,359.2692092809999,0,0.00040983452363722037,0.0,1,0.7188766476179046,0.9416666666666667
2026-02-03 19:00:00,2026-02-03,18,187.94349,218.1170874473559,140.52754133969614,349.88133355501566,0,0.00032449406487239954,0.016666666666666666,1,0.7390123646894375,0.9166666666666666
2026-02-03 20:00:00,2026-02-03,19,187.94349,198.6383035076305,147.4871895720774,297.5218974431836,0,0.00028317868167548595,0.06666666666666667,1,0.7200509481637549,0.85
2026-02-03 21:00:00,2026-02-03,20,187.94349,176.06700877422503,140.839457179159,242.29854036929103,0,0.00023681624334923233,0.05,1,0.5460124095940778,0.7666666666666667
2026-02-03 22:00:00,2026-02-03,21,124.80049,159.90838034719195,131.64090814294485,195.592998551439,0,0.00025185515850820173,0.0,0,0.2707270155103645,0.48333333333333334
2026-02-03 23:00:00,2026-02-03,22,123.43349,125.73855019215476,98.64885291179368,155.35810747251588,0,0.0021087353318892973,0.0,0,0.029232246681654982,0.025
2026-02-04 00:00:00,2026-02-03,23,120.65612,115.4763024772254,74.64198873258836,162.67544622186242,0,0.012989813194342144,0.041666666666666664,0,0.0019216857625964975,0.0
2026-02-04 01:00:00,2026-02-04,0,120.65512,118.21359224837678,108.55252449740496,132.53480999934857,0,0.012552882300110719,0.008333333333333333,0,0.0011403955973523566,0.0
2026-02-04 02:00:00,2026-02-04,1,120.65512,116.78861425670073,100.03053377004696,120.66546474335448,0,0.0047083067128036,0.008333333333333333,0,0.0010808860746075052,0.0
2026-02-04 03:00:00,2026-02-04,2,120.65512,117.83341319130363,107.70260832198218,130.08155306062508,0,0.008969952389835318,0.008333333333333333,0,0.0011430461581449789,0.0
2026-02-04 04:00:00,2026-02-04,3,120.75212,119.47780244138664,106.76254441891606,123.8112104638572,0,0.01408361120530768,0.008333333333333333,0,0.002532019870962841,0.0
2026-02-04 05:00:00,2026-02-04,4,143.24912,119.7477630984423,110.11138521423572,129.1350259826489,0,0.0019815950000255616,0.0,0,0.005329546603342181,0.008333333333333333
2026-02-04 06:00:00,2026-02-04,5,143.24912,109.13777237475524,97.01076655904691,135.40610819046356,0,0.0009659362509767234,0.016666666666666666,0,0.0031484987392664454,0.0
2026-02-04 07:00:00,2026-02-04,6,143.24912,108.50078990538358,94.04243448342838,130.19885032733876,0,0.0007217804040014025,0.016666666666666666,0,0.0032440831690662697,0.0
2026-02-04 08:00:00,2026-02-04,7,120.65612,105.41407357344076,89.64907798340384,123.5916731634777,0,0.00204299207146595,0.025,0,0.0016808889923434767,0.0
2026-02-04 09:00:00,2026-02-04,8,115.24912,105.59865215339627,76.89186149845742,139.63710280833513,0,0.00206016400661435,0.05,0,0.001826438442671023,0.0
2026-02-04 10:00:00,2026-02-04,9,120.65512,108.2657733219865,83.24948442179627,146.63032222217674,0,0.00074296263559347,0.041666666666666664,0,0.006090582297263165,0.0
2026-02-04 11:00:00,2026-02-04,10,120.65512,111.96048663741765,77.50041333358381,156.66363494125147,0,0.0007516712754807809,0.0,0,0.008915669291197392,0.0
2026-02-04 12:00:00,2026-02-04,11,120.65512,116.709899150166,85.02292434817421,167.50086795215776,0,0.0015754432857486046,0.016666666666666666,0,0.012179052264564292,0.0
2026-02-04 13:00:00,2026-02-04,12,143.24912,115.56010266258762,74.66111054152367,172.59608478365158,0,0.0003710672095917261,0.016666666666666666,0,0.014590481044956553,0.008333333333333333
2026-02-04 14:00:00,2026-02-04,13,143.24912,119.56113145550046,86.51584859059149,166.75799432040938,0,0.0003530363277309751,0.0,0,0.10994765143677523,0.016666666666666666
2026-02-04 15:00:00,2026-02-04,14,162.99512,126.038318829328,92.48739382461372,173.9144638340423,0,0.00019759959009611964,0.0,0,0.19985174191787383,0.041666666666666664
2026-02-04 16:00:00,2026-02-04,15,162.99512,132.62087918733835,98.73599593663276,178.18976243804389,0,0.00021508495086514348,0.0,0,0.18203871220960516,0.05
2026-02-04 17:00:00,2026-02-04,16,173.99512,146.33065562231454,107.09480101313356,210.71414023149552,0,0.0002144324080277933,0.0,0,0.4877159985246805,0.20833333333333334
2026-02-04 18:00:00,2026-02-04,17,173.99512,180.44732702778492,122.01983986583896,276.40072818973096,0,0.00021365241087368487,0.0,0,0.7468938086598662,0.8333333333333334
2026-02-04 19:00:00,2026-02-04,18,203.89512,193.2750548306594,120.46269393326922,312.2798857280496,0,0.0002600050333632826,0.016666666666666666,1,0.7468938086598662,0.9
2026-02-04 20:00:00,2026-02-04,19,173.99512,184.09130035957625,136.09507254566677,293.67769817348574,0,0.00025763450980509123,0.058333333333333334,0,0.7419628031958617,0.8166666666666667
2026-02-04 21:00:00,2026-02-04,20,173.99512,169.254550140745,141.42408663761475,242.1523136438753,0,0.00020895191032369208,0.05,0,0.5774767027139668,0.75
2026-02-04 22:00:00,2026-02-04,21,162.99512,136.51290368283978,121.5912278479225,173.0912235177571,0,0.00021219060033926787,0.0,0,0.13592347251835354,0.06666666666666667
2026-02-04 23:00:00,2026-02-04,22,162.99512,129.40290981022363,123.23495896385552,144.76741565659177,0,0.0007055023415781541,0.0,0,0.04467483420369307,0.025
2026-02-05 00:00:00,2026-02-04,23,116.19335,116.54916008609202,51.57672315931868,184.56285901286537,0,0.005898226643868951,0.041666666666666664,0,0.003869320793133271,0.0
2026-02-05 01:00:00,2026-02-05,0,116.19335,115.81585614028616,83.91924585740969,155.37588642316263,0,0.009578391575607623,0.008333333333333333,0,0.0014139292465903592,0.0
2026-02-05 02:00:00,2026-02-05,1,116.19335,115.6279195350415,86.13876326187895,138.97288580820404,0,0.008900659661842555,0.008333333333333333,0,0.0013401650064139613,0.0
2026-02-05 03:00:00,2026-02-05,2,116.19335,115.94108376107393,93.42218635135232,145.79340717079555,0,0.008900659661842555,0.008333333333333333,0,0.0014139292465903592,0.0
2026-02-05 04:00:00,2026-02-05,3,116.19335,116.05771363057224,95.188214673989,131.81779258715545,0,0.012230690337866754,0.008333333333333333,0,0.0014710335244594187,0.0
2026-02-05 05:00:00,2026-02-05,4,121.69635,117.74938781709318,89.26940099225078,130.75930464193556,0,0.0008410995637628024,0.0,0,0.007787055240215537,0.008333333333333333
2026-02-05 06:00:00,2026-02-05,5,123.83935,112.22623832567452,72.92439760313557,138.35844904821343,0,0.0003341355113003937,0.016666666666666666,0,0.005026520431288886,0.0
2026-02-05 07:00:00,2026-02-05,6,123.83935,114.2283750438687,81.81529259881093,144.87181748892647,0,0.00028654760653547317,0.008333333333333333,0,0.005178143829117395,0.0
2026-02-05 08:00:00,2026-02-05,7,121.59935,113.53773621387604,90.51456134214428,132.77720108560777,0,0.000796859759241534,0.008333333333333333,0,0.0016041584734857515,0.0
2026-02-05 09:00:00,2026-02-05,8,116.19335,112.03608700656729,82.9807068070209,142.99969720611367,0,0.001045160316760653,0.041666666666666664,0,0.0012058463720819852,0.0
2026-02-05 10:00:00,2026-02-05,9,116.19335,112.69382755030377,84.17374495733175,144.67581014327578,0,0.0005087716578131998,0.03333333333333333,0,0.004773306633558255,0.0
2026-02-05 11:00:00,2026-02-05,10,121.59935,112.86706745515664,79.30466333506554,154.3369015752477,0,0.0005521666080912166,0.0,0,0.006488861955184049,0.0
2026-02-05 12:00:00,2026-02-05,11,121.59935,115.5427585267042,83.30018368521976,158.6008533681886,0,0.002045616239453159,0.016666666666666666,0,0.0048876979387097765,0.0
2026-02-05 13:00:00,2026-02-05,12,121.60035,118.13505209184012,78.99108940461562,165.1209447790646,0,0.0003745985059036528,0.016666666666666666,0,0.028269821251722362,0.008333333333333333
2026-02-05 14:00:00,2026-02-05,13,142.95035,120.50049932034013,86.23227888402712,163.7884597566531,0,0.0003745985059036528,0.0,0,0.04661655785190937,0.016666666666666666
2026-02-05 15:00:00,2026-02-05,14,142.95035,124.9418270082996,89.25796639581168,174.33085762078755,0,0.0003256525444855348,0.0,0,0.11382825243965437,0.041666666666666664
2026-02-05 16:00:00,2026-02-05,15,143.83935,125.50996787320145,95.23174018930251,175.3760555571004,0,0.0001542032358671379,0.0,0,0.13968340696160575,0.03333333333333333
2026-02-05 17:00:00,2026-02-05,16,143.83935,128.05209965479986,98.95337749294016,174.96394181665957,0,0.00012259628720404735,0.0,0,0.21287047399899692,0.05
2026-02-05 18:00:00,2026-02-05,17,143.83935,159.4459288561172,118.94343971439648,219.50810799783795,0,0.00010761630151005517,0.0,0,0.39425211784292596,0.6083333333333333
2026-02-05 19:00:00,2026-02-05,18,204.83935,175.3623590674212,122.27889008024498,253.34960805459747,0,9.481284754876878e-05,0.03333333333333333,1,0.4485888257169961,0.75
2026-02-05 20:00:00,2026-02-05,19,143.83935,159.60296379868836,112.591270088745,245.82054750863173,0,0.00011430349700126909,0.058333333333333334,0,0.40332882505510403,0.5333333333333333
2026-02-05 21:00:00,2026-02-05,20,143.83935,157.0621814187397,100.66334962253028,224.05311321494912,0,0.00011430349700126909,0.05,0,0.3744797217310542,0.5
2026-02-05 22:00:00,2026-02-05,21,142.95035,147.9377531100645,102.48120199236423,186.78736422776475,0,0.00013796102469775743,0.0,0,0.23024620310711358,0.15
2026-02-05 23:00:00,2026-02-05,22,142.95035,142.3968915191612,91.6405903017366,178.3221327365858,0,0.0009826930047994937,0.0,0,0.03430427232954752,0.05
2026-02-06 00:00:00,2026-02-05,23,121.47377,113.95992379841286,58.96508182070721,155.07643577611847,0,0.008559230230700097,0.041666666666666664,0,0.0016089732960701234,0.0
2026-02-06 01:00:00,2026-02-06,0,121.47377,121.48547735114064,95.89148995479866,130.3047847474826,0,0.02105398255512954,0.008333333333333333,0,0.0005081560122916855,0.0
2026-02-06 02:00:00,2026-02-06,1,121.47377,121.3566820801606,97.6326844328276,128.4166397274936,0,0.02105398255512954,0.008333333333333333,0,0.00046455879369896685,0.0
2026-02-06 03:00:00,2026-02-06,2,121.37777,121.29893254843212,98.03724246166595,135.28412763519827,0,0.028940136864375788,0.008333333333333333,0,0.0004284245853976718,0.0
2026-02-06 04:00:00,2026-02-06,3,121.47377,121.19628380567636,105.60416268909792,127.98882292225478,0,0.026257101092891207,0.008333333333333333,0,0.0004861573372336062,0.0
2026-02-06 05:00:00,2026-02-06,4,129.61677,121.97823025948313,105.06200635088838,132.93534416807788,0,0.0041551541670622584,0.0,0,0.0008670603992507756,0.008333333333333333
2026-02-06 06:00:00,2026-02-06,5,129.61677,120.89207288177737,88.19728849279265,143.6856072707621,0,0.0025115525342826813,0.0,0,0.0022474682877693854,0.008333333333333333
2026-02-06 07:00:00,2026-02-06,6,129.61677,124.11368628992614,92.41889991450478,151.57024266534748,0,0.001445935677027611,0.008333333333333333,0,0.0023710529885024637,0.0
2026-02-06 08:00:00,2026-02-06,7,129.61677,120.46041486993585,106.30953334327012,132.52514139660158,0,0.006235434444669379,0.008333333333333333,0,0.0004676902641741153,0.008333333333333333
2026-02-06 09:00:00,2026-02-06,8,129.61677,117.06225110438002,92.92659577937096,139.06910642938905,0,0.027762233831346537,0.03333333333333333,0,0.0004943958133366851,0.0
2026-02-06 10:00:00,2026-02-06,9,129.61677,124.1298751034476,100.20459002284844,147.43171618404676,0,0.0011663991749092824,0.016666666666666666,0,0.0020829983614098803,0.0
2026-02-06 11:00:00,2026-02-06,10,129.61677,124.51553415798088,98.63048787809132,146.74769543787048,0,0.0009382110078181826,0.0,0,0.005416219372480145,0.0
2026-02-06 12:00:00,2026-02-06,11,129.61677,114.83156075996064,97.6258524367332,136.7910390831881,0,0.021666263131845137,0.016666666666666666,0,0.0016272787306000583,0.0
2026-02-06 13:00:00,2026-02-06,12,129.61677,121.40285192141104,95.8947975883683,155.8548762544538,0,0.0013997098119035145,0.016666666666666666,0,0.0038595424945192056,0.008333333333333333
2026-02-06 14:00:00,2026-02-06,13,129.61677,124.705569606945,103.21476979763936,150.91568941625064,0,0.0006174186735280624,0.0,0,0.03605556409051751,0.016666666666666666
2026-02-06 15:00:00,2026-02-06,14,129.61677,124.1903318196138,102.08960524422857,149.37069439499902,0,0.000144383600920479,0.0,0,0.04337022883152317,0.016666666666666666
2026-02-06 16:00:00,2026-02-06,15,129.61677,124.40233127128056,108.41827273381016,147.44023980875093,0,0.00013493245769092099,0.0,0,0.10119333564973045,0.025
2026-02-06 17:00:00,2026-02-06,16,129.61677,125.07944522840948,109.592872600131,149.81591785668795,0,0.00013493245769092099,0.008333333333333333,0,0.1196075017632697,0.008333333333333333
2026-02-06 18:00:00,2026-02-06,17,144.72777,141.07110387996858,125.77004109068282,163.41440666925433,0,0.00012015343285670323,0.0,0,0.17208141649953437,0.03333333333333333
2026-02-06 19:00:00,2026-02-06,18,144.72777,160.34738509328636,147.24492235464552,184.6059978319272,0,0.00014284441376859026,0.03333333333333333,0,0.27473079600914824,0.3416666666666667
2026-02-06 20:00:00,2026-02-06,19,144.72777,138.38035459448943,126.0010147605141,165.03065442846477,0,0.00012315727703699988,0.058333333333333334,0,0.1292979063790407,0.20833333333333334
2026-02-06 21:00:00,2026-02-06,20,144.72777,137.48278087367072,116.0838912451088,175.72169050223263,0,0.00012164644384669355,0.05,0,0.12389327863966514,0.10833333333333334
2026-02-06 22:00:00,2026-02-06,21,129.61677,135.90091678015344,106.4031322287137,162.15122633159314,0,0.00030805442816442437,0.0,0,0.09522943390982132,0.05
2026-02-06 23:00:00,2026-02-06,22,129.61677,132.58392017429162,94.3031033765996,157.0781619719836,0,0.00040011063431813775,0.0,0,0.03987347759023245,0.025
2026-02-07 00:00:00,2026-02-06,23,114.18896,125.27898741553098,88.22363188972264,157.59399294133928,0,0.007672436404855721,0.041666666666666664,0,0.0014942666576417847,0.008333333333333333
2026-02-07 01:00:00,2026-02-07,0,114.18896,114.3180984063269,103.77505292967972,117.66797388297408,0,0.000698540996492364,0.008333333333333333,0,0.000574325972501658,0.0
2026-02-07 02:00:00,2026-02-07,1,114.18896,114.30276448189798,102.48864283197128,120.40422613182466,0,0.0008510913731603695,0.008333333333333333,0,0.0006004477153171646,0.0
2026-02-07 03:00:00,2026-02-07,2,114.18896,114.29885066130954,97.62816371787956,127.21213760473952,0,0.00070285061654066,0.008333333333333333,0,0.0005206567687940475,0.0
2026-02-07 04:00:00,2026-02-07,3,114.18896,114.24018136208306,105.2423264995632,118.61084622460297,0,0.0004017339983253251,0.008333333333333333,0,0.0004915079374627307,0.0
2026-02-07 05:00:00,2026-02-07,4,114.18896,114.8077368384802,105.04098758038998,120.26473609657042,0,0.00015984034881428888,0.0,0,0.0015027498786776598,0.008333333333333333
2026-02-07 06:00:00,2026-02-07,5,114.18896,110.6124060278294,84.63152006247705,132.12931199318174,0,0.0002920114161224282,0.008333333333333333,0,0.0010632886409969798,0.008333333333333333
2026-02-07 07:00:00,2026-02-07,6,114.18896,111.64861873342096,88.1126293157638,133.11548815107813,0,0.00028711533101678056,0.008333333333333333,0,0.0010632886409969798,0.0
2026-02-07 08:00:00,2026-02-07,7,114.18896,112.27357011116707,103.47853980280703,117.34081441952712,0,0.00016825860129544682,0.008333333333333333,0,0.0010043320988857576,0.008333333333333333
2026-02-07 09:00:00,2026-02-07,8,114.18896,112.33718777063628,95.48223732694636,131.0563082143262,0,0.0002690374667471441,0.025,0,0.0013655688028726882,0.0
2026-02-07 10:00:00,2026-02-07,9,114.18896,112.75886597860932,94.16360951782234,128.96072643939632,0,0.0002997172402368347,0.025,0,0.0023518702108662917,0.0
2026-02-07 11:00:00,2026-02-07,10,114.18896,112.39291472160876,92.80394802028816,127.01043142292934,0,0.0003616434901305773,0.0,0,0.002780952851344307,0.0
2026-02-07 12:00:00,2026-02-07,11,114.18896,113.22508257191002,99.1715016848716,123.83177945894845,0,0.00029600241049408644,0.016666666666666666,0,0.0034805398287134077,0.0
2026-02-07 13:00:00,2026-02-07,12,114.18896,113.25636379451215,89.09909844515485,137.86182914386947,0,0.00023200808946726036,0.016666666666666666,0,0.0035701342108009583,0.008333333333333333
2026-02-07 14:00:00,2026-02-07,13,114.18896,113.6183194078466,98.04473365111548,129.6148231645777,0,0.00023061280599247547,0.0,0,0.003210432547650269,0.016666666666666666
2026-02-07 15:00:00,2026-02-07,14,114.18896,113.99865046965382,98.7638765780144,129.24588436129326,0,0.00015801264381915241,0.0,0,0.004243299199279928,0.008333333333333333
2026-02-07 16:00:00,2026-02-07,15,114.18896,115.73396121174244,103.55239727224496,128.6622151512399,0,9.475568578081652e-05,0.008333333333333333,0,0.010486255659719996,0.016666666666666666
2026-02-07 17:00:00,2026-02-07,16,117.18896,116.21540595723738,106.4526851850492,126.29789172942556,0,7.113114547961867e-05,0.008333333333333333,0,0.015208894563864803,0.0
2026-02-07 18:00:00,2026-02-07,17,117.18896,130.9167748401213,130.60692130313888,134.1988683771037,0,6.399318085830321e-05,0.0,0,0.09436973294193544,0.016666666666666666
2026-02-07 19:00:00,2026-02-07,18,117.18896,132.56389733530912,134.1190655607347,136.0524391098835,0,6.23573931172463e-05,0.03333333333333333,0,0.0952288341221228,0.125
2026-02-07 20:00:00,2026-02-07,19,117.18896,131.76608956261012,132.83303447617212,137.53959464904815,0,5.6979867786214846e-05,0.058333333333333334,0,0.09685906594363453,0.2
2026-02-07 21:00:00,2026-02-07,20,117.18896,130.49142455511944,118.19536292298082,148.26962618725807,0,9.52196682173196e-05,0.05,0,0.07945307367922771,0.11666666666666667
2026-02-07 22:00:00,2026-02-07,21,114.68896,127.27717285624496,111.39996586748414,145.59533984500575,0,8.92031690993796e-05,0.0,0,0.024390356880188577,0.03333333333333333
2026-02-07 23:00:00,2026-02-07,22,114.18896,124.08178915531524,104.06266572764056,141.90977258298994,0,0.0001485398242724704,0.0,0,0.005479108167587859,0.025
2026-02-08 00:00:00,2026-02-07,23,109.22942,114.36237828618584,82.92770129595604,143.65822027641565,0,0.010920377500640933,0.041666666666666664,0,0.00035243356915819717,0.008333333333333333
2026-02-08 01:00:00,2026-02-08,0,109.22942,109.31695477565368,105.57679974924363,112.28155580206372,0,0.00011783655767276855,0.008333333333333333,0,0.0009111348801211927,0.0
2026-02-08 02:00:00,2026-02-08,1,109.22942,109.35107658973484,102.192060937351,113.08321624211872,0,0.0001418218217212844,0.008333333333333333,0,0.0009427468726887204,0.0
2026-02-08 03:00:00,2026-02-08,2,109.22942,109.27964879391943,98.04603377575536,119.0696438120835,0,0.00017247554579681736,0.008333333333333333,0,0.0008526063902617715,0.0
2026-02-08 04:00:00,2026-02-08,3,109.22942,109.23658653695608,105.0761305993338,113.36878747457835,0,9.314531716729338e-05,0.008333333333333333,0,0.0005552783787655654,0.0
2026-02-08 05:00:00,2026-02-08,4,109.22942,109.5007029494391,102.75229862340582,114.6434872754724,0,0.00010360834191407724,0.0,0,0.0006025272795038476,0.008333333333333333
2026-02-08 06:00:00,2026-02-08,5,109.22942,106.92546071378251,85.7163458866082,125.70016554095682,0,0.0004281992812028567,0.0,0,0.0003750793537892611,0.016666666666666666
2026-02-08 07:00:00,2026-02-08,6,103.82342,106.39501354329936,85.52677676983984,127.3948503167589,0,0.00047192779319536965,0.008333333333333333,0,0.0004915130497482121,0.0
2026-02-08 08:00:00,2026-02-08,7,103.82342,108.07281900036465,100.30571731987315,114.78887068085612,0,0.00014940279943510292,0.008333333333333333,0,0.0007619962703941725,0.008333333333333333
2026-02-08 09:00:00,2026-02-08,8,103.82342,108.20177444801242,90.9575417866248,126.53169710940006,0,0.00015462388872908688,0.025,0,0.0007498701827382963,0.0
2026-02-08 10:00:00,2026-02-08,9,103.82342,107.83103932970016,91.12410787715626,122.53416478224408,0,0.00020189541338959995,0.016666666666666666,0,0.0011391229879779334,0.0
2026-02-08 11:00:00,2026-02-08,10,103.82342,107.95465321416648,90.97164453464806,122.51841189368488,0,0.00020189541338959995,0.0,0,0.0013507288235534017,0.0
2026-02-08 12:00:00,2026-02-08,11,103.82342,106.9399704591572,92.90453040640308,116.7528225119113,0,0.00021396171079971838,0.016666666666666666,0,0.0017931929511020776,0.0
2026-02-08 13:00:00,2026-02-08,12,103.82342,107.31777335552346,84.44491651702603,128.74628619402088,0,0.00016386546229065226,0.016666666666666666,0,0.002236590138237226,0.008333333333333333
2026-02-08 14:00:00,2026-02-08,13,103.82342,107.29644779613524,93.05050072079052,122.33686487147996,0,0.00018866276354721886,0.008333333333333333,0,0.002814093289744374,0.016666666666666666
2026-02-08 15:00:00,2026-02-08,14,109.22942,107.49075661521373,93.57815231870188,122.65980991172556,0,0.00012926735852829274,0.0,0,0.004770805191453825,0.008333333333333333
2026-02-08 16:00:00,2026-02-08,15,110.66942,107.69568171565624,96.88870897423838,119.52687445707409,0,7.756847668845393e-05,0.0,0,0.005667723178583626,0.016666666666666666
2026-02-08 17:00:00,2026-02-08,16,110.66942,108.97133637530422,102.39324499309636,120.3074617575121,0,6.536933547534017e-05,0.0,0,0.009119336590616603,0.0
2026-02-08 18:00:00,2026-02-08,17,113.58042,119.37324382401484,121.28076412904294,122.87140351898675,0,3.603650371064156e-05,0.0,0,0.036809953141686,0.008333333333333333
2026-02-08 19:00:00,2026-02-08,18,122.58042,119.60592806819533,121.15744218233108,121.06467395405956,0,2.4720459185479564e-05,0.03333333333333333,0,0.038402335422597515,0.1
2026-02-08 20:00:00,2026-02-08,19,122.58042,119.43106408742364,117.5558043284105,123.49236384643676,0,2.4720459185479564e-05,0.058333333333333334,0,0.03986375442628843,0.18333333333333332
2026-02-08 21:00:00,2026-02-08,20,122.36942,118.94286737527668,106.66462949198586,134.98403125856748,0,3.5596802828071013e-05,0.05,0,0.040924042930554,0.09166666666666666
2026-02-08 22:00:00,2026-02-08,21,110.66942,114.20282503931811,98.05014763625309,129.24380444238312,0,4.8305216182781e-05,0.0,0,0.017930120117754335,0.025
2026-02-08 23:00:00,2026-02-08,22,110.66942,113.0597686549018,94.56864973566456,127.58576757413904,0,9.851841897353091e-05,0.0,0,0.006001424738781259,0.016666666666666666
2026-02-09 00:00:00,2026-02-08,23,111.65248,109.53292742744424,75.67015589197302,139.84926896291546,0,0.0009965898724630707,0.041666666666666664,0,0.00032582573818395804,0.008333333333333333
2026-02-09 01:00:00,2026-02-09,0,111.65248,111.7244484244495,107.79564098586064,115.5011958630384,0,0.0009079901005551224,0.008333333333333333,0,0.0009031197864014137,0.0
2026-02-09 02:00:00,2026-02-09,1,111.65248,111.6369307736078,100.2848712873389,114.1431952598767,0,0.000919172608844311,0.008333333333333333,0,0.0007889336688361538,0.0
2026-02-09 03:00:00,2026-02-09,2,113.53648,111.61639452785889,98.1117032399365,116.40196981578129,0,0.0007358610713231026,0.008333333333333333,0,0.000739466164147912,0.0
2026-02-09 04:00:00,2026-02-09,3,113.69548,111.49800184515529,102.6624945324198,113.43151915789076,0,0.0005142644588474897,0.008333333333333333,0,0.000739466164147912,0.0
2026-02-09 05:00:00,2026-02-09,4,113.69548,111.5219195036038,104.30215024959604,117.55350875761155,0,0.0004475235390831746,0.0,0,0.0007889336688361538,0.008333333333333333
2026-02-09 06:00:00,2026-02-09,5,113.69548,107.30873768198124,90.62343140144188,125.74132396252062,0,0.0010489219552048264,0.0,0,0.00118988658687248,0.008333333333333333
2026-02-09 07:00:00,2026-02-09,6,113.69548,107.42731397459347,90.07051123206612,125.4237907171208,0,0.0007096768663624009,0.008333333333333333,0,0.0005180259612959716,0.0
2026-02-09 08:00:00,2026-02-09,7,113.69548,106.62696003461168,97.56663127006502,113.60313879915834,0,0.0006203841724562626,0.008333333333333333,0,0.0003435207384516001,0.0
2026-02-09 09:00:00,2026-02-09,8,111.65248,106.71518824151735,92.79108855758776,115.90819792544696,0,0.0007738713656072341,0.041666666666666664,0,0.000350361212671988,0.0
2026-02-09 10:00:00,2026-02-09,9,113.53648,107.64215820680629,92.1988959165294,124.15356049708316,0,0.000735561092579103,0.03333333333333333,0,0.0009555236213346798,0.0
2026-02-09 11:00:00,2026-02-09,10,113.69548,108.14598810452608,94.17833734873668,120.85001886031549,0,0.000735561092579103,0.0,0,0.0014541683992498717,0.0
2026-02-09 12:00:00,2026-02-09,11,111.65248,105.46897371461728,91.97660201521344,115.95560941402113,0,0.001023589715961015,0.016666666666666666,0,0.0011027312546055732,0.0
2026-02-09 13:00:00,2026-02-09,12,113.69548,107.2147070989499,85.84248204330414,130.32208215459568,0,0.0007272048252863437,0.016666666666666666,0,0.002490666142069147,0.008333333333333333
2026-02-09 14:00:00,2026-02-09,13,113.69548,108.33689593913704,89.57436939725324,129.87908448102084,0,0.0005917321132125465,0.008333333333333333,0,0.0030193449509800965,0.008333333333333333
2026-02-09 15:00:00,2026-02-09,14,113.69548,113.9901690283946,97.33506964660366,141.1885314101856,0,9.994952431315903e-05,0.0,0,0.04994105511097491,0.016666666666666666
2026-02-09 16:00:00,2026-02-09,15,116.90648,114.36797812714198,101.06445555867464,134.5115206956093,0,9.686961255464862e-05,0.0,0,0.038036714049975724,0.016666666666666666
2026-02-09 17:00:00,2026-02-09,16,116.90648,115.6461093323688,102.57088572306368,147.7679529416739,0,9.686961255464862e-05,0.0,0,0.0950635607228048,0.025
2026-02-09 18:00:00,2026-02-09,17,118.79548,127.17445128883664,110.91553002400948,169.1889825536638,0,7.747605327385775e-05,0.0,0,0.40586816646971485,0.025
2026-02-09 19:00:00,2026-02-09,18,118.79548,132.18605135910548,113.969911749974,174.35508696823695,0,7.252030627854479e-05,0.025,0,0.34976608455606684,0.15
2026-02-09 20:00:00,2026-02-09,19,118.79548,130.21347652754926,117.7064803711112,167.7994406839873,0,7.028555745047118e-05,0.05,0,0.3272531918902748,0.2
2026-02-09 21:00:00,2026-02-09,20,118.79548,126.96219114707996,110.0270719102944,163.15733238386554,0,7.028555745047118e-05,0.041666666666666664,0,0.20599535948358524,0.125
2026-02-09 22:00:00,2026-02-09,21,116.90648,119.35092141850598,100.95126386081476,140.2600389761972,0,9.928895863407323e-05,0.0,0,0.046533370504421384,0.03333333333333333
2026-02-09 23:00:00,2026-02-09,22,116.90648,112.7909178387122,95.36810149322068,131.5643241842037,0,0.0003439006770308302,0.0,0,0.0043440586976569075,0.016666666666666666
2026-02-10 00:00:00,2026-02-09,23,113.62716,113.28061094563736,84.86647340513417,138.13514848614057,0,0.0012975540456001701,0.041666666666666664,0,0.00544288163803177,0.008333333333333333
2026-02-10 01:00:00,2026-02-10,0,113.62716,113.66415333989224,109.32296779388408,117.7445728859004,0,0.0003336028739557799,0.008333333333333333,0,0.0004201803845192069,0.0
2026-02-10 02:00:00,2026-02-10,1,113.62716,113.47410664276174,101.48219541727347,116.86801786824998,0,0.0003191884294437706,0.008333333333333333,0,0.0004201803845192069,0.0
2026-02-10 03:00:00,2026-02-10,2,113.62716,113.5329343187333,104.88619083352016,119.35178980394642,0,0.00027697788193230553,0.008333333333333333,0,0.00047592871465493416,0.0
2026-02-10 04:00:00,2026-02-10,3,113.62716,113.53837130178476,107.8012440736658,113.85992852990374,0,0.00025224968422587655,0.008333333333333333,0,0.0010741222235555806,0.0
2026-02-10 05:00:00,2026-02-10,4,113.62716,113.79180407969342,106.86226705076491,119.45433110862191,0,0.00013002518343285607,0.0,0,0.0013536303762019084,0.008333333333333333
2026-02-10 06:00:00,2026-02-10,5,113.62716,112.7841705142385,99.94400692513534,130.38397410334167,0,0.00016807948233551448,0.0,0,0.001104697789006476,0.016666666666666666
2026-02-10 07:00:00,2026-02-10,6,113.62716,113.6718237525772,100.9649432119009,133.3596802932535,0,0.00015900578734982383,0.008333333333333333,0,0.0019233138957429113,0.0
2026-02-10 08:00:00,2026-02-10,7,113.62716,112.00849021888423,105.26309355422308,116.33148688354537,0,0.00016069746506643158,0.008333333333333333,0,0.0016728118623757548,0.0
2026-02-10 09:00:00,2026-02-10,8,113.62716,111.61925293131289,98.16181401709105,120.66966484553474,0,0.00037524545837843603,0.025,0,0.0006125865601485231,0.0
2026-02-10 10:00:00,2026-02-10,9,113.62716,112.82919763838922,96.67378480201933,129.59592047475914,0,0.00015164771714416234,0.016666666666666666,0,0.0018342302016445353,0.0
2026-02-10 11:00:00,2026-02-10,10,113.62716,112.93987360962578,100.49051082088276,130.89968239836884,0,0.00020415759729874042,0.0,0,0.006852323307505732,0.0
2026-02-10 12:00:00,2026-02-10,11,113.62716,111.26549695005274,94.0668851736128,128.09407872649265,0,0.00044956537936538586,0.016666666666666666,0,0.0029241746115920134,0.0
2026-02-10 13:00:00,2026-02-10,12,113.62716,113.0317480803102,90.1286675388576,148.20411462176276,0,0.00020415759729874042,0.016666666666666666,0,0.011715878540883715,0.008333333333333333
2026-02-10 14:00:00,2026-02-10,13,113.62716,115.373163846636,95.44928865417027,145.6252140391017,0,7.193581386863246e-05,0.0,0,0.029446394644631987,0.016666666666666666
2026-02-10 15:00:00,2026-02-10,14,113.62716,114.31883996415284,96.15686598881892,151.31720393948677,0,0.00012204958285880157,0.0,0,0.02847383832512796,0.008333333333333333
2026-02-10 16:00:00,2026-02-10,15,119.03316,114.09442194017323,102.7581871302278,142.96464675011867,0,0.00015603752256854102,0.0,0,0.025108076281515818,0.016666666666666666
2026-02-10 17:00:00,2026-02-10,16,119.13016,117.49179485281348,101.48799096804386,156.5355687375831,0,9.337572245282183e-05,0.0,0,0.056714965162102594,0.008333333333333333
2026-02-10 18:00:00,2026-02-10,17,132.27316,124.50199426433986,100.42296341949825,186.0191251091815,0,5.2357842732599017e-05,0.0,0,0.08956840917490051,0.008333333333333333
2026-02-10 19:00:00,2026-02-10,18,132.27316,126.17685664609846,97.18945654195844,195.3927467502385,0,5.074437858304236e-05,0.025,0,0.2031683562689348,0.10833333333333334
2026-02-10 20:00:00,2026-02-10,19,132.27316,123.83995124122728,101.53422244088576,189.3173200415688,0,5.074437858304236e-05,0.05,0,0.1176362573389131,0.175
2026-02-10 21:00:00,2026-02-10,20,122.27416,122.7559444689614,97.43909781907296,168.2171811188498,0,5.074437858304236e-05,0.041666666666666664,0,0.06392563035732896,0.09166666666666666
2026-02-10 22:00:00,2026-02-10,21,119.13016,117.68690911070884,104.0047898969414,144.9928083244763,0,0.00011612966515738329,0.0,0,0.02168928875625623,0.016666666666666666
2026-02-10 23:00:00,2026-02-10,22,113.62716,115.90991150764869,107.2648052796032,130.92050773569414,0,0.00010915793085977896,0.0,0,0.009508030281389399,0.016666666666666666
2026-02-11 00:00:00,2026-02-10,23,126.72728,114.1938795010296,88.09218508957511,140.3608379124841,0,0.0007085017353185547,0.041666666666666664,0,0.0018900320356319278,0.008333333333333333
2026-02-11 01:00:00,2026-02-11,0,126.72728,126.63147308904966,125.51020056281344,130.72237961528592,0,0.006121797174965517,0.008333333333333333,0,0.0007922091060119435,0.0
2026-02-11 02:00:00,2026-02-11,1,126.72728,126.53596428545607,117.74837299095428,131.3125755799579,0,0.006346156229552556,0.008333333333333333,0,0.0007922091060119435,0.0
2026-02-11 03:00:00,2026-02-11,2,126.72728,126.80874351771448,120.13956672288332,134.29054031254563,0,0.004653995114658299,0.008333333333333333,0,0.0007922091060119435,0.0
2026-02-11 04:00:00,2026-02-11,3,126.72728,126.73333061542894,121.81044287690204,128.60114235395585,0,0.003648783658680354,0.008333333333333333,0,0.0007922091060119435,0.0
2026-02-11 05:00:00,2026-02-11,4,132.13328,126.69315379119573,120.0758900983182,134.8284524840732,0,0.0013642289147900461,0.0,0,0.0013880877319747157,0.008333333333333333
2026-02-11 06:00:00,2026-02-11,5,132.23028,125.804553365917,113.0626889223263,145.56592780950768,0,0.002927056192568139,0.0,0,0.001223796897737311,0.016666666666666666
2026-02-11 07:00:00,2026-02-11,6,132.13328,124.91613519968708,112.73811541199105,147.8094799873831,0,0.0033583548673689102,0.008333333333333333,0,0.0013715494015769996,0.008333333333333333
2026-02-11 08:00:00,2026-02-11,7,126.72728,123.5715158520631,116.08866241216556,134.99808929196067,0,0.004411511793862917,0.008333333333333333,0,0.0008674478384902626,0.0
2026-02-11 09:00:00,2026-02-11,8,126.72728,122.89098206142768,109.14965802570828,140.38160609714706,0,0.007138546820771919,0.025,0,0.0007385940861537999,0.0
2026-02-11 10:00:00,2026-02-11,9,126.72728,124.0185707755166,104.20747741969237,152.96398413134085,0,0.005640669525960173,0.016666666666666666,0,0.0013985286966490345,0.0
2026-02-11 11:00:00,2026-02-11,10,126.72728,124.55045801262574,105.83504441204872,153.82309361320276,0,0.005640669525960173,0.0,0,0.0021303069742048867,0.0
2026-02-11 12:00:00,2026-02-11,11,126.72728,121.15281334174183,101.38839797982855,152.0700987036551,0,0.013132839615524214,0.016666666666666666,0,0.002541146878925961,0.0
2026-02-11 13:00:00,2026-02-11,12,126.72728,122.59845642400744,95.21958139605567,168.18234145195922,0,0.005047383522824462,0.016666666666666666,0,0.0038596406209965703,0.016666666666666666
2026-02-11 14:00:00,2026-02-11,13,132.23028,123.7203623781294,96.63118783511018,164.21482692114864,0,0.002957445070427834,0.008333333333333333,0,0.0036618559058008175,0.008333333333333333
2026-02-11 15:00:00,2026-02-11,14,132.23028,123.88365168181656,99.16243067847836,167.29506268515476,0,0.0014487771020412514,0.0,0,0.0045452971446834425,0.008333333333333333
2026-02-11 16:00:00,2026-02-11,15,134.37328,124.19680839241524,109.18786986496625,159.79032191986423,0,0.0013671667999718823,0.0,0,0.006556108548757721,0.008333333333333333
2026-02-11 17:00:00,2026-02-11,16,134.37328,124.77463929548642,102.79022456332372,176.1511160276491,0,0.0014484087936452268,0.0,0,0.012678717956239016,0.0
2026-02-11 18:00:00,2026-02-11,17,147.48428,139.59059483661883,107.35409439127568,208.73262528196204,0,0.0004984547820318475,0.0,0,0.07423760502105782,0.016666666666666666
2026-02-11 19:00:00,2026-02-11,18,147.48428,145.1436298640935,114.02767670372587,213.06139302446115,0,0.0002079351366763569,0.025,0,0.14766411781459804,0.125
2026-02-11 20:00:00,2026-02-11,19,147.48428,138.8449743443719,120.49460063885394,192.30548404988988,0,0.0004326622891687233,0.05,0,0.06800328815895532,0.18333333333333332
2026-02-11 21:00:00,2026-02-11,20,135.37328,131.33813327988815,110.69550913948729,168.52202742028908,0,0.001011521057020328,0.041666666666666664,0,0.02387774228208397,0.09166666666666666
2026-02-11 22:00:00,2026-02-11,21,134.37328,126.64329920672547,113.50987305181232,153.39462536163862,0,0.0007974037299629754,0.008333333333333333,0,0.010251285281151719,0.016666666666666666
2026-02-11 23:00:00,2026-02-11,22,134.37328,123.53934975457472,117.57831632117302,141.02845318797637,0,0.002818610978969618,0.008333333333333333,0,0.00333275779435604,0.008333333333333333
2026-02-12 00:00:00,2026-02-11,23,127.02862,125.64021571067973,94.90342305612512,151.3063583652343,0,0.020331380646624472,0.041666666666666664,0,0.0013083296299198136,0.008333333333333333
2026-02-12 01:00:00,2026-02-12,0,126.02862,127.08355836264936,119.4713891885768,131.1060875367219,0,0.002961721484093075,0.008333333333333333,0,0.00031368050366421596,0.0
2026-02-12 02:00:00,2026-02-12,1,126.02862,127.01160389849603,117.13947372874324,133.3283240682488,0,0.0028408164983811618,0.008333333333333333,0,0.00031368050366421596,0.0
2026-02-12 03:00:00,2026-02-12,2,126.02862,127.06973457719972,116.37201129701803,132.53364785738142,0,0.0025942784846997133,0.008333333333333333,0,0.00031368050366421596,0.0
2026-02-12 04:00:00,2026-02-12,3,127.02862,127.15500814680058,123.16903539836132,128.23634589523982,0,0.0022478527808541533,0.008333333333333333,0,0.0003575184179389591,0.0
2026-02-12 05:00:00,2026-02-12,4,128.02862,127.43313549302388,120.30597831067112,129.77163267537668,0,0.0012080468786311528,0.0,0,0.0021012091082628385,0.008333333333333333
2026-02-12 06:00:00,2026-02-12,5,128.02862,126.6663522672648,113.56683796225738,141.6185665722722,0,0.0008366959314385296,0.0,0,0.003783784862162353,0.016666666666666666
2026-02-12 07:00:00,2026-02-12,6,128.02862,126.90080606753952,114.54536818744371,143.89136394763534,0,0.0008158924205657553,0.008333333333333333,0,0.0038633082516269864,0.0
2026-02-12 08:00:00,2026-02-12,7,126.02862,126.29803177699782,122.25699140830363,130.074302145692,0,0.0010263234207039547,0.008333333333333333,0,0.00030802059252394673,0.0
2026-02-12 09:00:00,2026-02-12,8,125.88562,125.41079794462672,117.24166474557632,135.72041114367713,0,0.0022304698171051103,0.025,0,0.00027911960320299686,0.0
2026-02-12 10:00:00,2026-02-12,9,125.88562,126.87763780947851,112.15143367322152,142.80782594573552,0,0.0014829314593835115,0.016666666666666666,0,0.000565050074844919,0.0
2026-02-12 11:00:00,2026-02-12,10,126.02862,127.13885167726264,117.57490797017704,141.6786653843482,0,0.0013773088618385413,0.0,0,0.0005419055091626265,0.0
2026-02-12 12:00:00,2026-02-12,11,126.02862,125.69673937787104,113.82774702979265,140.4539167259494,0,0.0014085103452587504,0.016666666666666666,0,0.0007514781924153901,0.0
2026-02-12 13:00:00,2026-02-12,12,127.02862,127.20456401335548,109.46329328397589,152.5203547427351,0,0.001379341957598823,0.016666666666666666,0,0.0010243606345627476,0.008333333333333333
2026-02-12 14:00:00,2026-02-12,13,128.02862,132.30155785354947,120.46257773857448,153.48432796852444,0,0.0003325419660774284,0.0,0,0.015188329575930038,0.016666666666666666
2026-02-12 15:00:00,2026-02-12,14,128.02862,131.87843817510847,118.80489952605188,155.78598682416504,0,0.0003074143459671387,0.0,0,0.015558004253569846,0.016666666666666666
2026-02-12 16:00:00,2026-02-12,15,129.02862,130.25387043852925,126.99952718012445,142.98021369693402,0,0.00027645602261261584,0.0,0,0.014060013675237662,0.016666666666666666
2026-02-12 17:00:00,2026-02-12,16,134.02962,131.65275387911606,127.69482519705517,153.47883256117694,0,0.00028763022618181485,0.0,0,0.01555185584099434,0.0
2026-02-12 18:00:00,2026-02-12,17,134.02962,143.40119444669705,128.13320123897142,177.54645165442267,0,0.000245347440982535,0.0,0,0.0413230688450285,0.016666666666666666
2026-02-12 19:00:00,2026-02-12,18,139.02862,146.7692561450682,135.23853912162664,182.4661131685097,0,0.00016476795868531892,0.025,0,0.04168947996285925,0.11666666666666667
2026-02-12 20:00:00,2026-02-12,19,139.02862,142.0162087281288,136.6797124462523,168.6804750100053,0,0.0002413954066269898,0.05,0,0.037399270411397144,0.175
2026-02-12 21:00:00,2026-02-12,20,134.02962,137.8443184752049,126.55002291526829,159.7403640351415,0,0.0003245264086269773,0.041666666666666664,0,0.032131472620444475,0.09166666666666666
2026-02-12 22:00:00,2026-02-12,21,134.02962,135.99645931893923,121.9993170296016,151.30375160827683,0,0.00033006404481866227,0.0,0,0.016520395512396507,0.03333333333333333
2026-02-12 23:00:00,2026-02-12,22,128.02862,134.31597574889906,120.80238402468191,147.3446674731162,0,0.0003232883772982636,0.0,0,0.010723947298667453,0.016666666666666666
2026-02-13 00:00:00,2026-02-12,23,118.63686,127.699231732671,102.44456913230688,153.09413033303514,0,0.003067318024543355,0.041666666666666664,0,0.00043961183478681646,0.008333333333333333
2026-02-13 01:00:00,2026-02-13,0,118.63686,118.71100263699292,115.67611735684392,119.98305791714188,0,0.011487571215751282,0.008333333333333333,0,0.00033006253923923584,0.0
2026-02-13 02:00:00,2026-02-13,1,118.63686,118.55373269921051,114.63103395073004,123.535731447691,0,0.011487571215751282,0.008333333333333333,0,0.00027117170460317345,0.0
2026-02-13 03:00:00,2026-02-13,2,118.63686,118.62996659677177,113.42506201660474,125.6284711769388,0,0.011572939828705069,0.008333333333333333,0,0.00028894742008762805,0.0
2026-02-13 04:00:00,2026-02-13,3,118.63686,118.65866388042944,118.1774030992831,121.46456466157578,0,0.008218290272350895,0.008333333333333333,0,0.0004232811222932031,0.0
2026-02-13 05:00:00,2026-02-13,4,118.63686,119.3389292609349,116.53329584443136,123.71487267743848,0,0.0032488658814753984,0.0,0,0.0011681803850563447,0.008333333333333333
2026-02-13 06:00:00,2026-02-13,5,118.63686,120.20136855880288,107.22667113011916,139.03843598748665,0,0.001959458495394389,0.008333333333333333,0,0.0012669216217491917,0.016666666666666666
2026-02-13 07:00:00,2026-02-13,6,118.63686,121.54080830009212,105.52137793654542,140.1196086636388,0,0.0013192302003319366,0.008333333333333333,0,0.001424171810301339,0.0
2026-02-13 08:00:00,2026-02-13,7,118.63686,121.51996118032396,113.57050578649812,129.3679325741498,0,0.0011985372038598168,0.008333333333333333,0,0.0007334065722642565,0.0
2026-02-13 09:00:00,2026-02-13,8,118.63686,122.94626170501556,112.29313767581247,135.65476573421867,0,0.0012181099407187373,0.025,0,0.00111707635239888,0.0
2026-02-13 10:00:00,2026-02-13,9,118.63686,122.48534411484304,104.8717611879409,137.73772704174516,0,0.0011995879609844116,0.016666666666666666,0,0.0012172427678293098,0.0
2026-02-13 11:00:00,2026-02-13,10,118.63686,122.52502068637084,106.1728367381958,136.2129906345459,0,0.0011106515328557006,0.0,0,0.0014209047341374786,0.0
2026-02-13 12:00:00,2026-02-13,11,118.63686,122.83555455468692,106.89950508026509,138.57903402910873,0,0.0011995879609844116,0.016666666666666666,0,0.0021541874179448433,0.0
2026-02-13 13:00:00,2026-02-13,12,118.63686,123.3845078397743,101.7425865578706,145.65188912167804,0,0.0007195905228091791,0.016666666666666666,0,0.002226928409329768,0.016666666666666666
2026-02-13 14:00:00,2026-02-13,13,118.83586,124.34800452656904,108.8662051918223,144.35660786131575,0,0.000495315536830109,0.0,0,0.006353541964752014,0.016666666666666666
2026-02-13 15:00:00,2026-02-13,14,119.77286,123.40541236071344,107.52735525876264,144.59720946266427,0,0.0007021358422617718,0.0,0,0.006013073900893492,0.016666666666666666
2026-02-13 16:00:00,2026-02-13,15,119.83686,124.27732432151186,115.45643376149812,137.95407988152562,0,0.0004985787441692432,0.0,0,0.0065024859491512235,0.016666666666666666
2026-02-13 17:00:00,2026-02-13,16,121.93786,126.65610083047184,118.58950433571738,143.62485732522632,0,0.00028995535879832406,0.0,0,0.0061314539955926875,0.016666666666666666
2026-02-13 18:00:00,2026-02-13,17,121.93786,134.3523907714387,133.41310572051125,146.04077582236616,0,0.00010539627730866496,0.0,0,0.022020136289094404,0.008333333333333333
2026-02-13 19:00:00,2026-02-13,18,121.93786,135.07721560782545,134.2255450172669,141.52295119838402,0,0.000136534019819538,0.025,0,0.021227434965060236,0.1
2026-02-13 20:00:00,2026-02-13,19,121.93786,132.3107135469018,130.18393099454389,141.0342760992597,0,0.00016634384926596425,0.05,0,0.015570737044937484,0.175
2026-02-13 21:00:00,2026-02-13,20,121.93786,131.024301435896,119.97121242942536,148.16098044236665,0,0.00015429127289498266,0.041666666666666664,0,0.015477408290248197,0.09166666666666666
2026-02-13 22:00:00,2026-02-13,21,119.83686,129.80448490093164,115.53264094853812,144.4720788533251,0,0.0003752380290523403,0.0,0,0.006303840982237346,0.03333333333333333
2026-02-13 23:00:00,2026-02-13,22,118.83586,125.18636714167322,111.84371704714373,139.9853372362027,0,0.000609297090512793,0.0,0,0.003295417142170258,0.016666666666666666
2026-02-14 00:00:00,2026-02-13,23,116.55786,121.64443552803252,97.21304149096623,144.8158295650988,0,0.009154920552195073,0.041666666666666664,0,0.0002983488637714243,0.0
2026-02-14 01:00:00,2026-02-14,0,116.55786,116.62595478292172,115.98420219115344,117.35220737469004,0,0.0001991059337192087,0.008333333333333333,0,0.001659094889011202,0.0
2026-02-14 02:00:00,2026-02-14,1,114.75686,116.65690631185907,111.86183581763764,121.60173080608052,0,0.0001874657652329536,0.008333333333333333,0,0.0015738741471341122,0.0
2026-02-14 03:00:00,2026-02-14,2,114.75686,116.61039627425698,111.61548875823172,120.47127379028224,0,0.0001512948346203232,0.008333333333333333,0,0.0015738741471341122,0.0
2026-02-14 04:00:00,2026-02-14,3,114.75686,116.58934125890988,114.87524165948928,117.30276885833048,0,0.00014154229554660648,0.008333333333333333,0,0.0013626931591501053,0.0
2026-02-14 05:00:00,2026-02-14,4,116.55786,116.73302171202556,115.32644805824698,119.20467536580414,0,8.05194425590797e-05,0.0,0,0.0015738741471341122,0.008333333333333333
2026-02-14 06:00:00,2026-02-14,5,116.55786,114.98903313980452,103.283761158964,128.20118512064505,0,0.00014134256622409946,0.0,0,0.0008225598666531556,0.016666666666666666
2026-02-14 07:00:00,2026-02-14,6,116.55786,115.38155982090665,104.2654174486851,127.79363219312818,0,0.0001359876644853463,0.008333333333333333,0,0.0013893189768913517,0.016666666666666666
2026-02-14 08:00:00,2026-02-14,7,116.55786,115.9148090160584,111.26194972399806,120.40020830811876,0,8.523950745416887e-05,0.008333333333333333,0,0.0013099224310364952,0.0
2026-02-14 09:00:00,2026-02-14,8,114.75686,115.7657549514759,110.86181008293347,123.33647982001833,0,9.264539635682035e-05,0.025,0,0.0013099224310364952,0.0
2026-02-14 10:00:00,2026-02-14,9,114.75686,116.15343781770858,103.68414854901016,128.395887086407,0,0.00011974907436590122,0.016666666666666666,0,0.0024256798842450526,0.0
2026-02-14 11:00:00,2026-02-14,10,114.75686,116.51518605108056,106.3566130626868,125.02660703947431,0,0.00010521062708224761,0.0,0,0.003027080754759215,0.0
2026-02-14 12:00:00,2026-02-14,11,114.75686,113.50158284194202,101.60711792354036,124.16056276034368,0,0.00018222362690752214,0.016666666666666666,0,0.0025918758049018544,0.0
2026-02-14 13:00:00,2026-02-14,12,114.75686,113.80915260633547,97.32397596149345,129.0861392511775,0,0.00018696012028157548,0.016666666666666666,0,0.001825336849251772,0.016666666666666666
2026-02-14 14:00:00,2026-02-14,13,114.75686,113.5914545751654,102.71674348750626,125.82569066282451,0,0.00018887671010244845,0.0,0,0.0019899577430022275,0.016666666666666666
2026-02-14 15:00:00,2026-02-14,14,116.55786,113.64881738676551,98.65188946600271,127.10098530752832,0,0.00015064018690491319,0.0,0,0.0025512742527705828,0.016666666666666666
2026-02-14 16:00:00,2026-02-14,15,116.55786,113.78891355470031,109.77409001442513,122.02851209497553,0,0.00018062736565306364,0.0,0,0.0028869044644933704,0.016666666666666666
2026-02-14 17:00:00,2026-02-14,16,119.85886,115.66655613131633,112.43013123714672,124.48969102548594,0,0.00010641060249510069,0.0,0,0.004729667267742576,0.008333333333333333
2026-02-14 18:00:00,2026-02-14,17,168.75786,117.90858787149884,117.622958050835,123.05651569216263,0,3.846645347603201e-05,0.025,1,0.018402557625389004,0.008333333333333333
2026-02-14 19:00:00,2026-02-14,18,168.75786,118.68260391396416,120.30419628925269,123.52921153867564,0,4.11969782702029e-05,0.05,1,0.01898969323341486,0.1
2026-02-14 20:00:00,2026-02-14,19,119.85886,118.22581563606724,116.42663895698163,124.29092431515282,0,8.233280525856278e-05,0.05,0,0.012072381946344062,0.15833333333333333
2026-02-14 21:00:00,2026-02-14,20,168.75786,117.68298746903936,108.13961524677896,131.47297169129973,0,6.968363189855471e-05,0.05,1,0.012884553740144803,0.08333333333333333
2026-02-14 22:00:00,2026-02-14,21,119.85886,116.03900494774716,104.46124652405103,129.81895337144326,0,8.34718707181657e-05,0.0,0,0.003952145954096365,0.016666666666666666
2026-02-14 23:00:00,2026-02-14,22,116.55786,115.1502621605415,104.15291620635472,124.20617111472824,0,9.635223467800118e-05,0.0,0,0.001977031342720172,0.016666666666666666
2026-02-15 00:00:00,2026-02-14,23,112.70936,118.61607454296154,91.33223149796584,140.42766758795722,0,0.00033202457207594195,0.03333333333333333,0,0.0007246740393526544,0.016666666666666666
2026-02-15 01:00:00,2026-02-15,0,112.70936,112.79568250158624,109.40708349818136,115.11432650499115,0,0.0002258588815647199,0.008333333333333333,0,0.0012661132389511823,0.0
2026-02-15 02:00:00,2026-02-15,1,112.70936,112.80029410546464,103.7552557448769,120.6045774660524,0,0.00040047037778463766,0.008333333333333333,0,0.000495889238285627,0.0
2026-02-15 03:00:00,2026-02-15,2,112.70936,112.7031398591118,105.0843712895731,120.43863242865052,0,0.00030199564565037577,0.008333333333333333,0,0.00045046093999879714,0.0
2026-02-15 04:00:00,2026-02-15,3,112.70936,112.58123968277609,107.95751682054204,115.82250254501018,0,0.00030227364754885675,0.008333333333333333,0,0.0003135691331170307,0.0
2026-02-15 05:00:00,2026-02-15,4,112.70936,112.69404828057723,107.88995775073477,117.69759881041968,0,0.00031443324533476897,0.0,0,0.0010034269947370288,0.008333333333333333
2026-02-15 06:00:00,2026-02-15,5,112.70936,110.8356695397812,92.00025856705057,123.75703551251182,0,0.000504403018891332,0.0,0,0.0007893286843601099,0.016666666666666666
2026-02-15 07:00:00,2026-02-15,6,110.66936,111.86337167661904,96.34979640215688,125.99708695108124,0,0.0007604155662465753,0.008333333333333333,0,0.0006130982387105306,0.0
2026-02-15 08:00:00,2026-02-15,7,110.66936,111.25236311877812,103.99560140774145,117.12604482981476,0,0.0006131935414570883,0.008333333333333333,0,0.0006284585926037274,0.0
2026-02-15 09:00:00,2026-02-15,8,105.26336,110.87604550054176,103.41516733089853,120.741441670185,0,0.0013432136736474202,0.025,0,0.0002367748311900557,0.0
2026-02-15 10:00:00,2026-02-15,9,105.26336,110.9236742510848,97.23142629036316,123.63749821180642,0,0.0014253887015399107,0.025,0,0.0003347776436635565,0.0
2026-02-15 11:00:00,2026-02-15,10,105.26336,111.5029968312509,98.13959826303268,119.32468739946913,0,0.0011603677690495903,0.0,0,0.0002857142274343177,0.0
2026-02-15 12:00:00,2026-02-15,11,110.66936,109.34163501958926,94.2242109597676,119.41230107941092,0,0.0006741134231939466,0.016666666666666666,0,0.0006357550122305526,0.0
2026-02-15 13:00:00,2026-02-15,12,110.66936,109.8894582444002,91.59115308273388,125.49706340606652,0,0.0006741134231939466,0.016666666666666666,0,0.0005540118331676131,0.008333333333333333
2026-02-15 14:00:00,2026-02-15,13,112.70936,109.94275604072492,98.3524191875226,120.73408789392722,0,0.0006481245058574403,0.008333333333333333,0,0.0007128986821779567,0.008333333333333333
2026-02-15 15:00:00,2026-02-15,14,112.70936,110.54178049135793,94.89381748023833,127.02419350247752,0,0.0002918813117550901,0.0,0,0.0023464188745630186,0.008333333333333333
2026-02-15 16:00:00,2026-02-15,15,112.70936,111.61942302695992,104.20074097402949,118.97067007989035,0,0.00015675806583353885,0.0,0,0.003927143491364026,0.008333333333333333
2026-02-15 17:00:00,2026-02-15,16,116.00836,112.72958317641331,109.33921658957073,124.24754976325588,0,0.00020501250330686246,0.0,0,0.0074153513724996255,0.0
2026-02-15 18:00:00,2026-02-15,17,164.90936,133.2033448175005,126.4206341336566,151.2451555013444,0,6.350054428160266e-05,0.0,1,0.10958691826196405,0.041666666666666664
2026-02-15 19:00:00,2026-02-15,18,164.90936,134.07812268179006,126.91919903943378,146.10565032414635,0,7.091557507239588e-05,0.025,1,0.11790075234340858,0.13333333333333333
2026-02-15 20:00:00,2026-02-15,19,164.90936,117.4598122992546,113.57660265942472,130.9542319390844,0,9.914909259773235e-05,0.05,1,0.02738860966211636,0.15833333333333333
2026-02-15 21:00:00,2026-02-15,20,164.90936,134.2316670484121,121.3812240352064,153.51271406161783,0,9.326213174975014e-05,0.041666666666666664,1,0.10166170496442041,0.14166666666666666
2026-02-15 22:00:00,2026-02-15,21,116.00836,115.76414924966085,97.53368495128348,129.93941354803823,0,0.00013892002583614104,0.0,0,0.025456315828259326,0.016666666666666666
2026-02-15 23:00:00,2026-02-15,22,116.00836,114.34986408133778,96.44234840711876,125.56675975555684,0,0.0001452993950111087,0.0,0,0.020682582697653364,0.016666666666666666
2026-02-16 00:00:00,2026-02-15,23,109.05489,115.09324320091008,86.2198937081789,136.54546769364129,0,0.0008508871467139578,0.041666666666666664,0,0.0017884155165772363,0.008333333333333333
2026-02-16 01:00:00,2026-02-16,0,109.05489,109.04958390374556,101.81435389790568,109.51702990958542,0,0.0023126818921762452,0.016666666666666666,0,0.0009298723830383385,0.0
2026-02-16 02:00:00,2026-02-16,1,109.05489,108.91786651026575,98.40725249489286,114.10517552563864,0,0.0022157650739514107,0.025,0,0.0009673141389155538,0.0
2026-02-16 03:00:00,2026-02-16,2,109.05489,108.76098688218168,100.89299991363012,120.2050938507332,0,0.0025270193001138926,0.016666666666666666,0,0.0010544471443807582,0.0
2026-02-16 04:00:00,2026-02-16,3,109.15189,109.02402919709913,98.53338067633008,117.0680577178682,0,0.002694877326704003,0.016666666666666666,0,0.0014759712294426515,0.0
2026-02-16 05:00:00,2026-02-16,4,111.09489,110.23076273642286,103.63726467295407,123.04856079989167,0,0.001113354095120141,0.008333333333333333,0,0.001528355949894967,0.008333333333333333
2026-02-16 06:00:00,2026-02-16,5,111.09489,108.30841251071853,92.76611011096256,131.4505649104745,0,0.001580107449034631,0.016666666666666666,0,0.0024608323603089433,0.0
2026-02-16 07:00:00,2026-02-16,6,111.09489,111.27045809147332,93.90194560617223,132.40311257677442,0,0.0006650286832972396,0.016666666666666666,0,0.001213516885664782,0.0
2026-02-16 08:00:00,2026-02-16,7,111.09489,110.75053148627698,97.4982935483934,121.36038942416054,0,0.0007322720255688945,0.025,0,0.001091859594152295,0.0
2026-02-16 09:00:00,2026-02-16,8,109.15189,114.10690795365292,92.18242140904364,124.5843394982622,0,0.0008616473508450844,0.03333333333333333,0,0.0008772484706174814,0.0
2026-02-16 10:00:00,2026-02-16,9,111.09489,116.82212808211403,94.8245144159789,140.79663174824913,0,0.00039131267555861556,0.025,0,0.0025507385333090175,0.0
2026-02-16 11:00:00,2026-02-16,10,111.09489,117.23600957146866,96.8869260138531,138.95981312908418,0,0.0002876565169923762,0.0,0,0.009214126545547322,0.0
2026-02-16 12:00:00,2026-02-16,11,111.09489,116.61971049372974,94.75692203776718,137.45462894969225,0,0.0003952327664880869,0.016666666666666666,0,0.003519895606772033,0.0
2026-02-16 13:00:00,2026-02-16,12,111.09489,120.11010878859794,90.8455196108388,146.1642279663571,0,0.00028050990611623117,0.008333333333333333,0,0.010477313314072366,0.008333333333333333
2026-02-16 14:00:00,2026-02-16,13,111.09489,125.96067916545088,103.82830484085945,146.31137349004234,0,0.0002600943370422021,0.0,0,0.06849316771102802,0.025
2026-02-16 15:00:00,2026-02-16,14,111.09489,131.46849405947316,104.90914400540358,161.49010411354277,0,0.0002600943370422021,0.0,0,0.07380473403992059,0.041666666666666664
2026-02-16 16:00:00,2026-02-16,15,112.29489,131.3063535682509,111.74244511191114,148.72094202459067,0,0.00018143905122881346,0.0,0,0.07835417880866047,0.041666666666666664
2026-02-16 17:00:00,2026-02-16,16,112.29489,137.6219577014885,126.27165253904566,166.83979286393134,0,0.0001881684851293061,0.0,0,0.09173368186653662,0.06666666666666667
2026-02-16 18:00:00,2026-02-16,17,117.30589,159.9907715837666,145.0976936991528,203.0582994683804,0,0.00014753953636808897,0.0,0,0.4223436019002576,0.675
2026-02-16 19:00:00,2026-02-16,18,117.30589,162.69986684593255,147.4991177349913,197.9893559568737,0,0.00012026469846041674,0.025,0,0.43975769184531294,0.6833333333333333
2026-02-16 20:00:00,2026-02-16,19,117.30589,158.58160064678583,144.51779593973714,184.4644553538345,0,0.00012026469846041674,0.05,0,0.3849912773809748,0.55
2026-02-16 21:00:00,2026-02-16,20,117.30589,152.5593173153189,134.10746416685132,185.2946004637865,0,0.00012026469846041674,0.041666666666666664,0,0.3299132103117911,0.4
2026-02-16 22:00:00,2026-02-16,21,112.29489,127.88227483779946,110.54205448537915,150.84112519021974,0,0.00016728377157386912,0.0,0,0.04273215146658346,0.03333333333333333
2026-02-16 23:00:00,2026-02-16,22,111.09489,121.45442241048887,104.96595909102156,141.24292572995617,0,0.00018948721563112505,0.0,0,0.024162993678284818,0.025
2026-02-17 00:00:00,2026-02-16,23,105.34535,115.74835289001582,84.001770490755,140.80836028927664,0,0.0014946366710777428,0.041666666666666664,0,0.0010265373331137717,0.0
2026-02-17 01:00:00,2026-02-17,0,105.34535,105.36305191081873,94.55854558349851,104.55253823813892,0,0.0007284930717457235,0.016666666666666666,0,0.0007989847793591235,0.0
2026-02-17 02:00:00,2026-02-17,1,105.34535,105.3657239784336,88.61571391060683,107.8853040462604,0,0.0008129393760363735,0.016666666666666666,0,0.0008225459524882054,0.0
2026-02-17 03:00:00,2026-02-17,2,105.34535,105.53161942489372,93.41209749984048,110.17774634994696,0,0.0007207106423442427,0.016666666666666666,0,0.0007856457237962613,0.0
2026-02-17 04:00:00,2026-02-17,3,105.34535,105.60631115888272,94.23861977355884,109.7463675442066,0,0.0007513184137987838,0.016666666666666666,0,0.00070268898605468,0.0
2026-02-17 05:00:00,2026-02-17,4,110.84835,105.77042966121012,95.68504825703523,115.83459306538502,0,0.0006936888502603096,0.008333333333333333,0,0.002083547258590811,0.008333333333333333
2026-02-17 06:00:00,2026-02-17,5,112.99135,105.0439836462293,92.3030182844278,125.4028690080308,0,0.0006390954097295174,0.016666666666666666,0,0.0019788356666878473,0.0
2026-02-17 07:00:00,2026-02-17,6,112.99135,106.26518805913636,92.3726056911172,128.21356642715557,0,0.0006107201494055687,0.008333333333333333,0,0.0020141369648770534,0.0
2026-02-17 08:00:00,2026-02-17,7,112.99135,105.341584161533,94.10598643198747,118.61339189107852,0,0.0005713871895124817,0.008333333333333333,0,0.0021704685102716973,0.0
2026-02-17 09:00:00,2026-02-17,8,110.84835,106.10491114494852,87.77508413494623,122.9735081549508,0,0.0005027283198909915,0.025,0,0.0010581413009033557,0.0
2026-02-17 10:00:00,2026-02-17,9,110.84835,107.76300331631344,85.67599142159092,139.56623521103597,0,0.0006309048648156082,0.016666666666666666,0,0.00549803043981387,0.0
2026-02-17 11:00:00,2026-02-17,10,110.84835,110.72729135408936,85.93144535981676,138.79988734836195,0,0.0002812375777934084,0.0,0,0.016721819639822052,0.0
2026-02-17 12:00:00,2026-02-17,11,110.84835,112.67827011810196,92.91792489987684,148.25173533632704,0,0.00018818310659537635,0.008333333333333333,0,0.034859462134448564,0.0
2026-02-17 13:00:00,2026-02-17,12,110.84835,115.78630389030994,87.31942033544064,159.37644744517922,0,0.00025878643302535765,0.008333333333333333,0,0.026384346861443666,0.016666666666666666
2026-02-17 14:00:00,2026-02-17,13,112.99135,116.12093494385029,90.67278506154578,151.29678482615478,0,0.00014050138465616902,0.0,0,0.037423619839895304,0.016666666666666666
2026-02-17 15:00:00,2026-02-17,14,112.99135,115.25311230341585,87.19582337843669,158.86229122839498,0,0.0001444669168201847,0.0,0,0.037915072313680666,0.025
2026-02-17 16:00:00,2026-02-17,15,116.99235,115.54276969798843,96.85247968519288,148.89458471078396,0,0.00011757780404706848,0.0,0,0.04209115654643624,0.03333333333333333
2026-02-17 17:00:00,2026-02-17,16,116.99235,119.62715111374116,96.6810895794638,162.21676264801854,0,0.0001292384835066305,0.0,0,0.0636300326332567,0.05
2026-02-17 18:00:00,2026-02-17,17,117.99135,132.45763477496828,102.675107037309,195.1038825126276,0,9.358493322516729e-05,0.0,0,0.20549135983254999,0.08333333333333333
2026-02-17 19:00:00,2026-02-17,18,119.99135,131.1408935774882,106.80281908093156,187.65548807404485,0,7.409070716454328e-05,0.025,0,0.2547056618234789,0.14166666666666666
2026-02-17 20:00:00,2026-02-17,19,116.99235,126.63967494785672,111.05996289863664,166.6291669970768,0,7.205682147470402e-05,0.05,0,0.12644678006765322,0.18333333333333332
2026-02-17 21:00:00,2026-02-17,20,116.99235,120.85953161860684,103.59623412474237,153.26213911247132,0,7.461410333697446e-05,0.041666666666666664,0,0.06366894404597666,0.1
2026-02-17 22:00:00,2026-02-17,21,112.99135,112.27115637755692,101.01822501594656,127.60093373916727,0,0.00014795906634738765,0.0,0,0.013095198867727588,0.025
2026-02-17 23:00:00,2026-02-17,22,110.84835,108.43915485825876,98.4514677295112,120.02678298700631,0,0.00028676814981507817,0.0,0,0.003606218983720824,0.0
2026-02-18 00:00:00,2026-02-17,23,129.11559,108.4207476531834,80.70682725830915,134.43025804805765,0,0.00458992022712129,0.041666666666666664,0,0.0012023400508815636,0.0
2026-02-18 01:00:00,2026-02-18,0,129.11559,128.94491302916387,122.85663523483358,131.75106082349413,0,0.008474331650382423,0.008333333333333333,0,0.0006508199506862004,0.0
2026-02-18 02:00:00,2026-02-18,1,123.96959,128.67712226653867,116.1473070234436,132.01026250963375,0,0.007064411482585057,0.008333333333333333,0,0.0006525716511591533,0.0
2026-02-18 03:00:00,2026-02-18,2,123.97059,128.94145029680246,119.89935033010175,132.4812082635031,0,0.0053552961420056154,0.008333333333333333,0,0.0006525716511591533,0.0
2026-02-18 04:00:00,2026-02-18,3,129.11559,128.98107089491234,122.6448248893901,128.86842690043457,0,0.005290618351411385,0.008333333333333333,0,0.0006525716511591533,0.0
2026-02-18 05:00:00,2026-02-18,4,129.47259,128.53171977473147,121.01620783571325,135.4227657137497,0,0.0032088253509113033,0.0,0,0.0008491795587061402,0.008333333333333333
2026-02-18 06:00:00,2026-02-18,5,131.61559,126.50090146991772,116.07522201948925,144.92040092034617,0,0.0014691981040063813,0.0,0,0.0015425135884177391,0.016666666666666666
2026-02-18 07:00:00,2026-02-18,6,129.47259,125.63427775539476,115.30635449977072,142.65221701101882,0,0.002814887279347259,0.008333333333333333,0,0.001599604935796729,0.008333333333333333
2026-02-18 08:00:00,2026-02-18,7,129.47259,124.70175503112242,117.77573416790086,134.65997589434397,0,0.0034680459630097825,0.008333333333333333,0,0.0015702728128029122,0.0
2026-02-18 09:00:00,2026-02-18,8,129.11559,124.01729477175736,114.53347127408678,138.67583826942797,0,0.004319757468029343,0.025,0,0.0006617973834487984,0.0
2026-02-18 10:00:00,2026-02-18,9,129.11559,124.9286318715476,109.44036250776216,151.94927123533304,0,0.004143045610094058,0.016666666666666666,0,0.001117489431019679,0.0
2026-02-18 11:00:00,2026-02-18,10,129.11559,126.2983621022664,113.4403976895308,150.32028251500196,0,0.0026817596224730546,0.0,0,0.001465150429380109,0.0
2026-02-18 12:00:00,2026-02-18,11,129.11559,124.74885647670776,110.56507977798104,152.2959431754345,0,0.0039020278231826785,0.016666666666666666,0,0.0016437695059519487,0.0
2026-02-18 13:00:00,2026-02-18,12,129.11559,125.96091890240692,105.3614540694737,159.15148373534012,0,0.0027211142997521837,0.016666666666666666,0,0.002242614929647771,0.016666666666666666
2026-02-18 14:00:00,2026-02-18,13,129.47259,126.9837084594229,108.98794575097676,154.91247616786904,0,0.0006049944659089468,0.0,0,0.00776184788631456,0.016666666666666666
2026-02-18 15:00:00,2026-02-18,14,129.47259,127.0379406603029,108.17674115070209,160.5901501699037,0,0.0006353819539783027,0.0,0,0.010361707301532519,0.016666666666666666
2026-02-18 16:00:00,2026-02-18,15,131.61559,129.26293867903752,124.07562946630522,153.46327789176982,0,0.0004005097856733763,0.0,0,0.012672617395560831,0.016666666666666666
2026-02-18 17:00:00,2026-02-18,16,132.61559,129.45610415816833,116.68049047610744,165.6256828402292,0,0.0004005097856733763,0.0,0,0.01780325157123337,0.008333333333333333
2026-02-18 18:00:00,2026-02-18,17,134.61459,133.8330844358955,101.48365052977049,189.09636834202053,0,0.00022967895122850466,0.008333333333333333,0,0.10123077952867715,0.016666666666666666
2026-02-18 19:00:00,2026-02-18,18,134.61459,134.2778155182339,112.7582938088588,186.51254722760893,0,0.0001478387195027008,0.041666666666666664,0,0.06767994514972904,0.1
2026-02-18 20:00:00,2026-02-18,19,134.61459,129.91952718039943,117.08604308104351,167.64128327975533,0,0.0003224361355785824,0.05,0,0.03093722744262799,0.175
2026-02-18 21:00:00,2026-02-18,20,132.61559,128.9530966319401,112.58315177405464,155.0299134898256,0,0.0004821311241518494,0.05,0,0.019143044693483355,0.09166666666666666
2026-02-18 22:00:00,2026-02-18,21,131.61559,125.01038108595196,111.82691813220111,139.06190403970277,0,0.0013740758028418897,0.016666666666666666,0,0.0049163790449277284,0.016666666666666666
2026-02-18 23:00:00,2026-02-18,22,131.61559,121.23787414041928,111.11101873611148,132.6283415447271,0,0.003859213751535864,0.008333333333333333,0,0.002339145928544104,0.008333333333333333
2026-02-19 00:00:00,2026-02-18,23,125.63308,126.24168526317882,96.140868039175,151.12378248718264,0,0.029698516269878135,0.041666666666666664,0,0.0016840609720154076,0.008333333333333333
2026-02-19 01:00:00,2026-02-19,0,125.63308,125.57784994843956,116.92778647425946,127.31254342261964,0,0.0021868006999668454,0.008333333333333333,0,0.00030965530418723566,0.0
2026-02-19 02:00:00,2026-02-19,1,125.63308,125.5126729666064,118.71791979554445,130.15740613766835,0,0.001714980569596047,0.008333333333333333,0,0.000309819510632519,0.0
2026-02-19 03:00:00,2026-02-19,2,125.63308,125.6247684624194,117.79682798889252,127.25626893594628,0,0.001298377592288641,0.008333333333333333,0,0.00031535592188300273,0.0
2026-02-19 04:00:00,2026-02-19,3,125.63308,125.62845107534712,121.07818488098025,124.650137269714,0,0.001036771355563394,0.008333333333333333,0,0.00039223953383241275,0.0
2026-02-19 05:00:00,2026-02-19,4,131.13608,125.8854741594222,120.57405837757396,125.41519994127044,0,0.0005264109839706618,0.0,0,0.0011369004500428896,0.008333333333333333
2026-02-19 06:00:00,2026-02-19,5,131.13608,126.05661180195636,115.61745514511207,137.60190845880066,0,0.0013963021965139905,0.0,0,0.0030445089604952576,0.016666666666666666
2026-02-19 07:00:00,2026-02-19,6,131.13608,125.48947658127972,115.14688820057415,137.1435849619853,0,0.0005924188372257199,0.008333333333333333,0,0.0014049291778330147,0.008333333333333333
2026-02-19 08:00:00,2026-02-19,7,125.63308,125.6410202348019,121.18570095788456,126.20978951171924,0,0.0004241741333687829,0.008333333333333333,0,0.0014339787352035136,0.0
2026-02-19 09:00:00,2026-02-19,8,131.13608,124.77186720454492,120.86240697797284,130.56259243111705,0,0.00048783415572237047,0.025,0,0.0004563677108140242,0.0
2026-02-19 10:00:00,2026-02-19,9,131.13608,125.22142082706893,114.87219775754669,140.21545389659116,0,0.0006946539409014788,0.016666666666666666,0,0.0009462077177794491,0.0
2026-02-19 11:00:00,2026-02-19,10,131.13608,125.37005457865136,122.93409463160472,133.72333452569802,0,0.0004526983877076248,0.0,0,0.0011687458856777147,0.0
2026-02-19 12:00:00,2026-02-19,11,131.13608,122.663585568167,115.65140826464994,136.75577287168403,0,0.0008833298643215396,0.016666666666666666,0,0.001450548221795337,0.0
2026-02-19 13:00:00,2026-02-19,12,134.27908,125.29609076356928,117.73178655121689,144.4866249759217,0,0.0005862270655863062,0.016666666666666666,0,0.0018069573583374056,0.016666666666666666
2026-02-19 14:00:00,2026-02-19,13,134.27908,125.22613956704612,120.18931292495006,140.80356620914216,0,0.00029380167924915605,0.0,0,0.006337902150080423,0.016666666666666666
2026-02-19 15:00:00,2026-02-19,14,134.27908,124.69154952331547,114.9106122653632,142.40446678126773,0,0.00045756560029595243,0.0,0,0.007133582975836376,0.016666666666666666
2026-02-19 16:00:00,2026-02-19,15,134.27908,126.54800957584531,126.0997356530314,135.7541234986592,0,9.064329601721701e-05,0.0,0,0.014249169793229653,0.016666666666666666
2026-02-19 17:00:00,2026-02-19,16,134.27908,127.2535292621916,128.2483479513923,139.65940057299096,0,9.064329601721701e-05,0.0,0,0.018312386595012584,0.008333333333333333
2026-02-19 18:00:00,2026-02-19,17,135.79008,133.59799678452868,124.55423029053418,154.57978327852314,0,0.00013408738523550026,0.008333333333333333,0,0.06765584150924792,0.025
2026-02-19 19:00:00,2026-02-19,18,135.79008,133.94608977539238,130.76329031256083,148.39112923822393,0,8.434678630875721e-05,0.03333333333333333,0,0.06581183599245467,0.10833333333333334
2026-02-19 20:00:00,2026-02-19,19,135.79008,131.6539605420675,132.17873868009335,141.43406240404164,0,0.00010352774263750051,0.05,0,0.04941104113239917,0.16666666666666666
2026-02-19 21:00:00,2026-02-19,20,134.27908,132.18299845688938,124.4834710506318,149.55944586314692,0,0.00013803952409840333,0.041666666666666664,0,0.053519943289899403,0.09166666666666666
2026-02-19 22:00:00,2026-02-19,21,134.27908,131.33926572134317,118.05850532728248,144.08152611540382,0,0.00012953800195183863,0.0,0,0.012189317633813136,0.025
2026-02-19 23:00:00,2026-02-19,22,133.27908,129.88533394129635,114.63820658243958,142.63920130015313,0,0.000266000664413594,0.0,0,0.00708891614583588,0.016666666666666666
2026-02-20 00:00:00,2026-02-19,23,120.37685,124.24627994344176,104.15733305343146,143.68726683345204,0,0.006100609639644938,0.041666666666666664,0,0.0004280785722542304,0.008333333333333333
2026-02-20 01:00:00,2026-02-20,0,120.37685,120.37516689992806,118.0236176729233,120.86771612693283,0,0.001957001483834726,0.008333333333333333,0,0.0007304563651947493,0.0
2026-02-20 02:00:00,2026-02-20,1,120.37685,120.33743959234262,118.25705960017405,121.50284958451115,0,0.0017280792618539014,0.008333333333333333,0,0.0007308435541945548,0.0
2026-02-20 03:00:00,2026-02-20,2,120.37685,120.3564218008404,117.44610770734128,121.76185589433952,0,0.0011126403559950802,0.008333333333333333,0,0.0007308435541945548,0.0
2026-02-20 04:00:00,2026-02-20,3,120.37685,120.370757608226,119.70207555700416,120.46906965944788,0,0.0010469350540758093,0.008333333333333333,0,0.0007308435541945548,0.0
2026-02-20 05:00:00,2026-02-20,4,120.37685,120.86213080018122,119.3185453521739,123.08138624818856,0,0.0008070276147129361,0.0,0,0.0022297371225490853,0.008333333333333333
2026-02-20 06:00:00,2026-02-20,5,120.37685,120.7583077971153,110.93980965258676,133.26291994164384,0,0.0009833949163348087,0.0,0,0.0026063306551668544,0.016666666666666666
2026-02-20 07:00:00,2026-02-20,6,120.37685,120.73980923386196,110.80980905382192,133.73937941390196,0,0.0008695274550897953,0.008333333333333333,0,0.002748907968341146,0.008333333333333333
2026-02-20 08:00:00,2026-02-20,7,120.37685,121.3267922593244,117.62750119231796,125.36729332633088,0,0.00041190002639806357,0.008333333333333333,0,0.0020162445432194125,0.0
2026-02-20 09:00:00,2026-02-20,8,120.37685,122.21152241126332,118.31060860373564,127.82574621879098,0,0.0003699734119024291,0.025,0,0.007968771937809406,0.0
2026-02-20 10:00:00,2026-02-20,9,120.37685,121.97482258290624,111.508788371415,131.35123279439748,0,0.00038564210890301264,0.016666666666666666,0,0.012977016542642092,0.0
2026-02-20 11:00:00,2026-02-20,10,120.37685,121.93798836665457,115.43382355620848,126.50447317710068,0,0.00034837377177316016,0.0,0,0.015856823661307744,0.0
2026-02-20 12:00:00,2026-02-20,11,120.37685,120.45349609462924,110.44221153651672,127.49202065274174,0,0.0004484147060550869,0.016666666666666666,0,0.014433357573843314,0.0
2026-02-20 13:00:00,2026-02-20,12,120.37685,120.6630813467062,109.73217750245692,133.55128519095547,0,0.0005684935026361572,0.016666666666666666,0,0.013962051561151446,0.016666666666666666
2026-02-20 14:00:00,2026-02-20,13,120.37685,120.42413112332557,112.65827055125705,130.27943169539407,0,0.00018008047176212586,0.0,0,0.015487098896672678,0.016666666666666666
2026-02-20 15:00:00,2026-02-20,14,127.52285,119.96277809145272,109.53476585728038,133.12176032562508,0,0.00023954493997408946,0.0,0,0.01004397906351968,0.016666666666666666
2026-02-20 16:00:00,2026-02-20,15,129.02285,120.65421851623933,117.72452800051668,129.641349031962,0,0.00018528061506104825,0.0,0,0.013700810640735507,0.016666666666666666
2026-02-20 17:00:00,2026-02-20,16,129.02285,120.8891648282268,119.69981892235434,129.91059073409923,0,0.00012569620075177988,0.0,0,0.020855322106533195,0.008333333333333333
2026-02-20 18:00:00,2026-02-20,17,129.02285,126.86468748172808,124.7502275007187,137.91419746273743,0,8.959436886597068e-05,0.008333333333333333,0,0.048782284541110575,0.016666666666666666
2026-02-20 19:00:00,2026-02-20,18,131.02385,127.5184963103722,129.1670193981612,131.5401832225832,0,8.077956789866397e-05,0.041666666666666664,0,0.05399113137286791,0.1
2026-02-20 20:00:00,2026-02-20,19,131.02385,125.79040972083094,125.82557813352877,128.70210130813308,0,0.00010062688988665594,0.05,0,0.04160669534941063,0.16666666666666666
2026-02-20 21:00:00,2026-02-20,20,129.02285,125.11877854634452,114.7251275971097,138.53125949557932,0,0.00016144576386198335,0.05,0,0.037868974394321464,0.09166666666666666
2026-02-20 22:00:00,2026-02-20,21,129.02285,124.3857074459406,113.16826400263623,135.38761088924497,0,0.00014339509433952918,0.0,0,0.010906814435091802,0.025
2026-02-20 23:00:00,2026-02-20,22,127.52285,122.70717596774588,111.5956413588746,132.17784457661713,0,0.0001854354819949215,0.0,0,0.006152536545293168,0.016666666666666666
2026-02-21 00:00:00,2026-02-20,23,107.25893,122.4007008544942,99.50934085534776,140.0137308536406,0,0.002504917204533645,0.03333333333333333,0,0.000592063513062297,0.016666666666666666
2026-02-21 01:00:00,2026-02-21,0,107.25893,107.35604934511623,103.25058517912304,105.90593351110944,0,0.00046668201845714857,0.008333333333333333,0,0.0028893210041407917,0.0
2026-02-21 02:00:00,2026-02-21,1,107.25893,107.38336222114212,101.06099194987117,107.03314249241308,0,0.0004520888703518664,0.008333333333333333,0,0.0019945143109352122,0.0
2026-02-21 03:00:00,2026-02-21,2,107.25893,107.33791130754618,102.0949167556423,109.31933985945008,0,0.00034216231960319387,0.008333333333333333,0,0.0019945143109352122,0.0
2026-02-21 04:00:00,2026-02-21,3,107.25893,107.32074351245524,102.91287892774932,108.87937609716118,0,0.0003293026901635742,0.008333333333333333,0,0.0019945143109352122,0.0
2026-02-21 05:00:00,2026-02-21,4,107.25893,107.84980485480668,103.81935762976708,110.73155807984628,0,0.0001490564258484941,0.0,0,0.0016318576489916243,0.008333333333333333
2026-02-21 06:00:00,2026-02-21,5,107.25893,106.6615226746722,94.50494359099604,119.50157675834836,0,0.00025538148048002876,0.0,0,0.0018496412956314377,0.016666666666666666
2026-02-21 07:00:00,2026-02-21,6,107.25893,107.52991162781476,96.13431716998284,118.09480608564672,0,0.0002476202535347508,0.008333333333333333,0,0.0019412842126052118,0.0
2026-02-21 08:00:00,2026-02-21,7,107.25893,108.55906001717364,105.06465428910114,110.72106574524616,0,0.00013150334875513094,0.008333333333333333,0,0.002895086131784985,0.0
2026-02-21 09:00:00,2026-02-21,8,107.25893,108.26789066929234,103.6817569992563,112.7755903393284,0,0.00019953079558942166,0.025,0,0.0024595487827791256,0.0
2026-02-21 10:00:00,2026-02-21,9,107.25893,108.56229168933623,98.77241489046304,118.76237248820946,0,0.00022507960589256183,0.016666666666666666,0,0.005486619761599111,0.0
2026-02-21 11:00:00,2026-02-21,10,107.25893,108.80803005821458,101.1577734182278,112.43905669820136,0,0.00017803475409403609,0.0,0,0.0056541935759022955,0.0
2026-02-21 12:00:00,2026-02-21,11,107.25893,106.77897598801698,95.5477560284304,113.65237594760356,0,0.00021796482623233704,0.016666666666666666,0,0.005089939297689519,0.0
2026-02-21 13:00:00,2026-02-21,12,107.25893,106.98091401519466,94.91296507363268,119.9562309567566,0,0.0002669924302891514,0.016666666666666666,0,0.004761952237906802,0.008333333333333333
2026-02-21 14:00:00,2026-02-21,13,107.25893,106.65403572515504,97.79327274977965,116.14057870053044,0,0.0002296673619342981,0.0,0,0.003610752119248519,0.008333333333333333
2026-02-21 15:00:00,2026-02-21,14,107.25893,107.83158334207056,95.43893093466713,118.078275749474,0,0.0001222633361912856,0.0,0,0.006244028802454974,0.008333333333333333
2026-02-21 16:00:00,2026-02-21,15,112.76193,108.08342826002608,104.89732268444996,114.25311383560224,0,6.302052041277805e-05,0.0,0,0.006154131641406524,0.016666666666666666
2026-02-21 17:00:00,2026-02-21,16,116.90493,108.93210277018886,105.57989931218737,113.94609622819036,0,4.11352802327376e-05,0.008333333333333333,0,0.012640471350572743,0.0
2026-02-21 18:00:00,2026-02-21,17,120.90493,119.4552366211808,115.0435305448042,126.21559269755744,0,5.789027903025022e-05,0.0,0,0.0907070153555347,0.025
2026-02-21 19:00:00,2026-02-21,18,165.90493,122.97325857836913,122.52665450891118,124.54463264782709,0,5.789027903025022e-05,0.025,1,0.13034744926021066,0.125
2026-02-21 20:00:00,2026-02-21,19,120.90493,118.80053117212456,114.85360092061973,125.62941142362943,0,4.142879469830073e-05,0.05,0,0.05938296578381593,0.16666666666666666
2026-02-21 21:00:00,2026-02-21,20,116.90493,118.93424823688396,104.82517319733772,134.40655827643025,0,6.334809974346062e-05,0.041666666666666664,0,0.06203486379246023,0.1
2026-02-21 22:00:00,2026-02-21,21,116.90493,115.16615462829482,102.21152590238378,127.38753335420584,0,7.343508533542632e-05,0.0,0,0.01771491774232601,0.03333333333333333
2026-02-21 23:00:00,2026-02-21,22,114.70493,113.4464066901068,102.84916256651574,122.73788081369788,0,6.92447360666595e-05,0.0,0,0.006645282185541641,0.016666666666666666
2026-02-22 00:00:00,2026-02-21,23,114.40661,110.5508181584883,86.79333242703464,127.69347388994196,0,0.0021674459150594315,0.041666666666666664,0,0.0006058475552702401,0.008333333333333333
2026-02-22 01:00:00,2026-02-22,0,113.50361,114.39864851640438,109.46835025826756,114.3230607745412,0,0.0005189173949551933,0.008333333333333333,0,0.001737143628063522,0.0
2026-02-22 02:00:00,2026-02-22,1,114.40661,114.40664401583663,105.43234880781284,116.11347922386044,0,0.0004117575832177032,0.008333333333333333,0,0.00173806349813564,0.0
2026-02-22 03:00:00,2026-02-22,2,113.50361,114.37903576371124,106.88061830949512,118.20047321792738,0,0.00024360196576432634,0.008333333333333333,0,0.00173806349813564,0.0
2026-02-22 04:00:00,2026-02-22,3,113.50361,114.35930355833206,112.18197584527604,117.95105327138808,0,0.0003151290709129639,0.008333333333333333,0,0.00173806349813564,0.0
2026-02-22 05:00:00,2026-02-22,4,114.40661,114.33141949285287,109.70624398220528,117.97329500350048,0,0.00026814150863456633,0.0,0,0.00173806349813564,0.008333333333333333
2026-02-22 06:00:00,2026-02-22,5,113.50361,112.69241796729352,98.55548201905232,123.72402391553472,0,0.0004270356887630296,0.0,0,0.0009822560284509835,0.016666666666666666
2026-02-22 07:00:00,2026-02-22,6,113.36061,112.70985922088644,99.0228368036392,123.09820163813367,0,0.0007308984396843184,0.008333333333333333,0,0.0007963761662504151,0.008333333333333333
2026-02-22 08:00:00,2026-02-22,7,113.36061,112.06856390972708,106.05086293062952,114.54401088882464,0,0.0005636026307537576,0.008333333333333333,0,0.0007625060723145309,0.0
2026-02-22 09:00:00,2026-02-22,8,107.85761,112.15196619686972,107.43099473596024,119.8645326577792,0,0.000567599426729676,0.025,0,0.0007625060723145309,0.0
2026-02-22 10:00:00,2026-02-22,9,107.85761,112.2450513812154,99.66915309447492,122.56562966795592,0,0.0007225023174197659,0.016666666666666666,0,0.0015584339560251734,0.0
2026-02-22 11:00:00,2026-02-22,10,107.85761,112.5430654376879,105.0949399231428,116.72738495223302,0,0.0005519025535409078,0.0,0,0.001704976305534207,0.0
2026-02-22 12:00:00,2026-02-22,11,107.85761,108.97998368290256,96.2448175295909,115.8709478362142,0,0.0004838246881054286,0.016666666666666666,0,0.0022488329749116727,0.0
2026-02-22 13:00:00,2026-02-22,12,107.85761,108.86689703661646,94.0529115784077,121.05929249482524,0,0.0005459945587564571,0.016666666666666666,0,0.0019115397562512407,0.0
2026-02-22 14:00:00,2026-02-22,13,113.36061,108.66559947163437,100.14716726231006,117.35592168095867,0,0.00028929928146654817,0.008333333333333333,0,0.0037585175813650024,0.008333333333333333
2026-02-22 15:00:00,2026-02-22,14,113.50361,108.7044195071146,96.74801520237358,120.07625881185558,0,0.0004904517955052551,0.0,0,0.0037601373178336394,0.008333333333333333
2026-02-22 16:00:00,2026-02-22,15,114.40661,110.5105705499908,108.076400686094,114.86822441388762,0,0.0003493431417193521,0.008333333333333333,0,0.0031839469359801545,0.008333333333333333
2026-02-22 17:00:00,2026-02-22,16,116.50361,111.50213977956444,107.10480816288393,120.77471739624497,0,0.0002474026426817441,0.008333333333333333,0,0.006880265655116054,0.0
2026-02-22 18:00:00,2026-02-22,17,117.00361,119.19502802722454,112.79504339761016,131.00481265683894,0,8.263294000115775e-05,0.016666666666666666,0,0.22234898003238507,0.016666666666666666
2026-02-22 19:00:00,2026-02-22,18,117.00361,135.39249312950707,131.79690892022683,140.18021933878728,0,6.764837702674357e-05,0.025,0,0.5399587104653457,0.14166666666666666
2026-02-22 20:00:00,2026-02-22,19,117.00361,119.78203600094592,115.94144526813986,129.40725673375198,0,5.9463911969980533e-05,0.05,0,0.21067933255519614,0.15833333333333333
2026-02-22 21:00:00,2026-02-22,20,117.00361,118.86809929663498,105.87670936255849,136.1568092307115,0,7.674150761054963e-05,0.041666666666666664,0,0.19190716861266144,0.09166666666666666
2026-02-22 22:00:00,2026-02-22,21,116.50361,115.44757808594014,102.1700542805996,126.84116189128066,0,0.0001509159899002342,0.0,0,0.06324480761008086,0.016666666666666666
2026-02-22 23:00:00,2026-02-22,22,116.50361,113.4639648996949,100.42576531964252,121.82109047974728,0,0.0001929084005347163,0.0,0,0.04144943111793936,0.016666666666666666
2026-02-23 00:00:00,2026-02-22,23,106.00391,114.61333654661684,90.87830045717544,132.96729563605822,0,0.0024503661195970712,0.041666666666666664,0,0.002190497254959518,0.016666666666666666
2026-02-23 01:00:00,2026-02-23,0,111.64991,106.018729256762,99.45093700848888,108.4097115050351,0,0.0005664892585111421,0.008333333333333333,0,0.0008256928434774675,0.0
2026-02-23 02:00:00,2026-02-23,1,106.00391,105.97746492245318,94.76799749611172,107.3496773487946,0,0.0005664892585111421,0.008333333333333333,0,0.0009487854264696693,0.0
2026-02-23 03:00:00,2026-02-23,2,106.00391,105.93391639078796,96.71436150227134,110.17227127930458,0,0.000505249528491516,0.008333333333333333,0,0.0008277531138694218,0.0
2026-02-23 04:00:00,2026-02-23,3,111.50691,105.99316870172062,97.39658288402586,109.38544451941536,0,0.00029324268279607406,0.008333333333333333,0,0.0007901846704138546,0.0
2026-02-23 05:00:00,2026-02-23,4,111.64991,106.510699944024,102.23342459250836,110.78900529553964,0,0.0001604076843064826,0.0,0,0.0016325408403861897,0.008333333333333333
2026-02-23 06:00:00,2026-02-23,5,111.64991,105.75054749903217,94.42254003960574,119.39074995845858,0,0.0002184700899025562,0.0,0,0.0031087332269704514,0.008333333333333333
2026-02-23 07:00:00,2026-02-23,6,111.64991,105.4352610467198,91.41329512135596,119.07589197208364,0,0.0002137632041098853,0.008333333333333333,0,0.0014554138718144937,0.0
2026-02-23 08:00:00,2026-02-23,7,111.64991,106.1487943921083,99.64899892617532,111.67294985804128,0,0.00016495893303713208,0.008333333333333333,0,0.0009017937336729486,0.0
2026-02-23 09:00:00,2026-02-23,8,112.40991,105.28767583339402,94.69261236617236,111.76721930061568,0,0.00043832864025988323,0.025,0,0.00046042225377470344,0.0
2026-02-23 10:00:00,2026-02-23,9,112.40991,105.61761006536425,92.175703441242,121.15019668948648,0,0.00023200788953131553,0.03333333333333333,0,0.0021247444024583943,0.0
2026-02-23 11:00:00,2026-02-23,10,112.40991,106.85457943218908,99.14143103835195,117.20777782602624,0,0.00022415237445900287,0.0,0,0.0019497389724008956,0.0
2026-02-23 12:00:00,2026-02-23,11,112.40991,105.84351297871623,91.9138159408767,117.05323501655582,0,0.00017887057032205607,0.016666666666666666,0,0.004426039450385986,0.0
2026-02-23 13:00:00,2026-02-23,12,112.41091,106.97931743519877,89.8410485741789,124.34908629621864,0,0.00016170210591001134,0.016666666666666666,0,0.0053134589714499535,0.008333333333333333
2026-02-23 14:00:00,2026-02-23,13,112.64991,109.43223019427953,96.06372943907984,124.20080694947922,0,0.00011079430652556712,0.0,0,0.012460908707019868,0.016666666666666666
2026-02-23 15:00:00,2026-02-23,14,112.64991,111.05133855123974,96.30974270377769,132.25892439870182,0,0.00010599050097104008,0.0,0,0.043218012292595566,0.016666666666666666
2026-02-23 16:00:00,2026-02-23,15,112.64991,111.97851098523964,102.87288652314749,125.64398544733184,0,7.414156090633191e-05,0.0,0,0.04392721680606182,0.016666666666666666
2026-02-23 17:00:00,2026-02-23,16,112.64991,114.31102240066558,106.53347091584912,132.95492388548206,0,8.869191958161528e-05,0.0,0,0.07167882869640696,0.041666666666666664
2026-02-23 18:00:00,2026-02-23,17,114.64991,118.70585234474107,111.19263457899226,141.59755011048992,0,0.00010336043035009866,0.0,0,0.14499317896135758,0.025
2026-02-23 19:00:00,2026-02-23,18,115.62991,118.98088801605218,106.80056105630548,141.71216697579888,0,6.896301636016315e-05,0.025,0,0.14048104987519008,0.10833333333333334
2026-02-23 20:00:00,2026-02-23,19,114.64991,117.07368185397053,109.565696790101,135.5294669178401,0,8.812201658330264e-05,0.05,0,0.10827532555485062,0.15
2026-02-23 21:00:00,2026-02-23,20,112.64991,115.81972370811847,102.5152407057204,140.20698471051656,0,7.833041921788438e-05,0.041666666666666664,0,0.09264972433598222,0.1
2026-02-23 22:00:00,2026-02-23,21,112.64991,114.11938516978394,100.58479874084144,128.15213159872644,0,8.11450036290873e-05,0.0,0,0.025974471669458165,0.03333333333333333
2026-02-23 23:00:00,2026-02-23,22,112.40991,111.65220079771338,97.18341551427366,122.5950860811531,0,0.00010147494666267522,0.0,0,0.012435471366558717,0.016666666666666666
2026-02-24 00:00:00,2026-02-23,23,120.44202,108.43049459476984,82.11801819858547,128.1773529909542,0,0.0015777619822174632,0.041666666666666664,0,0.0012318306053421576,0.008333333333333333
2026-02-24 01:00:00,2026-02-24,0,120.44202,120.41253737194536,111.54995112661842,122.2531936172723,0,0.0008246893418873666,0.008333333333333333,0,0.0006266427835927774,0.0
2026-02-24 02:00:00,2026-02-24,1,120.44202,120.27153509247178,108.30675280080816,120.0135873841354,0,0.0009763300611837976,0.008333333333333333,0,0.0005736743442688318,0.0
2026-02-24 03:00:00,2026-02-24,2,120.44202,120.30950398108256,110.55319749736216,122.92940046480297,0,0.0006996759017839204,0.008333333333333333,0,0.00046210758256620937,0.0
2026-02-24 04:00:00,2026-02-24,3,120.44202,120.39818853865285,112.79054923415453,121.3685018431512,0,0.0005451256471231523,0.008333333333333333,0,0.0004974557908967433,0.0
2026-02-24 05:00:00,2026-02-24,4,120.44202,120.29080307624334,113.79977448585136,124.88424166663532,0,0.0003781969441876295,0.0,0,0.0004558528684776033,0.008333333333333333
2026-02-24 06:00:00,2026-02-24,5,120.44202,119.54034694532032,112.55827945567556,132.65543943496505,0,0.000228351259407888,0.0,0,0.0005737913969432801,0.016666666666666666
2026-02-24 07:00:00,2026-02-24,6,120.44202,119.53463626900025,110.46347409194529,135.2756234460552,0,0.00023652017585262637,0.008333333333333333,0,0.0005737913969432801,0.016666666666666666
2026-02-24 08:00:00,2026-02-24,7,120.44202,118.15729361120977,113.71229356566508,124.80740365675445,0,0.00021795341061770423,0.008333333333333333,0,0.0005781801911746324,0.0
2026-02-24 09:00:00,2026-02-24,8,120.44202,118.23782262240148,107.70191760053429,125.89856564426871,0,0.0003959153836600084,0.025,0,0.001261378434069688,0.0
2026-02-24 10:00:00,2026-02-24,9,120.44202,118.89078524835064,105.67219345965675,138.81844703704454,0,0.0003315264337528561,0.016666666666666666,0,0.001804968577897817,0.0
2026-02-24 11:00:00,2026-02-24,10,120.44202,119.61943784135158,110.44504303097844,131.48134265172473,0,0.0003561937931460175,0.0,0,0.0026896463383900937,0.0
2026-02-24 12:00:00,2026-02-24,11,120.44202,117.04793380690204,106.36371259327886,136.8806850205252,0,0.00040498909126948456,0.008333333333333333,0,0.0030340174241553822,0.0
2026-02-24 13:00:00,2026-02-24,12,120.44202,119.0732615242356,102.23056367628776,148.11019937218344,0,0.0003005339629998794,0.016666666666666666,0,0.0033256892490466767,0.016666666666666666
2026-02-24 14:00:00,2026-02-24,13,120.44202,119.26630091659275,104.36262638994948,143.60195344323603,0,0.0001716115482614069,0.0,0,0.006550953357911563,0.016666666666666666
2026-02-24 15:00:00,2026-02-24,14,120.44202,118.8234260545636,105.98073813926705,147.25791196986015,0,0.0001716115482614069,0.0,0,0.006889177721207642,0.016666666666666666
2026-02-24 16:00:00,2026-02-24,15,125.94502,118.81933459732198,113.20871060689764,142.41006858774628,0,0.00019217706342801428,0.0,0,0.007352506964072508,0.016666666666666666
2026-02-24 17:00:00,2026-02-24,16,125.94602,119.44879332425796,108.5714023406492,144.11869430786672,0,0.00017993792812963014,0.0,0,0.009198607329984855,0.008333333333333333
2026-02-24 18:00:00,2026-02-24,17,127.78802,120.96495617825846,107.1477767542263,156.2428656022906,0,0.00025486736517422315,0.008333333333333333,0,0.037780254709212965,0.016666666666666666
2026-02-24 19:00:00,2026-02-24,18,129.08802,122.690467772192,110.7892926186464,157.87656292573763,0,0.0001361321850768103,0.025,0,0.03955667084293407,0.1
2026-02-24 20:00:00,2026-02-24,19,126.84902,119.63828588288098,110.7554691637456,144.49014460201636,0,0.0002635209213499107,0.041666666666666664,0,0.013194923599046397,0.14166666666666666
2026-02-24 21:00:00,2026-02-24,20,126.84802,117.9105554970076,103.93101151495584,138.11466347905937,0,0.00020592946534613872,0.041666666666666664,0,0.008701029344767682,0.09166666666666666
2026-02-24 22:00:00,2026-02-24,21,125.94502,116.49921284548226,104.62150578204476,125.96043990891977,0,0.00020752867609060972,0.008333333333333333,0,0.0057477856616975995,0.016666666666666666
2026-02-24 23:00:00,2026-02-24,22,125.44202,115.14291840349428,107.94955842892752,121.000064378061,0,0.00034568195411267637,0.0,0,0.0020657130253488925,0.008333333333333333
2026-02-25 00:00:00,2026-02-24,23,120.8945,119.82577374388086,100.70602743725875,131.55523705050294,0,0.006984459330882565,0.03333333333333333,0,0.0014324253695434399,0.016666666666666666
2026-02-25 01:00:00,2026-02-25,0,120.8945,120.89419993393464,112.70133704333432,124.23018282453492,0,0.0007568424354830788,0.008333333333333333,0,0.0005340472836975085,0.0
2026-02-25 02:00:00,2026-02-25,1,120.8945,120.87353199038584,110.3011274698886,123.86411651088308,0,0.00037458748882140367,0.008333333333333333,0,0.0004301837771721486,0.0
2026-02-25 03:00:00,2026-02-25,2,120.8945,120.9423840858851,113.4588275731912,127.975758598579,0,0.000360248436680993,0.008333333333333333,0,0.0004510233600164816,0.0
2026-02-25 04:00:00,2026-02-25,3,120.8945,120.86566123974386,114.45335619061984,121.30053628886787,0,0.00048212732591443097,0.008333333333333333,0,0.0005340472836975085,0.0
2026-02-25 05:00:00,2026-02-25,4,120.8945,121.00792199566337,111.5021283418848,126.67839364944192,0,0.00027374956965412584,0.0,0,0.0008785157025041794,0.008333333333333333
2026-02-25 06:00:00,2026-02-25,5,120.8945,120.40144383184372,109.78854369158496,133.3806639721025,0,0.00039159405089719585,0.0,0,0.0010158521018726206,0.016666666666666666
2026-02-25 07:00:00,2026-02-25,6,120.8945,119.21725377448314,107.04737968077684,134.19774386818946,0,0.00027873377449694523,0.008333333333333333,0,0.0016443239338930903,0.0
2026-02-25 08:00:00,2026-02-25,7,120.8945,119.93815570962354,113.14402795979106,126.86893845945602,0,0.0001655723597616627,0.008333333333333333,0,0.0013835184895743915,0.0
2026-02-25 09:00:00,2026-02-25,8,120.8945,119.68353758194368,111.63171194601122,131.82912321787614,0,0.0001196487671170181,0.025,0,0.0010013455612749773,0.0
2026-02-25 10:00:00,2026-02-25,9,120.8945,121.1137753720454,106.97922885764602,141.31231588644476,0,0.000132105276600009,0.016666666666666666,0,0.0022667985476106703,0.0
2026-02-25 11:00:00,2026-02-25,10,120.8945,121.62673621315128,114.826249792475,135.63520463382753,0,0.00014724009107210505,0.0,0,0.0032266983137337947,0.0
2026-02-25 12:00:00,2026-02-25,11,120.8945,120.00201642467752,107.02348636320176,142.23067148615328,0,0.00011418553842591023,0.016666666666666666,0,0.0031922353190267424,0.0
2026-02-25 13:00:00,2026-02-25,12,120.8945,120.52593192624514,104.0740924582942,153.06131139419608,0,0.00013722991272195837,0.016666666666666666,0,0.0036519932675917136,0.016666666666666666
2026-02-25 14:00:00,2026-02-25,13,120.8945,121.21739757915437,106.46537186496596,151.2323632933428,0,0.00012729253635295916,0.0,0,0.007375796548894041,0.016666666666666666
2026-02-25 15:00:00,2026-02-25,14,126.3975,120.9391543785033,108.03081681921356,152.10127193779303,0,0.00012584984439052474,0.0,0,0.008854163283724965,0.016666666666666666
2026-02-25 16:00:00,2026-02-25,15,129.5405,121.35303504301407,113.91082311696093,149.6471519690672,0,0.00013762853617229324,0.0,0,0.02178200928376865,0.016666666666666666
2026-02-25 17:00:00,2026-02-25,16,129.5405,121.32947423286991,106.22502933870032,159.80797412703953,0,0.00013552020224760164,0.0,0,0.044234762967495074,0.0
2026-02-25 18:00:00,2026-02-25,17,129.5405,128.80320832835395,103.3577733316801,177.78794832502783,0,0.00013826244523713752,0.0,0,0.050729525030894354,0.025
2026-02-25 19:00:00,2026-02-25,18,130.2605,130.68336855174937,113.54348538805291,172.01623671544587,0,6.765983332273139e-05,0.025,0,0.06458964912504615,0.10833333333333334
2026-02-25 20:00:00,2026-02-25,19,129.5405,127.30463939772235,115.83135170982676,157.53969708561797,0,0.00010803018238543645,0.041666666666666664,0,0.04594413664237682,0.14166666666666666
2026-02-25 21:00:00,2026-02-25,20,129.5405,126.88118533181114,108.37206779014392,148.63824287347833,0,0.00010803018238543645,0.041666666666666664,0,0.039011923285422474,0.09166666666666666
2026-02-25 22:00:00,2026-02-25,21,128.0305,125.26535695549477,107.995432400663,136.56228151032656,0,0.00014289515365243838,0.0,0,0.023152187667221096,0.025
2026-02-25 23:00:00,2026-02-25,22,126.3975,124.1237523816946,112.19245097737596,135.86514578601324,0,0.00016318002330497074,0.0,0,0.010204571868215865,0.016666666666666666
2026-02-26 00:00:00,2026-02-25,23,120.62002,119.96140040931331,102.74457432186551,132.6803464967611,0,0.0006386155314390239,0.041666666666666664,0,0.0010627637810816208,0.0
2026-02-26 01:00:00,2026-02-26,0,120.62002,120.5517567256773,114.611972069992,121.53656138136256,0,0.0004771133349222854,0.008333333333333333,0,0.0005977668713040524,0.0
2026-02-26 02:00:00,2026-02-26,1,120.62002,120.52653987606796,114.20939231294516,124.07174743919074,0,0.0005342807905344474,0.008333333333333333,0,0.0005349144756022332,0.0
2026-02-26 03:00:00,2026-02-26,2,120.62002,120.51375592189176,114.38850688125918,122.14973496252436,0,0.00047544011875708624,0.008333333333333333,0,0.0005349144756022332,0.0
2026-02-26 04:00:00,2026-02-26,3,120.62002,120.55234747129528,118.39995634699652,121.360018595594,0,0.00036294111993642546,0.008333333333333333,0,0.0007158958845479224,0.0
2026-02-26 05:00:00,2026-02-26,4,120.62002,120.72980254844056,115.59728026211064,121.18467483477048,0,0.00016510677795693803,0.0,0,0.001130228603135543,0.008333333333333333
2026-02-26 06:00:00,2026-02-26,5,120.62002,120.07609618868852,112.94922581390914,129.2432925634679,0,0.00017333263959453006,0.0,0,0.0007979987858763864,0.016666666666666666
2026-02-26 07:00:00,2026-02-26,6,120.62002,119.83681823913534,110.98754836865808,129.2841881096126,0,0.00014484020800016066,0.008333333333333333,0,0.0011491811977200046,0.0
2026-02-26 08:00:00,2026-02-26,7,120.62002,119.97857670585452,116.04472384831593,119.90939956339312,0,0.00013143478425930812,0.008333333333333333,0,0.0008733151295359636,0.0
2026-02-26 09:00:00,2026-02-26,8,120.62002,120.13956416973348,116.87839251309526,122.70696582637169,0,0.00010982458602036897,0.025,0,0.001042458468357112,0.0
2026-02-26 10:00:00,2026-02-26,9,120.62002,120.04850772119894,112.60513193558364,127.17295550681428,0,0.00012605042855372793,0.016666666666666666,0,0.001736908871341159,0.0
2026-02-26 11:00:00,2026-02-26,10,120.62002,120.37428984136903,119.83683543932904,121.371034243409,0,0.00010893000372905767,0.0,0,0.0027023065726008958,0.0
2026-02-26 12:00:00,2026-02-26,11,120.62002,118.60009668880636,112.27097577404416,124.38579760356856,0,0.00015813158110664603,0.016666666666666666,0,0.002801970382103433,0.0
2026-02-26 13:00:00,2026-02-26,12,120.62002,119.44672386322938,111.02689247598974,131.74336525046903,0,0.00013979805250163052,0.016666666666666666,0,0.00464900313222559,0.008333333333333333
2026-02-26 14:00:00,2026-02-26,13,120.62002,119.60594309254525,114.555566733224,130.09375445186646,0,0.00019412240731091064,0.0,0,0.008587945428779265,0.016666666666666666
2026-02-26 15:00:00,2026-02-26,14,120.62102,120.905177910288,114.24637812286208,132.06719369771392,0,0.0001417011341374767,0.0,0,0.03414735274055483,0.016666666666666666
2026-02-26 16:00:00,2026-02-26,15,129.26602,121.12367234860696,120.59105759176887,125.31876710544502,0,0.00016529374892021857,0.0,0,0.02671278477354478,0.016666666666666666
2026-02-26 17:00:00,2026-02-26,16,129.26602,121.76676268167232,122.80077776660478,129.08313759673987,0,0.00016141745606984778,0.0,0,0.02366567483316743,0.008333333333333333
2026-02-26 18:00:00,2026-02-26,17,129.26602,127.48338772953193,121.403389323525,140.45505613553885,0,0.00013473008893970869,0.0,0,0.046515391484589975,0.025
2026-02-26 19:00:00,2026-02-26,18,129.98602,128.30565035525495,126.44715428891314,138.63685642159678,0,8.190909054863722e-05,0.025,0,0.055386798495179905,0.10833333333333334
2026-02-26 20:00:00,2026-02-26,19,129.98602,126.49330925258016,127.11040355909438,136.03939494606593,0,0.00010474739576783619,0.041666666666666664,0,0.0265959079379339,0.14166666666666666
2026-02-26 21:00:00,2026-02-26,20,129.26602,126.36608665333355,118.5725138220372,138.03836948462992,0,9.252286694307617e-05,0.041666666666666664,0,0.031098523680663827,0.09166666666666666
2026-02-26 22:00:00,2026-02-26,21,129.26602,125.47757689410332,114.20237943570572,133.7758893525009,0,9.990107320898235e-05,0.0,0,0.016004466981668825,0.025
2026-02-26 23:00:00,2026-02-26,22,126.12302,123.9483026903798,112.48032470650293,130.95238067425672,0,0.00013944658999577372,0.0,0,0.008845593741273073,0.016666666666666666
2026-02-27 00:00:00,2026-02-26,23,112.71828,120.51756247219274,105.778581131806,133.27333381257947,0,0.0014258370678292853,0.041666666666666664,0,0.00023128315659016522,0.008333333333333333
2026-02-27 01:00:00,2026-02-27,0,112.71828,112.71640867456227,109.60214608765462,112.15547626146994,0,0.0003548540152911766,0.008333333333333333,0,0.0010540486754170519,0.0
2026-02-27 02:00:00,2026-02-27,1,112.71828,112.6882470023513,108.81366232792314,113.59192367677944,0,0.00039737825091045007,0.008333333333333333,0,0.0008613592356061406,0.0
2026-02-27 03:00:00,2026-02-27,2,112.71828,112.71843375577797,109.33197692502908,114.50796558652684,0,0.00030136331572333893,0.008333333333333333,0,0.0008613592356061406,0.0
2026-02-27 04:00:00,2026-02-27,3,112.71828,112.6959406581128,110.56332346127702,112.4013568549486,0,0.00023004502098084424,0.008333333333333333,0,0.0010540486754170519,0.0
2026-02-27 05:00:00,2026-02-27,4,118.22128,113.0495749152199,109.94378903607728,114.13340679436251,0,0.00017338162043361975,0.0,0,0.0010128859679002105,0.008333333333333333
2026-02-27 06:00:00,2026-02-27,5,118.22128,112.70843340168533,103.99946160763164,122.726233195739,0,0.00019419021950346058,0.0,0,0.001056691161569217,0.016666666666666666
2026-02-27 07:00:00,2026-02-27,6,112.71928,112.96479162741562,103.1645968495278,124.40941440530344,0,0.00016516133258233828,0.008333333333333333,0,0.0011535671688860608,0.0
2026-02-27 08:00:00,2026-02-27,7,112.71828,113.50057101802231,109.4558859914896,115.81571604455502,0,0.00013352801707611442,0.008333333333333333,0,0.0009095979871830021,0.0
2026-02-27 09:00:00,2026-02-27,8,112.71828,113.73491295959052,109.12392058121868,118.32253533796236,0,0.00011706255319239621,0.025,0,0.0010164308842457947,0.0
2026-02-27 10:00:00,2026-02-27,9,112.71828,113.8232779480045,106.10453563753164,121.09756025847736,0,0.00013831748106558187,0.016666666666666666,0,0.0019765173480776562,0.0
2026-02-27 11:00:00,2026-02-27,10,112.71828,113.78627839272818,109.34589334200392,115.24385544345245,0,0.00011953111947251605,0.0,0,0.0019836723791847068,0.0
2026-02-27 12:00:00,2026-02-27,11,112.71828,111.29956863498532,102.63858923020986,116.11858203976077,0,0.00016378939416720776,0.016666666666666666,0,0.0024466897902066594,0.0
2026-02-27 13:00:00,2026-02-27,12,112.71828,111.75083533920842,101.40054385440948,123.33090682400736,0,0.0001408265554031063,0.016666666666666666,0,0.0027830481285880853,0.008333333333333333
2026-02-27 14:00:00,2026-02-27,13,112.71928,112.14906447922512,105.0890739886354,120.74903496981484,0,0.00012926631852114054,0.0,0,0.002951150747520709,0.016666666666666666
2026-02-27 15:00:00,2026-02-27,14,118.22128,113.16125577971611,105.7894164739131,122.02279508551912,0,0.00013053008684552964,0.0,0,0.006571996619193391,0.008333333333333333
2026-02-27 16:00:00,2026-02-27,15,121.36428,114.48301335100484,110.61215907371717,120.44818762829254,0,0.00014130249458512348,0.0,0,0.008413466199732312,0.016666666666666666
2026-02-27 17:00:00,2026-02-27,16,121.36428,114.75495257784628,112.35090734556108,120.4870338101315,0,0.00015832576737950202,0.0,0,0.010165893654528786,0.0
2026-02-27 18:00:00,2026-02-27,17,121.36428,122.83963597538964,119.84825726213153,130.3598146886478,0,0.00011839323026594728,0.0,0,0.03404583885584223,0.025
2026-02-27 19:00:00,2026-02-27,18,122.08428,124.15749083949488,123.63810034077588,127.34260333821388,0,7.851777219700281e-05,0.025,0,0.039588448394213216,0.10833333333333334
2026-02-27 20:00:00,2026-02-27,19,121.36428,122.35520004581348,120.13004978553016,125.9859203060968,0,8.965506965315807e-05,0.041666666666666664,0,0.028252944778105086,0.15
2026-02-27 21:00:00,2026-02-27,20,121.36428,122.20180692262014,112.62452284694476,132.6133609982955,0,7.04420120191542e-05,0.041666666666666664,0,0.026912492230150825,0.1
2026-02-27 22:00:00,2026-02-27,21,121.36428,121.72315364167927,111.8746407500164,129.97055653334212,0,9.062504366705652e-05,0.0,0,0.01495386468525379,0.03333333333333333
2026-02-27 23:00:00,2026-02-27,22,119.12528,120.03320862695932,110.0280979785964,126.94671927532224,0,9.980884096235772e-05,0.0,0,0.01043719496832011,0.016666666666666666
2026-02-28 00:00:00,2026-02-27,23,122.28435,114.37712108524106,101.6452425709658,125.79099959951633,0,0.0011429236926498636,0.041666666666666664,0,0.0003856017278983797,0.008333333333333333
2026-02-28 01:00:00,2026-02-28,0,116.78235,122.30358269982634,121.1070599147388,122.59248548491388,0,0.00036861033666800436,0.008333333333333333,0,0.0005004425587785821,0.0
2026-02-28 02:00:00,2026-02-28,1,116.78235,122.28720943759848,119.68476610397894,122.691006771218,0,0.00036861033666800436,0.008333333333333333,0,0.0005004425587785821,0.0
2026-02-28 03:00:00,2026-02-28,2,116.78235,122.27598848744546,118.76344382486018,123.66281115003072,0,0.00027218922814656977,0.008333333333333333,0,0.00047014023024563963,0.0
2026-02-28 04:00:00,2026-02-28,3,122.18935,122.25236111322054,120.9707921397192,123.55062508672192,0,0.0002407875428749414,0.008333333333333333,0,0.0005004425587785821,0.0
2026-02-28 05:00:00,2026-02-28,4,122.18935,122.22412481781276,119.56967377298568,123.70251386263986,0,0.0006196961304245315,0.0,0,0.001124623339499838,0.008333333333333333
2026-02-28 06:00:00,2026-02-28,5,122.28435,120.6805309369499,111.7232732208383,129.07455865306153,0,0.0004754456375433829,0.0,0,0.0009943201603251988,0.016666666666666666
2026-02-28 07:00:00,2026-02-28,6,116.78235,120.4286353070141,111.19383517024713,129.5523654437811,0,0.00019187376062105522,0.008333333333333333,0,0.00046500302078463087,0.016666666666666666
2026-02-28 08:00:00,2026-02-28,7,116.78235,120.20647772161684,117.78946696092277,122.0358454823109,0,0.0001526675509996835,0.008333333333333333,0,0.0005161993999649155,0.0
2026-02-28 09:00:00,2026-02-28,8,116.78235,120.30871597248164,116.91748755243596,123.55144339252732,0,0.00015292338157716395,0.025,0,0.0004217920587399774,0.0
2026-02-28 10:00:00,2026-02-28,9,116.78235,120.58501638744194,112.49338667365838,127.48595610122553,0,0.00016238267426683633,0.016666666666666666,0,0.0006128577591566381,0.0
2026-02-28 11:00:00,2026-02-28,10,116.78235,121.03068254988148,117.60301956249651,123.82243053726644,0,0.0001538610998022876,0.0,0,0.001072348866276849,0.0
2026-02-28 12:00:00,2026-02-28,11,116.78235,116.9046206799488,109.39456714688473,123.33197221301288,0,0.00019016519107896795,0.016666666666666666,0,0.0008610652102579287,0.0
2026-02-28 13:00:00,2026-02-28,12,116.78235,116.58435840417282,107.02345461828216,126.29906019006349,0,0.00019437308336341723,0.016666666666666666,0,0.0007578905507528807,0.008333333333333333
2026-02-28 14:00:00,2026-02-28,13,116.78235,116.83242822785728,109.4588438863876,123.72334456932693,0,0.00019437308336341723,0.008333333333333333,0,0.0008654886882535669,0.016666666666666666
2026-02-28 15:00:00,2026-02-28,14,116.78235,117.52452913563934,109.50204098450676,123.37598728677196,0,0.00021265426921770103,0.0,0,0.0019741293070390407,0.008333333333333333
2026-02-28 16:00:00,2026-02-28,15,122.28435,118.73754683588324,115.40550442994504,121.88450424182146,0,0.00020908885461072262,0.0,0,0.002797782233767319,0.016666666666666666
2026-02-28 17:00:00,2026-02-28,16,122.28535,119.02644849653208,116.41690190097631,122.88963509208784,0,0.00014843909654073018,0.0,0,0.002797782233767319,0.0
2026-02-28 18:00:00,2026-02-28,17,122.28635,120.92706030792276,119.45921926352554,123.33338535231998,0,8.494068501321417e-05,0.025,0,0.007682759778122177,0.016666666666666666
2026-02-28 19:00:00,2026-02-28,18,124.78235,125.6941198234932,124.69259611200594,127.9579735349804,0,5.303092401134202e-05,0.025,0,0.022017838686303016,0.1
2026-02-28 20:00:00,2026-02-28,19,122.28635,121.3986860804891,120.28678572122884,124.23154143974936,0,7.440239789455965e-05,0.041666666666666664,0,0.008160189204627228,0.14166666666666666
2026-02-28 21:00:00,2026-02-28,20,122.28635,121.3336785631906,110.35875238949414,132.73977673688708,0,9.975062670955468e-05,0.041666666666666664,0,0.00909193571268485,0.09166666666666666
2026-02-28 22:00:00,2026-02-28,21,122.28535,121.20851302320398,111.1044835063195,131.52481254008848,0,9.228624616560025e-05,0.0,0,0.0069281735220544285,0.016666666666666666
2026-02-28 23:00:00,2026-02-28,22,122.28435,119.78406139997558,112.1749339031434,127.48595689680776,0,0.00010737223500121855,0.0,0,0.002651241109176057,0.016666666666666666
2026-03-01 00:00:00,2026-02-28,23,103.13361,122.47110885065436,107.12477706503846,133.70538863627027,0,0.0035705860392398927,0.03333333333333333,0,0.00212112903392604,0.016666666666666666
2026-03-01 01:00:00,2026-03-01,0,103.13361,103.18686278613488,100.3349968732448,104.20704469902498,0,0.00010920292578600634,0.008333333333333333,0,0.0010510211994157236,0.0
2026-03-01 02:00:00,2026-03-01,1,103.13361,103.18471410135488,97.55756303137538,105.8985891713344,0,0.00010785644913695107,0.008333333333333333,0,0.0010534460022873315,0.0
2026-03-01 03:00:00,2026-03-01,2,103.13361,103.17602890360756,96.99237044763996,106.76558235957518,0,9.145471211817322e-05,0.008333333333333333,0,0.0009341850108075664,0.0
2026-03-01 04:00:00,2026-03-01,3,103.13361,103.14057240271651,101.5484436301125,105.87395117532056,0,0.0002328898626351073,0.008333333333333333,0,0.0012182544464729912,0.0
2026-03-01 05:00:00,2026-03-01,4,103.13361,103.61534764342068,100.54872989022373,106.80626539661768,0,0.0002726546429753274,0.0,0,0.001239679627621713,0.008333333333333333
2026-03-01 06:00:00,2026-03-01,5,103.13361,102.81180416892232,92.31103873996835,109.30970559787627,0,0.00030090747592405694,0.0,0,0.0012128665562066458,0.016666666666666666
2026-03-01 07:00:00,2026-03-01,6,103.13361,103.46123806132113,93.020635915699,111.6913502069433,0,0.00014299580424430812,0.008333333333333333,0,0.0010973614787864378,0.0
2026-03-01 08:00:00,2026-03-01,7,103.13361,103.4972991529909,98.3492553324078,105.700002973574,0,0.00013296655221756246,0.008333333333333333,0,0.0010147101251762884,0.0
2026-03-01 09:00:00,2026-03-01,8,103.13361,103.54405193513706,98.8756900558296,110.89175981444455,0,0.0001757378804946825,0.025,0,0.0010147101251762884,0.0
2026-03-01 10:00:00,2026-03-01,9,103.13361,103.63675488672244,93.7015156153237,109.3824991581212,0,0.0001866081329913216,0.016666666666666666,0,0.0021475594605801893,0.0
2026-03-01 11:00:00,2026-03-01,10,103.13361,103.8660889500237,99.07636104518733,106.37883685486014,0,0.00016126396451921298,0.0,0,0.0017558685394412248,0.0
2026-03-01 12:00:00,2026-03-01,11,103.13361,104.08551930909556,93.11025989471275,109.78083372347838,0,0.00011897140412166,0.016666666666666666,0,0.002643982211955037,0.0
2026-03-01 13:00:00,2026-03-01,12,103.13361,104.13764432927113,92.57567430103232,113.98797835750996,0,0.00011371292944547703,0.016666666666666666,0,0.0025249574467231754,0.008333333333333333
2026-03-01 14:00:00,2026-03-01,13,103.13361,104.00245509043056,96.91556832836136,112.53985185249977,0,6.832236702664578e-05,0.0,0,0.0035185106434515476,0.016666666666666666
2026-03-01 15:00:00,2026-03-01,14,103.13361,104.05613064068132,96.85895114002332,110.60021014133932,0,6.265623833827872e-05,0.0,0,0.003335497221796898,0.008333333333333333
2026-03-01 16:00:00,2026-03-01,15,103.13361,105.09964218177458,101.7066750330965,110.30518933045268,0,6.524523875343403e-05,0.0,0,0.007083256103647717,0.016666666666666666
2026-03-01 17:00:00,2026-03-01,16,107.63261,105.19768598475034,101.83846568288337,111.56214028661732,0,7.402061148506854e-05,0.0,0,0.011295709957352582,0.0
2026-03-01 18:00:00,2026-03-01,17,108.35261,113.17824432575588,110.62600870995432,119.86306194155743,0,8.096550429972396e-05,0.0,0,0.061243526155430356,0.025
2026-03-01 19:00:00,2026-03-01,18,108.35261,114.4855704211872,109.81802048298076,119.11414035939364,0,6.68408063193405e-05,0.025,0,0.05942240246082795,0.10833333333333334
2026-03-01 20:00:00,2026-03-01,19,108.35261,113.61542245594144,111.46128858798464,119.35044632389824,0,5.949635423239508e-05,0.041666666666666664,0,0.06375906364272016,0.15
2026-03-01 21:00:00,2026-03-01,20,108.35261,112.78442722155012,101.92618043692455,125.10146400617568,0,5.0997161557226066e-05,0.041666666666666664,0,0.05292046216549588,0.1
2026-03-01 22:00:00,2026-03-01,21,107.63261,112.21379461963484,99.75202724820994,122.11080599105972,0,5.506409616229771e-05,0.0,0,0.04656550208290575,0.03333333333333333
2026-03-01 23:00:00,2026-03-01,22,107.63261,110.83145892099256,100.4731326014566,117.39029524052852,0,5.555568177627006e-05,0.0,0,0.02670995852643187,0.025
2026-03-02 00:00:00,2026-03-01,23,101.84342,105.58424349135514,91.5174058056813,117.24738117702896,0,0.0015511149259206556,0.041666666666666664,0,0.0004627800890201143,0.008333333333333333
2026-03-02 01:00:00,2026-03-02,0,101.84342,101.90336674010535,98.75117305761042,103.8008704226003,0,0.0004859104850986028,0.008333333333333333,0,0.0005478947296008675,0.0
2026-03-02 02:00:00,2026-03-02,1,101.84342,101.88870824821224,95.98492981427356,103.63389668215088,0,0.0005639986932398685,0.008333333333333333,0,0.0005211927487702052,0.0
2026-03-02 03:00:00,2026-03-02,2,101.84342,101.86636065345134,97.9017334537955,108.73385785310715,0,0.0006590510043179298,0.008333333333333333,0,0.0005155703083184311,0.0
2026-03-02 04:00:00,2026-03-02,3,104.47142,102.00758442024468,95.52470020620224,105.15483863428712,0,0.00031854120400332236,0.008333333333333333,0,0.0005981033938597704,0.0
2026-03-02 05:00:00,2026-03-02,4,105.49242,102.48084677598936,100.09068395073476,107.67152960124396,0,0.00018509292590561494,0.0,0,0.0006468866479848122,0.008333333333333333
2026-03-02 06:00:00,2026-03-02,5,105.49242,101.85379242941372,95.23353953042124,113.67471132840618,0,0.00022122171789980703,0.008333333333333333,0,0.0008698397774258065,0.016666666666666666
2026-03-02 07:00:00,2026-03-02,6,105.43642,100.96194437191582,89.38917130439084,112.7427474394408,0,0.0002603232231450692,0.008333333333333333,0,0.0008854685091439398,0.0
2026-03-02 08:00:00,2026-03-02,7,104.47142,102.44053946977124,93.92783211939968,108.7257718201428,0,0.00014215030600933388,0.008333333333333333,0,0.0010960293172345423,0.0
2026-03-02 09:00:00,2026-03-02,8,101.84342,102.24834058455475,89.72866095664482,109.45952521246468,0,0.00019055225723686319,0.025,0,0.0014612891958626884,0.0
2026-03-02 10:00:00,2026-03-02,9,101.84342,101.84066358121716,88.53112115070105,116.06883801173323,0,0.00019347509288258446,0.016666666666666666,0,0.0018130310331412789,0.0
2026-03-02 11:00:00,2026-03-02,10,104.47142,103.13753317747016,94.5876756814303,113.34448767351002,0,0.00017048071928778323,0.0,0,0.0034562411392833844,0.0
2026-03-02 12:00:00,2026-03-02,11,104.47142,102.6840127195052,89.82155486857464,115.93035457043575,0,0.00014292825103083052,0.016666666666666666,0,0.004089307537646697,0.0
2026-03-02 13:00:00,2026-03-02,12,104.47142,103.78842995978523,84.90038722742098,118.11924069214948,0,0.00013915875260379614,0.016666666666666666,0,0.010327663941795356,0.008333333333333333
2026-03-02 14:00:00,2026-03-02,13,105.49242,105.12559651530374,89.7578545955523,119.19916643505516,0,0.00011663440349444851,0.0,0,0.010654968701077305,0.016666666666666666
2026-03-02 15:00:00,2026-03-02,14,105.49242,106.50251645204196,93.23443770873703,124.00368019534687,0,0.00011663440349444851,0.0,0,0.02539350763578621,0.016666666666666666
2026-03-02 16:00:00,2026-03-02,15,106.34242,105.3411519782472,91.28421350521772,116.71169545127668,0,0.00011663440349444851,0.0,0,0.014501990597787501,0.016666666666666666
2026-03-02 17:00:00,2026-03-02,16,107.06242,107.16810248614402,97.65502506425037,125.64338990803768,0,9.012766775022776e-05,0.0,0,0.019015080332525813,0.016666666666666666
2026-03-02 18:00:00,2026-03-02,17,108.40842,113.17864697929494,105.87445724030988,134.96310671828002,0,8.525065854803629e-05,0.0,0,0.05719473410423515,0.025
2026-03-02 19:00:00,2026-03-02,18,108.40842,113.38775204610305,104.0299961130326,134.9216479791735,0,8.054494579136337e-05,0.025,0,0.06246621533567284,0.10833333333333334
2026-03-02 20:00:00,2026-03-02,19,108.40742,111.89488823859772,103.11291028664422,130.53000619055123,0,8.262179145305233e-05,0.041666666666666664,0,0.03420992965492193,0.15
2026-03-02 21:00:00,2026-03-02,20,108.40742,111.05558565339554,99.48313862458215,133.68493268220894,0,8.262179145305233e-05,0.041666666666666664,0,0.02755687605170808,0.1
2026-03-02 22:00:00,2026-03-02,21,107.06242,111.29447887281778,101.4569082769533,124.33113546868223,0,8.262179145305233e-05,0.0,0,0.013835404415568993,0.03333333333333333
2026-03-02 23:00:00,2026-03-02,22,105.49242,109.404620766639,102.11423655090184,119.80877498237614,0,6.582628450253088e-05,0.0,0,0.0056635591750583535,0.025
2026-03-03 00:00:00,2026-03-02,23,111.27833,106.3102563577257,92.25549362927926,119.13622508617216,0,0.00036740154159831915,0.03333333333333333,0,0.0014533765268664024,0.008333333333333333
2026-03-03 01:00:00,2026-03-03,0,111.27833,111.26420660964703,109.43410120941977,110.0470760098743,0,0.0007619900725231853,0.008333333333333333,0,0.00046098808617643227,0.0
2026-03-03 02:00:00,2026-03-03,1,111.27833,111.22301377701906,106.1599795924186,109.14088196161951,0,0.000705744528591883,0.008333333333333333,0,0.0004926761496317329,0.0
2026-03-03 03:00:00,2026-03-03,2,111.27833,111.21937658113572,108.76764607099082,113.32795309128062,0,0.0007839855805909673,0.008333333333333333,0,0.00045021466594917216,0.0
2026-03-03 04:00:00,2026-03-03,3,113.90633,111.35136190214745,106.90382661155743,115.38950319273742,0,0.0006754992915349513,0.008333333333333333,0,0.00047096769853270627,0.0
2026-03-03 05:00:00,2026-03-03,4,114.77733,111.33985079276448,106.00049854062242,120.43357304490654,0,0.0005059388739900939,0.0,0,0.0009773419915427362,0.008333333333333333
2026-03-03 06:00:00,2026-03-03,5,114.77733,111.83071616180484,106.20107308978022,125.57204923382947,0,0.0005036641155359046,0.008333333333333333,0,0.0010120421400688197,0.016666666666666666
2026-03-03 07:00:00,2026-03-03,6,114.77733,112.00232173196363,102.21925356571812,129.38578489820912,0,0.0005986708770035945,0.008333333333333333,0,0.0008135298195963119,0.0
2026-03-03 08:00:00,2026-03-03,7,113.90633,109.5701668847729,97.33653953440134,119.50932423514443,0,0.0006090324779891738,0.008333333333333333,0,0.0006522253699502877,0.0
2026-03-03 09:00:00,2026-03-03,8,111.27833,108.68419819329849,92.77764120335476,127.63030018324224,0,0.0006092965011729063,0.025,0,0.0006995749905937066,0.0
2026-03-03 10:00:00,2026-03-03,9,111.27833,110.17405406833288,90.7511503870095,136.86317774965627,0,0.00046495851756963474,0.03333333333333333,0,0.0008691482224816285,0.0
2026-03-03 11:00:00,2026-03-03,10,111.27833,112.51630547309622,92.3429856410895,139.61229530510298,0,0.0003194135893850781,0.0,0,0.0016304162991734135,0.0
2026-03-03 12:00:00,2026-03-03,11,111.27833,113.2047707165468,95.42563486561625,147.27251856747736,0,0.0003194135893850781,0.016666666666666666,0,0.0027371356658206568,0.0
2026-03-03 13:00:00,2026-03-03,12,113.90633,117.252514275021,93.94948254265674,160.77410600738523,0,0.00029352309071484006,0.008333333333333333,0,0.004852806096406306,0.016666666666666666
2026-03-03 14:00:00,2026-03-03,13,114.77733,118.92232888716975,90.7195329674183,153.41103480692118,0,0.00025066198297465014,0.0,0,0.012769991117241055,0.016666666666666666
2026-03-03 15:00:00,2026-03-03,14,116.49733,118.05175920421529,92.86023146091036,155.0477229475202,0,0.00025066198297465014,0.0,0,0.019151917436145985,0.03333333333333333
2026-03-03 16:00:00,2026-03-03,15,116.49733,117.8319287450028,97.74529027197332,155.85450721803227,0,0.0002351032194387492,0.0,0,0.031201893192091972,0.016666666666666666
2026-03-03 17:00:00,2026-03-03,16,117.84233,120.58168792359486,90.6134145017012,171.93885534548855,0,0.0002274626773949421,0.0,0,0.03791429494920748,0.041666666666666664
2026-03-03 18:00:00,2026-03-03,17,125.77733,124.3522734263088,91.88822868732372,193.59764816529392,0,0.0002622970434379972,0.0,0,0.0797367315321042,0.025
2026-03-03 19:00:00,2026-03-03,18,195.77733,124.43959522534722,98.0683092922768,182.5051711584177,0,0.00011659412080167353,0.025,1,0.06211496974169038,0.10833333333333334
2026-03-03 20:00:00,2026-03-03,19,117.84333,122.73126832411518,113.92259037216168,151.35948627606868,0,0.00023927039282641151,0.041666666666666664,0,0.03481252090320763,0.15
2026-03-03 21:00:00,2026-03-03,20,117.84333,120.53555119519194,109.92131416637856,140.87162822400535,0,0.000258918595283597,0.041666666666666664,0,0.02360088478013658,0.1
2026-03-03 22:00:00,2026-03-03,21,117.84333,116.24736226206836,107.0777516662039,129.06871285793284,0,0.0002679985004587545,0.0,0,0.01244537582065911,0.016666666666666666
2026-03-03 23:00:00,2026-03-03,22,116.49733,112.31726811249872,106.55039389676158,118.39455632823586,0,0.00028901592815770564,0.0,0,0.00345882273226037,0.008333333333333333
2026-03-04 00:00:00,2026-03-03,23,113.48755,111.04938641460056,98.16045868615412,125.305524143047,0,0.007498361528226624,0.041666666666666664,0,0.002403907543579934,0.0
2026-03-04 01:00:00,2026-03-04,0,113.48755,113.54653777704463,114.62305837681734,115.08760717727192,0,0.00043805646277893896,0.016666666666666666,0,0.0007564891113339431,0.0
2026-03-04 02:00:00,2026-03-04,1,113.48755,113.47459100753323,109.3768268229328,114.79144519213368,0,0.00043805646277893896,0.016666666666666666,0,0.0007552233695379616,0.0
2026-03-04 03:00:00,2026-03-04,2,113.48755,113.5703828760126,113.2230226171425,117.68747313488264,0,0.00048059082964240114,0.016666666666666666,0,0.0007564891113339431,0.0
2026-03-04 04:00:00,2026-03-04,3,113.48755,113.6479085821768,110.32693880050648,113.1062883638471,0,0.00033749838303504095,0.008333333333333333,0,0.0007564891113339431,0.0
2026-03-04 05:00:00,2026-03-04,4,116.11555,113.96598617422156,109.02817363635326,121.31356371208987,0,0.00031573018198945087,0.008333333333333333,0,0.0020384422968039878,0.008333333333333333
2026-03-04 06:00:00,2026-03-04,5,116.11555,114.1162567515041,111.63690873143412,125.12221477157404,0,0.00024745640426061756,0.008333333333333333,0,0.001649990223395509,0.016666666666666666
2026-03-04 07:00:00,2026-03-04,6,113.48755,113.16520786004064,108.00785121043042,126.64528450965088,0,0.0002401054606287029,0.008333333333333333,0,0.0022837046194526516,0.0
2026-03-04 08:00:00,2026-03-04,7,113.48755,114.05840295921834,104.66297492631536,122.61368699212132,0,0.00016840407691360158,0.008333333333333333,0,0.0009873015040137826,0.0
2026-03-04 09:00:00,2026-03-04,8,113.48755,113.31816850850451,102.6603921863176,126.08347483069146,0,0.0002478018169906539,0.025,0,0.0009695225072835828,0.0
2026-03-04 10:00:00,2026-03-04,9,113.48755,115.053199148601,102.90162112489296,132.101547172309,0,0.00023958913800412973,0.016666666666666666,0,0.001295368727054434,0.0
2026-03-04 11:00:00,2026-03-04,10,113.48755,116.1674736825598,105.38722352217374,133.22331384294583,0,0.0002053234549598708,0.0,0,0.004509370732275121,0.0
2026-03-04 12:00:00,2026-03-04,11,113.48755,115.05927409366085,102.08963868260284,138.66767950471882,0,0.0002074467147869252,0.016666666666666666,0,0.0026882328581750046,0.0
2026-03-04 13:00:00,2026-03-04,12,113.48755,118.99543390207026,99.570232480914,152.55006532322653,0,0.00018646008471700124,0.008333333333333333,0,0.007724170135581917,0.016666666666666666
2026-03-04 14:00:00,2026-03-04,13,116.11555,121.40776778486622,101.4725325309323,151.39471303880015,0,0.00016750673803998193,0.0,0,0.014499788540664586,0.016666666666666666
2026-03-04 15:00:00,2026-03-04,14,116.11555,121.20544004290014,106.52253022954804,153.37545385625222,0,8.714649687322374e-05,0.0,0,0.03268514290002259,0.025
2026-03-04 16:00:00,2026-03-04,15,116.48655,119.06441995285655,107.79774147982708,153.53092842588606,0,5.137649805290573e-05,0.0,0,0.04570127770743654,0.016666666666666666
2026-03-04 17:00:00,2026-03-04,16,120.68655,120.88433956937308,98.4268521474794,173.47248699126672,0,5.334428813118911e-05,0.0,0,0.03760746588019496,0.0
2026-03-04 18:00:00,2026-03-04,17,120.68655,133.15616587026506,96.42900513127998,208.65188060925013,0,4.4926861483259156e-05,0.0,0,0.09605817084184776,0.03333333333333333
2026-03-04 19:00:00,2026-03-04,18,127.98655,154.58097657593754,121.28608333750869,227.78925581436636,0,5.281140569584135e-05,0.025,0,0.3750679838631472,0.55
2026-03-04 20:00:00,2026-03-04,19,120.68655,130.91474154149097,115.58907358953746,175.86220949344448,0,5.334428813118911e-05,0.041666666666666664,0,0.10514522314883405,0.15
2026-03-04 21:00:00,2026-03-04,20,120.68655,128.0957681685358,115.29426513972244,153.68481919734924,0,5.158797923798379e-05,0.041666666666666664,0,0.08220262110431029,0.1
2026-03-04 22:00:00,2026-03-04,21,120.05155,122.68485893245388,112.64152833658942,137.60853952831835,0,8.835014738339274e-05,0.0,0,0.03717207357003071,0.025
2026-03-04 23:00:00,2026-03-04,22,116.48655,118.08794341824444,115.40014920250728,127.74889763398158,0,7.869323818164035e-05,0.0,0,0.03207147351878493,0.016666666666666666
2026-03-05 00:00:00,2026-03-04,23,115.21316,113.3688815549285,96.7227975011383,127.7789156087187,0,0.0005666855342053664,0.041666666666666664,0,0.0008585096440998678,0.0
2026-03-05 01:00:00,2026-03-05,0,115.21316,115.3016497107614,108.14368102826644,118.60218339325634,0,0.0006576215971963735,0.008333333333333333,0,0.0004416045809798847,0.0
2026-03-05 02:00:00,2026-03-05,1,115.21316,115.22481119460409,109.41560201000362,118.01808037920452,0,0.0008428823158396973,0.008333333333333333,0,0.0004416045809798847,0.0
2026-03-05 03:00:00,2026-03-05,2,115.21316,115.27779471685125,110.26933445798116,116.61968497572131,0,0.0006576215971963735,0.008333333333333333,0,0.0004416045809798847,0.0
2026-03-05 04:00:00,2026-03-05,3,115.21316,115.3539902326641,111.48972894207412,114.98621752325408,0,0.00033350308949118987,0.008333333333333333,0,0.00044234493558771966,0.0
2026-03-05 05:00:00,2026-03-05,4,115.21316,115.63574874413804,110.44668620626972,120.26710128200637,0,0.00015624431298224615,0.0,0,0.0011453110505322169,0.008333333333333333
2026-03-05 06:00:00,2026-03-05,5,115.21316,116.4171940830836,111.55665006301363,124.89132610315356,0,0.00015041226807559538,0.0,0,0.0013069213718731763,0.016666666666666666
2026-03-05 07:00:00,2026-03-05,6,115.21316,116.3008274202016,111.40281077059136,128.28034406981186,0,0.00020559600933298434,0.008333333333333333,0,0.0005886607024965787,0.0
2026-03-05 08:00:00,2026-03-05,7,115.21316,115.59592173479368,110.2367687018907,123.05996476769666,0,0.0002730791236998679,0.008333333333333333,0,0.0007190169897170828,0.0
2026-03-05 09:00:00,2026-03-05,8,115.21316,113.85139184649395,105.967055524307,126.01509816868088,0,0.0004145596806019056,0.025,0,0.0007712117412157893,0.0
2026-03-05 10:00:00,2026-03-05,9,115.21316,115.5341510365592,104.75991301285116,131.45192906026722,0,0.00026486749499450763,0.016666666666666666,0,0.0008604776370247281,0.0
2026-03-05 11:00:00,2026-03-05,10,115.21316,116.04295150684092,107.12817634645486,131.71147166722696,0,0.00021823840442497882,0.0,0,0.0008514583253489252,0.0
2026-03-05 12:00:00,2026-03-05,11,115.21316,115.65845181635896,105.20593640530096,139.11960722741694,0,0.00021823840442497882,0.016666666666666666,0,0.0010184919898789495,0.0
2026-03-05 13:00:00,2026-03-05,12,115.21316,118.57794656943643,102.51187414828016,143.3667769905927,0,0.00018209541261767758,0.016666666666666666,0,0.001634666157827939,0.016666666666666666
2026-03-05 14:00:00,2026-03-05,13,115.21316,121.30497751693376,104.69406226299984,143.39511277086768,0,0.00010247963540654924,0.0,0,0.00422474116943921,0.016666666666666666
2026-03-05 15:00:00,2026-03-05,14,115.21316,119.9828049451377,107.3179711317856,141.8018687584898,0,0.00010645210993500286,0.0,0,0.008959753949415316,0.016666666666666666
2026-03-05 16:00:00,2026-03-05,15,115.21316,118.36747012426248,109.898585651233,135.44643859729197,0,5.2438983774694434e-05,0.0,0,0.009391364695377382,0.016666666666666666
2026-03-05 17:00:00,2026-03-05,16,119.71216,120.06921357630397,112.8694611544103,147.05647599819764,0,4.2341846042556197e-05,0.0,0,0.012286505427508403,0.008333333333333333
2026-03-05 18:00:00,2026-03-05,17,121.77716,125.98931660717442,109.05407020377568,160.2721880105731,0,4.005053070470782e-05,0.0,0,0.023057213079285176,0.025
2026-03-05 19:00:00,2026-03-05,18,121.77716,130.40666523924386,116.294526000815,166.7939644776727,0,3.864469565704065e-05,0.025,0,0.05080863772998382,0.11666666666666667
2026-03-05 20:00:00,2026-03-05,19,121.77716,126.02209792445512,120.3706499725016,146.97524587640865,0,3.8815441888472645e-05,0.041666666666666664,0,0.024323123722834638,0.15
2026-03-05 21:00:00,2026-03-05,20,120.21216,125.64992481185811,119.04374378304472,146.05010184067152,0,4.452025318747929e-05,0.041666666666666664,0,0.020627678970870016,0.1
2026-03-05 22:00:00,2026-03-05,21,119.71216,123.20416611246358,113.5441555165991,138.75931670832804,0,4.679873083362014e-05,0.0,0,0.012865544954322529,0.03333333333333333
2026-03-05 23:00:00,2026-03-05,22,115.21316,118.709368352348,110.79574413661084,132.34232256808517,0,9.830790027862853e-05,0.0,0,0.009814208781546525,0.016666666666666666
2026-03-06 00:00:00,2026-03-05,23,110.28468,116.98745001414892,105.52361167655368,128.85986535174413,0,0.0007988702015566913,0.041666666666666664,0,0.0008159260790245366,0.008333333333333333
2026-03-06 01:00:00,2026-03-06,0,110.28468,110.38320156556767,108.19486933829587,111.80664379283948,0,0.0002773606999993574,0.008333333333333333,0,0.0012536640667763826,0.0
2026-03-06 02:00:00,2026-03-06,1,110.28468,110.31614703938186,108.8281428547814,112.36141122398232,0,0.0002773606999993574,0.008333333333333333,0,0.0012536640667763826,0.0
2026-03-06 03:00:00,2026-03-06,2,110.28468,110.35466846866808,109.192244209798,111.33552872753816,0,0.00021637148504726337,0.008333333333333333,0,0.0012789819175632168,0.0
2026-03-06 04:00:00,2026-03-06,3,110.28468,110.46343022651398,109.03657924105931,111.8955262119686,0,0.00026422183614831517,0.008333333333333333,0,0.0012789819175632168,0.0
2026-03-06 05:00:00,2026-03-06,4,110.28468,110.79272147583062,108.81479893796232,113.0250640136989,0,0.00011057496500370185,0.0,0,0.0026355755139354257,0.008333333333333333
2026-03-06 06:00:00,2026-03-06,5,110.28468,109.9068403903481,105.86391237027811,118.26915841041806,0,0.00019174679100143993,0.008333333333333333,0,0.002680546830825364,0.016666666666666666
2026-03-06 07:00:00,2026-03-06,6,110.28468,111.01913463764224,104.587603988032,120.28502128725248,0,0.00017309998931809616,0.008333333333333333,0,0.001898201015381296,0.0
2026-03-06 08:00:00,2026-03-06,7,110.28468,110.76367140515944,104.49236337225646,116.2391894380624,0,0.00027506686553711667,0.008333333333333333,0,0.001983545538660873,0.0
2026-03-06 09:00:00,2026-03-06,8,110.28468,111.21790142818725,105.21716510600032,119.2556317503742,0,0.00028111518650471225,0.025,0,0.0020614869018367615,0.0
2026-03-06 10:00:00,2026-03-06,9,110.28468,111.13598314852848,102.74030512482048,118.5649011722365,0,0.00028188193521984253,0.016666666666666666,0,0.0024134551599170957,0.0
2026-03-06 11:00:00,2026-03-06,10,110.28468,111.77742379797463,101.9261436375886,116.6004739583607,0,0.00024156906058429213,0.0,0,0.0025115214188874955,0.0
2026-03-06 12:00:00,2026-03-06,11,110.28468,111.37058804387742,100.89296263281942,122.01688345493542,0,0.000272421156355933,0.016666666666666666,0,0.003361133159980922,0.0
2026-03-06 13:00:00,2026-03-06,12,110.28468,112.37767960533031,99.91059411084068,124.22880909981994,0,0.00021951801051089853,0.016666666666666666,0,0.004971835635790847,0.016666666666666666
2026-03-06 14:00:00,2026-03-06,13,110.28468,113.25706527608683,103.45578689725764,126.53230365491602,0,0.0001647951726970477,0.0,0,0.005269660307370887,0.016666666666666666
2026-03-06 15:00:00,2026-03-06,14,110.28468,113.16854197110584,105.21473716224934,125.21719477996236,0,8.244102020501712e-05,0.0,0,0.010312739663724294,0.016666666666666666
2026-03-06 16:00:00,2026-03-06,15,114.78368,113.5495133679198,107.23136489489032,124.99963184094926,0,9.014041329893768e-05,0.0,0,0.011545897890950861,0.016666666666666666
2026-03-06 17:00:00,2026-03-06,16,114.78368,114.63271829750803,109.28997487561436,128.29169571940167,0,8.39853901237091e-05,0.0,0,0.01143589893185098,0.008333333333333333
2026-03-06 18:00:00,2026-03-06,17,116.78368,120.56064962607054,117.02373322267184,133.47057102946926,0,8.468587677104656e-05,0.0,0,0.01746995775982611,0.025
2026-03-06 19:00:00,2026-03-06,18,116.84868,121.84290173245512,115.5476224940263,134.51768097088396,0,6.58888232145821e-05,0.025,0,0.027140845737484567,0.11666666666666667
2026-03-06 20:00:00,2026-03-06,19,116.78368,119.21601021165093,115.12687825969742,128.24278816360444,0,7.425187923852146e-05,0.041666666666666664,0,0.014907915275623587,0.15
2026-03-06 21:00:00,2026-03-06,20,116.78368,117.56318550072764,109.67267847191428,133.12127252954107,0,7.193752597098545e-05,0.041666666666666664,0,0.016367924627724777,0.09166666666666666
2026-03-06 22:00:00,2026-03-06,21,114.78368,116.40908968281131,106.24729908694682,128.45101027867577,0,7.865101236878852e-05,0.0,0,0.010808882575207209,0.03333333333333333
2026-03-06 23:00:00,2026-03-06,22,110.28468,113.23328373483848,104.74764351910132,123.74014795057565,0,7.050177278722415e-05,0.0,0,0.009718458754648957,0.016666666666666666
2026-03-07 00:00:00,2026-03-06,23,114.4743,112.27192768008808,101.37269334249284,121.89231201768332,0,0.000824953627501414,0.041666666666666664,0,0.0012568937238573886,0.008333333333333333
2026-03-07 01:00:00,2026-03-07,0,114.4743,114.49892131678445,113.27567908951264,116.81954354405624,0,0.0003998685732761621,0.008333333333333333,0,0.0008899901826510946,0.0
2026-03-07 02:00:00,2026-03-07,1,114.4743,114.51658177661515,111.55855759201472,119.4493459612156,0,0.0003998685732761621,0.008333333333333333,0,0.0009871061244173382,0.0
2026-03-07 03:00:00,2026-03-07,2,114.4743,114.49105944994318,112.8056591910731,117.01008970881324,0,0.0003998685732761621,0.008333333333333333,0,0.0008899901826510946,0.0
2026-03-07 04:00:00,2026-03-07,3,114.4743,114.50870072466702,113.17669973921238,116.87720171012164,0,0.00019681640835602165,0.008333333333333333,0,0.0010990865066872193,0.0
2026-03-07 05:00:00,2026-03-07,4,114.4743,114.45857235815566,113.93725982028737,118.35513489602396,0,0.00014376844733602096,0.0,0,0.0011081683279849232,0.008333333333333333
2026-03-07 06:00:00,2026-03-07,5,114.4743,112.61960384183928,109.05784394820816,120.0032927354704,0,0.00021695616201992997,0.0,0,0.0011063148153350434,0.016666666666666666
2026-03-07 07:00:00,2026-03-07,6,114.4733,113.08112560799216,108.44868234504382,121.06816887094053,0,0.00015978088251757978,0.008333333333333333,0,0.0008958445709774899,0.008333333333333333
2026-03-07 08:00:00,2026-03-07,7,114.4733,113.14894056532891,109.86701931383176,118.51672181682608,0,0.00015013638876485856,0.008333333333333333,0,0.0008728158454467327,0.0
2026-03-07 09:00:00,2026-03-07,8,114.3813,113.49382561575705,110.26144799606053,120.93805723545356,0,0.00013974678084922951,0.025,0,0.0010941508829709883,0.0
2026-03-07 10:00:00,2026-03-07,9,114.3813,113.11141223666012,107.30766751537168,118.39098495794852,0,0.00015054594332455443,0.016666666666666666,0,0.0013093193186853348,0.0
2026-03-07 11:00:00,2026-03-07,10,114.4733,113.4148158769239,106.73067171653786,115.86540603730994,0,0.0001200853908117363,0.0,0,0.0018251878297882759,0.0
2026-03-07 12:00:00,2026-03-07,11,114.3813,112.88520682931144,104.70388089556263,118.71565676306024,0,0.00015076750546279326,0.016666666666666666,0,0.0020752717934149605,0.0
2026-03-07 13:00:00,2026-03-07,12,114.4743,112.71570074677504,105.0939561969262,117.03172529662386,0,0.00016116118424429378,0.016666666666666666,0,0.001155959953354763,0.008333333333333333
2026-03-07 14:00:00,2026-03-07,13,114.4733,112.98650478231431,102.32833300297747,124.69760656165116,0,0.0001666185911829853,0.0,0,0.0021132809096796375,0.016666666666666666
2026-03-07 15:00:00,2026-03-07,14,114.4743,113.40312655024752,104.665587741391,121.31456535910404,0,0.00012756646212335474,0.0,0,0.0029360738270256216,0.016666666666666666
2026-03-07 16:00:00,2026-03-07,15,114.4753,114.840404895905,109.83760442287551,124.31878336893448,0,0.00010082527526636599,0.0,0,0.009398351345685221,0.016666666666666666
2026-03-07 17:00:00,2026-03-07,16,115.7523,115.57087127926728,111.13012385737365,128.22098870116093,0,7.502914380146733e-05,0.0,0,0.010620793322249614,0.008333333333333333
2026-03-07 18:00:00,2026-03-07,17,116.2523,118.05494455383894,115.91731595434568,129.97719815333218,0,7.237198916402833e-05,0.0,0,0.026416167824451872,0.016666666666666666
2026-03-07 19:00:00,2026-03-07,18,116.2523,119.88068626188604,117.0884670234572,132.4233755003149,0,5.5706432600349075e-05,0.025,0,0.024724616644961395,0.1
2026-03-07 20:00:00,2026-03-07,19,116.2523,118.63854447026208,115.64585251830856,128.94262842221562,0,7.082979380738366e-05,0.041666666666666664,0,0.018542776260959404,0.13333333333333333
2026-03-07 21:00:00,2026-03-07,20,116.2523,117.87249552120538,108.806993492392,133.9046975500188,0,0.0001063427670913798,0.041666666666666664,0,0.020700866272170236,0.09166666666666666
2026-03-07 22:00:00,2026-03-07,21,115.9083,116.1897233605612,106.85050676469672,130.95688795642567,0,9.860021382411282e-05,0.0,0,0.01403194052108325,0.025
2026-03-07 23:00:00,2026-03-07,22,115.7523,114.08105058000667,106.64178636426952,123.70974479574382,0,0.00011056324907953222,0.0,0,0.0028375829684030903,0.016666666666666666
2026-03-08 00:00:00,2026-03-07,23,108.18068,114.56028847245452,98.46932413485928,124.56234281004976,0,0.0006822290118772868,0.03333333333333333,0,0.0013780399548712031,0.016666666666666666
2026-03-08 01:00:00,2026-03-08,0,108.18068,108.3037284071566,105.5532421798848,111.0173006344284,0,0.00022954191066523947,0.008333333333333333,0,0.0008558872992747477,0.0
2026-03-08 02:00:00,2026-03-08,1,108.18068,108.32161268998166,102.17071049753056,113.64927488243276,0,0.00026824239319540074,0.008333333333333333,0,0.0008558872992747477,0.0
2026-03-08 03:00:00,2026-03-08,2,108.18068,108.30609090393943,101.35370595826126,111.8775308496176,0,0.00021532681175841096,0.008333333333333333,0,0.0013754090022313418,0.0
2026-03-08 04:00:00,2026-03-08,3,108.18068,108.22660029443315,101.92869900384318,109.90158558502314,0,0.00011417680640327103,0.008333333333333333,0,0.0008323194875385003,0.0
2026-03-08 05:00:00,2026-03-08,4,108.18068,108.34680599971402,102.7877793134468,111.45702268598124,0,0.00013474677376144526,0.0,0,0.0007147736120164339,0.008333333333333333
2026-03-08 06:00:00,2026-03-08,5,108.18068,106.65845861679352,94.7856197231624,112.14828251042464,0,0.00017507317141160755,0.0,0,0.0007663690411305381,0.016666666666666666
2026-03-08 07:00:00,2026-03-08,6,108.17768,107.66347347377976,99.3813502108314,115.75689673672812,0,0.0001663381082773856,0.008333333333333333,0,0.0006917817976627639,0.0
2026-03-08 08:00:00,2026-03-08,7,101.70468,107.40404150742393,101.55086025592676,111.4478027589211,0,0.00014074185750752614,0.008333333333333333,0,0.0006486155259531271,0.0
2026-03-08 09:00:00,2026-03-08,8,101.70468,107.00330066550757,102.03182304581104,115.81206428520407,0,0.00022950915603986023,0.025,0,0.000398037366896843,0.0
2026-03-08 10:00:00,2026-03-08,9,101.70468,107.4109369105726,100.37946218928415,110.34439963186104,0,0.00018330421690564128,0.016666666666666666,0,0.000626822051581818,0.0
2026-03-08 11:00:00,2026-03-08,10,101.70468,107.9133567973402,102.19561163695414,112.23844695772624,0,9.513062268989285e-05,0.0,0,0.0009806575729239132,0.0
2026-03-08 12:00:00,2026-03-08,11,101.70468,107.5328661905292,98.9214662567804,114.394693124278,0,0.00012174884025152564,0.016666666666666666,0,0.0007017382207393575,0.0
2026-03-08 13:00:00,2026-03-08,12,101.70468,108.34205216762535,102.84471761777654,115.3002367174742,0,9.373301915713941e-05,0.016666666666666666,0,0.0016509982018905924,0.008333333333333333
2026-03-08 14:00:00,2026-03-08,13,108.17768,108.14772683555036,99.44486731365431,116.58760635744642,0,8.520472133748759e-05,0.0,0,0.001327947189081759,0.016666666666666666
2026-03-08 15:00:00,2026-03-08,14,108.18068,108.15889868776816,100.6607493520114,115.1808240235249,0,8.520472133748759e-05,0.0,0,0.002209108207850565,0.016666666666666666
2026-03-08 16:00:00,2026-03-08,15,108.18068,109.3573918441814,102.00718337115192,116.42916031721089,0,6.906836660947017e-05,0.0,0,0.003757113517556894,0.016666666666666666
2026-03-08 17:00:00,2026-03-08,16,109.94868,111.23686423401227,105.51695281211862,120.97131165590596,0,5.7060661146748106e-05,0.0,0,0.006741758596974283,0.008333333333333333
2026-03-08 18:00:00,2026-03-08,17,110.04868,114.36520650613468,107.35460790664142,130.51172510562793,0,6.266799724383478e-05,0.0,0,0.02570045332115976,0.025
2026-03-08 19:00:00,2026-03-08,18,110.04868,116.17996359228842,104.23053608395551,133.4535631006213,0,5.698157783555543e-05,0.016666666666666666,0,0.026695980587634976,0.10833333333333334
2026-03-08 20:00:00,2026-03-08,19,110.04868,115.31584637314668,111.4288484211932,130.8036843251002,0,5.327483515232309e-05,0.03333333333333333,0,0.02404297745270031,0.14166666666666666
2026-03-08 21:00:00,2026-03-08,20,110.04868,114.46745532289115,104.39948829407776,132.01524235170456,0,6.317068934914044e-05,0.041666666666666664,0,0.022897001404168955,0.09166666666666666
2026-03-08 22:00:00,2026-03-08,21,110.04868,113.2075079278897,100.0448813320252,126.93601852375416,0,6.475767232232968e-05,0.0,0,0.015902082957691816,0.025
2026-03-08 23:00:00,2026-03-08,22,109.94868,111.2502200199952,99.14028980425805,121.22685423573236,0,7.064077582212543e-05,0.0,0,0.016896523509687036,0.016666666666666666
2026-03-09 00:00:00,2026-03-08,23,102.03342,109.4514375203092,93.57347318271395,118.75897185790444,0,0.0003591061250395764,0.041666666666666664,0,0.0006407267564503176,0.008333333333333333
2026-03-09 01:00:00,2026-03-09,0,102.03342,102.0198296417282,95.2882974144564,101.629391869,0,0.0014156142757432112,0.008333333333333333,0,0.0008094037081119825,0.0
2026-03-09 02:00:00,2026-03-09,1,102.03342,101.99676249736471,93.6004553049136,103.8911036898158,0,0.001495936270681979,0.008333333333333333,0,0.0008094037081119825,0.0
2026-03-09 03:00:00,2026-03-09,2,102.03342,101.98768500096624,96.17327005528809,110.6952399466444,0,0.0016762719194677188,0.008333333333333333,0,0.0008536667347601327,0.0
2026-03-09 04:00:00,2026-03-09,3,102.03342,102.22431730166798,91.059156011078,109.54827359225796,0,0.0014832219313126427,0.008333333333333333,0,0.0008536667347601327,0.0
2026-03-09 05:00:00,2026-03-09,4,102.03342,102.95003603511624,99.441509348849,114.74081272138343,0,0.0005021475245389737,0.0,0,0.0011111694344575309,0.008333333333333333
2026-03-09 06:00:00,2026-03-09,5,102.03342,102.01943841694636,96.47184452331524,116.63519231057748,0,0.0007463105836215618,0.008333333333333333,0,0.0014515880908981807,0.008333333333333333
2026-03-09 07:00:00,2026-03-09,6,102.03342,101.46883773345284,92.96511947050448,116.3883659964012,0,0.0005824135159761969,0.008333333333333333,0,0.001156760576273245,0.0
2026-03-09 08:00:00,2026-03-09,7,102.03342,101.99851033091724,91.62024507942007,111.8418915824144,0,0.0017223308609281398,0.008333333333333333,0,0.0004824660681112211,0.0
2026-03-09 09:00:00,2026-03-09,8,102.03342,102.47946455415058,86.69451332938003,112.73223077892114,0,0.0022391035803734907,0.025,0,0.0006905143501628329,0.0
2026-03-09 10:00:00,2026-03-09,9,102.03342,102.30364646248005,89.0345917411916,117.25514518376846,0,0.0022391035803734907,0.03333333333333333,0,0.0009461304352284593,0.0
2026-03-09 11:00:00,2026-03-09,10,102.03342,105.25496533720968,91.95914517682364,125.14914549759574,0,0.002218118462408636,0.0,0,0.0013210695420876827,0.0
2026-03-09 12:00:00,2026-03-09,11,102.03342,106.61293266364318,87.98090670924903,121.86238261803734,0,0.0018620247309817093,0.016666666666666666,0,0.0023455967643706077,0.0
2026-03-09 13:00:00,2026-03-09,12,102.03342,107.14574129699544,88.0206101592533,119.26036243473756,0,0.0018538623175733116,0.008333333333333333,0,0.0024363952356633405,0.008333333333333333
2026-03-09 14:00:00,2026-03-09,13,111.37742,111.2358164879675,90.90779967789828,126.54708329803674,0,0.00021786632532870792,0.0,0,0.014752483412203993,0.016666666666666666
2026-03-09 15:00:00,2026-03-09,14,111.37742,115.37739376168275,93.696792425926,131.9412990974395,0,0.00022728315964207964,0.0,0,0.03415249643089519,0.03333333333333333
2026-03-09 16:00:00,2026-03-09,15,113.37742,117.4820503369642,98.04515987776988,131.9459107961586,0,0.00015601585690470994,0.0,0,0.05657743013125002,0.041666666666666664
2026-03-09 17:00:00,2026-03-09,16,114.37742,120.22641388228465,105.99986646039098,144.0585813041783,0,0.0001450718606713256,0.0,0,0.07417064499091909,0.058333333333333334
2026-03-09 18:00:00,2026-03-09,17,116.37742,119.39975258449014,110.62705398499688,148.8459011839834,0,0.0001475134307016971,0.0,0,0.10444315910751621,0.025
2026-03-09 19:00:00,2026-03-09,18,140.37742,119.42447669370276,105.71748118536986,143.82333220203563,0,0.00010305986310018253,0.016666666666666666,1,0.09625004506305321,0.10833333333333334
2026-03-09 20:00:00,2026-03-09,19,116.37742,117.88831116575356,108.94936988754677,136.28178244396034,0,0.00014432162777959555,0.03333333333333333,0,0.08565035306712762,0.14166666666666666
2026-03-09 21:00:00,2026-03-09,20,116.37742,116.2331534483673,105.53132641955388,138.92857047718067,0,0.00012308646323246834,0.041666666666666664,0,0.07661096497050715,0.1
2026-03-09 22:00:00,2026-03-09,21,113.37742,112.6369065583015,99.704145962437,131.37081715416596,0,0.000150485156191435,0.0,0,0.01797235145129649,0.03333333333333333
2026-03-09 23:00:00,2026-03-09,22,111.37742,109.56516492744603,99.94288071170888,125.80655914318318,0,0.00017904893134156974,0.0,0,0.011155207045457792,0.025
2026-03-10 00:00:00,2026-03-09,23,107.66054,105.27034693370284,91.15097546858482,116.31133839882084,0,0.007137125657052272,0.041666666666666664,0,0.0011535314819592257,0.0
2026-03-10 01:00:00,2026-03-10,0,107.66054,107.64491492307802,104.24673561313962,105.6343642330164,0,0.0007002231923410769,0.016666666666666666,0,0.0015753343175861562,0.0
2026-03-10 02:00:00,2026-03-10,1,107.66054,107.67863617422712,101.5209500221935,107.22614232626074,0,0.0007718179821049806,0.016666666666666666,0,0.0011870323599024624,0.0
2026-03-10 03:00:00,2026-03-10,2,107.66054,107.87089609239524,105.14914299599846,111.939749188792,0,0.0008854642314038636,0.016666666666666666,0,0.0010384976668753678,0.0
2026-03-10 04:00:00,2026-03-10,3,107.66054,107.88450472865632,103.43842594698604,113.83075951032662,0,0.0008210187144699281,0.016666666666666666,0,0.0010384976668753678,0.0
2026-03-10 05:00:00,2026-03-10,4,107.66054,107.99613953133826,102.22795784507102,119.79324621760549,0,0.0008217086866666101,0.008333333333333333,0,0.0012123477979618597,0.008333333333333333
2026-03-10 06:00:00,2026-03-10,5,107.66054,109.32779570080136,106.68284215707789,122.76280924452486,0,0.0004900115817584649,0.016666666666666666,0,0.0010351150979161668,0.008333333333333333
2026-03-10 07:00:00,2026-03-10,6,114.29354,111.21581637010176,103.79067277186095,127.29553496834257,0,0.0005290641348067732,0.008333333333333333,0,0.0012123477979618597,0.008333333333333333
2026-03-10 08:00:00,2026-03-10,7,107.66054,108.54938779671627,95.47065244203375,120.9710381513988,0,0.00043729470515794556,0.016666666666666666,0,0.0014053811342788494,0.0
2026-03-10 09:00:00,2026-03-10,8,107.66054,109.030310600727,91.41125298103049,129.09237822042357,0,0.0006629453236850785,0.025,0,0.0014464898370937544,0.0
2026-03-10 10:00:00,2026-03-10,9,107.66054,112.38114669898192,95.65927705623166,136.43041834173218,0,0.0004484741263128825,0.016666666666666666,0,0.002517015544213073,0.0
2026-03-10 11:00:00,2026-03-10,10,107.66054,114.56262354791514,93.7304882729769,143.02960882285342,0,0.0003075687424405113,0.0,0,0.010764108208837022,0.0
2026-03-10 12:00:00,2026-03-10,11,107.66054,113.99877736052738,97.2128274061332,149.87616731492156,0,0.00039084701924044647,0.008333333333333333,0,0.01244472739266969,0.0
2026-03-10 13:00:00,2026-03-10,12,107.66054,117.70032233026072,98.14659944257964,153.0276152179418,0,0.0002722867163721108,0.008333333333333333,0,0.0193181191769327,0.016666666666666666
2026-03-10 14:00:00,2026-03-10,13,121.00454,120.08079151111107,93.54172470104184,156.4403783211803,0,0.0002362561173235238,0.0,0,0.03529892745039231,0.016666666666666666
2026-03-10 15:00:00,2026-03-10,14,121.00454,119.44824169713694,92.1656363613802,159.34484703289368,0,0.0001881945318119782,0.0,0,0.046894023951223156,0.025
2026-03-10 16:00:00,2026-03-10,15,166.00454,119.9173337249158,95.60571326572146,161.00171418411014,0,0.00013247838723959415,0.0,1,0.06002774412758149,0.03333333333333333
2026-03-10 17:00:00,2026-03-10,16,166.00454,124.37885457761358,93.58104715571992,179.84036199950725,0,0.00012483937592475973,0.0,1,0.07270943258058978,0.058333333333333334
2026-03-10 18:00:00,2026-03-10,17,758.85354,131.82017804720624,101.357249447713,206.1952066466995,0,7.68376269785632e-05,0.0,1,0.12035336127293131,0.05
2026-03-10 19:00:00,2026-03-10,18,805.09154,139.30500983940686,106.419034331074,206.06945534773976,0,7.542567474590172e-05,0.016666666666666666,1,0.4157466143710075,0.20833333333333334
2026-03-10 20:00:00,2026-03-10,19,166.00454,125.68971075088812,108.86126447268136,166.36291202909482,0,0.00010129811717299172,0.03333333333333333,1,0.11677733325149493,0.14166666666666666
2026-03-10 21:00:00,2026-03-10,20,166.00454,120.6009562254969,108.50752919668352,147.3899532543103,0,0.00010642833055378383,0.041666666666666664,1,0.08978878646111102,0.1
2026-03-10 22:00:00,2026-03-10,21,166.00454,113.84015124643622,104.78303065057176,132.1381818423007,0,0.0002623404679154833,0.0,1,0.02478055612850297,0.025
2026-03-10 23:00:00,2026-03-10,22,166.00454,108.9681321817486,105.15819796601149,118.53635639748576,0,0.00033473197537151354,0.0,1,0.005099674041148138,0.0
2026-03-11 00:00:00,2026-03-10,23,118.17152,108.45076451629748,77.00855305117946,131.2091659814155,0,0.0015320442128569287,0.041666666666666664,0,0.0011427896866619588,0.0
2026-03-11 01:00:00,2026-03-11,0,118.08252,118.26233581320604,106.5300925376008,121.59827908881124,0,0.018755183191403523,0.025,0,0.0012371801980686496,0.0
2026-03-11 02:00:00,2026-03-11,1,118.08252,118.13828198037692,98.9282297879258,115.77969417282802,0,0.02145991909800417,0.025,0,0.0012324349634491468,0.0
2026-03-11 03:00:00,2026-03-11,2,118.08252,118.28985445529196,112.32900135889516,127.61149755168874,0,0.02018379328066352,0.025,0,0.0012055317816478338,0.0
2026-03-11 04:00:00,2026-03-11,3,118.17152,118.6099839963168,106.71168921464646,124.52655877798708,0,0.024336535271091336,0.03333333333333333,0,0.0012272466885735653,0.0
2026-03-11 05:00:00,2026-03-11,4,126.95052,120.07246800053564,118.28816131426842,129.84459468680285,0,0.004319237981404977,0.016666666666666666,0,0.0014104119020192844,0.008333333333333333
2026-03-11 06:00:00,2026-03-11,5,126.95052,126.48543382613344,115.95820965743812,140.9066179948287,0,0.002654231680568625,0.016666666666666666,0,0.00111973293958903,0.0
2026-03-11 07:00:00,2026-03-11,6,118.17152,125.3206586794449,115.1068100812041,149.0766772776857,0,0.008489708387048387,0.016666666666666666,0,0.0018831902103675301,0.0
2026-03-11 08:00:00,2026-03-11,7,118.17152,122.7002008517949,104.97374049711236,147.80389120647746,0,0.01038940574468743,0.025,0,0.0013762615145756884,0.0
2026-03-11 09:00:00,2026-03-11,8,118.08252,125.0278607544674,100.94615313477088,155.27417837416394,0,0.009026024937099602,0.03333333333333333,0,0.0013762615145756884,0.0
2026-03-11 10:00:00,2026-03-11,9,118.08252,129.75038668258833,111.53489039264484,170.5657229725318,0,0.0073058211427579536,0.025,0,0.0016549978814060986,0.0
2026-03-11 11:00:00,2026-03-11,10,118.17152,132.85738829455056,103.23939301961232,182.55716356948884,0,0.00602131396241981,0.0,0,0.008846149981186236,0.0
2026-03-11 12:00:00,2026-03-11,11,118.08252,129.21048717413262,85.31582899969874,170.9532053485665,0,0.005221423892486892,0.016666666666666666,0,0.0038315606005678814,0.0
2026-03-11 13:00:00,2026-03-11,12,118.17152,134.13220074180373,92.0296686851638,177.58091279844365,0,0.005494798755360652,0.008333333333333333,0,0.0063295867723499105,0.008333333333333333
2026-03-11 14:00:00,2026-03-11,13,126.95052,150.18476697511718,102.85625016504795,205.8116337851865,0,0.0006206461220854243,0.0,0,0.02095868600942721,0.03333333333333333
2026-03-11 15:00:00,2026-03-11,14,126.95052,154.0424149042878,104.96393956853105,228.7532502400445,0,0.00041378825728359986,0.0,0,0.03017060302702541,0.05
2026-03-11 16:00:00,2026-03-11,15,139.95052,163.20687248819414,130.20879401516467,225.7256409612236,0,0.00017102836265557372,0.0,0,0.14258381553541605,0.20833333333333334
2026-03-11 17:00:00,2026-03-11,16,149.95052,213.2193487671093,150.65152134521563,377.7580261890029,0,0.00022268615224918696,0.0,0,0.21991945645569844,0.95
2026-03-11 18:00:00,2026-03-11,17,1135.36452,397.1001169370465,217.76918368745373,703.6215001866393,0,0.00041038836681130396,0.0,1,0.43126349636392003,1.0
2026-03-11 19:00:00,2026-03-11,18,761.95052,403.3196622054344,214.01231442106564,727.9986099898033,0,0.00033093511073056515,0.0,1,0.45529462241160745,0.9916666666666667
2026-03-11 20:00:00,2026-03-11,19,761.95052,231.7243956652917,137.51558438708494,418.1701169434985,0,0.0002459320456199168,0.025,1,0.33859861050523865,0.9666666666666667
2026-03-11 21:00:00,2026-03-11,20,189.95052,176.46598032735122,154.27416258751097,256.9705480671915,0,0.000289952090034769,0.041666666666666664,1,0.28692692929098806,0.625
2026-03-11 22:00:00,2026-03-11,21,139.95052,147.79318742790176,124.96806322806736,183.27197162773612,0,0.00048666354090017635,0.0,0,0.0907122897082902,0.058333333333333334
2026-03-11 23:00:00,2026-03-11,22,126.95052,139.1969957223277,107.46430898846958,160.12763245618584,0,0.0007342861090881257,0.0,0,0.05849774795747765,0.03333333333333333
2026-03-12 00:00:00,2026-03-11,23,138.33999,118.71591154882113,109.61424008370312,148.62910301393916,0,0.028820179160995184,0.041666666666666664,0,0.002643492686801502,0.0
2026-03-12 01:00:00,2026-03-12,0,138.33999,137.97258022099754,140.16096694539232,137.62967349660275,0,0.013025683699466484,0.025,0,0.003543934518590696,0.0
2026-03-12 02:00:00,2026-03-12,1,138.33999,137.71142380871024,139.87730998909825,135.54553762832222,0,0.013367291576290706,0.025,0,0.003543934518590696,0.0
2026-03-12 03:00:00,2026-03-12,2,138.33999,138.07550798701388,140.3436748906171,144.49858108341064,0,0.012361571396976748,0.025,0,0.003543934518590696,0.0
2026-03-12 04:00:00,2026-03-12,3,138.33999,138.96163451689344,134.39202473522317,144.0352292985637,0,0.014998263194805449,0.03333333333333333,0,0.0023411117425220303,0.0
2026-03-12 05:00:00,2026-03-12,4,138.46299,139.46995880795163,139.78550712168442,148.60529549421884,0,0.009839295415790124,0.016666666666666666,0,0.0021984319659121713,0.008333333333333333
2026-03-12 06:00:00,2026-03-12,5,138.46299,145.99237983281466,140.6953856641194,178.87968400150993,0,0.0077793623709377846,0.016666666666666666,0,0.002508407010170729,0.008333333333333333
2026-03-12 07:00:00,2026-03-12,6,138.46299,147.4269114115314,137.7408268132906,180.7276840097722,0,0.004631340718054447,0.008333333333333333,0,0.0032422272294701108,0.0
2026-03-12 08:00:00,2026-03-12,7,138.46299,146.20445372044398,128.82636336576144,185.0443400751265,0,0.0043140423129302595,0.016666666666666666,0,0.003247450287614263,0.0
2026-03-12 09:00:00,2026-03-12,8,138.33999,145.55888127993612,115.8528836602396,163.64138889963266,0,0.004215755022660885,0.025,0,0.003247450287614263,0.0
2026-03-12 10:00:00,2026-03-12,9,138.33999,148.5416052862206,132.1749175432727,176.8799030291685,0,0.005466260859849323,0.016666666666666666,0,0.009808268142829825,0.0
2026-03-12 11:00:00,2026-03-12,10,138.46299,149.85350717945943,133.39749190452116,191.8237424543977,0,0.003993202676102481,0.0,0,0.01047497292185137,0.0
2026-03-12 12:00:00,2026-03-12,11,138.46299,147.2621915919646,104.63976341753072,168.14095976639848,0,0.005968770752572383,0.016666666666666666,0,0.005100117642919738,0.0
2026-03-12 13:00:00,2026-03-12,12,143.33999,155.6594597007501,135.52978364411018,177.72348175739,0,0.0036924330058585118,0.008333333333333333,0,0.016675052085936636,0.016666666666666666
2026-03-12 14:00:00,2026-03-12,13,158.33999,171.54960423046225,123.075917420393,214.5843510405315,0,0.00387817034334245,0.0,0,0.024893763308258543,0.03333333333333333
2026-03-12 15:00:00,2026-03-12,14,158.33999,175.76646265536442,130.30628731960766,258.37453799112114,0,0.0014297773986359733,0.0,0,0.04964373495912272,0.05
2026-03-12 16:00:00,2026-03-12,15,158.33999,171.90124075911595,147.28429228608647,244.51685923214535,0,0.0013445134944663846,0.0,0,0.03121647885038532,0.05
2026-03-12 17:00:00,2026-03-12,16,198.33999,219.1735817016132,151.72305427971952,415.7124691235068,0,0.00020347404457096382,0.0,1,0.21519751512984545,0.9166666666666666
2026-03-12 18:00:00,2026-03-12,17,291.23999,611.4245019377348,372.0338823039648,1006.0057415715048,0,0.000287447723132634,0.0,1,0.6662436584710384,1.0
2026-03-12 19:00:00,2026-03-12,18,807.42699,573.2802518135638,275.92261166209056,1035.465031965037,0,0.0002913155024654285,0.0,1,0.6499787616885335,1.0
2026-03-12 20:00:00,2026-03-12,19,807.42699,504.3766855807058,340.14331917344265,820.6755519879689,0,0.0002617952230384689,0.0,1,0.6347603384588841,0.975
2026-03-12 21:00:00,2026-03-12,20,188.33999,204.0084601724092,175.5443531435958,360.9569972012226,0,0.0003057683194810131,0.041666666666666664,1,0.37774065022986514,0.7083333333333334
2026-03-12 22:00:00,2026-03-12,21,158.33999,151.04918436230884,127.78909016247444,202.3858985621432,0,0.0006455583641453077,0.008333333333333333,0,0.03853301719997819,0.03333333333333333
2026-03-12 23:00:00,2026-03-12,22,143.33999,143.31150284296731,122.0471461091092,186.87740957682544,0,0.004027361831711781,0.008333333333333333,0,0.01382829610918392,0.008333333333333333
2026-03-13 00:00:00,2026-03-12,23,142.33338,135.29923238652233,110.01998834799129,155.38634642505338,0,0.023678799571037742,0.041666666666666664,0,0.0019449611395702998,0.0
2026-03-13 01:00:00,2026-03-13,0,142.33338,142.09962542771223,128.944892152107,139.91123870331745,0,0.008857517765721884,0.016666666666666666,0,0.001561464364999763,0.0
2026-03-13 02:00:00,2026-03-13,1,142.33338,141.8405255350638,127.7380217154518,141.76086935467578,0,0.008857517765721884,0.016666666666666666,0,0.001561464364999763,0.0
2026-03-13 03:00:00,2026-03-13,2,142.33338,142.16414476064364,139.74830166424687,163.2139978570404,0,0.010993449279294822,0.008333333333333333,0,0.0015962980012227102,0.0
2026-03-13 04:00:00,2026-03-13,3,152.33338,142.47549756864774,124.6239782766134,157.16757686068206,0,0.011539603005001248,0.008333333333333333,0,0.001933731559470463,0.0
2026-03-13 05:00:00,2026-03-13,4,156.33338,142.66757957806382,128.54332289179658,164.206716264331,0,0.007474382319068357,0.0,0,0.0017355272674805591,0.008333333333333333
2026-03-13 06:00:00,2026-03-13,5,156.33338,145.24767299710092,129.11410945337744,186.63705654082443,0,0.0052685920135562125,0.0,0,0.0017518030732699725,0.0
2026-03-13 07:00:00,2026-03-13,6,156.33338,147.41415868778748,125.68656008954667,191.67486728602827,0,0.005332762929852639,0.008333333333333333,0,0.003700067870539371,0.0
2026-03-13 08:00:00,2026-03-13,7,152.33338,141.4386360410836,128.6432656864011,182.55445639576612,0,0.005574398773030052,0.008333333333333333,0,0.0019201938136157912,0.0
2026-03-13 09:00:00,2026-03-13,8,142.33338,135.6347287361205,106.01553111642396,163.73454635581706,0,0.008094370003986035,0.05,0,0.0019201938136157912,0.0
2026-03-13 10:00:00,2026-03-13,9,142.33338,136.18778186872586,120.53749412577794,178.82661961167375,0,0.008372679831338605,0.041666666666666664,0,0.002848362460553504,0.0
2026-03-13 11:00:00,2026-03-13,10,142.33338,141.92889626546915,115.70965099053087,190.09163154040735,0,0.005039963747415017,0.0,0,0.0033414822130133437,0.0
2026-03-13 12:00:00,2026-03-13,11,109.61438,146.26055980996122,115.0044016355273,197.9591979843951,0,0.003936401725980013,0.016666666666666666,0,0.0057167083013835935,0.0
2026-03-13 13:00:00,2026-03-13,12,142.33338,146.8166564792868,126.63630442264687,190.92762853592671,0,0.004074434185145874,0.016666666666666666,0,0.012199509856893739,0.008333333333333333
2026-03-13 14:00:00,2026-03-13,13,152.33338,158.6336147620274,121.42811046519458,214.78439905886023,0,0.0013969570100695675,0.0,0,0.031071916465514344,0.016666666666666666
2026-03-13 15:00:00,2026-03-13,14,156.33338,167.39853956067117,113.58518594041035,250.756963180932,0,0.0006970448168666627,0.0,0,0.04467798565140829,0.041666666666666664
2026-03-13 16:00:00,2026-03-13,15,161.45638,167.51091810095926,113.54505764176491,238.62908856015363,0,0.00016759117511182665,0.0,0,0.054665224179583485,0.05
2026-03-13 17:00:00,2026-03-13,16,180.33338,188.89399167019027,127.3798835845869,324.38310975579367,0,0.000230429536655119,0.0,0,0.320618924784225,0.39166666666666666
2026-03-13 18:00:00,2026-03-13,17,284.23338,332.60760375671373,182.22230412294363,607.5660433904837,0,0.00025224922370339307,0.0,1,0.6002129991388252,0.9916666666666667
2026-03-13 19:00:00,2026-03-13,18,800.42038,537.8483943415824,301.09142176088966,856.5326369222752,0,0.0003444762570315191,0.0,1,0.6259237255008103,0.9916666666666667
2026-03-13 20:00:00,2026-03-13,19,284.23338,484.1849016069282,341.5202503287214,748.952242885135,0,0.0003491111210901492,0.0,1,0.5665532687560078,0.9666666666666667
2026-03-13 21:00:00,2026-03-13,20,180.33338,197.1396398628557,151.0235620986895,356.04691762702186,0,0.00017189744166861166,0.041666666666666664,0,0.43394193587314334,0.5833333333333334
2026-03-13 22:00:00,2026-03-13,21,181.33338,160.39762103729103,115.19355044142657,227.8303716331555,0,0.00038253059979971306,0.008333333333333333,0,0.05461189687170442,0.041666666666666664
2026-03-13 23:00:00,2026-03-13,22,161.45638,152.71428276243176,114.68479854669462,202.6921969781689,0,0.0022507112650271897,0.0,0,0.029997322806971857,0.025
2026-03-14 00:00:00,2026-03-13,23,185.07122,139.47281734453804,119.121353306007,155.05868138306909,0,0.03658824692251527,0.041666666666666664,0,0.004287569152728618,0.0
2026-03-14 01:00:00,2026-03-14,0,185.07122,184.3487584176073,173.9626551420021,190.98291169321251,0,0.006484772538232946,0.008333333333333333,0,0.007945397424958842,0.0
2026-03-14 02:00:00,2026-03-14,1,185.07122,183.5579499961877,171.56577617657572,189.5000038157997,0,0.006484772538232946,0.008333333333333333,0,0.00531377574396369,0.0
2026-03-14 03:00:00,2026-03-14,2,185.07122,184.1155666824465,179.9801378890629,203.4002554758302,0,0.007245423035660848,0.008333333333333333,0,0.005431861717988826,0.0
2026-03-14 04:00:00,2026-03-14,3,185.07122,184.34491522036345,172.64751592832914,193.03549451239775,0,0.006412734332980547,0.0,0,0.005600850392837887,0.0
2026-03-14 05:00:00,2026-03-14,4,185.07122,184.0454840476592,170.57955180846548,201.1827862868529,0,0.008302783859584295,0.0,0,0.00548456884723527,0.008333333333333333
2026-03-14 06:00:00,2026-03-14,5,165.97122,173.50121815013688,156.40097460641337,200.3532816938604,0,0.0209747163534115,0.0,0,0.0028077527774447494,0.016666666666666666
2026-03-14 07:00:00,2026-03-14,6,165.97122,168.03569159348962,149.8435718806403,190.515641306339,0,0.04319146855593111,0.008333333333333333,0,0.002849291860816776,0.0
2026-03-14 08:00:00,2026-03-14,7,157.07122,167.44132101373134,145.6939306590488,186.4925013684139,0,0.03405844276454354,0.008333333333333333,0,0.0023581291472667344,0.0
2026-03-14 09:00:00,2026-03-14,8,157.07122,160.1625214422138,134.99724382251728,183.1684290619104,0,0.0381212673311921,0.041666666666666664,0,0.0029158258450546672,0.0
2026-03-14 10:00:00,2026-03-14,9,157.07122,161.8157535282192,143.0854246461,184.45651241033843,0,0.03599593756286313,0.03333333333333333,0,0.0039770656477592205,0.0
2026-03-14 11:00:00,2026-03-14,10,165.97122,166.40974812511524,140.08113285017697,193.74936340005357,0,0.03593777281213359,0.0,0,0.003544912116440454,0.0
2026-03-14 12:00:00,2026-03-14,11,165.97122,157.076995585259,128.67348741082512,183.42963375969293,0,0.05962436822929154,0.041666666666666664,0,0.0041437964355635765,0.0
2026-03-14 13:00:00,2026-03-14,12,165.97122,160.76508481551542,138.71927308557758,185.27927654545323,0,0.03990755169057346,0.025,0,0.00391855468323893,0.008333333333333333
2026-03-14 14:00:00,2026-03-14,13,165.97122,164.81910964318456,130.6088877992521,187.34107148711703,0,0.03300105000810802,0.008333333333333333,0,0.0029049889286604253,0.008333333333333333
2026-03-14 15:00:00,2026-03-14,14,165.97122,172.91701192117387,143.77846972089867,210.6914941214491,0,0.014993101565487775,0.0,0,0.0051139032005649765,0.016666666666666666
2026-03-14 16:00:00,2026-03-14,15,186.07122,178.1461074827417,155.01442487772155,232.11271008776197,0,0.0013023225302391567,0.0,0,0.01409147089839348,0.025
2026-03-14 17:00:00,2026-03-14,16,266.07122,191.9841622998959,144.74906421429253,299.5652703854994,0,0.00043653831095429805,0.0,1,0.07389003063963258,0.05
2026-03-14 18:00:00,2026-03-14,17,332.19422,251.44892123997,165.41960160619996,418.08420087374,0,0.0004277258445566003,0.0,1,0.48107988733974094,0.7583333333333333
2026-03-14 19:00:00,2026-03-14,18,332.19422,376.06798314082863,281.8086405601359,540.7998257215215,0,0.0005736157298814455,0.0,1,0.5459622762286026,0.9833333333333333
2026-03-14 20:00:00,2026-03-14,19,332.19422,259.85589925116574,223.98081284390256,399.07016565842895,0,0.0004641908093312569,0.03333333333333333,1,0.42770467018312214,0.8083333333333333
2026-03-14 21:00:00,2026-03-14,20,266.07122,189.2803817420624,164.7235639778962,285.38430950622853,0,0.0006742317033551587,0.041666666666666664,1,0.11548098620158938,0.08333333333333333
2026-03-14 22:00:00,2026-03-14,21,266.07122,192.6769009535763,156.83280401292882,242.41943789422385,0,0.0007435596132481567,0.0,1,0.08638545250096498,0.041666666666666664
2026-03-14 23:00:00,2026-03-14,22,201.07122,180.1908248982992,147.41651242327126,225.3283673733272,0,0.0014540231887901428,0.0,0,0.028349734770768086,0.025
2026-03-15 00:00:00,2026-03-14,23,229.49337,174.11425030372834,144.2243788386103,193.9600117688464,0,0.023391239849894357,0.041666666666666664,0,0.003586391880176523,0.008333333333333333
2026-03-15 01:00:00,2026-03-15,0,229.49337,228.73175486178144,209.77311158617624,245.86392813738664,0,0.002971814042021064,0.008333333333333333,0,0.0033031947836769954,0.0
2026-03-15 02:00:00,2026-03-15,1,229.49337,228.10876793737617,201.6972041177642,251.4436317569881,0,0.004104939512838383,0.008333333333333333,0,0.003230873610979584,0.0
2026-03-15 03:00:00,2026-03-15,2,229.49337,228.4269861810368,214.00303293742544,251.05337942464809,0,0.0015708767575884624,0.008333333333333333,0,0.0033031947836769954,0.0
2026-03-15 04:00:00,2026-03-15,3,229.49337,228.34182460643268,209.53901860755076,232.94976060531465,0,0.0017306089862145217,0.0,0,0.0030019509146487723,0.0
2026-03-15 05:00:00,2026-03-15,4,229.49337,227.20068078604,205.5719785468463,240.9750630252337,0,0.0028043419994986584,0.0,0,0.003052734394505551,0.008333333333333333
2026-03-15 06:00:00,2026-03-15,5,194.49337,211.5989421750457,188.14846863132215,225.49599571876917,0,0.03109448023233388,0.0,0,0.000878036534388803,0.016666666666666666
2026-03-15 07:00:00,2026-03-15,6,170.49337,205.02764951650204,184.4463557958758,218.2682632371283,0,0.032369045363949155,0.008333333333333333,0,0.0007621679142613004,0.0
2026-03-15 08:00:00,2026-03-15,7,117.71437,203.4859619075349,192.9075415528524,216.22100226221747,1,0.027652124800131822,0.008333333333333333,0,0.0008532750433403309,0.0
2026-03-15 09:00:00,2026-03-15,8,117.62437,204.09949404641543,179.94369510695148,204.4377229858794,1,0.029687440064225582,0.03333333333333333,0,0.0008539405955440113,0.0
2026-03-15 10:00:00,2026-03-15,9,117.62437,205.4574205846495,190.9635535259484,209.47900764335063,1,0.029687440064225582,0.03333333333333333,0,0.0016077108609839036,0.0
2026-03-15 11:00:00,2026-03-15,10,170.49337,209.1774632387205,189.00361796378223,214.4078485136588,0,0.023134134518072596,0.0,0,0.0014921685769501056,0.0
2026-03-15 12:00:00,2026-03-15,11,170.49337,203.0095763473548,183.6950681729209,210.53856452178863,0,0.01726659991293157,0.03333333333333333,0,0.0023040238832766407,0.0
2026-03-15 13:00:00,2026-03-15,12,170.49337,197.32630044944744,189.32927506857516,209.2212758303197,0,0.017593728239912655,0.025,0,0.0015602708991028986,0.0
2026-03-15 14:00:00,2026-03-15,13,171.49337,199.02093309132744,188.148971247395,210.7074149352599,0,0.012886749405811387,0.008333333333333333,0,0.00144110549831133,0.008333333333333333
2026-03-15 15:00:00,2026-03-15,14,171.49337,206.2823775808949,189.2188253806197,229.45021978117003,0,0.015984897109013893,0.0,0,0.0017794297022354446,0.008333333333333333
2026-03-15 16:00:00,2026-03-15,15,229.49337,210.37243060082963,200.12553799580945,241.23597320584977,0,0.006378660594760615,0.0,0,0.007488545872233235,0.0
2026-03-15 17:00:00,2026-03-15,16,272.41637,237.17072251427447,219.2285344286711,283.79798059987786,0,0.00030299253320378985,0.0,0,0.07223553301264987,0.058333333333333334
2026-03-15 18:00:00,2026-03-15,17,299.49337,281.3904380443394,246.98506841056937,354.29476767810945,0,0.00026334282821805134,0.008333333333333333,1,0.4069848247978914,0.25833333333333336
2026-03-15 19:00:00,2026-03-15,18,344.49337,303.95919322898527,254.4990206482925,381.016675809678,0,0.00026334282821805134,0.016666666666666666,1,0.447741142902758,0.6833333333333333
2026-03-15 20:00:00,2026-03-15,19,339.49337,287.35420680557405,245.17244039831087,376.3641232128372,0,0.00024897055806348344,0.03333333333333333,1,0.44960393038685814,0.45
2026-03-15 21:00:00,2026-03-15,20,279.49337,253.6662648861983,218.27729712203208,327.0218926503645,0,0.00019845114303382904,0.03333333333333333,0,0.3004243852595164,0.14166666666666666
2026-03-15 22:00:00,2026-03-15,21,272.41637,253.4238495200246,218.9772789241601,294.75645011588904,0,0.0002478260079555443,0.0,0,0.3605404966131636,0.08333333333333333
2026-03-15 23:00:00,2026-03-15,22,272.41637,228.8483789964722,185.22883652144424,255.47037147150013,0,0.0003415828880075687,0.0,0,0.10524720910422673,0.025
2026-03-16 00:00:00,2026-03-15,23,279.95154,218.77119773406,174.77050339646476,242.15588207165524,0,0.004903477001142256,0.041666666666666664,0,0.002011762350698722,0.008333333333333333
2026-03-16 01:00:00,2026-03-16,0,269.95154,278.9171537853788,241.34709050977352,291.452247060984,0,0.010242715249749316,0.008333333333333333,0,0.0048487258353292996,0.0
2026-03-16 02:00:00,2026-03-16,1,219.95154,277.77217925430693,232.05008543469492,290.0757730739189,0,0.011050008313358237,0.008333333333333333,0,0.004895390752460229,0.0
2026-03-16 03:00:00,2026-03-16,2,219.95154,277.17054444951816,244.4169205652584,292.8721183337779,0,0.0062426339265621725,0.008333333333333333,0,0.004896899221778346,0.0
2026-03-16 04:00:00,2026-03-16,3,269.95154,278.4628558995275,240.81654990064555,296.12110189840945,0,0.00487191303071566,0.0,0,0.0048171100887143565,0.0
2026-03-16 05:00:00,2026-03-16,4,279.95154,278.2113486212312,238.7655563820375,293.6178508604249,0,0.002381711175156704,0.0,0,0.00467184333956271,0.008333333333333333
2026-03-16 06:00:00,2026-03-16,5,299.07454,264.37630745640985,231.0044439126864,280.0833110001334,0,0.0063838327671580245,0.0,0,0.001511157089546537,0.008333333333333333
2026-03-16 07:00:00,2026-03-16,6,279.95154,256.81738643790067,236.70768672505136,276.61974615075,0,0.04489624022631751,0.008333333333333333,0,0.0014159241767097727,0.0
2026-03-16 08:00:00,2026-03-16,7,231.91454,247.8003891044136,232.7860678529164,268.19651035591073,0,0.04253558266888656,0.016666666666666666,0,0.0016169667044598774,0.0
2026-03-16 09:00:00,2026-03-16,8,219.95154,243.1471299266485,208.028132306952,263.54627754634504,0,0.06401285012140787,0.05,0,0.0016641244376566153,0.0
2026-03-16 10:00:00,2026-03-16,9,269.95154,252.48401766726508,232.58106878514585,275.98020654938426,0,0.051496811006379345,0.041666666666666664,0,0.003302360849916364,0.0
2026-03-16 11:00:00,2026-03-16,10,279.95154,257.00896781790266,231.01358765751655,289.2402979782887,0,0.042844033056173236,0.0,0,0.0034038281632219323,0.0
2026-03-16 12:00:00,2026-03-16,11,279.95154,239.58737324005543,205.62006328566125,277.00039319444954,0,0.030548532435511054,0.03333333333333333,0,0.005276482809911675,0.0
2026-03-16 13:00:00,2026-03-16,12,279.95154,244.2830260508564,214.9147343209185,271.15598778079413,0,0.01568578368876259,0.025,0,0.0037851865368193943,0.0
2026-03-16 14:00:00,2026-03-16,13,299.07454,248.17766396751475,224.65653967068192,299.03831826434754,0,0.014560947098626223,0.008333333333333333,0,0.015557120197791041,0.008333333333333333
2026-03-16 15:00:00,2026-03-16,14,299.07454,257.2121955266698,211.5413033263946,319.630617726945,0,0.012421606623954197,0.0,0,0.015837538362818523,0.008333333333333333
2026-03-16 16:00:00,2026-03-16,15,319.95154,275.8495052868559,233.6104794295553,322.04577114415645,0,0.0003609933834287468,0.0,0,0.04842544899251619,0.025
2026-03-16 17:00:00,2026-03-16,16,336.95154,307.456846096259,273.87060801065564,400.2515141818624,0,0.00021541348530639684,0.0,0,0.21999996294509497,0.06666666666666667
2026-03-16 18:00:00,2026-03-16,17,336.95154,362.1389402300837,255.6392605963136,542.6126798638537,0,0.0001914799781404901,0.008333333333333333,0,0.5178608321873015,0.5083333333333333
2026-03-16 19:00:00,2026-03-16,18,799.03854,404.7242015353367,267.89343895464395,608.9582241160294,0,0.00022803114851916028,0.008333333333333333,1,0.6050771743630969,0.8166666666666667
2026-03-16 20:00:00,2026-03-16,19,339.95154,378.4730144145194,300.7015780072563,527.8016508217826,0,0.00019971571470490915,0.025,0,0.5186774912670491,0.6916666666666667
2026-03-16 21:00:00,2026-03-16,20,339.95154,315.8971373570737,279.0363595929075,400.0888251212399,0,0.0001817468145994436,0.03333333333333333,0,0.34883149883160564,0.14166666666666666
2026-03-16 22:00:00,2026-03-16,21,336.95154,303.2658056045316,280.5512950086671,336.354666200396,0,0.00023569750593792756,0.0,0,0.10585806047025587,0.058333333333333334
2026-03-16 23:00:00,2026-03-16,22,319.95154,287.52513336841105,248.8948191526739,309.41070758414816,0,0.0005259747884830642,0.0,0,0.05209857781485883,0.025
2026-03-17 00:00:00,2026-03-16,23,306.49125,263.867776213916,212.39196216012576,285.7795402677062,0,0.10741012982159236,0.041666666666666664,0,0.003360668572358075,0.008333333333333333
2026-03-17 01:00:00,2026-03-17,0,306.49125,306.0601171286245,248.20745385301927,322.37597040422975,0,0.021791663647959807,0.016666666666666666,0,0.006452759189443885,0.0
2026-03-17 02:00:00,2026-03-17,1,280.36825,305.13717403979626,255.5520198490349,329.1952782305576,0,0.03444786122392368,0.025,0,0.008728615360142236,0.0
2026-03-17 03:00:00,2026-03-17,2,280.36825,305.5313702999367,264.42965705632537,339.13302354354806,0,0.0339950817800896,0.025,0,0.00836643828473986,0.0
2026-03-17 04:00:00,2026-03-17,3,306.49125,306.37234407841885,264.9392780795369,333.41605007730084,0,0.01729951160696304,0.016666666666666666,0,0.005392954217892172,0.0
2026-03-17 05:00:00,2026-03-17,4,306.49125,307.41379115660874,269.408168917415,334.16266339580244,0,0.004203436614831776,0.008333333333333333,0,0.00814443479970556,0.008333333333333333
2026-03-17 06:00:00,2026-03-17,5,306.49125,311.6835183695464,285.34659447591525,343.3357922631775,0,0.010724411260871246,0.0,0,0.013203431314345529,0.0
2026-03-17 07:00:00,2026-03-17,6,306.49125,306.6272742689824,285.9234756707416,332.0397328672232,0,0.0006648880705580035,0.008333333333333333,0,0.013748934076802197,0.0
2026-03-17 08:00:00,2026-03-17,7,306.49125,302.8582527857101,274.75828475280707,324.637500818613,0,0.004369939729649621,0.016666666666666666,0,0.0058079857837705475,0.0
2026-03-17 09:00:00,2026-03-17,8,280.36825,300.8347139060963,269.42000628639977,340.11567152579283,0,0.0065326909223957005,0.05,0,0.008292220858060542,0.0
2026-03-17 10:00:00,2026-03-17,9,280.36825,312.5744863233878,284.5354674412686,344.7111052055069,0,0.004734951100982888,0.041666666666666664,0,0.0022107195328837244,0.0
2026-03-17 11:00:00,2026-03-17,10,306.49125,315.7166641028831,283.993253942497,354.3414042632692,0,0.004556676627605287,0.0,0,0.005567630656144345,0.0
2026-03-17 12:00:00,2026-03-17,11,280.36825,310.81738175643886,263.81217582269005,357.6205576901877,0,0.009135068742475367,0.016666666666666666,0,0.0029339203503866433,0.0
2026-03-17 13:00:00,2026-03-17,12,306.49125,313.1123902412156,266.80739818457573,377.8410822978555,0,0.004216730749891446,0.016666666666666666,0,0.0036791482466458185,0.008333333333333333
2026-03-17 14:00:00,2026-03-17,13,330.36825,326.3186556467729,286.8665921093187,408.5017391842271,0,0.00042387858910221025,0.0,0,0.0560382679929109,0.016666666666666666
2026-03-17 15:00:00,2026-03-17,14,332.36825,339.29551705525296,272.93453665730647,443.0837974531994,0,0.00036569729719499757,0.0,0,0.12250976822912278,0.03333333333333333
2026-03-17 16:00:00,2026-03-17,15,332.36825,352.626433579679,289.6329777223784,416.9256794369795,0,0.00011628289503425293,0.0,0,0.2011271548172478,0.05
2026-03-17 17:00:00,2026-03-17,16,335.36825,386.8602028047508,334.78977471914743,556.2316708903543,0,9.08904143063931e-05,0.0,0,0.3423745755034081,0.2
2026-03-17 18:00:00,2026-03-17,17,335.36825,468.36099627926296,283.11821664549285,806.9701359130328,0,9.536342532800584e-05,0.0,0,0.6033973093584514,0.8416666666666667
2026-03-17 19:00:00,2026-03-17,18,794.45525,598.7770367715638,375.7336905970329,953.7045629460944,0,0.0002039242281066511,0.008333333333333333,1,0.8161793910465979,0.9833333333333333
2026-03-17 20:00:00,2026-03-17,19,335.36825,457.9968369257935,333.80558051853035,690.8908833330566,0,6.632185252224237e-05,0.025,0,0.5661368044573676,0.8166666666666667
2026-03-17 21:00:00,2026-03-17,20,332.36825,377.0833577935297,321.9529400293635,488.6038855576959,0,9.286267567849481e-05,0.03333333333333333,0,0.4247194388106795,0.175
2026-03-17 22:00:00,2026-03-17,21,332.36825,341.0143603561702,304.50284204081146,388.3304486715289,0,0.00028824985825756677,0.0,0,0.19191580984615325,0.041666666666666664
2026-03-17 23:00:00,2026-03-17,22,306.49125,331.07331354626814,274.168319330531,379.0453077620053,0,0.0002367020713304957,0.0,0,0.11402614381706466,0.03333333333333333
2026-03-18 00:00:00,2026-03-17,23,311.84308,299.9502195537625,262.0608197954785,337.36043931204665,0,0.01543556415910605,0.041666666666666664,0,0.043034830116791954,0.0
2026-03-18 01:00:00,2026-03-18,0,311.84308,311.39281800862136,271.32109869868293,321.8113973185597,0,0.0039029670418226307,0.008333333333333333,0,0.015751722729856504,0.0
2026-03-18 02:00:00,2026-03-18,1,311.84308,311.2299418566228,268.09665803701085,335.7183256762348,0,0.007176616817935208,0.016666666666666666,0,0.009256232339416734,0.0
2026-03-18 03:00:00,2026-03-18,2,311.84308,311.36996223184593,272.90983898823464,345.0880554754573,0,0.005243183631649085,0.016666666666666666,0,0.009256232339416734,0.0
2026-03-18 04:00:00,2026-03-18,3,311.84308,312.2945998405308,268.0396938416489,344.21482583941275,0,0.0025372733477901067,0.008333333333333333,0,0.01794085798004044,0.0
2026-03-18 05:00:00,2026-03-18,4,334.84308,313.0033428974645,273.9238706582708,341.60693513665825,0,0.0006776186374996039,0.0,0,0.023442933607482588,0.008333333333333333
2026-03-18 06:00:00,2026-03-18,5,334.84308,312.10911302683576,286.4008391332046,363.43472692046686,0,0.000809471054140723,0.0,0,0.024366564500279138,0.0
2026-03-18 07:00:00,2026-03-18,6,334.84308,313.0042561262593,290.3972575280185,350.6586547245001,0,0.0015114668345043059,0.008333333333333333,0,0.01610174478148034,0.0
2026-03-18 08:00:00,2026-03-18,7,334.84308,309.3070923606805,278.73756432777753,338.9123403935835,0,0.0019761614049257897,0.016666666666666666,0,0.012994031364942347,0.0
2026-03-18 09:00:00,2026-03-18,8,311.84308,308.41845001517635,272.89619035067886,348.940409679674,0,0.001599290598204772,0.041666666666666664,0,0.008988912654419293,0.0
2026-03-18 10:00:00,2026-03-18,9,311.84308,313.9719466492854,276.9092077671663,341.8895455314047,0,0.002028645751210745,0.03333333333333333,0,0.002853384413276229,0.0
2026-03-18 11:00:00,2026-03-18,10,334.84308,312.2946508090088,269.7610655340705,345.1220860839469,0,0.0018641672834588546,0.0,0,0.0030390758235957368,0.0
2026-03-18 12:00:00,2026-03-18,11,311.84308,308.45603608767607,260.0032001539273,347.2102920214249,0,0.001484011961276566,0.025,0,0.0017366066955978921,0.0
2026-03-18 13:00:00,2026-03-18,12,334.84308,317.5641751259628,277.19043306932286,366.2962971826026,0,0.0015485376686655392,0.016666666666666666,0,0.005887009754321021,0.008333333333333333
2026-03-18 14:00:00,2026-03-18,13,338.84308,332.2252007517379,296.9269689078056,392.9833725956704,0,0.00037515500875359204,0.0,0,0.03928852475523021,0.016666666666666666
2026-03-18 15:00:00,2026-03-18,14,339.96608,339.2968175626209,282.8341218412253,419.63029328401655,0,0.00021426327902137658,0.0,0,0.05656957475208418,0.041666666666666664
2026-03-18 16:00:00,2026-03-18,15,339.96608,343.9472826505478,281.4344967932472,390.5023485078484,0,0.00013391296072548433,0.0,0,0.06343084105059754,0.05
2026-03-18 17:00:00,2026-03-18,16,339.96608,359.6829659855149,317.6681479411833,475.5681440298464,0,6.518288447274797e-05,0.0,0,0.1477834092317085,0.08333333333333333
2026-03-18 18:00:00,2026-03-18,17,341.84308,435.71674130957,308.5105416758001,676.63298094334,0,6.16684001747424e-05,0.008333333333333333,0,0.5988828938665421,0.6666666666666666
2026-03-18 19:00:00,2026-03-18,18,389.84308,578.9067150089478,390.26577883441706,851.7118711834786,0,8.503864616077763e-05,0.008333333333333333,0,0.8563351286084274,0.9666666666666667
2026-03-18 20:00:00,2026-03-18,19,353.84308,440.7280726877728,328.0369662805097,640.0423390950359,0,6.759261544145797e-05,0.025,0,0.5616466286592051,0.6833333333333333
2026-03-18 21:00:00,2026-03-18,20,339.96608,370.534460416293,317.27423016463393,460.7027606679521,0,6.22670977541047e-05,0.03333333333333333,0,0.2571751619912022,0.15833333333333333
2026-03-18 22:00:00,2026-03-18,21,339.96608,339.2327730505994,300.70094245473496,380.3948236464639,0,0.0001125536914121343,0.0,0,0.06462401811265685,0.041666666666666664
2026-03-18 23:00:00,2026-03-18,22,334.84308,326.5115390354455,273.8654765604175,367.3526415104734,0,0.000722412510757758,0.0,0,0.0139996114965123,0.025
2026-03-19 00:00:00,2026-03-18,23,347.22084,309.946606448755,250.55459669047087,360.2103162070391,0,0.0026644436795770408,0.041666666666666664,0,0.017382379232389736,0.0
2026-03-19 01:00:00,2026-03-19,0,347.22084,346.613041828409,293.7708425184706,379.7957211383474,0,0.004859501956480677,0.008333333333333333,0,0.0005972736841103788,0.0
2026-03-19 02:00:00,2026-03-19,1,347.22084,346.6686731321451,289.7002493125331,376.7939569517571,0,0.004859501956480677,0.008333333333333333,0,0.0005237835314028263,0.0
2026-03-19 03:00:00,2026-03-19,2,347.22084,347.1687253694355,288.24827212582414,374.5616786130468,0,0.0025616213419246596,0.008333333333333333,0,0.0005199707161597744,0.0
2026-03-19 04:00:00,2026-03-19,3,347.22084,347.70516404383267,292.92766804495074,372.92739004271465,0,0.0024028625521975086,0.008333333333333333,0,0.0005338886047228453,0.0
2026-03-19 05:00:00,2026-03-19,4,354.19084,347.81820131964463,296.48387908045095,378.98935355883833,0,0.0034056313385401166,0.0,0,0.0011611176142974767,0.008333333333333333
2026-03-19 06:00:00,2026-03-19,5,354.19084,340.2757013266672,299.7546274330361,376.5766952202984,0,0.0038535497168072676,0.0,0,0.001299891287789009,0.008333333333333333
2026-03-19 07:00:00,2026-03-19,6,347.22084,337.8473405599604,311.9773719617196,375.9520891582012,0,0.00707493107006997,0.008333333333333333,0,0.0010436168409078733,0.0
2026-03-19 08:00:00,2026-03-19,7,347.22084,335.75688603859174,296.2171280056888,356.6819740714947,0,0.008443642632204922,0.016666666666666666,0,0.0009154496315982386,0.0
2026-03-19 09:00:00,2026-03-19,8,308.99084,337.1786523964054,300.16228273190785,374.361892060903,0,0.0070841315078096715,0.03333333333333333,0,0.00048823964170568426,0.0
2026-03-19 10:00:00,2026-03-19,9,347.22084,337.08665391585185,301.11543503373264,367.1583727979711,0,0.00720642226433248,0.041666666666666664,0,0.00046071089742548996,0.0
2026-03-19 11:00:00,2026-03-19,10,347.22084,338.06790415784167,299.0878688829034,368.30776943277993,0,0.00816367505967607,0.0,0,0.0014276600858537341,0.0
2026-03-19 12:00:00,2026-03-19,11,347.22084,336.96254937418416,297.2160934404354,372.455425307933,0,0.006222967688911056,0.016666666666666666,0,0.000910509788723638,0.0
2026-03-19 13:00:00,2026-03-19,12,347.22084,346.56108582579213,307.03297376915225,379.504377882432,0,0.000576649293035255,0.016666666666666666,0,0.0038323704055426844,0.008333333333333333
2026-03-19 14:00:00,2026-03-19,13,354.19084,351.4074570567851,313.9593752128527,386.8081289007176,0,0.00023281170005194413,0.0,0,0.006812746538709939,0.016666666666666666
2026-03-19 15:00:00,2026-03-19,14,354.19084,357.73708963760663,314.204033916211,396.3621453590022,0,0.000235156401494336,0.0,0,0.012983427890994746,0.016666666666666666
2026-03-19 16:00:00,2026-03-19,15,360.09084,362.707423194723,331.00985733742243,388.0900490520235,0,0.00021294483987461624,0.0,0,0.01098471710708178,0.025
2026-03-19 17:00:00,2026-03-19,16,360.09084,368.47298714192647,345.2070890975949,420.804685186258,0,0.00014226916677802687,0.0,0,0.02971520822820975,0.041666666666666664
2026-03-19 18:00:00,2026-03-19,17,415.09084,391.0540865114044,340.1300732618117,488.5207397609972,0,0.00013465054308420819,0.008333333333333333,0,0.11945147574966772,0.058333333333333334
2026-03-19 19:00:00,2026-03-19,18,415.09084,430.8953448800524,364.722242944605,548.8740868154999,0,7.730261159876562e-05,0.008333333333333333,0,0.34789554263236505,0.275
2026-03-19 20:00:00,2026-03-19,19,390.09084,404.4839919312428,365.1103127015112,483.25503116097445,0,8.135908793201916e-05,0.03333333333333333,0,0.18182942601587745,0.175
2026-03-19 21:00:00,2026-03-19,20,375.09084,370.9979999997085,340.7717797480494,408.4847202513675,0,0.00014226916677802687,0.03333333333333333,0,0.02749604884574203,0.1
2026-03-19 22:00:00,2026-03-19,21,360.09084,361.50435440258894,321.78924380672447,395.67936499845337,0,0.0001575456292146475,0.0,0,0.012144760987725847,0.03333333333333333
2026-03-19 23:00:00,2026-03-19,22,354.19084,353.579455540448,301.5583863056438,399.59994477525225,0,0.00041346360342743414,0.0,0,0.005688665732034927,0.025
2026-03-20 00:00:00,2026-03-19,23,347.8728,343.33433236266546,295.9372626043814,375.4419721209496,0,0.007466920700802132,0.041666666666666664,0,0.0016075818454872903,0.008333333333333333
2026-03-20 01:00:00,2026-03-20,0,347.8728,347.3967951621741,302.6040558522357,372.5689344721125,0,0.007324484234807905,0.008333333333333333,0,0.00036713638366612974,0.0
2026-03-20 02:00:00,2026-03-20,1,347.8728,347.496595570453,290.605461750841,371.19464939006497,0,0.007324484234807905,0.008333333333333333,0,0.00046310465011620695,0.0
2026-03-20 03:00:00,2026-03-20,2,330.1428,347.4651125679625,291.00209932435115,369.0717358115738,0,0.0032921342963961125,0.008333333333333333,0,0.00045973333585820684,0.0
2026-03-20 04:00:00,2026-03-20,3,330.1428,347.5698789489341,291.42957295005215,363.75782494781606,0,0.0038292988353210494,0.008333333333333333,0,0.0003809273726545601,0.0
2026-03-20 05:00:00,2026-03-20,4,347.8728,347.67872312084233,296.18336088164864,364.861355360036,0,0.0010338201450575907,0.0,0,0.0012504736042437277,0.008333333333333333
2026-03-20 06:00:00,2026-03-20,5,347.8728,340.16320699003313,292.250313096402,359.74266088366426,0,0.0012393030126045725,0.016666666666666666,0,0.0012504736042437277,0.008333333333333333
2026-03-20 07:00:00,2026-03-20,6,339.1428,339.4530010097058,303.31813241146506,360.7742296079466,0,0.0013305485797095505,0.008333333333333333,0,0.00048542265156407223,0.0
2026-03-20 08:00:00,2026-03-20,7,330.1428,340.88709291959657,308.9121948866936,355.08494095249955,0,0.0018387426567148702,0.016666666666666666,0,0.00031233662692135475,0.0
2026-03-20 09:00:00,2026-03-20,8,330.1428,342.08567296921683,313.1576833047192,364.8977626337144,0,0.0023060038649844405,0.03333333333333333,0,0.0004194666568377829,0.0
2026-03-20 10:00:00,2026-03-20,9,330.1428,342.98787917197666,319.60462028985745,365.0455180540959,0,0.0010809857251640608,0.041666666666666664,0,0.0005850321877852885,0.0
2026-03-20 11:00:00,2026-03-20,10,330.1428,344.83372809720106,324.63167282226283,371.1062133721392,0,0.000975087473625792,0.0,0,0.0005613746120015282,0.0
2026-03-20 12:00:00,2026-03-20,11,330.1428,347.0712487640001,319.1004028302513,375.5839846977489,0,0.0009833224295028346,0.016666666666666666,0,0.000661489498229852,0.0
2026-03-20 13:00:00,2026-03-20,12,330.1428,349.68894997464923,324.0874279180094,368.7877620312892,0,0.0008530651214155499,0.016666666666666666,0,0.0008223251995779101,0.008333333333333333
2026-03-20 14:00:00,2026-03-20,13,347.8728,352.31373211776224,323.55166027382984,378.4677039616947,0,0.0010194583976236948,0.0,0,0.0033659486694900473,0.008333333333333333
2026-03-20 15:00:00,2026-03-20,14,347.8728,356.83749389192644,326.72647817053087,383.841629613322,0,0.00032499934002861336,0.0,0,0.005159361154894667,0.008333333333333333
2026-03-20 16:00:00,2026-03-20,15,354.1428,361.0256924078071,341.6346565505066,386.5871982651077,0,0.00012079975451676365,0.0,0,0.011546411152186596,0.025
2026-03-20 17:00:00,2026-03-20,16,379.1428,369.5465879998821,349.04679136764213,405.899184632122,0,7.92494690449221e-05,0.0,0,0.018882577424921578,0.03333333333333333
2026-03-20 18:00:00,2026-03-20,17,384.1428,412.103331461943,376.91295286244974,470.7901700614363,0,6.070067790697727e-05,0.008333333333333333,0,0.21995692125018312,0.075
2026-03-20 19:00:00,2026-03-20,18,384.1428,422.676424525326,382.7394952772948,501.5253337733572,0,5.4605670825196535e-05,0.008333333333333333,0,0.2868322869264854,0.2
2026-03-20 20:00:00,2026-03-20,19,384.1428,402.0461708673567,376.77273192940095,463.06209980531247,0,7.58507735264976e-05,0.03333333333333333,0,0.18272616269766861,0.16666666666666666
2026-03-20 21:00:00,2026-03-20,20,379.1428,381.9817470702358,361.2765753145932,419.5221688258785,0,6.956620341397817e-05,0.03333333333333333,0,0.03991110665934609,0.1
2026-03-20 22:00:00,2026-03-20,21,379.1428,370.9224422903578,347.0673153497103,402.6305292310053,0,7.737332381106727e-05,0.0,0,0.015400857271615928,0.041666666666666664
2026-03-20 23:00:00,2026-03-20,22,354.1428,364.1313728692277,325.5977336344235,395.6949221040319,0,0.0001509435241535822,0.0,0,0.008929715002531244,0.025
2026-03-21 00:00:00,2026-03-20,23,346.45843,345.7789810037717,308.5092312454876,373.6303707620559,0,0.0053359875007389,0.041666666666666664,0,0.0008428366922320999,0.008333333333333333
2026-03-21 01:00:00,2026-03-21,0,346.45843,346.3023270345604,318.086787724622,364.2420863444988,0,0.005346377397437584,0.008333333333333333,0,0.0008400379092796522,0.0
2026-03-21 02:00:00,2026-03-21,1,325.45843,346.06835168517983,308.3370378655679,362.3843455047919,0,0.0031846332828271346,0.008333333333333333,0,0.0008304442362292776,0.0
2026-03-21 03:00:00,2026-03-21,2,325.45843,345.90812675629275,307.6127435126814,361.5723299999042,0,0.0036347647329258315,0.008333333333333333,0,0.0003471680387502641,0.0
2026-03-21 04:00:00,2026-03-21,3,346.45843,345.9936993331879,302.695713334306,355.8041453320699,0,0.0033052361963757334,0.008333333333333333,0,0.0003471680387502641,0.0
2026-03-21 05:00:00,2026-03-21,4,346.45843,345.8318393850685,306.8473071458748,351.7005116242622,0,0.002232168175652292,0.0,0,0.0008292352148856788,0.008333333333333333
2026-03-21 06:00:00,2026-03-21,5,346.45843,335.4487857760097,299.3370922322862,347.8141193197332,0,0.01302524578904864,0.008333333333333333,0,0.0006658404035794975,0.008333333333333333
2026-03-21 07:00:00,2026-03-21,6,325.45843,334.9657053595946,302.60464564674527,348.555935072444,0,0.015606222193273647,0.008333333333333333,0,0.000260732015418451,0.0
2026-03-21 08:00:00,2026-03-21,7,229.92343,335.7691539645459,307.31391271304875,347.9259252160431,1,0.012880857301297201,0.016666666666666666,0,0.00023008971779588564,0.0
2026-03-21 09:00:00,2026-03-21,8,229.92343,335.3919882501391,307.20159858564153,351.07435791463666,1,0.01812910688768271,0.03333333333333333,0,0.0002317774010907241,0.0
2026-03-21 10:00:00,2026-03-21,9,278.35843,336.81073363545,317.1030951825899,350.4802420883101,0,0.018516801319899127,0.041666666666666664,0,0.00041199096897236414,0.0
2026-03-21 11:00:00,2026-03-21,10,304.35843,341.9736377447041,324.9556274766784,358.11718801272986,0,0.00694390271561317,0.0,0,0.0005021777544108113,0.0
2026-03-21 12:00:00,2026-03-21,11,260.50443,341.2073237292911,322.1575637748969,361.3524036836852,0,0.008674868242028228,0.016666666666666666,0,0.0006294191233539804,0.0
2026-03-21 13:00:00,2026-03-21,12,278.35843,341.8905477328516,328.2781260029138,355.76388946278934,0,0.00589579274505101,0.016666666666666666,0,0.0005056532206811076,0.008333333333333333
2026-03-21 14:00:00,2026-03-21,13,325.45843,343.331405587376,327.5972481140482,359.39118306070395,0,0.0033635917611870526,0.0,0,0.0014954875794671006,0.016666666666666666
2026-03-21 15:00:00,2026-03-21,14,346.45843,349.3325750067735,333.1831992853779,367.77784072816905,0,0.0023300657506669536,0.0,0,0.002611609679471789,0.008333333333333333
2026-03-21 16:00:00,2026-03-21,15,346.45843,356.66159686939375,345.0028059105922,374.4620778281953,0,0.0004009491037096868,0.0,0,0.007405655811052655,0.025
2026-03-21 17:00:00,2026-03-21,16,350.45843,367.3640679245848,352.99039129234484,395.2842245568247,0,0.00018533948476417923,0.0,0,0.018161610569428454,0.041666666666666664
2026-03-21 18:00:00,2026-03-21,17,375.45843,391.7730026756376,373.8275040761443,435.4460312751309,0,0.000162299245409021,0.008333333333333333,0,0.0729965485633662,0.058333333333333334
2026-03-21 19:00:00,2026-03-21,18,375.45843,395.2917713666697,362.6853721186385,449.079010614701,0,0.00012034904566601852,0.008333333333333333,0,0.09709895882510831,0.15833333333333333
2026-03-21 20:00:00,2026-03-21,19,375.45843,395.27975917330775,371.608800235352,441.2083481112636,0,0.00011838308224826429,0.03333333333333333,0,0.08217453288665887,0.15833333333333333
2026-03-21 21:00:00,2026-03-21,20,350.45843,386.96354882061314,365.9290570649705,424.4442105762558,0,0.00013055303127714027,0.03333333333333333,0,0.0333081037791508,0.09166666666666666
2026-03-21 22:00:00,2026-03-21,21,346.45843,379.1706321107595,355.5647651701121,405.105539051407,0,0.00013055303127714027,0.0,0,0.019093512052610635,0.05
2026-03-21 23:00:00,2026-03-21,22,346.45843,360.65588401097017,340.65880477616594,381.0263432457744,0,0.0002542237266857432,0.0,0,0.0069193158096475076,0.025
2026-03-22 00:00:00,2026-03-21,23,331.85997,349.0802243732184,313.5499703194282,381.4599684270086,0,0.002618035935597755,0.041666666666666664,0,0.0011425619107199578,0.025
2026-03-22 01:00:00,2026-03-22,0,331.85997,331.86077660182104,307.26707729188263,361.9031159117594,0,0.0013645716232645714,0.008333333333333333,0,0.0017594517330230845,0.0
2026-03-22 02:00:00,2026-03-22,1,366.85997,331.92867456990393,298.748660750292,362.8574083895159,0,0.002711383664125048,0.008333333333333333,0,0.0005663999784098375,0.0
2026-03-22 03:00:00,2026-03-22,2,331.85997,331.41183168768623,300.25457844407487,359.8331249312976,0,0.001577608579958328,0.008333333333333333,0,0.0005663999784098375,0.0
2026-03-22 04:00:00,2026-03-22,3,331.85997,331.2235425062139,293.27857650733193,355.61866850509585,0,0.0012674115540698234,0.008333333333333333,0,0.0013518470199710409,0.0
2026-03-22 05:00:00,2026-03-22,4,331.85997,330.7825243567236,278.5520504589422,344.68515825450515,0,0.0030755277674439875,0.0,0,0.0013315966803008794,0.008333333333333333
2026-03-22 06:00:00,2026-03-22,5,331.85997,314.2049317017149,258.3430675330196,329.7088858704102,0,0.022841826309408664,0.0,0,0.0009630301898339757,0.008333333333333333
2026-03-22 07:00:00,2026-03-22,6,261.85997,310.32963352164984,260.5454438088005,325.78866323449915,0,0.021601456702799095,0.008333333333333333,0,0.0003315923880033393,0.0
2026-03-22 08:00:00,2026-03-22,7,110.08097,304.314401676835,257.25150364393204,313.84794970973803,1,0.0825926210091479,0.025,0,0.0004361585644259875,0.0
2026-03-22 09:00:00,2026-03-22,8,110.08097,302.87836916287074,255.3069229381002,307.6657653876413,1,0.0825926210091479,0.05,0,0.00043435553155222073,0.0
2026-03-22 10:00:00,2026-03-22,9,110.08097,307.2956787174122,269.146849835293,314.4031575995314,1,0.06506751513761735,0.041666666666666664,0,0.0006505164254702156,0.0
2026-03-22 11:00:00,2026-03-22,10,259.70797,305.3822520793024,273.9706368043642,311.95383735424065,0,0.032227216316300634,0.0,0,0.0005626062147692512,0.0
2026-03-22 12:00:00,2026-03-22,11,261.85997,296.55310118917527,261.73197525542645,302.17002712292407,0,0.018216454554827906,0.03333333333333333,0,0.0011090163989268943,0.0
2026-03-22 13:00:00,2026-03-22,12,261.85997,297.215191217362,279.7684791607221,312.0763832740019,0,0.02191821049118151,0.025,0,0.0008219234171005603,0.008333333333333333
2026-03-22 14:00:00,2026-03-22,13,261.85997,311.6100262808132,293.1019244368808,324.17620812474564,0,0.017389390305326546,0.008333333333333333,0,0.0007104507705882234,0.016666666666666666
2026-03-22 15:00:00,2026-03-22,14,331.85997,318.56209136250334,306.08093564110777,333.898787083899,0,0.009309835329618182,0.0,0,0.0018903074706617749,0.016666666666666666
2026-03-22 16:00:00,2026-03-22,15,366.85997,320.9581321230319,314.8469211642304,343.50280308183346,0,0.003115639778270094,0.0,0,0.002503383934615007,0.025
2026-03-22 17:00:00,2026-03-22,16,366.85997,334.73102931678807,318.8216412311847,369.7059374023915,0,0.0002571114681118117,0.0,0,0.0070714457710489625,0.041666666666666664
2026-03-22 18:00:00,2026-03-22,17,383.85997,361.8783995797782,334.1811609802849,408.87587817927147,0,0.0001687195008130352,0.008333333333333333,0,0.058541155602328816,0.058333333333333334
2026-03-22 19:00:00,2026-03-22,18,383.85997,371.2073317395312,336.5555424915,425.9500909875624,0,0.00016836475113987928,0.008333333333333333,0,0.09226983001034074,0.15833333333333333
2026-03-22 20:00:00,2026-03-22,19,383.85997,365.29351793575165,341.8592689977959,410.7891868737074,0,0.0001656145564513408,0.03333333333333333,0,0.07864781118921488,0.14166666666666666
2026-03-22 21:00:00,2026-03-22,20,383.85997,352.0236373299319,333.8035870782728,397.7721275815909,0,0.00023367672100587262,0.03333333333333333,0,0.06673627803883951,0.08333333333333333
2026-03-22 22:00:00,2026-03-22,21,366.85997,348.8880614346594,329.2147544940119,387.48394837530685,0,0.00018891075191132078,0.0,0,0.06382226442530299,0.05
2026-03-22 23:00:00,2026-03-22,22,366.85997,339.09194217489426,311.5558629186782,369.56906143111024,0,0.00022775071291171873,0.0,0,0.0449276060896653,0.025
2026-03-23 00:00:00,2026-03-22,23,376.5061,327.5702627477231,292.7825586939329,352.1547568015133,0,0.002480756907366639,0.03333333333333333,0,0.0018643607007289174,0.016666666666666666
2026-03-23 01:00:00,2026-03-23,0,376.5061,376.2438119424672,341.7565226325288,389.4667012524056,0,0.016200545659051296,0.008333333333333333,0,0.0012224781111881662,0.0
2026-03-23 02:00:00,2026-03-23,1,376.5061,376.29549794261567,339.8078837518543,396.787882133377,0,0.03676850758595504,0.008333333333333333,0,0.001178681803313966,0.0
2026-03-23 03:00:00,2026-03-23,2,336.5061,375.9137316933437,332.9338784497324,398.4775749369551,0,0.009784580298769118,0.008333333333333333,0,0.001169418782719687,0.0
2026-03-23 04:00:00,2026-03-23,3,336.5061,375.99744354944505,328.2041375505631,398.49618954832704,0,0.010239791840803078,0.0,0,0.0012224781111881662,0.0
2026-03-23 05:00:00,2026-03-23,4,336.5061,374.5637004311018,321.6665865333203,394.6181843288833,0,0.007455385940853063,0.0,0,0.00115878578044108,0.008333333333333333
2026-03-23 06:00:00,2026-03-23,5,336.5061,347.46503689253143,310.8308133488079,374.625230436255,0,0.024857136719575262,0.0,0,0.0010232892016490687,0.008333333333333333
2026-03-23 07:00:00,2026-03-23,6,266.5061,339.5360673781239,311.3795736574976,370.5464810987502,0,0.050006345848003834,0.008333333333333333,0,0.00042505434851472187,0.0
2026-03-23 08:00:00,2026-03-23,7,114.7271,323.430292479584,284.79561444668104,352.55421051248703,1,0.0620625173259798,0.03333333333333333,0,0.0003892179713869585,0.0
2026-03-23 09:00:00,2026-03-23,8,114.7271,318.9350981708636,282.3606674079397,347.63720893378763,1,0.06433247374722183,0.075,0,0.0003551954735622733,0.0
2026-03-23 10:00:00,2026-03-23,9,114.7271,320.9271905904068,292.2309717082876,350.67743947252603,1,0.05657124061368682,0.058333333333333334,0,0.0006923155849924913,0.0
2026-03-23 11:00:00,2026-03-23,10,289.4061,332.7399424557671,297.4306871808289,349.3101777307054,0,0.04638304129476601,0.008333333333333333,0,0.0009502028468958469,0.0
2026-03-23 12:00:00,2026-03-23,11,266.5061,328.7128842174397,294.91921421799555,345.83427421688384,0,0.04187205441636994,0.03333333333333333,0,0.0011763548546696973,0.0
2026-03-23 13:00:00,2026-03-23,12,266.5061,329.1155861917516,303.5931441351117,355.8810882483915,0,0.03183570062339505,0.025,0,0.0011716133602181463,0.008333333333333333
2026-03-23 14:00:00,2026-03-23,13,266.5061,334.64242889311424,313.5180470491818,362.66349073704674,0,0.019817152532270496,0.008333333333333333,0,0.0015558149323284807,0.008333333333333333
2026-03-23 15:00:00,2026-03-23,14,315.4061,356.1329570075732,328.7850484641322,405.5860255510142,0,0.007549044366816547,0.0,0,0.003619956610729468,0.016666666666666666
2026-03-23 16:00:00,2026-03-23,15,376.5061,367.17282125618215,340.08732539888155,417.8572171134828,0,0.0009651374289085411,0.0,0,0.006098784497616814,0.025
2026-03-23 17:00:00,2026-03-23,16,392.4261,375.5295971026008,342.60452047036085,449.2675937348408,0,0.00036954488488242555,0.0,0,0.014810769958756274,0.041666666666666664
2026-03-23 18:00:00,2026-03-23,17,393.5061,399.1801485951243,365.9031299956311,484.9614871946176,0,0.00019689826694023005,0.008333333333333333,0,0.047754685772896814,0.058333333333333334
2026-03-23 19:00:00,2026-03-23,18,407.6171,411.0024766627212,380.27556741469,498.02159591075247,0,0.000186937577789042,0.008333333333333333,0,0.06215783310273698,0.13333333333333333
2026-03-23 20:00:00,2026-03-23,19,393.5061,398.4823527787861,385.1693238408303,456.76166171674186,0,0.00021315330710018287,0.03333333333333333,0,0.03020666392824382,0.125
2026-03-23 21:00:00,2026-03-23,20,393.5061,395.0137718201498,374.9378700645072,444.8808135757925,0,0.00023355068189331122,0.025,0,0.02296147068021014,0.09166666666666666
2026-03-23 22:00:00,2026-03-23,21,392.4261,384.4050498973968,355.3716966005973,425.0806631941964,0,0.0006656369374082536,0.0,0,0.006092693698741687,0.041666666666666664
2026-03-23 23:00:00,2026-03-23,22,392.4261,379.371803582568,343.93999594441937,418.1091612207167,0,0.0006444986051985801,0.0,0,0.004912588328129232,0.025
2026-03-24 00:00:00,2026-03-23,23,114.49924,356.868521940502,307.8179521822179,385.4842216987861,1,0.026853993351129413,0.03333333333333333,0,0.001578444996438795,0.016666666666666666
2026-03-24 01:00:00,2026-03-24,0,114.49924,117.27934820692292,68.70913889698448,128.53387751686125,1,0.4829992272327808,1.0,0,0.006298275097027202,0.0
2026-03-24 02:00:00,2026-03-24,1,114.49924,128.90503884592368,81.50937465516238,154.57594303668498,1,0.3122365746813035,1.0,0,0.0031070691926325974,0.0
2026-03-24 03:00:00,2026-03-24,2,114.49924,133.94858673165763,94.62489348804633,163.43152997526892,1,0.3439818257832271,1.0,0,0.0030044610486221245,0.0
2026-03-24 04:00:00,2026-03-24,3,114.59024,136.15482097532254,81.80777497644056,157.90367697420447,1,0.2572544267291556,1.0,0,0.0036611159686211364,0.0
2026-03-24 05:00:00,2026-03-24,4,266.36924,146.17212375353952,83.3257698557581,154.69362765132104,0,0.18525303700388795,0.9916666666666667,0,0.0045323256117395724,0.0
2026-03-24 06:00:00,2026-03-24,5,266.36924,270.31928344152084,222.1459698977974,284.5764369852444,0,0.015892218277766677,0.008333333333333333,0,0.003559665734386505,0.0
2026-03-24 07:00:00,2026-03-24,6,270.62924,264.77028144457176,233.02323772394556,292.872455165198,0,0.04574524675885576,0.008333333333333333,0,0.002316669855401735,0.0
2026-03-24 08:00:00,2026-03-24,7,271.41524,237.1535565666667,193.6097801510793,258.623142982254,0,0.07390148958108517,0.06666666666666667,0,0.002600699123157358,0.0
2026-03-24 09:00:00,2026-03-24,8,266.36924,234.3699091252384,198.3010271352947,262.8166411151821,0,0.08002401927403226,0.1,0,0.0016905968789435915,0.0
2026-03-24 10:00:00,2026-03-24,9,266.36924,235.52189864530047,202.64678976318132,271.92521752741976,0,0.0694517387486553,0.058333333333333334,0,0.0030967995665643674,0.0
2026-03-24 11:00:00,2026-03-24,10,266.36924,273.2006386649745,240.05747339003628,300.27803393991275,0,0.010892888919314496,0.008333333333333333,0,0.009598381588996771,0.0
2026-03-24 12:00:00,2026-03-24,11,264.21724,286.85969357947585,246.5040035800318,321.91173357891995,0,0.016663799251029413,0.016666666666666666,0,0.011320789406677887,0.008333333333333333
2026-03-24 13:00:00,2026-03-24,12,266.36924,301.7589329118292,266.04971085518935,349.22832496846905,0,0.009044745177576047,0.0,0,0.06382458560476956,0.008333333333333333
2026-03-24 14:00:00,2026-03-24,13,381.36924,318.8420263205905,289.57504447665804,359.0950381645229,0,0.0013676953348613393,0.0,1,0.1513063975477175,0.03333333333333333
2026-03-24 15:00:00,2026-03-24,14,388.07724,350.7429586133144,302.0350300698734,407.5075771567553,0,0.0007644805434338096,0.0,1,0.3339730223853689,0.15833333333333333
2026-03-24 16:00:00,2026-03-24,15,388.07724,373.5852788742348,327.1735879154333,441.63667983303634,0,0.0005639816203518855,0.0,1,0.49269209763212074,0.7583333333333333
2026-03-24 17:00:00,2026-03-24,16,388.36924,385.3132580639258,327.19503115944,461.6301049684116,0,0.00044939667733451987,0.0,1,0.5201204234511245,0.85
2026-03-24 18:00:00,2026-03-24,17,429.36924,411.6582491702375,362.8770505707443,490.0882477697308,0,0.00047586517461448895,0.0,1,0.6265744798291812,0.85
2026-03-24 19:00:00,2026-03-24,18,516.36924,427.5940861567699,373.7442069087387,497.4383954048011,0,0.00032235721704846184,0.008333333333333333,1,0.67576747036037,0.8666666666666667
2026-03-24 20:00:00,2026-03-24,19,396.36924,411.2389335696568,381.7874553065472,460.4656418327664,0,0.00046892683798146725,0.025,1,0.6128601684646451,0.7916666666666666
2026-03-24 21:00:00,2026-03-24,20,388.36924,404.3676386999632,379.0763478697256,456.7951095302008,0,0.0004855737256146568,0.025,1,0.5948209870515756,0.8416666666666667
2026-03-24 22:00:00,2026-03-24,21,388.07724,385.78595593886473,360.6156240038784,424.6017578738512,0,0.00045604962204417744,0.0,1,0.4836586512193399,0.8083333333333333
2026-03-24 23:00:00,2026-03-24,22,381.36924,347.9595245455402,324.2539969073916,382.1920321836888,0,0.0018778451074801202,0.0,1,0.14078710589926044,0.175
2026-03-25 00:00:00,2026-03-24,23,186.70675,146.34524796409232,41.06183677812344,243.18081915006115,1,0.30692094477698956,0.975,0,0.009558828512189572,0.0
2026-03-25 01:00:00,2026-03-25,0,254.55475,186.6163476328133,127.29778832287492,284.3846569427517,0,0.37471383236190986,0.24166666666666667,0,0.002075049108156841,0.0
2026-03-25 02:00:00,2026-03-25,1,254.55475,186.43283296444508,133.05713877368376,244.70807715520644,0,0.3824004468597718,0.26666666666666666,0,0.002293421970278177,0.0
2026-03-25 03:00:00,2026-03-25,2,261.75275,186.3443637086509,159.01477046503962,236.9191769522622,0,0.3732857815249272,0.2833333333333333,0,0.002070510019407508,0.0
2026-03-25 04:00:00,2026-03-25,3,279.60675,187.2771594421804,155.61666344329848,226.1245754410624,0,0.3481548424346727,0.20833333333333334,0,0.0012616887163333307,0.0
2026-03-25 05:00:00,2026-03-25,4,305.70675,195.1572122071589,155.19036996796524,214.03581444635265,0,0.13824280325925448,0.075,0,0.0020115853300343035,0.008333333333333333
2026-03-25 06:00:00,2026-03-25,5,325.62675,228.58393954122545,177.96546599750198,254.5605930849489,0,0.05598234126625775,0.025,0,0.001878551575816023,0.0
2026-03-25 07:00:00,2026-03-25,6,304.70675,230.22000670890523,192.84174298827895,279.7581304295315,0,0.05721618202457158,0.025,0,0.003642996685199057,0.0
2026-03-25 08:00:00,2026-03-25,7,304.70675,227.57050234528364,180.68383230608595,268.0080923844814,0,0.061878175766431925,0.06666666666666667,0,0.0028344571385380433,0.0
2026-03-25 09:00:00,2026-03-25,8,186.70675,229.37934783918652,196.64426821127665,273.50451746709643,1,0.056262837068125765,0.06666666666666667,0,0.0011245826838095633,0.0
2026-03-25 10:00:00,2026-03-25,9,304.70675,233.38657624110368,201.3124573589845,289.8883151232229,0,0.03957760658360518,0.058333333333333334,0,0.0029062816721164156,0.0
2026-03-25 11:00:00,2026-03-25,10,304.70675,251.5029336775657,209.14932840262748,305.288438952504,0,0.007206895769314145,0.008333333333333333,0,0.010955370517007016,0.0
2026-03-25 12:00:00,2026-03-25,11,261.75275,266.3506781575887,208.79770815814456,321.69929815703284,0,0.005316717312307679,0.016666666666666666,0,0.040902527142579255,0.008333333333333333
2026-03-25 13:00:00,2026-03-25,12,304.70675,273.61938695021894,214.150614893579,323.6254890068588,0,0.001073857666399259,0.008333333333333333,0,0.07083510577603781,0.008333333333333333
2026-03-25 14:00:00,2026-03-25,13,325.62675,320.9673353043129,262.18912176685865,377.7409088417672,0,0.00036627397159492346,0.0,0,0.2440639717285508,0.15833333333333333
2026-03-25 15:00:00,2026-03-25,14,326.70675,333.695618179476,278.3542996360351,390.8747967229169,0,0.00035037804274985377,0.0,0,0.41590821305200726,0.44166666666666665
2026-03-25 16:00:00,2026-03-25,15,381.70675,340.14949725090656,302.40807629210497,401.67919820970815,0,0.00035037804274985377,0.0,0,0.41590821305200726,0.7416666666666667
2026-03-25 17:00:00,2026-03-25,16,384.70675,342.91277153135,295.3768446268643,402.0834884358359,0,0.00035037804274985377,0.0,0,0.4340076628925989,0.8
2026-03-25 18:00:00,2026-03-25,17,406.70675,392.4238356932543,339.4429370937611,463.7391842927476,0,0.0003860435688948815,0.0,1,0.5970588071229515,0.9083333333333333
2026-03-25 19:00:00,2026-03-25,18,406.70675,438.6296116885821,374.0154697531348,529.8526136240295,0,0.0002440403956930879,0.0,1,0.6773962539029207,0.95
2026-03-25 20:00:00,2026-03-25,19,406.70675,399.67383473094833,330.0498664678387,474.976462994058,0,0.0004142944577568947,0.016666666666666666,1,0.6307356495895656,0.8666666666666667
2026-03-25 21:00:00,2026-03-25,20,384.70675,383.1673321265715,317.57035117516205,437.133833077981,0,0.00042867680464784414,0.016666666666666666,0,0.5291612744185867,0.9083333333333333
2026-03-25 22:00:00,2026-03-25,21,381.70675,353.5804463821356,280.4289844471492,387.1077483171221,0,0.00038568065067272567,0.0,0,0.32725676536465426,0.8083333333333333
2026-03-25 23:00:00,2026-03-25,22,325.62675,313.50695375228526,238.2865961141366,358.2786613904339,0,0.0023727761048010342,0.0,0,0.1847534017128976,0.175
2026-03-26 00:00:00,2026-03-25,23,290.73411,203.217749747172,154.01263998888786,246.83643950545607,0,0.11312783478299299,0.11666666666666667,0,0.002928971639133872,0.0
2026-03-26 01:00:00,2026-03-26,0,290.73411,290.5703157082828,250.6670763983444,329.33748501822123,0,0.03429704306620865,0.008333333333333333,0,0.0008680120911059316,0.0
2026-03-26 02:00:00,2026-03-26,1,290.73411,290.68477199413354,255.3577678033722,319.1777861848949,0,0.033693875811144185,0.016666666666666666,0,0.0008451784766659975,0.0
2026-03-26 03:00:00,2026-03-26,2,290.73411,290.97630134394075,259.04112810032944,316.2917545875521,0,0.012458787561934269,0.016666666666666666,0,0.00088056631343285,0.0
2026-03-26 04:00:00,2026-03-26,3,290.73411,291.11245720019514,256.7715412013132,317.8031531990771,0,0.010346086742941494,0.008333333333333333,0,0.0009002562799756464,0.0
2026-03-26 05:00:00,2026-03-26,4,292.72711,293.7529761179489,245.9933638787552,305.43024835714255,0,0.002231870064537605,0.0,0,0.01129878460270979,0.016666666666666666
2026-03-26 06:00:00,2026-03-26,5,290.73411,290.7891225002748,249.12575895655127,319.9930260439983,0,0.0022609892584752253,0.0,0,0.0064086634548199805,0.0
2026-03-26 07:00:00,2026-03-26,6,290.73411,285.2361810816975,252.8974073610713,323.2610648023238,0,0.010494871727343138,0.008333333333333333,0,0.0017010380517588613,0.0
2026-03-26 08:00:00,2026-03-26,7,262.72711,281.6703550366648,246.8033149974669,319.2159250758625,0,0.014644127521630686,0.05,0,0.0013228336159916644,0.0
2026-03-26 09:00:00,2026-03-26,8,260.57511,266.4261747571656,230.48957512925568,304.1673343850755,0,0.08310904680630787,0.09166666666666666,0,0.0010466041122948794,0.0
2026-03-26 10:00:00,2026-03-26,9,262.72711,280.7974943094817,242.9054754273625,317.2929731916009,0,0.013570946442226462,0.058333333333333334,0,0.0022711998516223913,0.0
2026-03-26 11:00:00,2026-03-26,10,290.73411,279.41008127144744,234.5249710034217,312.0235915394732,0,0.022869296741213165,0.0,0,0.004373471921201019,0.0
2026-03-26 12:00:00,2026-03-26,11,285.62711,288.1124936985575,244.21838374416333,334.61994365295163,0,0.006968677981982015,0.016666666666666666,0,0.004228206423285404,0.0
2026-03-26 13:00:00,2026-03-26,12,290.73411,304.03254604422347,265.90418431428566,334.16881777416125,0,0.0010560286089302477,0.008333333333333333,0,0.011842648518544127,0.008333333333333333
2026-03-26 14:00:00,2026-03-26,13,290.73411,316.7859133216704,285.511051477738,357.49531516560285,0,0.0003191825982723926,0.0,0,0.08292676048353584,0.016666666666666666
2026-03-26 15:00:00,2026-03-26,14,331.72711,322.45535144898525,289.4353837668872,372.4099691310832,0,0.00030433649549136966,0.0,0,0.12167578990042306,0.041666666666666664
2026-03-26 16:00:00,2026-03-26,15,332.72711,337.8903066711809,307.4425241173755,381.4125192249863,0,0.00044275906351140385,0.0,0,0.22658159474325068,0.05
2026-03-26 17:00:00,2026-03-26,16,367.72711,343.90741377443203,318.8201659813883,405.7381315674758,0,0.00042065789537835637,0.0,0,0.23088902677628936,0.10833333333333334
2026-03-26 18:00:00,2026-03-26,17,367.72711,375.3398773333933,336.47750873390004,439.42271593288655,0,0.0002809233867868877,0.008333333333333333,0,0.49513590115434114,0.2916666666666667
2026-03-26 19:00:00,2026-03-26,18,462.72711,389.1014523271144,335.1834203916669,465.1545942625618,0,0.0002219237808812771,0.0,1,0.4371853688862645,0.475
2026-03-26 20:00:00,2026-03-26,19,367.72711,384.31285691999824,344.9974786568886,444.553985183108,0,0.0002219237808812771,0.016666666666666666,0,0.42915705787450786,0.45
2026-03-26 21:00:00,2026-03-26,20,367.72711,370.8604673840447,337.6025224727853,415.798732295304,0,0.0003226374379568532,0.016666666666666666,0,0.4187078100621714,0.275
2026-03-26 22:00:00,2026-03-26,21,332.72711,353.482875802144,322.95620948024776,383.19035212404026,0,0.00033387308137804714,0.0,0,0.23518820709526395,0.10833333333333334
2026-03-26 23:00:00,2026-03-26,22,320.72711,322.4846872281435,287.55387958999484,353.5806648662922,0,0.00024979378876070264,0.0,0,0.09546890925769401,0.041666666666666664
2026-03-27 00:00:00,2026-03-26,23,265.74992,271.07424956939826,211.06957838342944,315.2301507553672,0,0.10383390290136166,0.05,0,0.0015758113908268332,0.0
2026-03-27 01:00:00,2026-03-27,0,265.74992,265.6552019760603,225.4330526661219,299.3394912859987,0,0.01708844256596924,0.016666666666666666,0,0.0018658720149076124,0.0
2026-03-27 02:00:00,2026-03-27,1,265.74992,265.6699326262322,227.4263684354708,293.9761468169935,0,0.018743394559926234,0.03333333333333333,0,0.0018168367877656902,0.0
2026-03-27 03:00:00,2026-03-27,2,263.75092,266.2716225992356,233.30949935562427,289.02745584284696,0,0.02690680799132242,0.025,0,0.0013544478211782627,0.0
2026-03-27 04:00:00,2026-03-27,3,265.74992,265.9901274104169,230.2692614115349,284.47351340929885,0,0.024501679502120233,0.016666666666666666,0,0.0013544478211782627,0.0
2026-03-27 05:00:00,2026-03-27,4,265.74992,267.22361372417106,230.6156814849774,281.7362559633648,0,0.009301171802118317,0.008333333333333333,0,0.002306600895929699,0.016666666666666666
2026-03-27 06:00:00,2026-03-27,5,265.74992,271.7278980556796,227.42370388698436,292.7174022243749,0,0.0048190356792307916,0.016666666666666666,0,0.002344531906895251,0.0
2026-03-27 07:00:00,2026-03-27,6,265.74992,272.61418836613353,239.18540464550725,305.3089720867598,0,0.005866601087812209,0.008333333333333333,0,0.0017945764328687647,0.0
2026-03-27 08:00:00,2026-03-27,7,265.74992,265.99031548798087,230.13945544878308,293.13113552717857,0,0.013040033835981119,0.05,0,0.0008283397613073524,0.0
2026-03-27 09:00:00,2026-03-27,8,265.74992,265.3737759964757,230.2407663685657,295.1035556243856,0,0.015314884369591986,0.08333333333333333,0,0.0008283397613073524,0.0
2026-03-27 10:00:00,2026-03-27,9,265.74992,267.8878051385973,236.3144166857372,295.3239535914574,0,0.013776914756955595,0.06666666666666667,0,0.0011319323257541652,0.0
2026-03-27 11:00:00,2026-03-27,10,265.74992,272.4594474041321,240.5566471361064,297.33120767215786,0,0.005321695128735866,0.0,0,0.002944347527001797,0.0
2026-03-27 12:00:00,2026-03-27,11,263.75092,281.7275827087058,247.2564927543116,315.68334266309995,0,0.0026568320425377078,0.016666666666666666,0,0.0034042907931893,0.0
2026-03-27 13:00:00,2026-03-27,12,265.74992,285.57809910183266,257.89185372096034,313.149334482705,0,0.0012903662703498864,0.008333333333333333,0,0.01754814369024853,0.008333333333333333
2026-03-27 14:00:00,2026-03-27,13,270.79692,293.44902959924366,261.9873321259158,321.7080270725715,0,0.0004173162692836594,0.0,0,0.04263698596060052,0.016666666666666666
2026-03-27 15:00:00,2026-03-27,14,294.75092,310.9623622645749,281.81609458247686,347.2627699466729,0,0.00035803375194097276,0.0,0,0.07826601379611248,0.041666666666666664
2026-03-27 16:00:00,2026-03-27,15,305.75092,315.2650046955424,290.128852141737,349.8824172493478,0,0.00016860019439155085,0.0,0,0.1145336789796056,0.05
2026-03-27 17:00:00,2026-03-27,16,305.75092,323.421378927226,307.04546113418223,363.51209672026977,0,0.00010278496268543703,0.0,0,0.16839234061208375,0.1
2026-03-27 18:00:00,2026-03-27,17,333.75092,347.6240227727652,324.3575341732719,395.10485137225845,0,9.980766462998336e-05,0.008333333333333333,0,0.40721006483044875,0.20833333333333334
2026-03-27 19:00:00,2026-03-27,18,335.75092,378.6641730079409,332.6633310724935,441.0541249433884,0,9.787834529330796e-05,0.0,0,0.45564544558753617,0.6166666666666667
2026-03-27 20:00:00,2026-03-27,19,305.75092,355.0715534626998,314.4377751995901,415.4269417258094,0,0.00010128499251913662,0.016666666666666666,0,0.4294003355744243,0.3333333333333333
2026-03-27 21:00:00,2026-03-27,20,305.75092,345.38379699386235,309.033372082603,392.4662219051217,0,0.00010278496268543703,0.016666666666666666,0,0.27448918289595753,0.23333333333333334
2026-03-27 22:00:00,2026-03-27,21,305.75092,323.605325669584,286.1581393476877,354.8462219914802,0,0.0001375746453364444,0.0,0,0.14583143196667236,0.09166666666666666
2026-03-27 23:00:00,2026-03-27,22,294.75092,307.5332043397949,267.70413670164623,337.6613719779436,0,0.00017022930516273526,0.0,0,0.0731471912635919,0.041666666666666664
2026-03-28 00:00:00,2026-03-27,23,198.48526,259.5500959425263,229.36196475655743,281.5869871284952,0,0.053155460966812056,0.05,0,0.0018471905965885213,0.0
2026-03-28 01:00:00,2026-03-28,0,198.48526,198.55718227881232,187.53925296887397,211.6115815887508,0,0.029809862571550057,0.025,0,0.003586954861047387,0.0
2026-03-28 02:00:00,2026-03-28,1,198.48526,198.5709185252648,180.0037443345034,211.5099127160261,0,0.029809862571550057,0.03333333333333333,0,0.003525833878371412,0.0
2026-03-28 03:00:00,2026-03-28,2,198.48526,198.67659355267165,183.25872030906035,207.7785467962829,0,0.027701959597512277,0.041666666666666664,0,0.0025964962549720103,0.0
2026-03-28 04:00:00,2026-03-28,3,212.48526,198.8079613821514,176.4974453832694,205.2688973810334,0,0.02201064150587781,0.041666666666666664,0,0.0035682513924485534,0.0
2026-03-28 05:00:00,2026-03-28,4,213.48526,201.67013400440263,179.23665176520885,206.29974624359636,0,0.01819929090546284,0.016666666666666666,0,0.004327641686295741,0.016666666666666666
2026-03-28 06:00:00,2026-03-28,5,198.48526,207.13110959649484,183.94347043786567,218.608958755124,0,0.017114479599937574,0.016666666666666666,0,0.004327641686295741,0.0
2026-03-28 07:00:00,2026-03-28,6,198.48526,214.1933711729137,193.77694745228743,232.25835489353997,0,0.011264229819018819,0.008333333333333333,0,0.004749714350221501,0.0
2026-03-28 08:00:00,2026-03-28,7,116.70626,213.14534693551312,189.9744068963153,224.0640269747108,1,0.017870939507875216,0.041666666666666664,0,0.003987299084428769,0.0
2026-03-28 09:00:00,2026-03-28,8,116.70626,211.3435322255758,193.15791259766576,224.7174818534857,1,0.01632585178306389,0.06666666666666667,0,0.003987299084428769,0.0
2026-03-28 10:00:00,2026-03-28,9,116.70626,215.3643121922493,202.7746537393892,226.7888006451094,1,0.007468937429626105,0.05,0,0.006125865097602709,0.0
2026-03-28 11:00:00,2026-03-28,10,116.70626,217.6113096369502,202.88602936892448,229.10890990497592,1,0.002911169700627115,0.0,0,0.009204422465342527,0.0
2026-03-28 12:00:00,2026-03-28,11,116.70626,221.89885778952865,204.14899783513448,234.31121774392284,1,0.0022048627071494077,0.016666666666666666,0,0.007738555019621872,0.0
2026-03-28 13:00:00,2026-03-28,12,117.32926,222.72528876355915,206.36017338268684,230.30152414443145,1,0.0019046587880526507,0.008333333333333333,0,0.011756019155141241,0.008333333333333333
2026-03-28 14:00:00,2026-03-28,13,198.48526,229.45446407533663,210.88528660200885,245.0051715486645,0,0.0008712914068603929,0.0,0,0.0189577778287241,0.016666666666666666
2026-03-28 15:00:00,2026-03-28,14,212.48526,240.47585153690488,225.3314938548069,259.70775921900287,0,0.0003169207168772319,0.0,0,0.031702458065149104,0.041666666666666664
2026-03-28 16:00:00,2026-03-28,15,215.48626,243.50872603943995,230.61577348563452,262.94096859324526,0,0.00033106642816981664,0.0,0,0.058650092378678395,0.06666666666666667
2026-03-28 17:00:00,2026-03-28,16,288.48526,250.01417433531552,243.14366743082977,271.7880812398013,0,0.0001466387629364402,0.0,1,0.1564797509767255,0.1
2026-03-28 18:00:00,2026-03-28,17,288.48526,296.75400864483333,286.0258900453401,328.7072672443266,0,8.035881136100729e-05,0.008333333333333333,1,0.45159194387229085,0.6666666666666666
2026-03-28 19:00:00,2026-03-28,18,313.48526,302.930896270526,270.8564243350785,344.6334182059734,0,9.42331185568839e-05,0.0,1,0.5028361761171942,0.7
2026-03-28 20:00:00,2026-03-28,19,288.48526,288.14224963109484,269.8252706931391,325.7862985690506,0,0.00010045553175006434,0.016666666666666666,1,0.4419866121671925,0.4583333333333333
2026-03-28 21:00:00,2026-03-28,20,288.48526,280.96274342081006,263.7705724694006,316.3289243722195,0,0.000152276099376661,0.016666666666666666,1,0.44924818847567866,0.3416666666666667
2026-03-28 22:00:00,2026-03-28,21,288.48526,268.41939043777944,248.5645141158832,289.6925867596757,0,0.0003177514853010661,0.0,1,0.1294450401675729,0.15833333333333333
2026-03-28 23:00:00,2026-03-28,22,215.48626,252.73983691221096,232.85520927406236,270.6489245503596,0,0.0004319288637118263,0.0,0,0.07411023327860385,0.058333333333333334
2026-03-29 00:00:00,2026-03-28,23,170.45135,216.3910868959284,176.06819867338348,261.8262751184733,0,0.017952680775382125,0.05,0,0.003010778956024663,0.008333333333333333
2026-03-29 01:00:00,2026-03-29,0,108.67235,170.79149203009698,154.00911272015856,199.1455913400353,1,0.0063366117143072356,0.008333333333333333,0,0.001397118994783127,0.0
2026-03-29 02:00:00,2026-03-29,1,170.45135,170.84742288534747,144.88795869458613,205.1592670761088,0,0.0012091976767380842,0.008333333333333333,0,0.002190900389002519,0.0
2026-03-29 03:00:00,2026-03-29,2,170.45135,170.96238686250223,153.5230136188909,199.6649701061136,0,0.005039101757458037,0.008333333333333333,0,0.0015919266965713596,0.0
2026-03-29 04:00:00,2026-03-29,3,170.45135,170.85509301508273,140.44760372304842,192.30485230711707,0,0.011483280894050131,0.008333333333333333,0,0.0015651291026187494,0.0
2026-03-29 05:00:00,2026-03-29,4,170.45135,172.41612290297252,136.5401462167053,188.7308695892397,0,0.012611002823423765,0.0,0,0.0025661859832361517,0.016666666666666666
2026-03-29 06:00:00,2026-03-29,5,108.03435,165.22391267053527,135.46907351190612,196.69671182916443,1,0.009816318038649671,0.0,0,0.0016978871177016526,0.008333333333333333
2026-03-29 07:00:00,2026-03-29,6,108.03435,164.24791954169362,143.31929582106736,203.80221326231987,1,0.03486822771481406,0.008333333333333333,0,0.0013561157981815226,0.0
2026-03-29 08:00:00,2026-03-29,7,108.03435,156.04602135285268,120.97153656367075,192.7659861420345,1,0.2766835639749771,0.058333333333333334,0,0.0011657196061039886,0.0
2026-03-29 09:00:00,2026-03-29,8,102.10735,155.92633154662602,123.36165390522152,189.92646918803044,1,0.2659011498185472,0.09166666666666666,0,0.0012257322362869193,0.0
2026-03-29 10:00:00,2026-03-29,9,102.10735,157.73287754499418,128.458032188661,189.3005329013274,1,0.2669258016557939,0.06666666666666667,0,0.0018703312236068644,0.0
2026-03-29 11:00:00,2026-03-29,10,102.10735,157.51428600540393,119.00566073046566,190.2070912803422,1,0.15319942320017055,0.008333333333333333,0,0.0020887358784322106,0.0
2026-03-29 12:00:00,2026-03-29,11,108.03135,159.2274660225315,114.99462602308736,189.65136602197563,1,0.11521847173743277,0.041666666666666664,0,0.0022305853206140264,0.0
2026-03-29 13:00:00,2026-03-29,12,108.03435,160.3383094482168,120.51987771827896,190.9987211781546,1,0.09735644657936726,0.025,0,0.0023185492613971436,0.008333333333333333
2026-03-29 14:00:00,2026-03-29,13,108.03435,166.2343341836994,132.54380233976696,196.93326602763187,1,0.01747737390807661,0.008333333333333333,0,0.011834974708794892,0.016666666666666666
2026-03-29 15:00:00,2026-03-29,14,110.10735,171.94167537421114,136.10332683077013,219.3124439176521,1,0.004359090761567135,0.0,0,0.02542978717501998,0.016666666666666666
2026-03-29 16:00:00,2026-03-29,15,189.95135,177.7828888319981,143.01884787319648,223.41071979079967,0,0.0004312075076070902,0.0,0,0.05168064720945067,0.025
2026-03-29 17:00:00,2026-03-29,16,203.45135,195.77982173193303,166.04544980472838,253.3322836591377,0,0.00030832196022334926,0.0,0,0.11367477200883996,0.1
2026-03-29 18:00:00,2026-03-29,17,207.45235,237.79131195526844,191.05252335577512,312.07897055476167,0,0.0002780499204267268,0.008333333333333333,0,0.7152014632972634,0.7666666666666667
2026-03-29 19:00:00,2026-03-29,18,207.45235,259.335799549101,179.98349761365355,356.1778214845484,0,0.0002871029899310938,0.0,0,0.7517299395034598,0.8833333333333333
2026-03-29 20:00:00,2026-03-29,19,207.45235,241.346030434048,178.90861149609222,330.34514937200373,0,0.0002757963938452613,0.016666666666666666,0,0.7237119212407843,0.7583333333333333
2026-03-29 21:00:00,2026-03-29,20,207.45235,231.4519688779042,179.32876792649475,292.75963982931364,0,0.0002907895092549367,0.016666666666666666,0,0.5861802496065633,0.6833333333333333
2026-03-29 22:00:00,2026-03-29,21,207.45235,226.5275599508846,189.95794362898835,286.30034627278087,0,0.00027909398504422805,0.0,0,0.478231078176264,0.625
2026-03-29 23:00:00,2026-03-29,22,203.45135,195.91511778476303,157.14965852854698,227.33823704097904,0,0.00044666360343913213,0.0,0,0.21757788490495275,0.06666666666666667
2026-03-30 00:00:00,2026-03-29,23,184.66957,175.88714912363042,115.77805409669782,218.14279415056305,0,0.003281016522104569,0.041666666666666664,0,0.01371481842932699,0.03333333333333333
2026-03-30 01:00:00,2026-03-30,0,171.66257,184.5295626601337,149.29661938452847,214.64740593573893,0,0.0128964066008424,0.016666666666666666,0,0.0005329003651969655,0.0
2026-03-30 02:00:00,2026-03-30,1,184.66957,184.53572979155297,148.8068356007916,218.7826839823143,0,0.013703387774460847,0.008333333333333333,0,0.0010630446917169077,0.0
2026-03-30 03:00:00,2026-03-30,2,184.66957,184.37369271113675,161.81757946752543,215.19440595474808,0,0.07350782274632679,0.008333333333333333,0,0.0005084951993328433,0.0
2026-03-30 04:00:00,2026-03-30,3,184.66957,184.1231417307669,149.09128243873255,210.10458102280123,0,0.09188292064019907,0.008333333333333333,0,0.0005375754191061928,0.0
2026-03-30 05:00:00,2026-03-30,4,184.66957,184.5369338099213,141.5261771236541,208.5810304961885,0,0.02752878129336025,0.0,0,0.0011579018351636121,0.016666666666666666
2026-03-30 06:00:00,2026-03-30,5,184.66957,176.12093998876557,147.69380582007025,205.5801441574609,0,0.17951934764276178,0.016666666666666666,0,0.00039443950468488146,0.0
2026-03-30 07:00:00,2026-03-30,6,184.66957,173.94420096729132,149.69399125444198,210.03666068014067,0,0.1759857549468374,0.016666666666666666,0,0.0002969797616031965,0.0
2026-03-30 08:00:00,2026-03-30,7,184.66957,169.65723760318005,136.31298848709392,210.5961917192662,0,0.23092403514250295,0.075,0,0.00041093012964941506,0.0
2026-03-30 09:00:00,2026-03-30,8,184.66957,167.94213044979384,137.5587948328686,209.56757606671903,0,0.23111221760502657,0.10833333333333334,0,0.00041076873988695964,0.0
2026-03-30 10:00:00,2026-03-30,9,184.66957,167.53873730075313,146.04528165800286,213.9500729435034,0,0.43832503319269916,0.08333333333333333,0,0.0006019441975854982,0.0
2026-03-30 11:00:00,2026-03-30,10,186.06257,174.47591940176173,133.9075892413757,211.8135595621478,0,0.09092096061664381,0.025,0,0.0008440409502457402,0.0
2026-03-30 12:00:00,2026-03-30,11,186.06257,180.4378673461901,131.77136422271013,216.69921446967004,0,0.02746493035956453,0.03333333333333333,0,0.0015752915086567074,0.0
2026-03-30 13:00:00,2026-03-30,12,186.06257,180.03966100240518,146.11233067747412,213.09679132733623,0,0.05628154702498411,0.03333333333333333,0,0.0014586858155393957,0.008333333333333333
2026-03-30 14:00:00,2026-03-30,13,186.06257,188.92715398479368,153.96528044733944,228.1055175222479,0,0.020741212068390535,0.008333333333333333,0,0.004857626286586451,0.016666666666666666
2026-03-30 15:00:00,2026-03-30,14,186.06257,211.87871563062748,175.47877990923192,263.9015713520231,0,0.0066683166186016895,0.0,0,0.010085280753168538,0.041666666666666664
2026-03-30 16:00:00,2026-03-30,15,206.66257,240.0985133486909,189.8668823898893,282.4592843074925,0,0.0003268291109698638,0.0,0,0.08381475562522553,0.5333333333333333
2026-03-30 17:00:00,2026-03-30,16,216.66257,257.540988560259,203.6369966330544,320.01628048746363,0,0.00031036824052086743,0.0,0,0.11552844372565788,0.8416666666666667
2026-03-30 18:00:00,2026-03-30,17,216.66257,274.58039709374657,207.8561284942533,373.2498356932399,0,0.0003017899123307831,0.0,0,0.13998048879947753,0.8666666666666667
2026-03-30 19:00:00,2026-03-30,18,386.66257,282.67203671591767,192.00879478047025,394.0251686513651,0,0.0003373587918421082,0.0,1,0.211332039871751,0.8916666666666667
2026-03-30 20:00:00,2026-03-30,19,216.66257,268.1381782982335,215.0741393602777,356.44555723618936,0,0.0003298097790355832,0.016666666666666666,0,0.14282185969106886,0.7666666666666667
2026-03-30 21:00:00,2026-03-30,20,216.66257,250.3837486650881,226.9862677136786,287.0561396164975,0,0.00030451506380306623,0.016666666666666666,0,0.10217338198206724,0.675
2026-03-30 22:00:00,2026-03-30,21,206.66257,237.2485902838668,223.95899396197055,270.4937466057631,0,0.0003781035646954625,0.0,0,0.08379673975930763,0.39166666666666666
2026-03-30 23:00:00,2026-03-30,22,186.06257,215.0680039687112,196.8322647124952,233.7958532249272,0,0.00032619844746830794,0.0,0,0.03222614746514633,0.06666666666666667
2026-03-31 00:00:00,2026-03-30,23,195.01362,171.64072168468726,119.10795665775468,215.27910671161987,0,0.4242104850272237,0.05,0,0.0011962146802588995,0.0
2026-03-31 01:00:00,2026-03-31,0,195.01362,194.4561243343516,162.5953710587464,209.80722760995684,0,0.13303415429512525,0.025,0,0.0007686758519475955,0.0
2026-03-31 02:00:00,2026-03-31,1,195.01362,194.45023016004995,157.9379959692886,206.6911543508113,0,0.14462372649833574,0.025,0,0.0007710088358639624,0.0
2026-03-31 03:00:00,2026-03-31,2,195.01362,194.45944397658536,155.05114073297403,202.18570722019663,0,0.1552821382942511,0.025,0,0.0007710088358639624,0.0
2026-03-31 04:00:00,2026-03-31,3,195.01362,194.49755049842364,171.1844612063893,212.257449790458,0,0.15832266723876776,0.008333333333333333,0,0.0007354732421627144,0.0
2026-03-31 05:00:00,2026-03-31,4,195.01362,194.4860399345226,163.6288032482554,207.6487666207898,0,0.05003948381868814,0.008333333333333333,0,0.0010683865621362444,0.016666666666666666
2026-03-31 06:00:00,2026-03-31,5,195.01362,197.0947964244924,175.54188225579708,210.00320059318767,0,0.017930414060292676,0.016666666666666666,0,0.0006478056465259825,0.0
2026-03-31 07:00:00,2026-03-31,6,195.01362,197.0860869001822,183.54263718733287,220.2999866130316,0,0.006411825173677773,0.016666666666666666,0,0.0011382352255451245,0.0
2026-03-31 08:00:00,2026-03-31,7,189.41362,192.7366687985325,168.55633468244636,211.93509291461865,0,0.016248603819731058,0.06666666666666667,0,0.0009806874074312123,0.0
2026-03-31 09:00:00,2026-03-31,8,189.41362,190.9038575448629,165.69794192793768,212.52819316178807,0,0.03040732715656993,0.1,0,0.0005905471436424714,0.0
2026-03-31 10:00:00,2026-03-31,9,189.41362,198.79577341443027,178.10959777168,217.5248590571805,0,0.025338067367303343,0.075,0,0.0010551804926954601,0.0
2026-03-31 11:00:00,2026-03-31,10,195.01362,197.38222456766889,178.78908440728284,224.8379547280549,0,0.024472497571881403,0.016666666666666666,0,0.002585467967610882,0.0
2026-03-31 12:00:00,2026-03-31,11,195.01362,199.9031063558101,182.38882923233012,231.67430347929005,0,0.025229502553035896,0.025,0,0.005094240022863686,0.0
2026-03-31 13:00:00,2026-03-31,12,195.01362,203.01954476389585,185.1692244389648,238.47076508882697,0,0.018354795040437393,0.025,0,0.006620927229649007,0.008333333333333333
2026-03-31 14:00:00,2026-03-31,13,195.01362,212.83524813325843,191.208936289326,255.2217099771909,0,0.0014731564176695168,0.0,0,0.08178397548905776,0.016666666666666666
2026-03-31 15:00:00,2026-03-31,14,197.42062,224.68010601318625,194.8102474697453,280.11043455662724,0,0.0008998979476033241,0.0,0,0.10179602175756637,0.041666666666666664
2026-03-31 16:00:00,2026-03-31,15,199.41362,238.4563319642257,206.42866100542412,275.85980292302725,0,0.00023030661460031023,0.0,0,0.20619628713550173,0.08333333333333333
2026-03-31 17:00:00,2026-03-31,16,274.45962,267.27665628424893,238.5701643570443,330.2870182114535,0,0.00023030661460031023,0.0,1,0.3906521996823439,0.7083333333333334
2026-03-31 18:00:00,2026-03-31,17,239.41362,297.2608867243957,254.79757965731423,409.5306337914772,0,0.0002241254029061544,0.0,0,0.5574171173299788,0.85
2026-03-31 19:00:00,2026-03-31,18,399.41362,339.8075776858288,251.5166957503814,466.5188496212762,0,0.00027575756805302325,0.0,1,0.8197209289572449,0.9583333333333334
2026-03-31 20:00:00,2026-03-31,19,199.41362,283.7400913693291,219.08076310621936,391.4462196324389,0,0.00024137403890424306,0.008333333333333333,0,0.5615099499008147,0.7166666666666667
2026-03-31 21:00:00,2026-03-31,20,199.41362,261.3078828928896,216.9061188372128,311.1049169485664,0,0.00023827070581531457,0.008333333333333333,0,0.5422295763876018,0.4166666666666667
2026-03-31 22:00:00,2026-03-31,21,197.42062,238.17439960917537,205.09005767418896,268.2756015441618,0,0.00029381735107136277,0.0,0,0.22760358099208228,0.11666666666666667
2026-03-31 23:00:00,2026-03-31,22,197.42062,217.59228051824576,172.83368128344156,242.75424975305,0,0.0008737348373142738,0.0,0,0.09950836792960786,0.041666666666666664
2026-04-01 00:00:00,2026-03-31,23,166.41431,193.69956795675105,150.9630197342062,220.58416617929595,0,0.2051344790042879,0.05,0,0.0023036062478429824,0.0
2026-04-01 01:00:00,2026-04-01,0,166.41431,166.37515137922077,141.64549810361552,169.11046465482602,0,0.06493400618763091,0.025,0,0.001394603562694487,0.0
2026-04-01 02:00:00,2026-04-01,1,166.41431,166.35688763080634,142.410633440045,168.91757182156766,0,0.05630847885750764,0.03333333333333333,0,0.0023540984226075993,0.0
2026-04-01 03:00:00,2026-04-01,2,166.41431,166.5198302694415,150.54522638518176,173.71982415370132,0,0.049741084863991425,0.025,0,0.0023540984226075993,0.0
2026-04-01 04:00:00,2026-04-01,3,166.41431,166.58492734574162,154.9940080537073,180.045416637776,0,0.05358584343285012,0.016666666666666666,0,0.0023540984226075993,0.0
2026-04-01 05:00:00,2026-04-01,4,166.41431,167.84042828079097,147.9055460415973,175.6280405199847,0,0.030531333563649586,0.008333333333333333,0,0.004565352278569094,0.016666666666666666
2026-04-01 06:00:00,2026-04-01,5,166.41431,174.82653332823375,162.37368416960462,190.2449224868629,0,0.022830997102271527,0.008333333333333333,0,0.003301823578080226,0.0
2026-04-01 07:00:00,2026-04-01,6,166.41431,173.79436857443767,162.7884948538114,189.9431922950639,0,0.03473307564757347,0.016666666666666666,0,0.0013738115607058626,0.0
2026-04-01 08:00:00,2026-04-01,7,111.36131,166.4562582848864,148.6328534957045,187.3629230740683,1,0.03221927274255257,0.075,0,0.0009079187641101713,0.0
2026-04-01 09:00:00,2026-04-01,8,111.36131,168.7365388513756,148.67468120997117,192.70597649278008,1,0.05721920097066184,0.1,0,0.0009079187641101713,0.0
2026-04-01 10:00:00,2026-04-01,9,111.36131,174.16628097201925,160.60311561568608,193.3881063283524,1,0.038624481457379053,0.06666666666666667,0,0.0018891213398178545,0.0
2026-04-01 11:00:00,2026-04-01,10,113.79731,172.20394276049865,151.3117374855604,198.04758803543697,1,0.02733732770434907,0.016666666666666666,0,0.003664128575317948,0.0
2026-04-01 12:00:00,2026-04-01,11,115.56331,177.04564682995456,154.68196683051045,200.59469682939869,1,0.13431254074709176,0.025,0,0.005614943061224927,0.0
2026-04-01 13:00:00,2026-04-01,12,166.41431,180.3578237075474,163.33251197760958,209.4593554374852,0,0.028530902233626223,0.016666666666666666,0,0.008638226719057894,0.008333333333333333
2026-04-01 14:00:00,2026-04-01,13,176.41431,189.8330043807168,162.93186690738892,219.7702118540446,0,0.004272474977917354,0.0,0,0.048512815932057377,0.016666666666666666
2026-04-01 15:00:00,2026-04-01,14,176.41431,192.0219250536769,168.4610173715789,231.69432273577496,0,0.0025204646779155245,0.0,0,0.0721091277748712,0.041666666666666664
2026-04-01 16:00:00,2026-04-01,15,176.41431,192.2729779621664,162.3924170033648,236.62275892096804,0,0.0002758116308280055,0.0,0,0.13499922297592215,0.05
2026-04-01 17:00:00,2026-04-01,16,192.41431,219.4416771020128,182.21872019752692,289.09582400649856,0,0.0001639842124043174,0.0,0,0.4186222784039666,0.23333333333333334
2026-04-01 18:00:00,2026-04-01,17,256.41431,248.6545548325248,195.15968382817863,354.759695836871,0,0.00019056273595352726,0.0,1,0.734553544012487,0.7666666666666667
2026-04-01 19:00:00,2026-04-01,18,256.41431,300.03785325513377,233.20846131968636,406.0331551905813,0,0.00020492726084339613,0.0,1,0.8256968488684622,0.9583333333333334
2026-04-01 20:00:00,2026-04-01,19,192.41431,234.8848363421722,199.1703974042165,300.133035280128,0,0.000154832795842845,0.008333333333333333,0,0.5479639566856942,0.5083333333333333
2026-04-01 21:00:00,2026-04-01,20,192.41431,219.00459017469507,192.2388254808668,262.6206248685233,0,0.00014703249463222855,0.008333333333333333,0,0.3285896056649209,0.23333333333333334
2026-04-01 22:00:00,2026-04-01,21,186.91431,200.6491520179892,182.05092008300275,223.78837395297555,0,0.00015990494957205038,0.0,0,0.19775041937693946,0.075
2026-04-01 23:00:00,2026-04-01,22,176.41431,186.4313175402124,158.7105982839964,212.3664267964284,0,0.0013784216182543482,0.0,0,0.06090329189698604,0.041666666666666664
2026-04-02 00:00:00,2026-04-01,23,155.6678,172.40887852578246,128.42231733981356,209.4491497117513,0,0.017078274328450896,0.05,0,0.0013612695720854856,0.008333333333333333
2026-04-02 01:00:00,2026-04-02,0,155.6678,155.54470900807422,132.441935732469,168.6704122836794,0,0.07590216143071674,0.016666666666666666,0,0.001868660823755453,0.0
2026-04-02 02:00:00,2026-04-02,1,155.6678,155.55958608916103,129.76571189839967,166.42039027992234,0,0.012528071880789096,0.008333333333333333,0,0.003216106680541017,0.0
2026-04-02 03:00:00,2026-04-02,2,155.6678,155.50602560612592,137.19801172186618,169.98492949038564,0,0.0056672863690284915,0.008333333333333333,0,0.003116729447852421,0.0
2026-04-02 04:00:00,2026-04-02,3,155.6678,155.43095194967364,136.89308265763933,176.28298124170792,0,0.0055208537263383125,0.008333333333333333,0,0.0033331076003238398,0.0
2026-04-02 05:00:00,2026-04-02,4,155.6678,156.03747522049036,140.67092298129668,165.14866745968402,0,0.002735581821433925,0.0,0,0.008048773144335976,0.016666666666666666
2026-04-02 06:00:00,2026-04-02,5,155.6678,150.21047645914723,135.07146730051812,164.75451561777632,0,0.02040706945911195,0.008333333333333333,0,0.0017499578347535303,0.008333333333333333
2026-04-02 07:00:00,2026-04-02,6,125.6678,146.00494536490484,134.7555216442786,158.3754890855311,0,0.040867195179352674,0.016666666666666666,0,0.0017987185180513912,0.0
2026-04-02 08:00:00,2026-04-02,7,123.0508,142.39154048748648,125.00534387117816,162.0075571037947,0,0.10749564425365955,0.06666666666666667,0,0.0006852210811792771,0.0
2026-04-02 09:00:00,2026-04-02,8,120.6148,142.37503620795798,119.83389059103274,169.96200182488317,0,0.13500583607113356,0.10833333333333334,0,0.0008100891965327719,0.0
2026-04-02 10:00:00,2026-04-02,9,123.0508,142.70242833644804,129.28702269369776,163.77062397919826,0,0.160448937604349,0.08333333333333333,0,0.0013138467841136284,0.0
2026-04-02 11:00:00,2026-04-02,10,125.6678,144.12627514930855,123.03704498892246,170.83663530969457,0,0.10175528600330304,0.025,0,0.0019063479371075286,0.0
2026-04-02 12:00:00,2026-04-02,11,125.6678,144.8692747219926,117.52967472254846,170.68701472143673,0,0.07773404905710736,0.05,0,0.0018489063343495016,0.0
2026-04-02 13:00:00,2026-04-02,12,125.6678,152.41626103668446,137.53354930674664,186.4413527666223,0,0.036129324344451944,0.03333333333333333,0,0.0045593650033639264,0.008333333333333333
2026-04-02 14:00:00,2026-04-02,13,155.6678,156.04358548660548,138.24975801327764,193.4408929599333,0,0.018539962364372265,0.008333333333333333,0,0.007981379701096164,0.016666666666666666
2026-04-02 15:00:00,2026-04-02,14,155.6678,158.2584961077817,136.76038842568366,190.1878837898797,0,0.003939241006501469,0.008333333333333333,0,0.014932098741964899,0.016666666666666666
2026-04-02 16:00:00,2026-04-02,15,155.6678,160.55034139206694,135.87776043326537,199.4355123508685,0,0.0005203839785493894,0.0,0,0.04332883968598853,0.025
2026-04-02 17:00:00,2026-04-02,16,165.5678,168.79785831970588,139.99820141522008,218.21720522419167,0,0.0002686902791527683,0.0,0,0.25846707527720614,0.075
2026-04-02 18:00:00,2026-04-02,17,180.7788,209.045875505358,163.2668245010118,295.8950765097041,0,0.00028891657242843474,0.008333333333333333,0,0.48599840767360597,0.6333333333333333
2026-04-02 19:00:00,2026-04-02,18,180.7788,215.6777630214711,146.82659108602363,308.1789649569185,0,0.00027650618711809363,0.0,0,0.5888290423567512,0.75
2026-04-02 20:00:00,2026-04-02,19,180.7788,189.4727206408142,156.75018141108254,247.91620987054583,0,0.00030437433432853697,0.008333333333333333,0,0.2446836738956297,0.18333333333333332
2026-04-02 21:00:00,2026-04-02,20,165.5678,180.09483271917844,159.32455659433683,216.43391884402004,0,0.0002686902791527683,0.008333333333333333,0,0.20471359276003961,0.10833333333333334
2026-04-02 22:00:00,2026-04-02,21,165.5678,174.9802835820563,152.81929164706992,191.67563551704268,0,0.0004881045867990466,0.0,0,0.10352028868788765,0.08333333333333333
2026-04-02 23:00:00,2026-04-02,22,165.5678,166.52573333646296,134.28990408024694,190.54510259267892,0,0.0005332791072412778,0.0,0,0.0698477048468343,0.03333333333333333
2026-04-03 00:00:00,2026-04-02,23,146.09312,152.5640724289826,122.12994267069848,176.06359218726672,0,0.02235543547049963,0.05,0,0.0018413882464815698,0.008333333333333333
2026-04-03 01:00:00,2026-04-03,0,146.09312,146.21115083829963,132.7448175626944,154.64936411390485,0,0.02595807550386081,0.016666666666666666,0,0.0010880339492179484,0.0
2026-04-03 02:00:00,2026-04-03,1,146.09312,146.24390267904596,128.67071848828462,151.2045468698073,0,0.010165735281414932,0.008333333333333333,0,0.0018369952454800169,0.0
2026-04-03 03:00:00,2026-04-03,2,146.09312,146.2631676740027,131.91549378974292,156.11419155826243,0,0.003345877054772293,0.008333333333333333,0,0.001329757678398134,0.0
2026-04-03 04:00:00,2026-04-03,3,146.09312,146.22406031089153,126.5931310188572,157.5290696029259,0,0.0032996495675587227,0.008333333333333333,0,0.001964280767910483,0.0
2026-04-03 05:00:00,2026-04-03,4,146.09312,146.64562128864011,128.82785904944643,152.7436835278338,0,0.0017880551264621808,0.0,0,0.0026493560098217557,0.025
2026-04-03 06:00:00,2026-04-03,5,123.47612,138.54145259078882,121.42719992938312,148.84068525219453,0,0.014022575042592533,0.016666666666666666,0,0.0010427319012464987,0.008333333333333333
2026-04-03 07:00:00,2026-04-03,6,117.24212,136.8752729359217,122.87598921529543,150.70001665654794,0,0.021902423194096826,0.016666666666666666,0,0.0003101533216080726,0.0
2026-04-03 08:00:00,2026-04-03,7,117.24212,135.94481745172075,120.0543945572811,152.43576034616038,0,0.02617258059513413,0.06666666666666667,0,0.00035743500521822925,0.0
2026-04-03 09:00:00,2026-04-03,8,117.24212,135.00242028293218,114.17649466600696,153.7656258998574,0,0.030205996954995918,0.10833333333333334,0,0.00047275645755372284,0.0
2026-04-03 10:00:00,2026-04-03,9,117.24212,136.68757418161863,118.89178963925328,150.66128872398397,0,0.05183766187748083,0.08333333333333333,0,0.0005664154155765184,0.0
2026-04-03 11:00:00,2026-04-03,10,117.24212,138.93770243302814,117.71643227264208,150.75603259341415,0,0.0411086390536478,0.025,0,0.0006786497004715769,0.0
2026-04-03 12:00:00,2026-04-03,11,117.24212,138.5101371862456,118.6605571868015,150.74086718568972,0,0.041876414569255616,0.041666666666666664,0,0.000709755015250514,0.0
2026-04-03 13:00:00,2026-04-03,12,117.24212,141.36024159700088,129.0952612720698,156.53617192193192,0,0.018190971452210956,0.03333333333333333,0,0.0007638835347783158,0.008333333333333333
2026-04-03 14:00:00,2026-04-03,13,121.04012,145.35015817136616,136.7820206980383,169.29516564469398,0,0.004683184943021099,0.008333333333333333,0,0.006523487512507853,0.016666666666666666
2026-04-03 15:00:00,2026-04-03,14,123.47612,148.3518931253904,131.5413554432924,167.29911080748843,0,0.0014024792065136264,0.008333333333333333,0,0.01262362994432212,0.016666666666666666
2026-04-03 16:00:00,2026-04-03,15,146.09312,150.79644193931009,141.32031938550472,171.94671449311545,0,0.00027676252375033326,0.0,0,0.02571089122202995,0.025
2026-04-03 17:00:00,2026-04-03,16,147.09312,158.35564483496307,144.8228570419193,188.3652226280068,0,0.00012637459046959496,0.0,0,0.06169529277510839,0.075
2026-04-03 18:00:00,2026-04-03,17,176.09312,173.88135594225002,140.06610493790384,230.08057694659624,0,0.00014602515171164567,0.008333333333333333,0,0.19951543478813089,0.11666666666666667
2026-04-03 19:00:00,2026-04-03,18,176.20412,173.19495510400435,122.54081316855692,242.0193970394518,0,0.00015234851634518496,0.0,0,0.2075697845352629,0.225
2026-04-03 20:00:00,2026-04-03,19,176.20412,168.23973070231835,146.4673414725867,227.98747993205004,0,0.00013140766244689736,0.016666666666666666,0,0.12435327244893751,0.10833333333333334
2026-04-03 21:00:00,2026-04-03,20,176.20412,161.5830378957574,147.88194177091577,193.80692402059896,0,0.00012436366132302453,0.008333333333333333,0,0.05645976571877854,0.06666666666666667
2026-04-03 22:00:00,2026-04-03,21,176.09312,159.09626766740672,149.2144657324203,169.3716196023931,0,0.00020095839546949588,0.0,0,0.03653839932942171,0.05
2026-04-03 23:00:00,2026-04-03,22,161.09312,154.37624088255853,150.83439162634252,173.45122013877454,0,0.00023941011974750275,0.0,0,0.021311023659922455,0.025
2026-04-04 00:00:00,2026-04-03,23,143.28764,142.76958646640637,121.10234241261615,158.73650052019656,0,0.041503559829732965,0.05,0,0.0007093943208089226,0.008333333333333333
2026-04-04 01:00:00,2026-04-04,0,143.28764,143.3875731375045,132.97904986189926,147.6238564131097,0,0.0218053566773518,0.016666666666666666,0,0.0010325844257290052,0.0
2026-04-04 02:00:00,2026-04-04,1,143.28764,143.41685273095547,129.79263854019413,151.9852169217168,0,0.009872226612619493,0.008333333333333333,0,0.001897682658809908,0.0
2026-04-04 03:00:00,2026-04-04,2,143.28764,143.4366445988131,133.89603071455335,149.91532848307284,0,0.0032073954373434913,0.008333333333333333,0,0.0017075125696207713,0.0
2026-04-04 04:00:00,2026-04-04,3,143.28764,143.39034363858428,129.30319434654996,149.6663329306186,0,0.0013149042846471717,0.008333333333333333,0,0.0020163362005216645,0.0
2026-04-04 05:00:00,2026-04-04,4,143.28764,143.6935627385105,127.85516049931682,145.37499497770418,0,0.0008473746649608147,0.0,0,0.0026899685995263227,0.025
2026-04-04 06:00:00,2026-04-04,5,132.28764,137.13413873358033,121.73992607217464,143.36816139498606,0,0.008016446605199807,0.008333333333333333,0,0.0003703588231975137,0.008333333333333333
2026-04-04 07:00:00,2026-04-04,6,132.28764,137.71178544986378,123.45096172923752,150.32769917049004,0,0.010745918802267145,0.016666666666666666,0,0.0004449272153364824,0.0
2026-04-04 08:00:00,2026-04-04,7,132.28764,136.9695422094955,119.55599931505584,149.53451510393515,0,0.023648835679358732,0.06666666666666667,0,0.00042804859518107765,0.0
2026-04-04 09:00:00,2026-04-04,8,132.28764,134.80942204435365,118.90668440294924,146.61143968575809,0,0.025136992084242242,0.10833333333333334,0,0.0004002710935860164,0.0
2026-04-04 10:00:00,2026-04-04,9,132.28764,136.1504849707349,125.3095688210272,146.40114112044256,0,0.026864302945691525,0.08333333333333333,0,0.0006345296061500113,0.0
2026-04-04 11:00:00,2026-04-04,10,132.28764,137.43378580795385,124.0338756475678,143.1438559683399,0,0.021512944883221644,0.025,0,0.000779544363527515,0.0
2026-04-04 12:00:00,2026-04-04,11,132.28764,132.37815086676113,116.628580867317,134.92853086620525,0,0.026986837294164987,0.058333333333333334,0,0.0010055972767675089,0.0
2026-04-04 13:00:00,2026-04-04,12,132.28764,132.921946463955,124.95948613902397,136.58166678888608,0,0.028423749110487898,0.041666666666666664,0,0.0010225284677909696,0.0
2026-04-04 14:00:00,2026-04-04,13,143.28764,134.16269570088716,120.95837822755934,139.070803174215,0,0.01474484604589499,0.016666666666666666,0,0.002523113893927145,0.008333333333333333
2026-04-04 15:00:00,2026-04-04,14,147.28764,136.87056919636368,125.30146065292271,144.04099773980465,0,0.004381578815854352,0.008333333333333333,0,0.0034478348159675356,0.008333333333333333
2026-04-04 16:00:00,2026-04-04,15,160.28764,144.2160000562065,139.8009675024011,156.73124261001186,0,0.0007599611111919197,0.0,0,0.03333134378937928,0.025
2026-04-04 17:00:00,2026-04-04,16,162.28764,147.33535246262457,143.78144466958082,162.47145025566834,0,0.00010127890080002419,0.0,0,0.059070024436712915,0.041666666666666664
2026-04-04 18:00:00,2026-04-04,17,178.28764,167.16515308048452,157.15149207613834,191.6065340848307,0,0.00014466566542020557,0.008333333333333333,0,0.35655728347940996,0.1
2026-04-04 19:00:00,2026-04-04,18,178.28764,171.6585219924528,145.93183005700536,206.29520392790025,0,0.0001330198197930576,0.0,0,0.3908840858636786,0.23333333333333334
2026-04-04 20:00:00,2026-04-04,19,162.28764,168.38332824512474,157.50893901539308,195.2820974748564,0,0.0001545329981155491,0.016666666666666666,0,0.3186773218351351,0.13333333333333333
2026-04-04 21:00:00,2026-04-04,20,162.28764,167.04026225201085,150.28079350832914,189.1587409956925,0,0.0001309612444612313,0.008333333333333333,0,0.2913335246484549,0.125
2026-04-04 22:00:00,2026-04-04,21,162.28764,160.81753133147782,143.14098360878708,177.80897905416856,0,0.0001309612444612313,0.0,0,0.20673444601485105,0.08333333333333333
2026-04-04 23:00:00,2026-04-04,22,162.28764,153.92656517638773,141.92151753823907,166.3446528145364,0,0.00023381449395661665,0.0,0,0.07520930007920555,0.041666666666666664
2026-04-05 00:00:00,2026-04-04,23,134.15781,143.13820200592068,124.95149795213048,158.2956860597109,0,0.020318187899521636,0.05,0,0.0009498765742723765,0.025
2026-04-05 01:00:00,2026-04-05,0,133.15781,134.29790683469366,125.83674355908845,140.5893101102989,0,0.024005929766272298,0.016666666666666666,0,0.0008747460482731296,0.0
2026-04-05 02:00:00,2026-04-05,1,133.15781,134.31768305178156,117.0866188610202,141.6158972425429,0,0.005103668473675805,0.008333333333333333,0,0.002089658741647468,0.0
2026-04-05 03:00:00,2026-04-05,2,122.15781,134.3260790559612,122.99472517170146,143.00726294022095,0,0.001952463256797386,0.008333333333333333,0,0.002089658741647468,0.0
2026-04-05 04:00:00,2026-04-05,3,122.15781,134.26088517345585,121.29471588142152,144.3635844654902,0,0.002001166020128919,0.008333333333333333,0,0.0016040058404815669,0.0
2026-04-05 05:00:00,2026-04-05,4,133.15781,134.77638651844887,118.12037427925522,142.49939875764258,0,0.0015955536778731632,0.0,0,0.0012664557784337347,0.025
2026-04-05 06:00:00,2026-04-05,5,122.15781,129.96096544334685,111.10038278194116,132.87357810475254,0,0.010449981875927756,0.008333333333333333,0,0.00020710105552688225,0.008333333333333333
2026-04-05 07:00:00,2026-04-05,6,122.15781,131.07506769878128,119.40946397815505,140.56651141940753,0,0.009630840089601585,0.016666666666666666,0,0.00020710105552688225,0.0
2026-04-05 08:00:00,2026-04-05,7,122.15781,129.49833005637274,112.79707716193307,140.07189295081238,0,0.00973373829621176,0.06666666666666667,0,0.00025447237676780337,0.0
2026-04-05 09:00:00,2026-04-05,8,110.28781,129.47793446885976,107.3575768274553,136.1923321102642,0,0.010607816774273188,0.09166666666666666,0,0.0002733907830480786,0.0
2026-04-05 10:00:00,2026-04-05,9,122.15781,128.63258432360385,108.6506581738962,132.66462047331152,0,0.016048168337813567,0.08333333333333333,0,0.00040698760256959853,0.0
2026-04-05 11:00:00,2026-04-05,10,122.15781,127.66606453666684,111.06726437628085,132.89705469705288,0,0.02249260117726671,0.025,0,0.000517831523058732,0.0
2026-04-05 12:00:00,2026-04-05,11,122.15781,126.1544536410776,113.19454364163346,131.1995136405217,0,0.02370411405572029,0.05,0,0.0006166896716912911,0.0
2026-04-05 13:00:00,2026-04-05,12,122.15781,125.58563537115126,116.7425550462202,131.64334569608232,0,0.016399219014941128,0.03333333333333333,0,0.0006398053262970427,0.008333333333333333
2026-04-05 14:00:00,2026-04-05,13,122.15781,126.64922853087477,115.29918668694232,132.00575037480718,0,0.014427938178257795,0.016666666666666666,0,0.0027247527171784343,0.008333333333333333
2026-04-05 15:00:00,2026-04-05,14,133.15781,129.79321851706115,122.70792279566558,137.69295423845674,0,0.012008155734520628,0.008333333333333333,0,0.00325386911546394,0.008333333333333333
2026-04-05 16:00:00,2026-04-05,15,134.15781,134.7239868519086,127.44907589310702,146.00380781071016,0,0.0007948332700541862,0.0,0,0.018090006939578074,0.025
2026-04-05 17:00:00,2026-04-05,16,142.15781,138.5203959365519,129.05804814350813,152.46658372959567,0,0.00022698929130188716,0.0,0,0.03222079341029651,0.041666666666666664
2026-04-05 18:00:00,2026-04-05,17,142.15781,159.1695664272949,144.65584542294874,181.2786374316411,0,0.00022698929130188716,0.008333333333333333,0,0.2559341441536921,0.11666666666666667
2026-04-05 19:00:00,2026-04-05,18,157.15781,163.0360774757993,142.16900554035186,189.54279941124676,0,0.00025237252074113733,0.0,0,0.3611726882236135,0.24166666666666667
2026-04-05 20:00:00,2026-04-05,19,142.15781,154.79937967071487,141.8058704409832,169.36757890044652,0,0.00028798200078688737,0.016666666666666666,0,0.22299659881591088,0.10833333333333334
2026-04-05 21:00:00,2026-04-05,20,142.15781,153.19878704979322,140.62954830611153,167.57886579347493,0,0.00028798200078688737,0.008333333333333333,0,0.22115006375534166,0.1
2026-04-05 22:00:00,2026-04-05,21,142.15781,150.93564814259287,143.30624620760645,163.22036007757927,0,0.00028798200078688737,0.0,0,0.16446444405348004,0.075
2026-04-05 23:00:00,2026-04-05,22,142.15781,144.38501414608197,132.9794965079333,158.08467178423064,0,0.00028416431402987177,0.0,0,0.1134323204802288,0.041666666666666664
2026-04-06 00:00:00,2026-04-05,23,140.80127,137.6883012452762,107.91060719148598,152.6280352990664,0,0.0028398701554159965,0.041666666666666664,0,0.002384505682615889,0.03333333333333333
2026-04-06 01:00:00,2026-04-06,0,131.80127,140.77117256203172,116.50661928642651,146.97566583763694,0,0.03826180737725249,0.025,0,0.0012265129576021754,0.0
2026-04-06 02:00:00,2026-04-06,1,131.80127,140.83031975592976,110.44047593631775,155.68039357554173,0,0.022703530730048868,0.025,0,0.0013701960257151645,0.0
2026-04-06 03:00:00,2026-04-06,2,131.80127,140.85083778749447,110.89487454388316,160.85239103110578,0,0.021452687703369184,0.025,0,0.0009050223236123844,0.0
2026-04-06 04:00:00,2026-04-06,3,140.80127,140.84583391947734,106.794404627443,161.19772321151166,0,0.021452687703369184,0.016666666666666666,0,0.0009050223236123844,0.0
2026-04-06 05:00:00,2026-04-06,4,140.80127,140.99204886011916,113.8346349623377,162.5267327579006,0,0.014509832302001075,0.008333333333333333,0,0.0013701960257151645,0.016666666666666666
2026-04-06 06:00:00,2026-04-06,5,140.80127,142.2420217627694,119.06070561258078,166.55324791295803,0,0.011641906277820805,0.025,0,0.0009050223236123844,0.0
2026-04-06 07:00:00,2026-04-06,6,140.80127,142.30118692509666,125.5560122129133,161.64032163728,0,0.008655279241414664,0.016666666666666666,0,0.0009050223236123844,0.0
2026-04-06 08:00:00,2026-04-06,7,140.80127,141.13035038470875,119.3644874902691,159.80548327914835,0,0.009537360445680109,0.06666666666666667,0,0.0009695544334104466,0.0
2026-04-06 09:00:00,2026-04-06,8,140.80127,140.0921487737287,117.04549113232429,162.54134641513312,0,0.010061802914647668,0.10833333333333334,0,0.001082775049767679,0.0
2026-04-06 10:00:00,2026-04-06,9,140.80127,142.05387772579778,122.03667157609009,167.66492387550542,0,0.009712755829479837,0.08333333333333333,0,0.001729869994301445,0.0
2026-04-06 11:00:00,2026-04-06,10,140.80127,147.0645507196449,121.05088055925886,173.40514088003093,0,0.002113834186414947,0.025,0,0.0040633383446468906,0.0
2026-04-06 12:00:00,2026-04-06,11,140.80127,145.5613841752956,117.26287417585146,171.25904417473967,0,0.002113834186414947,0.03333333333333333,0,0.004788286787458,0.0
2026-04-06 13:00:00,2026-04-06,12,140.80127,150.8153372050242,124.33165688009316,177.66173752995525,0,0.0008715660582155417,0.016666666666666666,0,0.011185131457698514,0.008333333333333333
2026-04-06 14:00:00,2026-04-06,13,150.80127,156.32458055644912,126.43485871251669,184.75334240038157,0,0.0003633636625171744,0.0,0,0.01817918563778782,0.016666666666666666
2026-04-06 15:00:00,2026-04-06,14,151.80127,161.4909854671406,128.22087974574504,190.85524118853616,0,0.00037067817869888326,0.0,0,0.06387771209725324,0.041666666666666664
2026-04-06 16:00:00,2026-04-06,15,195.80127,165.19596817213767,132.2049572133361,184.39410913093923,0,0.00012679270971301565,0.0,1,0.08898337724539118,0.05
2026-04-06 17:00:00,2026-04-06,16,195.80127,173.2866432408888,144.37587544784503,203.05907103393253,0,0.0001515041665890557,0.0,1,0.0781103814895873,0.125
2026-04-06 18:00:00,2026-04-06,17,200.80127,178.6323799705745,153.62060719286976,229.21058274827925,0,8.938068329199052e-05,0.008333333333333333,1,0.16825367459240875,0.14166666666666666
2026-04-06 19:00:00,2026-04-06,18,195.80127,189.9953402246481,146.57888828920068,244.3885121600956,0,9.170915829481532e-05,0.0,1,0.5034132907508946,0.45
2026-04-06 20:00:00,2026-04-06,19,1175.43727,174.44484464425182,149.40079541452016,217.9452938739835,0,0.00014254735635105438,0.016666666666666666,1,0.15058237263532478,0.13333333333333333
2026-04-06 21:00:00,2026-04-06,20,570.80127,169.00580012901543,144.9073813853337,198.8329288726971,0,0.00014254735635105438,0.008333333333333333,1,0.09966550296990688,0.11666666666666667
2026-04-06 22:00:00,2026-04-06,21,195.80127,164.6959024837936,138.03209193550532,184.1252330320819,0,0.00012583313193390385,0.0,1,0.07356306887598152,0.05
2026-04-06 23:00:00,2026-04-06,22,151.80127,161.4665428704946,139.55676616172488,184.1461395792643,0,0.0009476694782072873,0.0,0,0.0412346974060106,0.041666666666666664
2026-04-07 00:00:00,2026-04-06,23,137.09785,139.87208845093522,129.502534397145,176.60540250472542,0,0.03783302135329266,0.05,0,0.012763328143680074,0.0
2026-04-07 01:00:00,2026-04-07,0,137.09785,136.9724998735386,126.1633265979334,181.30244314914384,0,0.2187633363600847,0.13333333333333333,0,0.007284563977249002,0.0
2026-04-07 02:00:00,2026-04-07,1,137.09785,137.02622085998547,120.6571070403735,177.19306467959743,0,0.20307427042508466,0.11666666666666667,0,0.005266423472979971,0.0
2026-04-07 03:00:00,2026-04-07,2,137.09785,136.93845268458358,119.83693944097227,167.64114592819487,0,0.20307427042508466,0.125,0,0.006191552212444319,0.0
2026-04-07 04:00:00,2026-04-07,3,137.09785,137.20673748999155,107.5261481979572,167.63254678202588,0,0.20961767217941088,0.1,0,0.005959087997206622,0.0
2026-04-07 05:00:00,2026-04-07,4,149.98685,138.70786382281324,110.93710992503176,151.63960772059465,0,0.08807586921823055,0.06666666666666667,0,0.005903768083219955,0.0
2026-04-07 06:00:00,2026-04-07,5,149.98685,154.29059911489975,131.85263323931133,206.0835349904881,0,0.05497391160294534,0.025,0,0.005047898994991033,0.0
2026-04-07 07:00:00,2026-04-07,6,149.98685,162.5630623569523,150.5052876447689,228.8013470691357,0,0.03311314414070051,0.025,0,0.005016773824362281,0.0
2026-04-07 08:00:00,2026-04-07,7,137.09785,170.7878441038602,135.81138120942057,226.9785369982998,0,0.0318463121673688,0.058333333333333334,0,0.0024435986838222757,0.0
2026-04-07 09:00:00,2026-04-07,8,137.09785,176.39098113532086,142.43831349391638,232.0200487767253,0,0.022655252127098683,0.08333333333333333,0,0.0025536417693267748,0.0
2026-04-07 10:00:00,2026-04-07,9,137.09785,176.99742678145316,137.3469706317455,212.7297329311608,0,0.02233439511340631,0.06666666666666667,0,0.004127945581987385,0.0
2026-04-07 11:00:00,2026-04-07,10,149.98685,188.3671966379984,144.03119647761238,229.51323679838444,0,0.006914180450075542,0.008333333333333333,0,0.02827702729672376,0.0
2026-04-07 12:00:00,2026-04-07,11,149.98685,185.99493398586213,136.42159398641803,235.54267398530624,0,0.006255496836059673,0.025,0,0.024103663173756174,0.0
2026-04-07 13:00:00,2026-04-07,12,149.98685,185.67633456736257,140.81513424243147,238.8170248922937,0,0.003091262436414713,0.016666666666666666,0,0.020196743205955544,0.008333333333333333
2026-04-07 14:00:00,2026-04-07,13,158.98685,194.66876818398907,148.80199634005663,234.7968700279215,0,0.002573343824282253,0.0,0,0.049477625527855625,0.025
2026-04-07 15:00:00,2026-04-07,14,158.98685,204.02753005909625,152.66807433770066,273.4109957804919,0,0.0010169490160558394,0.0,0,0.2428589428466056,0.041666666666666664
2026-04-07 16:00:00,2026-04-07,15,398.98685,227.07938194311407,164.02562608581346,318.3827078004146,0,0.0002993240230716751,0.0,1,0.3864570102557677,0.21666666666666667
2026-04-07 17:00:00,2026-04-07,16,398.98685,227.43199739650493,177.3058096034612,314.92791518954874,0,0.00018938539093429742,0.0,1,0.49322848911121675,0.2916666666666667
2026-04-07 18:00:00,2026-04-07,17,1091.02085,278.48163754843966,216.7785847707349,420.90925032614433,0,0.000223379173303242,0.0,1,0.5852399513667855,0.8916666666666667
2026-04-07 19:00:00,2026-04-07,18,1091.02085,471.80937450638186,275.9771825709344,711.4126164418293,0,0.00040715090525587786,0.0,1,0.7329599006031733,1.0
2026-04-07 20:00:00,2026-04-07,19,274.03285,601.0104987105301,333.991253888871,948.9724835321892,0,0.0008924094863596289,0.0,1,0.7328117946339502,1.0
2026-04-07 21:00:00,2026-04-07,20,189.48685,398.1447316711464,201.2504055463048,694.3451777959881,0,0.0006213306739888715,0.0,0,0.7261168714196866,0.9916666666666667
2026-04-07 22:00:00,2026-04-07,21,158.98685,244.35678270757725,154.6776649848865,440.266880430268,0,0.00040934547880364813,0.0,0,0.43612826929757836,0.6333333333333333
2026-04-07 23:00:00,2026-04-07,22,158.98685,192.78791282628492,141.47701611751523,277.8843995350547,0,0.0011994656031095853,0.0,0,0.08820344890183153,0.058333333333333334
2026-04-08 00:00:00,2026-04-07,23,207.3678,148.36873725512712,127.6577132013369,183.08184130891732,0,0.07231131463431388,0.09166666666666666,1,0.006982793836587737,0.0
2026-04-08 01:00:00,2026-04-08,0,187.3678,206.75355184650044,203.7159485708952,204.56516512210567,0,0.005692342655402425,0.016666666666666666,0,0.0026015297610106057,0.0
2026-04-08 02:00:00,2026-04-08,1,187.3678,206.1397215076885,189.1316276880765,203.9738353273005,0,0.0033232702658405897,0.008333333333333333,0,0.002453932707850401,0.0
2026-04-08 03:00:00,2026-04-08,2,187.3678,206.8043166638167,199.31848342020535,221.1689199074281,0,0.003093016931247166,0.008333333333333333,0,0.002352657862347862,0.0
2026-04-08 04:00:00,2026-04-08,3,207.3678,207.3465773314288,191.69962803939444,227.1912366234631,0,0.003224178846221595,0.008333333333333333,0,0.0039353024710391945,0.0
2026-04-08 05:00:00,2026-04-08,4,207.3678,206.8140447810763,205.5009425503115,237.1495070118411,0,0.0024791690997667216,0.0,0,0.0035217956218315744,0.016666666666666666
2026-04-08 06:00:00,2026-04-08,5,237.3678,198.3691306628791,186.05864097071685,244.09699035504133,0,0.005210181191865841,0.016666666666666666,0,0.003921579336717667,0.0
2026-04-08 07:00:00,2026-04-08,6,237.3678,198.420315778908,179.3183801182879,247.6426114395281,0,0.00435261757809582,0.025,0,0.004006872429750058,0.0
2026-04-08 08:00:00,2026-04-08,7,207.3678,196.18685614510812,165.64155325066852,253.30943903954775,0,0.01794199641533933,0.075,0,0.0017086995995913368,0.0
2026-04-08 09:00:00,2026-04-08,8,207.3678,195.51476647002747,147.72626882862303,251.37821411143196,0,0.019031641940510307,0.10833333333333334,0,0.0016576530705284453,0.0
2026-04-08 10:00:00,2026-04-08,9,207.3678,200.4715905538941,165.53207474907725,260.7572863587109,0,0.00555584942395992,0.08333333333333333,0,0.003764804383100677,0.0
2026-04-08 11:00:00,2026-04-08,10,237.3678,209.62359485761536,172.66629469722932,275.35292501800143,0,0.008296194858549742,0.016666666666666666,0,0.014710207279614012,0.0
2026-04-08 12:00:00,2026-04-08,11,207.3678,201.42590378778365,144.48806378833953,242.66205378722776,0,0.005534973512690095,0.03333333333333333,0,0.007569383535437424,0.0
2026-04-08 13:00:00,2026-04-08,12,207.3678,207.60935680126525,161.32826647633416,271.20383712619633,0,0.000829608542786397,0.025,0,0.029545225609139476,0.008333333333333333
2026-04-08 14:00:00,2026-04-08,13,237.3678,222.9186906325493,158.64949878861685,303.30184247648174,0,0.00037363677012876013,0.0,0,0.05979982507124407,0.016666666666666666
2026-04-08 15:00:00,2026-04-08,14,237.3678,229.67264688570555,153.27381116430996,332.8057926071011,0,0.00038679755549423224,0.0,0,0.13530285754285445,0.041666666666666664
2026-04-08 16:00:00,2026-04-08,15,237.3678,273.55953126207294,221.8551086570528,357.9533838670931,0,0.0003846210505065208,0.0,0,0.45580810214978823,0.675
2026-04-08 17:00:00,2026-04-08,16,272.4138,337.2400593468741,218.37833244238828,573.7453962513598,0,0.0002651187931876829,0.0,0,0.5871326085106469,0.9833333333333333
2026-04-08 18:00:00,2026-04-08,17,397.3678,536.6459152885138,251.70702200515365,978.773448571874,0,0.0006538587597435438,0.0,1,0.7755487567528385,0.9916666666666667
2026-04-08 19:00:00,2026-04-08,18,1161.9998,542.8023454870291,231.99895632278364,1007.4823346512742,0,0.00045911855952928066,0.0,1,0.7894381989131422,1.0
2026-04-08 20:00:00,2026-04-08,19,397.3678,376.58823197972026,222.26435915710272,634.4088148023378,0,0.00043372852400346294,0.0,1,0.5996923171393852,0.975
2026-04-08 21:00:00,2026-04-08,20,237.3678,238.28853196496456,196.6965517053662,338.84123222456293,0,0.00016001300233897176,0.016666666666666666,0,0.23516251598701565,0.1
2026-04-08 22:00:00,2026-04-08,21,237.3678,194.50232740968315,163.5388796869924,241.88273513237388,0,0.00246529345510566,0.025,0,0.04699105874825774,0.016666666666666666
2026-04-08 23:00:00,2026-04-08,22,207.3678,198.209032006614,168.06060529784426,254.4900887153837,0,0.0026057550207561325,0.008333333333333333,0,0.015891179757610167,0.008333333333333333
2026-04-09 00:00:00,2026-04-08,23,202.13742,193.59439535211945,157.97679559383536,238.8252851104036,0,0.02128488817333543,0.05,0,0.014313746309420698,0.008333333333333333
2026-04-09 01:00:00,2026-04-09,0,202.13742,201.9506729972867,178.1767193147917,211.60440667978165,0,0.05420602260170225,0.025,0,0.001796148347228701,0.0
2026-04-09 02:00:00,2026-04-09,1,202.13742,201.5789680130725,171.74604382231118,214.0140322038338,0,0.06467721509198446,0.03333333333333333,0,0.001796148347228701,0.0
2026-04-09 03:00:00,2026-04-09,2,202.13742,201.96624496326885,182.6254461698852,231.15968375665244,0,0.07023380832352064,0.025,0,0.001585229076167478,0.0
2026-04-09 04:00:00,2026-04-09,3,202.13742,202.43756565999087,171.51766636795654,225.2261849520252,0,0.0551837185603801,0.016666666666666666,0,0.0016264244988311572,0.0
2026-04-09 05:00:00,2026-04-09,4,255.13742,203.03957055845413,177.22057832768934,224.79330278921893,0,0.023627233955170614,0.008333333333333333,0,0.001611260740604214,0.016666666666666666
2026-04-09 06:00:00,2026-04-09,5,255.13742,210.7077213508745,187.38915165871225,245.43461104303677,0,0.008417293066618549,0.016666666666666666,0,0.004667881679819244,0.008333333333333333
2026-04-09 07:00:00,2026-04-09,6,236.63742,211.0388374970373,188.89019183641724,256.2345331576574,0,0.02744996542313819,0.016666666666666666,0,0.004440349396358644,0.0
2026-04-09 08:00:00,2026-04-09,7,236.63742,206.96123982718368,184.97568693274405,255.5793827216233,0,0.02978186240339422,0.058333333333333334,0,0.0014339950388657639,0.0
2026-04-09 09:00:00,2026-04-09,8,202.13742,202.8861488713773,169.19729122997285,234.96739651278173,0,0.0313848505644904,0.1,0,0.0010997663344257962,0.0
2026-04-09 10:00:00,2026-04-09,9,236.63742,204.64242499606485,184.25497919124803,242.9735608008817,0,0.025717795418921184,0.09166666666666666,0,0.0011945413692072094,0.0
2026-04-09 11:00:00,2026-04-09,10,255.13742,212.741669360148,185.26514919976196,258.98870952053403,0,0.04214763696355228,0.025,0,0.010960177595652263,0.0
2026-04-09 12:00:00,2026-04-09,11,255.13742,212.546186421998,175.67383642255385,258.6088664214421,0,0.029148741186282166,0.03333333333333333,0,0.002385735298246302,0.0
2026-04-09 13:00:00,2026-04-09,12,255.13742,219.51971068867584,187.6151603637448,257.67377101360694,0,0.022485764167212513,0.016666666666666666,0,0.006244850171365338,0.016666666666666666
2026-04-09 14:00:00,2026-04-09,13,255.13742,239.2963502311336,197.05158838720112,313.882272075066,0,0.002880431124572066,0.0,0,0.046305361591550374,0.025
2026-04-09 15:00:00,2026-04-09,14,255.13742,251.7464109546329,188.73552523323727,344.7512466760285,0,0.002802257580499477,0.0,0,0.08654301853397217,0.041666666666666664
2026-04-09 16:00:00,2026-04-09,15,255.13742,252.47398431295267,196.65184170793248,320.7678569179728,0,0.0013444156673962553,0.0,0,0.13429411033914096,0.10833333333333334
2026-04-09 17:00:00,2026-04-09,16,268.13742,267.3966443793621,212.52223747487628,410.6359112838479,0,0.0004197963717176227,0.0,0,0.46915307856763117,0.2833333333333333
2026-04-09 18:00:00,2026-04-09,17,1079.17142,390.1106597885589,216.3437670108542,691.1566825662637,0,0.0008465847852934058,0.0,1,0.7256339513086452,0.9916666666666667
2026-04-09 19:00:00,2026-04-09,18,457.13742,525.1899077922587,265.2789321278083,878.9168434567092,0,0.0008465847852934058,0.0,1,0.7712579993542908,1.0
2026-04-09 20:00:00,2026-04-09,19,372.11742,382.01498221319264,228.3234273915336,651.9509470348519,0,0.0005515572445842123,0.0,1,0.7108694257958058,0.975
2026-04-09 21:00:00,2026-04-09,20,268.13742,266.9531039153347,213.54321779049303,404.6150800401762,0,0.00035972892295303737,0.016666666666666666,0,0.23163700887882765,0.2833333333333333
2026-04-09 22:00:00,2026-04-09,21,255.13742,226.28414598929743,197.95826544100916,285.0814265375857,0,0.0004264623070301427,0.008333333333333333,0,0.15373071285493262,0.05
2026-04-09 23:00:00,2026-04-09,22,255.13742,216.28120244849748,187.94038104382068,266.1326538531743,0,0.0008962048128782974,0.0,0,0.020381807060729448,0.025
2026-04-10 00:00:00,2026-04-09,23,256.01145,194.3439044726469,125.7765547143628,244.013784230931,0,0.0344350272255554,0.05,0,0.006329195226341571,0.008333333333333333
2026-04-10 01:00:00,2026-04-10,0,256.01145,255.4717622683741,218.41212858587912,286.6220359508691,0,0.014620645011207828,0.016666666666666666,0,0.004852551207679838,0.0
2026-04-10 02:00:00,2026-04-10,1,256.01145,255.2780545306775,204.55216033991616,272.95252872143885,0,0.012920569639929118,0.008333333333333333,0,0.0038585250716547336,0.0
2026-04-10 03:00:00,2026-04-10,2,256.01145,254.98738203019903,232.6498332368153,283.66910082358265,0,0.012920569639929118,0.008333333333333333,0,0.003541132808307553,0.0
2026-04-10 04:00:00,2026-04-10,3,256.01145,255.14592054221697,219.4387712501826,279.41261983425136,0,0.012966147217558966,0.008333333333333333,0,0.003869751119036392,0.0
2026-04-10 05:00:00,2026-04-10,4,267.45145,255.6325941124944,214.6145302147129,283.30313801027586,0,0.006194991758389858,0.0,0,0.010973590661104017,0.016666666666666666
2026-04-10 06:00:00,2026-04-10,5,266.01145,242.1822440271365,199.76509774560333,265.8132503086697,0,0.027778248092934887,0.016666666666666666,0,0.005196218747465199,0.008333333333333333
2026-04-10 07:00:00,2026-04-10,6,256.01145,236.9327449762132,202.54925931559308,255.67063063683327,0,0.03527535461594017,0.016666666666666666,0,0.0025351843292727556,0.0
2026-04-10 08:00:00,2026-04-10,7,256.01145,236.18101252628884,203.6347396318492,259.4031754207285,0,0.045146129744639794,0.06666666666666667,0,0.002756921769251092,0.0
2026-04-10 09:00:00,2026-04-10,8,256.01145,227.9219826355991,187.36871499419465,246.12059027700352,0,0.0719930729134462,0.11666666666666667,0,0.002978667545017813,0.0
2026-04-10 10:00:00,2026-04-10,9,256.01145,233.0795350940532,206.90783928923636,268.31890089887,0,0.039829656144711345,0.09166666666666666,0,0.0010639544342195433,0.0
2026-04-10 11:00:00,2026-04-10,10,266.01145,242.41865761704847,207.94053745666247,282.99519777743456,0,0.02683138523536592,0.025,0,0.0025387266706949946,0.0
2026-04-10 12:00:00,2026-04-10,11,266.01145,243.91691689538104,203.5067168959369,278.94973689482515,0,0.021981316998605626,0.041666666666666664,0,0.003040724874476474,0.0
2026-04-10 13:00:00,2026-04-10,12,268.01145,244.62806286362783,208.88478113369,266.1377745935656,0,0.022167899862046037,0.03333333333333333,0,0.003096963414341481,0.008333333333333333
2026-04-10 14:00:00,2026-04-10,13,268.01145,253.69826837797348,231.08249653404096,316.1280102219059,0,0.0197328526380066,0.008333333333333333,0,0.004069481744394306,0.016666666666666666
2026-04-10 15:00:00,2026-04-10,14,268.01145,259.9677145738799,218.83649885248428,321.51321029527554,0,0.02159720000038012,0.008333333333333333,0,0.013866965755345935,0.016666666666666666
2026-04-10 16:00:00,2026-04-10,15,279.01145,261.7957488140167,222.6520362089965,331.2587514190368,0,0.001718783904049414,0.0,0,0.06780240672105045,0.03333333333333333
2026-04-10 17:00:00,2026-04-10,16,279.01145,288.1366295179571,222.31532261347124,420.71227642244287,0,0.00031567739429979566,0.0,0,0.14221481105449585,0.10833333333333334
2026-04-10 18:00:00,2026-04-10,17,1090.04545,502.69561433540616,372.9393915577014,723.278207113111,0,0.00038436829312750247,0.0,1,0.759844068716835,0.9916666666666667
2026-04-10 19:00:00,2026-04-10,18,468.01145,417.5699389822262,263.3536733177757,632.9133446466767,0,0.0004850233941572775,0.0,1,0.7580908718237789,0.95
2026-04-10 20:00:00,2026-04-10,19,318.01145,356.2038598817943,275.6413450601352,514.4094347034534,0,0.00044502976055160493,0.008333333333333333,0,0.567797900146713,0.7333333333333333
2026-04-10 21:00:00,2026-04-10,20,279.01145,280.10482344022483,235.0162073153832,382.8573995650664,0,0.0004344141567847835,0.016666666666666666,0,0.13319883102047833,0.06666666666666667
2026-04-10 22:00:00,2026-04-10,21,268.01145,269.1533869810108,217.2253164327225,314.7578375292991,0,0.0006494427476387621,0.0,0,0.06680504535084476,0.05
2026-04-10 23:00:00,2026-04-10,22,268.01145,259.16103012996444,202.97058872528768,317.35587153464127,0,0.0008630939285123978,0.0,0,0.023975957075503346,0.025
2026-04-11 00:00:00,2026-04-10,23,279.47077,246.5547121677345,205.7385727378195,273.96269159764944,0,0.01864441950076831,0.05,0,0.020420800217710422,0.008333333333333333
2026-04-11 01:00:00,2026-04-11,0,279.47077,279.0936749009816,262.52994121848667,298.7338385834766,0,0.003074578678922399,0.016666666666666666,0,0.00522112056734901,0.0
2026-04-11 02:00:00,2026-04-11,1,279.47077,279.0612205969278,254.6650064061665,291.2014947876892,0,0.0022836222960087686,0.008333333333333333,0,0.005123890691952377,0.0
2026-04-11 03:00:00,2026-04-11,2,279.47077,278.9834763515608,264.0499931079495,295.4862195951721,0,0.0022836222960087686,0.008333333333333333,0,0.005004901974676525,0.0
2026-04-11 04:00:00,2026-04-11,3,279.47077,279.1256342361036,256.14905823722165,286.6456302349856,0,0.002798656405090809,0.008333333333333333,0,0.005099885519486128,0.0
2026-04-11 05:00:00,2026-04-11,4,279.47077,279.0393900349916,263.7984661372101,301.13968393277304,0,0.003363848890099101,0.0,0,0.005507313827365175,0.025
2026-04-11 06:00:00,2026-04-11,5,279.47077,268.0119506637314,242.9172488273821,286.0926825000807,0,0.011275681920207505,0.008333333333333333,0,0.002480102731032772,0.008333333333333333
2026-04-11 07:00:00,2026-04-11,6,279.47077,265.26688903921155,238.1272571933396,280.5006608850835,0,0.025815832307154226,0.016666666666666666,0,0.0025072642512715994,0.0
2026-04-11 08:00:00,2026-04-11,7,279.47077,263.83222614691056,231.56638660155096,279.7575356922701,0,0.035274399975041365,0.058333333333333334,0,0.0025072642512715994,0.0
2026-04-11 09:00:00,2026-04-11,8,279.47077,261.849981648806,219.92964316903817,279.19232012857384,0,0.03210437640050935,0.09166666666666666,0,0.002615847394652472,0.0
2026-04-11 10:00:00,2026-04-11,9,279.47077,261.54200602998947,235.56787022517264,282.7746218348063,0,0.03685761054586266,0.08333333333333333,0,0.0010980972234411175,0.0
2026-04-11 11:00:00,2026-04-11,10,279.47077,264.8656195755391,237.5940160356887,279.3404831153894,0,0.02021474333931781,0.025,0,0.001498845290196535,0.0
2026-04-11 12:00:00,2026-04-11,11,279.47077,264.59206645579417,233.0831565014,284.3446764101883,0,0.016196891201732587,0.041666666666666664,0,0.0015524653564819562,0.0
2026-04-11 13:00:00,2026-04-11,12,266.47077,266.71121518131105,244.35920032989105,280.9260800327309,0,0.016196891201732587,0.03333333333333333,0,0.0021044267531245865,0.008333333333333333
2026-04-11 14:00:00,2026-04-11,13,266.47077,269.7819252799941,246.3593034360616,288.9474471239265,0,0.0050795118956239015,0.016666666666666666,0,0.003115853107451913,0.008333333333333333
2026-04-11 15:00:00,2026-04-11,14,279.47077,272.71483792190253,245.50936220050693,304.5308936432981,0,0.0011051780191247509,0.008333333333333333,0,0.011640575142141129,0.008333333333333333
2026-04-11 16:00:00,2026-04-11,15,279.47077,274.20910089641114,257.832738291391,321.6628235014313,0,0.0005534504822272159,0.0,0,0.0480000157994328,0.03333333333333333
2026-04-11 17:00:00,2026-04-11,16,290.47077,288.1331420704239,254.12163516593807,365.2386889749097,0,0.0002822676973234849,0.0,0,0.11005376696604316,0.06666666666666667
2026-04-11 18:00:00,2026-04-11,17,354.97077,510.2285045343013,443.80908314391337,619.1191459246892,0,0.0004141533191102905,0.0,0,0.39935955800301615,0.9916666666666667
2026-04-11 19:00:00,2026-04-11,18,355.27077,362.5960273522357,282.7716216877852,479.0295730166862,0,0.0004399067643635341,0.0,0,0.3864695817870966,0.5416666666666666
2026-04-11 20:00:00,2026-04-11,19,354.97077,325.8984193958994,280.5818345742404,419.0937242175585,0,0.00047798177178546024,0.025,0,0.14291430439604416,0.13333333333333333
2026-04-11 21:00:00,2026-04-11,20,290.47077,284.8307061950291,253.13124007018757,357.0448923198707,0,0.0003578774850783793,0.016666666666666666,0,0.11428229568345907,0.058333333333333334
2026-04-11 22:00:00,2026-04-11,21,280.47077,283.366449776949,240.83335922866075,321.2898203252373,0,0.0005455510069712925,0.0,0,0.05399149219774031,0.025
2026-04-11 23:00:00,2026-04-11,22,280.47077,278.10395883900947,230.23625743433269,314.1439702436863,0,0.0006495768735566229,0.0,0,0.022634846777920596,0.025
2026-04-12 00:00:00,2026-04-11,23,281.96721,272.1358647054977,219.27736212913277,308.0279272818626,0,0.008067611378035215,0.05,0,0.024157828753178425,0.016666666666666666
2026-04-12 01:00:00,2026-04-12,0,278.96721,281.6765152628071,259.9324215803121,292.820748945302,0,0.002652147575274024,0.016666666666666666,0,0.0014986960800685836,0.0
2026-04-12 02:00:00,2026-04-12,1,278.96721,281.8369190091447,252.89695481838336,295.63349319990607,0,0.0015802036299074522,0.008333333333333333,0,0.0015344552854038391,0.0
2026-04-12 03:00:00,2026-04-12,2,277.96721,281.83937185017714,258.87119860656577,297.0061250937885,0,0.002525179523756361,0.008333333333333333,0,0.001216180345320182,0.0
2026-04-12 04:00:00,2026-04-12,3,277.96721,281.8045690423426,259.0011812672783,294.7026268174069,0,0.0033460629937344223,0.008333333333333333,0,0.0011878294491568819,0.0
2026-04-12 05:00:00,2026-04-12,4,277.96721,281.46360755998126,257.92490366219977,297.48590145776274,0,0.002012553860717688,0.0,0,0.001412256147091334,0.025
2026-04-12 06:00:00,2026-04-12,5,277.96721,268.5388573762108,238.9124055398615,274.1848292125601,0,0.014551419776171219,0.008333333333333333,0,0.0008785678531856146,0.008333333333333333
2026-04-12 07:00:00,2026-04-12,6,200.46721,268.6837467902293,243.40568494435732,278.9597886361013,0,0.03243131511551599,0.016666666666666666,0,0.0008882053457496845,0.0
2026-04-12 08:00:00,2026-04-12,7,200.46721,267.4598472733169,247.76190553725465,284.4718190093791,0,0.04832801674801842,0.06666666666666667,0,0.0009094113798571944,0.0
2026-04-12 09:00:00,2026-04-12,8,200.46721,265.45798897594887,232.9416341621008,279.7899637897969,0,0.05223515033616308,0.1,0,0.0007908757416307807,0.0
2026-04-12 10:00:00,2026-04-12,9,200.46721,268.154899546687,241.96213374187013,278.8954453515038,0,0.0492726775234566,0.08333333333333333,0,0.0008239189428506242,0.0
2026-04-12 11:00:00,2026-04-12,10,242.43621,271.2534631779759,253.8362077189171,284.95446863703467,0,0.027191718946538882,0.025,0,0.0011026172313682405,0.0
2026-04-12 12:00:00,2026-04-12,11,277.96721,270.66743863299905,243.09890867860483,282.7813785873932,0,0.021818013572987252,0.041666666666666664,0,0.0011555341770148077,0.0
2026-04-12 13:00:00,2026-04-12,12,277.96721,269.7927541824877,259.7494693310677,288.6905290339077,0,0.0186280888944498,0.03333333333333333,0,0.0008631469934963485,0.008333333333333333
2026-04-12 14:00:00,2026-04-12,13,277.96721,269.4916302110736,261.1119183671412,286.162932055006,0,0.01601072178658441,0.016666666666666666,0,0.0008445768442889894,0.008333333333333333
2026-04-12 15:00:00,2026-04-12,14,278.96721,273.645253587802,254.3539478664065,293.54936930919763,0,0.004883204520658282,0.008333333333333333,0,0.002811767978510913,0.008333333333333333
2026-04-12 16:00:00,2026-04-12,15,281.96721,280.1170481636644,273.12733555864423,310.3032007686845,0,0.0005734603980960302,0.0,0,0.004454515045480435,0.03333333333333333
2026-04-12 17:00:00,2026-04-12,16,308.96721,292.3722129368229,273.42844603233704,329.5376198413087,0,0.00016300041714982952,0.0,0,0.012903472843083871,0.058333333333333334
2026-04-12 18:00:00,2026-04-12,17,353.46721,373.552760629612,328.2669048828122,445.2964463764118,0,0.0002882716245632893,0.008333333333333333,0,0.25233295538954975,0.5916666666666667
2026-04-12 19:00:00,2026-04-12,18,353.76721,350.57494025911643,286.957814594666,419.8354659235669,0,0.00026585993986531976,0.0,0,0.26202743508107984,0.3333333333333333
2026-04-12 20:00:00,2026-04-12,19,353.76721,341.8072860867032,303.0627912650441,402.8228809083622,0,0.00027101294858781626,0.016666666666666666,0,0.2639720779109599,0.19166666666666668
2026-04-12 21:00:00,2026-04-12,20,353.76721,301.895215278488,267.3338591536464,350.8963214033296,0,0.00017558841356161094,0.016666666666666666,0,0.08796182568186377,0.06666666666666667
2026-04-12 22:00:00,2026-04-12,21,338.96721,295.10922885255496,265.1187283042667,328.2370194008432,0,0.0003675961820582011,0.0,0,0.05567609522236417,0.03333333333333333
2026-04-12 23:00:00,2026-04-12,22,308.96721,286.77913851059725,242.35677030340287,319.1460567177916,0,0.00046916067343530355,0.0,0,0.028687137305518282,0.025
2026-04-13 00:00:00,2026-04-12,23,298.56081,278.7877881422628,216.5635455658979,330.16275071862776,0,0.005475166160785892,0.05,0,0.0077935760086091325,0.025
2026-04-13 01:00:00,2026-04-13,0,298.56081,298.39303648848795,250.0848628059929,325.5603501709829,0,0.02049106811047022,0.016666666666666666,0,0.0012812734666849798,0.0
2026-04-13 02:00:00,2026-04-13,1,284.56081,298.2772367938951,244.23952260313376,332.4461709846565,0,0.019636825932637002,0.016666666666666666,0,0.001299281033270347,0.0
2026-04-13 03:00:00,2026-04-13,2,284.56081,298.3263466272374,241.33498338362608,340.6535598708488,0,0.017842704103373144,0.016666666666666666,0,0.0007705921474145081,0.0
2026-04-13 04:00:00,2026-04-13,3,284.56081,298.82370698441935,234.39071920935493,327.2062847594837,0,0.0036856762468832683,0.008333333333333333,0,0.0010911886961171543,0.0
2026-04-13 05:00:00,2026-04-13,4,304.56081,298.7173612342765,243.87075733649496,329.55718513205795,0,0.0024480021908538114,0.0,0,0.0010778289560515095,0.016666666666666666
2026-04-13 06:00:00,2026-04-13,5,304.56081,295.4652419657396,267.209335815551,335.69780811592824,0,0.00272467802215135,0.008333333333333333,0,0.0010590662896702036,0.0
2026-04-13 07:00:00,2026-04-13,6,298.56081,282.29641659261483,263.2263429977415,322.7750801874882,0,0.02082139414688685,0.03333333333333333,0,0.0011867648485115328,0.0
2026-04-13 08:00:00,2026-04-13,7,304.56081,282.03468314277046,240.78210304517435,315.4763032403665,0,0.03543050358395978,0.08333333333333333,0,0.0013804956702151469,0.0
2026-04-13 09:00:00,2026-04-13,8,304.56081,283.36445859304564,233.5146143371815,322.8836328489098,0,0.017482654971635345,0.11666666666666667,0,0.0014208658000244966,0.0
2026-04-13 10:00:00,2026-04-13,9,304.56081,286.0724298405076,251.0696172662313,323.6364924147839,0,0.013086719038160883,0.09166666666666666,0,0.0016789712767899033,0.0
2026-04-13 11:00:00,2026-04-13,10,304.56081,291.92098790920204,248.88878908359823,318.04806673480584,0,0.013947489646828792,0.025,0,0.0021755486832008186,0.0
2026-04-13 12:00:00,2026-04-13,11,304.56081,294.5438644357369,253.84194448134272,323.740894390131,0,0.005506684979877729,0.041666666666666664,0,0.002286027902429606,0.0
2026-04-13 13:00:00,2026-04-13,12,314.56081,302.6098016642232,264.2588868128032,339.12837651564314,0,0.0007285004542359911,0.03333333333333333,0,0.005070457969174744,0.008333333333333333
2026-04-13 14:00:00,2026-04-13,13,330.56081,310.28001460874685,277.8976127648143,361.35326645267935,0,0.00016176836392773253,0.008333333333333333,0,0.01118355076188925,0.016666666666666666
2026-04-13 15:00:00,2026-04-13,14,333.56081,322.478053009589,279.5505872881934,384.5849187309846,0,0.0001151212466400704,0.008333333333333333,0,0.066026204217746,0.03333333333333333
2026-04-13 16:00:00,2026-04-13,15,345.06081,324.7586300297083,287.60753742468813,369.13380263472845,0,0.00010179689252976296,0.0,0,0.10296279595190634,0.06666666666666667
2026-04-13 17:00:00,2026-04-13,16,345.06081,356.7055040340141,318.4052071295283,441.7793309384999,0,0.00011974216921107649,0.0,0,0.17704141320919334,0.15
2026-04-13 18:00:00,2026-04-13,17,1081.59481,416.3889919534853,329.2746362066855,594.4474277002851,0,0.00013740881660572658,0.008333333333333333,1,0.4296228849370465,0.6833333333333333
2026-04-13 19:00:00,2026-04-13,18,1081.59481,435.8386978325706,318.8867621681201,613.410003497021,0,0.0001643720104068354,0.0,1,0.4647552863682389,0.7916666666666666
2026-04-13 20:00:00,2026-04-13,19,459.56081,405.3566819605495,349.16238713889044,523.8057167822087,0,0.00015364054647938117,0.008333333333333333,1,0.3832731894540901,0.525
2026-04-13 21:00:00,2026-04-13,20,330.56081,372.11470560044506,325.61349534084667,424.3913758600434,0,0.00014567805948763617,0.016666666666666666,0,0.21892561721114573,0.26666666666666666
2026-04-13 22:00:00,2026-04-13,21,314.56081,339.744774957118,299.74674723442723,367.7570626798088,0,0.0001700422334726849,0.0,0,0.08098332873511449,0.06666666666666667
2026-04-13 23:00:00,2026-04-13,22,314.56081,319.9612280295865,266.4019877661362,358.8774582930368,0,0.00019056132121231711,0.0,0,0.018294063120698346,0.03333333333333333
2026-04-14 00:00:00,2026-04-13,23,335.71938,294.3497912149886,267.2179286386237,341.5877737913535,0,0.02662886389347079,0.05,0,0.0020357456562638066,0.008333333333333333
2026-04-14 01:00:00,2026-04-14,0,323.71938,335.1345166846765,314.1844030021815,342.29058036717146,0,0.025316903441197147,0.016666666666666666,0,0.002922967677595105,0.0
2026-04-14 02:00:00,2026-04-14,1,323.71938,334.6573853841255,314.4650311933641,351.19693957488687,0,0.03484085044411298,0.016666666666666666,0,0.0033235374634516374,0.0
2026-04-14 03:00:00,2026-04-14,2,323.71938,335.0666826474076,328.4989794037962,376.54691589101895,0,0.03544895605913566,0.016666666666666666,0,0.00325873128012339,0.0
2026-04-14 04:00:00,2026-04-14,3,323.71938,335.8535503043708,322.10999252930645,386.1624280794352,0,0.02903893571885625,0.008333333333333333,0,0.0032521648755791943,0.0
2026-04-14 05:00:00,2026-04-14,4,328.71938,334.7834598301914,328.76251593240994,386.46021372797287,0,0.00795942015011161,0.0,0,0.00464110764097011,0.016666666666666666
2026-04-14 06:00:00,2026-04-14,5,328.71938,332.05275031498445,320.2582841647958,379.50216646517305,0,0.004886137975455582,0.008333333333333333,0,0.004749472349691262,0.0
2026-04-14 07:00:00,2026-04-14,6,323.71938,332.8467888840174,307.85734528914406,372.6882624788908,0,0.0050797001133716475,0.016666666666666666,0,0.004235202303457766,0.0
2026-04-14 08:00:00,2026-04-14,7,323.71938,323.1082127943227,270.7726426967266,364.1958628919188,0,0.01312137443377394,0.075,0,0.00430569479907617,0.0
2026-04-14 09:00:00,2026-04-14,8,323.71938,329.2214254008856,285.7497511450215,381.3421496567497,0,0.013080231285178278,0.09166666666666666,0,0.002913724183136938,0.0
2026-04-14 10:00:00,2026-04-14,9,323.71938,338.02392660012526,296.513644025849,381.3274891744017,0,0.005614665916090731,0.075,0,0.0076222504394876595,0.0
2026-04-14 11:00:00,2026-04-14,10,328.71938,335.49680339705577,288.396554571452,368.77812222265953,0,0.0024510867571321112,0.025,0,0.0032299784029541077,0.0
2026-04-14 12:00:00,2026-04-14,11,328.71938,330.868478355068,287.78798840067384,365.93092830946216,0,0.003909198319677895,0.041666666666666664,0,0.003965614333568841,0.0
2026-04-14 13:00:00,2026-04-14,12,328.71938,345.21801533527923,295.37260048385923,404.3008901866992,0,0.0021787918694224956,0.025,0,0.014650176799187363,0.008333333333333333
2026-04-14 14:00:00,2026-04-14,13,335.71938,365.1173587058668,312.61672166675453,459.3692157449791,0,0.0004213798558172236,0.0,0,0.05231939675300858,0.016666666666666666
2026-04-14 15:00:00,2026-04-14,14,335.71938,366.54028286151305,291.729587806646,494.42859791638,0,0.0004491654065463122,0.0,0,0.12766711471012454,0.041666666666666664
2026-04-14 16:00:00,2026-04-14,15,378.71938,389.19366876636616,343.637266161346,473.5200013713864,0,0.00020316371583757218,0.0,0,0.1678225956906002,0.06666666666666667
2026-04-14 17:00:00,2026-04-14,16,378.71938,510.3727597296444,407.80165282515856,788.8941566341301,0,0.00022495663925003494,0.0,0,0.21805336483270482,0.925
2026-04-14 18:00:00,2026-04-14,17,1150.80138,744.3033725929103,426.2408144610632,1284.9955507247575,0,0.0003070872322386184,0.0,1,0.7263935250468601,0.9916666666666667
2026-04-14 19:00:00,2026-04-14,18,1150.74838,735.107184104848,402.25365719720975,1251.8726110124862,0,0.00023803798909526478,0.0,1,0.7012030572974483,1.0
2026-04-14 20:00:00,2026-04-14,19,563.71938,527.9834879909549,372.7503031692959,818.170822812614,0,0.00026737611663902656,0.008333333333333333,1,0.5920190188174322,0.85
2026-04-14 21:00:00,2026-04-14,20,378.71938,390.0407824912994,342.43576223170106,488.5169427508979,0,0.00033714339601387125,0.016666666666666666,0,0.1659870158931673,0.1
2026-04-14 22:00:00,2026-04-14,21,335.71938,352.52180750061564,308.3333397779249,382.3201552233064,0,0.001157284252949147,0.008333333333333333,0,0.04168623270372967,0.03333333333333333
2026-04-14 23:00:00,2026-04-14,22,335.71938,345.2335031139738,299.9493328505235,376.1997033774241,0,0.0014620123780835787,0.0,0,0.019008239004247387,0.025
2026-04-15 00:00:00,2026-04-14,23,330.20876,329.1955635985103,278.0917110221454,386.5656261748752,0,0.006044558155211681,0.05,0,0.04500805399860043,0.008333333333333333
2026-04-15 01:00:00,2026-04-15,0,327.40876,329.57643856451165,301.6599748820167,336.1872022470066,0,0.04110265414426755,0.025,0,0.0020084117170087665,0.0
2026-04-15 02:00:00,2026-04-15,1,340.40876,329.11809132970507,290.83030713894374,339.7604655204664,0,0.043411710735226136,0.016666666666666666,0,0.002117614837129756,0.0
2026-04-15 03:00:00,2026-04-15,2,330.20876,329.55274024060924,313.7232914472256,372.5357490339928,0,0.037505080303060385,0.016666666666666666,0,0.0011999839294581389,0.0
2026-04-15 04:00:00,2026-04-15,3,355.40876,330.25855268211143,300.42115218593096,379.8699831782918,0,0.03938946989816846,0.008333333333333333,0,0.0010688275458861844,0.0
2026-04-15 05:00:00,2026-04-15,4,355.40876,330.2726013914797,315.1905507644948,375.0722220184646,0,0.01847951131049644,0.0,0,0.001293112455903154,0.016666666666666666
2026-04-15 06:00:00,2026-04-15,5,355.40876,329.18548635144884,319.6787202012602,373.91433250163743,0,0.001658414395849572,0.025,0,0.00190233374956939,0.0
2026-04-15 07:00:00,2026-04-15,6,355.40876,327.9229075530257,306.2401939581524,373.844641147899,0,0.0016076587513603805,0.016666666666666666,0,0.0015909875842674297,0.0
2026-04-15 08:00:00,2026-04-15,7,355.40876,325.42413396953725,281.5738238719412,374.7300240671333,0,0.02330073022513902,0.06666666666666667,0,0.0011844160736566424,0.0
2026-04-15 09:00:00,2026-04-15,8,355.40876,326.6882339628907,279.8449897070266,373.9656782187548,0,0.02444122658629101,0.09166666666666666,0,0.0011992826549855032,0.0
2026-04-15 10:00:00,2026-04-15,9,355.40876,331.0053736506092,287.7882310763329,379.18783622488553,0,0.010522760212740002,0.075,0,0.0010252758690098922,0.0
2026-04-15 11:00:00,2026-04-15,10,355.40876,334.860120585886,292.5221917602822,382.59916941148975,0,0.0013473465200103817,0.025,0,0.0014911496764325443,0.0
2026-04-15 12:00:00,2026-04-15,11,340.40876,333.97945792691235,286.2593179725182,370.1106378813065,0,0.02698366439172499,0.03333333333333333,0,0.0017819533835327294,0.0
2026-04-15 13:00:00,2026-04-15,12,355.40876,346.2266689884553,300.4306241370353,396.3348438398753,0,0.00754478970270387,0.016666666666666666,0,0.005714066415454325,0.008333333333333333
2026-04-15 14:00:00,2026-04-15,13,355.40876,363.1666716558577,306.9243046167454,451.01198869496994,0,0.00025106265134904586,0.0,0,0.022287034281484524,0.016666666666666666
2026-04-15 15:00:00,2026-04-15,14,355.40876,368.9432907878566,304.16412573298965,503.5115158427236,0,0.00026762058820592184,0.0,0,0.05628114501886597,0.041666666666666664
2026-04-15 16:00:00,2026-04-15,15,375.40876,381.2988959818133,333.74966337679314,456.4687685868335,0,0.0003279234757441759,0.0,0,0.10633725349687087,0.06666666666666667
2026-04-15 17:00:00,2026-04-15,16,385.40876,468.0449712140712,380.6811092868667,717.2752631412758,0,0.00025358987385370785,0.0,0,0.2689412401026354,0.8166666666666667
2026-04-15 18:00:00,2026-04-15,17,390.40876,739.0072530706593,423.6838149388122,1264.8299312025065,0,0.0002943002406026001,0.0,0,0.7441704906917859,0.9916666666666667
2026-04-15 19:00:00,2026-04-15,18,1087.44276,731.813413324905,362.4443864172667,1263.5550402325432,0,0.0002281255246966473,0.0,1,0.7097229843496209,1.0
2026-04-15 20:00:00,2026-04-15,19,385.40876,549.9172840871258,365.4277948573942,866.1981733168575,0,0.0002517416629155214,0.008333333333333333,0,0.636382345427497,0.9
2026-04-15 21:00:00,2026-04-15,20,385.40876,391.4302756428164,348.0866395179748,514.0410317676581,0,0.0003279234757441759,0.016666666666666666,0,0.16568053957375475,0.10833333333333334
2026-04-15 22:00:00,2026-04-15,21,375.40876,347.87770491835016,298.7857715483028,390.5004082883975,0,0.0008463155064735763,0.008333333333333333,0,0.03393178278441696,0.03333333333333333
2026-04-15 23:00:00,2026-04-15,22,355.40876,342.7268712143573,281.560510950907,394.7510214778076,0,0.024574340936817096,0.0,0,0.0070526117377518556,0.025
2026-04-16 00:00:00,2026-04-15,23,357.42949,324.43490236043385,242.61116978406892,404.0451649367988,0,0.050034182746667696,0.05,0,0.0026942801270281634,0.008333333333333333
2026-04-16 01:00:00,2026-04-16,0,357.42949,357.2840551248204,298.3684714423254,402.68009880731535,0,0.027974425687284938,0.016666666666666666,0,0.001328797959494174,0.0
2026-04-16 02:00:00,2026-04-16,1,357.42949,356.85988382055586,290.6992864941695,393.7922711469422,0,0.02930282101818094,0.016666666666666666,0,0.0014986768940627399,0.0
2026-04-16 03:00:00,2026-04-16,2,357.42949,357.0728433556584,310.16125456227473,400.322392149042,0,0.030115286116152808,0.016666666666666666,0,0.0014031874966262557,0.0
2026-04-16 04:00:00,2026-04-16,3,357.42949,357.80240632413563,294.6575569027383,408.3720757455329,0,0.04057258017253947,0.008333333333333333,0,0.0016222872264275562,0.0
2026-04-16 05:00:00,2026-04-16,4,371.92949,358.3430613874582,313.5409107604733,407.0553820144431,0,0.005886881024273036,0.0,0,0.0023774017137819527,0.016666666666666666
2026-04-16 06:00:00,2026-04-16,5,371.92949,352.14004724503263,310.035381094844,393.0501333952212,0,0.006095543984793422,0.008333333333333333,0,0.0021005746247971303,0.008333333333333333
2026-04-16 07:00:00,2026-04-16,6,371.92949,352.3884985915738,318.42373499670043,397.0438421864472,0,0.01248367804170642,0.016666666666666666,0,0.001613620850364237,0.0
2026-04-16 08:00:00,2026-04-16,7,371.92949,349.511204721897,306.546514624301,387.46543481949305,0,0.030339057189048665,0.06666666666666667,0,0.0017803049375547811,0.0
2026-04-16 09:00:00,2026-04-16,8,357.42949,347.5927511362964,306.74229688043226,401.8680253921605,0,0.03494183250141443,0.09166666666666666,0,0.0015815937056681188,0.0
2026-04-16 10:00:00,2026-04-16,9,357.42949,349.8959690143894,312.9736964401131,409.1489915886657,0,0.02257788420854266,0.08333333333333333,0,0.0015218467604177948,0.0
2026-04-16 11:00:00,2026-04-16,10,357.42949,353.0100172577529,303.1102084321491,412.5502460833566,0,0.006652520044092092,0.025,0,0.0008619860271876226,0.0
2026-04-16 12:00:00,2026-04-16,11,357.42949,348.2632292275255,293.1431592731314,402.3149991819196,0,0.010649639855162063,0.041666666666666664,0,0.000995808131927097,0.0
2026-04-16 13:00:00,2026-04-16,12,371.92949,358.96042054432195,307.668165692902,416.3238453957418,0,0.00321962554180394,0.03333333333333333,0,0.0035346165959550644,0.008333333333333333
2026-04-16 14:00:00,2026-04-16,13,381.92949,372.6539164850624,332.7221994459501,465.19234352417465,0,0.0010203936157789785,0.008333333333333333,0,0.004644842449671676,0.016666666666666666
2026-04-16 15:00:00,2026-04-16,14,381.92949,384.2748174819967,323.16454176786937,469.5216531961241,0,0.0010203936157789785,0.0,0,0.016290364397685875,0.041666666666666664
2026-04-16 16:00:00,2026-04-16,15,402.92949,393.0039803345354,339.8544577295152,432.2390229395555,0,0.0009805486064831317,0.0,0,0.01805271203308423,0.06666666666666667
2026-04-16 17:00:00,2026-04-16,16,458.92949,445.98142113698987,367.8279192097853,633.7335430641945,0,0.0004045334261285629,0.0,0,0.05161388012871932,0.25
2026-04-16 18:00:00,2026-04-16,17,458.92949,554.7921717644356,327.54034363258853,940.5283998962826,0,0.0001637253761723441,0.0,0,0.36065410937012815,0.8666666666666667
2026-04-16 19:00:00,2026-04-16,18,1083.96349,633.1885455234884,394.829059859038,987.5111511879388,0,0.0002071704563094625,0.0,1,0.7609280336506605,0.9666666666666667
2026-04-16 20:00:00,2026-04-16,19,458.92949,473.5940833466608,371.0144141169292,669.2644925763924,0,0.00013713925851476766,0.016666666666666666,0,0.19302963359006503,0.4666666666666667
2026-04-16 21:00:00,2026-04-16,20,458.92949,399.975677063874,373.2871883201923,466.5245658075557,0,0.00039322821359064893,0.016666666666666666,0,0.07771570010183965,0.06666666666666667
2026-04-16 22:00:00,2026-04-16,21,401.92949,371.9935997124169,331.3792563423695,413.87682308246417,0,0.003540373762820262,0.008333333333333333,0,0.009389790832513265,0.025
2026-04-16 23:00:00,2026-04-16,22,381.92949,362.1173450317714,279.18056476832106,429.1081352952217,0,0.006104026034244418,0.0,0,0.004802237089999144,0.025
2026-04-17 00:00:00,2026-04-16,23,374.7422,352.1755938738457,269.5346312974808,409.5880264502105,0,0.006988960339453626,0.05,0,0.003977894881149493,0.008333333333333333
2026-04-17 01:00:00,2026-04-17,0,374.7422,374.5230189760423,322.6344752935474,412.9762526585373,0,0.014143750906627483,0.016666666666666666,0,0.0008049234372905368,0.0
2026-04-17 02:00:00,2026-04-17,1,374.7422,374.3704843829969,305.68710705661056,396.8363617093832,0,0.018819266994775395,0.008333333333333333,0,0.0008027805037254662,0.0
2026-04-17 03:00:00,2026-04-17,2,374.7422,374.5204775882044,324.3627887948208,411.237696381588,0,0.01736838817653398,0.008333333333333333,0,0.0008247626061732368,0.0
2026-04-17 04:00:00,2026-04-17,3,374.7422,374.7360552400644,319.416615818667,411.3537946614617,0,0.016101454955394317,0.008333333333333333,0,0.0009131656891318237,0.0
2026-04-17 05:00:00,2026-04-17,4,374.7422,374.7681090130242,325.56264838603926,415.685359640009,0,0.00505697576654717,0.0,0,0.0013001651613272773,0.016666666666666666
2026-04-17 06:00:00,2026-04-17,5,384.7422,354.6849902892696,303.72237413908096,384.70949643945823,0,0.020937488898437037,0.016666666666666666,0,0.0010308760802208048,0.0
2026-04-17 07:00:00,2026-04-17,6,374.7422,353.1118762104888,310.4735226156154,386.2106998053621,0,0.016518502389838565,0.016666666666666666,0,0.0010318709550419301,0.0
2026-04-17 08:00:00,2026-04-17,7,374.7422,352.82107175228936,302.8756816546933,388.0927118498854,0,0.03280989106047335,0.06666666666666667,0,0.001123788304643834,0.0
2026-04-17 09:00:00,2026-04-17,8,374.7422,351.2196036857366,303.28544942987253,399.0221879416008,0,0.023101240673807193,0.10833333333333334,0,0.0008063176715463499,0.0
2026-04-17 10:00:00,2026-04-17,9,374.7422,352.68266947964145,311.63717690536515,407.54010205391774,0,0.02208489406755472,0.08333333333333333,0,0.0007654040129245851,0.0
2026-04-17 11:00:00,2026-04-17,10,374.7422,356.8399744316307,310.7795156060269,401.6865032572345,0,0.02531510778580299,0.025,0,0.000983404007781639,0.0
2026-04-17 12:00:00,2026-04-17,11,374.7422,353.49593511770405,304.7431351633099,396.4168750720982,0,0.026283781285994547,0.041666666666666664,0,0.0017201136861722936,0.0
2026-04-17 13:00:00,2026-04-17,12,384.7422,361.15156215728587,310.2232373058659,391.3519470087058,0,0.0034012721955523125,0.03333333333333333,0,0.003935021568516141,0.008333333333333333
2026-04-17 14:00:00,2026-04-17,13,386.7422,370.1882874928245,337.95863045371215,423.3754045319368,0,0.0015144268470015274,0.008333333333333333,0,0.004193964120323501,0.016666666666666666
2026-04-17 15:00:00,2026-04-17,14,386.7422,382.2873091339697,338.82095341984234,441.4082648480971,0,0.0005953793810936368,0.008333333333333333,0,0.02906236946765787,0.016666666666666666
2026-04-17 16:00:00,2026-04-17,15,386.7422,391.3551154786099,351.3845028735897,442.33098808363,0,0.0002476964078305603,0.0,0,0.03729874542479469,0.041666666666666664
2026-04-17 17:00:00,2026-04-17,16,414.7422,434.4853499132034,366.5703079859988,564.9983818404079,0,0.0002791916880717694,0.0,0,0.13993538172880676,0.125
2026-04-17 18:00:00,2026-04-17,17,554.7422,503.5355723020036,354.7355329869069,739.8096616171002,0,0.00012717295521134846,0.016666666666666666,1,0.4838066501894529,0.6166666666666667
2026-04-17 19:00:00,2026-04-17,18,554.7422,620.5484759169415,470.88524025249103,845.0508315813919,0,0.00016826908849397557,0.0,1,0.7843051122290844,0.95
2026-04-17 20:00:00,2026-04-17,19,414.7422,471.4647428755159,396.6154747599178,595.9460709911141,0,0.00011203713849138897,0.016666666666666666,0,0.3347623716771182,0.31666666666666665
2026-04-17 21:00:00,2026-04-17,20,404.7422,416.4124134787167,383.5241107725108,475.1354061849226,0,0.0004105673493653232,0.016666666666666666,0,0.20417204058441904,0.08333333333333333
2026-04-17 22:00:00,2026-04-17,21,386.7422,386.38985005593264,339.53550668588525,427.73807342598,0,0.0015810316260852322,0.0,0,0.029399116343856002,0.025
2026-04-17 23:00:00,2026-04-17,22,384.7422,371.656070715695,291.2047404522447,437.48522097914525,0,0.003111655833867699,0.0,0,0.006706361218058846,0.025
2026-04-18 00:00:00,2026-04-17,23,307.44404,367.65191010323673,293.3517775268718,420.51162267960166,0,0.0041676430884398045,0.05,0,0.008966236764103531,0.016666666666666666
2026-04-18 01:00:00,2026-04-18,0,257.44404,307.30758931646125,270.1003556339664,346.9651829989562,0,0.005201233150064267,0.016666666666666666,0,0.0013893716608872598,0.0
2026-04-18 02:00:00,2026-04-18,1,257.44404,307.1000423527379,264.1953650263515,345.7307596791242,0,0.005201233150064267,0.008333333333333333,0,0.001505433801858169,0.0
2026-04-18 03:00:00,2026-04-18,2,257.44404,306.8663711630007,275.77574236961703,337.9541099563843,0,0.004477061830663056,0.008333333333333333,0,0.0013029258379794162,0.0
2026-04-18 04:00:00,2026-04-18,3,307.44404,306.75656888617726,269.9544494647799,333.7748383075746,0,0.00271962409022581,0.008333333333333333,0,0.0013414832413587705,0.0
2026-04-18 05:00:00,2026-04-18,4,307.44404,308.278734185709,267.4852935587241,329.2102248126939,0,0.002560744549317562,0.0,0,0.0022402853332231295,0.016666666666666666
2026-04-18 06:00:00,2026-04-18,5,307.44404,298.5742795753185,247.05152637049045,308.4929027801465,0,0.01006375207477041,0.016666666666666666,0,0.0024816079127251136,0.008333333333333333
2026-04-18 07:00:00,2026-04-18,6,262.49004,294.573168023481,260.9428144286076,319.6991816183543,0,0.010203083466142371,0.016666666666666666,0,0.001258860362835745,0.0
2026-04-18 08:00:00,2026-04-18,7,257.44404,290.86482010752536,248.8449500099293,307.53400020512146,0,0.049609086632339525,0.06666666666666667,0,0.0012722119436177626,0.0
2026-04-18 09:00:00,2026-04-18,8,257.44404,291.90533422533355,246.54530996946943,313.92454848119763,0,0.04334632657987322,0.10833333333333334,0,0.0013063761606401261,0.0
2026-04-18 10:00:00,2026-04-18,9,257.44404,293.85391493619977,262.66369236192344,320.30377751047604,0,0.018373473956653945,0.08333333333333333,0,0.0012615464460224359,0.0
2026-04-18 11:00:00,2026-04-18,10,257.44404,298.6232643075581,265.1540554819543,332.3922231331619,0,0.01668350848922137,0.025,0,0.0016812995388912789,0.0
2026-04-18 12:00:00,2026-04-18,11,257.44404,302.2982750117169,265.33122505732274,332.10459496611105,0,0.009900120168497941,0.041666666666666664,0,0.003928461729845719,0.0
2026-04-18 13:00:00,2026-04-18,12,257.44404,302.5324182398591,282.7860133884392,334.98140309127905,0,0.015250586270901506,0.03333333333333333,0,0.005128533433391642,0.008333333333333333
2026-04-18 14:00:00,2026-04-18,13,307.44404,305.5926478455313,287.06244080641903,328.8755048846436,0,0.00714054884652011,0.008333333333333333,0,0.005266492317811082,0.008333333333333333
2026-04-18 15:00:00,2026-04-18,14,362.44404,315.0685540467533,293.864382557306,351.54226553620066,0,0.001355773121594695,0.008333333333333333,0,0.00867454016544161,0.008333333333333333
2026-04-18 16:00:00,2026-04-18,15,367.44404,324.3434806627244,303.6996342851515,363.0310070402973,0,0.0005169845187258683,0.0,0,0.017155578328145037,0.03333333333333333
2026-04-18 17:00:00,2026-04-18,16,381.64404,355.27977584044373,322.05006893595794,393.9924027449296,0,0.00043523497088458985,0.0,0,0.06879180829731933,0.11666666666666667
2026-04-18 18:00:00,2026-04-18,17,555.74404,424.95878733627177,391.47358455856704,487.9181101139765,0,0.00028593317998020797,0.008333333333333333,1,0.4488792412730916,0.6833333333333333
2026-04-18 19:00:00,2026-04-18,18,305.64104,431.90972429124616,375.11493052686245,499.3760480556299,0,0.0003021268903204172,0.0,0,0.5006823279482845,0.75
2026-04-18 20:00:00,2026-04-18,19,537.44404,385.0465017059509,338.69711121287844,436.6123921990234,0,0.0003535180799891539,0.016666666666666666,1,0.18800294482892452,0.275
2026-04-18 21:00:00,2026-04-18,20,405.44404,358.4838429901342,324.0202982600345,400.7435077202338,0,0.0004889255306870944,0.016666666666666666,1,0.1471382893141777,0.13333333333333333
2026-04-18 22:00:00,2026-04-18,21,381.64404,343.2925675219021,302.4002679926111,378.846757051193,0,0.00042817470571554576,0.0,0,0.1061656141033972,0.058333333333333334
2026-04-18 23:00:00,2026-04-18,22,381.64404,321.0792377287202,266.9906974652699,353.3474679921705,0,0.0010487613891996255,0.0,0,0.03194716183995703,0.025
2026-04-19 00:00:00,2026-04-18,23,176.31917,311.84979572908674,172.41156315272184,408.8020583054517,1,0.006556748405567124,0.05,0,0.012723710860041326,0.03333333333333333
2026-04-19 01:00:00,2026-04-19,0,176.31917,176.8188066736726,90.18749797116978,279.2529953761754,0,0.1707378526715547,0.03333333333333333,0,0.004060313113275798,0.0
2026-04-19 02:00:00,2026-04-19,1,176.31917,176.7597502331439,91.29009466065538,266.6976458056324,0,0.12736660661221727,0.03333333333333333,0,0.004060313113275798,0.0
2026-04-19 03:00:00,2026-04-19,2,176.31917,176.91480149046794,110.65590839407118,267.0273145868647,0,0.09975625076340561,0.03333333333333333,0,0.0024791640832489163,0.0
2026-04-19 04:00:00,2026-04-19,3,176.31917,176.96714960748432,106.563240186087,246.23027902888165,0,0.10784498325209882,0.025,0,0.003923343795585965,0.0
2026-04-19 05:00:00,2026-04-19,4,176.31917,181.8053417270732,107.24609110008834,244.05883235405813,0,0.04631060669150828,0.0,0,0.003409349791791728,0.008333333333333333
2026-04-19 06:00:00,2026-04-19,5,124.12817,188.4530979522197,122.15296474739164,238.26307115704776,0,0.02151786655440159,0.008333333333333333,0,0.0021727446782185346,0.0
2026-04-19 07:00:00,2026-04-19,6,124.12817,179.9182133404612,125.46130974558784,230.14658693533457,0,0.19133846476946884,0.025,0,0.0010433398003243267,0.0
2026-04-19 08:00:00,2026-04-19,7,124.12517,169.70186612978802,120.66797603219196,213.2763662273841,0,0.18580866713950528,0.1,0,0.001266746359828288,0.0
2026-04-19 09:00:00,2026-04-19,8,124.12517,167.76365528090375,102.6118210250396,201.1765695367679,0,0.20391901651146094,0.125,0,0.001266746359828288,0.0
2026-04-19 10:00:00,2026-04-19,9,124.12517,172.41206591152368,115.3117552190748,219.1651866039726,0,0.20521942693284467,0.1,0,0.0012024980378201357,0.0
2026-04-19 11:00:00,2026-04-19,10,124.12817,173.21595020152608,107.43266088504072,222.5429195180115,0,0.19845259346730165,0.03333333333333333,0,0.001420876910085015,0.0
2026-04-19 12:00:00,2026-04-19,11,124.12817,185.46853705296635,117.36052705352223,231.2651070524105,0,0.025259383268224366,0.03333333333333333,0,0.003936508831530011,0.0
2026-04-19 13:00:00,2026-04-19,12,176.31917,188.5126542383812,135.51100384627924,238.2709346304832,0,0.0372608898845666,0.025,0,0.0034517452871631426,0.008333333333333333
2026-04-19 14:00:00,2026-04-19,13,176.31917,202.97356924415985,154.27055220504752,246.7598062832722,0,0.027979939527160796,0.0,0,0.0065714837571275615,0.016666666666666666
2026-04-19 15:00:00,2026-04-19,14,176.31917,225.34282275836264,183.83678704423528,283.50446847249,0,0.003783808039111138,0.0,0,0.042545124398530115,0.06666666666666667
2026-04-19 16:00:00,2026-04-19,15,176.31917,238.5018201464619,192.8404180321997,287.83703226072413,0,0.000878140503081336,0.0,0,0.1320630141000289,0.2916666666666667
2026-04-19 17:00:00,2026-04-19,16,326.31917,280.2407232795999,214.66234637511403,337.32124018408564,0,0.00039473988319869345,0.0,1,0.2895249457857795,0.8833333333333333
2026-04-19 18:00:00,2026-04-19,17,331.31917,414.6493887071896,328.2619493920929,519.3438880222863,0,0.00023730166604451418,0.0,1,0.8054288127022166,0.9833333333333333
2026-04-19 19:00:00,2026-04-19,18,556.31917,404.80362275659786,308.12535709214734,530.0253284210484,0,0.00027644377008477267,0.0,1,0.5521669440951562,1.0
2026-04-19 20:00:00,2026-04-19,19,331.31917,379.1190682335917,289.2247001179935,485.8691563491898,0,0.00022405996539395578,0.0,1,0.7849978405704874,0.975
2026-04-19 21:00:00,2026-04-19,20,331.31917,306.1838674890719,238.330904782866,387.1687101952778,0,0.00018131668779330557,0.008333333333333333,1,0.7511123926925276,0.925
2026-04-19 22:00:00,2026-04-19,21,326.31917,275.22674649364075,206.1589487228719,329.6536542644096,0,0.00043295950474860745,0.0,1,0.5987416473509934,0.875
2026-04-19 23:00:00,2026-04-19,22,240.79917,239.50573654160183,149.93488983283206,311.6476732503716,0,0.0006598489295894741,0.0,1,0.4080744453427292,0.24166666666666667
2026-04-20 00:00:00,2026-04-19,23,227.71794,200.7253439504646,111.81409137409972,293.1346165268295,0,0.0030898233278752523,0.03333333333333333,0,0.03312253476379407,0.041666666666666664
2026-04-20 01:00:00,2026-04-20,0,227.71794,227.8187433258257,176.6720146233229,292.7645320283286,0,0.06594511401827101,0.025,0,0.0012102889229820373,0.0
2026-04-20 02:00:00,2026-04-20,1,227.71794,227.44780463027547,137.15420905778697,276.393560202764,0,0.06024750485251019,0.03333333333333333,0,0.0015072649591997135,0.0
2026-04-20 03:00:00,2026-04-20,2,227.71794,226.98419222692112,147.33233913052436,279.45143532331787,0,0.061518698068264946,0.025,0,0.0016127002183710035,0.0
2026-04-20 04:00:00,2026-04-20,3,227.71794,228.23796501151003,147.04294937114733,280.2168606518727,0,0.03200064626729613,0.008333333333333333,0,0.001636954560588137,0.0
2026-04-20 05:00:00,2026-04-20,4,243.21794,228.4847771239882,164.88860649700334,273.7555177509731,0,0.01597547476993555,0.008333333333333333,0,0.00141927401549006,0.016666666666666666
2026-04-20 06:00:00,2026-04-20,5,243.21794,231.3011135169653,198.8987403121372,280.03194672179336,0,0.007008892926018548,0.016666666666666666,0,0.0012832433843220751,0.0
2026-04-20 07:00:00,2026-04-20,6,243.21794,231.7959245703956,205.77566485754625,274.45958428324485,0,0.007823219534636583,0.016666666666666666,0,0.00139863766250985,0.0
2026-04-20 08:00:00,2026-04-20,7,243.21794,227.5885846815844,175.58276458398828,279.30065477918043,0,0.007272720494208486,0.075,0,0.0014550429600769144,0.0
2026-04-20 09:00:00,2026-04-20,8,227.71794,235.0611354740107,194.2159712181466,290.2271097298748,0,0.0034265154749988608,0.09166666666666666,0,0.0013510621996778273,0.0
2026-04-20 10:00:00,2026-04-20,9,227.71794,235.93243926110569,206.2471785686568,305.7297699535545,0,0.003410582210783301,0.075,0,0.0024246203383345775,0.0
2026-04-20 11:00:00,2026-04-20,10,243.21794,236.72680634990536,197.68491703342,282.1193356663907,0,0.0031877732379337375,0.025,0,0.004278426932447349,0.0
2026-04-20 12:00:00,2026-04-20,11,227.71794,228.7134534172572,175.16316341781308,258.3001734167013,0,0.007220030922635149,0.058333333333333334,0,0.005255430110271495,0.0
2026-04-20 13:00:00,2026-04-20,12,243.21794,234.26859104804365,198.7108306559417,286.32533144014565,0,0.00033798848982844295,0.03333333333333333,0,0.011989060291077193,0.008333333333333333
2026-04-20 14:00:00,2026-04-20,13,249.71794,239.83228759294684,209.30571055383456,303.48736463205915,0,0.0003129639300081456,0.008333333333333333,0,0.018855560892972457,0.016666666666666666
2026-04-20 15:00:00,2026-04-20,14,249.71794,260.3885885569765,226.29156689396544,355.0252502199876,0,0.000156031752462228,0.0,0,0.0810541055712716,0.05
2026-04-20 16:00:00,2026-04-20,15,249.71794,285.19306831178324,217.6067964254388,368.9036001981277,0,0.00010297252209017513,0.0,0,0.10936020892223403,0.13333333333333333
2026-04-20 17:00:00,2026-04-20,16,319.71794,363.72591749194265,264.64381058745687,530.9679843964284,0,0.00012199981633449117,0.0,1,0.3953643907152096,0.9416666666666667
2026-04-20 18:00:00,2026-04-20,17,379.71794,463.4956130969224,260.9792737818257,831.8252524120189,0,0.00018143695736323281,0.0,1,0.776361621432316,0.9833333333333333
2026-04-20 19:00:00,2026-04-20,18,549.71794,529.3266125140153,251.40776657679015,912.4558384512404,0,0.0001830080125065607,0.0,1,0.772764208214284,1.0
2026-04-20 20:00:00,2026-04-20,19,549.71794,419.9379532051869,286.96485508958875,682.956771320785,0,0.00016866620839584842,0.0,1,0.7306497296665079,0.9583333333333334
2026-04-20 21:00:00,2026-04-20,20,319.71794,334.7518413824792,303.3731386762733,420.9674840886851,0,0.00023197268591920205,0.008333333333333333,1,0.49612907457868555,0.7583333333333333
2026-04-20 22:00:00,2026-04-20,21,249.71794,290.9868908885272,256.0114031177585,307.882558659296,0,0.0002924779072471901,0.0,0,0.17405228519029955,0.20833333333333334
2026-04-20 23:00:00,2026-04-20,22,249.71794,250.167280309585,184.8926700461347,265.7127905730353,0,0.0005162356813987483,0.0,0,0.05371456924493405,0.05
2026-04-21 00:00:00,2026-04-20,23,254.85568,226.94694069017464,158.40563811380974,290.4163832665396,0,0.053393869574892,0.058333333333333334,0,0.008399670563332818,0.008333333333333333
2026-04-21 01:00:00,2026-04-21,0,254.85568,254.5177140514131,200.9479453489103,287.53065275391594,0,0.015200707906837219,0.016666666666666666,0,0.001381037111058934,0.0
2026-04-21 02:00:00,2026-04-21,1,254.85568,254.0744625527589,183.4558769802704,283.1831181252474,0,0.014579521760184419,0.008333333333333333,0,0.001397707302125807,0.0
2026-04-21 03:00:00,2026-04-21,2,254.85568,253.89138551190905,194.2331467185254,291.73993430529265,0,0.014879602801312728,0.008333333333333333,0,0.0013693747735024969,0.0
2026-04-21 04:00:00,2026-04-21,3,254.85568,254.45018822168936,196.6211445279789,306.4772619153998,0,0.009969736015219072,0.008333333333333333,0,0.0014373659579455028,0.0
2026-04-21 05:00:00,2026-04-21,4,254.85568,254.6835844261441,203.75338132515608,305.4607375271321,0,0.003217320059762283,0.0,0,0.0028083357799858926,0.016666666666666666
2026-04-21 06:00:00,2026-04-21,5,254.85568,247.3264271944072,223.70062453831625,299.71794985049814,0,0.009326304864694266,0.025,0,0.004794392898649135,0.0
2026-04-21 07:00:00,2026-04-21,6,254.85568,252.9370180606621,230.65908446578877,296.72928165553543,0,0.0022639606383549047,0.025,0,0.002376363348208145,0.0
2026-04-21 08:00:00,2026-04-21,7,254.85568,237.23753543782183,181.67190534022572,285.1496255354179,0,0.009054709053983844,0.09166666666666666,0,0.0023240228603186594,0.0
2026-04-21 09:00:00,2026-04-21,8,254.85568,228.4677033548448,185.26253909898065,282.1324876107089,0,0.016037659288605233,0.13333333333333333,0,0.0014374559927818186,0.0
2026-04-21 10:00:00,2026-04-21,9,254.85568,238.7897507053982,204.31534001294932,303.432621397847,0,0.013927202148859468,0.1,0,0.0012048305985751426,0.0
2026-04-21 11:00:00,2026-04-21,10,254.85568,240.24483185185417,197.42296253536884,289.9525411683395,0,0.008314072817464343,0.041666666666666664,0,0.004377236140509226,0.0
2026-04-21 12:00:00,2026-04-21,11,254.85568,246.87005650385183,211.5881965044077,298.4337965032959,0,0.006250454560131849,0.06666666666666667,0,0.0056221640694007384,0.0
2026-04-21 13:00:00,2026-04-21,12,254.85568,253.5821930178649,203.48569262576297,328.6761734099669,0,0.0012524413215775458,0.03333333333333333,0,0.010683603026418667,0.008333333333333333
2026-04-21 14:00:00,2026-04-21,13,274.85568,276.13266444991194,240.70276741079968,377.1835314890242,0,0.0004119826995531163,0.0,0,0.07097311614870161,0.016666666666666666
2026-04-21 15:00:00,2026-04-21,14,354.85568,301.15453736745883,243.03359046700496,435.7202142679128,0,0.0004119826995531163,0.0,1,0.16203105253388697,0.05
2026-04-21 16:00:00,2026-04-21,15,364.85568,336.09475018706325,251.3276983007188,430.6881420734077,0,0.00018385383804898922,0.0,1,0.3485368837008834,0.5083333333333333
2026-04-21 17:00:00,2026-04-21,16,364.85568,418.1701305328736,308.3179136283878,607.9416474373595,0,0.0001997987629459605,0.0,1,0.5290552018698041,0.9583333333333334
2026-04-21 18:00:00,2026-04-21,17,364.85568,524.1597066266141,308.66430731151746,915.3745859417108,0,0.00032880798645398634,0.0,1,0.8525260710538082,0.9833333333333333
2026-04-21 19:00:00,2026-04-21,18,614.85568,642.0048335415344,331.5728276043091,1038.3440194787593,0,0.00032880798645398634,0.0,1,0.8588327035905932,1.0
2026-04-21 20:00:00,2026-04-21,19,364.85568,568.3715799823964,395.0461218667982,859.5972480979946,0,0.0003483068723879102,0.0,1,0.8348483916734791,0.975
2026-04-21 21:00:00,2026-04-21,20,364.85568,393.7931988484628,325.5538861422569,496.4131015546687,0,0.00023415143075456468,0.008333333333333333,1,0.6053525629479592,0.8916666666666667
2026-04-21 22:00:00,2026-04-21,21,254.85568,303.3813292264512,281.42589539100965,337.3006130618928,0,0.0003741397913865923,0.0,0,0.09764395843664268,0.14166666666666666
2026-04-21 23:00:00,2026-04-21,22,254.85568,277.8484163996605,231.58717613621025,301.4598966631108,0,0.0003969726217208707,0.0,0,0.06588243041783715,0.03333333333333333
2026-04-22 00:00:00,2026-04-21,23,206.59557,244.82426988865743,185.71542731229252,325.4493624650224,0,0.04808061912224159,0.058333333333333334,0,0.024754331511099265,0.008333333333333333
2026-04-22 01:00:00,2026-04-22,0,206.59557,206.48256305128467,150.2303943487819,242.5439617537875,0,0.08470322966958892,0.03333333333333333,0,0.003333698344193726,0.0
2026-04-22 02:00:00,2026-04-22,1,206.59557,206.15972595518303,146.83916038269453,231.3357615276715,0,0.08066244572122978,0.03333333333333333,0,0.0033204225817570084,0.0
2026-04-22 03:00:00,2026-04-22,2,206.59557,206.3727401806119,163.54017693700058,245.77282342422325,0,0.08470322966958892,0.041666666666666664,0,0.0033753301687216223,0.0
2026-04-22 04:00:00,2026-04-22,3,206.59557,206.99506253013163,158.0311289343856,241.64646612587768,0,0.07235797766043056,0.041666666666666664,0,0.004284422782169698,0.0
2026-04-22 05:00:00,2026-04-22,4,238.59557,209.05810751488588,163.51993792622318,231.7470571035485,0,0.03690984198544786,0.016666666666666666,0,0.003945400173113847,0.016666666666666666
2026-04-22 06:00:00,2026-04-22,5,246.45257,218.2860057288528,189.24011307276177,250.67407838494373,0,0.031214998693224052,0.03333333333333333,0,0.003429419986752029,0.0
2026-04-22 07:00:00,2026-04-22,6,246.45257,219.1650393475529,196.90445575267952,260.6353529424262,0,0.025316312925904274,0.025,0,0.00410117262256664,0.0
2026-04-22 08:00:00,2026-04-22,7,238.59557,217.82731725103127,177.91870715343518,256.2577573486273,0,0.025626776623401078,0.075,0,0.004027873076717128,0.0
2026-04-22 09:00:00,2026-04-22,8,223.07557,219.3533013278752,186.85456707201104,258.99691558373934,0,0.03407520847215174,0.10833333333333334,0,0.004158044573841193,0.0
2026-04-22 10:00:00,2026-04-22,9,238.59557,227.11219304985465,193.09411235740575,272.2533437423035,0,0.018382184009394648,0.06666666666666667,0,0.004204102483306044,0.0
2026-04-22 11:00:00,2026-04-22,10,223.07557,230.61054316455392,184.07573384806855,264.49446248103925,0,0.007879452629751572,0.008333333333333333,0,0.005074088763055229,0.0
2026-04-22 12:00:00,2026-04-22,11,206.59557,236.9037896159649,194.4826296165208,274.33961961540905,0,0.024263568264670816,0.025,0,0.015508789144659137,0.0
2026-04-22 13:00:00,2026-04-22,12,238.59557,244.06172429903413,202.20388390693225,295.24225469113605,0,0.0018306465379888987,0.016666666666666666,0,0.030063131751300556,0.016666666666666666
2026-04-22 14:00:00,2026-04-22,13,328.69557,262.13498232209344,220.92036528298115,327.8626993612057,0,0.0015302805108673432,0.0,1,0.05950506321493735,0.025
2026-04-22 15:00:00,2026-04-22,14,348.59557,289.76790559378884,241.73114410434147,381.14697708323615,0,0.0016042794919680508,0.0,1,0.21782596132458043,0.16666666666666666
2026-04-22 16:00:00,2026-04-22,15,348.59557,300.5580661243127,246.33298423796825,357.9154080106572,0,0.00043257515566713704,0.0,1,0.33630540582016377,0.49166666666666664
2026-04-22 17:00:00,2026-04-22,16,348.59557,334.8517251595378,283.8440556564769,453.4559046625987,0,0.0002262124274773075,0.0,1,0.4723897866846258,0.8666666666666667
2026-04-22 18:00:00,2026-04-22,17,598.59557,397.6780260708941,259.4086867557974,653.1117653859907,0,0.0003563972082186002,0.0,1,0.7584715798096879,0.925
2026-04-22 19:00:00,2026-04-22,18,305.73557,498.57042716412974,297.4816112269045,784.747813101355,0,0.00045057729262308355,0.0,0,0.8223747037892206,1.0
2026-04-22 20:00:00,2026-04-22,19,305.73557,406.578854045261,277.9154869791003,610.5007811114216,0,0.0005348862124370606,0.0,0,0.6729206928665556,0.9583333333333334
2026-04-22 21:00:00,2026-04-22,20,328.69557,326.6600378247893,265.7253251185834,419.6780105309952,0,0.00032612566182992964,0.008333333333333333,1,0.5909037870842438,0.7416666666666667
2026-04-22 22:00:00,2026-04-22,21,328.69557,256.8081816982207,220.202543382862,289.0601400135794,0,0.0005365352265512739,0.0,1,0.10166792724027131,0.10833333333333334
2026-04-22 23:00:00,2026-04-22,22,277.59557,240.3724274417556,186.52018059983533,280.37361428367586,0,0.006417267911898833,0.0,0,0.05031026225770221,0.05
2026-04-23 00:00:00,2026-04-22,23,250.81233,215.2028587613118,115.86183618494692,300.9747013376767,0,0.11928978690460797,0.058333333333333334,0,0.010472597007105098,0.016666666666666666
2026-04-23 01:00:00,2026-04-23,0,250.81233,250.598462241412,184.9273833724931,304.6020811103309,0,0.029342679952838457,0.016666666666666666,0,0.000895931451055369,0.0
2026-04-23 02:00:00,2026-04-23,1,250.81233,250.4165244198049,187.7879970934186,285.54307174619123,0,0.02717944397067441,0.016666666666666666,0,0.000895931451055369,0.0
2026-04-23 03:00:00,2026-04-23,2,250.81233,250.4659458088111,204.18104791344936,291.3512837041729,0,0.02564394489072336,0.016666666666666666,0,0.0008852405406020041,0.0
2026-04-23 04:00:00,2026-04-23,3,250.81233,250.952423650709,200.5395300549629,288.4801072464551,0,0.011799372809292698,0.008333333333333333,0,0.0009044350644084109,0.0
2026-04-23 05:00:00,2026-04-23,4,250.81233,252.2532226072824,208.2724695062944,271.1259357082704,0,0.0029748388470201333,0.0,0,0.0009522703161069853,0.016666666666666666
2026-04-23 06:00:00,2026-04-23,5,250.81233,250.2929035839252,205.64472092783424,279.9503062400162,0,0.005288333281301376,0.016666666666666666,0,0.001464451382430757,0.0
2026-04-23 07:00:00,2026-04-23,6,250.81233,249.44051032737715,211.34463673250383,277.4745839222505,0,0.004958567520734363,0.025,0,0.0015032203292618227,0.0
2026-04-23 08:00:00,2026-04-23,7,250.81233,242.32498258229128,205.6735524846952,274.22379267988737,0,0.007607578969323306,0.08333333333333333,0,0.0009623231872929941,0.0
2026-04-23 09:00:00,2026-04-23,8,237.81233,244.71300804823764,212.97215379237352,268.44832230410174,0,0.016416959400587884,0.10833333333333334,0,0.0007645033437708375,0.0
2026-04-23 10:00:00,2026-04-23,9,250.81233,250.17742300066143,218.54150230821256,278.5351336931103,0,0.009640380981853736,0.08333333333333333,0,0.0008723417512088474,0.0
2026-04-23 11:00:00,2026-04-23,10,250.81233,253.3892543357956,215.5511050193103,280.743503652281,0,0.005769653059627786,0.025,0,0.001716485176434689,0.0
2026-04-23 12:00:00,2026-04-23,11,250.81233,249.75973679513905,217.80637679569492,271.2688867945831,0,0.008044602997960323,0.058333333333333334,0,0.00232642694114424,0.0
2026-04-23 13:00:00,2026-04-23,12,250.81233,256.58954941694225,224.64524902484035,282.44443980904424,0,0.0017671459884526038,0.03333333333333333,0,0.005494560699650457,0.008333333333333333
2026-04-23 14:00:00,2026-04-23,13,255.66933,282.34662529079856,251.74457009030783,333.5442304912892,0,0.000625759947904331,0.0,0,0.13666799483745828,0.025
2026-04-23 15:00:00,2026-04-23,14,296.22233,294.5588294605881,264.3983179711407,344.64004095003537,0,0.000513342692279695,0.0,0,0.20163665544784992,0.058333333333333334
2026-04-23 16:00:00,2026-04-23,15,317.81233,298.6931504279562,273.3260385416117,341.82440231430064,0,0.00020967162096395818,0.0,0,0.2060606371078652,0.1
2026-04-23 17:00:00,2026-04-23,16,317.81233,323.22995178936475,287.8220661828896,412.99086739584,0,0.0001373543419150847,0.0,0,0.42927429175000087,0.3333333333333333
2026-04-23 18:00:00,2026-04-23,17,357.81233,428.3268903124364,330.0249409973397,616.9034796275331,0,0.00021176703024428838,0.0,1,0.7678178762665785,0.9083333333333333
2026-04-23 19:00:00,2026-04-23,18,357.81233,398.5718114736546,270.1471658092042,579.893877138105,0,0.00021176703024428838,0.0,1,0.6987171423194389,0.8916666666666667
2026-04-23 20:00:00,2026-04-23,19,317.81233,355.9839754847844,289.1651584186237,481.103092550945,0,0.0002248113480098829,0.008333333333333333,0,0.5367524832562781,0.6333333333333333
2026-04-23 21:00:00,2026-04-23,20,316.81233,315.60689920327786,268.19659649707194,377.41837190948377,0,0.00014801135964118814,0.016666666666666666,0,0.3439937590995751,0.23333333333333334
2026-04-23 22:00:00,2026-04-23,21,296.22233,287.3521569276944,232.0273462437531,306.91539761163574,0,0.0005414698836925344,0.0,0,0.19671439649992928,0.08333333333333333
2026-04-23 23:00:00,2026-04-23,22,250.81233,266.6855876511613,188.88428080924092,305.2213144930816,0,0.0011402149880467326,0.0,0,0.06301289885195456,0.025
2026-04-24 00:00:00,2026-04-23,23,274.13793,250.06374908320532,187.46362650684048,294.1878216595703,0,0.06176819227453702,0.058333333333333334,0,0.005404994482941958,0.008333333333333333
2026-04-24 01:00:00,2026-04-24,0,274.13793,274.0435535759047,233.5293347069858,299.3254024448236,0,0.011308680731188049,0.016666666666666666,0,0.0014898557527180869,0.0
2026-04-24 02:00:00,2026-04-24,1,274.13793,274.06906987004743,226.2484125436611,298.74563719643373,0,0.009530481978661565,0.008333333333333333,0,0.001659427537591219,0.0
2026-04-24 03:00:00,2026-04-24,2,274.13793,274.066384800519,227.07491690515727,304.1193726958808,0,0.0058880618072275044,0.008333333333333333,0,0.0018020853564135763,0.0
2026-04-24 04:00:00,2026-04-24,3,274.13793,274.2317374106553,222.18696381490923,310.8983310064013,0,0.004019875601801886,0.008333333333333333,0,0.0016928725662165782,0.0
2026-04-24 05:00:00,2026-04-24,4,274.13793,273.8132012335523,229.41530813256435,304.4660143345404,0,0.002783052226003683,0.0,0,0.0015907796117809114,0.025
2026-04-24 06:00:00,2026-04-24,5,274.13793,261.89092222122565,221.14607956513467,301.06592487731666,0,0.006176302155514207,0.025,0,0.002053320320928495,0.008333333333333333
2026-04-24 07:00:00,2026-04-24,6,251.34993,260.4887657450696,223.8148621501963,303.488209339943,0,0.011643307803989051,0.025,0,0.0012647717471515971,0.0
2026-04-24 08:00:00,2026-04-24,7,251.34993,257.46495178186854,215.1375416842725,299.7566418794645,0,0.014495921058032725,0.075,0,0.001324550664441329,0.0
2026-04-24 09:00:00,2026-04-24,8,251.34993,256.0863484818616,218.48100422599748,292.94456273772573,0,0.018955377500077312,0.10833333333333334,0,0.0008288647409592554,0.0
2026-04-24 10:00:00,2026-04-24,9,251.99493,257.33898997173264,218.99823927928375,284.4562506641815,0,0.0256331139951458,0.09166666666666666,0,0.0012165897621471407,0.0
2026-04-24 11:00:00,2026-04-24,10,274.13793,258.7966445916352,215.13729527514985,273.66035390812056,0,0.030258258605998487,0.03333333333333333,0,0.0015653568640122525,0.0
2026-04-24 12:00:00,2026-04-24,11,274.13793,261.74078051382946,226.6066305143854,282.0531505132736,0,0.01912344491966443,0.05,0,0.0029226462542235863,0.0
2026-04-24 13:00:00,2026-04-24,12,279.13793,264.98403393757565,242.1332835454737,285.5638943296776,0,0.005532513422413194,0.03333333333333333,0,0.004602838547272952,0.008333333333333333
2026-04-24 14:00:00,2026-04-24,13,279.13793,267.84212095039663,250.3158514338685,302.4452004669248,0,0.0024159686750587937,0.008333333333333333,0,0.008552028730728033,0.016666666666666666
2026-04-24 15:00:00,2026-04-24,14,279.13793,278.04212084650567,244.252846134084,317.2911055589273,0,0.0007956304775616496,0.008333333333333333,0,0.10904356881982383,0.016666666666666666
2026-04-24 16:00:00,2026-04-24,15,294.13793,285.7258568904457,252.7739250041013,325.5830587767902,0,0.0008112687692544581,0.0,0,0.11703354449874932,0.041666666666666664
2026-04-24 17:00:00,2026-04-24,16,314.13793,295.7347804372472,262.17807483077206,364.6268860437224,0,0.0001752581268246997,0.0,0,0.17253273827895177,0.075
2026-04-24 18:00:00,2026-04-24,17,354.13793,342.618960656806,267.5325213417094,487.19354997190266,0,0.0002828614132964468,0.016666666666666666,0,0.46384197023106194,0.2916666666666667
2026-04-24 19:00:00,2026-04-24,18,604.13793,337.27544060753365,232.18363030820652,500.1623509068607,0,0.00027206396031265027,0.0,1,0.47892882564264316,0.30833333333333335
2026-04-24 20:00:00,2026-04-24,19,314.13793,320.0262924888009,269.74744542264017,447.6320395549616,0,0.0002573794943405119,0.025,0,0.23355354057971894,0.15
2026-04-24 21:00:00,2026-04-24,20,314.13793,301.22914076961894,274.2036580634131,371.03583347582486,0,0.0003152897899247416,0.016666666666666666,0,0.18386233347529968,0.075
2026-04-24 22:00:00,2026-04-24,21,306.13793,287.3375089388919,256.5376182549506,319.5422596228333,0,0.0004775994368889149,0.0,0,0.13210227321486154,0.041666666666666664
2026-04-24 23:00:00,2026-04-24,22,279.13793,272.7667433318974,246.44292453408409,308.7131321297107,0,0.0013328954861926195,0.0,0,0.017625415227134653,0.025
2026-04-25 00:00:00,2026-04-24,23,246.00735,263.2049606124989,202.970608036134,300.72848318886383,0,0.062387046590266816,0.058333333333333334,0,0.004506114196004692,0.008333333333333333
2026-04-25 01:00:00,2026-04-25,0,246.00735,245.9574602547281,206.17621013105503,261.0125403784012,0,0.025931621629512413,0.016666666666666666,0,0.0017215964730821658,0.0
2026-04-25 02:00:00,2026-04-25,1,246.00735,245.9656815942284,204.8259342678421,262.0959689206147,0,0.033895623037441994,0.008333333333333333,0,0.0017215964730821658,0.0
2026-04-25 03:00:00,2026-04-25,2,246.00735,246.0234309222149,218.9612430268532,265.8839088175767,0,0.023456757349265892,0.008333333333333333,0,0.0017216074200417032,0.0
2026-04-25 04:00:00,2026-04-25,3,246.00735,246.0384331455096,217.69362384538965,268.5471424456296,0,0.0012199757862186046,0.008333333333333333,0,0.003108511148482081,0.0
2026-04-25 05:00:00,2026-04-25,4,246.00735,246.9460486683577,219.24169907969505,262.5303382570204,0,0.0011420930292090666,0.0,0,0.006455222008403354,0.016666666666666666
2026-04-25 06:00:00,2026-04-25,5,246.00735,237.96064943471325,201.63047744324084,259.21072142618567,0,0.005627067942744396,0.025,0,0.003367074532216505,0.0
2026-04-25 07:00:00,2026-04-25,6,246.00735,237.03680880139365,205.7294452065203,268.21413239626696,0,0.016600183569199005,0.025,0,0.0006577606734018595,0.0
2026-04-25 08:00:00,2026-04-25,7,246.00735,235.53318940260272,197.45920930500665,265.2111395001988,0,0.024697843001449078,0.06666666666666667,0,0.0006402116370621315,0.0
2026-04-25 09:00:00,2026-04-25,8,246.00735,236.16014805793444,196.6867038020703,266.7935423137986,0,0.01948098817016638,0.10833333333333334,0,0.000669275153442712,0.0
2026-04-25 10:00:00,2026-04-25,9,246.00735,238.90610595315445,209.4691052607056,269.27010664560333,0,0.028153849700139996,0.08333333333333333,0,0.0006831886597120704,0.0
2026-04-25 11:00:00,2026-04-25,10,246.00735,240.30001701603803,209.36625789001005,263.56665614206605,0,0.02998391291811816,0.025,0,0.0021312245671947128,0.0
2026-04-25 12:00:00,2026-04-25,11,246.00735,242.0653409950468,211.95038099560267,269.86498099449096,0,0.026493874783616464,0.05,0,0.004701622734618534,0.0
2026-04-25 13:00:00,2026-04-25,12,246.00735,243.5733632831968,211.92753289109487,259.8486136752988,0,0.024917284560535092,0.03333333333333333,0,0.0038596566328172703,0.008333333333333333
2026-04-25 14:00:00,2026-04-25,13,246.00735,244.5854707931341,226.981561276606,262.73139030966223,0,0.0021947324264248048,0.008333333333333333,0,0.016141157289566343,0.008333333333333333
2026-04-25 15:00:00,2026-04-25,14,246.00735,249.24334592100803,222.77109120858637,283.6098306334297,0,0.000538942688966297,0.008333333333333333,0,0.06126222704924958,0.008333333333333333
2026-04-25 16:00:00,2026-04-25,15,266.21935,256.0413011735914,234.09056928724692,289.3193330599359,0,0.0002629143128053206,0.0,0,0.06873639432397423,0.03333333333333333
2026-04-25 17:00:00,2026-04-25,16,306.00735,272.48507278375115,254.63339717727595,319.28963839022634,0,0.00016209359019694395,0.0,0,0.11995741141481679,0.08333333333333333
2026-04-25 18:00:00,2026-04-25,17,316.00735,322.825439846962,286.29062053186533,398.7745791620586,0,0.00025447174938738806,0.016666666666666666,0,0.4591316672088544,0.4083333333333333
2026-04-25 19:00:00,2026-04-25,18,336.00735,358.7557261569631,297.16584021973785,440.1580920941883,0,0.001418539502306384,0.0,1,0.4695355217130304,0.7916666666666666
2026-04-25 20:00:00,2026-04-25,19,316.00735,301.3543757965699,272.9698187304092,354.5933028627306,0,0.0002929042929832793,0.016666666666666666,0,0.2878696985621251,0.19166666666666668
2026-04-25 21:00:00,2026-04-25,20,306.00735,287.2254198970943,271.60030719088843,334.4067526033002,0,0.00015838688325582506,0.016666666666666666,0,0.21891525733359138,0.15
2026-04-25 22:00:00,2026-04-25,21,286.00735,271.52922898516806,238.51142830122677,301.3380096691094,0,0.00032267790269315265,0.0,0,0.16406099340914293,0.075
2026-04-25 23:00:00,2026-04-25,22,266.21935,259.42184703134404,226.8349382335307,290.96112582915737,0,0.0003365806247487022,0.0,0,0.06740023678157588,0.025
2026-04-26 00:00:00,2026-04-25,23,258.12799,244.55910358523755,199.4720210088727,277.3998361616025,0,0.06431844447196884,0.058333333333333334,0,0.0020768251128664436,0.016666666666666666
2026-04-26 01:00:00,2026-04-26,0,257.12799,258.1396131481025,240.2870730244295,273.81536327177554,0,0.0035884908500936033,0.016666666666666666,0,0.0016109153862741612,0.0
2026-04-26 02:00:00,2026-04-26,1,250.42799,258.18934874650284,231.6264721368834,282.1406653561223,0,0.0029272614011215487,0.008333333333333333,0,0.0016109153862741612,0.0
2026-04-26 03:00:00,2026-04-26,2,238.12799,258.10750686635026,238.01561897098856,276.91826476171207,0,0.002637095712858151,0.008333333333333333,0,0.0017001416032337514,0.0
2026-04-26 04:00:00,2026-04-26,3,238.12799,257.8692084820992,236.5028428487603,272.7289341154382,0,0.0031993878292608958,0.008333333333333333,0,0.0010288769672258094,0.0
2026-04-26 05:00:00,2026-04-26,4,238.12799,257.61513937167456,229.877229783012,268.62021896033724,0,0.006048323475078609,0.0,0,0.0010095444362909075,0.016666666666666666
2026-04-26 06:00:00,2026-04-26,5,238.12799,244.0807550940705,214.1125231025981,251.0145370855429,0,0.0410950964148339,0.016666666666666666,0,0.0007957054418829362,0.008333333333333333
2026-04-26 07:00:00,2026-04-26,6,227.12799,242.4113135212306,211.2631999263573,246.564827116104,0,0.04802101034872575,0.025,0,0.0008115244408333577,0.0
2026-04-26 08:00:00,2026-04-26,7,227.12799,241.3207960717067,210.88444597411063,258.8835761693027,0,0.04322275266789494,0.06666666666666667,0,0.0008330226385513026,0.0
2026-04-26 09:00:00,2026-04-26,8,227.12799,241.8485966011152,203.1786323452511,250.7014408569793,0,0.12058963640395685,0.10833333333333334,0,0.0007927051778392825,0.0
2026-04-26 10:00:00,2026-04-26,9,227.12799,244.5880787350701,207.24235804262125,253.10895942751893,0,0.09539687278734045,0.08333333333333333,0,0.0007299066344162083,0.0
2026-04-26 11:00:00,2026-04-26,10,227.12799,245.9245308366877,215.97918171065967,246.86858996271576,0,0.0803749559489109,0.025,0,0.0009220954531025183,0.0
2026-04-26 12:00:00,2026-04-26,11,227.12799,241.61357828697965,214.35442828753557,246.04087828642372,0,0.07545727525669367,0.058333333333333334,0,0.001673650685240989,0.0
2026-04-26 13:00:00,2026-04-26,12,238.12799,240.21600764306856,226.60411725096665,250.0401780351705,0,0.0478593870001034,0.041666666666666664,0,0.002108559419856803,0.0
2026-04-26 14:00:00,2026-04-26,13,238.12799,238.3454486583215,237.3364391417933,245.99312817484963,0,0.03858930949849778,0.016666666666666666,0,0.00378392416773839,0.008333333333333333
2026-04-26 15:00:00,2026-04-26,14,257.12799,246.29766058951023,238.3872058770886,257.7784753019319,0,0.029453827772800173,0.008333333333333333,0,0.008970617949990042,0.008333333333333333
2026-04-26 16:00:00,2026-04-26,15,258.33999,254.32708491076656,246.0871130244221,274.7539767971111,0,0.002511183855843451,0.0,0,0.010201939687177945,0.03333333333333333
2026-04-26 17:00:00,2026-04-26,16,268.12799,275.2807903387626,266.2812747322874,307.7262959452378,0,0.00020325636180308453,0.0,0,0.14583486733520956,0.075
2026-04-26 18:00:00,2026-04-26,17,278.12799,313.5320788556378,277.24001954054114,363.51856817073445,0,0.0001912317304062699,0.016666666666666666,0,0.5066117561183294,0.23333333333333334
2026-04-26 19:00:00,2026-04-26,18,308.12799,327.5045932666305,277.4854473294052,385.1550792038557,0,0.00016635685598215283,0.0,0,0.6606041634951322,0.425
2026-04-26 20:00:00,2026-04-26,19,308.12799,309.7100615528388,288.37621448667807,348.4533886189995,0,0.0001871439934952773,0.016666666666666666,0,0.4906994084162302,0.2
2026-04-26 21:00:00,2026-04-26,20,308.12799,295.08755340692227,279.9307507007163,326.33791611312813,0,0.00011657876921699657,0.016666666666666666,0,0.48774705256196815,0.14166666666666666
2026-04-26 22:00:00,2026-04-26,21,268.12799,277.9419410517792,258.07459036783786,300.18601173572057,0,0.00010977994198150158,0.0,0,0.3770185482315135,0.1
2026-04-26 23:00:00,2026-04-26,22,258.33999,260.5423395337229,239.0108020743168,277.56145699312907,0,0.0003907085882027819,0.0,0,0.14202676579524762,0.03333333333333333
2026-04-27 00:00:00,2026-04-26,23,251.80531,262.0374764364758,200.5782538601109,307.37110901284075,0,0.011787431127982492,0.058333333333333334,0,0.04042118192334134,0.03333333333333333
2026-04-27 01:00:00,2026-04-27,0,245.80531,251.65960944538304,199.57328932171,272.99403956905616,0,0.01466086603042131,0.016666666666666666,0,0.0005059907193474887,0.0
2026-04-27 02:00:00,2026-04-27,1,245.80531,251.74974713952565,189.0408905299061,276.7855637491452,0,0.018587717436614516,0.016666666666666666,0,0.00048125721297863095,0.0
2026-04-27 03:00:00,2026-04-27,2,245.80531,251.896277857106,197.58163027147924,278.7914054427328,0,0.0058648011156485136,0.016666666666666666,0,0.0002644883014386217,0.0
2026-04-27 04:00:00,2026-04-27,3,251.80531,252.03081967307995,193.06117442697808,273.7846349191818,0,0.005639531312898839,0.008333333333333333,0,0.0002644883014386217,0.0
2026-04-27 05:00:00,2026-04-27,4,251.80531,251.6451977958551,200.02827820719244,267.30887738451776,0,0.001613941169861336,0.0,0,0.000371746421952742,0.016666666666666666
2026-04-27 06:00:00,2026-04-27,5,251.80531,246.5078975129492,205.9817555214768,263.8206695044217,0,0.004374136706324741,0.025,0,0.0002916218972820455,0.0
2026-04-27 07:00:00,2026-04-27,6,251.80531,243.3745297981773,207.48960620330396,269.80781339305065,0,0.007890062002290534,0.025,0,0.0002759277801632011,0.0
2026-04-27 08:00:00,2026-04-27,7,251.80531,244.51507776941696,200.9838176718209,271.882697867013,0,0.008782546162332198,0.06666666666666667,0,0.0002759277801632011,0.0
2026-04-27 09:00:00,2026-04-27,8,251.80531,245.81819428381803,210.12896002795392,279.26702853968226,0,0.019705533171209655,0.10833333333333334,0,0.00024332494084274627,0.0
2026-04-27 10:00:00,2026-04-27,9,251.80531,249.93819886410665,219.3248281716578,282.8126295565555,0,0.006536817300078734,0.08333333333333333,0,0.0002976696847389452,0.0
2026-04-27 11:00:00,2026-04-27,10,251.80531,251.22098573551423,221.7770166094862,276.01912486154225,0,0.0022585057983353428,0.025,0,0.0006244587461114729,0.0
2026-04-27 12:00:00,2026-04-27,11,251.80531,247.1979496613884,218.8334396619443,284.0720096608325,0,0.00670329328915686,0.05,0,0.001128064419509543,0.0
2026-04-27 13:00:00,2026-04-27,12,251.80531,252.2780425356109,226.47116214350896,282.10122292771285,0,0.0011739774655072012,0.03333333333333333,0,0.0018455175046229208,0.008333333333333333
2026-04-27 14:00:00,2026-04-27,13,277.01731,257.1299798822633,235.9149303657352,295.1289293987915,0,0.0003881580511136223,0.008333333333333333,0,0.004695298377840443,0.016666666666666666
2026-04-27 15:00:00,2026-04-27,14,277.01731,267.9523524130051,238.15205770058344,318.1180971254268,0,0.00014174723746836752,0.008333333333333333,0,0.030651409244002774,0.03333333333333333
2026-04-27 16:00:00,2026-04-27,15,281.80531,271.7139112298864,233.9355093435419,313.4324331162309,0,0.00014174723746836752,0.0,0,0.05132866364072371,0.05
2026-04-27 17:00:00,2026-04-27,16,306.80531,285.4232035032403,252.65799789676512,346.3735891097155,0,8.96765991765196e-05,0.0,0,0.14249823633386013,0.10833333333333334
2026-04-27 18:00:00,2026-04-27,17,346.80531,318.39343457886747,261.96639144729073,427.37417771044426,0,0.00012925350424620137,0.016666666666666666,1,0.26583604882714873,0.275
2026-04-27 19:00:00,2026-04-27,18,596.80531,343.6868113601629,252.93340542293768,463.1208872973882,0,0.0001085481136245607,0.0,1,0.5201841858834886,0.5916666666666667
2026-04-27 20:00:00,2026-04-27,19,306.80531,325.538942520664,273.17361545450336,423.8870995868247,0,0.00011038151746017037,0.016666666666666666,0,0.47596215320254365,0.375
2026-04-27 21:00:00,2026-04-27,20,306.80531,302.5686591461809,264.897426439975,354.3257718523868,0,0.00010241607383080877,0.016666666666666666,0,0.2756497514574311,0.175
2026-04-27 22:00:00,2026-04-27,21,281.80531,277.6917930240285,236.2547423400872,312.64368370796984,0,0.00014504109388550971,0.0,0,0.046549438958269546,0.075
2026-04-27 23:00:00,2026-04-27,22,277.01731,266.31407081701906,213.1083933576129,300.6612982764252,0,0.00025314141218335935,0.0,0,0.013778601497285181,0.025
2026-04-28 00:00:00,2026-04-27,23,98.19155,251.6884149651196,192.75390238875468,299.6678575414845,1,0.0067594494158274825,0.058333333333333334,0,0.0031737339690298704,0.016666666666666666
2026-04-28 01:00:00,2026-04-28,0,103.40455,98.16883723737185,53.19571711369878,120.26493736104489,1,0.7751767712474911,1.0,0,0.003327825851119641,0.0
2026-04-28 02:00:00,2026-04-28,1,98.19155,98.52970928390287,47.51587267428341,117.6325358935224,1,0.8108317363447184,1.0,0,0.003323595039768256,0.0
2026-04-28 03:00:00,2026-04-28,2,98.19155,99.42487699726956,63.71172982118428,128.29980417335486,1,0.72456235814659,1.0,0,0.003323595039768256,0.0
2026-04-28 04:00:00,2026-04-28,3,101.98955,101.67064072939914,61.68979011590761,121.4241213428906,1,0.6757917671763981,1.0,0,0.0034419645989327598,0.0
2026-04-28 05:00:00,2026-04-28,4,257.04255,109.1536648510678,79.39568678089013,118.19716292124546,0,0.31270438877113615,0.9833333333333333,0,0.0026479052272469564,0.0
2026-04-28 06:00:00,2026-04-28,5,257.04255,220.68530628454025,191.94943429306772,234.84616827601263,0,0.12048306606297596,0.008333333333333333,0,0.0025660635189487095,0.008333333333333333
2026-04-28 07:00:00,2026-04-28,6,257.04255,230.0343200374344,207.833566442561,253.3051136323077,0,0.01824086433903968,0.0,0,0.0026561651796737098,0.008333333333333333
2026-04-28 08:00:00,2026-04-28,7,105.34955,229.871126141565,192.9392460439689,254.28109623916103,1,0.010770668080895815,0.025,0,0.003762650486029369,0.0
2026-04-28 09:00:00,2026-04-28,8,98.19155,234.23469460027064,204.19038034440652,268.5928288561348,1,0.007031195818035901,0.05,0,0.004022491003737772,0.0
2026-04-28 10:00:00,2026-04-28,9,98.19155,234.2356798051109,205.445319112662,267.0352204975597,1,0.006393204020084667,0.03333333333333333,0,0.004022491003737772,0.0
2026-04-28 11:00:00,2026-04-28,10,101.98955,234.4429821917936,201.29838306576548,257.83694131782164,1,0.00691147486119549,0.0,0,0.012359465318399713,0.0
2026-04-28 12:00:00,2026-04-28,11,101.98955,237.90881127562227,208.97159127617817,275.3759212750664,1,0.004168324584438416,0.008333333333333333,0,0.04249456826293593,0.008333333333333333
2026-04-28 13:00:00,2026-04-28,12,257.04255,251.53490847674243,216.3848980846405,284.7809888688444,0,0.0019259450430922772,0.0,0,0.07937938281306704,0.025
2026-04-28 14:00:00,2026-04-28,13,257.04255,268.87941490063264,245.36520950249815,316.60315029876705,0,0.0004428208619779362,0.0,0,0.3053306371621153,0.058333333333333334
2026-04-28 15:00:00,2026-04-28,14,267.04255,277.05967339654933,243.11287078978515,348.3962560033134,0,0.000583155081045373,0.0,0,0.41692660601024917,0.10833333333333334
2026-04-28 16:00:00,2026-04-28,15,267.04255,278.9714245141878,234.4095304023172,332.2186286260585,0,0.0006298286120671489,0.0,0,0.4210774031297106,0.15833333333333333
2026-04-28 17:00:00,2026-04-28,16,272.04255,290.54979452311926,258.94433378540987,383.08337526082863,0,0.0004741260034026662,0.0,0,0.5504990448670571,0.35833333333333334
2026-04-28 18:00:00,2026-04-28,17,597.04255,331.25239665542944,233.1295435238528,520.5734097870061,0,0.000662801113123628,0.0,1,0.8254216993810268,0.725
2026-04-28 19:00:00,2026-04-28,18,1134.59455,388.7140479155746,227.230512847933,619.559222983216,0,0.0004952475885418575,0.0,1,0.8986939158068227,0.9583333333333334
2026-04-28 20:00:00,2026-04-28,19,307.04255,324.9261281017685,244.62492103560783,486.3539151679293,0,0.0005223517143235348,0.008333333333333333,0,0.7314694344511101,0.65
2026-04-28 21:00:00,2026-04-28,20,307.04255,310.5893369417492,278.97374423554334,389.1579696479551,0,0.0005598486828421964,0.0,0,0.6749676881582621,0.5416666666666666
2026-04-28 22:00:00,2026-04-28,21,257.04255,264.9911568038128,238.23656611987155,299.3585274877542,0,0.001845834558706178,0.0,0,0.1718735029595407,0.15833333333333333
2026-04-28 23:00:00,2026-04-28,22,257.04255,217.5243667308556,180.04093243588758,243.4808910258236,0,0.05673735171685648,0.008333333333333333,0,0.027180024357826748,0.025
2026-04-29 00:00:00,2026-04-28,23,121.41992,130.23364035116722,36.23353190624199,202.30157879609249,1,0.4760869767074776,0.9333333333333333,0,0.01216174142430668,0.0
2026-04-29 01:00:00,2026-04-29,0,121.41992,121.22909248704472,65.91356508912881,145.51708988496063,0,0.5468668044340923,0.5,0,0.0028423089158682653,0.0
2026-04-29 02:00:00,2026-04-29,1,115.33292,121.27758166497014,51.126985055350666,133.49298827458964,0,0.5875351590598968,0.525,0,0.002738796675008018,0.0
2026-04-29 03:00:00,2026-04-29,2,115.33292,121.58305314263332,84.03234054731766,161.500825737949,0,0.5875351590598968,0.5333333333333333,0,0.0024993535269527164,0.0
2026-04-29 04:00:00,2026-04-29,3,115.33292,122.7614799955454,70.92177822883444,167.65088176225632,0,0.5387961719778478,0.375,0,0.002520356515356693,0.0
2026-04-29 05:00:00,2026-04-29,4,122.49092,130.62258196001952,90.46292388984185,156.5545500301971,0,0.3774073674763763,0.08333333333333333,0,0.00438225280162725,0.008333333333333333
2026-04-29 06:00:00,2026-04-29,5,121.41992,167.9592571237985,135.04604513232604,214.40648911527092,0,0.06307473664611311,0.008333333333333333,0,0.005036102882934661,0.0
2026-04-29 07:00:00,2026-04-29,6,122.49092,166.47287266574853,128.91949777337862,215.01100755811845,0,0.04989388877438346,0.016666666666666666,0,0.005311983016535577,0.0
2026-04-29 08:00:00,2026-04-29,7,122.49092,154.1643709279948,104.72845604631176,205.47224580967787,0,0.13904593672977672,0.09166666666666666,0,0.003144583341430275,0.0
2026-04-29 09:00:00,2026-04-29,8,115.33292,159.1548825920725,108.40472856104296,214.902156623102,0,0.24313761563020542,0.11666666666666667,0,0.002616896219728507,0.0
2026-04-29 10:00:00,2026-04-29,9,115.33292,165.84747722451544,130.58120367811293,232.91755077091796,0,0.052456207719263535,0.08333333333333333,0,0.0024953545103534027,0.0
2026-04-29 11:00:00,2026-04-29,10,115.33292,173.5667794373383,121.46714888636215,219.3999599883145,0,0.11369310020891413,0.016666666666666666,0,0.006809346761878783,0.0
2026-04-29 12:00:00,2026-04-29,11,115.33292,170.58849263875925,132.68222501678778,212.02062026073077,0,0.1338218322353355,0.041666666666666664,0,0.01026754932361326,0.0
2026-04-29 13:00:00,2026-04-29,12,122.49092,205.53981954070213,162.68224914860022,250.93223993280407,0,0.028239225650661202,0.0,0,0.11767978879086867,0.025
2026-04-29 14:00:00,2026-04-29,13,274.18392,230.53868775159697,200.22075235346247,292.54301314973145,0,0.0006452933961906194,0.0,1,0.47232332071757577,0.6333333333333333
2026-04-29 15:00:00,2026-04-29,14,279.18392,250.1081343881152,210.53870075209028,357.2084680241401,0,0.0008470753621212931,0.0,1,0.6737149741664707,0.8833333333333333
2026-04-29 16:00:00,2026-04-29,15,282.18392,256.07317738216915,207.7055547055056,315.46417005883274,0,0.0008497069070817924,0.0,1,0.7485368995752021,0.9166666666666666
2026-04-29 17:00:00,2026-04-29,16,364.18392,314.28057718212824,254.24804525488912,472.4520291093674,0,0.0006355405462218823,0.0,1,0.7907770457697543,0.9833333333333333
2026-04-29 18:00:00,2026-04-29,17,364.18392,473.5708263005714,260.2066804126942,869.2504721884486,0,0.0011751475604179554,0.0,1,0.9062529178349743,1.0
2026-04-29 19:00:00,2026-04-29,18,614.18392,592.3063618533653,266.88024982651314,1032.0240738802177,0,0.0011751475604179554,0.0,1,0.8827486645892351,1.0
2026-04-29 20:00:00,2026-04-29,19,614.18392,390.9058026111944,225.30161554503377,676.5338496773551,0,0.0015599882306024382,0.0,1,0.8412241127207704,0.9833333333333333
2026-04-29 21:00:00,2026-04-29,20,284.18392,283.4171381112029,244.83463540499704,408.5571808174088,0,0.0008221504552751958,0.0,1,0.8370364361811314,0.9666666666666667
2026-04-29 22:00:00,2026-04-29,21,274.18392,202.4522287355198,173.56110805157846,242.0086294194611,0,0.0021849577092944335,0.0,1,0.41181317915794435,0.16666666666666666
2026-04-29 23:00:00,2026-04-29,22,274.18392,175.37748537197967,127.09747791257352,196.19276283138583,0,0.004114133948327099,0.0,1,0.09494032077462584,0.041666666666666664
2026-04-30 00:00:00,2026-04-29,23,123.9943,134.82683947077754,26.482501025852315,255.9489579157028,0,0.439533374578613,0.18333333333333332,0,0.029630361291763517,0.008333333333333333
2026-04-30 01:00:00,2026-04-30,0,123.9943,123.91879437223074,66.19816046857296,211.30877827588847,1,0.1574998817315504,0.08333333333333333,0,0.001704766416743119,0.0
2026-04-30 02:00:00,2026-04-30,1,123.9943,123.94877166427896,46.154093619039415,178.5593497095185,1,0.16567572276529363,0.09166666666666666,0,0.0015029001484857427,0.0
2026-04-30 03:00:00,2026-04-30,2,123.9943,123.97456850730995,85.86218107999353,184.6936759346264,1,0.16240346424704988,0.09166666666666666,0,0.0015330798323681004,0.0
2026-04-30 04:00:00,2026-04-30,3,123.9943,124.25664145826644,72.3843314970097,181.8158114195232,1,0.17077060542604422,0.075,0,0.0015029001484857427,0.0
2026-04-30 05:00:00,2026-04-30,4,225.6873,127.64557180073972,61.3095627175442,147.3923608839352,0,0.06551183111303784,0.025,0,0.0023016205017622983,0.016666666666666666
2026-04-30 06:00:00,2026-04-30,5,225.6873,142.24800590854628,102.2792427037182,189.79168911337436,0,0.04220250932049717,0.016666666666666666,0,0.0018788090805978129,0.0
2026-04-30 07:00:00,2026-04-30,6,123.9943,139.67169348877664,109.4902647902748,199.6627521872785,1,0.050611239035195196,0.03333333333333333,0,0.0024225534787763853,0.0
2026-04-30 08:00:00,2026-04-30,7,116.8363,135.30757332019527,97.10632843851224,204.79229820187828,1,0.12310881158054753,0.1,0,0.0016596602528953733,0.0
2026-04-30 09:00:00,2026-04-30,8,116.8363,135.03113242440557,81.66309839337605,199.10048645543503,1,0.16374223947345126,0.14166666666666666,0,0.0010808723711043526,0.0
2026-04-30 10:00:00,2026-04-30,9,120.6343,144.03433607379228,97.9684175200982,231.3328246274864,1,0.12577081576638274,0.09166666666666666,0,0.0011608409906500535,0.0
2026-04-30 11:00:00,2026-04-30,10,225.6873,154.7764516086081,75.89063546159821,232.680907755618,0,0.036225172194154096,0.025,0,0.0017633631985157327,0.0
2026-04-30 12:00:00,2026-04-30,11,225.6873,159.16575716833475,83.88067339357765,238.09830094309183,0,0.04273140161451603,0.03333333333333333,0,0.00794219825311323,0.0
2026-04-30 13:00:00,2026-04-30,12,225.6873,172.38779584831693,94.18386618741324,224.50146550922065,0,0.0016967313926234458,0.008333333333333333,0,0.03639693484830827,0.008333333333333333
2026-04-30 14:00:00,2026-04-30,13,225.6873,224.094593219526,155.90046782139146,296.38171861766045,0,0.0007851638703866674,0.0,0,0.21212251683412492,0.8916666666666667
2026-04-30 15:00:00,2026-04-30,14,265.6873,261.39124983262855,182.23076389763563,351.41925576762145,0,0.00041187453457624596,0.0,0,0.43335393103325215,1.0
2026-04-30 16:00:00,2026-04-30,15,265.6873,276.8683134808735,222.04269820575016,376.0974687559967,0,0.0004002508536041688,0.0,0,0.5291664106160141,1.0
2026-04-30 17:00:00,2026-04-30,16,274.6873,320.18624428112787,234.3358364563392,465.5282821059166,0,0.0004058420769806324,0.0,0,0.5561835044080323,1.0
2026-04-30 18:00:00,2026-04-30,17,285.6873,430.0491247877411,241.5554488998639,702.2957406756184,0,0.0007734687677301722,0.0,0,0.7744955744673706,1.0
2026-04-30 19:00:00,2026-04-30,18,285.6873,587.4168631142321,342.8797910873799,908.2069851410844,0,0.0007734687677301722,0.0,0,0.7877541901207097,1.0
2026-04-30 20:00:00,2026-04-30,19,285.6873,512.1771600516508,349.7916629854902,747.8168171178115,0,0.0007448653375055977,0.0,0,0.6542996464396509,1.0
2026-04-30 21:00:00,2026-04-30,20,265.6873,305.7039591145698,225.2971364083639,444.0944618207756,0,0.00036410887425410496,0.0,0,0.6479508441811637,0.9916666666666667
2026-04-30 22:00:00,2026-04-30,21,265.6873,221.3640368807192,170.34304604741914,284.7687377140192,0,0.0003293539000321687,0.0,0,0.31731236081932984,0.8083333333333333
2026-04-30 23:00:00,2026-04-30,22,225.6873,190.3161838106772,135.92352635127102,221.24163127008333,0,0.005265614993255858,0.0,0,0.09117475199484126,0.23333333333333334
2026-05-01 00:00:00,2026-04-30,23,183.43366,120.08688815661203,42.5508797116868,211.2033566015373,0,0.06153372846649419,0.19166666666666668,0,0.008196181718333284,0.0
2026-05-01 01:00:00,2026-05-01,0,183.43366,182.99359566326228,158.28385334416188,228.20536298236271,0,0.1107184383442451,0.016666666666666666,1,0.0017136764015556218,0.0
2026-05-01 02:00:00,2026-05-01,1,148.43366,182.77763720577823,147.1580591605387,216.09151525101785,0,0.10630923413332746,0.008333333333333333,0,0.0014601871107119975,0.0
2026-05-01 03:00:00,2026-05-01,2,129.44266,182.64671221851268,165.46309079119624,208.43037964582916,0,0.10877821268101732,0.008333333333333333,0,0.0014205904357978642,0.0
2026-05-01 04:00:00,2026-05-01,3,129.44266,182.69405587148668,154.38766855530432,205.41335318766903,0,0.11685278366753893,0.008333333333333333,0,0.001417328781336524,0.0
2026-05-01 05:00:00,2026-05-01,4,129.44266,185.6322350491634,145.7967269789858,204.16964311934103,0,0.012725157057097185,0.0,0,0.00319541461991152,0.041666666666666664
2026-05-01 06:00:00,2026-05-01,5,127.43366,165.2147709603257,116.60055829892,196.74786362173137,0,0.1088836242196689,0.041666666666666664,0,0.0032467715740385726,0.008333333333333333
2026-05-01 07:00:00,2026-05-01,6,121.75366,154.39643526661737,120.15099656811552,200.60506396511923,0,0.16815596447086864,0.06666666666666667,0,0.0012320402578164123,0.0
2026-05-01 08:00:00,2026-05-01,7,121.62366,151.0821710255454,114.26070614386232,207.62719590722844,0,0.23291017971983963,0.125,0,0.00135480401526925,0.0
2026-05-01 09:00:00,2026-05-01,8,121.62366,148.65748655714452,106.36051252611496,193.84830058817408,0,0.2608745636649645,0.18333333333333332,0,0.00135480401526925,0.0
2026-05-01 10:00:00,2026-05-01,9,121.62366,154.4633065386587,111.17014198496462,207.4865250923528,0,0.20011445785825765,0.13333333333333333,0,0.001340848016565432,0.0
2026-05-01 11:00:00,2026-05-01,10,127.43366,165.70130399772293,120.103237850713,222.29329014473285,0,0.1272032657567217,0.05,0,0.002967079129354121,0.008333333333333333
2026-05-01 12:00:00,2026-05-01,11,127.43366,173.0422949631023,127.4805511883452,230.3328387378594,0,0.10716941495096116,0.06666666666666667,0,0.005849617074471615,0.008333333333333333
2026-05-01 13:00:00,2026-05-01,12,127.43366,173.4752900423126,131.85314892776177,223.23802115686345,0,0.04025170390009235,0.041666666666666664,0,0.010810238556908769,0.008333333333333333
2026-05-01 14:00:00,2026-05-01,13,129.44266,175.05931741345597,134.0089807682106,234.51303405870132,0,0.018639226933709528,0.016666666666666666,0,0.020717864047872063,0.016666666666666666
2026-05-01 15:00:00,2026-05-01,14,183.43366,185.48219737079955,138.37781303199472,249.1033417096044,0,0.0083866866627562,0.008333333333333333,1,0.04239493281544881,0.016666666666666666
2026-05-01 16:00:00,2026-05-01,15,183.43366,188.3935427988029,158.7513377364041,254.88976786120176,0,0.001560855423397068,0.0,1,0.05057650970076439,0.041666666666666664
2026-05-01 17:00:00,2026-05-01,16,233.43366,202.19667310276049,161.27522917161565,291.0901970339054,0,0.0005227738211455224,0.0,1,0.17277586172193665,0.10833333333333334
2026-05-01 18:00:00,2026-05-01,17,262.43366,251.00336525081607,152.3081893629389,393.7443511386933,0,0.0003431727693260252,0.008333333333333333,1,0.6845209338878255,0.6583333333333333
2026-05-01 19:00:00,2026-05-01,18,623.43366,269.33559693419136,127.67842539868464,438.1822784696981,0,0.00034339560330874533,0.0,1,0.8417656495717083,0.8666666666666667
2026-05-01 20:00:00,2026-05-01,19,233.43366,256.9831937319913,173.81376666583063,388.525960798152,0,0.00033558687799415196,0.0,1,0.607247858690021,0.7333333333333333
2026-05-01 21:00:00,2026-05-01,20,233.43366,223.8565202814604,162.97798757525456,321.0082529876663,0,0.0005503196957418336,0.008333333333333333,1,0.3746740176700173,0.26666666666666666
2026-05-01 22:00:00,2026-05-01,21,233.43366,220.4869605818424,167.8786497485424,297.0098314151424,0,0.0005284882865064085,0.0,1,0.24200073758126892,0.225
2026-05-01 23:00:00,2026-05-01,22,233.43366,196.98194980267905,157.64244223549494,255.16610736986317,0,0.001273677991632819,0.0,1,0.06815257804322937,0.058333333333333334
2026-05-02 00:00:00,2026-05-01,23,143.40286,172.42505155731334,113.38753311238808,226.8160400022385,0,0.12426084307310806,0.06666666666666667,0,0.006964560882141513,0.016666666666666666
2026-05-02 01:00:00,2026-05-02,0,168.40286,143.3949407045717,122.63177428462276,160.29972712452064,0,0.04870964742835035,0.016666666666666666,0,0.0042112659151695795,0.0
2026-05-02 02:00:00,2026-05-02,1,143.40286,143.3641702494628,104.94097220422324,162.03835829470236,0,0.016991109350087234,0.016666666666666666,0,0.001043158753139566,0.0
2026-05-02 03:00:00,2026-05-02,2,143.40286,143.39498569803425,125.9383031027186,166.37313829334988,0,0.010509640577192086,0.008333333333333333,0,0.0007711402766706496,0.0
2026-05-02 04:00:00,2026-05-02,3,143.40286,143.4592244667327,113.92090715055032,144.75865178291505,0,0.011904521509296813,0.008333333333333333,0,0.0008444275716657531,0.0
2026-05-02 05:00:00,2026-05-02,4,143.40286,144.3943052861319,116.07170377866848,150.94526679359527,0,0.0030115509725232316,0.0,0,0.0021728650606965038,0.03333333333333333
2026-05-02 06:00:00,2026-05-02,5,143.40286,139.8599955610616,98.5123428996559,146.2138082224673,0,0.008023749538797259,0.025,0,0.0012649091244842311,0.008333333333333333
2026-05-02 07:00:00,2026-05-02,6,143.40286,137.1913553496422,113.43252665114036,155.85049404814404,0,0.01104050575261998,0.025,0,0.0007332885231188558,0.0
2026-05-02 08:00:00,2026-05-02,7,143.40286,135.770385935235,103.94487105355196,158.64241081691804,0,0.030417284843423452,0.08333333333333333,0,0.0007459606845646565,0.0
2026-05-02 09:00:00,2026-05-02,8,198.90286,136.57535535022856,95.46918131919904,154.53697938125805,0,0.034496032380506775,0.10833333333333334,0,0.0007459606845646565,0.0
2026-05-02 10:00:00,2026-05-02,9,168.40286,138.93409847648175,104.52831992278765,161.2402170301758,0,0.016455372335521738,0.08333333333333333,0,0.0005603973412696853,0.0
2026-05-02 11:00:00,2026-05-02,10,168.40286,139.17509597232174,107.84465982531182,163.54683211933164,0,0.01661211153419271,0.041666666666666664,0,0.0009559531260704266,0.008333333333333333
2026-05-02 12:00:00,2026-05-02,11,168.40286,139.52655539330468,104.5905419341146,157.54875885249467,0,0.013187339609927662,0.06666666666666667,0,0.001454785406801508,0.008333333333333333
2026-05-02 13:00:00,2026-05-02,12,168.40286,140.78138444055497,108.06786137433032,168.2730275067796,0,0.004828798901575323,0.041666666666666664,0,0.0023021916116555273,0.008333333333333333
2026-05-02 14:00:00,2026-05-02,13,168.40286,142.7492971942995,121.33595898472018,170.09394540387882,0,0.0039700176456419906,0.008333333333333333,0,0.004709810181583785,0.016666666666666666
2026-05-02 15:00:00,2026-05-02,14,198.90286,150.85764884677224,132.2103645079674,171.9973031855771,0,0.0025727499581336003,0.008333333333333333,0,0.028663952637106246,0.025
2026-05-02 16:00:00,2026-05-02,15,208.40286,149.57957471313435,142.17285965073555,182.17727977553315,0,0.0004160555278650262,0.0,0,0.04528968135637345,0.03333333333333333
2026-05-02 17:00:00,2026-05-02,16,208.40286,166.40215760374164,154.65470367259678,216.44862153488648,0,0.0001934930628475663,0.0,0,0.06986794848836338,0.15
2026-05-02 18:00:00,2026-05-02,17,238.40286,225.3983176905426,162.83590180266538,313.2587635784198,0,0.000180831669518317,0.0,1,0.39899903612084264,0.825
2026-05-02 19:00:00,2026-05-02,18,238.40286,309.58051226381724,175.47234318835706,460.8819013392775,0,0.00025662884322304684,0.0,1,0.4460826330668366,0.9833333333333333
2026-05-02 20:00:00,2026-05-02,19,238.40286,215.797001207322,162.49356414116133,300.6639982734827,0,0.00019826676841931473,0.0,1,0.3446330689125048,0.7833333333333333
2026-05-02 21:00:00,2026-05-02,20,208.40286,196.31039612916564,147.48973342295977,256.1103888353715,0,0.0001773794621007862,0.0,0,0.3027847343742781,0.625
2026-05-02 22:00:00,2026-05-02,21,208.40286,186.35932963555868,134.43441880225868,232.61504046885867,0,0.00018979918615547015,0.0,0,0.22923614836585193,0.425
2026-05-02 23:00:00,2026-05-02,22,198.90286,179.05605914897805,140.10355158179394,213.65896671616215,0,0.00018979918615547015,0.0,0,0.14129685249121132,0.21666666666666667
2026-05-03 00:00:00,2026-05-02,23,206.23212,145.3829533672419,91.62910492231669,181.8898818121672,0,0.004363079273547514,0.06666666666666667,0,0.011384776734515429,0.041666666666666664
2026-05-03 01:00:00,2026-05-03,0,206.23212,205.680146080893,184.81262966094403,217.00750250084192,0,0.0065589289726582355,0.016666666666666666,0,0.007748265244123915,0.0
2026-05-03 02:00:00,2026-05-03,1,206.23212,205.38675863783288,176.49981724038545,216.8068800352803,0,0.008565840362927304,0.008333333333333333,0,0.0029678371164532794,0.0
2026-05-03 03:00:00,2026-05-03,2,183.73212,204.53376160176515,186.89716900644947,220.5940941970808,0,0.016629123169695975,0.008333333333333333,0,0.001187750900439223,0.0
2026-05-03 04:00:00,2026-05-03,3,206.23212,204.5454285290627,183.41836556926447,205.65915148886083,0,0.02201322073443177,0.008333333333333333,0,0.0015114489079085976,0.008333333333333333
2026-05-03 05:00:00,2026-05-03,4,206.23212,203.91516264973143,179.49820114226802,210.31196415719484,0,0.03508190969028682,0.0,0,0.0013045931549373507,0.041666666666666664
2026-05-03 06:00:00,2026-05-03,5,183.73212,187.0230551453524,152.54488248394668,188.83801780675807,0,0.08102083290646442,0.025,0,0.0007345342269376235,0.016666666666666666
2026-05-03 07:00:00,2026-05-03,6,183.73212,184.6698810388831,159.99768234038126,199.99242973738487,0,0.16312014110525527,0.03333333333333333,0,0.0005124397202410062,0.0
2026-05-03 08:00:00,2026-05-03,7,183.73212,184.13452681729268,158.53169193560964,210.6645516989757,0,0.19509830507359946,0.08333333333333333,0,0.000502347952457761,0.0
2026-05-03 09:00:00,2026-05-03,8,183.73212,186.61624209338788,157.56685784124537,215.5036263455304,0,0.1280471604275702,0.10833333333333334,0,0.0009921767082081707,0.0
2026-05-03 10:00:00,2026-05-03,9,183.73212,189.27678568041927,157.49830149800897,210.4937498628296,0,0.12265943319571602,0.09166666666666666,0,0.0007646108526176432,0.0
2026-05-03 11:00:00,2026-05-03,10,183.73212,188.2562330132214,155.8810221604388,203.880443866004,0,0.2175121689701345,0.041666666666666664,0,0.0015740158676440642,0.008333333333333333
2026-05-03 12:00:00,2026-05-03,11,183.73212,186.11814038597367,156.56835106685935,201.329339705088,0,0.22196694839169423,0.075,0,0.0028873605166522976,0.008333333333333333
2026-05-03 13:00:00,2026-05-03,12,183.73212,186.9390019564209,156.45980240845012,205.7516715043916,0,0.12059335010395096,0.05,0,0.004019425851654181,0.008333333333333333
2026-05-03 14:00:00,2026-05-03,13,206.23212,186.7344205428164,176.33500233323707,201.53872875239568,0,0.09253744903555171,0.016666666666666666,0,0.009790066930198594,0.008333333333333333
2026-05-03 15:00:00,2026-05-03,14,206.23212,193.37015625272264,179.8984903177297,212.16567218771556,0,0.014081732996396918,0.008333333333333333,0,0.04863234228365202,0.008333333333333333
2026-05-03 16:00:00,2026-05-03,15,213.23212,195.7029110631195,186.2572557879963,221.35572633824276,0,0.0038623780786971214,0.0,0,0.050786203126327624,0.03333333333333333
2026-05-03 17:00:00,2026-05-03,16,213.23212,198.76579810298028,188.75664417183543,227.63584203412512,0,0.0009583643251695955,0.0,0,0.06034810463783676,0.025
2026-05-03 18:00:00,2026-05-03,17,238.23212,221.0342875539964,179.30989166611917,280.6678234418736,0,0.00032711369487233006,0.016666666666666666,0,0.2513383822354769,0.13333333333333333
2026-05-03 19:00:00,2026-05-03,18,238.23212,240.52077422980148,129.09256515434123,357.70862330526165,0,0.0002779201596050122,0.008333333333333333,0,0.347034296343301,0.325
2026-05-03 20:00:00,2026-05-03,19,238.23212,227.059741962792,190.4942548966313,271.41021902895267,0,0.0002726149680406813,0.025,0,0.336676294801641,0.125
2026-05-03 21:00:00,2026-05-03,20,238.23212,210.9614310299825,178.56766832377662,246.04578373618835,0,0.0002674860245905598,0.008333333333333333,0,0.2933187506029952,0.058333333333333334
2026-05-03 22:00:00,2026-05-03,21,213.23212,211.82569348639888,182.39272265309887,250.4974143196989,0,0.0002674860245905598,0.0,0,0.24991346768644182,0.08333333333333333
2026-05-03 23:00:00,2026-05-03,22,213.23212,206.3588930968263,171.92552210909116,235.70543408456143,0,0.0006678107623591741,0.0,0,0.1732294837327596,0.05
2026-05-04 00:00:00,2026-05-03,23,214.6534,199.75888774572525,131.99723175326838,238.57449373818216,0,0.0064873182155148566,0.06666666666666667,0,0.032973477449211246,0.03333333333333333
2026-05-04 01:00:00,2026-05-04,0,214.6534,214.68981157526667,170.99224472894593,234.70420842158745,0,0.08077102206173178,0.016666666666666666,0,0.0012515920536308068,0.0
2026-05-04 02:00:00,2026-05-04,1,214.6534,214.587810342508,163.39588377480248,237.38369691021356,0,0.10262020414674457,0.016666666666666666,0,0.0007060390781608333,0.0
2026-05-04 03:00:00,2026-05-04,2,214.6534,214.4810135867716,169.57827099145592,246.3625461820873,0,0.028708042800586826,0.016666666666666666,0,0.0006371155635391809,0.0
2026-05-04 04:00:00,2026-05-04,3,214.6534,214.8009796254616,161.0204351177098,236.47242413321345,0,0.025512053117960124,0.008333333333333333,0,0.001132014673790212,0.0
2026-05-04 05:00:00,2026-05-04,4,248.6534,214.8750613450544,169.255359837591,235.36141285251787,0,0.009668375465067634,0.0,0,0.0013849133855650764,0.03333333333333333
2026-05-04 06:00:00,2026-05-04,5,248.6534,210.3883603279753,172.6840176665696,240.12196298938105,0,0.013378236618121658,0.025,0,0.0009254994402594784,0.008333333333333333
2026-05-04 07:00:00,2026-05-04,6,214.6534,211.50497163900164,177.4687829404998,248.1474903375035,0,0.016426763434815597,0.025,0,0.0007123225863436928,0.0
2026-05-04 08:00:00,2026-05-04,7,214.6534,210.31744257402403,175.77384769234098,240.7452274557071,0,0.01246182549627597,0.075,0,0.0008053024904945606,0.0
2026-05-04 09:00:00,2026-05-04,8,214.6534,209.27957370968377,164.59797945754124,241.62148796182632,0,0.01759661126391797,0.10833333333333334,0,0.001011954415589844,0.0
2026-05-04 10:00:00,2026-05-04,9,223.6534,210.873633028968,170.0076688465577,245.02484721137836,0,0.010976784450191557,0.08333333333333333,0,0.0009933731070210182,0.0
2026-05-04 11:00:00,2026-05-04,10,248.6534,213.3523670871352,173.7246662343526,244.77552793991785,0,0.004455174584685588,0.041666666666666664,0,0.0018198664554208153,0.008333333333333333
2026-05-04 12:00:00,2026-05-04,11,248.6534,210.8324508283634,174.83611150924906,240.77795014747767,0,0.009359943933980494,0.06666666666666667,0,0.0026392351813128143,0.008333333333333333
2026-05-04 13:00:00,2026-05-04,12,248.6534,218.0903532751719,177.24989372720114,246.4407928231427,0,0.0016577358865453326,0.041666666666666664,0,0.007319200225355076,0.008333333333333333
2026-05-04 14:00:00,2026-05-04,13,248.6534,228.28807917621444,199.87072355866584,275.126624793763,0,0.00040311535169416327,0.008333333333333333,0,0.042994056639748576,0.025
2026-05-04 15:00:00,2026-05-04,14,258.6534,238.53059149338463,198.2581555583917,290.2679174283776,0,0.0002453815989311387,0.0,0,0.17371216227129405,0.058333333333333334
2026-05-04 16:00:00,2026-05-04,15,294.1534,242.786576634914,192.7537413597908,277.78313191003724,0,0.00026169602488941454,0.0,0,0.1839759758875969,0.09166666666666666
2026-05-04 17:00:00,2026-05-04,16,294.1534,256.1769913750345,218.9064574438896,320.12662530617933,0,0.00025269693689735425,0.0,0,0.22979588714356594,0.16666666666666666
2026-05-04 18:00:00,2026-05-04,17,508.6534,284.87288440449447,184.72585851661725,458.8572802923717,0,0.00017633954531005313,0.016666666666666666,1,0.6466804805682826,0.43333333333333335
2026-05-04 19:00:00,2026-05-04,18,558.6534,317.4528628076427,120.08355373218257,576.7250118831029,0,0.00032815543473673365,0.008333333333333333,1,0.6904618213949681,0.7916666666666666
2026-05-04 20:00:00,2026-05-04,19,508.6534,294.83899529690893,227.76402823074824,447.2206823630696,0,0.0002175066229176397,0.0,1,0.5367560328874759,0.55
2026-05-04 21:00:00,2026-05-04,20,558.6534,260.0275363518474,234.46291364564144,344.15622905805327,0,0.00022584253228476083,0.008333333333333333,1,0.36110635818938,0.18333333333333332
2026-05-04 22:00:00,2026-05-04,21,294.1534,237.00029653879568,211.38046570549565,276.9714073720957,0,0.00030016740033796715,0.0,0,0.12056050176162438,0.08333333333333333
2026-05-04 23:00:00,2026-05-04,22,248.6534,228.34047870490565,204.12023094980543,271.6770364600058,0,0.0002692392569603677,0.0,0,0.027323828598451227,0.041666666666666664
2026-05-05 00:00:00,2026-05-04,23,231.43242,206.89946631444664,147.89521032198977,262.2829623069035,0,0.09081254301672301,0.06666666666666667,0,0.0071494682989913655,0.016666666666666666
2026-05-05 01:00:00,2026-05-05,0,231.43242,231.4205195263833,192.44252268006252,259.49454637270406,0,0.1302084426996538,0.041666666666666664,0,0.005155183909864003,0.0
2026-05-05 02:00:00,2026-05-05,1,231.43242,231.3088738748443,192.40680730713885,264.3339304425498,0,0.12104112653943551,0.058333333333333334,0,0.0015994483530335614,0.0
2026-05-05 03:00:00,2026-05-05,2,231.43242,231.3095873441488,193.37096601261769,267.1787286756799,0,0.12119073240923506,0.06666666666666667,0,0.0015489173019642428,0.0
2026-05-05 04:00:00,2026-05-05,3,265.93242,231.710007001255,192.258466573638,261.363347428872,0,0.11825790345514221,0.05,0,0.0012050183343982382,0.0
2026-05-05 05:00:00,2026-05-05,4,265.93242,233.30805826154372,192.4414676345589,259.35656888852867,0,0.054437207111091505,0.025,0,0.002186633133464398,0.025
2026-05-05 06:00:00,2026-05-05,5,265.93242,247.3719533611422,223.88715018413552,306.08698653814884,0,0.04670443513686124,0.025,0,0.002186633133464398,0.0
2026-05-05 07:00:00,2026-05-05,6,231.43242,249.4338758650206,218.29184716651875,300.41483456352245,0,0.058417095512840946,0.025,0,0.0013950257094599398,0.0
2026-05-05 08:00:00,2026-05-05,7,231.43242,255.3215481088648,210.8608732271818,306.8175729905478,0,0.09159571873643978,0.06666666666666667,0,0.0013351755997499536,0.0
2026-05-05 09:00:00,2026-05-05,8,231.43242,257.0758320009344,210.22397774879184,317.0145162530769,0,0.07658405997526618,0.08333333333333333,0,0.0013839457630977039,0.0
2026-05-05 10:00:00,2026-05-05,9,231.43242,268.8925182115081,212.3904340290978,313.7560423939184,0,0.03161271162086722,0.058333333333333334,0,0.0012148330989612678,0.0
2026-05-05 11:00:00,2026-05-05,10,265.93242,275.3751480813128,218.8491285905958,318.1298775720297,0,0.03448675229577053,0.016666666666666666,0,0.00594664367523356,0.008333333333333333
2026-05-05 12:00:00,2026-05-05,11,265.93242,273.2345933955985,224.3089489466661,318.42065784453087,0,0.03193409124916864,0.03333333333333333,0,0.0049630851474266055,0.0
2026-05-05 13:00:00,2026-05-05,12,265.93242,279.01558904186544,227.52149727442503,347.9055908093059,0,0.010185425945903222,0.016666666666666666,0,0.02111963525358934,0.008333333333333333
2026-05-05 14:00:00,2026-05-05,13,280.93242,295.41622190335903,253.0586962858104,361.0187875209076,0,0.0032989712205849842,0.0,0,0.045163681924486096,0.041666666666666664
2026-05-05 15:00:00,2026-05-05,14,285.93242,318.59201614725487,253.394340212262,414.0180720822478,0,0.00042163507362517503,0.0,0,0.15360635036121667,0.10833333333333334
2026-05-05 16:00:00,2026-05-05,15,315.93242,324.97877659554774,250.38053099584744,398.0300721952481,0,0.00044552997277135545,0.0,0,0.18190860224836686,0.18333333333333332
2026-05-05 17:00:00,2026-05-05,16,315.93242,340.2012812542042,289.6730573230594,474.9496251853491,0,0.00037872440314769344,0.0,0,0.24105330049655133,0.39166666666666666
2026-05-05 18:00:00,2026-05-05,17,515.93242,464.6828399356258,284.1138999395706,787.485339931681,0,0.0004085524557468763,0.0,1,0.8249305189046452,0.9416666666666667
2026-05-05 19:00:00,2026-05-05,18,1118.61742,551.4868921219727,247.40931304651247,941.9737511974328,0,0.00047872602326415553,0.0,1,0.8283428119477684,0.975
2026-05-05 20:00:00,2026-05-05,19,515.93242,488.2107687550727,308.50586788760467,763.0923196225407,0,0.00027686240270766876,0.0,1,0.7236868171920636,0.9583333333333334
2026-05-05 21:00:00,2026-05-05,20,495.93242,424.4722780703668,336.6937353641609,588.6502807765727,0,0.0002716223443090848,0.0,1,0.5546844555564906,0.925
2026-05-05 22:00:00,2026-05-05,21,315.93242,302.2477729599064,247.03272444951648,396.4152414702963,0,0.002574312704589049,0.0,0,0.179742407927288,0.15
2026-05-05 23:00:00,2026-05-05,22,280.93242,276.6418340450123,230.85522246029151,347.2601956297331,0,0.005049052491477406,0.0,0,0.03626129141258163,0.058333333333333334
2026-05-06 00:00:00,2026-05-05,23,230.28631,240.65695789045463,177.37588189799774,305.97103388291146,0,0.19196989317677823,0.08333333333333333,0,0.003701069888503497,0.008333333333333333
2026-05-06 01:00:00,2026-05-06,0,230.28631,230.4566938936739,189.61931133314675,248.58924645420095,0,0.12072403746516445,0.025,0,0.004163201687642425,0.0
2026-05-06 02:00:00,2026-05-06,1,230.28631,230.3893193895352,194.0224681126665,246.72005066640392,0,0.17807622585083394,0.03333333333333333,0,0.0016087145607152624,0.0
2026-05-06 03:00:00,2026-05-06,2,230.28631,230.3154049172857,207.7763865426733,260.35428329189807,0,0.18560520222357826,0.025,0,0.001749805487426552,0.0
2026-05-06 04:00:00,2026-05-06,3,230.28631,230.3625402859368,200.75864985831976,255.7999907135538,0,0.19749945227273696,0.025,0,0.003359749521253177,0.0
2026-05-06 05:00:00,2026-05-06,4,264.28631,232.6966226890341,200.1408890650825,250.52335631298573,0,0.08925434205297764,0.008333333333333333,0,0.004804725264194383,0.03333333333333333
2026-05-06 06:00:00,2026-05-06,5,230.28631,235.14871719389689,210.0331740168901,286.7256903709035,0,0.05047363046184187,0.03333333333333333,0,0.005110217760756343,0.0
2026-05-06 07:00:00,2026-05-06,6,230.28631,231.7715653880257,199.8425966895239,287.0828940865276,0,0.06734505675128064,0.041666666666666664,0,0.0023233057821027037,0.0
2026-05-06 08:00:00,2026-05-06,7,230.28631,234.55738005333785,201.98897517165483,290.5855949350209,0,0.04464211665843877,0.1,0,0.0019822700112854335,0.0
2026-05-06 09:00:00,2026-05-06,8,230.28631,229.06819766926867,179.67323341712614,282.49912192141124,0,0.1268832048130873,0.13333333333333333,0,0.0017217315103768937,0.0
2026-05-06 10:00:00,2026-05-06,9,230.28631,232.01964930372432,182.191175121314,280.39745348613457,0,0.07106124420563041,0.10833333333333334,0,0.0013119347917692236,0.0
2026-05-06 11:00:00,2026-05-06,10,230.28631,243.3464133363161,191.03542384559915,298.1786428270331,0,0.04114532516310672,0.03333333333333333,0,0.00476212198663927,0.0
2026-05-06 12:00:00,2026-05-06,11,230.28631,247.3347574928652,194.1658830439328,302.96471194179765,0,0.019079285994940125,0.03333333333333333,0,0.020474152612602298,0.0
2026-05-06 13:00:00,2026-05-06,12,230.28631,252.30942235834297,200.1151105909026,319.5408641257834,0,0.0038347904742121446,0.025,0,0.03006085967138661,0.008333333333333333
2026-05-06 14:00:00,2026-05-06,13,264.28631,273.420492009211,230.7416763916624,337.6363276267596,0,0.0004619677496202759,0.0,0,0.08336062637086306,0.03333333333333333
2026-05-06 15:00:00,2026-05-06,14,279.78631,295.5962517628349,233.57540746014303,396.6276960655268,0,0.0003940485759949455,0.0,0,0.2543567380948013,0.10833333333333334
2026-05-06 16:00:00,2026-05-06,15,314.78631,300.9353706007973,230.04494500109692,400.7947962004976,0,0.00040031268746397084,0.0,1,0.3398132140432775,0.19166666666666668
2026-05-06 17:00:00,2026-05-06,16,314.78631,303.9795538136014,251.38490988245653,432.71989774474616,0,0.0003022626841993961,0.0,1,0.34998995716538894,0.3
2026-05-06 18:00:00,2026-05-06,17,504.78631,439.5671652050366,281.8292452089814,737.9781652010919,0,0.0004891096834656862,0.0,1,0.7961224400305965,0.95
2026-05-06 19:00:00,2026-05-06,18,1117.47131,623.6215935670016,279.9290483696849,1037.0071087643182,0,0.0005135271154463823,0.0,1,0.7961224400305965,0.9916666666666667
2026-05-06 20:00:00,2026-05-06,19,504.78631,490.5572358206245,259.29004495315644,815.5825466880925,0,0.0005397647071222885,0.0,1,0.7939319309851004,0.9666666666666667
2026-05-06 21:00:00,2026-05-06,20,504.78631,390.3711555485668,275.73305284236085,613.3522982547726,0,0.00028350012598504624,0.0,1,0.7002551894985095,0.9333333333333333
2026-05-06 22:00:00,2026-05-06,21,284.78631,282.7881734767922,211.8122749664023,400.9846019871821,0,0.0004981646341649425,0.0,0,0.25486532786653054,0.15
2026-05-06 23:00:00,2026-05-06,22,230.28631,262.84364253044856,205.26501833994615,320.76633672095085,0,0.0007611876675066117,0.0,0,0.10939430350072497,0.06666666666666667
2026-05-07 00:00:00,2026-05-06,23,225.7132,238.7244662988616,183.98732030640477,308.6303222913185,0,0.04657979342767073,0.06666666666666667,0,0.011561802030849715,0.016666666666666666
2026-05-07 01:00:00,2026-05-07,0,251.8442,225.5287254036201,195.3061913650032,247.32106944223705,0,0.13120295858576927,0.016666666666666666,0,0.005527406656125444,0.0
2026-05-07 02:00:00,2026-05-07,1,225.7132,225.3921387709448,194.40536749407607,252.62057004781343,0,0.12682672369917092,0.016666666666666666,0,0.002176895098755068,0.0
2026-05-07 03:00:00,2026-05-07,2,225.7132,225.52983955623725,197.53954655143917,271.5566625610353,0,0.12682672369917092,0.016666666666666666,0,0.002012907225862793,0.0
2026-05-07 04:00:00,2026-05-07,3,225.7132,225.66715859437664,190.04697633077785,269.5349408579754,0,0.10136993481571402,0.008333333333333333,0,0.002180705761725139,0.0
2026-05-07 05:00:00,2026-05-07,4,251.8442,227.24396549688143,191.68731293145,264.5720180623128,0,0.03325754264889362,0.0,0,0.0067567515392613865,0.03333333333333333
2026-05-07 06:00:00,2026-05-07,5,225.7132,225.55506179275508,193.6516886157484,286.62989496976184,0,0.023363900055748392,0.016666666666666666,0,0.003384266937094061,0.0
2026-05-07 07:00:00,2026-05-07,6,225.7132,223.46473893179504,189.5636302332932,298.0533776302969,0,0.05747517666384929,0.025,0,0.002154075636919496,0.0
2026-05-07 08:00:00,2026-05-07,7,225.7132,218.42548869224623,185.6147338105632,293.7898235739293,0,0.10380006628387783,0.1,0,0.0021014266394874578,0.0
2026-05-07 09:00:00,2026-05-07,8,221.2132,211.97205383110804,160.5232295789655,274.3705280832506,0,0.1164632183387541,0.13333333333333333,0,0.0021000335867023927,0.0
2026-05-07 10:00:00,2026-05-07,9,225.7132,212.23540565387927,169.62186147146892,269.8281498362896,0,0.11249325653424941,0.125,0,0.001519525317219323,0.0
2026-05-07 11:00:00,2026-05-07,10,225.7132,223.3525642333192,172.5115647426022,274.96102372403607,0,0.026722037380266128,0.041666666666666664,0,0.0024869336242966337,0.0
2026-05-07 12:00:00,2026-05-07,11,225.7132,227.88498097257835,179.86451652364588,280.6844354215107,0,0.014350897590839224,0.058333333333333334,0,0.004120697651787371,0.0
2026-05-07 13:00:00,2026-05-07,12,225.7132,231.5872539545241,186.8385121870837,287.9210157219646,0,0.0068734997831344635,0.041666666666666664,0,0.010988290020648958,0.008333333333333333
2026-05-07 14:00:00,2026-05-07,13,251.8442,252.0288752899412,201.73569967239263,333.53269090748984,0,0.002074255624811533,0.0,0,0.05552846380907956,0.025
2026-05-07 15:00:00,2026-05-07,14,251.8442,274.8038817000157,208.8275573973239,382.5373260027076,0,0.0003314853531413957,0.0,0,0.17958868199143802,0.09166666666666666
2026-05-07 16:00:00,2026-05-07,15,280.7132,284.620620354154,217.4596147544537,365.1061459538544,0,0.00033675524461251763,0.0,0,0.2713641345790325,0.21666666666666667
2026-05-07 17:00:00,2026-05-07,16,315.7132,296.7603734023449,242.9993869059456,440.1875598987442,0,0.0003314853531413957,0.0,0,0.4041149567820712,0.48333333333333334
2026-05-07 18:00:00,2026-05-07,17,495.7132,435.40379777196574,216.73783777591052,799.4880777680208,0,0.00045924986419758606,0.0,1,0.7105433575566865,0.9583333333333334
2026-05-07 19:00:00,2026-05-07,18,1118.3982,617.810144095905,215.82788138480163,1108.9041068070082,0,0.00044079838292369157,0.0,1,0.7105433575566865,0.9916666666666667
2026-05-07 20:00:00,2026-05-07,19,495.7132,479.3799437769459,260.1688429094778,818.2037046444138,0,0.00045434874025602345,0.0,1,0.6693068921791976,0.975
2026-05-07 21:00:00,2026-05-07,20,475.7132,383.4407372022986,288.98478449609263,575.6867799085044,0,0.0003371032112015359,0.0,1,0.6249066657487506,0.95
2026-05-07 22:00:00,2026-05-07,21,280.7132,266.6694054556758,200.4312669452859,372.5704839660657,0,0.00028715735167949034,0.0,0,0.18841971235864985,0.14166666666666666
2026-05-07 23:00:00,2026-05-07,22,251.8442,245.1260512357979,193.82797704529557,312.81037542630025,0,0.002826547421184221,0.0,0,0.04475090005555134,0.05
2026-05-08 00:00:00,2026-05-07,23,244.22873,232.700688464816,173.80005247235908,285.45494445727286,0,0.06317575510966983,0.06666666666666667,0,0.011923091836572612,0.025
2026-05-08 01:00:00,2026-05-08,0,244.22873,243.97793219937148,218.49481816075456,263.8573462379884,0,0.015217906248598097,0.016666666666666666,0,0.015259100348640427,0.0
2026-05-08 02:00:00,2026-05-08,1,244.22873,243.8119997696876,209.43348849281887,266.2091010465563,0,0.006521292521776183,0.008333333333333333,0,0.001945615787346681,0.0
2026-05-08 03:00:00,2026-05-08,2,244.22873,243.96864827210635,224.93120526730823,279.3767512769045,0,0.04224267883430369,0.008333333333333333,0,0.0016276199627378897,0.0
2026-05-08 04:00:00,2026-05-08,3,244.22873,244.19178479061267,213.654150181111,272.93247940011435,0,0.03750720656678989,0.008333333333333333,0,0.0017622340513603072,0.0
2026-05-08 05:00:00,2026-05-08,4,244.22873,245.0042297477527,207.65956718232124,282.1295523131841,0,0.03730404580843486,0.0,0,0.010374799089910213,0.03333333333333333
2026-05-08 06:00:00,2026-05-08,5,244.22873,238.8752880610649,205.94358488405817,279.7032612380716,0,0.02262217245197303,0.016666666666666666,0,0.0016561234535656655,0.008333333333333333
2026-05-08 07:00:00,2026-05-08,6,244.22873,233.89238121914488,197.11113252064297,274.76239991764675,0,0.04120846808793012,0.025,0,0.0014876325299758382,0.0
2026-05-08 08:00:00,2026-05-08,7,244.22873,231.2843716439036,191.8230267622205,279.7481665255866,0,0.050983820084917815,0.08333333333333333,0,0.0014876325299758382,0.0
2026-05-08 09:00:00,2026-05-08,8,244.22873,226.6167463636034,166.30208211146086,266.10163061574593,0,0.06422799572013756,0.125,0,0.001347697109681735,0.0
2026-05-08 10:00:00,2026-05-08,9,244.22873,226.8915329415101,176.27396875909977,278.4871171239204,0,0.04792533380103982,0.11666666666666667,0,0.0011734205110011308,0.0
2026-05-08 11:00:00,2026-05-08,10,244.22873,239.3385337850045,190.92127429428757,290.56850327572147,0,0.011476998142863633,0.041666666666666664,0,0.0015990038902849073,0.0
2026-05-08 12:00:00,2026-05-08,11,244.22873,233.7849503997525,180.61924595082007,275.93631484868496,0,0.018975874196429886,0.075,0,0.002574745112262363,0.0
2026-05-08 13:00:00,2026-05-08,12,244.22873,236.56702854219785,184.9283367747574,272.0343403096383,0,0.011368002236667247,0.041666666666666664,0,0.002484115640421885,0.008333333333333333
2026-05-08 14:00:00,2026-05-08,13,244.22873,255.35979279736537,210.76029717981675,305.87523841491395,0,0.004609859527956637,0.008333333333333333,0,0.022237180560524712,0.025
2026-05-08 15:00:00,2026-05-08,14,251.22873,268.627579913235,221.47649561054317,350.04552421592695,0,0.00022514351034988726,0.0,0,0.12626188588842518,0.05
2026-05-08 16:00:00,2026-05-08,15,307.72873,280.1746838542916,233.01741825459123,363.2598594539919,0,0.00027710350621397526,0.0,0,0.1653038392869236,0.09166666666666666
2026-05-08 17:00:00,2026-05-08,16,307.72873,298.5231178759136,238.4126081556489,436.5168575961784,0,0.00025899644555837253,0.0,0,0.35656378444498793,0.24166666666666667
2026-05-08 18:00:00,2026-05-08,17,1110.41373,438.4365869016849,251.3029869056297,747.1399668977401,0,0.0004064913329573452,0.0,1,0.7553930826036794,0.9416666666666667
2026-05-08 19:00:00,2026-05-08,18,1122.29073,642.2517220972207,323.2293888442892,1032.7602753501524,0,0.0004436585915432015,0.0,1,0.7553930826036794,0.9916666666666667
2026-05-08 20:00:00,2026-05-08,19,457.72873,482.5236315411315,345.8521599806495,727.7637231016136,0,0.00033861369495349897,0.0,1,0.7671447172405668,0.9666666666666667
2026-05-08 21:00:00,2026-05-08,20,307.72873,371.9610856388754,317.7471629326694,516.9182483450812,0,0.0003179923187485566,0.0,0,0.7596796967530517,0.8916666666666667
2026-05-08 22:00:00,2026-05-08,21,252.72873,270.2467972035051,219.4227686931152,347.313395713895,0,0.0002301464961005092,0.0,0,0.1546145874226338,0.08333333333333333
2026-05-08 23:00:00,2026-05-08,22,244.22873,259.40166456268,218.11738037217765,306.6503487531824,0,0.00045423191480667056,0.0,0,0.06109604848035097,0.041666666666666664
2026-05-09 00:00:00,2026-05-08,23,163.73167,244.54070688698,182.71618089452315,309.6804328794369,1,0.026298846321671333,0.058333333333333334,0,0.013005414359209199,0.03333333333333333
2026-05-09 01:00:00,2026-05-09,0,163.73167,163.6547480181103,136.10878930103212,199.25336673518848,0,0.17617576338329977,0.016666666666666666,0,0.003638403322883438,0.0
2026-05-09 02:00:00,2026-05-09,1,163.73167,163.63272811907817,129.78748586317735,195.72786037497897,0,0.2084303842107597,0.025,0,0.003034281786495385,0.0
2026-05-09 03:00:00,2026-05-09,2,163.73167,163.7279298646848,158.50719685988676,203.7250128694829,0,0.2004896936137047,0.016666666666666666,0,0.003034281786495385,0.0
2026-05-09 04:00:00,2026-05-09,3,163.73167,163.77570906656675,137.2164444570651,180.19801367606848,0,0.20290707469606556,0.016666666666666666,0,0.003034281786495385,0.0
2026-05-09 05:00:00,2026-05-09,4,163.73167,165.8577957003718,137.71708313494042,205.27945826580327,0,0.19954437896428653,0.008333333333333333,0,0.0031894913598085597,0.03333333333333333
2026-05-09 06:00:00,2026-05-09,5,163.73167,166.03741516821455,132.50663199120785,203.1469983452213,0,0.1930786736108374,0.025,0,0.003368695474844266,0.0
2026-05-09 07:00:00,2026-05-09,6,148.73167,167.33966807063518,125.97466937213332,199.77754676913707,0,0.21514645890263379,0.025,0,0.0036303098731274193,0.0
2026-05-09 08:00:00,2026-05-09,7,148.73167,159.56650395788952,114.67076907620648,200.3315388395726,0,0.19887465093349094,0.1,0,0.0036303098731274193,0.0
2026-05-09 09:00:00,2026-05-09,8,148.73167,158.9424155481967,97.53520129605415,202.3835298003392,0,0.06201390421246954,0.125,0,0.005532637448864429,0.0
2026-05-09 10:00:00,2026-05-09,9,148.73167,166.0337285196128,114.05663433720252,224.2747927020231,0,0.15579608046309323,0.1,0,0.0034043888089040943,0.0
2026-05-09 11:00:00,2026-05-09,10,148.73167,168.72382994177886,124.6125704510619,213.57141943249584,0,0.08092786896206454,0.03333333333333333,0,0.006781972779530156,0.0
2026-05-09 12:00:00,2026-05-09,11,148.73167,174.47161700388276,122.31964255495032,213.9681814528152,0,0.04243017482904729,0.041666666666666664,0,0.010983133850664484,0.0
2026-05-09 13:00:00,2026-05-09,12,148.73167,176.03038824524245,128.45025647780207,207.25446001268287,0,0.03917073127431879,0.016666666666666666,0,0.018528164412967688,0.008333333333333333
2026-05-09 14:00:00,2026-05-09,13,163.73167,183.84824375743705,146.2194981398885,220.2454393749857,0,0.008580558566697791,0.0,0,0.02240528809067339,0.025
2026-05-09 15:00:00,2026-05-09,14,163.73167,190.3208407734274,158.34796647073554,253.86860507611928,0,0.0009014574829547899,0.0,0,0.08961455778770147,0.058333333333333334
2026-05-09 16:00:00,2026-05-09,15,218.73167,192.1337392802193,155.750243680519,266.84973487991965,0,0.003182310700309418,0.0,1,0.16139674517563532,0.08333333333333333
2026-05-09 17:00:00,2026-05-09,16,308.73167,246.31765983920167,168.15795011893695,385.1966495594664,0,0.0004557039450018956,0.0,1,0.3633685112086532,0.8166666666666667
2026-05-09 18:00:00,2026-05-09,17,438.73167,562.3856075553124,334.08960085409166,864.1790242565332,0,0.0006053300596211922,0.0,1,0.7967111572212192,1.0
2026-05-09 19:00:00,2026-05-09,18,458.73167,573.5607420757351,273.3109931700874,947.9871209813828,0,0.0006053300596211922,0.0,1,0.7941074347948401,0.9916666666666667
2026-05-09 20:00:00,2026-05-09,19,308.73167,398.2205768696644,291.1853253091824,595.3435284301465,0,0.0005466395886085696,0.0,1,0.7710079063485407,0.9833333333333333
2026-05-09 21:00:00,2026-05-09,20,308.73167,269.6856121351444,220.74627339146275,393.2586108788261,0,0.0004240118887231263,0.0,1,0.6745951847961131,0.8833333333333333
2026-05-09 22:00:00,2026-05-09,21,246.05567,227.69312401734769,169.68051550695782,294.5173525277376,0,0.0008631688099953704,0.0,1,0.30257281759544563,0.5333333333333333
2026-05-09 23:00:00,2026-05-09,22,238.73167,207.67115750647685,153.62508331597454,265.3409016969792,0,0.0010969828539763675,0.0,1,0.13304385637246202,0.11666666666666667
2026-05-10 00:00:00,2026-05-09,23,276.57911,177.04425621826823,96.1337034564063,247.09614898013012,0,0.020042804439820292,0.06666666666666667,1,0.021181766524312393,0.025
2026-05-10 01:00:00,2026-05-10,0,276.57911,275.6663309061548,239.2570887010497,319.18151311126,0,0.006163331102879293,0.008333333333333333,0,0.006451652554844909,0.008333333333333333
2026-05-10 02:00:00,2026-05-10,1,267.46811,275.23392082886943,235.96646505807053,330.4521565996683,0,0.005911907171276408,0.0,0,0.0068049148391789395,0.0
2026-05-10 03:00:00,2026-05-10,2,229.46811,274.3754560233332,238.07035010098448,327.62524194568186,0,0.010393393175695055,0.0,0,0.00579644161609028,0.0
2026-05-10 04:00:00,2026-05-10,3,267.46811,274.1022133052316,231.8189144718616,296.05129213860164,0,0.012454300676291729,0.0,0,0.0068049148391789395,0.008333333333333333
2026-05-10 05:00:00,2026-05-10,4,229.46811,272.2501506006888,230.79026803525736,303.8842231661202,0,0.017850658758434904,0.0,0,0.0068962685769671265,0.05
2026-05-10 06:00:00,2026-05-10,5,147.46811,246.07594228153943,198.9516221439284,263.5471324191504,1,0.10458756403976488,0.025,0,0.0021223537285524506,0.016666666666666666
2026-05-10 07:00:00,2026-05-10,6,147.46811,235.6586763913324,198.20943769283056,261.44326508983426,1,0.15022621782559367,0.03333333333333333,0,0.000959334747269069,0.0
2026-05-10 08:00:00,2026-05-10,7,147.46811,228.7828301691513,194.01351528746827,262.64949505083433,1,0.17078163945414848,0.1,0,0.000959334747269069,0.0
2026-05-10 09:00:00,2026-05-10,8,147.46811,227.200306500636,166.26217224849347,251.5676707527785,1,0.16532715823427835,0.125,0,0.0008837527567510765,0.0
2026-05-10 10:00:00,2026-05-10,9,147.46811,233.5781723476647,183.4602981652544,273.2679865300749,1,0.12827829925634945,0.1,0,0.0006908326123327229,0.0
2026-05-10 11:00:00,2026-05-10,10,147.46811,233.4351314621362,193.31388197141925,277.64948095285314,1,0.11436054827201311,0.075,0,0.0010429808540425754,0.0
2026-05-10 12:00:00,2026-05-10,11,147.46811,223.0305712318953,166.59236678296287,250.4787556808277,1,0.08217281803424,0.1,0,0.001518918539073749,0.0
2026-05-10 13:00:00,2026-05-10,12,147.46811,221.7064460117005,188.9337842442601,268.53397777914097,1,0.08050788461462298,0.06666666666666667,0,0.001518918539073749,0.0
2026-05-10 14:00:00,2026-05-10,13,147.46811,223.58817983159707,197.7595842140485,262.10241544914567,1,0.08386130994650949,0.03333333333333333,0,0.0025266599352377125,0.0
2026-05-10 15:00:00,2026-05-10,14,218.46811,232.69395363422103,206.65344933152917,280.1578879369129,0,0.06093365063129688,0.016666666666666666,0,0.0021799639885198975,0.0
2026-05-10 16:00:00,2026-05-10,15,267.46811,244.9011919150508,224.1843966399276,298.519007190174,0,0.01804318324923888,0.008333333333333333,0,0.01223795002192608,0.016666666666666666
2026-05-10 17:00:00,2026-05-10,16,276.57911,274.66013327850897,233.85009355824428,354.0459329987737,0,0.0010897241614686234,0.0,0,0.04193898002917449,0.075
2026-05-10 18:00:00,2026-05-10,17,358.46811,388.3544541466698,253.33649415061456,582.536154142725,0,0.00043299559813607586,0.0,1,0.44343083009986306,0.8
2026-05-10 19:00:00,2026-05-10,18,358.46811,392.59344468748407,150.58533143455242,651.6947579404157,0,0.0002807454024197413,0.0,1,0.48353487380685467,0.8583333333333333
2026-05-10 20:00:00,2026-05-10,19,358.46811,341.6404211382501,255.33121957776808,492.2982026987321,0,0.00022320730405046187,0.0,1,0.36248617371618536,0.425
2026-05-10 21:00:00,2026-05-10,20,358.46811,301.03628462912263,249.22161192291676,385.8879773353285,0,0.00024167349460004958,0.008333333333333333,1,0.17101702820533965,0.15833333333333333
2026-05-10 22:00:00,2026-05-10,21,358.46811,281.4708101646265,231.37583933132652,339.9051709979266,0,0.00039922048169200826,0.0,1,0.10313815086915412,0.08333333333333333
2026-05-10 23:00:00,2026-05-10,22,353.46811,266.3100148665275,221.429953791566,298.50795594148906,0,0.000686008656099849,0.0,1,0.0333983923736007,0.041666666666666664
2026-05-11 00:00:00,2026-05-10,23,276.39693,263.3429578511752,131.8944479466116,384.6068277557388,0,0.009377980257473642,0.041666666666666664,0,0.011612296082725848,0.03333333333333333
2026-05-11 01:00:00,2026-05-11,0,278.39693,276.5215261271847,212.6477667018421,343.54742555252733,0,0.06981191648460233,0.008333333333333333,0,0.0033547628795888,0.0
2026-05-11 02:00:00,2026-05-11,1,276.39693,276.046023692648,189.2353385465033,343.2086388387927,0,0.07352339377536635,0.0,0,0.002738542259375524,0.0
2026-05-11 03:00:00,2026-05-11,2,268.39693,276.33121667268426,192.8673138593277,347.8237594860408,0,0.048096347244089795,0.0,0,0.0025847206717479797,0.0
2026-05-11 04:00:00,2026-05-11,3,276.39693,277.3973046745226,194.62822584115256,362.1255835078927,0,0.05848544066273978,0.0,0,0.0034063802460814166,0.0
2026-05-11 05:00:00,2026-05-11,4,292.39693,277.9484895412303,193.48747809506347,353.31402098739704,0,0.023069650100431875,0.0,0,0.00434590409046761,0.03333333333333333
2026-05-11 06:00:00,2026-05-11,5,278.39693,278.13091576617023,209.55258035322132,356.74033117911904,0,0.02545356517977667,0.025,0,0.0038191433561884803,0.008333333333333333
2026-05-11 07:00:00,2026-05-11,6,307.39693,275.95327637817195,236.64457532365824,353.2795774326856,0,0.02266188595773258,0.025,0,0.0021690996153314124,0.0
2026-05-11 08:00:00,2026-05-11,7,278.39693,272.7257338172268,213.40060159864825,357.2967760358053,0,0.01920464607408608,0.08333333333333333,0,0.002549829364772907,0.0
2026-05-11 09:00:00,2026-05-11,8,276.39693,266.4995073539184,198.44631188944288,344.12057281839384,0,0.04683590437502035,0.09166666666666666,0,0.0023226199122944107,0.0
2026-05-11 10:00:00,2026-05-11,9,278.39693,278.6940009372641,214.61970920189637,369.4472126726319,0,0.05854702145924077,0.06666666666666667,0,0.003614757592302192,0.0
2026-05-11 11:00:00,2026-05-11,10,307.39693,279.64576206605125,201.4886896041224,387.2686545279801,0,0.04774087288140192,0.041666666666666664,0,0.009527315919978446,0.0
2026-05-11 12:00:00,2026-05-11,11,307.39693,264.5134813902285,171.2752422196797,368.8019405607773,0,0.0332159481354842,0.08333333333333333,0,0.007121547714776513,0.0
2026-05-11 13:00:00,2026-05-11,12,307.39693,271.4824543518012,182.6935290031328,389.7252997004696,0,0.029005358044529538,0.041666666666666664,0,0.008872496466550176,0.008333333333333333
2026-05-11 14:00:00,2026-05-11,13,458.39693,285.0849052852223,204.2454270297316,417.91693354071305,0,0.03923348165594271,0.016666666666666666,1,0.01903533428542624,0.016666666666666666
2026-05-11 15:00:00,2026-05-11,14,468.39693,324.6196676065608,220.88916330386897,459.2579119092528,0,0.0030186136515780253,0.0,1,0.08513221210807377,0.06666666666666667
2026-05-11 16:00:00,2026-05-11,15,488.50793,338.5969323839868,229.8111971088636,454.9621676591101,0,0.0012006378517391554,0.0,1,0.17073878499517617,0.16666666666666666
2026-05-11 17:00:00,2026-05-11,16,488.50793,375.9932230179843,253.14027894213044,530.7644570938382,0,0.0013397864320627436,0.0,1,0.27472385212014877,0.675
2026-05-11 18:00:00,2026-05-11,17,699.99193,466.355734156381,243.5474882685038,781.7546800442582,0,0.002597405363282891,0.0,1,0.6850475147664808,0.8833333333333333
2026-05-11 19:00:00,2026-05-11,18,699.99193,523.7187537704447,163.065540517513,937.8887270233764,0,0.0025118927041341086,0.0,1,0.6850475147664808,0.9583333333333334
2026-05-11 20:00:00,2026-05-11,19,488.50793,469.11680903843,296.70244410940086,730.147973967459,0,0.001785769173421771,0.0,1,0.6385042916473396,0.875
2026-05-11 21:00:00,2026-05-11,20,488.50793,398.7861626477487,308.6357399415428,524.9410153539545,0,0.0016285122853436137,0.0,1,0.5029679628766308,0.75
2026-05-11 22:00:00,2026-05-11,21,468.39693,351.3997657358291,305.1987772254392,412.494004246219,0,0.0018755197232883769,0.0,1,0.28760520724057714,0.25
2026-05-11 23:00:00,2026-05-11,22,463.39693,330.15108120500736,278.3360270145051,377.7460453955097,0,0.007395770372949356,0.0,1,0.12305998685296761,0.10833333333333334
2026-05-12 00:00:00,2026-05-11,23,495.64994,263.63082000209295,155.3003700975294,365.6217199066566,0,0.04532386661077106,0.058333333333333334,1,0.027416079234695336,0.016666666666666666
2026-05-12 01:00:00,2026-05-12,0,495.64994,493.3888348048922,419.27738439299736,563.528485216787,0,0.0737215672035752,0.008333333333333333,0,0.003443431249304692,0.0
2026-05-12 02:00:00,2026-05-12,1,495.64994,492.1330467425079,412.4929553926213,541.0852380923944,0,0.0640228080981382,0.0,0,0.0023572484391697845,0.0
2026-05-12 03:00:00,2026-05-12,2,469.53894,491.20739972197646,431.4333037996277,536.5374356443251,0,0.04838832641178588,0.0,0,0.0018003007893377964,0.0
2026-05-12 04:00:00,2026-05-12,3,495.64994,492.21063867402506,439.3947746997876,535.3324426482625,0,0.015975272594966058,0.0,0,0.004025218582206988,0.0
2026-05-12 05:00:00,2026-05-12,4,495.64994,491.1684134797285,412.65966203356174,510.03296492589527,0,0.015110803727800907,0.0,0,0.0030753940806385396,0.03333333333333333
2026-05-12 06:00:00,2026-05-12,5,495.64994,468.7001099819258,392.4496898443148,506.3585601195368,0,0.05962395390115507,0.025,0,0.001890540290478807,0.008333333333333333
2026-05-12 07:00:00,2026-05-12,6,469.53894,465.5932154576175,408.1608044031037,511.6774865121311,0,0.05061895019241608,0.025,0,0.001683355289517606,0.0
2026-05-12 08:00:00,2026-05-12,7,482.53894,467.5562439824649,374.0781717638863,516.7796362010434,0,0.05517020638023979,0.075,0,0.0012982656732436738,0.0
2026-05-12 09:00:00,2026-05-12,8,469.53894,458.5993621932805,379.137276728805,516.917047657756,0,0.086394799622172,0.09166666666666666,0,0.0012982656732436738,0.0
2026-05-12 10:00:00,2026-05-12,9,482.53894,473.510964583351,411.6879528479832,538.8236963187188,0,0.04279110894121879,0.06666666666666667,0,0.0010327077029919079,0.0
2026-05-12 11:00:00,2026-05-12,10,482.53894,476.3050996701613,388.63429720823245,527.0436521320901,0,0.028655667111321084,0.05,0,0.006262741690960196,0.008333333333333333
2026-05-12 12:00:00,2026-05-12,11,482.53894,451.47926094898816,368.79643177843934,487.26091011953696,0,0.10701637612467625,0.075,0,0.008744180413128204,0.008333333333333333
2026-05-12 13:00:00,2026-05-12,12,495.64994,456.309942879842,359.9461775311736,502.6554582285104,0,0.07216724159711245,0.041666666666666664,0,0.009918482908540815,0.0
2026-05-12 14:00:00,2026-05-12,13,508.45494,487.891488958525,420.7282341160319,555.3671038010181,0,0.003101007652671152,0.016666666666666666,0,0.024711361584721057,0.025
2026-05-12 15:00:00,2026-05-12,14,803.53894,507.9766753400568,422.26483973794905,581.1201509421644,0,0.0011971610427357734,0.008333333333333333,1,0.13083846609413027,0.03333333333333333
2026-05-12 16:00:00,2026-05-12,15,824.53894,521.7394102973451,479.4994946976448,590.9880958970454,0,0.0006035146891025245,0.0,1,0.17782106838454467,0.06666666666666667
2026-05-12 17:00:00,2026-05-12,16,824.53894,552.0224546586423,494.6952105827885,685.6107487344963,0,0.0003855381188797835,0.0,1,0.2541262947389311,0.125
2026-05-12 18:00:00,2026-05-12,17,834.53894,664.6161633025421,520.2290501709654,914.7769564341188,0,0.0004078834258232198,0.016666666666666666,1,0.5743099664585665,0.6
2026-05-12 19:00:00,2026-05-12,18,834.53894,707.1099069358827,416.3364636829512,1064.4778501888145,0,0.0004597835378096636,0.008333333333333333,1,0.5974866358236463,0.7833333333333333
2026-05-12 20:00:00,2026-05-12,19,829.53894,591.7412926195797,455.37237769055054,785.3880275486088,0,0.0005729760833509354,0.016666666666666666,1,0.3916817589261588,0.2
2026-05-12 21:00:00,2026-05-12,20,824.53894,536.6200812362822,460.2517385300764,654.758663942488,0,0.0007656882707479854,0.008333333333333333,1,0.3546046375161965,0.09166666666666666
2026-05-12 22:00:00,2026-05-12,21,824.53894,501.8566055296325,435.3902399269702,552.6225611322947,0,0.001966317057908122,0.0,1,0.060653883889998,0.05
2026-05-12 23:00:00,2026-05-12,22,503.53894,493.8087361844172,422.91963579393,542.3301365749046,0,0.0034093780075292093,0.0,0,0.039067806589431674,0.05
2026-05-13 00:00:00,2026-05-12,23,660.78986,463.1889537977523,355.15240888822484,560.0280787072797,0,0.20812435716390615,0.058333333333333334,1,0.009126410352684751,0.03333333333333333
2026-05-13 01:00:00,2026-05-13,0,654.55886,658.9081448791565,546.8699159806289,722.3708737776841,0,0.03325311428592129,0.008333333333333333,0,0.01178489841121228,0.0
2026-05-13 02:00:00,2026-05-13,1,654.55886,658.0592643062118,559.4430305959855,733.6039680164382,0,0.028729794598369877,0.0,0,0.01178489841121228,0.0
2026-05-13 03:00:00,2026-05-13,2,654.55886,656.7559842775204,573.2313276764094,736.1166608786314,0,0.02257362352883463,0.0,0,0.009604326368502331,0.0
2026-05-13 04:00:00,2026-05-13,3,703.44786,657.429084872548,584.0100413324396,741.0190484126564,0,0.017330855309853104,0.0,0,0.005756258257119406,0.0
2026-05-13 05:00:00,2026-05-13,4,770.97986,653.6423840308232,563.3910825846565,727.2585254769899,0,0.003606352612768786,0.0,0,0.0037886058667623377,0.03333333333333333
2026-05-13 06:00:00,2026-05-13,5,703.44786,613.3814760830311,523.70013594542,702.7544262206422,0,0.06958528185788539,0.025,0,0.0025178243700329467,0.008333333333333333
2026-05-13 07:00:00,2026-05-13,6,654.55886,613.5195463085587,555.119265254045,708.3052373630725,0,0.10137181872734996,0.025,0,0.002181366935069728,0.0
2026-05-13 08:00:00,2026-05-13,7,654.55886,606.399020805968,522.3941485873894,723.4690730245466,0,0.1449958604554022,0.09166666666666666,0,0.002230817818836445,0.0
2026-05-13 09:00:00,2026-05-13,8,489.44786,611.7201263933375,487.6876409288621,719.917271857813,1,0.18152815144036186,0.09166666666666666,0,0.002230817818836445,0.0
2026-05-13 10:00:00,2026-05-13,9,654.55886,609.1553149822655,494.41442324689774,696.1194867176333,0,0.1347514432072577,0.08333333333333333,0,0.0015103549425548553,0.0
2026-05-13 11:00:00,2026-05-13,10,654.55886,611.3169872214992,494.9978647595703,685.607759683428,0,0.13872067356695586,0.058333333333333334,0,0.0021765498199322695,0.008333333333333333
2026-05-13 12:00:00,2026-05-13,11,654.55886,591.0152983146558,454.7445891441069,675.6636374852045,0,0.15321533189217207,0.08333333333333333,0,0.004575380273218141,0.0
2026-05-13 13:00:00,2026-05-13,12,703.44786,600.9601867647314,469.85030141606296,696.7957721133998,0,0.05224476633485009,0.05,0,0.006032806229296746,0.0
2026-05-13 14:00:00,2026-05-13,13,703.44786,610.6732097427185,499.0263249002254,692.5411945852115,0,0.01268518716249723,0.025,0,0.0162856500742089,0.016666666666666666
2026-05-13 15:00:00,2026-05-13,14,770.97986,669.6123706232289,557.6829704219401,776.9682208245177,0,0.0011634628702015288,0.008333333333333333,0,0.11257665724254792,0.025
2026-05-13 16:00:00,2026-05-13,15,823.44786,677.0288564161635,582.1967585835649,777.856774248762,0,0.0011701900834823174,0.0,0,0.1597991329319725,0.05
2026-05-13 17:00:00,2026-05-13,16,833.44786,701.0051524061399,636.3887526858753,843.7964521264046,0,0.0006026438944191794,0.0,0,0.2184395431758396,0.1
2026-05-13 18:00:00,2026-05-13,17,1083.44786,805.5596746912983,682.9833115597216,949.3653978228748,0,0.0008212447851065161,0.016666666666666666,1,0.38271571911207625,0.30833333333333335
2026-05-13 19:00:00,2026-05-13,18,1093.44786,844.2904110772133,611.5351678242816,1104.229054330145,0,0.000767315886884489,0.008333333333333333,1,0.47249597978348024,0.5416666666666666
2026-05-13 20:00:00,2026-05-13,19,903.44786,790.0774970496934,680.1144121206643,934.4174519787224,0,0.0007799621363213537,0.016666666666666666,0,0.3676241066568034,0.2
2026-05-13 21:00:00,2026-05-13,20,833.44786,768.1017897896174,687.2320010459358,911.7190085332992,0,0.0008411323802936699,0.008333333333333333,0,0.3790029075055488,0.21666666666666667
2026-05-13 22:00:00,2026-05-13,21,823.44786,717.5774225524045,613.0814938950185,865.5093912097905,0,0.000849293034496004,0.0,0,0.2823467312269644,0.125
2026-05-13 23:00:00,2026-05-13,22,703.44786,634.34112549302,517.7157851025325,781.9999458835073,0,0.014290166937180902,0.008333333333333333,0,0.0415535833737664,0.03333333333333333
2026-05-14 00:00:00,2026-05-13,23,822.47869,625.4150632128076,480.738645012465,706.46225141315,0,0.09303584019380272,0.05,0,0.022103094983344153,0.041666666666666664
2026-05-14 01:00:00,2026-05-14,0,822.47869,821.7217580425979,708.0631664662814,873.9491496189144,0,0.004999439879316138,0.008333333333333333,0,0.006799523936663573,0.008333333333333333
2026-05-14 02:00:00,2026-05-14,1,801.47869,821.046214140451,700.6725439107571,873.1893543701449,0,0.01148693317375608,0.0,0,0.0038127166023499293,0.0
2026-05-14 03:00:00,2026-05-14,2,771.75269,819.8846775491472,717.8853376610649,878.9211574372296,0,0.009564754294152301,0.0,0,0.0033688124168922673,0.0
2026-05-14 04:00:00,2026-05-14,3,801.47869,820.4726005822513,713.999207042143,886.0086541223596,0,0.01153330404705409,0.0,0,0.0025598711892529332,0.008333333333333333
2026-05-14 05:00:00,2026-05-14,4,822.47869,818.716590044949,712.5216868633888,894.9413732265092,0,0.00223498418106425,0.0,0,0.005067694382730029,0.05
2026-05-14 06:00:00,2026-05-14,5,822.47869,757.1467733054574,661.7726525852472,840.3452640256675,0,0.0323677436518461,0.025,0,0.0007031772507685849,0.016666666666666666
2026-05-14 07:00:00,2026-05-14,6,704.47869,758.1077451283484,698.8399640738346,809.753016182862,0,0.05308321287552401,0.03333333333333333,0,0.0005374459121212795,0.0
2026-05-14 08:00:00,2026-05-14,7,704.47869,752.2850028572988,660.4915806387202,833.1611950758773,0,0.07401943593886588,0.08333333333333333,0,0.0006183451823387403,0.0
2026-05-14 09:00:00,2026-05-14,8,704.47869,755.0657739626499,641.4309806245429,843.637307300757,0,0.0906629479659765,0.1,0,0.001011578160058652,0.0
2026-05-14 10:00:00,2026-05-14,9,704.47869,744.1449222254324,656.4540504900647,822.7209939608001,0,0.07212066562435313,0.09166666666666666,0,0.0003650547884949925,0.0
2026-05-14 11:00:00,2026-05-14,10,801.47869,745.6198387414623,648.4123062795335,818.2453712033912,0,0.07440368815882302,0.058333333333333334,0,0.0006277538907543414,0.008333333333333333
2026-05-14 12:00:00,2026-05-14,11,771.75269,739.0908954504616,635.3956962799128,815.6708746210105,0,0.09840810778797686,0.08333333333333333,0,0.001061386834380693,0.008333333333333333
2026-05-14 13:00:00,2026-05-14,12,822.47869,740.1451637888704,652.8860043161279,810.6782232616129,0,0.09071923411847144,0.041666666666666664,0,0.001035074894691617,0.0
2026-05-14 14:00:00,2026-05-14,13,832.47869,747.3563907696779,671.1733800249187,818.9752615144372,0,0.02569083193873243,0.025,0,0.004166801578621077,0.016666666666666666
2026-05-14 15:00:00,2026-05-14,14,832.47869,764.693893064935,683.345822863646,860.0335232662238,0,0.011142843669672792,0.008333333333333333,0,0.010065199056133683,0.016666666666666666
2026-05-14 16:00:00,2026-05-14,15,913.23569,781.8252008673627,703.3597128818129,891.7810488529126,0,0.002807687387877648,0.0,0,0.016935678716882355,0.041666666666666664
2026-05-14 17:00:00,2026-05-14,16,913.23569,808.1412012233634,743.5187315030988,937.8831709436282,0,0.0008090568308223727,0.0,0,0.05020760960357785,0.058333333333333334
2026-05-14 18:00:00,2026-05-14,17,1082.47869,942.3741913352902,815.143045447413,1136.348637223167,0,0.0008627592674402399,0.016666666666666666,1,0.19159686617463664,0.23333333333333334
2026-05-14 19:00:00,2026-05-14,18,1094.47869,950.06367382753,726.4271705745984,1275.6831570804616,0,0.000906118118284164,0.016666666666666666,1,0.2556793426777772,0.3416666666666667
2026-05-14 20:00:00,2026-05-14,19,1082.47869,897.7927528197091,790.94131789068,1040.4388877487384,0,0.0008817487625618434,0.025,1,0.1947199791485284,0.10833333333333334
2026-05-14 21:00:00,2026-05-14,20,913.23569,862.2023911656795,775.3814224219979,978.4655399093612,0,0.0007206023649012375,0.008333333333333333,0,0.15495993207506192,0.11666666666666667
2026-05-14 22:00:00,2026-05-14,21,832.47869,835.380105196001,708.9977495933388,946.6659507986632,0,0.0013181364594128215,0.0,0,0.05062458550711998,0.06666666666666667
2026-05-14 23:00:00,2026-05-14,22,832.47869,794.6353814349686,653.2466910444813,916.595331825456,0,0.0015165619063220814,0.0,0,0.015905438465971464,0.041666666666666664
2026-05-15 00:00:00,2026-05-14,23,792.65294,775.1412979379186,632.6882432664702,837.6536826093669,0,0.0261005798773143,0.05,0,0.010820323966131777,0.041666666666666664
2026-05-15 01:00:00,2026-05-15,0,792.65294,792.3622663667213,695.7709447904048,820.6004179430378,0,0.013695913634506654,0.008333333333333333,0,0.003490553588829426,0.0
2026-05-15 02:00:00,2026-05-15,1,774.53594,792.1519949959929,686.382314766299,822.2088752256868,0,0.018239698546352406,0.0,0,0.0017368730943302575,0.0
2026-05-15 03:00:00,2026-05-15,2,774.53594,791.9262477991508,711.9092979110684,832.6880476872332,0,0.012124436070634006,0.0,0,0.0015120748768655207,0.0
2026-05-15 04:00:00,2026-05-15,3,792.65294,791.9423035865625,723.6519246311346,841.5425725419902,0,0.01562965889522298,0.0,0,0.0007346565476004985,0.0
2026-05-15 05:00:00,2026-05-15,4,792.65294,791.9487822327028,705.9529490511426,860.940415414263,0,0.009619080923976567,0.0,0,0.0014277505385232837,0.03333333333333333
2026-05-15 06:00:00,2026-05-15,5,792.65294,749.3863148917733,664.9731541715631,794.3190956119834,0,0.049676640431368956,0.025,0,0.0010222688467754185,0.008333333333333333
2026-05-15 07:00:00,2026-05-15,6,666.05494,747.9366907390357,688.450823857192,778.9736576208795,0,0.042790849632623675,0.025,0,0.000636848184201549,0.0
2026-05-15 08:00:00,2026-05-15,7,644.65294,743.0483794234667,648.9183645417837,784.2275743051497,0,0.09853639282926419,0.08333333333333333,0,0.000636848184201549,0.0
2026-05-15 09:00:00,2026-05-15,8,642.65294,745.7488700052968,662.8651214855909,814.6111185250028,0,0.12029786127737313,0.1,0,0.000636848184201549,0.0
2026-05-15 10:00:00,2026-05-15,9,666.05494,750.6133631594457,675.8335589770354,808.2709273418561,0,0.07411832477482107,0.08333333333333333,0,0.00044090625137394973,0.0
2026-05-15 11:00:00,2026-05-15,10,698.50794,749.2362622597958,685.1561027690789,807.3056717505128,0,0.06475914474988763,0.058333333333333334,0,0.0007388543829404016,0.008333333333333333
2026-05-15 12:00:00,2026-05-15,11,792.65294,757.744147023374,685.8450130652885,815.5018209814596,0,0.03356895937529606,0.06666666666666667,0,0.0012535016267404553,0.008333333333333333
2026-05-15 13:00:00,2026-05-15,12,792.65294,775.6591312181552,700.5849717454126,822.1382506908976,0,0.014588262808439828,0.03333333333333333,0,0.0020503623791514984,0.0
2026-05-15 14:00:00,2026-05-15,13,792.65294,790.8503551185593,749.4768443738001,843.8015258633184,0,0.00552610044422525,0.016666666666666666,0,0.0048293898597421584,0.016666666666666666
2026-05-15 15:00:00,2026-05-15,14,792.65294,807.9547809517347,760.695585349627,863.4093365538424,0,0.0010471844274571893,0.008333333333333333,0,0.020022430099752683,0.025
2026-05-15 16:00:00,2026-05-15,15,801.65294,823.2906338721017,783.951029932876,898.4281978113275,0,0.0006349416644670877,0.0,0,0.06286206833223258,0.041666666666666664
2026-05-15 17:00:00,2026-05-15,16,822.65294,852.6706713050683,808.2433015848036,915.5638010253332,0,0.0006349416644670877,0.0,0,0.05979038039211222,0.08333333333333333
2026-05-15 18:00:00,2026-05-15,17,902.65294,1003.7255010716938,912.8543551838166,1114.111686959571,0,0.0008142369709254691,0.016666666666666666,0,0.33206341481547447,0.35
2026-05-15 19:00:00,2026-05-15,18,1082.65294,1016.4055864388316,848.9079531858999,1237.7987296917631,0,0.000599437227559237,0.008333333333333333,1,0.38331689605331265,0.45
2026-05-15 20:00:00,2026-05-15,19,902.65294,968.2074616124776,899.0794200519955,1038.5452331729596,0,0.0007982319215451051,0.016666666666666666,0,0.26906661264449827,0.2
2026-05-15 21:00:00,2026-05-15,20,902.65294,892.8679166898647,819.5412779461831,955.0054154335464,0,0.0006945689185343209,0.008333333333333333,0,0.1106293755334448,0.13333333333333333
2026-05-15 22:00:00,2026-05-15,21,822.65294,845.9358290557819,727.8025934531198,922.3492646584444,0,0.000744837595293569,0.0,0,0.0444404954685581,0.08333333333333333
2026-05-15 23:00:00,2026-05-15,22,792.65294,823.3138008423683,730.900126651866,908.7670750328708,0,0.0013043356048959833,0.0,0,0.023409846544601993,0.05
2026-05-16 00:00:00,2026-05-15,23,691.8236,784.0270458087457,690.6960259041822,843.3861357133093,0,0.07826083748582958,0.05,0,0.0034264986647834215,0.05
2026-05-16 01:00:00,2026-05-16,0,693.1876,691.92412016638,631.6835685900635,722.8720017426965,0,0.02224771845898584,0.008333333333333333,0,0.008412393763054398,0.0
2026-05-16 02:00:00,2026-05-16,1,798.6876,691.9971656190924,619.6295641048175,742.7586671333671,0,0.019529243278651163,0.0,0,0.005199733164929741,0.0
2026-05-16 03:00:00,2026-05-16,2,691.8236,691.885082220992,618.7019053116524,750.8727591303316,0,0.015398812552243136,0.0,0,0.005199733164929741,0.0
2026-05-16 04:00:00,2026-05-16,3,798.6876,691.687929832114,617.0424308766862,747.0575287875419,0,0.012900339456951562,0.0,0,0.0034936470531015413,0.0
2026-05-16 05:00:00,2026-05-16,4,798.6876,692.6119512112842,582.5589280297239,768.4328043928444,0,0.013329439874247787,0.0,0,0.004073092225665465,0.03333333333333333
2026-05-16 06:00:00,2026-05-16,5,691.8236,659.0723937498474,575.4562505266846,721.5647069730101,0,0.07362717220301636,0.025,0,0.00274299845159808,0.008333333333333333
2026-05-16 07:00:00,2026-05-16,6,442.8236,644.1205545382857,558.9488376564419,692.7234214201294,1,0.14486301164181012,0.03333333333333333,0,0.0015604917155849856,0.0
2026-05-16 08:00:00,2026-05-16,7,442.8236,640.0134106578228,548.0557069992138,701.1467643164317,1,0.17166573814524855,0.09166666666666666,0,0.001675172549120096,0.0
2026-05-16 09:00:00,2026-05-16,8,442.8236,635.1053666516339,531.9158333135268,690.945939989741,1,0.2364204273206782,0.11666666666666667,0,0.0015321424116615733,0.0
2026-05-16 10:00:00,2026-05-16,9,509.8466,636.3287192303867,538.0677474950189,687.5285909657545,1,0.17166573814524855,0.09166666666666666,0,0.0011093216617055462,0.0
2026-05-16 11:00:00,2026-05-16,10,442.8236,645.5558837964793,554.0815643057623,682.3673932871963,1,0.2120351476091757,0.058333333333333334,0,0.001199447552326272,0.008333333333333333
2026-05-16 12:00:00,2026-05-16,11,442.8236,674.0846172675148,593.3861226050577,714.1103419299719,1,0.1427506351331775,0.06666666666666667,0,0.005562284768994388,0.008333333333333333
2026-05-16 13:00:00,2026-05-16,12,442.8236,684.7391627961325,622.06930332339,738.967022268875,1,0.06267410458484415,0.03333333333333333,0,0.005562284768994388,0.0
2026-05-16 14:00:00,2026-05-16,13,691.8236,703.4334057618737,636.3245450171145,739.1465165066328,0,0.003971531591166724,0.016666666666666666,0,0.03308006394795932,0.008333333333333333
2026-05-16 15:00:00,2026-05-16,14,798.6876,727.0432352633098,678.4611496612021,771.4163608654176,0,0.001419050942676589,0.008333333333333333,0,0.07647356986732277,0.025
2026-05-16 16:00:00,2026-05-16,15,798.6876,750.3671625224141,703.7781285831884,813.4419964616399,0,0.00042198729537722834,0.0,0,0.1516298659625184,0.058333333333333334
2026-05-16 17:00:00,2026-05-16,16,802.8236,787.4271724906627,755.074072770398,836.0386422109273,0,0.0005622789939433056,0.0,0,0.1785481909584032,0.11666666666666667
2026-05-16 18:00:00,2026-05-16,17,832.8236,881.3517564754928,800.4060172039888,983.1082957469972,0,0.0005420538254673849,0.016666666666666666,0,0.4501466716696619,0.35833333333333334
2026-05-16 19:00:00,2026-05-16,18,822.8236,900.6683535260365,743.7311308149331,1090.43455623714,0,0.0003752595421846404,0.008333333333333333,0,0.6104768010772784,0.5
2026-05-16 20:00:00,2026-05-16,19,822.8236,868.2528497512938,813.2055981908118,934.976901311776,0,0.00044279903214512333,0.016666666666666666,0,0.44657079518875675,0.275
2026-05-16 21:00:00,2026-05-16,20,802.8236,829.3016623565641,758.7162636128824,890.3909611002457,0,0.00044279903214512333,0.008333333333333333,0,0.31064185363148245,0.225
2026-05-16 22:00:00,2026-05-16,21,798.6876,777.7189011904863,695.1169655878241,855.7920567931485,0,0.0003198610667650052,0.0,0,0.22853266868391883,0.11666666666666667
2026-05-16 23:00:00,2026-05-16,22,798.6876,740.6172302287338,667.3178791537723,791.9170813036953,0,0.00025101965005045623,0.0,0,0.16125169930624686,0.05
2026-05-17 00:00:00,2026-05-16,23,759.4927,710.8739896563263,620.7923497517627,767.2982495608899,0,0.008057466131200145,0.05,0,0.04677091553081494,0.06666666666666667
2026-05-17 01:00:00,2026-05-17,0,759.4927,759.9486849804232,688.9785334041068,785.3345865567397,0,0.0023920418689479224,0.0,0,0.010305657360763883,0.025
2026-05-17 02:00:00,2026-05-17,1,759.4927,760.561789873592,665.9578496438982,795.837590103286,0,0.0016439768437709675,0.0,0,0.012633939810750545,0.016666666666666666
2026-05-17 03:00:00,2026-05-17,2,759.4927,760.0004931292071,657.7105162198676,832.4691700385467,0,0.002220701152146008,0.0,0,0.005110019289909411,0.016666666666666666
2026-05-17 04:00:00,2026-05-17,3,759.4927,757.7252998556698,641.1067063155615,842.1895433957782,0,0.0019643169496534477,0.0,0,0.011900420554628007,0.025
2026-05-17 05:00:00,2026-05-17,4,759.4927,755.2263637036008,614.7338461846687,857.3119112225329,0,0.009363507530237632,0.0,0,0.006977992543322075,0.05
2026-05-17 06:00:00,2026-05-17,5,759.4927,620.9468898721636,496.3840266490008,706.2783630953263,0,0.1390876652748381,0.03333333333333333,0,0.00467145057304754,0.008333333333333333
2026-05-17 07:00:00,2026-05-17,6,413.8287,580.7748900451647,445.680318990651,652.8290910996784,1,0.41942560247754823,0.09166666666666666,0,0.0022933044809987646,0.0
2026-05-17 08:00:00,2026-05-17,7,408.8287,539.3507702077716,420.83657798919296,642.51649242635,1,0.45168695747682625,0.2,0,0.0020976076905367823,0.0
2026-05-17 09:00:00,2026-05-17,8,408.8287,516.9599468009958,350.96239617946804,623.7927674225236,1,0.4635733577929845,0.36666666666666664,0,0.0015385936043827556,0.0
2026-05-17 10:00:00,2026-05-17,9,408.8287,512.176622378045,364.7303337321256,611.0037110239643,1,0.4301635859656722,0.3416666666666667,0,0.00140868642142301,0.0
2026-05-17 11:00:00,2026-05-17,10,408.8287,530.3568892110407,393.7012567491117,590.1803616729694,1,0.5019757418375764,0.18333333333333332,0,0.0024803382295285736,0.0
2026-05-17 12:00:00,2026-05-17,11,413.8287,539.422654158721,402.6982449881722,591.3378933292698,1,0.48819709121263066,0.19166666666666668,0,0.005569607541590928,0.0
2026-05-17 13:00:00,2026-05-17,12,652.8287,533.1893127148592,430.355063511802,608.6230119179163,0,0.43084315256195327,0.18333333333333332,0,0.005569607541590928,0.0
2026-05-17 14:00:00,2026-05-17,13,759.4927,595.5645967731605,508.5771360284013,626.3724575179197,0,0.17820215622927052,0.05,0,0.004047263284671454,0.0
2026-05-17 15:00:00,2026-05-17,14,759.4927,636.0982898789554,571.1506896776665,688.8467500802442,0,0.14683156376379763,0.016666666666666666,0,0.02226605143731208,0.008333333333333333
2026-05-17 16:00:00,2026-05-17,15,803.8287,669.3639883546066,588.2334944153808,720.6016122938323,0,0.06637556284004585,0.0,0,0.05476262733771191,0.016666666666666666
2026-05-17 17:00:00,2026-05-17,16,824.3287,698.614587582808,641.262613506954,756.774011658662,0,0.028547678448721223,0.0,0,0.07589481514861908,0.041666666666666664
2026-05-17 18:00:00,2026-05-17,17,824.3287,798.9909098651704,684.1773805936663,907.7463991366744,0,0.0016939790700285027,0.016666666666666666,0,0.2618722663458851,0.2
2026-05-17 19:00:00,2026-05-17,18,824.3287,815.7191345905727,631.9102818794694,1000.1059873016762,0,0.0009146369100627585,0.016666666666666666,0,0.30745108257890275,0.325
2026-05-17 20:00:00,2026-05-17,19,824.3287,811.577831758207,764.401820197725,869.4946433186892,0,0.0008483158191690793,0.016666666666666666,0,0.3446235757488119,0.13333333333333333
2026-05-17 21:00:00,2026-05-17,20,824.3287,795.3382586820659,746.2552599383841,865.6491574257476,0,0.0008088078061686107,0.008333333333333333,0,0.32503603507383155,0.15
2026-05-17 22:00:00,2026-05-17,21,824.3287,786.1998263828706,722.5449607802084,842.8083019855328,0,0.0008088078061686107,0.0,0,0.2817948023715353,0.15833333333333333
2026-05-17 23:00:00,2026-05-17,22,823.8287,757.5849427862215,718.0990685957192,805.7636169767238,0,0.0006398161526896958,0.0,0,0.21691996471044214,0.058333333333333334
2026-05-18 00:00:00,2026-05-17,23,821.81402,737.5143432232132,645.2327833186497,794.8603831277768,0,0.002135159604574283,0.03333333333333333,0,0.03838497423306353,0.125
2026-05-18 01:00:00,2026-05-18,0,821.81402,821.8026459179439,755.5351543416274,842.7719974942604,0,0.03708050022129955,0.0,0,0.0024954927917570173,0.03333333333333333
2026-05-18 02:00:00,2026-05-18,1,706.22402,821.8405766456005,729.0194364159066,834.3940168752945,0,0.033421169663432795,0.0,0,0.002358928255453383,0.025
2026-05-18 03:00:00,2026-05-18,2,583.14002,820.4167231002114,715.0088961908717,854.1597500095509,0,0.00875466984360385,0.0,0,0.002344087851363304,0.025
2026-05-18 04:00:00,2026-05-18,3,821.81402,818.0377958923557,692.1702023522473,878.010689432464,0,0.01379991310695142,0.0,0,0.0020430808769707426,0.016666666666666666
2026-05-18 05:00:00,2026-05-18,4,821.81402,812.4432248715116,652.2754373525795,865.3482523904437,0,0.009313156684769043,0.0,0,0.0012305663680312682,0.05
2026-05-18 06:00:00,2026-05-18,5,821.81402,674.7754260674059,531.8462753471957,730.1758467876159,0,0.20993197690032744,0.03333333333333333,0,0.0012198618186382035,0.008333333333333333
2026-05-18 07:00:00,2026-05-18,6,553.14002,623.42616524796,467.2676769069457,693.8894435889742,1,0.2139012365221188,0.1,0,0.0009193340126533088,0.0
2026-05-18 08:00:00,2026-05-18,7,553.14002,587.801717760769,445.6292544511812,675.8945410703566,1,0.470255173714081,0.19166666666666668,0,0.0005405958412201379,0.0
2026-05-18 09:00:00,2026-05-18,8,553.14002,584.8289719038563,421.09191128232845,655.3390925253841,1,0.4603344604490378,0.23333333333333334,0,0.0005405958412201379,0.0
2026-05-18 10:00:00,2026-05-18,9,553.14002,587.6228528479103,448.633864201991,655.3545814938296,1,0.4882457414897464,0.20833333333333334,0,0.0004370385316142018,0.0
2026-05-18 11:00:00,2026-05-18,10,553.14002,604.7992412633954,480.2086688014665,646.5368137253242,1,0.32202545186086645,0.125,0,0.0011770830269611102,0.0
2026-05-18 12:00:00,2026-05-18,11,583.14002,621.2641231783091,514.5469840077602,662.4900023488578,0,0.2606727377218878,0.15,0,0.002893475437684322,0.0
2026-05-18 13:00:00,2026-05-18,12,583.14002,663.8195809435525,570.7757631709925,720.4777587161126,0,0.09336030143348817,0.058333333333333334,0,0.0021144290518496835,0.0
2026-05-18 14:00:00,2026-05-18,13,821.81402,697.2059137617571,633.4687592912454,708.9425682322687,0,0.06142611731690087,0.025,0,0.005648533491436644,0.008333333333333333
2026-05-18 15:00:00,2026-05-18,14,821.81402,722.6483772287495,685.3763009669827,759.5961534905164,0,0.017864808738535968,0.008333333333333333,0,0.015523295630918693,0.008333333333333333
2026-05-18 16:00:00,2026-05-18,15,822.14002,756.3791555046005,701.0237622282472,797.4669487809538,0,0.005663366485860763,0.0,0,0.014775803694959172,0.016666666666666666
2026-05-18 17:00:00,2026-05-18,16,833.14002,790.1108672513548,750.7076375310901,827.5055469716193,0,0.0005695982713882061,0.0,0,0.023258149406108153,0.05
2026-05-18 18:00:00,2026-05-18,17,903.14002,856.0092966312459,786.5487273597417,929.1321359027498,0,0.00038524688482654835,0.016666666666666666,0,0.09480522398657248,0.16666666666666666
2026-05-18 19:00:00,2026-05-18,18,903.14002,848.6569413340824,680.580818622979,1005.9544440451856,0,0.0003602612328261265,0.016666666666666666,0,0.11956107758536291,0.26666666666666666
2026-05-18 20:00:00,2026-05-18,19,903.14002,838.0295776736693,797.8586661131873,886.1636292341514,0,0.0003326309595513892,0.025,0,0.05356794314483948,0.1
2026-05-18 21:00:00,2026-05-18,20,903.14002,827.8677310564278,780.7179723127462,907.3352298001096,0,0.00036267336347408806,0.008333333333333333,0,0.03627986565098594,0.10833333333333334
2026-05-18 22:00:00,2026-05-18,21,833.14002,821.8010360598776,746.2602504572153,881.7464816625397,0,0.0004727437738763701,0.0,0,0.02944490366279668,0.10833333333333334
2026-05-18 23:00:00,2026-05-18,22,823.14002,802.3236948655349,754.0699444750476,857.3511452560223,0,0.00047545352784089814,0.0,0,0.017415168384329452,0.058333333333333334
2026-05-19 00:00:00,2026-05-18,23,829.28103,781.4555444425071,693.4760007572014,837.4967881278128,0,0.03831167232837734,0.041666666666666664,0,0.01649211753031415,0.08333333333333333
2026-05-19 01:00:00,2026-05-19,0,829.28103,829.6139088581707,774.0101572818542,849.7222204344872,0,0.03154455993052839,0.008333333333333333,0,0.0012836650215789318,0.008333333333333333
2026-05-19 02:00:00,2026-05-19,1,829.28103,829.739242198912,750.4143684886857,859.1701159091384,0,0.017402810014801807,0.0,0,0.0009141692156199819,0.0
2026-05-19 03:00:00,2026-05-19,2,822.42803,829.1451300149728,752.4609601268904,861.0273199030552,0,0.018086832125673708,0.008333333333333333,0,0.0007305007561081011,0.0
2026-05-19 04:00:00,2026-05-19,3,829.28103,828.7071745655284,738.06085102542,885.8755981056368,0,0.009015815929769867,0.0,0,0.0012322885784616584,0.008333333333333333
2026-05-19 05:00:00,2026-05-19,4,829.28103,826.5800227598751,704.871285240943,863.6346602788071,0,0.0072916598202580184,0.0,0,0.0008582935888569039,0.05
2026-05-19 06:00:00,2026-05-19,5,829.28103,744.1475746786547,638.1176022540271,777.1733471032821,0,0.10502423158102062,0.03333333333333333,0,0.0012355765280115134,0.016666666666666666
2026-05-19 07:00:00,2026-05-19,6,822.42803,718.5031741910178,601.4557358500035,758.6398725320321,0,0.17789253407331815,0.06666666666666667,0,0.0006979881025968529,0.0
2026-05-19 08:00:00,2026-05-19,7,822.42803,712.3504245052274,591.3684411956397,758.9029578148151,0,0.14361859863969148,0.11666666666666667,0,0.0006979881025968529,0.0
2026-05-19 09:00:00,2026-05-19,8,707.42803,708.2693385958538,593.668767974326,752.6947092173816,0,0.13693045350331096,0.15,0,0.0006979881025968529,0.0
2026-05-19 10:00:00,2026-05-19,9,822.42803,712.8594287079789,609.1551400620594,756.2900573538982,0,0.13693045350331096,0.11666666666666667,0,0.0007693492118559232,0.0
2026-05-19 11:00:00,2026-05-19,10,822.42803,726.7250445762019,638.051612114273,754.5912770381307,0,0.13394329165618143,0.08333333333333333,0,0.0014322255504146783,0.0
2026-05-19 12:00:00,2026-05-19,11,822.42803,725.6652038493783,652.1262646788294,762.5637830199271,0,0.10561365114447067,0.1,0,0.0020257729160236184,0.0
2026-05-19 13:00:00,2026-05-19,12,822.42803,754.203033164517,689.4336853919569,801.755300937077,0,0.07406978972652377,0.05,0,0.0031194763335969243,0.0
2026-05-19 14:00:00,2026-05-19,13,829.28103,803.1265619532394,760.4360037445462,842.0090101619327,0,0.01337766629690749,0.025,0,0.0037597516085672547,0.008333333333333333
2026-05-19 15:00:00,2026-05-19,14,832.42803,820.4618068239687,792.5321808636269,878.4224927843105,0,0.0007730892477368847,0.008333333333333333,0,0.011988073575798477,0.016666666666666666
2026-05-19 16:00:00,2026-05-19,15,891.42803,838.5242944365983,785.7499230812141,907.2369557919824,0,0.00034043156621348125,0.0,0,0.019174076427624562,0.03333333333333333
2026-05-19 17:00:00,2026-05-19,16,905.42803,867.4275886295801,834.0282221331807,925.2614551259796,0,0.0002932332347704544,0.0,0,0.018355626832100423,0.075
2026-05-19 18:00:00,2026-05-19,17,905.42803,932.494530126586,871.7723508550819,1020.5218593980902,0,0.00044041094696695377,0.016666666666666666,0,0.05419721761022265,0.18333333333333332
2026-05-19 19:00:00,2026-05-19,18,907.42803,925.4362521363267,768.0666894252233,1079.2321148474302,0,0.0003889530634327432,0.016666666666666666,0,0.05307819504755792,0.30833333333333335
2026-05-19 20:00:00,2026-05-19,19,907.42803,900.2120643600467,837.4999703791111,946.9537583409824,0,0.00040949526690093815,0.025,0,0.026379922384389336,0.10833333333333334
2026-05-19 21:00:00,2026-05-19,20,905.42803,883.6831912467389,834.3279425030572,946.7200399904208,0,0.00040949526690093815,0.008333333333333333,0,0.01964308181791599,0.10833333333333334
2026-05-19 22:00:00,2026-05-19,21,905.42803,852.8387522574478,766.9788266547856,904.93656786011,0,0.0004194268876263097,0.0,0,0.014877844258393204,0.08333333333333333
2026-05-19 23:00:00,2026-05-19,22,852.42803,838.224892678265,779.8772022877775,871.7784830687523,0,0.0012312380852707745,0.0,0,0.008462010899631544,0.058333333333333334
2026-05-20 00:00:00,2026-05-19,23,832.39948,808.8525524053194,727.9151787200137,866.6004260906251,0,0.01496922517670935,0.05,0,0.010124052391722873,0.05
2026-05-20 01:00:00,2026-05-20,0,822.39948,832.172037841133,781.9944862648166,872.0366894174497,0,0.027132438240893186,0.008333333333333333,0,0.0006012442513935763,0.0
2026-05-20 02:00:00,2026-05-20,1,822.39948,832.3678441812174,775.781560470991,887.4073878914438,0,0.024042922037530078,0.0,0,0.0005893946881986636,0.0
2026-05-20 03:00:00,2026-05-20,2,822.39948,831.2664343225941,759.5907944345117,877.6911142106766,0,0.01034714172451843,0.008333333333333333,0,0.00033677180947926143,0.0
2026-05-20 04:00:00,2026-05-20,3,822.39948,832.7377913632404,756.108697823132,882.6532849033488,0,0.006457734852910768,0.0,0,0.0009851168320840896,0.0
2026-05-20 05:00:00,2026-05-20,4,832.39948,832.3314788610551,722.9913313421231,872.7226663799873,0,0.0025213487168688287,0.0,0,0.0008685882074537729,0.041666666666666664
2026-05-20 06:00:00,2026-05-20,5,822.39948,792.2056187070789,679.9086446244465,841.0891327897112,0,0.032418031843044065,0.025,0,0.0007931657737985449,0.016666666666666666
2026-05-20 07:00:00,2026-05-20,6,752.39948,787.6123731216768,684.4480080686202,840.1954381747336,0,0.060806783602741096,0.041666666666666664,0,0.00030083621988840774,0.0
2026-05-20 08:00:00,2026-05-20,7,752.39948,784.1605054312647,653.9345593582201,859.0497915043094,0,0.06382075595077531,0.08333333333333333,0,0.00036705897956459103,0.0
2026-05-20 09:00:00,2026-05-20,8,752.39948,778.6639296291897,653.3160590076619,851.5661002507176,0,0.03797950404150661,0.11666666666666667,0,0.00035113097126718675,0.0
2026-05-20 10:00:00,2026-05-20,9,752.39948,787.655309474309,672.7955171775127,854.2973017711054,0,0.03647937366616145,0.08333333333333333,0,0.0003942363819621589,0.0
2026-05-20 11:00:00,2026-05-20,10,822.39948,793.7996345915335,714.7013217063359,833.9329074767312,0,0.03556074394738939,0.06666666666666667,0,0.000619985560341716,0.008333333333333333
2026-05-20 12:00:00,2026-05-20,11,820.04448,810.6259436080321,718.4479588336633,841.340088382401,0,0.02702267051750695,0.075,0,0.0012041422941050119,0.008333333333333333
2026-05-20 13:00:00,2026-05-20,12,822.39948,821.2432124713304,744.5818788840188,863.4572360586419,0,0.005242176724561827,0.03333333333333333,0,0.0017532514359598283,0.0
2026-05-20 14:00:00,2026-05-20,13,832.39948,832.2728375478522,782.1593993391589,870.0305657565455,0,0.003817436581827873,0.008333333333333333,0,0.004580664533864674,0.008333333333333333
2026-05-20 15:00:00,2026-05-20,14,881.39948,843.6153307882383,813.6483948278965,889.4456767485802,0,0.000431527457428703,0.0,0,0.01602736937264412,0.016666666666666666
2026-05-20 16:00:00,2026-05-20,15,905.89948,860.609963525664,823.3373921702799,913.1954348810484,0,0.0006415944239095008,0.0,0,0.020760137537192237,0.03333333333333333
2026-05-20 17:00:00,2026-05-20,16,905.89948,869.1468248397922,861.408488343393,914.8342613361916,0,0.0005495050286466975,0.0,0,0.02009364050404758,0.058333333333333334
2026-05-20 18:00:00,2026-05-20,17,951.39948,939.2555590579652,880.2045197864611,999.5307983294692,0,0.0003355961533853424,0.016666666666666666,0,0.07799766118733566,0.18333333333333332
2026-05-20 19:00:00,2026-05-20,18,952.39948,928.3711232248788,784.2068905137754,1066.1995159359822,0,0.0003480750219924853,0.016666666666666666,0,0.07829062531488355,0.26666666666666666
2026-05-20 20:00:00,2026-05-20,19,907.39948,917.2163909578796,861.134556976944,963.1101449388152,0,0.00032498388714275367,0.025,0,0.03923333284819811,0.09166666666666666
2026-05-20 21:00:00,2026-05-20,20,905.89948,912.967755293908,879.6513965502263,951.3074540375898,0,0.0006075998378243245,0.008333333333333333,0,0.03638303052661739,0.10833333333333334
2026-05-20 22:00:00,2026-05-20,21,905.89948,899.0867534476166,835.0853005808341,943.4397963143992,0,0.00037851329134107624,0.0,0,0.025712583606513083,0.09166666666666666
2026-05-20 23:00:00,2026-05-20,22,881.39948,875.8187052613981,830.2395148709107,928.1975556518856,0,0.001139826250668214,0.0,0,0.009714087575330098,0.058333333333333334
2026-05-21 00:00:00,2026-05-20,23,633.75144,829.4779113445127,738.657067659207,879.5509250298185,0,0.07228702506127294,0.05,0,0.004900197303049973,0.058333333333333334
2026-05-21 01:00:00,2026-05-21,0,633.75144,633.8293919909502,580.4071704146337,659.5620435672668,0,0.0994437530313879,0.008333333333333333,0,0.0067784983155418374,0.0
2026-05-21 02:00:00,2026-05-21,1,633.75144,634.61676292309,579.8658692128637,668.0594566333165,0,0.09454593265379856,0.008333333333333333,0,0.00698653376195849,0.0
2026-05-21 03:00:00,2026-05-21,2,633.75144,635.0123605816368,568.6918806935544,675.0590304697191,0,0.09928819117129829,0.025,0,0.00698653376195849,0.0
2026-05-21 04:00:00,2026-05-21,3,633.75144,635.5993215746919,566.6156280345836,681.1692751148003,0,0.0959163260484597,0.016666666666666666,0,0.0035881041806798603,0.0
2026-05-21 05:00:00,2026-05-21,4,653.75144,642.4077109461696,549.1212434272375,690.4010984651017,0,0.06073705777045833,0.0,0,0.0036048335900037646,0.03333333333333333
2026-05-21 06:00:00,2026-05-21,5,653.75144,646.1461571456025,548.6550830629701,691.5883412282349,0,0.06890141651369643,0.025,0,0.0034809077975362967,0.008333333333333333
2026-05-21 07:00:00,2026-05-21,6,653.75144,653.8778707591457,569.8619357060891,717.6809358122023,0,0.10022196410860784,0.041666666666666664,0,0.00246840636638538,0.0
2026-05-21 08:00:00,2026-05-21,7,653.75144,656.4261629203411,547.3412196107535,719.5493162299288,0,0.1081142954581019,0.09166666666666666,0,0.0026869986297727282,0.0
2026-05-21 09:00:00,2026-05-21,8,653.75144,669.1530567735724,583.6821634354653,742.8850801116794,0,0.08017801935484131,0.10833333333333334,0,0.0026869986297727282,0.0
2026-05-21 10:00:00,2026-05-21,9,653.75144,680.4374178592373,588.5129592133179,758.1651665051567,0,0.030908056730034952,0.075,0,0.0020002168728597476,0.0
2026-05-21 11:00:00,2026-05-21,10,653.75144,697.2636206355835,624.3708481736546,743.7585930975123,0,0.0738187734080586,0.025,0,0.005019988118258336,0.008333333333333333
2026-05-21 12:00:00,2026-05-21,11,633.75144,731.7171346636195,647.6327954930707,778.8353238341684,0,0.04198969255147388,0.03333333333333333,0,0.006495197509443845,0.008333333333333333
2026-05-21 13:00:00,2026-05-21,12,653.75144,748.4270178582115,673.3467300856514,797.4828656307716,0,0.009073561585729804,0.016666666666666666,0,0.011387896245453352,0.008333333333333333
2026-05-21 14:00:00,2026-05-21,13,802.75144,772.7579772747268,705.6171590660337,822.1629354834201,0,0.0010721255144829473,0.0,0,0.024401164209478562,0.03333333333333333
2026-05-21 15:00:00,2026-05-21,14,823.75144,796.8379307625089,747.0403348021672,853.1396767228508,0,0.0009430216853092772,0.0,0,0.06442579283238685,0.075
2026-05-21 16:00:00,2026-05-21,15,823.75144,807.1300489051383,742.6080375497542,872.9402202605226,0,0.0005960883835579317,0.0,0,0.11277534205930471,0.125
2026-05-21 17:00:00,2026-05-21,16,823.75144,820.6155302354497,776.1618305151851,863.0029299557144,0,0.0005772435538678321,0.0,0,0.13575144287560137,0.14166666666666666
2026-05-21 18:00:00,2026-05-21,17,902.75144,912.4035880403324,835.9767087688282,994.3391273118364,0,0.0003552420686461663,0.016666666666666666,1,0.5506060355627952,0.425
2026-05-21 19:00:00,2026-05-21,18,902.75144,903.6329003491576,744.9804176380542,1063.874203060261,0,0.00033337410336690265,0.008333333333333333,1,0.5341618694218276,0.48333333333333334
2026-05-21 20:00:00,2026-05-21,19,823.75144,874.135641777963,818.9546877970273,923.0152957588988,0,0.00039775245532133535,0.016666666666666666,0,0.3272306297262197,0.24166666666666667
2026-05-21 21:00:00,2026-05-21,20,823.75144,864.2099789277697,818.0818062215639,911.6727416339756,0,0.0006323850685949026,0.008333333333333333,0,0.22603764845559554,0.25
2026-05-21 22:00:00,2026-05-21,21,705.37444,834.0773685771774,767.7560180987456,887.1555790556093,0,0.0010208490257668569,0.0,0,0.11069521486610802,0.19166666666666668
2026-05-21 23:00:00,2026-05-21,22,653.75144,784.7010379081983,736.8049875177109,833.3019082986857,0,0.001488347448529645,0.0,0,0.06506749370540156,0.06666666666666667
2026-05-22 00:00:00,2026-05-21,23,390.96186,664.4184228941397,582.5212296803094,806.8415861079699,1,0.06166251746273873,0.058333333333333334,0,0.01340020331748721,0.041666666666666664
2026-05-22 01:00:00,2026-05-22,0,390.96186,391.4917180316032,347.56096645528663,444.9875696079199,0,0.46008494568136366,0.16666666666666666,0,0.0515453943904739,0.0
2026-05-22 02:00:00,2026-05-22,1,390.96186,392.69689918312673,364.4281589534327,442.0162794128207,0,0.3790497136364959,0.19166666666666668,0,0.018822611327831886,0.0
2026-05-22 03:00:00,2026-05-22,2,390.96186,393.5124722304442,357.37073234236175,422.8544721185265,0,0.36549258761215986,0.20833333333333334,0,0.01740460700496331,0.0
2026-05-22 04:00:00,2026-05-22,3,390.96186,394.4260380554367,342.8836445153285,417.2808715955451,0,0.40980909462185366,0.15833333333333333,0,0.01348554599980493,0.0
2026-05-22 05:00:00,2026-05-22,4,395.96186,403.742137391635,337.86460987270283,446.8896849105672,0,0.21002698806131667,0.05,0,0.022730989088350414,0.016666666666666666
2026-05-22 06:00:00,2026-05-22,5,395.96186,468.16698629929874,408.6552822166664,535.4955103819312,0,0.09204229303720331,0.008333333333333333,0,0.022483981921080698,0.0
2026-05-22 07:00:00,2026-05-22,6,390.96186,475.27358066577233,418.3728556127156,543.0459457188291,0,0.22363971195306176,0.03333333333333333,0,0.014159462923676282,0.0
2026-05-22 08:00:00,2026-05-22,7,390.96186,483.3813359531499,397.0406437345712,561.6128281717286,0,0.23921993668534325,0.075,0,0.01314860533165008,0.0
2026-05-22 09:00:00,2026-05-22,8,390.96186,493.1289170012001,413.794158481494,573.0689655209061,0,0.23673101314283065,0.075,0,0.014159462923676282,0.0
2026-05-22 10:00:00,2026-05-22,9,390.96186,496.0758096899037,402.23795795453583,591.6652314252714,0,0.2569726820864117,0.05,0,0.00831686633109703,0.0
2026-05-22 11:00:00,2026-05-22,10,395.96186,510.1373246655186,420.8102251748016,589.1057041562356,0,0.3112836125075158,0.016666666666666666,0,0.015384702190790654,0.0
2026-05-22 12:00:00,2026-05-22,11,395.96186,556.2905333109725,458.3405485366034,654.8367780853413,0,0.040934900299345475,0.025,0,0.05935207512808647,0.0
2026-05-22 13:00:00,2026-05-22,12,644.96186,577.9167027068045,484.8903825642949,675.5122728493141,0,0.03340341038474582,0.0,0,0.14532776440817846,0.008333333333333333
2026-05-22 14:00:00,2026-05-22,13,670.96186,630.3343624810137,547.944788010502,742.0125369515256,0,0.005868520928922035,0.0,0,0.4144497009276941,0.10833333333333334
2026-05-22 15:00:00,2026-05-22,14,689.34086,661.8152494409583,569.8217634806165,797.7594854013001,0,0.0035758464466916985,0.0,1,0.5916310106478175,0.25833333333333336
2026-05-22 16:00:00,2026-05-22,15,715.96186,673.3535378835912,560.4989446072377,793.8684311599446,0,0.0015649123405213298,0.0,1,0.6334201952002365,0.475
2026-05-22 17:00:00,2026-05-22,16,810.96186,699.7205807715013,628.2094066956474,817.3760548473552,0,0.0021699173961737908,0.0,1,0.7088060997306895,0.7166666666666667
2026-05-22 18:00:00,2026-05-22,17,911.96186,791.5968881362829,655.8498888647787,952.0191274077872,0,0.0004880105811922024,0.0,1,0.8025240812587103,0.8333333333333334
2026-05-22 19:00:00,2026-05-22,18,911.96186,793.0709551390279,564.6299424279244,1019.5826578501312,0,0.0004880105811922024,0.008333333333333333,1,0.8165095206310058,0.8916666666666667
2026-05-22 20:00:00,2026-05-22,19,904.96186,766.9589479960573,647.3514840151217,890.092211976993,0,0.0008524076685289439,0.008333333333333333,1,0.7446417653013467,0.8
2026-05-22 21:00:00,2026-05-22,20,810.96186,746.1093550973042,643.1732323910983,841.8076778035102,0,0.0008524076685289439,0.0,1,0.7236971685293156,0.8083333333333333
2026-05-22 22:00:00,2026-05-22,21,715.96186,659.5214360453035,546.017953178521,763.4341989120861,0,0.0022303845252071726,0.0,1,0.4988830818896906,0.2916666666666667
2026-05-22 23:00:00,2026-05-22,22,670.96186,565.2420871559702,485.610578410096,676.5802259018446,0,0.00660287118732208,0.0,0,0.18089528881701158,0.06666666666666667
2026-05-23 00:00:00,2026-05-22,23,691.64388,445.5956324153875,278.4877640129855,576.0250408177897,0,0.2578954313605025,0.09166666666666666,1,0.07082166720693153,0.016666666666666666
2026-05-23 01:00:00,2026-05-23,0,691.64388,690.5936885483935,591.6831969720771,799.64621012471,0,0.03175995928808456,0.0,0,0.04574695601772519,0.025
2026-05-23 02:00:00,2026-05-23,1,691.64388,688.7000587474129,578.4249885177189,809.9749689771068,0,0.03528948899978611,0.0,0,0.06481947047111923,0.025
2026-05-23 03:00:00,2026-05-23,2,667.64388,686.389176199602,608.3461192902625,834.8171031089416,0,0.049550940978648476,0.0,0,0.024992972773012816,0.016666666666666666
2026-05-23 04:00:00,2026-05-23,3,667.64388,685.1385879624427,599.5878244223344,813.7563115025511,0,0.022205730237738256,0.0,0,0.03735175046552862,0.041666666666666664
2026-05-23 05:00:00,2026-05-23,4,667.64388,681.3764169912453,587.9472894723132,794.3123045101773,0,0.026472034296762387,0.0,0,0.03692431516526775,0.08333333333333333
2026-05-23 06:00:00,2026-05-23,5,667.64388,387.3358967604149,278.13489777592173,511.8119957449081,0,0.4936947527767229,0.8416666666666667,0,0.008528603774633246,0.0
2026-05-23 07:00:00,2026-05-23,6,592.64388,373.4854322654836,294.305467212427,479.9336373185402,0,0.5858201258263736,0.925,0,0.003940770779028803,0.0
2026-05-23 08:00:00,2026-05-23,7,592.64388,349.47812410868994,279.8436418901114,453.4015763272685,0,0.6887503074730869,0.9916666666666667,0,0.004059855807450751,0.0
2026-05-23 09:00:00,2026-05-23,8,592.64388,330.8758224029428,223.1311838832368,447.2707409226488,0,0.7066752615365945,0.9916666666666667,0,0.00408047327824178,0.0
2026-05-23 10:00:00,2026-05-23,9,592.64388,329.7875626587634,218.5045509233957,481.6668243941312,0,0.7041134101105211,1.0,0,0.0030455222276437833,0.0
2026-05-23 11:00:00,2026-05-23,10,592.64388,344.10186440609823,230.11335490921968,468.7462039029768,0,0.6459326664087356,0.9916666666666667,0,0.004179910348448857,0.0
2026-05-23 12:00:00,2026-05-23,11,592.64388,395.1458732576166,277.81420848324774,497.9951180319854,0,0.6385647464717517,0.8833333333333333,0,0.008498378172829665,0.0
2026-05-23 13:00:00,2026-05-23,12,667.64388,449.9951823986799,320.0750031956228,566.803521601737,0,0.4879557100653725,0.375,0,0.0061555551431093595,0.0
2026-05-23 14:00:00,2026-05-23,13,695.89388,493.32121224196175,375.8595614972026,591.2311229867208,0,0.3172726753682008,0.075,0,0.010786755016831425,0.0
2026-05-23 15:00:00,2026-05-23,14,722.64388,533.7443446267471,444.0660383649803,662.6950208885139,0,0.07572564873526529,0.025,0,0.0570671905496779,0.0
2026-05-23 16:00:00,2026-05-23,15,802.64388,567.8177696912691,473.3245864149158,696.0059529676224,0,0.05761635921687685,0.008333333333333333,0,0.057422107097430376,0.008333333333333333
2026-05-23 17:00:00,2026-05-23,16,807.64388,615.1680116284339,514.30939755258,741.2912857042877,0,0.01487605013184052,0.0,0,0.10562849935048826,0.025
2026-05-23 18:00:00,2026-05-23,17,908.64388,767.613045327045,587.3406760555409,972.4223545985492,0,0.0010366639328440866,0.008333333333333333,1,0.3979934366947512,0.2916666666666667
2026-05-23 19:00:00,2026-05-23,18,908.64388,794.1307543276369,534.4004516165334,1061.3662970387402,0,0.0019285972826431123,0.008333333333333333,1,0.49407731993796106,0.43333333333333335
2026-05-23 20:00:00,2026-05-23,19,901.64388,785.1276427731373,630.9822908521052,954.9066946941692,0,0.0019649907147577792,0.0,1,0.44508875242601137,0.24166666666666667
2026-05-23 21:00:00,2026-05-23,20,807.64388,765.013780795499,627.644458089293,924.5552535017048,0,0.002362253467733843,0.0,0,0.37809184876216395,0.25833333333333336
2026-05-23 22:00:00,2026-05-23,21,722.64388,718.5332897175483,588.6037368507657,868.1389825843308,0,0.002026065366405755,0.0,0,0.2646416565441156,0.14166666666666666
2026-05-23 23:00:00,2026-05-23,22,695.89388,692.2111503293734,605.5050415834991,830.9693490752477,0,0.003964908123271189,0.0,0,0.20105929799540234,0.075
2026-05-24 00:00:00,2026-05-23,23,669.81899,655.5308327709944,549.6070243685923,754.8408411733965,0,0.085465901611967,0.05,0,0.10883368814916239,0.125
2026-05-24 01:00:00,2026-05-24,0,669.81899,669.2453750264248,612.6163234501083,759.0698866027413,0,0.015906929719998495,0.008333333333333333,0,0.08261431561358484,0.016666666666666666
2026-05-24 02:00:00,2026-05-24,1,669.81899,667.327376934191,621.5414867044971,762.6276171638849,0,0.027097855710568164,0.0,0,0.06666810121230216,0.008333333333333333
2026-05-24 03:00:00,2026-05-24,2,669.81899,664.4510403421464,629.1920134328068,729.222567251486,0,0.009975939469868635,0.0,0,0.015185635723227987,0.008333333333333333
2026-05-24 04:00:00,2026-05-24,3,669.81899,662.240473257527,592.6567397174188,732.4918667976353,0,0.011350808530517774,0.0,0,0.009663380055329282,0.016666666666666666
2026-05-24 05:00:00,2026-05-24,4,653.81899,659.8337106559018,554.8679374743416,719.6680338374621,0,0.023845255614024122,0.0,0,0.008271621441823734,0.05
2026-05-24 06:00:00,2026-05-24,5,554.81899,506.9876876642824,383.1879039614668,577.716911367098,0,0.20575073580628284,0.06666666666666667,0,0.008008088937626306,0.0
2026-05-24 07:00:00,2026-05-24,6,554.81899,489.3344421155997,382.9095152883392,544.3358489428603,0,0.3979317090726517,0.15833333333333333,0,0.0031623031385796213,0.0
2026-05-24 08:00:00,2026-05-24,7,98.71499,477.194813398418,346.68005070217754,527.4051060946584,1,0.4405103383854371,0.25833333333333336,0,0.0031623031385796213,0.0
2026-05-24 09:00:00,2026-05-24,8,246.00899,470.5546251105996,332.3642917724925,503.65461844870674,1,0.43910349143390753,0.325,0,0.005288362469586493,0.0
2026-05-24 10:00:00,2026-05-24,9,253.29899,469.5910679654798,340.3495293195605,528.3954766113991,1,0.4405103383854371,0.30833333333333335,0,0.004205744918360993,0.0
2026-05-24 11:00:00,2026-05-24,10,554.81899,472.846229522822,353.8231166376243,525.5489724080196,0,0.38288575092529914,0.24166666666666667,0,0.007411632154432779,0.0
2026-05-24 12:00:00,2026-05-24,11,554.81899,508.6239008959751,402.831741727911,555.054330064039,0,0.2667931625395399,0.18333333333333332,0,0.004086194269214903,0.0
2026-05-24 13:00:00,2026-05-24,12,554.81899,533.9424536970238,454.5895335545142,587.5483338395334,0,0.12699831981883272,0.08333333333333333,0,0.0049129047851848755,0.0
2026-05-24 14:00:00,2026-05-24,13,554.81899,545.9516063331457,497.29229558838654,597.0051170779049,0,0.10984694108699697,0.03333333333333333,0,0.011588376244357176,0.0
2026-05-24 15:00:00,2026-05-24,14,554.81899,589.6927114530962,542.2108754927543,647.586647413438,0,0.05804932502731651,0.008333333333333333,0,0.038558805577091834,0.008333333333333333
2026-05-24 16:00:00,2026-05-24,15,669.81899,634.9727019766117,576.1075906212275,720.8081733319958,0,0.004667325910532151,0.0,0,0.09679529453794215,0.041666666666666664
2026-05-24 17:00:00,2026-05-24,16,724.81899,678.6852253955835,612.4027856753189,787.7092251158482,0,0.0005639740910437308,0.0,0,0.14534170992825396,0.06666666666666667
2026-05-24 18:00:00,2026-05-24,17,724.81899,822.197416228784,691.81094695728,961.0731955002882,0,0.00043584031741384976,0.008333333333333333,0,0.6688110487913259,0.39166666666666666
2026-05-24 19:00:00,2026-05-24,18,809.81899,832.7802796724479,658.1554869613445,1019.3153423835512,0,0.0003859934709573571,0.008333333333333333,0,0.7336028672638838,0.49166666666666664
2026-05-24 20:00:00,2026-05-24,19,809.81899,818.7853720684169,748.3265601473848,888.352983989449,0,0.00041265591285612717,0.008333333333333333,0,0.6934122427045525,0.3
2026-05-24 21:00:00,2026-05-24,20,809.81899,770.7145651962898,725.7556924900839,815.6723879024956,0,0.0005351085339478008,0.0,0,0.5048712522658725,0.20833333333333334
2026-05-24 22:00:00,2026-05-24,21,724.81899,712.2823323227896,651.761709456007,774.4223851895722,0,0.0005566209023397739,0.0,0,0.36506741842807333,0.125
2026-05-24 23:00:00,2026-05-24,22,724.81899,680.7689740308215,644.7889739835231,743.8831740781197,0,0.0014832948616007888,0.0,0,0.18141723961660955,0.05
2026-05-25 00:00:00,2026-05-24,23,455.51831,637.2036605931438,496.9055421907417,706.9448889955459,1,0.015806412409698038,0.058333333333333334,0,0.03480786439414239,0.075
2026-05-25 01:00:00,2026-05-25,0,455.51831,455.50656193362624,367.4667503573097,512.1736135099427,1,0.3567007325588337,0.025,0,0.0036264125590693753,0.0
2026-05-25 02:00:00,2026-05-25,1,455.51831,455.9120860563092,358.7653545420344,525.687657570584,1,0.3733770054189976,0.025,0,0.002914470812249978,0.0
2026-05-25 03:00:00,2026-05-25,2,455.51831,455.61933745045127,379.8927805662025,518.9599843346999,1,0.2915882205345758,0.041666666666666664,0,0.002914470812249978,0.0
2026-05-25 04:00:00,2026-05-25,3,455.51831,455.7576574683425,365.5047429126058,519.9028120240791,1,0.3560550099583472,0.025,0,0.003182554778771024,0.0
2026-05-25 05:00:00,2026-05-25,4,670.51831,462.7659880516258,349.075396605459,515.3553094977925,0,0.16481818136220616,0.008333333333333333,0,0.0030048918299578633,0.025
2026-05-25 06:00:00,2026-05-25,5,670.51831,478.973180739792,378.8663317552988,536.633129724285,0,0.12137615624575383,0.025,0,0.003446443083806813,0.0
2026-05-25 07:00:00,2026-05-25,6,549.84831,469.0999218625968,396.45478503533633,524.3145986898573,0,0.11160187425460152,0.05,0,0.0032663536484220557,0.0
2026-05-25 08:00:00,2026-05-25,7,644.51831,460.5201365024308,379.6442738061903,511.6840291986712,0,0.25421187477895607,0.125,0,0.003547538357270575,0.0
2026-05-25 09:00:00,2026-05-25,8,455.51831,461.65782139242833,369.0694007709004,521.1886920139561,1,0.1918475419390635,0.15,0,0.003196117771720247,0.0
2026-05-25 10:00:00,2026-05-25,9,644.51831,465.54931742697295,393.9666051301766,564.1447597237692,0,0.1786500407279383,0.10833333333333334,0,0.003196117771720247,0.0
2026-05-25 11:00:00,2026-05-25,10,670.51831,487.7185701407851,414.56756117931656,574.6050791022536,0,0.09819901567031017,0.05,0,0.00507462747421578,0.0
2026-05-25 12:00:00,2026-05-25,11,670.51831,529.347411370407,448.97570342422586,614.5495793165883,0,0.016391978219351906,0.03333333333333333,0,0.021160280058238248,0.0
2026-05-25 13:00:00,2026-05-25,12,705.51831,551.2953468075189,469.4218266650092,656.7657669500284,0,0.011256912459504323,0.016666666666666666,0,0.04944685120615501,0.0
2026-05-25 14:00:00,2026-05-25,13,720.51831,586.3202417442196,509.53187099946047,661.9309924889787,0,0.006258552650071217,0.0,0,0.0774706613944206,0.041666666666666664
2026-05-25 15:00:00,2026-05-25,14,720.51831,623.5456550194718,544.71937905913,719.8889109798135,0,0.0035848338590427817,0.0,0,0.21009786483784865,0.18333333333333332
2026-05-25 16:00:00,2026-05-25,15,720.51831,653.6218935932063,554.4620622378221,752.7034649485906,0,0.001715196645424502,0.0,0,0.4988247676643373,0.4666666666666667
2026-05-25 17:00:00,2026-05-25,16,720.51831,696.0096708042757,594.4405110840112,777.8429205245405,0,0.001715196645424502,0.0,0,0.6046747810230972,0.7583333333333333
2026-05-25 18:00:00,2026-05-25,17,725.51831,733.8933346385185,632.8395953670143,849.4644139100227,0,0.0006600809146033744,0.0,0,0.7640945188754448,0.7333333333333333
2026-05-25 19:00:00,2026-05-25,18,725.51831,789.01289133726,581.0251886261566,962.3425140483636,0,0.0006141350984771455,0.008333333333333333,0,0.8169545641158619,0.8916666666666667
2026-05-25 20:00:00,2026-05-25,19,723.51831,766.3429301896373,671.0172682686052,859.4603421106692,0,0.0006314688140827158,0.0,0,0.8036590585046155,0.8083333333333333
2026-05-25 21:00:00,2026-05-25,20,720.51831,740.9688161510018,686.2976334447959,837.0183388572076,0,0.0006314688140827158,0.0,0,0.6717263884100593,0.85
2026-05-25 22:00:00,2026-05-25,21,720.51831,677.0266318683513,590.3058090015687,777.548324735134,0,0.0015696030354145785,0.0,0,0.529728982751952,0.625
2026-05-25 23:00:00,2026-05-25,22,705.51831,643.9087160292453,577.229055981947,700.8621260765436,0,0.0020021102784197518,0.0,0,0.20578995102721265,0.2916666666666667
2026-05-26 00:00:00,2026-05-25,23,465.8808,460.53843090961806,334.211512507216,561.6329393120202,1,0.0835633881442481,0.09166666666666666,0,0.11760743815372365,0.03333333333333333
2026-05-26 01:00:00,2026-05-26,0,465.8808,465.4648226576564,387.4416710813398,517.7028742339729,0,0.12863016060522642,0.041666666666666664,0,0.006462664807901694,0.0
2026-05-26 02:00:00,2026-05-26,1,465.8808,465.5304344924936,390.5326929782186,506.0567360067685,0,0.16273622248311545,0.058333333333333334,0,0.004958577013474492,0.0
2026-05-26 03:00:00,2026-05-26,2,465.8808,465.7148762808417,391.6248493965929,501.7798231650904,0,0.15042613513723085,0.06666666666666667,0,0.003497218511765457,0.0
2026-05-26 04:00:00,2026-05-26,3,465.8808,466.71774351374233,393.3643089580057,487.2409280694791,0,0.16124941129107703,0.05,0,0.0030308993685154847,0.0
2026-05-26 05:00:00,2026-05-26,4,644.8808,478.75549905629737,379.818955874737,509.0113222378576,0,0.06330848568629463,0.016666666666666666,0,0.005377609494912806,0.025
2026-05-26 06:00:00,2026-05-26,5,644.8808,484.55063933719794,399.3577456343824,530.5337930400135,0,0.04269145270637724,0.03333333333333333,0,0.004948499951058468,0.0
2026-05-26 07:00:00,2026-05-26,6,465.8808,496.5213611739502,421.4684901804712,553.1791521674292,0,0.04364774327327627,0.041666666666666664,0,0.0018679840014422403,0.0
2026-05-26 08:00:00,2026-05-26,7,465.8808,510.0940787940936,423.26810222759656,565.9837953605905,0,0.03560049201095905,0.08333333333333333,0,0.001994457989517337,0.0
2026-05-26 09:00:00,2026-05-26,8,465.8808,521.5789296534989,453.0099590319711,581.7812002750267,0,0.049907600814968305,0.09166666666666666,0,0.0025695679727633066,0.0
2026-05-26 10:00:00,2026-05-26,9,465.8808,526.616070280996,456.8684226761018,586.7854178858902,0,0.04811122348648259,0.058333333333333334,0,0.0026269742724577176,0.0
2026-05-26 11:00:00,2026-05-26,10,644.8808,550.9556138707636,501.1576160077592,601.217441733768,0,0.01608581790592688,0.016666666666666666,0,0.0059351980053998525,0.008333333333333333
2026-05-26 12:00:00,2026-05-26,11,644.8808,586.8925810180767,528.0284109388363,647.8265310973171,0,0.004146113774051603,0.025,0,0.0222300685474158,0.008333333333333333
2026-05-26 13:00:00,2026-05-26,12,670.8808,608.6455511218895,543.0080715077131,661.680400736066,0,0.001504091776844687,0.008333333333333333,0,0.033050337850696845,0.016666666666666666
2026-05-26 14:00:00,2026-05-26,13,685.8808,634.0840965153161,591.0147720448044,686.0511209858278,0,0.0010034292273966724,0.0,0,0.08075533942573818,0.041666666666666664
2026-05-26 15:00:00,2026-05-26,14,685.8808,652.1771836281407,605.0565236290478,702.1435036272336,0,0.0004622382212776396,0.0,0,0.1740338922308175,0.125
2026-05-26 16:00:00,2026-05-26,15,685.8808,658.0957795874468,587.6398382320626,720.1635509428311,0,0.00019735679971455387,0.0,0,0.28671347849598205,0.18333333333333332
2026-05-26 17:00:00,2026-05-26,16,685.8808,673.8008491389219,630.8746094186572,731.7397188591865,0,0.00017630794496073177,0.0,0,0.36830478118738014,0.21666666666666667
2026-05-26 18:00:00,2026-05-26,17,904.8808,719.987278118895,651.1562388473909,816.4867173903991,0,0.00016320679160055908,0.016666666666666666,1,0.5892736980391491,0.4
2026-05-26 19:00:00,2026-05-26,18,904.8808,713.3141250569932,562.8519023458898,883.2799277680966,0,0.00017027997864488053,0.008333333333333333,1,0.6645798591026109,0.4583333333333333
2026-05-26 20:00:00,2026-05-26,19,904.8808,705.3812908614767,659.6389289404448,773.2993027825088,0,0.00017027997864488053,0.016666666666666666,1,0.4783658914085155,0.30833333333333335
2026-05-26 21:00:00,2026-05-26,20,685.8808,696.4995085385268,657.015485832321,752.2786712447327,0,0.00016486353146196654,0.0,0,0.39070174896864857,0.2916666666666667
2026-05-26 22:00:00,2026-05-26,21,685.8808,665.1844151997216,585.320532332939,713.2480980665041,0,0.00018107816967821578,0.0,0,0.19838087890524445,0.2
2026-05-26 23:00:00,2026-05-26,22,670.8808,611.3919400833396,513.9847220491579,657.6940481175214,0,0.0014542599739891628,0.0,0,0.12075507039207917,0.075
2026-05-27 00:00:00,2026-05-26,23,446.08831,491.4900614065688,364.29769300416666,607.8953698089708,1,0.06621588423180785,0.10833333333333334,0,0.044809027336182125,0.03333333333333333
2026-05-27 01:00:00,2026-05-27,0,436.08831,446.15728127125175,384.415029694935,513.9904128475683,0,0.20533697193918637,0.05,0,0.014815808081914498,0.0
2026-05-27 02:00:00,2026-05-27,1,436.08831,446.28801416869055,387.2349126544157,505.1441556829655,0,0.21007962582017248,0.06666666666666667,0,0.012890954853684522,0.0
2026-05-27 03:00:00,2026-05-27,2,436.08831,446.2900298496287,401.4086129653799,499.2520867338774,0,0.18282745922001917,0.075,0,0.010338375360181033,0.0
2026-05-27 04:00:00,2026-05-27,3,446.08831,447.00543250212985,402.1048679463932,499.78784705786654,0,0.17844676992886038,0.058333333333333334,0,0.005300653652767864,0.0
2026-05-27 05:00:00,2026-05-27,4,456.08831,457.0070918626924,386.3873043437603,510.0190493816244,0,0.061627568642844355,0.008333333333333333,0,0.014434410806576904,0.025
2026-05-27 06:00:00,2026-05-27,5,446.08831,462.1064480086461,386.6593667026725,540.7168193146196,0,0.08474689150492516,0.05,0,0.013110784950658356,0.0
2026-05-27 07:00:00,2026-05-27,6,446.08831,466.16214184829016,397.0283108548112,547.8940328417692,0,0.10058714678811707,0.075,0,0.007434442248177392,0.0
2026-05-27 08:00:00,2026-05-27,7,446.08831,474.20443929353024,378.6095227270332,570.0094758600272,0,0.09257631491878739,0.11666666666666667,0,0.0053442703876997065,0.0
2026-05-27 09:00:00,2026-05-27,8,446.08831,496.7156289998867,409.8237683783589,591.0173796214145,0,0.0893755231478097,0.08333333333333333,0,0.005428423173285353,0.0
2026-05-27 10:00:00,2026-05-27,9,446.08831,512.5401180667686,417.8414604618743,595.0673956716628,0,0.07029696964843912,0.05,0,0.004636176034957641,0.0
2026-05-27 11:00:00,2026-05-27,10,446.08831,534.5315592600833,409.8372621669918,593.521956353175,0,0.04546049100197098,0.016666666666666666,0,0.015081324044477698,0.0
2026-05-27 12:00:00,2026-05-27,11,446.08831,573.6909365369007,475.5296764576604,641.6330266161411,0,0.01053351957882284,0.025,0,0.04639706400190009,0.008333333333333333
2026-05-27 13:00:00,2026-05-27,12,446.08831,601.4466168513329,514.5645754349363,691.1872382677296,0,0.006063593156754432,0.008333333333333333,0,0.07561928685738904,0.016666666666666666
2026-05-27 14:00:00,2026-05-27,13,456.08831,636.0406118183565,556.8198105587196,698.0736430779934,0,0.0017887827934543203,0.0,0,0.12542203612067096,0.09166666666666666
2026-05-27 15:00:00,2026-05-27,14,456.08831,664.3648629764643,584.6254329773714,735.2847929755573,0,0.0006105558971599628,0.0,0,0.290494356498938,0.19166666666666668
2026-05-27 16:00:00,2026-05-27,15,671.08831,667.3523780539776,595.2769066985934,752.0013494093618,0,0.0005801647039144904,0.0,1,0.3378107200154671,0.30833333333333335
2026-05-27 17:00:00,2026-05-27,16,671.08831,688.2770284712325,655.1923043953786,774.4368525470863,0,0.0005915995290796016,0.0,1,0.40074776286713626,0.48333333333333334
2026-05-27 18:00:00,2026-05-27,17,905.08831,801.397573585607,704.1343935895519,983.3246935816624,0,0.0006005860882103151,0.0,1,0.8253821563521575,0.7833333333333333
2026-05-27 19:00:00,2026-05-27,18,1126.08831,843.2087909940849,633.2635077411533,1111.6711542470166,0,0.0006272734150247137,0.008333333333333333,1,0.8266367221635852,0.8916666666666667
2026-05-27 20:00:00,2026-05-27,19,905.08831,815.4787015168995,711.601274866019,992.58786816778,0,0.0006449777149989841,0.0,1,0.8100502813449804,0.8
2026-05-27 21:00:00,2026-05-27,20,691.08831,701.0720615538802,627.0373341877213,817.6802089200391,0,0.0006089485219579466,0.0,1,0.4601847097136469,0.4166666666666667
2026-05-27 22:00:00,2026-05-27,21,630.08831,643.092630932999,563.1454180662164,712.3107037997815,0,0.0008690643769934587,0.0,1,0.2003397190396948,0.19166666666666668
2026-05-27 23:00:00,2026-05-27,22,456.08831,563.4956805462045,494.1174832649613,616.7730278274477,0,0.005461662421550621,0.008333333333333333,0,0.09048314592123256,0.058333333333333334
2026-05-28 00:00:00,2026-05-27,23,265.41213,442.0031150766289,292.8288794029229,670.4719307503349,1,0.19628081442262224,0.14166666666666666,0,0.08171295339136764,0.016666666666666666
2026-05-28 01:00:00,2026-05-28,0,265.41213,265.5959474684431,162.41055589212652,399.4038590447597,1,0.4276528523093313,0.475,0,0.007732825492087762,0.0
2026-05-28 02:00:00,2026-05-28,1,265.41213,265.87888990160326,166.33528838732846,375.70085141587816,1,0.3889867988872389,0.49166666666666664,0,0.005197086048001391,0.0
2026-05-28 03:00:00,2026-05-28,2,265.41213,266.001706976847,186.10363009259825,375.9081838610958,1,0.3889867988872389,0.5333333333333333,0,0.004897064938829356,0.0
2026-05-28 04:00:00,2026-05-28,3,265.41213,266.76244362562653,172.22070519946865,355.32901205178433,1,0.3802740689852588,0.43333333333333335,0,0.007456844350874799,0.0
2026-05-28 05:00:00,2026-05-28,4,435.41213,273.7095461345408,170.57573295298064,370.616519316101,0,0.21729384039014715,0.14166666666666666,0,0.01044439677516256,0.016666666666666666
2026-05-28 06:00:00,2026-05-28,5,267.18413,340.15464649226715,245.1157951862936,461.98469779824063,1,0.0970804124182893,0.0,0,0.011795080810187401,0.0
2026-05-28 07:00:00,2026-05-28,6,265.41213,340.0508180307732,263.40592703729425,477.4308090242521,1,0.13798518245201646,0.025,0,0.011932180809566562,0.0
2026-05-28 08:00:00,2026-05-28,7,265.41213,330.5363530049894,226.06164030874896,455.1736157012298,1,0.21225432762764188,0.10833333333333334,0,0.010316196537904236,0.0
2026-05-28 09:00:00,2026-05-28,8,265.41213,336.64010099914213,233.87154766103504,449.0698543372493,1,0.2385161695708663,0.125,0,0.010233858537673344,0.0
2026-05-28 10:00:00,2026-05-28,9,265.41213,337.035721158112,217.62894886131565,465.2002134549083,1,0.2022140206065349,0.08333333333333333,0,0.009598780357744165,0.0
2026-05-28 11:00:00,2026-05-28,10,265.41213,360.6584191779224,239.5606613149181,449.1348470409269,1,0.0613936744529479,0.016666666666666666,0,0.012862633554711816,0.0
2026-05-28 12:00:00,2026-05-28,11,265.41213,399.44038424601627,283.9935941667759,493.1481743252567,1,0.02272622603301638,0.025,0,0.03890037463812253,0.0
2026-05-28 13:00:00,2026-05-28,12,435.41213,407.2712670931426,311.54864567674593,511.7205185095394,0,0.011718382513768718,0.0,0,0.07206853318825471,0.008333333333333333
2026-05-28 14:00:00,2026-05-28,13,450.41213,448.2018780964158,364.5901327034224,533.5289934894091,0,0.0011454983645720399,0.0,0,0.2240022660696216,0.10833333333333334
2026-05-28 15:00:00,2026-05-28,14,450.41213,495.7328835040061,413.7971635049131,615.2177435030991,0,0.0004546507319601643,0.0,0,0.538660185003966,0.5166666666666667
2026-05-28 16:00:00,2026-05-28,15,636.41213,545.8545542189843,457.726980942631,652.4314774953377,0,0.000498468085987007,0.0,1,0.7391128747542604,0.9
2026-05-28 17:00:00,2026-05-28,16,680.41213,574.6358949146693,499.9866723755218,699.1680174538168,0,0.00045758214880644253,0.0,1,0.755572848432707,0.9166666666666666
2026-05-28 18:00:00,2026-05-28,17,705.41213,780.7562513384826,586.3516113424273,1064.8073013345377,0,0.0005643282631761181,0.0,1,0.8656814765333671,0.975
2026-05-28 19:00:00,2026-05-28,18,1095.41213,903.9409923800218,544.6213419072596,1293.9920428527837,0,0.001689884176682541,0.0,1,0.8693746278614217,0.9916666666666667
2026-05-28 20:00:00,2026-05-28,19,705.41213,822.8144698064569,618.9725731555766,1075.7301264573373,0,0.0005792286589406259,0.0,1,0.8170885044574004,0.975
2026-05-28 21:00:00,2026-05-28,20,680.41213,654.2138906809746,535.3497833148158,795.1057980471336,0,0.0006048500325198096,0.0,1,0.8140711082503668,0.975
2026-05-28 22:00:00,2026-05-28,21,450.41213,528.1842097669397,407.4993869001571,639.6228326337223,0,0.0005410671533829401,0.0,0,0.6083658533786477,0.825
2026-05-28 23:00:00,2026-05-28,22,450.41213,410.4284597815663,276.6446125003231,529.0674070628094,0,0.017169399246183853,0.008333333333333333,0,0.18328564393753696,0.1
2026-05-29 00:00:00,2026-05-28,23,331.58546,292.068820197056,111.57274092031946,486.9677494737925,0,0.42366628023388675,0.20833333333333334,0,0.1214442569832718,0.008333333333333333
2026-05-29 01:00:00,2026-05-29,0,336.58546,331.7761796256857,242.21043867010516,477.5886405812662,0,0.04050522868334485,0.016666666666666666,0,0.005868384855518808,0.0
2026-05-29 02:00:00,2026-05-29,1,331.58546,331.8364168238616,244.8687853095868,453.6777783381364,0,0.03636010554946139,0.016666666666666666,0,0.003806194642888909,0.0
2026-05-29 03:00:00,2026-05-29,2,331.58546,331.7692455914095,280.7583987071608,444.9086224756583,0,0.03636010554946139,0.025,0,0.003806194642888909,0.0
2026-05-29 04:00:00,2026-05-29,3,331.58546,332.1772019253558,258.539043499198,414.8099703515137,0,0.03636010554946139,0.016666666666666666,0,0.003949973495539229,0.0
2026-05-29 05:00:00,2026-05-29,4,336.58546,338.17662436096555,245.36109485448637,409.2184738674448,0,0.0544429031545454,0.008333333333333333,0,0.0043791328711195385,0.041666666666666664
2026-05-29 06:00:00,2026-05-29,5,336.58546,333.283870060636,274.23085635782047,408.1510437634516,0,0.029434349818321017,0.03333333333333333,0,0.003772959013845962,0.0
2026-05-29 07:00:00,2026-05-29,6,336.58546,325.0979220094877,265.59613313412376,407.7637708848517,0,0.05831768800593475,0.06666666666666667,0,0.00414443909492756,0.0
2026-05-29 08:00:00,2026-05-29,7,336.58546,312.39317892300187,235.17719513575997,384.4051927102438,0,0.19812716543946468,0.15833333333333333,0,0.003231414694592988,0.0
2026-05-29 09:00:00,2026-05-29,8,331.58546,311.5727737251431,202.47098520543716,355.4088622448492,0,0.19812716543946468,0.18333333333333332,0,0.0038836340126542288,0.0
2026-05-29 10:00:00,2026-05-29,9,336.58546,308.0412723494323,204.83591370351297,406.3485109953516,0,0.22988920731943752,0.15,0,0.003189250174413296,0.0
2026-05-29 11:00:00,2026-05-29,10,336.58546,317.24971649689724,198.38780753542875,408.4557854583657,0,0.15871205021711343,0.09166666666666666,0,0.004104685529109282,0.0
2026-05-29 12:00:00,2026-05-29,11,336.58546,323.3786082729196,194.96862992960263,392.0154566162366,0,0.09542987072481308,0.11666666666666667,0,0.006943318691073517,0.0
2026-05-29 13:00:00,2026-05-29,12,336.58546,366.3530597768423,251.09880836044564,461.2659311932391,0,0.0014834319100840636,0.025,0,0.04837550204456844,0.0
2026-05-29 14:00:00,2026-05-29,13,336.58546,401.9595877318811,306.23515103632246,466.46995442743975,0,0.0008060676276134235,0.0,0,0.12437696676007104,0.03333333333333333
2026-05-29 15:00:00,2026-05-29,14,411.58546,435.2531189013546,365.15913294101273,533.9986348616964,0,0.00035854605475530143,0.0,0,0.2744338305384171,0.24166666666666667
2026-05-29 16:00:00,2026-05-29,15,412.58546,483.6085814100437,422.9625281336904,614.4658546863969,0,0.0003711403671454101,0.0,0,0.5163444378939219,0.8083333333333333
2026-05-29 17:00:00,2026-05-29,16,412.58546,554.8636840122506,467.2435214731032,695.4642665513979,0,0.000376589958913752,0.0,0,0.6557201238296924,0.95
2026-05-29 18:00:00,2026-05-29,17,676.58546,699.075935622553,494.23142562649775,976.084665618608,0,0.00040120845487243265,0.0,1,0.7124426801958844,0.975
2026-05-29 19:00:00,2026-05-29,18,676.58546,821.9655649377308,497.91961446496873,1164.6076154104928,0,0.0010898362943854386,0.0,1,0.7124426801958844,0.9916666666666667
2026-05-29 20:00:00,2026-05-29,19,632.58546,688.3111535842842,491.8406969334037,923.8785102351646,0,0.00043290082709925514,0.0,1,0.6635117287580136,0.9666666666666667
2026-05-29 21:00:00,2026-05-29,20,412.58546,560.2215641779461,429.6904568117872,729.706271544105,0,0.00040633845042700343,0.0,0,0.6511257543945023,0.9333333333333333
2026-05-29 22:00:00,2026-05-29,21,336.58546,433.7522948588402,312.1105719920576,570.2097177256228,0,0.00038363480231152824,0.0,0,0.204760785251265,0.275
2026-05-29 23:00:00,2026-05-29,22,336.58546,399.4953801201701,282.2428828389269,505.0763474014132,0,0.0017313947316321505,0.0,0,0.16661310288467032,0.06666666666666667
2026-05-30 00:00:00,2026-05-29,23,338.71689,349.2114308539701,253.7536015772335,455.6923401307067,0,0.017596386296924043,0.08333333333333333,0,0.10311001923682246,0.05
2026-05-30 01:00:00,2026-05-30,0,338.71689,338.5329813220208,312.8528003664403,388.12194227760136,0,0.06173477756893078,0.008333333333333333,0,0.006407995254906074,0.008333333333333333
2026-05-30 02:00:00,2026-05-30,1,270.62789,338.4001957360235,306.36092422174863,383.2244672502984,0,0.019267596687639596,0.0,0,0.004563755131110344,0.0
2026-05-30 03:00:00,2026-05-30,2,262.19689,337.9564375825616,308.1755206983128,372.8659244668103,0,0.05228133338275343,0.0,0,0.0010276858216401532,0.0
2026-05-30 04:00:00,2026-05-30,3,262.19689,337.7576602496843,293.37040182352644,366.1541686758421,0,0.03554161100720932,0.0,0,0.0012835162709031375,0.0
2026-05-30 05:00:00,2026-05-30,4,265.48889,337.6108137782763,269.3874042717971,389.39586328475554,0,0.03366308572530689,0.0,0,0.001979273914195388,0.05
2026-05-30 06:00:00,2026-05-30,5,265.48889,313.98307640269354,256.60580269987804,391.3234101055091,0,0.11919773937810517,0.025,0,0.00201755977473228,0.016666666666666666
2026-05-30 07:00:00,2026-05-30,6,262.19689,309.56690096836275,250.04045209299872,390.1426298437267,0,0.14489507327330672,0.05,0,0.0016877814114969489,0.0
2026-05-30 08:00:00,2026-05-30,7,262.19689,293.8270309668527,205.6460171796108,375.4686847540946,0,0.2130912425014594,0.125,0,0.001754013630983493,0.0
2026-05-30 09:00:00,2026-05-30,8,260.71689,283.3987659492889,199.31515742958285,346.9993444689949,0,0.20126239737378812,0.175,0,0.001278537102554062,0.0
2026-05-30 10:00:00,2026-05-30,9,260.71689,292.966143694462,210.86663504854272,380.4896023403813,0,0.20900792543664445,0.14166666666666666,0,0.0012913602833378665,0.0
2026-05-30 11:00:00,2026-05-30,10,262.19689,298.9426184066526,221.0588494451841,376.6366373681211,0,0.13058785269022863,0.1,0,0.0020756698981223365,0.0
2026-05-30 12:00:00,2026-05-30,11,260.71689,309.55840843983066,220.97396009651365,387.7202867831476,0,0.13099894115054492,0.10833333333333334,0,0.0036362682547910956,0.0
2026-05-30 13:00:00,2026-05-30,12,260.71689,310.90963282730246,225.1591514109057,380.1422142436992,0,0.05592925330050733,0.05,0,0.004244406910484908,0.0
2026-05-30 14:00:00,2026-05-30,13,260.71689,312.7511180492277,254.714081353669,371.4077547447864,0,0.028247760151833782,0.025,0,0.005898966228672549,0.008333333333333333
2026-05-30 15:00:00,2026-05-30,14,338.71689,332.1391400697559,264.1239541094141,426.0683560300977,0,0.010738556442439083,0.008333333333333333,0,0.019612464876526996,0.016666666666666666
2026-05-30 16:00:00,2026-05-30,15,338.71689,360.26618062854806,292.3145055202098,479.6953957368862,0,0.0005822944107277626,0.0,0,0.11768891329520983,0.06666666666666667
2026-05-30 17:00:00,2026-05-30,16,413.71689,401.0804626553656,342.9487085795117,539.4365767312195,0,0.0002634684699789228,0.0,1,0.14560108492588172,0.2
2026-05-30 18:00:00,2026-05-30,17,678.71689,592.0420582035218,411.5810082074666,853.2441481995769,0,0.00033239915557475933,0.0,1,0.8614987516371753,0.9416666666666667
2026-05-30 19:00:00,2026-05-30,18,678.71689,680.5596848514368,368.4029243786747,1045.7566753241988,0,0.000726920940609274,0.0,1,0.865614211980792,0.9833333333333333
2026-05-30 20:00:00,2026-05-30,19,678.71689,612.5046892683383,453.03540261745786,874.9922159192188,0,0.000315819645222177,0.0,1,0.839424467833386,0.95
2026-05-30 21:00:00,2026-05-30,20,414.71689,433.8395998091245,346.4453724429656,598.6477571752833,0,0.0002721197351015154,0.0,1,0.38338976330049274,0.44166666666666665
2026-05-30 22:00:00,2026-05-30,21,338.71689,368.7278270931428,285.74775661471097,495.7856175715747,0,0.0011478335998211775,0.0,0,0.1410223138184471,0.08333333333333333
2026-05-30 23:00:00,2026-05-30,22,338.71689,358.01206371791267,299.9300156837308,433.4192917520944,0,0.0019731346254834026,0.0,0,0.05324482106480915,0.05
2026-05-31 00:00:00,2026-05-30,23,335.48873,324.6509542846221,210.3475650078856,442.6115335613586,0,0.0501987286355402,0.06666666666666667,0,0.023180103009453414,0.05
2026-05-31 01:00:00,2026-05-31,0,310.48873,334.97650107263047,277.86663011705,406.782082028211,0,0.0641373039938049,0.008333333333333333,0,0.02836319777655641,0.008333333333333333
2026-05-31 02:00:00,2026-05-31,1,260.48873,334.6308509615408,276.2377407318469,408.9177011912346,0,0.01572223779914901,0.0,0,0.01652527690360783,0.0
2026-05-31 03:00:00,2026-05-31,2,260.48873,333.53075352253813,298.3907857523645,378.0845512927118,0,0.022734147757198033,0.0,0,0.010782920844057617,0.0
2026-05-31 04:00:00,2026-05-31,3,260.48873,332.7264609688603,273.2922464131236,344.30781552459695,0,0.027115256059066655,0.0,0,0.010915714794439466,0.0
2026-05-31 05:00:00,2026-05-31,4,260.48873,330.9537503097689,224.0259108041033,362.7727598154346,0,0.03736261056120369,0.0,0,0.006986378845136562,0.058333333333333334
2026-05-31 06:00:00,2026-05-31,5,255.48873,279.9961072287593,197.40714352594375,317.68169093157485,0,0.1609844273011248,0.05,0,0.007713358040610579,0.008333333333333333
2026-05-31 07:00:00,2026-05-31,6,255.48873,260.1743818884134,200.95342301304944,313.7677207637774,0,0.18128100767424205,0.15,0,0.002824709087183539,0.0
2026-05-31 08:00:00,2026-05-31,7,255.48873,241.6250943628157,167.82421057557374,295.36859815005766,0,0.2863864483511961,0.25,0,0.002824709087183539,0.0
2026-05-31 09:00:00,2026-05-31,8,255.48873,241.1062792986017,158.08790077889572,260.42413781830766,0,0.3457252892426637,0.2833333333333333,0,0.0024666741689038556,0.0
2026-05-31 10:00:00,2026-05-31,9,255.48873,253.7406887238166,185.1193800778973,312.4461073697359,0,0.3189908558819844,0.2,0,0.0019565946742086224,0.0
2026-05-31 11:00:00,2026-05-31,10,255.48873,259.5813740824086,188.79558512094016,316.90502304387707,0,0.35688137142399534,0.13333333333333333,0,0.0032055397157931985,0.0
2026-05-31 12:00:00,2026-05-31,11,255.48873,263.7564859513008,180.95920760798387,309.18904429461776,0,0.24106096172842897,0.175,0,0.005871959153985724,0.0
2026-05-31 13:00:00,2026-05-31,12,255.48873,259.77138989924055,192.48506848284384,302.69542131563725,0,0.17964058212607484,0.11666666666666667,0,0.005780426344281099,0.0
2026-05-31 14:00:00,2026-05-31,13,255.48873,257.37945567231475,208.77909897675607,303.54001236787343,0,0.14688648745472122,0.09166666666666666,0,0.006231407820135829,0.0
2026-05-31 15:00:00,2026-05-31,14,260.48873,289.93123077066053,251.2115048103188,359.9576967310024,0,0.07582730889571392,0.025,0,0.01996471353291596,0.008333333333333333
2026-05-31 16:00:00,2026-05-31,15,336.48873,312.7505013815472,264.196006273209,398.47722648988537,0,0.017851780477434607,0.0,0,0.04363515129733368,0.03333333333333333
2026-05-31 17:00:00,2026-05-31,16,410.48873,366.7561213966972,314.6648773208433,461.1819954725511,0,0.00043640302430895624,0.0,1,0.24337055636318602,0.14166666666666666
2026-05-31 18:00:00,2026-05-31,17,480.48873,549.3612407369981,379.0843507409429,745.0125807330533,0,0.00036979511184050937,0.0,1,0.8271878888985632,0.9333333333333333
2026-05-31 19:00:00,2026-05-31,18,675.48873,634.8079020952243,357.3892616224622,912.0895925679864,0,0.0005105568281893113,0.0,1,0.8969514217242888,0.975
2026-05-31 20:00:00,2026-05-31,19,480.48873,599.2282333659388,448.3297109266708,791.2137258052066,0,0.0003513510097124573,0.0,1,0.895921161485353,0.9666666666666667
2026-05-31 21:00:00,2026-05-31,20,480.48873,433.22825497400834,348.65126731000936,557.1318326380073,0,0.00032238914101749723,0.0,1,0.7406302448909131,0.6583333333333333
2026-05-31 22:00:00,2026-05-31,21,410.48873,373.4480486365092,308.93809815807737,466.0909391149411,0,0.00035874256882378956,0.0,1,0.5664588015928573,0.14166666666666666
2026-05-31 23:00:00,2026-05-31,22,410.48873,350.1930079545912,291.46239992040944,396.452735988773,0,0.0012617125236555119,0.0,1,0.3572698716638523,0.05
2026-06-01 00:00:00,2026-05-31,23,352.26015,322.7278851700479,157.12531589331132,480.4337944467845,0,0.07614099364030276,0.058333333333333334,1,0.03233785561172915,0.06666666666666667
2026-06-01 01:00:00,2026-06-01,0,352.26015,352.10315109922766,264.65797047900617,417.1054517194492,0,0.310562364884028,0.025,0,0.015475145787042153,0.0
2026-06-01 02:00:00,2026-06-01,1,352.26015,351.4210327214345,236.7651124917406,425.38662295112846,0,0.34163862365144676,0.025,0,0.005007311485443098,0.0
2026-06-01 03:00:00,2026-06-01,2,352.26015,350.59345367164696,260.8122315018468,438.0508658414472,0,0.333591674631005,0.041666666666666664,0,0.005007311485443098,0.0
2026-06-01 04:00:00,2026-06-01,3,352.26015,351.72053179115085,271.6674482510426,454.9806053312592,0,0.3112145886345877,0.025,0,0.003751658362852145,0.0
2026-06-01 05:00:00,2026-06-01,4,402.26015,351.5886296437338,228.1489301380681,440.2636491493994,0,0.14190263651376833,0.008333333333333333,0,0.005987705637961427,0.03333333333333333
2026-06-01 06:00:00,2026-06-01,5,402.26015,345.0575936952279,240.8297099924124,445.9613173980435,0,0.15506312956657148,0.041666666666666664,0,0.004090752459539362,0.0
2026-06-01 07:00:00,2026-06-01,6,352.26015,353.0159386006606,274.2849197252967,466.8881974760246,0,0.10095503368222246,0.058333333333333334,0,0.004457373575031491,0.0
2026-06-01 08:00:00,2026-06-01,7,352.26015,356.6909721060027,256.3666714594619,471.3464327525435,0,0.09741540683672748,0.10833333333333334,0,0.004457373575031491,0.0
2026-06-01 09:00:00,2026-06-01,8,328.26015,362.7335503303847,265.3718192632206,484.8879713975489,0,0.05334678144926818,0.1,0,0.004913335496383941,0.0
2026-06-01 10:00:00,2026-06-01,9,352.26015,381.1829748032551,294.6139902492805,510.7404193572297,0,0.012755355639351654,0.058333333333333334,0,0.00524507077800548,0.0
2026-06-01 11:00:00,2026-06-01,10,402.26015,388.454085905566,284.9230430203683,529.5081287907636,0,0.010230544432743937,0.025,0,0.01107975506952073,0.0
2026-06-01 12:00:00,2026-06-01,11,402.26015,387.1951837952904,258.54386371605005,521.6870238745308,0,0.009468493669189863,0.041666666666666664,0,0.0150089432801529,0.0
2026-06-01 13:00:00,2026-06-01,12,402.26015,409.2327857545348,262.5926843381381,509.5673771709317,0,0.002109105519720288,0.016666666666666666,0,0.07741146600956827,0.0
2026-06-01 14:00:00,2026-06-01,13,402.26015,426.71559638967886,332.41472969412024,572.4869030852376,0,0.0006952528853101299,0.0,0,0.08740986374746873,0.041666666666666664
2026-06-01 15:00:00,2026-06-01,14,667.26015,463.3727306803159,331.1791247199741,597.9172566406577,0,0.0003767923849891444,0.0,1,0.1718927801227169,0.14166666666666666
2026-06-01 16:00:00,2026-06-01,15,667.26015,490.77441663198425,352.71321152364607,614.7844017403226,0,0.00020635153223756732,0.0,1,0.30251634656866316,0.4666666666666667
2026-06-01 17:00:00,2026-06-01,16,682.26015,536.151060871854,402.3908567960002,653.366914947708,0,0.0002289090235498264,0.0,1,0.4703997816770715,0.7916666666666666
2026-06-01 18:00:00,2026-06-01,17,1082.26015,617.9327803373374,384.4520703412823,894.2603103333926,0,0.0002667039302385767,0.0,1,0.7468057316551836,0.8666666666666667
2026-06-01 19:00:00,2026-06-01,18,1112.26015,714.5640287286694,387.7781282559073,1057.4601792014314,0,0.00034234209082716267,0.0,1,0.8172269492534855,0.9666666666666667
2026-06-01 20:00:00,2026-06-01,19,901.26015,628.6763047040994,464.8308318256025,821.6474675825964,0,0.0002543104248396261,0.0,1,0.6861110885800463,0.875
2026-06-01 21:00:00,2026-06-01,20,682.26015,530.4007207897328,436.0201695960821,635.2084619833835,0,0.0002778358562633603,0.0,1,0.5458680611036346,0.7166666666666667
2026-06-01 22:00:00,2026-06-01,21,672.26015,464.55741879414535,382.1574783157135,544.3387692725772,0,0.0002895791735809008,0.0,1,0.2790967458350307,0.2
2026-06-01 23:00:00,2026-06-01,22,472.26015,437.0005717301085,345.05875444886533,522.4007790113517,0,0.0010436646146608968,0.0,0,0.1764764151909751,0.1
2026-06-02 00:00:00,2026-06-01,23,399.80252,352.5551721151358,208.3837028383992,528.4900613918724,0,0.14330852210368428,0.08333333333333333,0,0.24015362274664773,0.03333333333333333
2026-06-02 01:00:00,2026-06-02,0,399.80252,399.3969952016749,308.24659452425544,506.3528858790944,0,0.09102981258612153,0.05,0,0.0034579710292457254,0.0
2026-06-02 02:00:00,2026-06-02,1,399.80252,398.7363554148308,275.41155518513693,481.2895556445248,0,0.10056257193737221,0.075,0,0.003130457656518763,0.0
2026-06-02 03:00:00,2026-06-02,2,399.80252,398.2299437652323,296.7794715954321,486.8490759350325,0,0.09439619888997616,0.08333333333333333,0,0.003130457656518763,0.0
2026-06-02 04:00:00,2026-06-02,3,404.80252,399.3546319193744,291.84870837926616,498.7080654594826,0,0.09134645931217235,0.06666666666666667,0,0.002489035173891781,0.0
2026-06-02 05:00:00,2026-06-02,4,469.80252,402.8524345075398,277.45547500187416,464.0478840132055,0,0.046199264722825706,0.025,0,0.003936855959170346,0.025
2026-06-02 06:00:00,2026-06-02,5,404.80252,413.76799698998286,296.8047432871673,528.3405106927985,0,0.05635118490384947,0.03333333333333333,0,0.00307211295737293,0.0
2026-06-02 07:00:00,2026-06-02,6,399.80252,414.1540784410729,308.2381924584032,533.9858044237426,0,0.04693617810018826,0.075,0,0.0024600406825858413,0.0
2026-06-02 08:00:00,2026-06-02,7,354.80252,419.2764520150584,286.3197913685176,532.6933526615993,0,0.04424580045722592,0.125,0,0.0024600406825858413,0.0
2026-06-02 09:00:00,2026-06-02,8,354.80252,432.280961022973,322.8254599558088,545.8583320901372,0,0.06056597455178821,0.09166666666666666,0,0.0032236363372753142,0.0
2026-06-02 10:00:00,2026-06-02,9,399.80252,452.83055079484336,356.41152624086874,572.773445348818,0,0.02944261644193608,0.058333333333333334,0,0.003607875950425672,0.0
2026-06-02 11:00:00,2026-06-02,10,399.80252,467.3957832707692,311.8768703855715,536.4243261559669,0,0.009527428498806154,0.025,0,0.004233107134401011,0.0
2026-06-02 12:00:00,2026-06-02,11,399.80252,486.9469219227656,334.2531618435252,542.753722002006,0,0.013088639636338242,0.03333333333333333,0,0.023390379294017438,0.0
2026-06-02 13:00:00,2026-06-02,12,399.80252,515.9074007040217,350.229319287625,585.6075421204184,0,0.0015340761376831022,0.008333333333333333,0,0.0642170298178974,0.008333333333333333
2026-06-02 14:00:00,2026-06-02,13,469.80252,555.129387124463,451.1185204289044,670.0433238200218,0,0.0009877774370470659,0.0,0,0.06630921770217245,0.08333333333333333
2026-06-02 15:00:00,2026-06-02,14,664.80252,644.7471970718495,500.2302570727565,780.8369570709424,0,0.0005242876583652686,0.0,1,0.43286808522148895,0.7083333333333334
2026-06-02 16:00:00,2026-06-02,15,669.80252,662.3045055964518,532.4362065516667,783.632234641237,0,0.0005243087006749137,0.0,1,0.4663102781963489,0.8583333333333333
2026-06-02 17:00:00,2026-06-02,16,679.80252,731.1559541451527,640.480854424888,958.0750538654172,0,0.0005146195237243587,0.0,1,0.6308744576674031,0.925
2026-06-02 18:00:00,2026-06-02,17,897.80252,945.5463841038752,639.7373474026544,1461.878920805096,0,0.0003165786505054247,0.0,1,0.8236660093761261,0.975
2026-06-02 19:00:00,2026-06-02,18,1079.80252,1013.528629850882,533.2342392565,1630.5978604452634,0,0.0003652927786860629,0.0,1,0.8298340109011432,0.9916666666666667
2026-06-02 20:00:00,2026-06-02,19,898.80252,886.0469182488744,622.5732203149814,1314.6316561827675,0,0.00030687990111258573,0.0,1,0.7997637435566092,0.9583333333333334
2026-06-02 21:00:00,2026-06-02,20,679.80252,697.2022974947675,587.8882298307685,952.4815151587665,0,0.0005528542824792745,0.0,1,0.5981149574495153,0.8583333333333333
2026-06-02 22:00:00,2026-06-02,21,664.80252,608.1375357857523,530.7766629189698,733.3877586525349,0,0.0009626198873832108,0.0,1,0.3735451773987912,0.5166666666666667
2026-06-02 23:00:00,2026-06-02,22,659.80252,514.4144950963864,420.56382781514327,656.3280023776296,0,0.001459692607939978,0.0,1,0.11940731609123956,0.08333333333333333
2026-06-03 00:00:00,2026-06-02,23,422.63257,398.445175130406,222.48913585366944,592.2613844071425,0,0.15306039247853304,0.11666666666666667,0,0.044919148198084104,0.025
2026-06-03 01:00:00,2026-06-03,0,477.63257,422.5562845839662,329.782541330089,547.4735278378434,0,0.12058212389918087,0.025,0,0.00487503609697448,0.0
2026-06-03 02:00:00,2026-06-03,1,477.63257,422.1886019356285,306.50225026936323,506.67633360189376,0,0.10909765966557525,0.05,0,0.004413903292302468,0.0
2026-06-03 03:00:00,2026-06-03,2,422.63257,422.2868210750569,328.64495890525666,514.491043244857,0,0.11686276403820857,0.06666666666666667,0,0.004481910490707318,0.0
2026-06-03 04:00:00,2026-06-03,3,422.63257,423.2039396345808,322.22459609447253,529.2446131746891,0,0.11375356397924218,0.041666666666666664,0,0.004768574983463724,0.0
2026-06-03 05:00:00,2026-06-03,4,552.63257,430.1506298712128,284.1493782959969,495.3414814464288,0,0.06229645250760418,0.025,0,0.0043560849642710715,0.025
2026-06-03 06:00:00,2026-06-03,5,477.63257,445.5874537794597,300.5904500766441,549.9172774822753,0,0.05345461928450792,0.025,0,0.004998271918434876,0.0
2026-06-03 07:00:00,2026-06-03,6,422.63257,447.8937451993646,326.32283921669494,550.1995111820344,0,0.04977282664672952,0.058333333333333334,0,0.003567698400030135,0.0
2026-06-03 08:00:00,2026-06-03,7,477.63257,457.1052165176882,339.1193619766962,550.29097105868,0,0.07928249801558068,0.08333333333333333,0,0.0053094807182008825,0.0
2026-06-03 09:00:00,2026-06-03,8,422.63257,466.127307618385,365.5560965512208,553.3862986855491,0,0.07046838377290278,0.08333333333333333,0,0.004004397057327327,0.0
2026-06-03 10:00:00,2026-06-03,9,477.63257,487.20846600625873,391.74568145228415,578.4067105602334,0,0.014286826870004366,0.058333333333333334,0,0.004612909297808699,0.0
2026-06-03 11:00:00,2026-06-03,10,477.63257,497.4007829510979,358.27534006590025,573.6493258362955,0,0.011237289723512699,0.025,0,0.003723725152898089,0.0
2026-06-03 12:00:00,2026-06-03,11,477.63257,504.8084780432639,364.5042879640235,572.7669681225043,0,0.011747899420793986,0.03333333333333333,0,0.01587446175713414,0.0
2026-06-03 13:00:00,2026-06-03,12,552.63257,531.1827947264244,397.0872433100275,613.9790461428211,0,0.003887929292987912,0.008333333333333333,0,0.031211009886587513,0.0
2026-06-03 14:00:00,2026-06-03,13,552.63257,577.9717022920622,475.4444415473031,664.6767130368213,0,0.001537320119612181,0.0,0,0.04608306909790124,0.058333333333333334
2026-06-03 15:00:00,2026-06-03,14,552.63257,653.4375646509072,519.8053486905654,765.150750611249,0,0.0006002825016394662,0.0,0,0.4121152020397471,0.48333333333333334
2026-06-03 16:00:00,2026-06-03,15,667.63257,659.9633568303625,559.1880577855773,799.0329158751475,0,0.00026380751184568125,0.0,1,0.521907676732475,0.6916666666666667
2026-06-03 17:00:00,2026-06-03,16,667.63257,694.3066023646875,611.8961282888337,867.2419064405412,0,0.00026380751184568125,0.0,1,0.5906277528796668,0.7916666666666666
2026-06-03 18:00:00,2026-06-03,17,901.63257,906.8644812271168,692.456494525896,1273.9062179283374,0,0.0002737868627636475,0.0,1,0.8252103624695695,0.95
2026-06-03 19:00:00,2026-06-03,18,1082.63257,1020.5219733438114,654.7431927494295,1469.6883539381934,0,0.0003165786505054247,0.0,1,0.8317259128186473,0.975
2026-06-03 20:00:00,2026-06-03,19,901.63257,897.544671374325,665.429403440432,1234.9670793082178,0,0.0002824443099307584,0.0,1,0.7932050272309465,0.95
2026-06-03 21:00:00,2026-06-03,20,692.63257,701.228240230924,558.6780125669251,932.4493078949228,0,0.00028201060735308435,0.0,1,0.5693255969300768,0.775
2026-06-03 22:00:00,2026-06-03,21,552.63257,604.4736455159193,476.6071226491367,714.188268382702,0,0.0005186567497497651,0.0,0,0.41074381456603676,0.24166666666666667
2026-06-03 23:00:00,2026-06-03,22,477.63257,551.8144354214559,426.9877543011797,656.212316541732,0,0.0026477703270334535,0.0,0,0.21093779232146234,0.10833333333333334
2026-06-04 00:00:00,2026-06-03,23,414.08495,415.8967671463449,274.25423786960835,602.3503764230816,0,0.1252165680991714,0.11666666666666667,0,0.09472476477663826,0.025
2026-06-04 01:00:00,2026-06-04,0,414.08495,413.9978688708789,322.8980567613861,489.2508109803717,0,0.0839313805654467,0.016666666666666666,0,0.009913781948816694,0.0
2026-06-04 02:00:00,2026-06-04,1,414.08495,413.9810564293373,328.4312584161166,475.0786444425581,0,0.08584223627793995,0.016666666666666666,0,0.00942983217808305,0.0
2026-06-04 03:00:00,2026-06-04,2,414.08495,413.90717884990113,350.6877473682443,501.244090331558,0,0.05973882944985341,0.025,0,0.004406666020749219,0.0
2026-06-04 04:00:00,2026-06-04,3,414.08495,414.515512967618,335.6247422569035,498.3186936783324,0,0.05723934916904806,0.008333333333333333,0,0.0033011333976249607,0.0
2026-06-04 05:00:00,2026-06-04,4,414.08495,419.6209690727318,324.0390363430964,533.4990818023672,0,0.0058279319509893426,0.008333333333333333,0,0.011711462026415246,0.03333333333333333
2026-06-04 06:00:00,2026-06-04,5,414.08495,410.7472502535562,346.7870465507407,549.2203339563719,0,0.041223823004247075,0.03333333333333333,0,0.006346505287918021,0.0
2026-06-04 07:00:00,2026-06-04,6,414.08495,406.9675107029941,334.73524472032443,524.0053166856638,0,0.041034637859891525,0.06666666666666667,0,0.0034040312816405595,0.0
2026-06-04 08:00:00,2026-06-04,7,414.08495,403.58171064805225,316.1235261070603,506.4598851890442,0,0.07055242302716958,0.15,0,0.005703626122317269,0.0
2026-06-04 09:00:00,2026-06-04,8,414.08495,398.6810587150386,292.04940764787443,505.2955297822028,0,0.0282791009543188,0.175,0,0.0034261144607864026,0.0
2026-06-04 10:00:00,2026-06-04,9,414.08495,412.4352944571973,297.5262999032227,516.0243490111718,0,0.03372998729881402,0.14166666666666666,0,0.004634809157484087,0.0
2026-06-04 11:00:00,2026-06-04,10,414.08495,422.6949439572783,302.9601310720807,506.16553684247606,0,0.025552810115871523,0.075,0,0.004040170283819056,0.0
2026-06-04 12:00:00,2026-06-04,11,414.08495,447.44215034230143,312.5025902630611,536.9747404215418,0,0.03258423285162,0.05,0,0.015467780704838667,0.0
2026-06-04 13:00:00,2026-06-04,12,414.08495,482.20806354154746,351.1038021251508,572.5485049579441,0,0.0006752422024679404,0.016666666666666666,0,0.08930576039187488,0.0
2026-06-04 14:00:00,2026-06-04,13,414.08495,518.9751473838501,428.4346260957108,617.5662686719895,0,0.00046989937403231404,0.0,0,0.18035922722423892,0.05
2026-06-04 15:00:00,2026-06-04,14,483.08495,573.0286709614893,452.80093500114754,683.1648069218311,0,0.0003057661986712426,0.0,0,0.3713506329076829,0.43333333333333335
2026-06-04 16:00:00,2026-06-04,15,613.08495,607.6190382155196,477.6159991707344,685.0106572603047,0,0.0003175490118588353,0.0,1,0.5408481172368418,0.8166666666666667
2026-06-04 17:00:00,2026-06-04,16,613.08495,650.4950555774321,561.7853165197791,815.2853446350852,0,0.0003140433637556303,0.0,1,0.6397262152504519,0.8583333333333333
2026-06-04 18:00:00,2026-06-04,17,902.08495,858.9607622132158,615.805525511995,1241.7634989144367,0,0.0003514669291935224,0.0,1,0.8190390780096548,0.975
2026-06-04 19:00:00,2026-06-04,18,1083.08495,969.7533802448952,584.9465596505132,1426.383220839277,0,0.0004323472879038981,0.0,1,0.8264684573333769,0.9833333333333333
2026-06-04 20:00:00,2026-06-04,19,902.08495,866.0532364065167,658.6198984726237,1136.9140743404096,0,0.00033371054912565866,0.0,1,0.7898208062382515,0.9666666666666667
2026-06-04 21:00:00,2026-06-04,20,693.08495,668.7903215863951,566.2352939223962,799.6899292503941,0,0.0003224328680501209,0.0,1,0.7467272810401164,0.8666666666666667
2026-06-04 22:00:00,2026-06-04,21,613.08495,539.4778436285291,421.1392207617465,631.6612964953117,0,0.0005367534522129985,0.0,1,0.2663942299812862,0.225
2026-06-04 23:00:00,2026-06-04,22,483.08495,482.2583593895824,364.6000182693063,621.6480005098584,0,0.0008133146980149591,0.008333333333333333,0,0.14211149057384243,0.06666666666666667
2026-06-05 00:00:00,2026-06-04,23,481.29214,424.0123823290005,281.25205305226393,555.9616116057371,0,0.05903837060139973,0.06666666666666667,0,0.04078224232578228,0.03333333333333333
2026-06-05 01:00:00,2026-06-05,0,481.29214,480.4029295038995,418.4640008483,547.8161781594991,0,0.03101687615649419,0.008333333333333333,0,0.012177909772676373,0.0
2026-06-05 02:00:00,2026-06-05,1,481.29214,479.51363649822304,394.9711491881832,536.1912238082629,0,0.03528533580921176,0.0,0,0.009003978728208205,0.0
2026-06-05 03:00:00,2026-06-05,2,481.29214,478.0570187581229,422.4056965958228,547.8241609204232,0,0.038149621921775914,0.016666666666666666,0,0.003535252852696401,0.0
2026-06-05 04:00:00,2026-06-05,3,512.29214,477.6087554605061,412.015618334324,546.6436925866883,0,0.036518354200069714,0.008333333333333333,0,0.0026924744412236473,0.0
2026-06-05 05:00:00,2026-06-05,4,512.29214,476.9121690191238,385.5638862894884,565.2395317487593,0,0.017657541592348728,0.008333333333333333,0,0.003636550038638855,0.03333333333333333
2026-06-05 06:00:00,2026-06-05,5,512.29214,428.9298662702876,347.87584256747203,520.3873499731031,0,0.052069438260433754,0.03333333333333333,0,0.0045678397082675294,0.008333333333333333
2026-06-05 07:00:00,2026-06-05,6,512.29214,424.5873824266794,350.1639864440097,521.1203984093491,0,0.0465625368733255,0.06666666666666667,0,0.003597997727868704,0.0
2026-06-05 08:00:00,2026-06-05,7,512.29214,423.66863703331296,349.050412492321,514.2245815743048,0,0.042776917998259494,0.125,0,0.003618212252876876,0.0
2026-06-05 09:00:00,2026-06-05,8,512.29214,424.0194928409401,327.0925517737759,520.5361639081043,0,0.04510787761308592,0.15833333333333333,0,0.0027972754030453524,0.0
2026-06-05 10:00:00,2026-06-05,9,512.29214,424.1888122615418,325.1314177075672,514.7988068155163,0,0.04510787761308592,0.13333333333333333,0,0.0027454245717206333,0.0
2026-06-05 11:00:00,2026-06-05,10,512.29214,434.54762696532606,328.5719340801284,518.1923198505237,0,0.044286609612580775,0.09166666666666666,0,0.0026375717272912208,0.0
2026-06-05 12:00:00,2026-06-05,11,512.29214,448.8334506631217,331.20576058388133,536.7463607423622,0,0.034978456335631486,0.09166666666666666,0,0.004687494257551935,0.0
2026-06-05 13:00:00,2026-06-05,12,666.29214,461.9975430152751,334.7345215988784,535.7797844316718,0,0.012176629138169035,0.041666666666666664,1,0.004831513538635588,0.0
2026-06-05 14:00:00,2026-06-05,13,900.29214,478.5089478080192,387.4559211124605,572.3147845035779,0,0.008425889461841097,0.016666666666666666,1,0.00877055802236038,0.008333333333333333
2026-06-05 15:00:00,2026-06-05,14,712.29214,510.5356337166401,402.4336877562983,616.3691596769819,0,0.00037907884737950573,0.008333333333333333,1,0.13010326338657605,0.041666666666666664
2026-06-05 16:00:00,2026-06-05,15,712.29214,539.012614660932,429.7022056161467,658.9566237057171,0,0.000495130014398448,0.0,1,0.2595034746472195,0.1
2026-06-05 17:00:00,2026-06-05,16,900.29214,567.9674711418862,472.4278242477224,742.4578180360502,0,0.0004185155956802905,0.0,1,0.30505856225863487,0.19166666666666668
2026-06-05 18:00:00,2026-06-05,17,961.29214,788.0652625599466,537.672515858726,1145.6669592611674,0,0.0002741367804995133,0.0,1,0.7854050612502409,0.9166666666666666
2026-06-05 19:00:00,2026-06-05,18,961.29214,889.4781513228522,539.1537407284703,1312.0783319172342,0,0.00031642816711097995,0.0,1,0.8224080106277908,0.9666666666666667
2026-06-05 20:00:00,2026-06-05,19,941.29214,799.3011204397837,621.1327825058906,1047.8866983736768,0,0.00026792954033325983,0.0,1,0.6649297582168193,0.9083333333333333
2026-06-05 21:00:00,2026-06-05,20,900.29214,629.2243011746533,544.4963272439866,767.5054351053202,0,0.00048083128055073464,0.0,1,0.4876572552694742,0.5333333333333333
2026-06-05 22:00:00,2026-06-05,21,691.29214,545.9412129981504,452.8008501313678,658.672365864933,0,0.004002836992333091,0.0,1,0.1834274197276339,0.14166666666666666
2026-06-05 23:00:00,2026-06-05,22,666.29214,498.3629732766334,403.9754721563573,628.7474143969094,0,0.005133667445065846,0.0,1,0.04576614603102576,0.05
2026-06-06 00:00:00,2026-06-05,23,382.8563,475.0106848573086,249.71423558057205,657.4986541340452,0,0.025657864917400665,0.05,0,0.028797361674178158,0.058333333333333334
2026-06-06 01:00:00,2026-06-06,0,382.8563,382.6770017051283,321.05186724936016,552.4463661608963,1,0.0179081432149715,0.016666666666666666,0,0.00944962073251861,0.0
2026-06-06 02:00:00,2026-06-06,1,496.8563,382.7383444969676,341.0489871869277,533.0383618070074,0,0.043717785122740015,0.016666666666666666,0,0.008019517107892424,0.0
2026-06-06 03:00:00,2026-06-06,2,496.8563,383.030328131556,379.6662959692558,491.82486029385615,0,0.056944775265694705,0.025,0,0.004910617566417507,0.0
2026-06-06 04:00:00,2026-06-06,3,496.8563,382.8775739792746,375.0183368530924,460.1897511054567,0,0.060025481154921574,0.008333333333333333,0,0.005802520339263602,0.0
2026-06-06 05:00:00,2026-06-06,4,496.8563,389.414753831432,336.5885611017966,487.0089065610674,0,0.04296361017820513,0.008333333333333333,0,0.006322790659600522,0.03333333333333333
2026-06-06 06:00:00,2026-06-06,5,496.8563,353.1616660318233,296.62660232900777,412.8226097346389,0,0.10244794823154342,0.05,0,0.005624267844344125,0.0
2026-06-06 07:00:00,2026-06-06,6,591.8563,339.8225272281847,295.4227812455149,412.19005321085433,0,0.11254024859093066,0.09166666666666666,0,0.006396723992331655,0.0
2026-06-06 08:00:00,2026-06-06,7,591.8563,327.95813854600914,259.1838340050172,369.0011730870011,0,0.11309842583197262,0.175,0,0.006630395706164486,0.0
2026-06-06 09:00:00,2026-06-06,8,591.8563,332.06002581119,236.30875474402575,384.0590568783541,0,0.10857044784887904,0.225,0,0.006842227016496095,0.0
2026-06-06 10:00:00,2026-06-06,9,496.8563,346.33956138323856,243.65943682926397,420.91942593721313,0,0.11784463725537027,0.15,0,0.005842003240137681,0.0
2026-06-06 11:00:00,2026-06-06,10,591.8563,356.58602139833425,238.0878785131366,451.22146428353193,0,0.10365892494785502,0.09166666666666666,0,0.005399383212873242,0.0
2026-06-06 12:00:00,2026-06-06,11,591.8563,394.13456717568056,252.65778709644016,468.50468725492095,0,0.045287270350659534,0.075,0,0.011234897211510777,0.0
2026-06-06 13:00:00,2026-06-06,12,496.8563,422.6014238052853,300.25013494841346,514.1023026621573,0,0.035336520049084066,0.025,0,0.06558567466007967,0.008333333333333333
2026-06-06 14:00:00,2026-06-06,13,591.8563,485.15608029176303,404.9612148987696,561.0755956847565,0,0.013093895930747326,0.0,0,0.0817017787536255,0.1
2026-06-06 15:00:00,2026-06-06,14,591.8563,492.8649393019471,417.14444930285407,585.8828993010401,0,0.00040228652684632353,0.0,0,0.28553356447413375,0.15833333333333333
2026-06-06 16:00:00,2026-06-06,15,591.8563,513.2107194186452,425.4495599645174,598.2247988727728,0,0.00040228652684632353,0.0,0,0.3649743999160422,0.44166666666666665
2026-06-06 17:00:00,2026-06-06,16,666.8563,590.9406802224885,548.518176011582,690.232844433395,0,0.00035492004630433796,0.0,0,0.5418468429395906,0.85
2026-06-06 18:00:00,2026-06-06,17,711.8563,797.4401104437927,633.169533742572,994.9571471450136,0,0.0003899571241139534,0.0,0,0.7775239049541421,0.975
2026-06-06 19:00:00,2026-06-06,18,721.8563,844.5047499088598,632.3058193144778,1074.0995705032417,0,0.00037912071998284677,0.0,0,0.7775239049541421,0.9833333333333333
2026-06-06 20:00:00,2026-06-06,19,711.8563,786.4018501325403,686.6868772540433,879.8367430110374,0,0.00040228652684632353,0.0,0,0.7121642500237116,0.9666666666666667
2026-06-06 21:00:00,2026-06-06,20,666.8563,680.562943627669,566.5180696970021,760.6092375583358,0,0.0004303569170260586,0.0,0,0.6900531631125483,0.9583333333333334
2026-06-06 22:00:00,2026-06-06,21,711.8563,556.5981372753652,439.7698144085826,673.3729601421478,0,0.0005133773203838624,0.0,0,0.4141667960790106,0.7833333333333333
2026-06-06 23:00:00,2026-06-06,22,666.8563,487.3732537443549,367.3981633070607,619.0718541816491,0,0.0011468587330244746,0.0,0,0.286235836930881,0.175
2026-06-07 00:00:00,2026-06-06,23,416.49967,405.35739900905406,192.16362973231756,548.6434082857907,0,0.04814637286176838,0.06666666666666667,0,0.08988402520795832,0.05
2026-06-07 01:00:00,2026-06-07,0,416.49967,416.7524480555023,325.0636205612727,532.4758055497318,0,0.02920743878395015,0.025,0,0.002402516994488464,0.0
2026-06-07 02:00:00,2026-06-07,1,416.49967,416.84494204134376,338.7307047313039,520.4723793513837,0,0.07915376714656003,0.016666666666666666,0,0.0012398284539727584,0.0
2026-06-07 03:00:00,2026-06-07,2,416.49967,417.0870762447156,368.0470244102941,515.9869280791371,0,0.07915376714656003,0.025,0,0.001213170660404059,0.0
2026-06-07 04:00:00,2026-06-07,3,416.49967,416.93504157979487,347.0030708690804,462.4173522905093,0,0.09666868143169943,0.008333333333333333,0,0.001213170660404059,0.0
2026-06-07 05:00:00,2026-06-07,4,376.49967,423.92913861428406,319.5523008171828,504.1229564113853,0,0.055338751146905896,0.008333333333333333,0,0.0012673695025767885,0.03333333333333333
2026-06-07 06:00:00,2026-06-07,5,376.49967,412.4524265130167,308.9973752070432,472.8575778189902,0,0.10944776718767336,0.03333333333333333,0,0.0011693652954731177,0.008333333333333333
2026-06-07 07:00:00,2026-06-07,6,254.97967,396.8736236764977,312.0087791725596,472.7374081804358,1,0.12317721729465425,0.058333333333333334,0,0.0018538059274555816,0.0
2026-06-07 08:00:00,2026-06-07,7,376.49967,396.6937894414967,310.1080156542547,445.3909432287387,0,0.1294125673642608,0.14166666666666666,0,0.0018781961976268786,0.0
2026-06-07 09:00:00,2026-06-07,8,201.49967,392.6983037828386,289.6128952631326,429.5053223025446,1,0.14526503232068827,0.175,0,0.0019384980592081712,0.0
2026-06-07 10:00:00,2026-06-07,9,254.97967,401.5993609798246,299.85707233390536,451.6942496257439,1,0.12840875195826992,0.14166666666666666,0,0.001192071189478536,0.0
2026-06-07 11:00:00,2026-06-07,10,247.68967,409.183634278828,317.3036753173595,459.3098932402965,1,0.12535051096047595,0.08333333333333333,0,0.002800650705517897,0.0
2026-06-07 12:00:00,2026-06-07,11,296.49967,451.93812079573513,340.6532824524182,507.2295791390521,0,0.053521666782354864,0.03333333333333333,0,0.007198012023945917,0.0
2026-06-07 13:00:00,2026-06-07,12,296.49967,449.6615524824084,356.0572736255365,527.4546813392802,0,0.0136940042168108,0.025,0,0.004465892374351244,0.0
2026-06-07 14:00:00,2026-06-07,13,376.49967,494.0655160379342,433.2359738074484,567.79037826842,0,0.007984246520247356,0.0,0,0.022049277021998635,0.041666666666666664
2026-06-07 15:00:00,2026-06-07,14,416.49967,524.83509040234,470.2733469101467,596.1864138945334,0,0.005612933595148788,0.0,0,0.07048772437352273,0.10833333333333334
2026-06-07 16:00:00,2026-06-07,15,666.49967,545.1859252105558,485.3920061657705,622.4439642553409,0,0.0007808755922061053,0.0,1,0.15745171006781525,0.3416666666666667
2026-06-07 17:00:00,2026-06-07,16,671.49967,589.3744456421457,553.0841337864613,642.5470074978301,0,0.0013090768813529862,0.0,1,0.24946871470772958,0.7166666666666667
2026-06-07 18:00:00,2026-06-07,17,701.49967,707.9937496867258,593.8918896906706,840.037759682781,0,0.0005395139378166799,0.0,1,0.772813339730691,0.8666666666666667
2026-06-07 19:00:00,2026-06-07,18,701.49967,730.91888827245,532.9824777996879,923.745278745212,0,0.0005846398137274621,0.0,1,0.774271899834708,0.9083333333333333
2026-06-07 20:00:00,2026-06-07,19,701.49967,713.6888872225067,631.60568307969,781.5808913653232,0,0.0005192773152417086,0.0,1,0.7530403110797299,0.8583333333333333
2026-06-07 21:00:00,2026-06-07,20,701.49967,655.6233226528132,599.030847759692,722.0087975459343,0,0.001120390827273458,0.0,1,0.6831912594677624,0.8583333333333333
2026-06-07 22:00:00,2026-06-07,21,671.49967,610.5775957226625,522.9655534843616,688.4448779609634,0,0.0005951879489224038,0.0,1,0.6332011818111217,0.8083333333333333
2026-06-07 23:00:00,2026-06-07,22,666.49967,547.5819789779274,430.25256348560015,647.3055944702547,0,0.0010730447079052561,0.0,1,0.32490289446452947,0.24166666666666667
2026-06-08 00:00:00,2026-06-07,23,293.68127,428.7610807365684,159.1853914598318,658.782070013305,0,0.030795602330548583,0.08333333333333333,0,0.03666206292671198,0.041666666666666664
2026-06-08 01:00:00,2026-06-08,0,293.68127,294.1121908823481,150.89788887002055,471.6665728946755,0,0.6276275709814417,0.16666666666666666,0,0.007768354161838625,0.0
2026-06-08 02:00:00,2026-06-08,1,293.68127,294.8144510225214,131.38520140807728,426.19463063696537,0,0.5989080885678192,0.18333333333333332,0,0.006018478289849255,0.0
2026-06-08 03:00:00,2026-06-08,2,293.68127,296.00740768579163,169.11292548946892,421.5686698821143,0,0.5842755317146979,0.19166666666666668,0,0.005296315129072745,0.0
2026-06-08 04:00:00,2026-06-08,3,293.68127,297.0836569896069,171.978936484139,396.4963174950748,0,0.6658225213560399,0.15833333333333333,0,0.005210170883813347,0.0
2026-06-08 05:00:00,2026-06-08,4,303.68127,305.61219918468856,138.12249138758736,398.9071569817896,0,0.3072040867185767,0.041666666666666664,0,0.005810946945005247,0.008333333333333333
2026-06-08 06:00:00,2026-06-08,5,303.68127,364.0649070856168,239.71167577964323,471.12341839159023,0,0.11805627660088147,0.0,0,0.005667377812765253,0.0
2026-06-08 07:00:00,2026-06-08,6,293.68127,360.4347918913803,252.7912263169636,484.014337465797,0,0.15901585396236764,0.025,0,0.005330026190719102,0.0
2026-06-08 08:00:00,2026-06-08,7,293.68127,372.2002816003932,250.9638478131513,451.5419953876352,0,0.05453702944973598,0.058333333333333334,0,0.00334596873922566,0.0
2026-06-08 09:00:00,2026-06-08,8,293.68127,375.7750834758588,240.42366106284996,441.6505058888677,0,0.03341832839732854,0.075,0,0.007216685566498361,0.0
2026-06-08 10:00:00,2026-06-08,9,293.68127,381.5279034017343,262.8007210450379,477.49295575843047,0,0.02265373463598774,0.058333333333333334,0,0.007526774478580794,0.0
2026-06-08 11:00:00,2026-06-08,10,253.68127,387.115217774356,260.298188823664,479.18994672504783,0,0.016776065933363022,0.016666666666666666,0,0.021945098634919155,0.0
2026-06-08 12:00:00,2026-06-08,11,303.68127,386.723532752144,234.36937388434063,450.63781161994734,0,0.01566471589523044,0.025,0,0.026733940679020678,0.0
2026-06-08 13:00:00,2026-06-08,12,363.68127,409.8761112402486,294.57449654911954,506.1123559313776,0,0.015726275456812832,0.008333333333333333,0,0.13910487309592126,0.0
2026-06-08 14:00:00,2026-06-08,13,363.68127,469.7374672217656,385.4015854993956,549.5324989441356,0,0.006270292869850911,0.0,0,0.1385274671556202,0.125
2026-06-08 15:00:00,2026-06-08,14,363.68127,516.4842626243426,460.9647296345481,588.893725614137,0,0.001623509738881341,0.0,0,0.5949774910765718,0.575
2026-06-08 16:00:00,2026-06-08,15,652.68127,560.497497575443,509.3513881213153,664.3170070295706,0,0.000963855152493019,0.0,1,0.7579262194127562,0.875
2026-06-08 17:00:00,2026-06-08,16,652.68127,593.625466766255,527.6123125553486,683.8458209771616,0,0.000981132273595093,0.0,1,0.7673029682706524,0.8916666666666667
2026-06-08 18:00:00,2026-06-08,17,703.68127,702.8777625173046,554.7181025212494,940.9223325133598,0,0.0009574956369618857,0.0,1,0.8728442440473225,0.9416666666666667
2026-06-08 19:00:00,2026-06-08,18,703.68127,760.5578690237755,516.154285770844,1054.3341722767072,0,0.00123246577740491,0.0,1,0.8801419295870666,0.9583333333333334
2026-06-08 20:00:00,2026-06-08,19,703.68127,697.9019221869692,588.3284180441526,859.5233263297857,0,0.0009574956369618857,0.0,1,0.8244999340452355,0.9166666666666666
2026-06-08 21:00:00,2026-06-08,20,668.68127,626.5655016131406,529.7767867200195,774.6447665062616,0,0.00110392846754901,0.0,1,0.8110303176277032,0.9166666666666666
2026-06-08 22:00:00,2026-06-08,21,652.68127,551.75913382845,403.55133159014906,689.7427260667508,0,0.001084491330216008,0.0,1,0.6825543828633805,0.825
2026-06-08 23:00:00,2026-06-08,22,652.68127,481.59122154499335,327.4050923356865,622.2847407543003,0,0.0012892031726757305,0.0,1,0.4046663532795693,0.325
2026-06-09 00:00:00,2026-06-08,23,205.07529,309.9163674503154,18.76629817357886,572.024796727052,1,0.4943907729780995,0.16666666666666666,0,0.07169686425328525,0.016666666666666666
2026-06-09 01:00:00,2026-06-09,0,205.07529,205.18466918369543,31.083363857047264,429.70928451034354,0,0.7593547726465458,1.0,0,0.003973447434497049,0.0
2026-06-09 02:00:00,2026-06-09,1,205.07529,205.93594400063307,16.46932381704315,363.16746418422304,0,0.8047802708249873,0.9916666666666667,0,0.0034603905930349257,0.0
2026-06-09 03:00:00,2026-06-09,2,205.07529,207.0543810094981,92.95138881317538,355.7069032058208,0,0.7861092691712303,1.0,0,0.0037611375945125493,0.0
2026-06-09 04:00:00,2026-06-09,3,205.07529,209.134348828343,79.06930832287512,308.1755893338109,0,0.7691141534257434,0.9833333333333333,0,0.004464774053691672,0.0
2026-06-09 05:00:00,2026-06-09,4,245.07529,220.99057094351977,66.25485821388438,331.6027836731553,0,0.28966158994770264,0.9416666666666667,0,0.010057199430050892,0.0
2026-06-09 06:00:00,2026-06-09,5,245.07529,406.6661572878521,270.15481598187864,509.01261859382566,0,0.21218133912838608,0.0,0,0.003378972966843033,0.008333333333333333
2026-06-09 07:00:00,2026-06-09,6,245.07529,405.6015780870433,288.5041525126266,530.3168036614601,0,0.3041533453484086,0.016666666666666666,0,0.004389925440699725,0.0
2026-06-09 08:00:00,2026-06-09,7,245.07529,417.7606553504876,295.3471815632456,517.4474591377295,0,0.1232745146924809,0.041666666666666664,0,0.004603478590241503,0.0
2026-06-09 09:00:00,2026-06-09,8,229.55529,429.6877508061126,306.6742283931037,529.3697632191215,0,0.1414002756428861,0.06666666666666667,0,0.004790820486981176,0.0
2026-06-09 10:00:00,2026-06-09,9,245.07529,433.2840531970113,320.0253308403149,574.8825255537076,0,0.09335050242436724,0.041666666666666664,0,0.0062749722075705755,0.0
2026-06-09 11:00:00,2026-06-09,10,245.07529,461.5153839759636,319.65873210489457,609.3355858470327,0,0.040403140800662686,0.008333333333333333,0,0.010382523879408797,0.008333333333333333
2026-06-09 12:00:00,2026-06-09,11,245.07529,450.4170037764584,269.930634908655,586.5377626442618,0,0.034670047490948486,0.008333333333333333,0,0.020351082036454898,0.008333333333333333
2026-06-09 13:00:00,2026-06-09,12,245.07529,492.8441430455859,326.3973283544569,633.8745577367149,0,0.026423624831399952,0.0,0,0.10254401682376896,0.05
2026-06-09 14:00:00,2026-06-09,13,255.07529,547.6646031709339,404.9961058529942,664.9179704888736,0,0.002145426003788285,0.0,0,0.3017601082899311,0.15
2026-06-09 15:00:00,2026-06-09,14,670.07529,598.6433964047425,468.0380586232409,720.101864186244,0,0.0017217604534061435,0.0,1,0.4857192207929723,0.5416666666666666
2026-06-09 16:00:00,2026-06-09,15,673.07529,668.9856787116464,559.5276692575187,815.780988165774,0,0.002207365901261944,0.0,1,0.7048962092074575,0.925
2026-06-09 17:00:00,2026-06-09,16,695.07529,692.2028035523507,570.8778693414442,791.1030677632573,0,0.0021715025835436423,0.0,1,0.7185091364493335,0.9
2026-06-09 18:00:00,2026-06-09,17,715.07529,765.0662421268826,611.2234028553785,943.9071813983866,0,0.002307617035958772,0.0,1,0.8649917712712254,0.8916666666666667
2026-06-09 19:00:00,2026-06-09,18,1275.07529,817.3856201369558,579.6370168840242,1100.7763333898874,0,0.002333465902124768,0.0,1,0.8690519502613435,0.9416666666666667
2026-06-09 20:00:00,2026-06-09,19,1275.07529,779.8410898461666,625.83238570335,956.1775939889832,0,0.002202763968452698,0.0,1,0.8241533220207311,0.9166666666666666
2026-06-09 21:00:00,2026-06-09,20,1054.07529,706.368625921259,597.031811028138,843.6331408143801,0,0.002167064295103611,0.0,1,0.7762759507222328,0.9
2026-06-09 22:00:00,2026-06-09,21,670.07529,611.3791602011765,477.0206879628756,751.2478124394775,0,0.0024863533894730174,0.0,1,0.7152149223665061,0.7
2026-06-09 23:00:00,2026-06-09,22,268.10729,496.9724468898356,320.4719025829047,620.5024811967666,0,0.003215230454234018,0.008333333333333333,0,0.3921855399945963,0.15
2026-06-10 00:00:00,2026-06-09,23,176.82348,237.2954043882644,80.89980511152777,540.0879736650008,0,0.5443009712778882,0.8916666666666667,0,0.05154181649779093,0.0
2026-06-10 01:00:00,2026-06-10,0,176.82348,176.80613555552014,46.215040228872,343.23641088216823,0,0.39511011990576844,0.9166666666666666,0,0.004834587448890557,0.0
2026-06-10 02:00:00,2026-06-10,1,196.82348,176.9510467818401,80.07206659825015,360.0934669654299,0,0.42699127273167475,0.9166666666666666,0,0.005145964559347011,0.0
2026-06-10 03:00:00,2026-06-10,2,196.82348,176.9738430618247,134.397870865502,360.80609525814737,0,0.41732330999272294,0.9166666666666666,0,0.0021007871158785,0.0
2026-06-10 04:00:00,2026-06-10,3,196.82348,177.27607672679056,89.44493622132269,337.98529723225835,0,0.41252837441968826,0.9083333333333333,0,0.0021007871158785,0.0
2026-06-10 05:00:00,2026-06-10,4,196.82348,181.90385207250856,19.96183934287316,345.4872948021439,0,0.20557196427881255,0.8416666666666667,0,0.0065290305052899,0.008333333333333333
2026-06-10 06:00:00,2026-06-10,5,196.82348,220.67836426776745,99.94384244217244,456.7337600933624,0,0.3335136093087605,0.35833333333333334,0,0.004886616301986509,0.0
2026-06-10 07:00:00,2026-06-10,6,196.82348,233.33459079658263,125.79475653451291,528.3872450586523,0,0.22082549768594598,0.2,0,0.002742452457523826,0.0
2026-06-10 08:00:00,2026-06-10,7,196.82348,230.8963303037552,77.4661437372582,491.1021468702522,0,0.19243550817788063,0.25833333333333336,0,0.006068301164300568,0.0
2026-06-10 09:00:00,2026-06-10,8,196.82348,235.3774956133397,66.15750063684922,477.2058105898301,0,0.15857854091159213,0.3,0,0.002087096223847247,0.0
2026-06-10 10:00:00,2026-06-10,9,196.82348,244.78341710308405,67.79803277277024,485.1865014333979,0,0.10852944864330695,0.16666666666666666,0,0.0063228108759327524,0.0
2026-06-10 11:00:00,2026-06-10,10,196.82348,305.22442662543534,88.84341039444585,492.4118828564248,0,0.04663243717056387,0.008333333333333333,0,0.008355146955544368,0.0
2026-06-10 12:00:00,2026-06-10,11,196.82348,342.9673833654793,157.02622541432854,535.4617513166301,0,0.003939272632915219,0.008333333333333333,0,0.08790043681020761,0.0
2026-06-10 13:00:00,2026-06-10,12,196.82348,355.1176901330782,125.08668179570029,509.35601847045615,0,0.0008572272801705338,0.0,0,0.2176176800490399,0.058333333333333334
2026-06-10 14:00:00,2026-06-10,13,196.82348,413.7848285928511,217.262820507134,619.9280966785683,0,0.0008545719822300309,0.0,0,0.32860081868910046,0.4
2026-06-10 15:00:00,2026-06-10,14,516.82348,582.8483083952196,366.287220613718,883.4877561767212,0,0.0007779834250784515,0.0,1,0.7540736794579908,1.0
2026-06-10 16:00:00,2026-06-10,15,546.82348,643.8326620431947,409.539282589067,877.5603014973223,0,0.0007779834250784515,0.0,1,0.867528485953763,1.0
2026-06-10 17:00:00,2026-06-10,16,671.82348,688.9248258469738,485.6681316360674,943.7406400578805,0,0.0007779834250784515,0.0,1,0.8708051908016525,1.0
2026-06-10 18:00:00,2026-06-10,17,1276.82348,913.0051506054524,613.2162153244925,1361.7289258864123,0,0.0011434260233834394,0.0,1,0.9105257134967316,1.0
2026-06-10 19:00:00,2026-06-10,18,1276.82348,1302.9843778445425,611.5088273717804,1982.5755283173048,0,0.0011434260233834394,0.0,1,0.9105257134967316,1.0
2026-06-10 20:00:00,2026-06-10,19,742.02048,1229.720257303307,671.62214442481,1894.193370181804,0,0.0011434260233834394,0.0,1,0.8764931965565147,1.0
2026-06-10 21:00:00,2026-06-10,20,742.02048,917.0739777311588,579.805383800492,1365.7849516618255,0,0.0011471966781030833,0.0,1,0.8663132778061037,1.0
2026-06-10 22:00:00,2026-06-10,21,516.82348,570.0353700224291,382.2412877841282,887.7008822607299,0,0.0007779834250784515,0.0,1,0.8133755710501578,0.9916666666666667
2026-06-10 23:00:00,2026-06-10,22,196.82348,341.62968683011104,187.213877576626,564.893296083596,0,0.0027492955580920844,0.0,0,0.12833862999693152,0.18333333333333332
2026-06-11 00:00:00,2026-06-10,23,138.83873,209.91039049698668,82.07710122025009,569.9954897737232,0,0.30265813489210414,0.5833333333333334,0,0.041693345656147365,0.0
2026-06-11 01:00:00,2026-06-11,0,138.83873,138.7293492541378,57.99378575444578,354.80120275382967,1,0.277267292953287,0.10833333333333334,0,0.0031595392586012006,0.0
2026-06-11 02:00:00,2026-06-11,1,138.83873,138.77280426388515,87.16009494195396,297.0178435858163,1,0.297599373923467,0.125,0,0.011562941263438655,0.0
2026-06-11 03:00:00,2026-06-11,2,138.83873,138.89091040636106,116.46089870064878,258.47863211207334,1,0.3114723052925215,0.15833333333333333,0,0.011600809997588876,0.0
2026-06-11 04:00:00,2026-06-11,3,138.83873,139.21225652259153,67.38144641805053,226.1547566271325,1,0.2596221021683421,0.1,0,0.006467328119856205,0.0
2026-06-11 05:00:00,2026-06-11,4,208.83873,142.0447337091771,22.37741097954168,289.88184643881254,0,0.11141361237610557,0.03333333333333333,0,0.005169195195179388,0.016666666666666666
2026-06-11 06:00:00,2026-06-11,5,148.83873,172.9440555440199,70.49119971842491,344.6117913696149,0,0.016663454399953325,0.0,0,0.004716585597814301,0.0
2026-06-11 07:00:00,2026-06-11,6,138.83873,155.13192980684838,52.449015544778646,340.9426840689181,1,0.11561310988087775,0.058333333333333334,0,0.005267129635702941,0.0
2026-06-11 08:00:00,2026-06-11,7,138.83873,133.2728860871262,22.050324520629182,315.14733265362327,1,0.12906271358813196,0.25,0,0.009101370540398931,0.0
2026-06-11 09:00:00,2026-06-11,8,118.83873,122.93767059612148,-11.641054380369006,285.64391557261195,1,0.25554652531802063,0.6916666666666667,0,0.007448002930056917,0.0
2026-06-11 10:00:00,2026-06-11,9,138.83873,145.46898058440252,3.768486254088682,352.27598491471633,1,0.12960421679211065,0.16666666666666666,0,0.00499908051276414,0.0
2026-06-11 11:00:00,2026-06-11,10,208.83873,168.20175698547072,4.750630754481236,345.5847832164601,0,0.08246274519337915,0.05,0,0.008520921448470676,0.0
2026-06-11 12:00:00,2026-06-11,11,208.83873,178.60234294899593,15.16538499784514,306.2301909001467,0,0.007306725327938391,0.03333333333333333,0,0.0540995139823186,0.0
2026-06-11 13:00:00,2026-06-11,12,208.83873,186.12660563628705,11.077137298909149,341.20805397366496,0,0.006778556407314974,0.025,0,0.126905631706494,0.008333333333333333
2026-06-11 14:00:00,2026-06-11,13,548.83873,246.09541704670465,72.85602878455347,414.8153553088558,0,0.004765383688937292,0.0,1,0.27027213195762273,0.7583333333333333
2026-06-11 15:00:00,2026-06-11,14,548.83873,389.1946650002308,219.42721721872925,632.2177427817325,0,0.0008636102187188821,0.0,1,0.7753700803127224,1.0
2026-06-11 16:00:00,2026-06-11,15,608.83873,447.6712708065556,273.8409613524278,666.0198302606833,0,0.0008636102187188821,0.0,1,0.8637969733668251,1.0
2026-06-11 17:00:00,2026-06-11,16,673.83873,581.6550226676976,379.4227684567911,911.954576878604,0,0.0008636102187188821,0.0,1,0.8657440335568096,1.0
2026-06-11 18:00:00,2026-06-11,17,1157.83873,958.13858690182,606.8803247187774,1475.7674490848624,0,0.0008456114381985518,0.0,1,0.890010040933014,1.0
2026-06-11 19:00:00,2026-06-11,18,1278.83873,1126.3361985375286,516.2802880647665,1780.849549010291,0,0.0008456114381985518,0.0,1,0.890010040933014,1.0
2026-06-11 20:00:00,2026-06-11,19,1157.83873,931.921388074888,527.1065351963911,1442.459460953385,0,0.0008456114381985518,0.0,1,0.8520474077353689,1.0
2026-06-11 21:00:00,2026-06-11,20,743.96573,650.7910476367504,452.0522637060835,942.2214815674172,0,0.0008636102187188821,0.0,1,0.8448285601853462,1.0
2026-06-11 22:00:00,2026-06-11,21,608.83873,380.60338132181744,245.59418908351657,576.5396035601184,0,0.000777299748860546,0.0,1,0.8193654174108391,1.0
2026-06-11 23:00:00,2026-06-11,22,233.31873,244.0526591658576,93.0717599123725,423.5262684193426,0,0.0009690287902786548,0.0,0,0.5277587974999257,0.825
2026-06-12 00:00:00,2026-06-11,23,135.79209,157.37067740210205,-4.767451874634531,436.5085066788386,1,0.13801605213128665,0.11666666666666667,0,0.07478091265357868,0.03333333333333333
2026-06-12 01:00:00,2026-06-12,0,227.79209,135.77229814074536,31.108965392364315,271.86999688912647,0,0.578980251017389,0.8333333333333334,0,0.0016668645419491452,0.0
2026-06-12 02:00:00,2026-06-12,1,135.79209,135.77629297287683,54.31183813514401,289.35394081060963,1,0.5898418302741908,0.8416666666666667,0,0.0016668645419491452,0.0
2026-06-12 03:00:00,2026-06-12,2,227.79209,135.88093431469122,97.35794560897897,280.18766102040354,0,0.5755883780458944,0.8666666666666667,0,0.0018192874098454707,0.0
2026-06-12 04:00:00,2026-06-12,3,227.79209,135.83160036145637,67.80976695266958,254.01649877024315,0,0.5561364932620002,0.85,0,0.003583072662339771,0.0
2026-06-12 05:00:00,2026-06-12,4,307.79209,140.4427084953457,-0.3396442342897252,301.24653122498114,0,0.291877818821706,0.725,0,0.0031869169079965995,0.008333333333333333
2026-06-12 06:00:00,2026-06-12,5,227.79209,188.7385427384171,58.844366912822125,418.428098564012,0,0.13863354953652257,0.016666666666666666,0,0.002861977050141593,0.0
2026-06-12 07:00:00,2026-06-12,6,227.79209,177.48980303747334,43.93726746305661,421.0660986118901,0,0.2429589221563238,0.06666666666666667,0,0.0034779680769090964,0.0
2026-06-12 08:00:00,2026-06-12,7,227.79209,159.60139721052036,37.9838794232784,402.1841809977623,0,0.22132579775550376,0.31666666666666665,0,0.003715872354631756,0.0
2026-06-12 09:00:00,2026-06-12,8,135.79209,165.39523998382472,15.579245570815818,355.1009923968336,1,0.30712285577918225,0.3,0,0.0034025351883136103,0.0
2026-06-12 10:00:00,2026-06-12,9,227.79209,174.99787252702052,40.225930170324176,404.4035148837169,0,0.22511690716064825,0.16666666666666666,0,0.0033499590188121806,0.0
2026-06-12 11:00:00,2026-06-12,10,227.79209,214.44376757755504,15.594701346565545,421.1337138085444,0,0.05552928850174088,0.008333333333333333,0,0.005282900097906271,0.0
2026-06-12 12:00:00,2026-06-12,11,227.79209,234.4630208920385,21.64502294088772,389.6580088431891,0,0.0025713458548200477,0.008333333333333333,0,0.04242427461803474,0.0
2026-06-12 13:00:00,2026-06-12,12,227.79209,256.72122135689017,48.74066301951228,407.2035396942681,0,0.00043928836261508366,0.0,0,0.12914293912788588,0.058333333333333334
2026-06-12 14:00:00,2026-06-12,13,515.79209,384.7476385110239,198.82545535816277,623.047301663885,0,0.00042133821281702973,0.0,1,0.5947520388036663,0.9833333333333333
2026-06-12 15:00:00,2026-06-12,14,515.79209,478.3816712467845,272.2687434652829,748.9696590282861,0,0.0005291215379172897,0.0,1,0.798845443290611,1.0
2026-06-12 16:00:00,2026-06-12,15,545.79209,523.1044200592244,299.41157060509664,755.9319395133521,0,0.00046107547627296077,0.0,1,0.8057063557026312,1.0
2026-06-12 17:00:00,2026-06-12,16,670.79209,601.3022700383751,404.8583958274686,907.1284242492816,0,0.0005291215379172897,0.0,1,0.8055409745189253,1.0
2026-06-12 18:00:00,2026-06-12,17,740.00009,974.6507734460127,634.3850912629704,1490.0049656290553,0,0.0005260298099540775,0.0,1,0.8393763080090721,1.0
2026-06-12 19:00:00,2026-06-12,18,1275.79209,1180.13276254707,523.0132620743078,1866.555413019832,0,0.0005260298099540775,0.0,1,0.8393763080090721,1.0
2026-06-12 20:00:00,2026-06-12,19,1204.79209,1002.3509965672924,585.1395336887955,1593.3392594457896,0,0.0005260298099540775,0.0,1,0.7944141543136418,1.0
2026-06-12 21:00:00,2026-06-12,20,670.79209,646.5955666224984,408.05456172937727,1021.4004215156198,0,0.0005291215379172897,0.0,1,0.7850925477211083,1.0
2026-06-12 22:00:00,2026-06-12,21,545.79209,423.8803284278592,267.7755314647239,685.5307053909946,0,0.00042133821281702973,0.0,1,0.7526963621479293,0.9916666666666667
2026-06-12 23:00:00,2026-06-12,22,505.79209,275.6574321413275,150.10651288784243,539.4414113948125,0,0.0005627108270319563,0.0,1,0.30762683719610506,0.30833333333333335
2026-06-13 00:00:00,2026-06-12,23,500.46301,147.67472492976557,-45.920934346971,421.1268442065022,0,0.40704717334217083,0.5916666666666667,1,0.031626752523787306,0.0
2026-06-13 01:00:00,2026-06-13,0,500.46301,500.17476939688527,435.1904706485042,660.8513881452665,0,0.10238817824825133,0.008333333333333333,0,0.004845062179904102,0.016666666666666666
2026-06-13 02:00:00,2026-06-13,1,490.46301,500.00982067470943,420.83898283697664,635.7152885124423,0,0.1127069018968197,0.0,0,0.00872585567002122,0.0
2026-06-13 03:00:00,2026-06-13,2,490.46301,499.80112346239264,455.8439967566803,632.9444951681049,0,0.09486824490677802,0.0,0,0.003494915392153358,0.008333333333333333
2026-06-13 04:00:00,2026-06-13,3,490.46301,499.9307757712023,473.4717973624155,618.6157941799892,0,0.09524403796040035,0.0,0,0.003597592373344427,0.008333333333333333
2026-06-13 05:00:00,2026-06-13,4,490.46301,501.5269687819412,374.10548098484,617.7924965790423,0,0.19116405838535996,0.0,0,0.008286724356893102,0.09166666666666666
2026-06-13 06:00:00,2026-06-13,5,440.46301,325.7419293506132,161.71550352501822,459.9406751762082,0,0.49803277444420774,0.675,0,0.012626401613387968,0.0
2026-06-13 07:00:00,2026-06-13,6,349.46301,344.2008700745199,229.2343045001032,533.4535556489367,0,0.5049628747685251,0.5416666666666666,0,0.004762963843197114,0.0
2026-06-13 08:00:00,2026-06-13,7,349.46301,349.93772710290256,224.4373683156606,564.7197708901444,0,0.45862377891845985,0.4083333333333333,0,0.005077997640607327,0.0
2026-06-13 09:00:00,2026-06-13,8,222.46301,341.2053863741493,200.79521896114045,511.4397287871583,1,0.6852630474603757,0.7,0,0.008656732350708714,0.0
2026-06-13 10:00:00,2026-06-13,9,332.92001,355.3526192930808,191.92938693638447,528.3876916497771,1,0.6167826032901625,0.4166666666666667,0,0.0028363668522467843,0.0
2026-06-13 11:00:00,2026-06-13,10,349.46301,389.92638261348657,188.8800863824971,627.5520388444761,0,0.46324885247713427,0.18333333333333332,0,0.00433751370982188,0.0
2026-06-13 12:00:00,2026-06-13,11,349.46301,387.7723521115141,161.38504416036332,560.0050500626648,0,0.413652571524608,0.24166666666666667,0,0.008869863051345846,0.0
2026-06-13 13:00:00,2026-06-13,12,440.46301,393.9862370374019,179.388028700024,543.7299753747799,0,0.4308588477955863,0.175,0,0.006980053621160956,0.0
2026-06-13 14:00:00,2026-06-13,13,440.46301,469.95662104107714,288.735657888216,698.9925841939385,0,0.10004933168839017,0.03333333333333333,0,0.03700842141996338,0.025
2026-06-13 15:00:00,2026-06-13,14,502.46301,501.2839265395007,282.7124387579992,709.6298343210022,0,0.012658854363713414,0.008333333333333333,0,0.0860837738927415,0.05
2026-06-13 16:00:00,2026-06-13,15,550.46301,538.1585105431752,378.3500510890475,791.6602699973029,0,0.005104630584405876,0.0,0,0.16495295262655615,0.11666666666666667
2026-06-13 17:00:00,2026-06-13,16,550.46301,606.2272700715808,448.1799658606744,879.5979242824873,0,0.0013102070518927014,0.0,0,0.3890750868789446,0.35
2026-06-13 18:00:00,2026-06-13,17,1249.46301,788.1141025905926,504.96510802285417,1168.7515771583312,0,0.0010239475700570169,0.0,1,0.6153505303249662,0.8833333333333333
2026-06-13 19:00:00,2026-06-13,18,1249.46301,1043.9659394873008,581.1358462343692,1567.4687327402326,0,0.0020438557114413414,0.0,1,0.7374370169019433,0.9833333333333333
2026-06-13 20:00:00,2026-06-13,19,665.46301,953.3949965394208,594.3623436609238,1403.2995094179175,0,0.0015025874718843446,0.0,1,0.7188735813149211,0.9583333333333334
2026-06-13 21:00:00,2026-06-13,20,1270.46301,634.9524233541161,359.9689767422664,999.410869965966,0,0.0011528892149942028,0.0,1,0.5466814088597377,0.475
2026-06-13 22:00:00,2026-06-13,21,665.46301,537.5087264822256,334.65167951909035,816.264703445361,0,0.0019430089902269577,0.0,1,0.2036376178049529,0.13333333333333333
2026-06-13 23:00:00,2026-06-13,22,550.46301,489.79520043122415,361.2264411777391,706.4163596847092,0,0.003206605582059791,0.016666666666666666,0,0.12824478022738958,0.075
2026-06-14 00:00:00,2026-06-13,23,501.97868,448.278756911477,284.22919041398507,629.6136734089688,0,0.06022384639142949,0.10833333333333334,0,0.08093191928280183,0.05
2026-06-14 01:00:00,2026-06-14,0,501.97868,501.0902383661282,446.1964481896685,577.777998542588,0,0.02475117204379712,0.008333333333333333,0,0.014811295885868705,0.016666666666666666
2026-06-14 02:00:00,2026-06-14,1,501.97868,500.3908269082076,455.9330299728025,627.6972638436126,0,0.027039636236605893,0.0,0,0.011515272737110083,0.0
2026-06-14 03:00:00,2026-06-14,2,501.97868,499.75102484866335,479.3783684844904,591.4251912128364,0,0.026288727527417382,0.0,0,0.01284490640669961,0.008333333333333333
2026-06-14 04:00:00,2026-06-14,3,441.97868,498.8778280488212,467.6913904155596,520.8473756820825,0,0.017171537705682263,0.0,0,0.009035343550355568,0.008333333333333333
2026-06-14 05:00:00,2026-06-14,4,441.97868,498.5190557616393,393.0424579645381,544.1912735587405,0,0.02669288581643027,0.0,0,0.0051208149784248164,0.08333333333333333
2026-06-14 06:00:00,2026-06-14,5,226.97868,396.7920651312785,302.5817193056835,469.5027309568734,1,0.10196240630028705,0.075,0,0.020724013022754385,0.0
2026-06-14 07:00:00,2026-06-14,6,226.97868,366.4910397440822,284.4300541696654,480.8587853184989,1,0.26622266724066806,0.20833333333333334,0,0.011218778594156273,0.0
2026-06-14 08:00:00,2026-06-14,7,223.97868,359.22140933757663,290.03261555033464,450.42113312481865,1,0.36795002975736646,0.31666666666666665,0,0.010792488657033163,0.0
2026-06-14 09:00:00,2026-06-14,8,222.47868,335.5777200764165,232.4554576634076,394.55068248942536,1,0.3699556208094606,0.7583333333333333,0,0.011542837781310291,0.0
2026-06-14 10:00:00,2026-06-14,9,223.97868,355.192500225418,269.9252678687216,424.4612525821143,1,0.3128786217556624,0.43333333333333335,0,0.008039581491056293,0.0
2026-06-14 11:00:00,2026-06-14,10,223.97868,376.81644747706224,257.4715512460728,500.6016437080517,1,0.33772048147466355,0.225,0,0.010220485996702377,0.0
2026-06-14 12:00:00,2026-06-14,11,223.97868,390.004736734949,267.28197878379825,479.8235846860998,1,0.3454439623099455,0.23333333333333334,0,0.018418996057846686,0.0
2026-06-14 13:00:00,2026-06-14,12,223.97868,413.3950060814744,267.4910477440964,537.4500744188523,1,0.09773369824620191,0.11666666666666667,0,0.010653699426557276,0.0
2026-06-14 14:00:00,2026-06-14,13,226.97868,432.6530248846593,346.12632173179816,619.7004480375203,1,0.07223033454127438,0.058333333333333334,0,0.025571463351616783,0.025
2026-06-14 15:00:00,2026-06-14,14,501.97868,486.8545576310663,340.0742798495647,674.3055654125678,0,0.02381432435244161,0.016666666666666666,0,0.0410424336581357,0.041666666666666664
2026-06-14 16:00:00,2026-06-14,15,503.47868,522.841905541261,364.5117460871333,683.5756649953885,0,0.0020982809037976245,0.0,0,0.22202451765099668,0.1
2026-06-14 17:00:00,2026-06-14,16,503.47868,571.9592806181698,430.6881687624854,763.816492473854,0,0.0010621627337721237,0.0,0,0.4170434633711001,0.225
2026-06-14 18:00:00,2026-06-14,17,503.97868,878.3523444090883,728.5573622260458,1110.3796665921304,0,0.0010956549493081084,0.0,0,0.8829087625442509,0.9416666666666667
2026-06-14 19:00:00,2026-06-14,18,600.97868,941.0251023133784,634.2486590604467,1231.68604556631,0,0.001028679663137961,0.0,0,0.8926208007748787,0.9666666666666667
2026-06-14 20:00:00,2026-06-14,19,503.97868,808.2927788715492,571.8280059930522,1064.8435917500462,0,0.001164764915092112,0.0,0,0.8969800698692775,0.8916666666666667
2026-06-14 21:00:00,2026-06-14,20,600.97868,810.1284716500976,625.5467067569765,1088.4805865432186,0,0.0014393322836500112,0.0,0,0.8984646368404589,0.9833333333333333
2026-06-14 22:00:00,2026-06-14,21,552.97868,599.4854310469975,450.5415940838622,845.6784380101328,0,0.00257029021550654,0.0,0,0.7703176294221241,0.3
2026-06-14 23:00:00,2026-06-14,22,503.97868,536.6845389352757,444.52385968179067,711.2666281887606,0,0.0024721373611036055,0.008333333333333333,0,0.46853172748145533,0.1
2026-06-15 00:00:00,2026-06-14,23,340.96241,470.12735892831097,306.4390824308191,577.2960454258028,0,0.04181316178337425,0.075,0,0.051414740808690296,0.06666666666666667
2026-06-15 01:00:00,2026-06-15,0,340.96241,341.028716134411,270.9133114877467,386.85274078107534,0,0.11651152499979218,0.05,0,0.003824998767296986,0.0
2026-06-15 02:00:00,2026-06-15,1,340.96241,341.1928848264893,242.1423146297582,419.3769050232205,0,0.15739526729309342,0.08333333333333333,0,0.0038897966194759025,0.0
2026-06-15 03:00:00,2026-06-15,2,340.96241,340.99526704643586,251.3300772549384,409.77632683793325,0,0.11564157399245005,0.08333333333333333,0,0.0038292653538697717,0.0
2026-06-15 04:00:00,2026-06-15,3,340.96241,341.82151843446394,252.38127002567717,413.2320068432508,0,0.08902849703115479,0.058333333333333334,0,0.004336358283976224,0.0
2026-06-15 05:00:00,2026-06-15,4,340.96241,345.7719685309447,214.6299107338436,452.0417263280459,0,0.038690716357571674,0.03333333333333333,0,0.008096270481352832,0.025
2026-06-15 06:00:00,2026-06-15,5,338.16241,386.0307249179627,267.6960971335707,512.7524627023547,0,0.01575286120979301,0.041666666666666664,0,0.007064031435635788,0.0
2026-06-15 07:00:00,2026-06-15,6,227.46241,375.1466048101468,286.5748505480771,513.9258690722166,1,0.032105397147634746,0.058333333333333334,0,0.004840856959265664,0.0
2026-06-15 08:00:00,2026-06-15,7,227.46241,378.2713561574094,296.3608595909124,504.5775427239065,1,0.01631077701100553,0.09166666666666666,0,0.005238266395178657,0.0
2026-06-15 09:00:00,2026-06-15,8,227.46241,364.9905865302549,217.1153899427316,480.2803631177783,1,0.17944023867339323,0.175,0,0.0051971131691644235,0.0
2026-06-15 10:00:00,2026-06-15,9,243.94241,380.9593657115559,255.4361836058971,491.2822078172146,0,0.027301586004511765,0.08333333333333333,0,0.0048713577366890064,0.0
2026-06-15 11:00:00,2026-06-15,10,338.16241,404.54161836699245,252.49438487590555,564.9682318580794,0,0.013307780901081204,0.041666666666666664,0,0.020345804023249262,0.0
2026-06-15 12:00:00,2026-06-15,11,338.16241,387.29034265284434,223.999186320166,535.4798789855228,0,0.013225630144657906,0.09166666666666666,0,0.026670143092977428,0.0
2026-06-15 13:00:00,2026-06-15,12,338.16241,419.2430561730498,276.6660200082767,599.5197023378231,0,0.0012046652704333534,0.041666666666666664,0,0.12990699150129437,0.0
2026-06-15 14:00:00,2026-06-15,13,340.96241,472.9087097641534,313.98365865965974,644.9237508686471,0,0.0008942199938742492,0.016666666666666666,0,0.3588091216096835,0.09166666666666666
2026-06-15 15:00:00,2026-06-15,14,340.96241,578.4654038774695,415.05516609596793,727.274551658971,0,0.00025712016771084186,0.0,0,0.6058489059907167,0.8333333333333334
2026-06-15 16:00:00,2026-06-15,15,494.46241,603.1499304498415,437.7121409957137,745.7245499039691,0,0.00027250609581947496,0.0,1,0.715172316924159,0.9083333333333333
2026-06-15 17:00:00,2026-06-15,16,505.46241,626.1477099268903,486.4776869400733,779.8030829137072,0,0.0002637898256651385,0.0,1,0.7336465049208076,0.9083333333333333
2026-06-15 18:00:00,2026-06-15,17,506.46241,728.8062593211322,578.3640971380896,965.4555215041748,0,0.0002782374211600489,0.0,1,0.8441523845937122,0.925
2026-06-15 19:00:00,2026-06-15,18,505.46241,773.2564338483676,471.9381133756056,1147.38541432113,0,0.0002585044033237187,0.0,1,0.9083007235154825,0.9583333333333334
2026-06-15 20:00:00,2026-06-15,19,505.46241,694.291108622024,504.8351306881311,949.506246555917,0,0.0003256524474486076,0.0,1,0.8416431616117982,0.9
2026-06-15 21:00:00,2026-06-15,20,494.46241,660.9136077889141,544.3774338582472,882.9068417195812,0,0.00017699985263602803,0.0,1,0.839487072710488,0.9333333333333333
2026-06-15 22:00:00,2026-06-15,21,340.96241,578.3074108215194,462.16782385838405,805.5592977846547,0,0.0002009874910680451,0.0,0,0.8076107430807625,0.8583333333333333
2026-06-15 23:00:00,2026-06-15,22,340.96241,525.9907479289486,430.0146886754636,701.6399071824337,0,0.0002729694349736498,0.0,0,0.5160040425868552,0.6
2026-06-16 00:00:00,2026-06-15,23,246.4869,355.3045589221622,228.25802242467032,562.270355419654,0,0.18703612900388802,0.13333333333333333,0,0.2884743076429493,0.041666666666666664
2026-06-16 01:00:00,2026-06-16,0,246.4869,246.48115956577632,194.66123491911208,359.6482242124407,0,0.38001174993761033,0.7666666666666667,0,0.002614737990224608,0.0
2026-06-16 02:00:00,2026-06-16,1,233.0069,246.76946654501023,180.1175863482791,380.3340167417414,0,0.4391480110347797,0.7833333333333333,0,0.0025499104085412554,0.0
2026-06-16 03:00:00,2026-06-16,2,258.0069,247.0077261172944,182.6398163257969,354.75941590879165,0,0.3718268751791033,0.8083333333333333,0,0.0025499104085412554,0.0
2026-06-16 04:00:00,2026-06-16,3,269.0069,247.9304931357729,144.6075247269861,362.1858915445597,0,0.4155748041139732,0.775,0,0.002577191333287374,0.0
2026-06-16 05:00:00,2026-06-16,4,269.0069,251.81425520882487,97.08769741172372,380.6023130059261,0,0.31530961209949915,0.6333333333333333,0,0.004050146801378165,0.008333333333333333
2026-06-16 06:00:00,2026-06-16,5,269.0069,354.50298328022706,232.1900554958351,500.935191064619,0,0.1044709239308293,0.0,0,0.0025877889228552668,0.0
2026-06-16 07:00:00,2026-06-16,6,269.0069,343.105387008053,260.1629255737822,466.4197984423238,0,0.12154427583030539,0.03333333333333333,0,0.005165744548630157,0.0
2026-06-16 08:00:00,2026-06-16,7,269.0069,352.82786291690104,234.7721078828767,464.5296179509253,0,0.10973294977442541,0.06666666666666667,0,0.005206650682959939,0.0
2026-06-16 09:00:00,2026-06-16,8,258.0069,345.0844222604282,240.5373756729049,450.0894088479516,0,0.09929918386494252,0.14166666666666666,0,0.0042168185803390995,0.0
2026-06-16 10:00:00,2026-06-16,9,269.0069,346.082602013387,219.93781765671216,442.91509637006175,0,0.10935451965770913,0.08333333333333333,0,0.00635689884778059,0.0
2026-06-16 11:00:00,2026-06-16,10,269.0069,372.6515462501686,263.66243275908164,480.2963497412556,0,0.025635327179514715,0.016666666666666666,0,0.009679136941975018,0.0
2026-06-16 12:00:00,2026-06-16,11,269.0069,385.0092249910835,261.36290865840505,497.2154813237619,0,0.012125906865862427,0.016666666666666666,0,0.05179116356341123,0.0
2026-06-16 13:00:00,2026-06-16,12,269.0069,421.6056061896431,304.7413200248699,566.5415923544164,0,0.005881877596445637,0.0,0,0.11564438970011649,0.025
2026-06-16 14:00:00,2026-06-16,13,458.0069,480.47248407436246,361.0349429698688,668.409345178856,0,0.003394004201432836,0.0,1,0.3811793837442881,0.3
2026-06-16 15:00:00,2026-06-16,14,508.0069,554.2451887098838,421.30065173302137,736.5956056867464,0,0.0007342042739943138,0.0,1,0.6908990823673236,0.8666666666666667
2026-06-16 16:00:00,2026-06-16,15,559.0069,607.4089905426569,453.0840310885291,744.1129499967846,0,0.0005727498019905606,0.0,1,0.8208896178873446,0.9666666666666667
2026-06-16 17:00:00,2026-06-16,16,673.0069,634.6325477902961,526.0809748034791,833.4002207771133,0,0.0005727498019905606,0.0,1,0.8982663942081348,0.95
2026-06-16 18:00:00,2026-06-16,17,1256.0069,703.5009350500466,513.4434597690868,1083.1706103310064,0,0.0007041338832699007,0.0,1,0.9290349305566095,0.9333333333333333
2026-06-16 19:00:00,2026-06-16,18,1257.0069,757.4458135808052,355.0690331080431,1255.8472640535672,0,0.001077917749378096,0.0,1,0.9317544890828791,0.9583333333333334
2026-06-16 20:00:00,2026-06-16,19,1257.0069,697.4086817188852,484.4960428101762,1013.4394006275944,0,0.0006439102450134807,0.0,1,0.9124984081628509,0.9416666666666667
2026-06-16 21:00:00,2026-06-16,20,1256.0069,598.9610245820822,447.2547358263562,774.7268533378084,0,0.0006490145018142492,0.0,1,0.8517594237386227,0.9166666666666666
2026-06-16 22:00:00,2026-06-16,21,509.0069,483.7524898564461,349.5452982993751,621.6361314135172,0,0.0007275691174599499,0.0,1,0.6198494474625634,0.5583333333333333
2026-06-16 23:00:00,2026-06-16,22,508.0059,412.9632461003176,250.83508039139247,559.5222618092425,0,0.0009288279778472493,0.008333333333333333,1,0.3560757285954716,0.14166666666666666
2026-06-17 00:00:00,2026-06-16,23,271.7723,281.83950909400005,129.58598259650822,412.437375591492,0,0.2694791319912119,0.26666666666666666,0,0.37413449909885105,0.008333333333333333
2026-06-17 01:00:00,2026-06-17,0,271.7723,271.84176995784344,186.45003531117916,312.26482460450774,0,0.08865331977183043,0.041666666666666664,0,0.00180117414105122,0.0
2026-06-17 02:00:00,2026-06-17,1,271.7723,272.1274650419907,187.98931484525957,322.2392252387219,0,0.12717154403549893,0.06666666666666667,0,0.002211182787173136,0.0
2026-06-17 03:00:00,2026-06-17,2,271.7723,272.4871733604334,235.897383568936,338.75512315193083,0,0.09005605699449751,0.058333333333333334,0,0.0018262680106150733,0.0
2026-06-17 04:00:00,2026-06-17,3,271.7723,273.34062781573493,208.4076794069481,340.10954622452164,0,0.06622369371272568,0.041666666666666664,0,0.0024480466354102563,0.0
2026-06-17 05:00:00,2026-06-17,4,310.7723,278.5818417180162,160.02193392091507,363.4960495151174,0,0.035270679693558446,0.016666666666666666,0,0.003177886416518887,0.016666666666666666
2026-06-17 06:00:00,2026-06-17,5,310.7723,298.61716427228004,212.13875648788803,447.081232056672,0,0.014797051485370702,0.05,0,0.003142540727141512,0.0
2026-06-17 07:00:00,2026-06-17,6,271.7723,281.84697800978387,187.63329657551307,451.4824194440547,0,0.03650614904824672,0.10833333333333334,0,0.0026187565084967563,0.0
2026-06-17 08:00:00,2026-06-17,7,271.7723,276.1592564546793,155.8017314206549,424.6705614887037,0,0.04673925606037762,0.16666666666666666,0,0.0025161521037709946,0.0
2026-06-17 09:00:00,2026-06-17,8,271.7723,264.2095033293809,123.60768674185752,407.6681199169042,0,0.0654343458247281,0.26666666666666666,0,0.002001714190664337,0.0
2026-06-17 10:00:00,2026-06-17,9,271.7723,281.0701899522858,143.4383455956109,423.3627143089607,0,0.039996002594430695,0.16666666666666666,0,0.002696877074034385,0.0
2026-06-17 11:00:00,2026-06-17,10,271.7723,307.82964751959463,133.7633340285077,474.9911010106816,0,0.005250978326735274,0.075,0,0.008100406998717478,0.0
2026-06-17 12:00:00,2026-06-17,11,271.7723,314.6140250739555,139.3244687412771,471.474421406634,0,0.005856047339497895,0.08333333333333333,0,0.037108087085955456,0.0
2026-06-17 13:00:00,2026-06-17,12,310.7723,329.1318644328589,134.04194520580708,508.2341136599108,0,0.0034343137543268783,0.05,0,0.06792950300079727,0.008333333333333333
2026-06-17 14:00:00,2026-06-17,13,510.7713,419.702335457282,271.8917343527883,640.2162765617757,0,0.0051161378791692875,0.008333333333333333,1,0.5674441584296287,0.5333333333333333
2026-06-17 15:00:00,2026-06-17,14,510.7723,511.6472839717633,326.5827069949008,793.5606609486258,0,0.00022990739595391704,0.0,1,0.8444811097063433,0.9416666666666667
2026-06-17 16:00:00,2026-06-17,15,675.7723,533.4353427508111,317.70075329668333,801.2132722049388,0,0.00022990739595391704,0.0,1,0.857612205634804,0.975
2026-06-17 17:00:00,2026-06-17,16,675.7723,616.5547723558868,415.8620293690698,936.7446453427038,0,0.0002649481083185309,0.0,1,0.8915219419817696,0.9916666666666667
2026-06-17 18:00:00,2026-06-17,17,680.7723,1010.1298559917652,650.3059697948653,1627.0317221886653,0,0.000418625961744077,0.0,1,0.9230884727877813,1.0
2026-06-17 19:00:00,2026-06-17,18,1258.7723,1246.2914765682915,520.0344328415313,2077.347020295052,0,0.000418625961744077,0.0,1,0.9260177673013169,1.0
2026-06-17 20:00:00,2026-06-17,19,675.7723,1118.6156018547877,576.2776957214619,1836.734707988113,0,0.00043617244949947266,0.0,1,0.9078543111802241,1.0
2026-06-17 21:00:00,2026-06-17,20,511.7723,825.089240919217,586.5365831606995,1299.6005786777343,0,0.00043617244949947266,0.0,1,0.8785485887322119,1.0
2026-06-17 22:00:00,2026-06-17,21,510.7723,466.98604068719015,379.7728991301191,738.472962244261,0,0.0002102351878007505,0.0,1,0.7836563270323234,0.875
2026-06-17 23:00:00,2026-06-17,22,510.7713,391.9773879936613,301.0909722847361,551.7203537025863,0,0.0008730924849916735,0.0,1,0.3333744260361065,0.35
2026-06-18 00:00:00,2026-06-17,23,341.70205,297.27077944215864,106.80009294466676,448.3644159396505,0,0.053428322733466524,0.1,0,0.18481350409851846,0.05
2026-06-18 01:00:00,2026-06-18,0,341.70205,341.5914292846692,247.62347586562987,413.30568270370856,0,0.03338778148446601,0.025,0,0.0017515604100474794,0.0
2026-06-18 02:00:00,2026-06-18,1,341.70205,341.70145097020566,256.25223304264915,394.63882889776215,0,0.022976631691004744,0.016666666666666666,0,0.0017515604100474794,0.0
2026-06-18 03:00:00,2026-06-18,2,341.70205,341.75335250077364,278.67704758095954,400.4071474205877,0,0.022976631691004744,0.016666666666666666,0,0.0013085921537112732,0.0
2026-06-18 04:00:00,2026-06-18,3,341.70205,341.857556523712,274.1454281149252,395.98063493249873,0,0.01954445466595986,0.008333333333333333,0,0.0015155817977179872,0.0
2026-06-18 05:00:00,2026-06-18,4,341.70205,345.2230539663176,216.1053461692164,422.2903917634188,0,0.012517642152250694,0.008333333333333333,0,0.00642018413761516,0.05
2026-06-18 06:00:00,2026-06-18,5,341.70205,328.60624531615485,219.8764175317629,417.7269831005468,0,0.01635638251110372,0.05,0,0.0018874699054014217,0.0
2026-06-18 07:00:00,2026-06-18,6,341.70205,318.9553755574414,231.59910412317063,439.1071669917122,0,0.052604414507527245,0.10833333333333334,0,0.0018614923058968538,0.0
2026-06-18 08:00:00,2026-06-18,7,341.70205,306.7957245585024,228.32422952447803,415.1221995925266,0,0.07635526962582406,0.18333333333333332,0,0.0024805982005901388,0.0
2026-06-18 09:00:00,2026-06-18,8,341.70205,280.81236736782546,145.9399507803021,354.3670039553488,0,0.13502925054880566,0.325,0,0.0024626304424920946,0.0
2026-06-18 10:00:00,2026-06-18,9,341.70205,297.66631300277976,174.99573864610497,404.9245573594545,0,0.11543157989172811,0.23333333333333334,0,0.0025002948267132423,0.0
2026-06-18 11:00:00,2026-06-18,10,341.70205,313.99161670883944,180.04169321775248,457.8965501999264,0,0.06792640334601417,0.15,0,0.00485960794713276,0.0
2026-06-18 12:00:00,2026-06-18,11,341.70205,320.5916742097193,155.1507178770409,425.12195054239777,0,0.035419044045990354,0.15833333333333333,0,0.008236191911721607,0.0
2026-06-18 13:00:00,2026-06-18,12,341.70205,333.19802219307473,202.9739529660229,502.0409114201265,0,0.016645095023216087,0.09166666666666666,0,0.009870087910566714,0.0
2026-06-18 14:00:00,2026-06-18,13,355.70205,413.406260333113,281.3794192286194,577.1471414376067,0,0.00178868372924639,0.025,0,0.4406387239168305,0.1
2026-06-18 15:00:00,2026-06-18,14,436.70205,463.6168672026503,336.54954022578784,632.7730141795129,0,0.00023930709539128072,0.0,0,0.6985985915709936,0.5916666666666667
2026-06-18 16:00:00,2026-06-18,15,456.70205,524.5339415568006,416.8420821026729,689.3975010109283,0,0.00023930709539128072,0.0,1,0.854354135059458,0.9083333333333333
2026-06-18 17:00:00,2026-06-18,16,456.70205,591.3556700241501,470.75449703733307,760.1483030109671,0,0.00021503996685794832,0.0,1,0.8623272567952324,0.9583333333333334
2026-06-18 18:00:00,2026-06-18,17,676.70205,807.1273213639903,652.9077460830305,1054.37254664495,0,0.00023930709539128072,0.0,1,0.9225295725798518,0.9666666666666667
2026-06-18 19:00:00,2026-06-18,18,1254.70205,1001.6707722454778,681.3293285187174,1335.495315972238,0,0.00036678417031108803,0.0,1,0.9254784351924332,0.9916666666666667
2026-06-18 20:00:00,2026-06-18,19,671.70205,828.9482386009917,623.2795596922825,1070.3002075097006,0,0.0002493394016908746,0.0,1,0.8912219519844811,0.9833333333333333
2026-06-18 21:00:00,2026-06-18,20,456.70205,599.6106821676769,451.8995809633053,799.9757133720486,0,0.00022405516705965175,0.0,1,0.8389350465409552,0.9333333333333333
2026-06-18 22:00:00,2026-06-18,21,426.70205,470.7736486677882,319.63083711071727,648.5672002248593,0,0.00022601793896401455,0.0,0,0.6878626633070107,0.725
2026-06-18 23:00:00,2026-06-18,22,341.70205,423.2120934371862,305.50382074605585,552.5704561283167,0,0.00024106099482816036,0.016666666666666666,0,0.4019872375782526,0.21666666666666667
2026-06-19 00:00:00,2026-06-18,23,304.76006,330.0040754118092,189.4209589143173,513.8031019093011,0,0.04046641658670483,0.10833333333333334,0,0.13147518041411158,0.05
2026-06-19 01:00:00,2026-06-19,0,423.76006,304.73753525667007,227.70163183763077,395.62841867570944,0,0.04737544504439353,0.025,0,0.003425381737312722,0.0
2026-06-19 02:00:00,2026-06-19,1,423.76006,304.6632558061499,234.4944078785934,427.01622373370645,0,0.04985393544910305,0.025,0,0.003178770376252689,0.0
2026-06-19 03:00:00,2026-06-19,2,339.76006,304.85660253428455,238.87959761447047,402.4253074540986,0,0.04531564074012805,0.03333333333333333,0,0.003054392930412192,0.0
2026-06-19 04:00:00,2026-06-19,3,423.76006,305.11910010443347,210.31846169564668,393.1636185132202,0,0.04292547459038239,0.016666666666666666,0,0.003106015771307223,0.0
2026-06-19 05:00:00,2026-06-19,4,431.76006,306.21650051204085,183.4849227149397,422.8792783091421,0,0.013165449234792629,0.008333333333333333,0,0.005094181267846888,0.03333333333333333
2026-06-19 06:00:00,2026-06-19,5,431.76006,322.642046820038,214.27193903564603,456.1951846044299,0,0.014125356143313643,0.041666666666666664,0,0.003136423714493948,0.0
2026-06-19 07:00:00,2026-06-19,6,431.76006,316.88743855533755,215.1470671210668,450.3429899896083,0,0.02600909778639108,0.09166666666666666,0,0.0029802454144669042,0.0
2026-06-19 08:00:00,2026-06-19,7,304.76006,307.0409510540981,234.42360602007372,445.1853260881225,0,0.052813815346263115,0.14166666666666666,0,0.003153517169841824,0.0
2026-06-19 09:00:00,2026-06-19,8,304.76006,295.3040980721725,193.09001148464912,408.1804446596959,0,0.10058697122175392,0.225,0,0.003153517169841824,0.0
2026-06-19 10:00:00,2026-06-19,9,304.76006,300.46114012865706,184.94586577198228,433.86793448533183,0,0.09974634274847914,0.16666666666666666,0,0.0027609329596249305,0.0
2026-06-19 11:00:00,2026-06-19,10,339.76006,310.0808021337969,203.47324864271,481.6702556248839,0,0.0200982641757232,0.125,0,0.003973757376815838,0.0
2026-06-19 12:00:00,2026-06-19,11,339.76006,326.42772065032005,178.65968431764162,474.5336769829985,0,0.016202378783900035,0.09166666666666666,0,0.016341230455290408,0.0
2026-06-19 13:00:00,2026-06-19,12,431.76006,334.1070228058658,194.20207357881392,515.7075520329176,0,0.007013583020536746,0.06666666666666667,0,0.02466633677056867,0.0
2026-06-19 14:00:00,2026-06-19,13,431.76006,370.7201358178659,210.30122471337228,584.4172469223595,0,0.0022225782279055827,0.025,0,0.15071906656055575,0.05
2026-06-19 15:00:00,2026-06-19,14,668.76006,429.2800312743221,253.0994242974596,607.0661682511845,0,0.00022079109164696055,0.0,1,0.6688216884051321,0.425
2026-06-19 16:00:00,2026-06-19,15,668.76006,446.2661726322484,252.7714131781207,584.9308820863761,0,0.00022079109164696055,0.0,1,0.7427374006244672,0.75
2026-06-19 17:00:00,2026-06-19,16,670.76006,485.61072694132207,335.66740395450495,662.0767299281392,0,0.00021979860479100991,0.0,1,0.7905433537038722,0.825
2026-06-19 18:00:00,2026-06-19,17,673.76006,689.2774413158338,481.470066034874,1011.2032665967936,0,0.0002975079432844127,0.0,1,0.9431417846187216,0.9583333333333334
2026-06-19 19:00:00,2026-06-19,18,1252.76006,884.5188068306923,450.291513103932,1330.0374505574528,0,0.00038046304886566796,0.0,1,0.9453525329203329,0.9916666666666667
2026-06-19 20:00:00,2026-06-19,19,673.76006,719.9266884290874,446.5670295203784,1088.0404473377966,0,0.00032819913398593253,0.0,1,0.9304486040254185,0.9666666666666667
2026-06-19 21:00:00,2026-06-19,20,670.76006,513.9674666699798,318.32520546560806,722.3381978743514,0,0.00022503924348938633,0.0,1,0.8124174438205113,0.8916666666666667
2026-06-19 22:00:00,2026-06-19,21,670.76006,420.8127263874719,258.1430148304009,572.1643379445429,0,0.000251285170969647,0.0,1,0.623463188605423,0.48333333333333334
2026-06-19 23:00:00,2026-06-19,22,431.76006,377.107343758217,219.58557106708665,505.52507644934747,0,0.0003095520423317573,0.016666666666666666,0,0.23265440156541417,0.15
2026-06-20 00:00:00,2026-06-19,23,452.51934,320.9524275424354,197.20699104494352,409.5847740399273,0,0.01613261601352455,0.09166666666666666,0,0.044650861209146006,0.05
2026-06-20 01:00:00,2026-06-20,0,352.51934,452.2499309332418,405.6441262865775,469.2166655799061,0,0.029181358087967606,0.008333333333333333,0,0.00305663128808808,0.025
2026-06-20 02:00:00,2026-06-20,1,452.51934,451.98510036942,387.7825324418636,486.1562782969765,0,0.019281156138784006,0.0,0,0.0028271727807308456,0.008333333333333333
2026-06-20 03:00:00,2026-06-20,2,452.51934,451.5292784673773,410.3434435475632,495.53720338719154,0,0.0202300886303376,0.008333333333333333,0,0.0025848047219338495,0.016666666666666666
2026-06-20 04:00:00,2026-06-20,3,452.51934,451.41033013837415,392.6871686949714,489.55305158177686,0,0.019708120096981925,0.0,0,0.0017109737141919304,0.016666666666666666
2026-06-20 05:00:00,2026-06-20,4,452.51934,453.04777553006414,338.322589102035,528.8561419580933,0,0.022961530956321797,0.0,0,0.005181498074149169,0.075
2026-06-20 06:00:00,2026-06-20,5,352.51934,385.567859285628,269.874901501236,475.00891707002,0,0.08862954747398437,0.06666666666666667,0,0.0027039860574336184,0.008333333333333333
2026-06-20 07:00:00,2026-06-20,6,352.51934,381.690866714517,263.83653528024627,476.4896881487878,0,0.1250062626524564,0.13333333333333333,0,0.0019510312161850137,0.0
2026-06-20 08:00:00,2026-06-20,7,352.51934,382.2440531595833,260.735858125559,451.5284281936077,0,0.18609151925269005,0.18333333333333332,0,0.002388597836058242,0.0
2026-06-20 09:00:00,2026-06-20,8,352.51934,377.6567513191971,256.9307247316737,430.23288790672046,0,0.2265470365297247,0.24166666666666667,0,0.002388597836058242,0.0
2026-06-20 10:00:00,2026-06-20,9,352.51934,374.83297333853966,249.23615898186475,462.2898276952145,0,0.2269170594779185,0.19166666666666668,0,0.002426411162181324,0.0
2026-06-20 11:00:00,2026-06-20,10,352.51934,394.0070481299838,261.13943463889683,470.7669016210708,0,0.1079091241922704,0.14166666666666666,0,0.0035418044143602405,0.0
2026-06-20 12:00:00,2026-06-20,11,352.51934,391.46172237327886,274.83375604060046,445.0688087059573,0,0.1079091241922704,0.18333333333333332,0,0.005436610505936193,0.0
2026-06-20 13:00:00,2026-06-20,12,352.51934,413.8686565293453,293.64485730229336,469.9624757563972,0,0.08569273805348568,0.09166666666666666,0,0.0048841988798146024,0.0
2026-06-20 14:00:00,2026-06-20,13,352.51934,419.8272801190887,337.0395290145951,516.2447712235822,0,0.08433722326714961,0.041666666666666664,0,0.010968765947507722,0.025
2026-06-20 15:00:00,2026-06-20,14,452.51934,492.0381339810873,414.6835688723615,589.0051290898132,0,0.002782856430597232,0.0,0,0.306358096098229,0.075
2026-06-20 16:00:00,2026-06-20,15,667.51934,499.3400845177137,436.34575152579,581.0042975096375,0,0.0005216802139672744,0.0,1,0.34520962741818234,0.13333333333333333
2026-06-20 17:00:00,2026-06-20,16,668.31934,533.5082239120343,483.28157605965015,651.8642917644183,0,0.0003562487005802188,0.0,1,0.44392325471089206,0.25833333333333336
2026-06-20 18:00:00,2026-06-20,17,669.51934,665.2135543943875,564.3148991134278,852.4459796753474,0,0.0002859319180410124,0.0,1,0.7995631777470522,0.75
2026-06-20 19:00:00,2026-06-20,18,669.51934,797.3081906993456,566.4824469725852,1075.7695144261058,0,0.0002382466884152868,0.0,1,0.8386911910784371,0.95
2026-06-20 20:00:00,2026-06-20,19,669.51934,632.8689145936114,555.5737656849022,810.6947635023206,0,0.0002979182621649214,0.0,1,0.7028619835263394,0.7
2026-06-20 21:00:00,2026-06-20,20,669.51934,576.2868068798215,518.3377256754499,717.3543380841932,0,0.0005711528154254729,0.0,1,0.6275684349028109,0.44166666666666665
2026-06-20 22:00:00,2026-06-20,21,668.31934,527.4316867942562,436.29999869416633,638.1993948943459,0,0.0012418045668010336,0.0,1,0.4962139963990547,0.225
2026-06-20 23:00:00,2026-06-20,22,667.51934,461.95125789310566,372.34115520197525,566.370160584236,0,0.003410774933884112,0.016666666666666666,1,0.07464715969018869,0.1
2026-06-21 00:00:00,2026-06-20,23,451.97153,439.3333324350415,191.09750196995043,661.6522629001327,0,0.04961308245249029,0.06666666666666667,0,0.01982152942123173,0.058333333333333334
2026-06-21 01:00:00,2026-06-21,0,351.97153,451.6559883466289,372.6406781701692,632.7195485230886,0,0.011680212129734888,0.008333333333333333,0,0.009993265790686275,0.025
2026-06-21 02:00:00,2026-06-21,1,351.97153,451.1112422044581,383.2374642769017,595.8968301320147,0,0.010655412233924497,0.0,0,0.007032471338620599,0.016666666666666666
2026-06-21 03:00:00,2026-06-21,2,351.97153,450.5276747810016,409.52833986118753,574.0435897008158,0,0.007460125777954075,0.0,0,0.005559826319190008,0.025
2026-06-21 04:00:00,2026-06-21,3,351.97153,449.8822609387569,422.0625694953542,561.1337023821595,0,0.0165494183259242,0.0,0,0.0017238855644765372,0.025
2026-06-21 05:00:00,2026-06-21,4,351.97153,453.3869605478775,394.38965411984833,570.3536869759066,0,0.028650539246541425,0.0,0,0.003703488866904926,0.08333333333333333
2026-06-21 06:00:00,2026-06-21,5,351.97153,335.47510342801286,257.72141564362084,428.6130412124048,0,0.1950209078067932,0.11666666666666667,0,0.011239836569138186,0.0
2026-06-21 07:00:00,2026-06-21,6,336.97153,315.3515690162677,260.5034675819969,422.6636004505386,0,0.2549649166361134,0.4166666666666667,0,0.0031230418830036476,0.0
2026-06-21 08:00:00,2026-06-21,7,336.97153,302.17394369202776,240.37155865800335,385.88714872605215,0,0.2854461397475337,0.7,0,0.0032482157967679013,0.0
2026-06-21 09:00:00,2026-06-21,8,301.97153,291.8402636001284,211.5610770126051,397.2740501876518,0,0.31355850387231576,0.8666666666666667,0,0.0031843544538479574,0.0
2026-06-21 10:00:00,2026-06-21,9,301.97153,299.122240546257,196.26382618958215,437.9592849029318,0,0.2739864254286189,0.7833333333333333,0,0.002766786764346996,0.0
2026-06-21 11:00:00,2026-06-21,10,301.97153,309.54490046418834,188.77824697310132,481.0226339552752,0,0.240621528416195,0.6166666666666667,0,0.004629740887646662,0.0
2026-06-21 12:00:00,2026-06-21,11,301.97153,341.6758429433554,171.50903661067696,485.8099092760338,0,0.20925212935677379,0.2916666666666667,0,0.006324904679024586,0.0
2026-06-21 13:00:00,2026-06-21,12,336.97153,351.72596258367264,221.58675335662085,536.1663518107244,0,0.20767972226746645,0.20833333333333334,0,0.006443340365467824,0.0
2026-06-21 14:00:00,2026-06-21,13,336.97153,363.4827122855166,217.46457118102305,525.2270833900103,0,0.1943226282013004,0.125,0,0.014212782994913636,0.016666666666666666
2026-06-21 15:00:00,2026-06-21,14,351.97153,419.0476368568364,287.2077317481106,593.8648619655622,0,0.06653169782015182,0.025,0,0.03542795680756747,0.025
2026-06-21 16:00:00,2026-06-21,15,351.97153,487.5254402048268,333.10034685023743,624.5186035594162,0,0.001267499364147578,0.0,0,0.37272060155106496,0.14166666666666666
2026-06-21 17:00:00,2026-06-21,16,487.47053,521.0512205482628,411.46709021084905,625.9870708856765,0,0.0012653506857593123,0.0,1,0.43811402462909604,0.25833333333333336
2026-06-21 18:00:00,2026-06-21,17,666.97153,618.4649052066092,486.4247899256493,776.860540487569,0,0.0008038442363763997,0.008333333333333333,1,0.66609818578359,0.7083333333333334
2026-06-21 19:00:00,2026-06-21,18,667.77153,662.7012029116516,402.9420191848913,931.276176638412,0,0.0004570792601527617,0.0,1,0.7936830040659452,0.85
2026-06-21 20:00:00,2026-06-21,19,667.77153,642.0895677318204,467.5813000846125,806.9254053790281,0,0.0008438969071921821,0.0,1,0.7390673714468752,0.775
2026-06-21 21:00:00,2026-06-21,20,667.77153,603.1621229957441,447.1941217913725,752.2314842001157,0,0.00043520700153236474,0.0,1,0.7609508178455325,0.7083333333333334
2026-06-21 22:00:00,2026-06-21,21,550.97153,567.4609248656128,378.9625048826149,733.7298448486108,0,0.000617112918189036,0.0,1,0.6968372163210586,0.525
2026-06-21 23:00:00,2026-06-21,22,550.97153,527.0178567561358,350.2345503213057,727.2116631909657,0,0.0020918653546259233,0.008333333333333333,1,0.5999159714696393,0.24166666666666667
2026-06-22 00:00:00,2026-06-21,23,450.6114,433.3778139886555,238.9961135235644,570.6582344537466,0,0.047426628001343986,0.075,0,0.07934641573899733,0.075
2026-06-22 01:00:00,2026-06-22,0,450.6114,450.0675359794772,350.67765723109613,522.5743547278583,0,0.01768588075604321,0.016666666666666666,0,0.004548350480561763,0.0
2026-06-22 02:00:00,2026-06-22,1,450.6114,449.93376471094746,333.0618145142163,521.6262049076786,0,0.01768588075604321,0.016666666666666666,0,0.004548350480561763,0.0
2026-06-22 03:00:00,2026-06-22,2,450.6114,449.7714278240945,355.4494380325971,524.2770076155919,0,0.01768588075604321,0.025,0,0.0033301915168368816,0.0
2026-06-22 04:00:00,2026-06-22,3,451.6114,450.4722907338103,321.19676844530346,523.7436730223171,0,0.010708896611034493,0.008333333333333333,0,0.004386172457998033,0.0
2026-06-22 05:00:00,2026-06-22,4,451.6114,449.9224579870886,312.65340012738346,544.8301458467936,0,0.00651992786146481,0.008333333333333333,0,0.004386172457998033,0.041666666666666664
2026-06-22 06:00:00,2026-06-22,5,451.6114,427.574978031273,302.52798024688104,535.8270558156651,0,0.02045740087479401,0.06666666666666667,0,0.0050429452824401555,0.008333333333333333
2026-06-22 07:00:00,2026-06-22,6,450.6114,419.8287405661089,321.7409291318381,556.7888020003796,0,0.031052225977381935,0.1,0,0.0030656646520601186,0.0
2026-06-22 08:00:00,2026-06-22,7,450.6114,418.2050855323781,321.5627504983537,519.3192905664025,0,0.028663339958548868,0.175,0,0.00344826524707997,0.0
2026-06-22 09:00:00,2026-06-22,8,450.6114,412.4013411521399,284.7718345646165,503.58643773966327,0,0.04784429250058066,0.24166666666666667,0,0.0034988548653065495,0.0
2026-06-22 10:00:00,2026-06-22,9,451.6114,427.951679603847,311.1165852471722,542.4813839605218,0,0.023793662218640092,0.16666666666666666,0,0.004166154312728914,0.0
2026-06-22 11:00:00,2026-06-22,10,550.6114,441.604669582956,311.453186091869,569.2106230740429,0,0.005038620857215504,0.125,0,0.007288818967001753,0.0
2026-06-22 12:00:00,2026-06-22,11,550.6114,450.5836817153617,315.5402553826833,581.4346080480401,0,0.0044952276052977694,0.125,0,0.016804482228688467,0.0
2026-06-22 13:00:00,2026-06-22,12,650.6114,474.24546009844767,343.9158008713958,615.9361493254994,0,0.0013015062454044615,0.06666666666666667,0,0.07073552823282339,0.008333333333333333
2026-06-22 14:00:00,2026-06-22,13,665.6114,502.1834624109509,364.7086313064573,647.2463335154446,0,0.0008849317138340075,0.025,0,0.20482832620899902,0.05
2026-06-22 15:00:00,2026-06-22,14,666.6114,534.0305194434259,393.48190433470006,680.7330145521516,0,0.000775087700023895,0.0,0,0.46103068256308183,0.125
2026-06-22 16:00:00,2026-06-22,15,666.6114,543.6683608754765,418.3166875208873,684.635144230066,0,0.00027812489312526,0.0,0,0.5783892034139428,0.23333333333333334
2026-06-22 17:00:00,2026-06-22,16,667.6114,582.9601715599906,475.25455122257694,696.8207818974043,0,0.00021479655085306003,0.0,0,0.7985297299210615,0.44166666666666665
2026-06-22 18:00:00,2026-06-22,17,1248.6114,703.8162314620147,593.9669561810549,908.6852067429744,0,0.00023344453525393825,0.0,1,0.9080430371551138,0.75
2026-06-22 19:00:00,2026-06-22,18,1270.6114,767.2992165871874,489.73346286042704,1103.1747003139476,0,0.00021154336321621537,0.0,1,0.9163699490681713,0.9
2026-06-22 20:00:00,2026-06-22,19,1249.6114,751.2239324228133,569.2913247756054,993.8455000700212,0,0.00024370215099633546,0.0,1,0.9010425243545369,0.8166666666666667
2026-06-22 21:00:00,2026-06-22,20,712.9964,667.9574611115843,551.2835299072126,868.0691323159559,0,0.0002545145566429561,0.0,0,0.8780557285791686,0.7916666666666666
2026-06-22 22:00:00,2026-06-22,21,666.6114,569.9209858082198,465.4784653775102,722.8142462389294,0,0.0007210489793764933,0.0,0,0.6968396382936913,0.325
2026-06-22 23:00:00,2026-06-22,22,666.6114,532.7944888191256,429.4530623842956,649.7900452539557,0,0.0007497687240341934,0.016666666666666666,0,0.28374996825046767,0.15833333333333333
2026-06-23 00:00:00,2026-06-22,23,661.21518,446.549464530844,233.5349840657529,630.263994995935,0,0.020959914837318423,0.09166666666666666,0,0.136711271865634,0.05
2026-06-23 01:00:00,2026-06-23,0,666.21518,660.1543877996193,545.4499690512382,773.2841065480003,0,0.04095134399812154,0.008333333333333333,0,0.038709664757933915,0.016666666666666666
2026-06-23 02:00:00,2026-06-23,1,666.21518,659.4152290492445,554.3029588525134,748.9481792459756,0,0.04631854337324789,0.0,0,0.0453280740188049,0.0
2026-06-23 03:00:00,2026-06-23,2,666.21518,658.0544914507179,595.5365516592205,732.6830012422154,0,0.04007454366339706,0.016666666666666666,0,0.022776175745372468,0.008333333333333333
2026-06-23 04:00:00,2026-06-23,3,666.21518,658.7511938611904,573.0243115726836,737.922686149697,0,0.019075210305608218,0.008333333333333333,0,0.0207152071820218,0.008333333333333333
2026-06-23 05:00:00,2026-06-23,4,666.41518,657.1151133054402,530.4666254457351,746.3817511651453,0,0.01453406132952182,0.008333333333333333,0,0.009227667505371842,0.06666666666666667
2026-06-23 06:00:00,2026-06-23,5,666.21518,587.806512314602,474.91910453021,690.623920098994,0,0.09047230169582524,0.05,0,0.014041234464810332,0.008333333333333333
2026-06-23 07:00:00,2026-06-23,6,666.21518,590.0643000339018,479.65598859963103,690.6610914681726,0,0.06940290465259137,0.09166666666666666,0,0.009467457403000644,0.0
2026-06-23 08:00:00,2026-06-23,7,666.21518,588.6840717624327,439.9573267284084,649.7709667964572,0,0.06687906769355186,0.15,0,0.012161642835743239,0.0
2026-06-23 09:00:00,2026-06-23,8,661.21518,574.5577371707908,440.6689905832674,633.8686037583141,0,0.06011390281765361,0.23333333333333334,0,0.012592838869964776,0.0
2026-06-23 10:00:00,2026-06-23,9,666.21518,586.9276443846026,450.1952500279277,679.9651787412774,0,0.06225085643470012,0.16666666666666666,0,0.01131788386462735,0.0
2026-06-23 11:00:00,2026-06-23,10,666.41518,608.3157984237622,445.9365949326752,702.3772119148491,0,0.036294618639487276,0.13333333333333333,0,0.010396608554676242,0.008333333333333333
2026-06-23 12:00:00,2026-06-23,11,666.21518,611.0384831334626,468.0542468007842,661.376319466141,0,0.038431277644494395,0.14166666666666666,0,0.010800584903206581,0.008333333333333333
2026-06-23 13:00:00,2026-06-23,12,667.21518,631.0372936180072,474.6106700395093,727.6241871965051,0,0.01614632005766925,0.09166666666666666,0,0.014986343773399649,0.0
2026-06-23 14:00:00,2026-06-23,13,667.21518,645.2055577934766,522.7518067624217,763.5710588245314,0,0.0021457543476826905,0.041666666666666664,0,0.05426995955268451,0.025
2026-06-23 15:00:00,2026-06-23,14,667.21518,667.4160830697258,545.632767961,772.8604581784516,0,0.0018460835070375034,0.008333333333333333,0,0.1203091710317057,0.05
2026-06-23 16:00:00,2026-06-23,15,668.71518,692.0269819463289,623.9962685917394,802.7119953009183,0,0.0004061410339599517,0.0,0,0.24771474618665396,0.09166666666666666
2026-06-23 17:00:00,2026-06-23,16,668.71518,721.0960521554742,638.8300718180604,878.362272492888,0,0.000386835185547595,0.0,0,0.31908035778909993,0.13333333333333333
2026-06-23 18:00:00,2026-06-23,17,672.21518,1018.9840695143056,871.9671092799131,1273.1874297486982,0,0.0002742902344959805,0.0,0,0.9071872773590867,0.8333333333333334
2026-06-23 19:00:00,2026-06-23,18,711.58518,1158.4891364723392,878.0572558779572,1503.3383170667212,0,0.0002742902344959805,0.0,0,0.9175034053145316,0.95
2026-06-23 20:00:00,2026-06-23,19,672.21518,1062.2282271724391,899.8575182637301,1303.412436081148,0,0.0002833225281122046,0.0,0,0.8919426498611905,0.8666666666666667
2026-06-23 21:00:00,2026-06-23,20,668.71518,791.5498434380012,663.3991122336295,968.1446746423728,0,0.0003267752417496052,0.008333333333333333,0,0.4823304548426602,0.2833333333333333
2026-06-23 22:00:00,2026-06-23,21,667.21518,690.8262475876214,541.1119271569119,811.9446980183311,0,0.0008495837428473973,0.0,0,0.19146078676711334,0.09166666666666666
2026-06-23 23:00:00,2026-06-23,22,667.21518,676.0086186590281,487.4595946470105,791.3354626710457,0,0.00186476729923421,0.016666666666666666,0,0.12033478205253936,0.1
2026-06-24 00:00:00,2026-06-23,23,451.52262,636.6916340252507,512.410425270594,727.9249727799072,1,0.03216653675562499,0.06666666666666667,0,0.029229659053178595,0.058333333333333334
2026-06-24 01:00:00,2026-06-24,0,473.52262,451.53494460204365,415.8716758536626,458.3605833504248,0,0.3142797671499704,0.175,0,0.015591000947444414,0.0
2026-06-24 02:00:00,2026-06-24,1,651.52262,451.60087536939017,386.3108051726591,472.3206255661214,0,0.3404962440399598,0.2,0,0.00993783621423585,0.0
2026-06-24 03:00:00,2026-06-24,2,651.52262,451.9048655703834,379.3491757788859,467.0934553618808,0,0.33628590006975967,0.2,0,0.006377179082432531,0.0
2026-06-24 04:00:00,2026-06-24,3,666.52262,452.1460875186884,347.6938052301815,487.5073598071952,0,0.38164977889192614,0.16666666666666666,0,0.005413387043810393,0.0
2026-06-24 05:00:00,2026-06-24,4,666.52262,458.04876170580224,326.0325138460971,522.5500095655074,0,0.14820666979713512,0.075,0,0.00838191676001035,0.03333333333333333
2026-06-24 06:00:00,2026-06-24,5,666.52262,520.1422974304812,398.1021296460892,589.6335452148733,0,0.08178662789821818,0.016666666666666666,0,0.004659516188032338,0.008333333333333333
2026-06-24 07:00:00,2026-06-24,6,651.52262,539.1006132564555,415.75540182218464,609.0983246907263,0,0.0818668999059553,0.025,0,0.004413370052630488,0.0
2026-06-24 08:00:00,2026-06-24,7,666.52262,545.3953375632095,414.0424991381853,627.3241659882339,0,0.10065340427300037,0.058333333333333334,0,0.004478055132144048,0.0
2026-06-24 09:00:00,2026-06-24,8,666.52262,550.5532978530482,447.9299328765577,616.9445628295387,0,0.12242201585649251,0.1,0,0.004478055132144048,0.0
2026-06-24 10:00:00,2026-06-24,9,666.52262,567.7971934823065,465.2013991256316,643.2710878389813,0,0.10370407161125864,0.05,0,0.003941363447251825,0.0
2026-06-24 11:00:00,2026-06-24,10,666.72262,587.2704216193358,494.9269981282488,672.0813351104227,0,0.06864668559558222,0.016666666666666666,0,0.009205221703065248,0.008333333333333333
2026-06-24 12:00:00,2026-06-24,11,666.72262,619.3082719765492,519.552740837112,694.1067131159866,0,0.0253234555380051,0.016666666666666666,0,0.01582564263728622,0.008333333333333333
2026-06-24 13:00:00,2026-06-24,12,666.72262,630.583232093843,527.449028515345,715.886725672341,0,0.002147852002082298,0.008333333333333333,0,0.03642142062032233,0.016666666666666666
2026-06-24 14:00:00,2026-06-24,13,671.52262,658.1384925058187,567.6902914747639,758.2827335368735,0,0.0006533445376782025,0.016666666666666666,0,0.15844397419721937,0.075
2026-06-24 15:00:00,2026-06-24,14,701.52262,676.1260998783417,602.7012347696159,737.4537349870676,0,0.0006132246326658491,0.0,0,0.348203296883313,0.15833333333333333
2026-06-24 16:00:00,2026-06-24,15,701.52262,687.1476240154609,621.6029606608715,740.0716373700503,0,0.0005966173138667886,0.0,0,0.3990784558251866,0.275
2026-06-24 17:00:00,2026-06-24,16,701.52262,695.6485141391055,679.7236138016917,729.9260144765192,0,0.0005966907562939705,0.0,0,0.40867188577679336,0.2833333333333333
2026-06-24 18:00:00,2026-06-24,17,713.97062,793.6087723213294,693.8190213761256,917.8120232665332,0,0.0006455587600228039,0.0,0,0.7738219885471221,0.6
2026-06-24 19:00:00,2026-06-24,18,1271.52262,791.8027130934043,616.6841087991628,981.5704773876458,0,0.0006121811153576172,0.008333333333333333,1,0.7827274773349534,0.6916666666666667
2026-06-24 20:00:00,2026-06-24,19,1271.52262,765.7125632806553,698.5233754943822,848.2213910669284,0,0.000675575349906772,0.008333333333333333,1,0.737272916991997,0.475
2026-06-24 21:00:00,2026-06-24,20,713.97062,728.2573631774711,684.0802719730995,783.0784443818428,0,0.0007357139625307213,0.008333333333333333,0,0.48924755231153766,0.36666666666666664
2026-06-24 22:00:00,2026-06-24,21,701.52262,697.7906614642985,632.2320810335889,778.4564718950082,0,0.0009191714755406962,0.0,0,0.4406751342805833,0.325
2026-06-24 23:00:00,2026-06-24,22,701.52262,642.0270267483098,549.5277327362923,728.5119907603274,0,0.0013161184064913848,0.0,0,0.18277232753584646,0.18333333333333332
2026-06-25 00:00:00,2026-06-24,23,662.90216,474.9491847633348,193.98004277625537,666.6666767504141,0,0.35457512773226263,0.18333333333333332,0,0.09518344753954716,0.025
2026-06-25 01:00:00,2026-06-25,0,662.70216,662.8536692223305,497.8155304739496,781.3949079707116,0,0.020166044363127165,0.016666666666666666,0,0.015166701833562184,0.008333333333333333
2026-06-25 02:00:00,2026-06-25,1,662.70216,662.9146018475466,503.26378165081536,780.8986420442777,0,0.019035498832698696,0.016666666666666666,0,0.00672625377439011,0.0
2026-06-25 03:00:00,2026-06-25,2,662.90216,663.0041875253748,526.7461396960988,785.230155354651,0,0.01938032225657526,0.025,0,0.00672625377439011,0.008333333333333333
2026-06-25 04:00:00,2026-06-25,3,662.90216,663.1954881740505,504.9683182510668,772.0153080970343,0,0.02781878383321764,0.008333333333333333,0,0.004864118539394681,0.008333333333333333
2026-06-25 05:00:00,2026-06-25,4,666.70216,667.4938571528234,503.1150638757004,777.5520004299465,0,0.009496931537330923,0.008333333333333333,0,0.004572862224568124,0.041666666666666664
2026-06-25 06:00:00,2026-06-25,5,662.70216,625.080755939063,474.8472022616028,732.5829396165232,0,0.018455937137361593,0.05,0,0.005462457274057292,0.008333333333333333
2026-06-25 07:00:00,2026-06-25,6,662.70216,620.9353746980227,492.6191219793617,732.1425274166835,0,0.04294173016339479,0.08333333333333333,0,0.005142281298031437,0.0
2026-06-25 08:00:00,2026-06-25,7,652.70216,619.9989271231481,467.5532118374185,729.0006524088776,0,0.014594028083722121,0.15,0,0.0058112884013042845,0.0
2026-06-25 09:00:00,2026-06-25,8,652.70216,623.552342544806,503.5916077569269,716.9493573326853,0,0.03225708660227218,0.175,0,0.00566656180164324,0.0
2026-06-25 10:00:00,2026-06-25,9,662.90216,636.007161551828,496.8235729166071,753.9930801870489,0,0.025313609485525204,0.125,0,0.004133799662973359,0.0
2026-06-25 11:00:00,2026-06-25,10,662.90216,641.9990557587047,512.7178022676178,750.8019092497916,0,0.009927955647220942,0.11666666666666667,0,0.007455254960201715,0.008333333333333333
2026-06-25 12:00:00,2026-06-25,11,662.90216,670.8709164351424,541.2233752957051,779.1262575745798,0,0.009481008418090426,0.10833333333333334,0,0.015434890858690908,0.008333333333333333
2026-06-25 13:00:00,2026-06-25,12,663.16616,682.8034729058058,549.7519293273078,796.9492664843037,0,0.003129918363352199,0.06666666666666667,0,0.021640647828028707,0.008333333333333333
2026-06-25 14:00:00,2026-06-25,13,669.70216,697.0737139468872,550.8143929158324,828.0453249779421,0,0.0008651738643235853,0.03333333333333333,0,0.047232150816752125,0.03333333333333333
2026-06-25 15:00:00,2026-06-25,14,677.70216,733.7624047357804,621.4281996270546,850.8041398445062,0,0.0003772247127848657,0.0,0,0.15949661952575375,0.058333333333333334
2026-06-25 16:00:00,2026-06-25,15,697.70216,743.5327977552357,643.6931844006463,837.232271109825,0,0.00036660521685950777,0.0,0,0.1908339514631682,0.11666666666666667
2026-06-25 17:00:00,2026-06-25,16,701.41616,764.8540985901816,705.1370182527678,866.5599689275953,0,0.0003349993636061214,0.0,0,0.2005386175202233,0.15
2026-06-25 18:00:00,2026-06-25,17,707.70216,868.4522053270202,696.2610543818166,1157.839356272224,0,0.0003190460403958892,0.016666666666666666,0,0.5625182767096953,0.45
2026-06-25 19:00:00,2026-06-25,18,1246.70216,1093.4598130253296,798.8569832187673,1466.1468628318917,0,0.0002463672215469128,0.0,1,0.9091537338811712,0.8916666666666667
2026-06-25 20:00:00,2026-06-25,19,1245.70216,1028.2005481230528,850.0181740727384,1233.840922173367,0,0.00028872353563350766,0.0,1,0.7555550062633665,0.7833333333333333
2026-06-25 21:00:00,2026-06-25,20,707.70216,787.0644740595098,678.2300728551382,882.1890752638815,0,0.00032944546927134074,0.008333333333333333,0,0.2644867786177213,0.23333333333333334
2026-06-25 22:00:00,2026-06-25,21,697.70216,741.6288635015889,611.8826430708791,823.4941839322985,0,0.00045690167267184364,0.0,0,0.15440861961693053,0.14166666666666666
2026-06-25 23:00:00,2026-06-25,22,697.70216,716.6860543170662,520.1372503050486,849.0190983290837,0,0.0009939002320546852,0.016666666666666666,0,0.09721009745849218,0.1
2026-06-26 00:00:00,2026-06-25,23,669.473,654.9078421720765,466.38099018499713,810.2785041591559,0,0.03286543394237942,0.1,0,0.014142532448051514,0.05
2026-06-26 01:00:00,2026-06-26,0,669.473,669.3301599128492,583.4255015138206,727.151978311878,0,0.009739726011531011,0.016666666666666666,0,0.00846986270937399,0.008333333333333333
2026-06-26 02:00:00,2026-06-26,1,669.473,669.3237978634388,573.0022099358823,731.3808057909954,0,0.009739726011531011,0.016666666666666666,0,0.00846986270937399,0.0
2026-06-26 03:00:00,2026-06-26,2,669.473,670.3862552871814,598.7083696536549,733.4728809207078,0,0.0175706597402637,0.025,0,0.013792891474734956,0.008333333333333333
2026-06-26 04:00:00,2026-06-26,3,669.473,669.324186970618,576.1297346821112,731.9320992591248,0,0.009926457813386537,0.008333333333333333,0,0.006127994711575737,0.016666666666666666
2026-06-26 05:00:00,2026-06-26,4,669.473,669.1998803217252,547.4470670446022,746.6134835988483,0,0.004242921643535171,0.008333333333333333,0,0.008124101119161143,0.05
2026-06-26 06:00:00,2026-06-26,5,669.473,629.4654267248492,511.7481130473892,716.7984704023094,0,0.005412576232460696,0.041666666666666664,0,0.008117073534959943,0.008333333333333333
2026-06-26 07:00:00,2026-06-26,6,669.473,623.3785881904512,522.1476354717904,709.9604009091121,0,0.007480334193142249,0.08333333333333333,0,0.007748959282579404,0.0
2026-06-26 08:00:00,2026-06-26,7,669.473,626.1038404704079,490.9719151846784,728.3715657561376,0,0.020152447796915624,0.14166666666666666,0,0.0067574389793940625,0.0
2026-06-26 09:00:00,2026-06-26,8,669.473,629.6046311634478,518.2502163755687,723.579625951327,0,0.01768724480801439,0.15,0,0.0067574389793940625,0.0
2026-06-26 10:00:00,2026-06-26,9,669.473,630.123009723722,501.4058910885011,739.3858483589429,0,0.008114158769302724,0.13333333333333333,0,0.00584696842041989,0.0
2026-06-26 11:00:00,2026-06-26,10,669.473,632.3270420766543,504.0002685855673,734.9327255677412,0,0.013104598537906293,0.125,0,0.0049811335681017,0.008333333333333333
2026-06-26 12:00:00,2026-06-26,11,669.473,654.3467584751961,519.2521173357587,771.3117996146334,0,0.011790530744808193,0.125,0,0.005531440893756677,0.008333333333333333
2026-06-26 13:00:00,2026-06-26,12,669.473,662.1829281533512,521.9755445748533,776.9572017318492,0,0.003077457155520923,0.08333333333333333,0,0.006627350346736749,0.0
2026-06-26 14:00:00,2026-06-26,13,691.334,674.141739700116,521.8454586690611,785.4657307311709,0,0.0031216995583637826,0.041666666666666664,0,0.011645033395757495,0.025
2026-06-26 15:00:00,2026-06-26,14,695.473,688.905556949306,573.8895818405801,798.3720820580318,0,0.0008380730626659531,0.008333333333333333,0,0.05448896743055454,0.025
2026-06-26 16:00:00,2026-06-26,15,697.473,697.7021509083115,598.2762975537222,791.821624262901,0,0.00036924321532057745,0.0,0,0.06189853519374851,0.06666666666666667
2026-06-26 17:00:00,2026-06-26,16,707.473,711.9742182225918,637.2920508164717,786.184375628712,0,0.00031523734533273247,0.0,0,0.10545305693635966,0.08333333333333333
2026-06-26 18:00:00,2026-06-26,17,712.473,819.6928819337452,656.3702809885415,1012.7176328789488,0,0.0002485305250270921,0.016666666666666666,0,0.09622604174881533,0.3333333333333333
2026-06-26 19:00:00,2026-06-26,18,1246.473,1053.6037214200487,804.3958616134863,1341.174571226611,0,0.00014636317986509354,0.0,1,0.31553664411045834,0.875
2026-06-26 20:00:00,2026-06-26,19,712.473,1009.1955333714548,865.3790758333379,1170.6252309095717,0,0.00014944425275981315,0.0,0,0.3120769009911965,0.775
2026-06-26 21:00:00,2026-06-26,20,712.473,772.4145130138488,692.6933818094772,872.3230442182203,0,0.0002918664347431522,0.008333333333333333,0,0.06086142204106024,0.19166666666666668
2026-06-26 22:00:00,2026-06-26,21,707.473,733.0827149743502,636.9665545436405,842.78268540506,0,0.0003007450748964447,0.0,0,0.07186583267357022,0.14166666666666666
2026-06-26 23:00:00,2026-06-26,22,697.473,712.3378294494541,563.2013554374366,838.7749734614716,0,0.001014240634014594,0.016666666666666666,0,0.04093540775332922,0.1
2026-06-27 00:00:00,2026-06-26,23,709.58972,658.1414374557951,455.62794546871567,816.6344194428743,0,0.029692223703144144,0.08333333333333333,0,0.012446252611738321,0.058333333333333334
2026-06-27 01:00:00,2026-06-27,0,697.58972,708.9104591811351,625.1502607821064,777.1980775801637,0,0.012430586458651412,0.008333333333333333,0,0.0027639152831683642,0.03333333333333333
2026-06-27 02:00:00,2026-06-27,1,697.58972,708.5303264511344,608.208238523578,784.2808943786908,0,0.005037370521952695,0.0,0,0.002803525536130111,0.03333333333333333
2026-06-27 03:00:00,2026-06-27,2,693.58972,708.0521252132492,619.7204395797228,785.1982908467755,0,0.003477782505854403,0.008333333333333333,0,0.002921595378320348,0.041666666666666664
2026-06-27 04:00:00,2026-06-27,3,693.58972,707.7112880800855,598.3526057915788,794.3106403685922,0,0.0038137940542799626,0.0,0,0.0028939337894468274,0.041666666666666664
2026-06-27 05:00:00,2026-06-27,4,693.58972,706.2879720811411,568.437938804018,809.929455358264,0,0.004187520470350225,0.0,0,0.002647706078971527,0.11666666666666667
2026-06-27 06:00:00,2026-06-27,5,693.58972,611.7494021126303,456.95258843517007,710.5549757900903,0,0.020590930029626867,0.06666666666666667,0,0.0029972194454320035,0.008333333333333333
2026-06-27 07:00:00,2026-06-27,6,687.58972,606.0729061688669,469.86332345020605,713.5748888875277,0,0.02353573245410533,0.09166666666666666,0,0.0013241485641758985,0.0
2026-06-27 08:00:00,2026-06-27,7,687.58972,600.533743392971,443.3587181072414,721.1805486787006,0,0.029125727061051813,0.175,0,0.0017510603120629727,0.0
2026-06-27 09:00:00,2026-06-27,8,682.58972,591.5114642724521,451.207649484573,682.6625190603313,0,0.033538134771293124,0.225,0,0.0016076645441972838,0.0
2026-06-27 10:00:00,2026-06-27,9,687.58972,602.8331086424811,466.07328000726017,726.016637277702,0,0.030240158935623263,0.16666666666666666,0,0.0013899935997641816,0.0
2026-06-27 11:00:00,2026-06-27,10,691.20372,609.995785510995,479.304522019908,721.9852790020818,0,0.027023981613900693,0.14166666666666666,0,0.001379444805867291,0.0
2026-06-27 12:00:00,2026-06-27,11,691.20372,644.7455406470938,505.7627395076565,744.403421786531,0,0.027252719385287897,0.13333333333333333,0,0.003072677347374082,0.008333333333333333
2026-06-27 13:00:00,2026-06-27,12,691.20372,638.036345540663,515.2665019621651,753.5201891191609,0,0.024153689172363026,0.08333333333333333,0,0.003932724546514815,0.0
2026-06-27 14:00:00,2026-06-27,13,692.58972,646.0950831156508,510.133012084596,763.1961541467055,0,0.028230143715317554,0.041666666666666664,0,0.0035381429460888294,0.025
2026-06-27 15:00:00,2026-06-27,14,693.58972,659.2163307734844,568.8248056647585,765.16793588221,0,0.024503330554700692,0.016666666666666666,0,0.006152191988627834,0.016666666666666666
2026-06-27 16:00:00,2026-06-27,15,697.58972,675.3581089172816,597.4463955626924,771.337122271871,0,0.0019487204068987,0.0,0,0.019679812720172066,0.03333333333333333
2026-06-27 17:00:00,2026-06-27,16,709.58972,703.1018518287815,636.2242444226614,771.3687592349016,0,0.0008113372373337658,0.0,0,0.016387733872063798,0.06666666666666667
2026-06-27 18:00:00,2026-06-27,17,712.58972,759.4251686138479,604.0244676686443,960.5962495590516,0,0.00022163327376527921,0.016666666666666666,0,0.07009986913443603,0.21666666666666667
2026-06-27 19:00:00,2026-06-27,18,712.58972,881.2547211383586,636.6978168441173,1152.6334854326,0,0.00010789938582136108,0.008333333333333333,0,0.2261836010673494,0.5416666666666666
2026-06-27 20:00:00,2026-06-27,19,712.58972,808.8193779193665,652.0020103576261,977.6489454811068,0,0.0001953565591504533,0.016666666666666666,0,0.1109622202955725,0.225
2026-06-27 21:00:00,2026-06-27,20,712.58972,771.8612027589046,680.0603715545332,859.5904839632761,0,0.0002339137192405523,0.008333333333333333,0,0.0653592429808611,0.18333333333333332
2026-06-27 22:00:00,2026-06-27,21,712.58972,747.0783096579205,642.5213292272108,846.5768700886301,0,0.000236594420332816,0.0,0,0.0442775992385691,0.16666666666666666
2026-06-27 23:00:00,2026-06-27,22,709.58972,726.7739900058043,598.7218259937868,840.9731740178217,0,0.0005956645409756694,0.008333333333333333,0,0.048780189409973675,0.11666666666666667
2026-06-28 00:00:00,2026-06-27,23,727.38783,702.6285213719865,569.3115601533002,804.9342525906727,0,0.014744178208700017,0.058333333333333334,0,0.005959836389407132,0.09166666666666666
2026-06-28 01:00:00,2026-06-28,0,717.38783,727.1395638606689,695.9805604416296,737.0902772797082,0,0.00118981486652262,0.0,0,0.0009680954215559568,0.025
2026-06-28 02:00:00,2026-06-28,1,717.38783,726.9903853604069,675.7535386478307,734.1563120729829,0,0.0011462031135527084,0.0,0,0.0008718846168546043,0.03333333333333333
2026-06-28 03:00:00,2026-06-28,2,717.38783,726.5095175815466,675.9761819480201,735.810613215073,0,0.0009540392164226644,0.0,0,0.0012928884667961216,0.041666666666666664
2026-06-28 04:00:00,2026-06-28,3,717.38783,726.2845189910075,647.5321267025007,753.3868012795143,0,0.001451089799252419,0.0,0,0.0009576435884081092,0.041666666666666664
2026-06-28 05:00:00,2026-06-28,4,706.38783,724.3931071271315,605.1939092674264,764.4647449868366,0,0.0029036868893895723,0.0,0,0.0011013548547751306,0.10833333333333334
2026-06-28 06:00:00,2026-06-28,5,692.38783,660.5941996901502,548.15465601269,720.9092733676104,0,0.06107327650335825,0.041666666666666664,0,0.0009442447526940428,0.008333333333333333
2026-06-28 07:00:00,2026-06-28,6,690.97283,657.2901102670093,544.4835775483483,713.8813229856701,0,0.07736597779571999,0.058333333333333334,0,0.00033951226387085825,0.0
2026-06-28 08:00:00,2026-06-28,7,682.38783,651.2692842342934,520.5674658092692,705.5648626593177,0,0.10349583169204589,0.10833333333333334,0,0.00033951226387085825,0.0
2026-06-28 09:00:00,2026-06-28,8,682.38783,650.1251436894457,544.4843651350695,680.2035622438219,0,0.1044384302565847,0.16666666666666666,0,0.00025518606360381375,0.0
2026-06-28 10:00:00,2026-06-28,9,682.38783,650.7077337040685,546.2952493473936,692.7375280607433,0,0.11043237949057436,0.11666666666666667,0,0.00026966510896283836,0.008333333333333333
2026-06-28 11:00:00,2026-06-28,10,682.38783,654.2682679245358,568.1299163994155,688.0109294496561,0,0.1065354447036758,0.10833333333333334,0,0.00031857234920668954,0.008333333333333333
2026-06-28 12:00:00,2026-06-28,11,692.38783,673.8155800622892,590.4215880025108,706.9625721220676,0,0.0761683550570521,0.10833333333333334,0,0.0005847366953446324,0.008333333333333333
2026-06-28 13:00:00,2026-06-28,12,692.38783,666.9442245498645,583.6351609713666,724.9295081283625,0,0.06346656032892942,0.06666666666666667,0,0.0005847366953446324,0.0
2026-06-28 14:00:00,2026-06-28,13,692.38783,665.5805987238176,589.6878276927628,730.7270397548724,0,0.06346656032892942,0.041666666666666664,0,0.0006830530959557741,0.025
2026-06-28 15:00:00,2026-06-28,14,692.38783,668.2033565722694,623.7128514635436,702.5355216809952,0,0.04550917052012548,0.025,0,0.0025728835872262487,0.016666666666666666
2026-06-28 16:00:00,2026-06-28,15,706.38783,675.0207347076223,649.3710213530329,713.7257880622117,0,0.03738369926961101,0.0,0,0.002789997426173765,0.025
2026-06-28 17:00:00,2026-06-28,16,727.38783,699.2145568389345,696.5821794328143,729.1699342450546,0,0.0018969178048051886,0.0,0,0.0038907911784404592,0.05
2026-06-28 18:00:00,2026-06-28,17,750.03883,754.7328447702737,662.2757240606977,862.5797054798495,0,0.00040434462536829296,0.03333333333333333,0,0.017057417209037244,0.19166666666666668
2026-06-28 19:00:00,2026-06-28,18,802.38783,763.8877206600812,618.4773900656993,935.3433512544632,0,0.0003306863354080141,0.025,0,0.028305316540706837,0.2916666666666667
2026-06-28 20:00:00,2026-06-28,19,802.38783,757.9425444419072,703.6835768801668,849.0770120036476,0,0.0003696769635704014,0.041666666666666664,0,0.021125430156428187,0.15
2026-06-28 21:00:00,2026-06-28,20,802.38783,747.8048883870598,730.5589071826882,802.5767195914315,0,0.000343959512185633,0.016666666666666666,0,0.01859268943378795,0.11666666666666667
2026-06-28 22:00:00,2026-06-28,21,750.03883,746.4586206836702,704.8139902529606,811.17138111438,0,0.00040716702937965604,0.0,0,0.02119688686124364,0.125
2026-06-28 23:00:00,2026-06-28,22,750.03883,736.58863461705,662.8112606050325,808.8452086290677,0,0.000461843030908391,0.008333333333333333,0,0.01780916793982415,0.13333333333333333
2026-06-29 00:00:00,2026-06-28,23,747.35582,724.5591404368176,564.5750592181314,837.0338416555039,0,0.0027401071666898133,0.058333333333333334,0,0.013145609364183112,0.1
2026-06-29 01:00:00,2026-06-29,0,747.35582,747.0801937253905,673.5231345046318,762.5870929461491,0,0.008740577841858894,0.008333333333333333,0,0.0007678450015451409,0.016666666666666666
2026-06-29 02:00:00,2026-06-29,1,747.35582,747.1170840367948,647.8954217465005,778.225566327089,0,0.011459773964837482,0.0,0,0.0007845615009179864,0.025
2026-06-29 03:00:00,2026-06-29,2,747.35582,746.9952581753265,633.9752725418001,784.5119238088529,0,0.010191772455106449,0.008333333333333333,0,0.0007677089228199187,0.03333333333333333
2026-06-29 04:00:00,2026-06-29,3,747.35582,747.0872959691063,605.2066836805996,799.373948257613,0,0.0090929982920624,0.0,0,0.0009744845826495694,0.03333333333333333
2026-06-29 05:00:00,2026-06-29,4,747.35582,745.3984045533356,576.6609066936305,818.4576524130407,0,0.011993602051483525,0.0,0,0.0003073852492455284,0.09166666666666666
2026-06-29 06:00:00,2026-06-29,5,706.35582,693.890579746926,523.9864960694659,772.5209234243862,0,0.041637673603641824,0.03333333333333333,0,0.0002957882836713789,0.008333333333333333
2026-06-29 07:00:00,2026-06-29,6,705.35582,685.7693373832933,530.3670246646325,764.8289601019542,0,0.04423635093599177,0.06666666666666667,0,0.00030053684187777063,0.0
2026-06-29 08:00:00,2026-06-29,7,705.35582,680.7891066053155,524.1032281802912,756.1829050303398,0,0.045686229877128635,0.11666666666666667,0,0.0002341368572613574,0.0
2026-06-29 09:00:00,2026-06-29,8,705.35582,681.0512022069609,562.0489675391951,744.1181868747267,0,0.08461844049447832,0.16666666666666666,0,0.00023491416278864232,0.0
2026-06-29 10:00:00,2026-06-29,9,705.35582,685.4758465786874,575.8966122220125,746.5183409353623,0,0.09479080846031693,0.11666666666666667,0,0.00023491416278864232,0.0
2026-06-29 11:00:00,2026-06-29,10,709.35582,687.1678216886817,601.7697601635614,736.146083213802,0,0.06554990012257954,0.10833333333333334,0,0.0002935652692432121,0.008333333333333333
2026-06-29 12:00:00,2026-06-29,11,709.35582,703.8497088644873,622.6671668047089,763.2645909242658,0,0.05442692913055861,0.125,0,0.0006121963330439458,0.008333333333333333
2026-06-29 13:00:00,2026-06-29,12,709.35582,706.8541711084126,615.8654875299147,784.1080646869106,0,0.014948174964735664,0.075,0,0.0010909874999165186,0.0
2026-06-29 14:00:00,2026-06-29,13,709.35582,706.4014711805241,623.9208701494694,796.576612211579,0,0.012048296882768398,0.041666666666666664,0,0.0013625542317583627,0.025
2026-06-29 15:00:00,2026-06-29,14,727.35582,718.8379051470912,662.4296700383653,795.069390255817,0,0.005401476048124317,0.016666666666666666,0,0.001251900737433677,0.025
2026-06-29 16:00:00,2026-06-29,15,747.35582,731.8868464312551,680.4981330766657,800.8491997858445,0,0.0009638729994569642,0.0,0,0.0012311595564685812,0.041666666666666664
2026-06-29 17:00:00,2026-06-29,16,767.35582,752.2369801656675,725.1531227595475,796.0606375717878,0,0.00040010637344317114,0.0,0,0.005944178045176981,0.06666666666666667
2026-06-29 18:00:00,2026-06-29,17,777.35582,830.1612294569914,733.4185387474155,965.3888801665672,0,0.00035494189373245247,0.016666666666666666,0,0.049131771371198556,0.225
2026-06-29 19:00:00,2026-06-29,18,811.30782,861.1408253351362,695.2484447407543,1050.1800059295183,0,0.0002802787369861701,0.016666666666666666,0,0.09353636774890704,0.43333333333333335
2026-06-29 20:00:00,2026-06-29,19,811.30782,852.6555643083947,762.1801267466543,958.2682818701352,0,0.00026865776486888784,0.025,0,0.058137670159635876,0.20833333333333334
2026-06-29 21:00:00,2026-06-29,20,811.30782,826.1185401828185,795.1449320996272,884.4670582660098,0,0.0005473626877984511,0.016666666666666666,0,0.02623182704592845,0.175
2026-06-29 22:00:00,2026-06-29,21,777.35582,791.0039323125545,737.0690953494192,867.7205392756898,0,0.0005930954975806292,0.0,0,0.0110315892707582,0.14166666666666666
2026-06-29 23:00:00,2026-06-29,22,767.35582,778.9494386119657,682.5334321771356,858.6742450467957,0,0.0006910392828592306,0.008333333333333333,0,0.007436388731517661,0.13333333333333333
2026-06-30 00:00:00,2026-06-29,23,792.29531,746.5857121093072,563.9972008906209,862.5751733279935,0,0.10855418286970556,0.058333333333333334,0,0.006866395442521761,0.075
2026-06-30 01:00:00,2026-06-30,0,792.29531,791.9924273148116,690.7435180940529,820.3001565355703,0,0.004852578609881265,0.0,0,0.0007862775541201058,0.016666666666666666
2026-06-30 02:00:00,2026-06-30,1,797.29531,791.8750349585596,676.9223126682654,832.404917248854,0,0.005782476322333427,0.0,0,0.000795138868690798,0.025
2026-06-30 03:00:00,2026-06-30,2,784.67031,791.7484526347182,688.4961270011918,837.1505382682445,0,0.004762140155278008,0.008333333333333333,0,0.000795138868690798,0.03333333333333333
2026-06-30 04:00:00,2026-06-30,3,792.29531,791.9631547941483,670.2182425056415,851.9631670826551,0,0.0048846248283640386,0.0,0,0.0010108159774119944,0.03333333333333333
2026-06-30 05:00:00,2026-06-30,4,792.29531,790.5584596451962,656.2502432171672,849.4201360732252,0,0.002945117493657301,0.0,0,0.0012271253075295933,0.08333333333333333
2026-06-30 06:00:00,2026-06-30,5,792.29531,726.2972789751308,599.7235313643392,777.0316865859224,0,0.02581512304931746,0.03333333333333333,0,0.00019442454189680586,0.008333333333333333
2026-06-30 07:00:00,2026-06-30,6,706.29531,727.7008643088863,614.0789115902253,798.1033170275471,0,0.02413137575567709,0.06666666666666667,0,0.0002529740781690291,0.0
2026-06-30 08:00:00,2026-06-30,7,706.29531,730.3637578847579,607.4488494597337,811.2527363097822,0,0.023034255357521086,0.10833333333333334,0,0.00026516579794092366,0.0
2026-06-30 09:00:00,2026-06-30,8,706.29531,736.5070280264298,642.879443358664,813.8540726941956,0,0.02452007230205898,0.15,0,0.00026097596528985395,0.0
2026-06-30 10:00:00,2026-06-30,9,792.29531,741.1146462419423,645.9564118852674,837.5776005986171,0,0.019036582135573125,0.10833333333333334,0,0.00026097596528985395,0.008333333333333333
2026-06-30 11:00:00,2026-06-30,10,802.29531,748.0637963393635,673.0088848142432,840.1286078644838,0,0.011237095631077764,0.09166666666666666,0,0.0003722114648977693,0.008333333333333333
2026-06-30 12:00:00,2026-06-30,11,802.29531,761.4287088954803,674.5481468357019,852.8127009552587,0,0.008463893535332343,0.10833333333333334,0,0.0006284044247994449,0.008333333333333333
2026-06-30 13:00:00,2026-06-30,12,802.29531,765.7841256314583,667.1492820529604,864.6063292099562,0,0.005128444178953943,0.06666666666666667,0,0.0008095454999311098,0.0
2026-06-30 14:00:00,2026-06-30,13,817.29531,767.4232044129743,651.0247933819194,871.0639754440291,0,0.004378661230568643,0.03333333333333333,0,0.0010271035812944927,0.025
2026-06-30 15:00:00,2026-06-30,14,827.29531,777.0271893884861,683.3023542797604,872.769044497212,0,0.0011982000949420234,0.016666666666666666,0,0.0016334911280984556,0.025
2026-06-30 16:00:00,2026-06-30,15,847.29531,787.0834381804625,699.2714248258732,879.020651535052,0,0.0008421257982196115,0.0,0,0.0036336068110655343,0.05
2026-06-30 17:00:00,2026-06-30,16,847.29531,796.5243670807941,749.203999674674,872.3524344869144,0,0.0005311279897047047,0.0,0,0.004136744640554665,0.075
2026-06-30 18:00:00,2026-06-30,17,897.79531,840.1044745562784,724.3834838467026,1002.6899152658544,0,0.00029894087586280907,0.03333333333333333,0,0.02495985482305083,0.18333333333333332
2026-06-30 19:00:00,2026-06-30,18,911.29531,867.8178710808605,678.6620504864786,1097.6077516752423,0,0.0002822948013637437,0.025,0,0.06457089415105402,0.325
2026-06-30 20:00:00,2026-06-30,19,911.29531,868.0396584680707,759.8006609299538,1014.6000660061876,0,0.00033470542570918603,0.041666666666666664,0,0.04681116513740024,0.16666666666666666
2026-06-30 21:00:00,2026-06-30,20,847.29531,850.1093015180619,795.3120334348707,934.8195696012532,0,0.0005295305180391225,0.016666666666666666,0,0.01361287617427664,0.14166666666666666
2026-06-30 22:00:00,2026-06-30,21,847.29531,822.3897827792069,742.2233058160716,896.8919397423423,0,0.000477732647406969,0.0,0,0.00562789506990156,0.125
2026-06-30 23:00:00,2026-06-30,22,827.29531,808.2949781610314,687.0891017262013,903.0176845958616,0,0.0005635135220748662,0.008333333333333333,0,0.003381953574260865,0.11666666666666667
2026-07-01 00:00:00,2026-06-30,23,812.1992,778.1654665501928,559.4150953315066,922.0985777688792,0,0.07439880367209385,0.075,0,0.002247851777771569,0.06666666666666667
2026-07-01 01:00:00,2026-07-01,0,812.1992,812.0206518380483,684.9698334617003,873.2032702143962,0,0.014379241825604063,0.008333333333333333,0,0.0003857218322843802,0.016666666666666666
2026-07-01 02:00:00,2026-07-01,1,812.1992,812.0068467504939,688.4995713213182,906.4235721796696,0,0.007777336355045764,0.0,0,0.0003425094690095233,0.008333333333333333
2026-07-01 03:00:00,2026-07-01,2,812.1992,811.9558851022673,703.4072992365979,907.9814709679368,0,0.007514003718102895,0.008333333333333333,0,0.0003608128595298428,0.016666666666666666
2026-07-01 04:00:00,2026-07-01,3,812.1992,812.1064210931037,696.727079649701,891.2379425365064,0,0.005956040366490196,0.0,0,0.0003551122632830879,0.016666666666666666
2026-07-01 05:00:00,2026-07-01,4,812.1992,811.6076110152546,656.6362645872256,904.9994574432836,0,0.004169074431634163,0.0,0,0.0003551122632830879,0.05
2026-07-01 06:00:00,2026-07-01,5,792.1992,765.3872071778623,603.724758338113,867.2265760176116,0,0.022384747700454354,0.03333333333333333,0,0.0003260051355950967,0.008333333333333333
2026-07-01 07:00:00,2026-07-01,6,792.1992,760.7413816752146,637.0549789565537,865.4245643938755,0,0.017886429532151034,0.075,0,0.0002257365386489663,0.0
2026-07-01 08:00:00,2026-07-01,7,787.1992,763.3619132051766,611.5449347801524,868.373771630201,0,0.018005476606558928,0.125,0,0.0002257365386489663,0.008333333333333333
2026-07-01 09:00:00,2026-07-01,8,787.1992,772.1730405560459,652.2749958882802,871.6451252238116,0,0.013786103981846628,0.15833333333333333,0,0.0002257365386489663,0.008333333333333333
2026-07-01 10:00:00,2026-07-01,9,792.1992,781.500068446082,653.5154740894071,897.0825628027568,0,0.012524260044831365,0.10833333333333334,0,0.00031181737936661986,0.0
2026-07-01 11:00:00,2026-07-01,10,812.1992,788.9533617107294,680.393990185609,883.6211532358496,0,0.006681339744536436,0.09166666666666666,0,0.0015486359260978347,0.008333333333333333
2026-07-01 12:00:00,2026-07-01,11,792.1992,813.6912397841712,695.4373477243927,910.0525318439496,0,0.0016192130337520083,0.09166666666666666,0,0.003277949692870752,0.008333333333333333
2026-07-01 13:00:00,2026-07-01,12,792.1992,818.7938301072093,688.4066365287113,936.5046736857072,0,0.0010845421563095152,0.058333333333333334,0,0.0034004387778960978,0.008333333333333333
2026-07-01 14:00:00,2026-07-01,13,792.1992,827.1042646856869,681.136693654632,945.5586357167418,0,0.0005134245446724618,0.03333333333333333,0,0.007114789962238532,0.025
2026-07-01 15:00:00,2026-07-01,14,812.1992,842.567135068813,718.7133699600871,939.1640401775388,0,0.0003719524959263787,0.008333333333333333,0,0.01794925191442314,0.03333333333333333
2026-07-01 16:00:00,2026-07-01,15,812.1992,851.6150807151936,753.7463673606043,951.2359940697828,0,0.0002289540926182663,0.0,0,0.01802286953190352,0.075
2026-07-01 17:00:00,2026-07-01,16,892.6992,854.8419476122772,787.113140206157,928.9213550183974,0,0.00021665454113103857,0.0,0,0.014841782780593898,0.075
2026-07-01 18:00:00,2026-07-01,17,906.1992,919.2531358237436,778.1622451141677,1080.1142265333194,0,0.00021826888869938563,0.016666666666666666,0,0.07306468881327863,0.225
2026-07-01 19:00:00,2026-07-01,18,892.6992,948.0901125873992,738.6865288606388,1172.6991563141596,0,0.0002177860552541283,0.025,0,0.09686216120235377,0.38333333333333336
2026-07-01 20:00:00,2026-07-01,19,906.1992,935.7825750479916,805.1700475098746,1074.110932586109,0,0.00026368723593741346,0.03333333333333333,0,0.08386201702556943,0.19166666666666668
2026-07-01 21:00:00,2026-07-01,20,892.6992,894.2069227715904,817.0748046883991,969.6173308547816,0,0.00024472164016717273,0.016666666666666666,0,0.024150222029809532,0.13333333333333333
2026-07-01 22:00:00,2026-07-01,21,812.1992,873.0468234120931,756.3942864489577,938.8108103752284,0,0.0004183488230799104,0.0,0,0.02198137336806746,0.13333333333333333
2026-07-01 23:00:00,2026-07-01,22,812.1992,854.505132626799,712.068026191969,957.312599061629,0,0.0004947015764028306,0.008333333333333333,0,0.00850702159333296,0.10833333333333334
2026-07-02 00:00:00,2026-07-01,23,792.59321,808.8674162474557,644.0077850287694,925.456347466142,0,0.018292456583736866,0.08333333333333333,0,0.00229178762609731,0.06666666666666667
2026-07-02 01:00:00,2026-07-02,0,792.59321,792.4402101535198,725.2154850183559,819.9025552886836,0,0.0069706697788456985,0.008333333333333333,0,0.0005987301217544201,0.016666666666666666
2026-07-02 02:00:00,2026-07-02,1,782.59321,792.4261499277145,720.3286913201126,839.9235085353165,0,0.006439091821421496,0.0,0,0.0005380903810830939,0.008333333333333333
2026-07-02 03:00:00,2026-07-02,2,782.59321,792.3382665948105,725.1697877223811,839.61429546724,0,0.005590279220911724,0.008333333333333333,0,0.0005380903810830939,0.016666666666666666
2026-07-02 04:00:00,2026-07-02,3,782.59321,792.4835304621319,714.6624051517961,838.0848257724675,0,0.005195088506769542,0.0,0,0.0005512262627331908,0.016666666666666666
2026-07-02 05:00:00,2026-07-02,4,782.59321,792.4816187827379,667.8841223547089,868.472765210767,0,0.0023493642063694953,0.0,0,0.0008664413905800183,0.05
2026-07-02 06:00:00,2026-07-02,5,782.59321,753.6795426271382,612.9217737873888,845.1809814668874,0,0.028291488913403284,0.03333333333333333,0,0.00029899488010889117,0.016666666666666666
2026-07-02 07:00:00,2026-07-02,6,782.59321,753.9733250657354,640.4787723470745,846.5196777843962,0,0.03358919449447811,0.06666666666666667,0,0.000304016420440466,0.0
2026-07-02 08:00:00,2026-07-02,7,774.46621,750.7682809243297,615.1692624993054,849.354999349354,0,0.02644114688232116,0.10833333333333334,0,0.000304016420440466,0.008333333333333333
2026-07-02 09:00:00,2026-07-02,8,782.59321,754.7249891963914,647.6894306420153,844.0508677507677,0,0.024051519406154062,0.15,0,0.00027036176841516716,0.008333333333333333
2026-07-02 10:00:00,2026-07-02,9,782.59321,759.2654651883448,647.91027083167,866.0304195450198,0,0.020946920238523032,0.1,0,0.00024295306632850794,0.0
2026-07-02 11:00:00,2026-07-02,10,782.59321,761.7284884383411,664.4133969132208,850.8402999634613,0,0.005838977067609335,0.09166666666666666,0,0.0009098539208278614,0.008333333333333333
2026-07-02 12:00:00,2026-07-02,11,782.59321,782.8320594168331,679.6910273570546,875.3716114766115,0,0.0025907524198316425,0.1,0,0.0006832120494431913,0.008333333333333333
2026-07-02 13:00:00,2026-07-02,12,782.59321,786.3063567550346,669.2687131765367,893.8616403335326,0,0.00240592566309337,0.06666666666666667,0,0.0006832120494431913,0.0
2026-07-02 14:00:00,2026-07-02,13,792.59321,791.353445184529,662.5645741534743,899.505876215584,0,0.0011196175497355347,0.03333333333333333,0,0.001041182139498026,0.025
2026-07-02 15:00:00,2026-07-02,14,792.59321,805.9382753367463,709.1512702280205,898.8518404454721,0,0.00033668181294038935,0.0,0,0.007200216444251589,0.025
2026-07-02 16:00:00,2026-07-02,15,892.59321,807.7345594600538,718.6594961054644,896.9899328146432,0,0.00033454527639428534,0.0,0,0.010249752344558341,0.05
2026-07-02 17:00:00,2026-07-02,16,892.59321,826.7443288350644,773.6059714289443,893.9385362411845,0,0.00022750011586157492,0.0,0,0.009389200976643341,0.075
2026-07-02 18:00:00,2026-07-02,17,892.59321,876.7588280987939,749.048237389218,1024.3335188083695,0,0.0002435893782286567,0.025,0,0.05966338048435665,0.19166666666666668
2026-07-02 19:00:00,2026-07-02,18,893.09321,893.3155097388474,701.547966012087,1109.345053465608,0,0.00022754648327408025,0.025,0,0.0930031881868418,0.325
2026-07-02 20:00:00,2026-07-02,19,893.09321,880.7203111897489,767.563343651632,1015.225238727866,0,0.00028391106201202103,0.041666666666666664,0,0.06022277257702753,0.16666666666666666
2026-07-02 21:00:00,2026-07-02,20,892.59321,865.6589094133326,801.9579913301413,952.6313674965238,0,0.00029145797392022557,0.016666666666666666,0,0.023647220458562646,0.14166666666666666
2026-07-02 22:00:00,2026-07-02,21,892.59321,833.7174422214058,737.9468652582705,918.8264291845412,0,0.00042869040074073694,0.0,0,0.012243588132169424,0.11666666666666667
2026-07-02 23:00:00,2026-07-02,22,792.59321,820.6940948517386,703.1044884169085,927.8848012865687,0,0.0004807268595451111,0.016666666666666666,0,0.00833468824926067,0.10833333333333334
2026-07-03 00:00:00,2026-07-02,23,792.40976,796.1382470962703,650.527935877584,899.6101083149565,0,0.013221564889418107,0.058333333333333334,0,0.0025647388837572276,0.075
2026-07-03 01:00:00,2026-07-03,0,761.05376,792.2272409313689,749.3099882964157,797.905523566322,0,0.025865427098606023,0.008333333333333333,0,0.0010108677075469279,0.016666666666666666
2026-07-03 02:00:00,2026-07-03,1,752.40976,792.1355362663403,736.881285171594,799.3144473610866,0,0.011530412838007244,0.0,0,0.0003107136983901074,0.025
2026-07-03 03:00:00,2026-07-03,2,752.40976,791.9479958123202,732.5455289895401,805.6646726351001,0,0.011071198185863615,0.008333333333333333,0,0.0003107136983901074,0.03333333333333333
2026-07-03 04:00:00,2026-07-03,3,752.40976,791.944822191525,724.2902038563747,817.9982305266752,0,0.010770346810666511,0.0,0,0.0003045640622075238,0.025
2026-07-03 05:00:00,2026-07-03,4,761.05376,791.0380849591061,675.6205385310769,852.9353313871351,0,0.008689999239179076,0.0,0,0.0003872269810916005,0.075
2026-07-03 06:00:00,2026-07-03,5,792.40976,726.715042085323,594.5121932455738,804.9166309250724,0,0.04071223712744622,0.03333333333333333,0,0.0003629614532365636,0.008333333333333333
2026-07-03 07:00:00,2026-07-03,6,752.40976,725.1748959172359,616.469443198575,808.1159486358968,0,0.041988550870154434,0.06666666666666667,0,0.000364166284771293,0.0
2026-07-03 08:00:00,2026-07-03,7,752.40976,723.9182799252002,600.3048615001759,814.0676383502245,0,0.04496273447710101,0.11666666666666667,0,0.00038362655144577666,0.0
2026-07-03 09:00:00,2026-07-03,8,752.40976,728.1161601552012,632.095181600825,803.7269387095773,0,0.0623466077924301,0.15833333333333333,0,0.00036921839107901286,0.0
2026-07-03 10:00:00,2026-07-03,9,752.40976,731.7432120151764,634.8674076585015,822.0432063718513,0,0.04306520005062607,0.11666666666666667,0,0.0002858439813224916,0.0
2026-07-03 11:00:00,2026-07-03,10,792.40976,736.4267277335695,647.2811162084491,814.3761192586898,0,0.023305443730998746,0.1,0,0.00034651252663290216,0.008333333333333333
2026-07-03 12:00:00,2026-07-03,11,752.40976,761.5397894983935,672.381547438615,840.7751815581719,0,0.008917631231832455,0.10833333333333334,0,0.0005288218336498856,0.008333333333333333
2026-07-03 13:00:00,2026-07-03,12,752.40976,764.8331133137705,666.0376297352726,858.3816168922683,0,0.009061048240230558,0.06666666666666667,0,0.0006868969032228817,0.0
2026-07-03 14:00:00,2026-07-03,13,792.40976,774.8031635944395,667.3895925633847,873.8364346254942,0,0.0020435538506556007,0.03333333333333333,0,0.0019216288940263444,0.025
2026-07-03 15:00:00,2026-07-03,14,877.40976,783.3042188695207,703.9375037607948,858.3942839782463,0,0.0012954203944153147,0.008333333333333333,0,0.0017898185958168638,0.025
2026-07-03 16:00:00,2026-07-03,15,877.40976,811.419672644242,737.8588192896527,887.4631859988315,0,0.0005426963976373551,0.0,0,0.0052132996706877105,0.09166666666666666
2026-07-03 17:00:00,2026-07-03,16,877.40976,818.6400941752368,778.5769367691166,872.7275515813569,0,0.0005426963976373551,0.0,0,0.0060517459805363326,0.075
2026-07-03 18:00:00,2026-07-03,17,882.40976,873.3767942015319,761.572703491956,1003.4718849111076,0,0.00038902133920302887,0.016666666666666666,0,0.031838958099415886,0.21666666666666667
2026-07-03 19:00:00,2026-07-03,18,892.90976,876.2474308346463,711.3308871078859,1067.5138745614067,0,0.00038637856773423803,0.025,0,0.04762072715797565,0.325
2026-07-03 20:00:00,2026-07-03,19,892.90976,866.72458264197,779.6864151038529,971.0030101800868,0,0.000407943363386413,0.041666666666666664,0,0.02481003050122246,0.15833333333333333
2026-07-03 21:00:00,2026-07-03,20,877.40976,865.6107756879222,810.347757604731,934.0282837711136,0,0.00041260554108600453,0.016666666666666666,0,0.014966612615812855,0.14166666666666666
2026-07-03 22:00:00,2026-07-03,21,822.40976,845.6144501758981,762.3842032127627,925.7256471390334,0,0.0005494809456390014,0.0,0,0.011744143075740593,0.14166666666666666
2026-07-03 23:00:00,2026-07-03,22,822.40976,811.3045401214354,701.6598536866054,907.7369565562652,0,0.000772470777477056,0.016666666666666666,0,0.0037301069713604486,0.125
2026-07-04 00:00:00,2026-07-03,23,754.09592,795.9534088029933,642.9866475843071,892.2943000216796,0,0.04848122640747429,0.058333333333333334,0,0.004286099941059091,0.075
2026-07-04 01:00:00,2026-07-04,0,752.33192,753.9026150295857,700.9810781855415,750.9240518736299,0,0.016564528921241307,0.008333333333333333,0,0.0004810239157667058,0.025
2026-07-04 02:00:00,2026-07-04,1,747.33192,753.7246923161267,684.5173603024139,768.0747243298396,0,0.007621722936690212,0.0,0,0.0003128815212100629,0.025
2026-07-04 03:00:00,2026-07-04,2,747.33192,753.4769415264662,680.3897274388776,782.5515556140549,0,0.009950149312652054,0.008333333333333333,0,0.00029613443923164024,0.03333333333333333
2026-07-04 04:00:00,2026-07-04,3,747.33192,753.4747768862982,665.2723393082763,795.5371544643201,0,0.016654874181534204,0.0,0,0.00029613443923164024,0.025
2026-07-04 05:00:00,2026-07-04,4,747.33192,753.5324599739934,604.0295735459644,831.3946764020225,0,0.025142817362745578,0.0,0,0.0003765103029837678,0.075
2026-07-04 06:00:00,2026-07-04,5,747.33192,663.0198493914415,486.5789005516922,758.7285982311909,0,0.13319267910745536,0.075,0,0.002123451544824922,0.008333333333333333
2026-07-04 07:00:00,2026-07-04,6,742.33192,660.3258943685934,506.0095916499325,760.3287070872542,0,0.13335247302575393,0.09166666666666666,0,0.000296216362262652,0.0
2026-07-04 08:00:00,2026-07-04,7,742.33192,660.3949073717929,494.45502894676855,769.7523257968172,0,0.15948737203230404,0.15833333333333333,0,0.000296216362262652,0.0
2026-07-04 09:00:00,2026-07-04,8,742.33192,666.820090744208,528.3574021898318,748.8123292985841,0,0.1601584240110116,0.19166666666666668,0,0.00026853570706882626,0.0
2026-07-04 10:00:00,2026-07-04,9,742.33192,672.7142460465466,540.1852516898717,768.5510404032215,0,0.13956702792013653,0.15,0,0.00024131208252030402,0.0
2026-07-04 11:00:00,2026-07-04,10,742.33192,682.3136454611272,570.5584539360069,767.8936769862474,0,0.06793351096519333,0.125,0,0.0007922210550302268,0.008333333333333333
2026-07-04 12:00:00,2026-07-04,11,742.33192,713.349749089686,600.4999170299076,793.4433311494645,0,0.05083540181727623,0.125,0,0.0006252871060661824,0.008333333333333333
2026-07-04 13:00:00,2026-07-04,12,742.33192,719.9169251869113,605.0027516084134,814.7906087654093,0,0.03746998997269595,0.075,0,0.0006252871060661824,0.0
2026-07-04 14:00:00,2026-07-04,13,742.33192,738.5183127494295,616.3736817183747,833.6108237804843,0,0.0068741549362350465,0.03333333333333333,0,0.0017673336993837704,0.025
2026-07-04 15:00:00,2026-07-04,14,747.33192,767.810542437244,651.4746394402567,865.0000954342311,0,0.0014773960902086719,0.008333333333333333,0,0.005647275980211392,0.075
2026-07-04 16:00:00,2026-07-04,15,752.33192,779.6603170690541,695.4671037144648,856.4592304236435,0,0.0008580470741099075,0.0,0,0.009304247779179656,0.1
2026-07-04 17:00:00,2026-07-04,16,792.33192,795.5998817938114,734.7718581079115,843.6956854797114,0,0.0005309374185734205,0.0,0,0.015243799825657016,0.1
2026-07-04 18:00:00,2026-07-04,17,802.33192,849.4300957246726,741.8854896856333,958.022361763712,0,0.0006220966128784736,0.016666666666666666,0,0.06168180530816501,0.23333333333333334
2026-07-04 19:00:00,2026-07-04,18,892.83192,860.9285431123892,689.1487393856288,1042.3191268391497,0,0.0006303068474247733,0.025,0,0.11107335364030001,0.39166666666666666
2026-07-04 20:00:00,2026-07-04,19,892.83192,860.7002075177408,765.5944334674264,956.2782815680551,0,0.0005829462177172599,0.03333333333333333,0,0.08858783101125846,0.2
2026-07-04 21:00:00,2026-07-04,20,802.33192,853.790219767724,785.8659150336035,915.1191545018448,0,0.0005309374185734205,0.008333333333333333,0,0.042416996596040805,0.2
2026-07-04 22:00:00,2026-07-04,21,792.33192,815.5667787024192,730.8072912428498,868.0975661619887,0,0.0008775259392592381,0.0,0,0.02832238394514591,0.16666666666666666
2026-07-04 23:00:00,2026-07-04,22,792.33192,783.7473147616379,664.2959583268077,871.3186711964679,0,0.0010012454123651388,0.008333333333333333,0,0.01424968655228676,0.13333333333333333
2026-07-05 00:00:00,2026-07-04,23,744.81769,758.0349883138208,560.1753770951345,876.601049532507,0,0.10279835532802833,0.058333333333333334,0,0.003327464002624544,0.08333333333333333
2026-07-05 01:00:00,2026-07-05,0,744.81769,744.6214994611578,639.4942321758579,762.8878167464577,0,0.006277358076561257,0.008333333333333333,0,0.0014064815700688068,0.03333333333333333
2026-07-05 02:00:00,2026-07-05,1,742.31769,744.4109494083225,620.4759877306001,780.4803910860448,0,0.003983639019747558,0.0,0,0.0013382415282486189,0.03333333333333333
2026-07-05 03:00:00,2026-07-05,2,742.31769,743.8985423783872,604.1221872945489,805.8029174622254,0,0.003490378534696045,0.008333333333333333,0,0.0013382415282486189,0.041666666666666664
2026-07-05 04:00:00,2026-07-05,3,744.81769,743.9366793898997,573.1991344464195,827.56559433338,0,0.0044655991998753235,0.0,0,0.0012903466787104717,0.041666666666666664
2026-07-05 05:00:00,2026-07-05,4,744.81769,743.9962322296839,511.8820158016548,860.7869986577128,0,0.01372690317066185,0.0,0,0.0011694081782810796,0.10833333333333334
2026-07-05 06:00:00,2026-07-05,5,737.81769,659.4390452998119,397.79890646006265,801.4962941395612,0,0.19573080370251977,0.041666666666666664,0,0.0020150526237264874,0.008333333333333333
2026-07-05 07:00:00,2026-07-05,6,701.81769,654.9854040365318,406.05653131787096,798.9468167551927,0,0.19483136121614167,0.075,0,0.00037351108261829587,0.0
2026-07-05 08:00:00,2026-07-05,7,332.81769,654.3283559737923,393.733087548768,808.6351643988166,1,0.21684852300902668,0.11666666666666667,0,0.0003923996768114522,0.0
2026-07-05 09:00:00,2026-07-05,8,332.81769,649.0173376206484,429.55385906627214,778.2443961750246,1,0.20814936618214888,0.19166666666666668,0,0.00036658839626489855,0.0
2026-07-05 10:00:00,2026-07-05,9,332.81769,653.1971097518202,444.0695753951454,788.095804108495,1,0.211539615077428,0.15,0,0.00029340498418469277,0.0
2026-07-05 11:00:00,2026-07-05,10,332.81769,658.9057704830308,481.1297589579104,783.503702008151,1,0.12334117982444234,0.125,0,0.0004488832887740081,0.008333333333333333
2026-07-05 12:00:00,2026-07-05,11,692.81769,684.8593843055655,511.338092245787,784.2790363653439,0,0.11376606560541964,0.125,0,0.0007398649506493807,0.008333333333333333
2026-07-05 13:00:00,2026-07-05,12,701.81769,686.7033732796432,529.5777697011453,806.700956858141,0,0.09140649805313837,0.08333333333333333,0,0.0007398649506493807,0.0
2026-07-05 14:00:00,2026-07-05,13,737.81769,690.0526618595312,534.1115908284764,798.7951828905859,0,0.06394242695816407,0.041666666666666664,0,0.0008692814780542873,0.025
2026-07-05 15:00:00,2026-07-05,14,737.81769,696.2100159557596,550.1129629587725,809.7799689527468,0,0.0413249811313677,0.016666666666666666,0,0.0020931447803879647,0.025
2026-07-05 16:00:00,2026-07-05,15,742.31769,706.5507008981343,592.2125875435449,791.4308142527236,0,0.023087324955463027,0.0,0,0.001955527716901344,0.03333333333333333
2026-07-05 17:00:00,2026-07-05,16,755.31769,731.0830471678889,640.9140834819891,788.6284208537888,0,0.0014793114274225892,0.0,0,0.004446960077718723,0.06666666666666667
2026-07-05 18:00:00,2026-07-05,17,798.31769,799.360778055537,679.8145920164978,926.0570540945764,0,0.0007276720086141595,0.016666666666666666,0,0.04204563672546129,0.20833333333333334
2026-07-05 19:00:00,2026-07-05,18,872.81769,835.5705057260654,645.4480525608686,1016.922838891262,0,0.0005996669795758257,0.025,0,0.11453670267364209,0.39166666666666666
2026-07-05 20:00:00,2026-07-05,19,872.81769,833.1405229892065,711.6342089388922,938.735997039521,0,0.0005095895516014598,0.025,0,0.13886994781748013,0.21666666666666667
2026-07-05 21:00:00,2026-07-05,20,798.31769,804.1647223432527,714.1210176091322,864.5667870773732,0,0.0005619719991598995,0.016666666666666666,0,0.05026808990619469,0.15833333333333333
2026-07-05 22:00:00,2026-07-05,21,798.31769,791.3866186494787,675.2621711899094,849.2987561090481,0,0.0007827563865874728,0.0,0,0.056860070084278576,0.16666666666666666
2026-07-05 23:00:00,2026-07-05,22,755.31769,768.8168293748644,618.9521229400343,874.7538358096942,0,0.0008242006742464156,0.008333333333333333,0,0.033180999500619444,0.13333333333333333
2026-07-06 00:00:00,2026-07-05,23,742.51853,747.2633250936694,584.4828638749832,861.3499863123557,0,0.022658696216471385,0.058333333333333334,0,0.003165092710085288,0.1
2026-07-06 01:00:00,2026-07-06,0,742.51853,742.350678488277,651.9181782539636,738.3928787225905,0,0.018610077542758653,0.008333333333333333,0,0.0008686708545554413,0.016666666666666666
2026-07-06 02:00:00,2026-07-06,1,702.22553,742.2266354143248,637.5945597205083,753.4594811081414,0,0.01373524596303547,0.0,0,0.0008257709136818962,0.025
2026-07-06 03:00:00,2026-07-06,2,702.22553,741.7297809617957,612.2883445421589,769.3952173814325,0,0.007362222894733727,0.008333333333333333,0,0.0006749479480630976,0.03333333333333333
2026-07-06 04:00:00,2026-07-06,3,702.22553,741.7691952279043,588.6227711387891,811.0844993170197,0,0.006149798268127409,0.0,0,0.0009292608286103019,0.025
2026-07-06 05:00:00,2026-07-06,4,744.22553,741.3374204428272,502.4180440147981,848.5313668708563,0,0.006196239461380082,0.0,0,0.0010241585745413215,0.06666666666666667
2026-07-06 06:00:00,2026-07-06,5,742.51853,639.3078030837254,390.8291142439761,776.2136319234747,0,0.16303040023300935,0.08333333333333333,0,0.000313926439454326,0.008333333333333333
2026-07-06 07:00:00,2026-07-06,6,702.22553,638.8390961797556,408.1750534610948,788.5277088984166,0,0.14933564938708097,0.11666666666666667,0,0.00032974763628152755,0.0
2026-07-06 08:00:00,2026-07-06,7,701.22553,628.3748275136943,394.88675222796473,792.1543027994238,0,0.2218511244715621,0.18333333333333332,0,0.00044286316076036394,0.0
2026-07-06 09:00:00,2026-07-06,8,701.22553,633.464706886169,449.0789222184033,771.4396915539347,0,0.24525256418967073,0.25,0,0.0004589406324742042,0.0
2026-07-06 10:00:00,2026-07-06,9,702.22553,639.9218969866644,478.0324383514434,803.1792456218852,0,0.229780415268687,0.2,0,0.0004589406324742042,0.0
2026-07-06 11:00:00,2026-07-06,10,744.22553,666.5070376228165,504.8997841317295,778.5082411139034,0,0.22896680875278294,0.14166666666666666,0,0.0008363973898827979,0.008333333333333333
2026-07-06 12:00:00,2026-07-06,11,742.51853,722.4401623077048,579.7740702479263,825.5281243674832,0,0.04334219859543005,0.11666666666666667,0,0.0008268128338444063,0.008333333333333333
2026-07-06 13:00:00,2026-07-06,12,744.22553,740.523713195745,595.7324696172471,849.141156774243,0,0.00739513248068861,0.075,0,0.000837768324125005,0.016666666666666666
2026-07-06 14:00:00,2026-07-06,13,747.72553,766.5505874093083,638.5316863782534,863.4966184403631,0,0.0034409445841641225,0.03333333333333333,0,0.002624200805747927,0.03333333333333333
2026-07-06 15:00:00,2026-07-06,14,747.72553,783.963373989992,682.7660609930048,906.9717269869792,0,0.001807605769654886,0.008333333333333333,0,0.006954744895783391,0.06666666666666667
2026-07-06 16:00:00,2026-07-06,15,887.22553,791.0300174074473,701.325434052858,862.4751307620367,0,0.0008268919754725347,0.0,0,0.016474891703549835,0.1
2026-07-06 17:00:00,2026-07-06,16,892.22553,806.0545946013004,744.2795309154005,858.7346182872004,0,0.0010009778939637968,0.0,0,0.019422311041975608,0.125
2026-07-06 18:00:00,2026-07-06,17,892.22553,855.9624267556044,748.7143507165651,955.4152027946438,0,0.000888859428494755,0.016666666666666666,0,0.0528534314622698,0.25
2026-07-06 19:00:00,2026-07-06,18,982.22553,887.8385204481401,719.0302785787803,1043.6103123175,0,0.0006666590150515773,0.008333333333333333,1,0.12729087178586354,0.45
2026-07-06 20:00:00,2026-07-06,19,1062.22553,879.95898991488,786.7792958645656,969.6728039651946,0,0.0005960916823151882,0.025,1,0.0943849036883866,0.23333333333333334
2026-07-06 21:00:00,2026-07-06,20,1062.22553,843.4036781517932,771.9910434176727,914.7809528859138,0,0.0005833568232772455,0.008333333333333333,1,0.037402479784293716,0.175
2026-07-06 22:00:00,2026-07-06,21,892.22553,833.6125851768696,739.8228977173003,901.7874126364392,0,0.0010884598545544042,0.0,0,0.038645562707383244,0.19166666666666668
2026-07-06 23:00:00,2026-07-06,22,887.22553,822.4870883600945,729.6424419252644,911.8180447949246,0,0.0016736322527788584,0.008333333333333333,0,0.027147310525746517,0.15833333333333333
2026-07-07 00:00:00,2026-07-06,23,702.205,715.2881659030645,551.4386046843783,822.9140271217509,0,0.16719375145958487,0.075,0,0.01425714630242617,0.05
2026-07-07 01:00:00,2026-07-07,0,701.705,702.0065606549614,626.224790420648,713.2086608892747,0,0.058648883374312615,0.016666666666666666,0,0.0007053939583493531,0.0
2026-07-07 02:00:00,2026-07-07,1,701.705,702.0205445917983,626.7813284022837,741.4573007813127,0,0.0561693490931655,0.016666666666666666,0,0.0006768934846927105,0.0
2026-07-07 03:00:00,2026-07-07,2,701.705,701.9460054771021,647.76768574428,739.6097252099241,0,0.06002199068293312,0.025,0,0.0006768934846927105,0.0
2026-07-07 04:00:00,2026-07-07,3,701.705,702.0536369201697,628.7122228310544,733.7820510092848,0,0.05823470258619978,0.016666666666666666,0,0.0005650264827317962,0.0
2026-07-07 05:00:00,2026-07-07,4,701.705,706.1625580259056,577.2077115978766,761.9983044539349,0,0.05408456549122761,0.008333333333333333,0,0.0009438892537691504,0.041666666666666664
2026-07-07 06:00:00,2026-07-07,5,701.705,696.6093061257205,543.9348572859712,756.1537349654698,0,0.05481030178320593,0.05,0,0.0004991261419630598,0.008333333333333333
2026-07-07 07:00:00,2026-07-07,6,701.705,694.5936571255382,576.0811044068776,778.6011598441992,0,0.04732623367601714,0.08333333333333333,0,0.00047803567304894527,0.0
2026-07-07 08:00:00,2026-07-07,7,701.205,699.565392024358,556.8004167386284,794.3709673100875,0,0.05668190705310935,0.13333333333333333,0,0.0005471797286245933,0.0
2026-07-07 09:00:00,2026-07-07,8,701.205,713.9599050585391,607.3455203907733,810.3834897263048,0,0.022159983646744305,0.175,0,0.0005686449529384036,0.0
2026-07-07 10:00:00,2026-07-07,9,701.705,727.7480596958179,620.6267810605971,829.4857383310389,0,0.012676318637279768,0.10833333333333334,0,0.0005686449529384036,0.0
2026-07-07 11:00:00,2026-07-07,10,701.705,747.2898464804426,641.9581929893559,839.0229999715295,0,0.007437677489660788,0.075,0,0.002660118323571513,0.008333333333333333
2026-07-07 12:00:00,2026-07-07,11,701.705,773.0420074959213,661.7454254361428,871.9011695556997,0,0.001921535347852512,0.05,0,0.00653291662872227,0.008333333333333333
2026-07-07 13:00:00,2026-07-07,12,701.705,786.2753052995786,675.8108617210808,901.0029488780764,0,0.0012624911046025438,0.05,0,0.017169625248074832,0.008333333333333333
2026-07-07 14:00:00,2026-07-07,13,701.705,803.8593654681099,681.5604544370552,912.4343364991648,0,0.000522738187348004,0.025,0,0.03433628215162101,0.05
2026-07-07 15:00:00,2026-07-07,14,701.705,823.5142193072419,695.6853263102547,947.6155723042287,0,0.0005121507776315841,0.0,0,0.05936341683328515,0.09166666666666666
2026-07-07 16:00:00,2026-07-07,15,702.205,868.1378059923102,757.3372044484096,984.2755075362109,0,0.0003850008207024642,0.0,0,0.10303230189263585,0.2
2026-07-07 17:00:00,2026-07-07,16,742.205,878.9207804112579,801.4497097653242,978.2236910571918,0,0.00036966352137171387,0.0,0,0.08929173781728937,0.20833333333333334
2026-07-07 18:00:00,2026-07-07,17,743.705,935.8746909138564,826.8152148748171,1087.3263669528956,0,0.00022990873914561572,0.016666666666666666,0,0.17386030842100553,0.38333333333333336
2026-07-07 19:00:00,2026-07-07,18,887.205,981.7420625572596,820.0784279452484,1152.2743371692704,0,0.00018222939372514735,0.008333333333333333,0,0.33418686491941585,0.6166666666666667
2026-07-07 20:00:00,2026-07-07,19,887.205,973.4483799921514,866.9002124540344,1099.0087675302684,0,0.000189690838424318,0.016666666666666666,0,0.3283307523454493,0.4583333333333333
2026-07-07 21:00:00,2026-07-07,20,742.584,948.4743520653238,894.7185339821326,1039.363020148515,0,0.0003206921922407915,0.008333333333333333,0,0.18381499649089825,0.35833333333333334
2026-07-07 22:00:00,2026-07-07,21,743.705,884.2595780465493,827.9178905869801,975.1314655061188,0,0.00040247951543707027,0.0,0,0.05128115323764508,0.26666666666666666
2026-07-07 23:00:00,2026-07-07,22,702.205,843.1028297396548,737.2230233048247,944.2519361744849,0,0.0003569366771170564,0.008333333333333333,0,0.04808316558564293,0.14166666666666666
2026-07-08 00:00:00,2026-07-07,23,737.74955,715.3716490995934,581.638187880907,824.9304103182797,0,0.08621634192972506,0.1,0,0.005971627865845924,0.05
2026-07-08 01:00:00,2026-07-08,0,737.74955,737.2775724661236,693.5059336328842,741.713771299363,0,0.006666781006402206,0.008333333333333333,0,0.0011457432185675573,0.016666666666666666
2026-07-08 02:00:00,2026-07-08,1,701.74955,737.0299602651642,679.2786625459636,750.3910579843647,0,0.00492080408591804,0.0,0,0.0009798197129727816,0.025
2026-07-08 03:00:00,2026-07-08,2,701.74955,736.3665919098416,687.35350584005,756.3477579796331,0,0.004173266767925936,0.008333333333333333,0,0.0009798197129727816,0.03333333333333333
2026-07-08 04:00:00,2026-07-08,3,701.74955,736.576992178904,662.9002353634698,754.6233489943382,0,0.0039741221165475816,0.0,0,0.0009798197129727816,0.03333333333333333
2026-07-08 05:00:00,2026-07-08,4,737.74955,735.49329575932,610.4006493312909,789.5852921873491,0,0.0037690421604987794,0.0,0,0.0012017485451722937,0.09166666666666666
2026-07-08 06:00:00,2026-07-08,5,737.74955,674.0182782714651,531.4450894317158,740.0148171112144,0,0.03749164833496852,0.03333333333333333,0,0.0007343565681204579,0.008333333333333333
2026-07-08 07:00:00,2026-07-08,6,701.34955,675.6726997265931,567.6780470079323,755.934452445254,0,0.028092566677649134,0.06666666666666667,0,0.0006424703215173989,0.0
2026-07-08 08:00:00,2026-07-08,7,701.34955,677.6676486250723,548.7916733393428,772.0427239108018,0,0.06437814037985878,0.125,0,0.0003311708269762836,0.0
2026-07-08 09:00:00,2026-07-08,8,701.34955,671.3421357700829,598.3500211023171,750.7173204378487,0,0.07615455957304569,0.175,0,0.00026467343062577423,0.0
2026-07-08 10:00:00,2026-07-08,9,701.34955,672.6283050669324,586.8773664317114,765.8018837021533,0,0.05199112866581995,0.125,0,0.0005121776263969579,0.0
2026-07-08 11:00:00,2026-07-08,10,701.74955,681.360669589346,600.3662960982591,764.2977230804329,0,0.04078440090733421,0.10833333333333334,0,0.0011754612120730603,0.008333333333333333
2026-07-08 12:00:00,2026-07-08,11,701.74955,703.2466250687099,626.4522330089314,801.1855171284883,0,0.02666453532798388,0.11666666666666667,0,0.0014966351546111488,0.008333333333333333
2026-07-08 13:00:00,2026-07-08,12,704.24955,707.3215607640701,608.4881171855722,809.118964342568,0,0.018459242611979135,0.075,0,0.0015460345179859195,0.0
2026-07-08 14:00:00,2026-07-08,13,737.74955,712.4033222719977,601.0879312409428,838.0420333030524,0,0.013751595125972483,0.041666666666666664,0,0.0018535018913708302,0.025
2026-07-08 15:00:00,2026-07-08,14,737.74955,721.506006162984,610.4152131659968,864.4953591599711,0,0.003711957803577157,0.016666666666666666,0,0.002742971302436498,0.025
2026-07-08 16:00:00,2026-07-08,15,738.24955,731.6321427414399,622.3650770798268,856.8336584030529,0,0.0010701954864337424,0.0,0,0.004004615514310041,0.058333333333333334
2026-07-08 17:00:00,2026-07-08,16,742.74955,748.8623520782567,683.5372954836058,845.4716686729075,0,0.00039335409697941967,0.0,0,0.010681664821837277,0.06666666666666667
2026-07-08 18:00:00,2026-07-08,17,742.74955,787.4618084376873,664.503752398648,959.3533944767266,0,0.00031683016875596996,0.03333333333333333,0,0.016906882222199805,0.18333333333333332
2026-07-08 19:00:00,2026-07-08,18,887.24955,846.6826724653879,701.7903249968609,1028.2518799339148,0,0.00013901538133798618,0.025,0,0.06903833385112133,0.4
2026-07-08 20:00:00,2026-07-08,19,887.24955,853.6506992386306,732.6393417005137,1012.4167367767476,0,0.00013495832364828872,0.025,0,0.06983424801024053,0.225
2026-07-08 21:00:00,2026-07-08,20,887.24955,800.1438303334021,720.8890426188949,897.8900680479093,0,0.0002815602556358507,0.016666666666666666,0,0.012164351676387164,0.15
2026-07-08 22:00:00,2026-07-08,21,742.32155,787.0063791787531,685.5476100295259,887.2852483279805,0,0.0007661041147796212,0.0,0,0.009314489581456146,0.15
2026-07-08 23:00:00,2026-07-08,22,738.24955,761.9016846334438,646.4673806214263,885.2044686454614,0,0.0010179313819535904,0.008333333333333333,0,0.005278691650732658,0.13333333333333333
2026-07-09 00:00:00,2026-07-08,23,702.28966,733.7915395003733,604.733378281687,865.3004007190596,0,0.01849654203796581,0.06666666666666667,0,0.0030327811402353737,0.075
2026-07-09 01:00:00,2026-07-09,0,702.28966,702.0542296180017,666.4158484084536,721.9681108275498,0,0.011563561093553916,0.008333333333333333,0,0.0030276178341181455,0.008333333333333333
2026-07-09 02:00:00,2026-07-09,1,702.28966,702.0425990743438,667.7167469711817,720.1426011775059,0,0.016851719284321037,0.0,0,0.0008799502571782327,0.0
2026-07-09 03:00:00,2026-07-09,2,702.28966,701.8329201300587,661.2626364681896,707.8544537919277,0,0.016851719284321037,0.016666666666666666,0,0.0008799502571782327,0.008333333333333333
2026-07-09 04:00:00,2026-07-09,3,702.28966,701.8924211429968,649.5166372400116,713.4823050459819,0,0.015816320359132777,0.008333333333333333,0,0.0007345496845415553,0.008333333333333333
2026-07-09 05:00:00,2026-07-09,4,702.68966,702.7293551261452,594.2563586981161,757.4886015541742,0,0.003354599057629504,0.008333333333333333,0,0.0016230815051907232,0.041666666666666664
2026-07-09 06:00:00,2026-07-09,5,702.68966,686.92165430363,562.0865654638807,763.4011431433793,0,0.015220235385578665,0.03333333333333333,0,0.0016230815051907232,0.016666666666666666
2026-07-09 07:00:00,2026-07-09,6,702.68966,686.1753831794347,588.7977304607739,763.8066958980955,0,0.047289048429973855,0.06666666666666667,0,0.0006074229406675441,0.008333333333333333
2026-07-09 08:00:00,2026-07-09,7,702.68966,686.4707332006882,563.6531579149587,777.9604084864178,0,0.05348106744841048,0.125,0,0.0006013426012431873,0.008333333333333333
2026-07-09 09:00:00,2026-07-09,8,702.28966,687.148928197408,608.1413035296423,766.8169728651739,0,0.03473713277282693,0.15833333333333333,0,0.00048053275613933814,0.008333333333333333
2026-07-09 10:00:00,2026-07-09,9,702.28966,693.3179927453846,599.1303141101637,782.7605713806055,0,0.026581822763099998,0.10833333333333334,0,0.0004869021790577544,0.0
2026-07-09 11:00:00,2026-07-09,10,702.68966,704.6177013803881,623.8036878893012,793.198094871475,0,0.005249080191917492,0.09166666666666666,0,0.0007077404692733519,0.008333333333333333
2026-07-09 12:00:00,2026-07-09,11,702.28966,717.6273164369414,623.2129743771629,803.1675084967198,0,0.0028864577357996276,0.09166666666666666,0,0.0015468461264791784,0.008333333333333333
2026-07-09 13:00:00,2026-07-09,12,702.68966,721.5535623186225,626.7479187401245,818.4343358971204,0,0.002591281549570243,0.05,0,0.001694907664759544,0.008333333333333333
2026-07-09 14:00:00,2026-07-09,13,708.18966,737.6832408795744,637.4836398485196,857.3745419106293,0,0.0005467395376340168,0.025,0,0.013241167638998576,0.03333333333333333
2026-07-09 15:00:00,2026-07-09,14,738.78966,750.4523174643947,645.0985044674076,876.5344104613819,0,0.0005295860730943691,0.008333333333333333,0,0.02006237590056723,0.05
2026-07-09 16:00:00,2026-07-09,15,743.28966,757.9328328753351,654.940677213722,869.4435485369481,0,0.00018448794068680926,0.0,0,0.02193946578063108,0.08333333333333333
2026-07-09 17:00:00,2026-07-09,16,738.78966,759.9290260574842,703.6682294628333,842.360582652135,0,0.00019425845820931678,0.0,0,0.020440560251930896,0.08333333333333333
2026-07-09 18:00:00,2026-07-09,17,743.28966,796.035596195074,689.3120901560346,940.4890722341132,0,0.00020633830215625247,0.025,0,0.0768283365112152,0.19166666666666668
2026-07-09 19:00:00,2026-07-09,18,743.28966,861.4323538717608,735.5048064032338,1006.3146613402878,0,0.0001084557782719274,0.016666666666666666,0,0.1835523071027827,0.43333333333333335
2026-07-09 20:00:00,2026-07-09,19,888.18966,863.4300150967656,760.9327775586487,985.1177026348828,0,0.00010529048533137146,0.025,0,0.18720355481937975,0.24166666666666667
2026-07-09 21:00:00,2026-07-09,20,888.18966,850.2365549327078,786.2533472182007,929.722522647215,0,0.00010866705004253948,0.008333333333333333,0,0.12481661281477716,0.275
2026-07-09 22:00:00,2026-07-09,21,738.78966,786.3905974029789,707.8601282537516,881.6954665522062,0,0.00022964045039801823,0.0,0,0.032302923031135196,0.15
2026-07-09 23:00:00,2026-07-09,22,738.18966,766.1060210222117,667.8359770101941,889.3883650342292,0,0.0005927685087288262,0.008333333333333333,0,0.02140182050130557,0.10833333333333334
2026-07-10 00:00:00,2026-07-09,23,703.12464,706.8631608914701,581.5237396727839,799.9852421101564,0,0.01904276198786108,0.08333333333333333,0,0.006211056214322696,0.058333333333333334
2026-07-10 01:00:00,2026-07-10,0,703.12464,702.9279050521919,679.2570238426438,692.66185626174,0,0.018406925700560805,0.008333333333333333,0,0.0008668262662236993,0.016666666666666666
2026-07-10 02:00:00,2026-07-10,1,703.12464,702.9024255201042,668.4044282621596,692.2906827780487,0,0.029360285755036988,0.0,0,0.0007519975472033793,0.008333333333333333
2026-07-10 03:00:00,2026-07-10,2,703.12464,702.6282403835335,669.370096390641,695.5155243764258,0,0.022942958731306026,0.008333333333333333,0,0.0006587924063475293,0.016666666666666666
2026-07-10 04:00:00,2026-07-10,3,703.12464,702.9107808585443,652.7583938098134,692.2448779072753,0,0.018637219374790372,0.0,0,0.0006587924063475293,0.008333333333333333
2026-07-10 05:00:00,2026-07-10,4,703.12464,703.4109768570129,601.7186904289839,741.214623285042,0,0.010822507389686046,0.0,0,0.0012084419981806052,0.041666666666666664
2026-07-10 06:00:00,2026-07-10,5,703.12464,679.3463234099125,557.851944310383,738.574762509442,0,0.038487175287374234,0.03333333333333333,0,0.0018539509794620725,0.016666666666666666
2026-07-10 07:00:00,2026-07-10,6,703.07464,682.5522701516503,571.7619587173796,739.304581585921,0,0.10710540406961346,0.06666666666666667,0,0.0010563079052969763,0.008333333333333333
2026-07-10 08:00:00,2026-07-10,7,703.07464,685.0145295673572,566.0010460257545,751.5670631089598,0,0.09191526525755353,0.11666666666666667,0,0.0010295611629569257,0.008333333333333333
2026-07-10 09:00:00,2026-07-10,8,699.07464,691.2371254954878,601.683240827722,748.0887101632535,0,0.07674840734734935,0.15833333333333333,0,0.00037949105597607656,0.008333333333333333
2026-07-10 10:00:00,2026-07-10,9,703.07464,699.8522541180492,610.9972597613744,771.2081484747241,0,0.04543910391036616,0.1,0,0.00045262082113501614,0.0
2026-07-10 11:00:00,2026-07-10,10,703.12464,705.082534736762,630.0747732116417,765.6877462618822,0,0.004604691382431713,0.09166666666666666,0,0.0016436868274107429,0.008333333333333333
2026-07-10 12:00:00,2026-07-10,11,703.12464,714.2769401670321,626.5510481072537,773.5640322268106,0,0.016255559347356563,0.09166666666666666,0,0.0013243504583964648,0.008333333333333333
2026-07-10 13:00:00,2026-07-10,12,707.07464,717.0225719628866,647.1878685449662,782.2293253808068,0,0.012211174225864405,0.06666666666666667,0,0.0023457212824333,0.008333333333333333
2026-07-10 14:00:00,2026-07-10,13,707.57464,722.8957194466087,620.2222984155538,807.7867404776636,0,0.001332065541466107,0.025,0,0.009725868082600422,0.025
2026-07-10 15:00:00,2026-07-10,14,740.57464,737.2849366485938,647.2692436516066,826.096349645581,0,0.00047973089983319053,0.0,0,0.01899830599685841,0.025
2026-07-10 16:00:00,2026-07-10,15,740.57464,744.7328114238422,670.2562357622293,826.4903270854553,0,0.00032010173653654415,0.0,0,0.02097805077224041,0.06666666666666667
2026-07-10 17:00:00,2026-07-10,16,739.86164,746.5325137481984,708.8700971535476,790.8571103428493,0,0.0003721279406829334,0.0,0,0.02002854847046308,0.075
2026-07-10 18:00:00,2026-07-10,17,744.17464,780.4956584466134,694.9618024075742,885.4806944856527,0,0.00035518822483872234,0.025,0,0.05758512441804352,0.16666666666666666
2026-07-10 19:00:00,2026-07-10,18,889.07464,808.1885758681358,706.1546983996088,922.4616933366628,0,0.00031113773443085875,0.025,0,0.11542481938393168,0.2916666666666667
2026-07-10 20:00:00,2026-07-10,19,744.17464,846.1050744275357,768.0517468894187,951.2779019656526,0,0.00021972555502599463,0.025,0,0.2390196458240771,0.2
2026-07-10 21:00:00,2026-07-10,20,889.07464,837.8902884909699,790.5651807764627,907.313446205477,0,0.00024278124349888543,0.008333333333333333,0,0.2035430263418846,0.23333333333333334
2026-07-10 22:00:00,2026-07-10,21,740.57464,774.1853904625482,732.1351736891249,837.2011172359715,0,0.0010606949624218651,0.0,0,0.03211961110173577,0.14166666666666666
2026-07-10 23:00:00,2026-07-10,22,707.57464,756.2541173098851,682.8266108750549,831.8229937447152,0,0.0010960089575252933,0.008333333333333333,0,0.017268013019919166,0.10833333333333334
2026-07-11 00:00:00,2026-07-10,23,742.40661,708.3727903220451,584.5101891033589,811.6084515407315,0,0.07721159322735356,0.08333333333333333,0,0.003908562228161883,0.075
2026-07-11 01:00:00,2026-07-11,0,738.26961,742.1078645888085,729.4251457555691,744.846933422048,0,0.005958330514584261,0.0,0,0.0006547072695195905,0.016666666666666666
2026-07-11 02:00:00,2026-07-11,1,702.80661,741.9312653640989,720.9099632609368,742.503567467261,0,0.003700682342019511,0.0,0,0.0004988527912450458,0.016666666666666666
2026-07-11 03:00:00,2026-07-11,2,701.35661,741.6394960116745,710.7259223498055,740.8617696735436,0,0.002219633730000881,0.008333333333333333,0,0.00041091538202047524,0.025
2026-07-11 04:00:00,2026-07-11,3,701.35661,741.637673221439,702.0909293184537,747.876197124424,0,0.002407505098284472,0.0,0,0.0004370095530830003,0.03333333333333333
2026-07-11 05:00:00,2026-07-11,4,701.35661,740.2390164491159,654.9380600210868,788.0621228771449,0,0.0038441143604635622,0.0,0,0.00043077047696357803,0.08333333333333333
2026-07-11 06:00:00,2026-07-11,5,701.35661,700.3651404902711,588.7943413907416,767.1912795898006,0,0.04285112104987268,0.03333333333333333,0,0.0004041700924638875,0.016666666666666666
2026-07-11 07:00:00,2026-07-11,6,698.30661,702.0578607599718,604.859299325701,768.2025721942425,0,0.06884454243120049,0.05,0,0.00030924815671306525,0.0
2026-07-11 08:00:00,2026-07-11,7,697.30661,701.4133271026124,586.0524935610097,775.590260644215,0,0.072710094196941,0.1,0,0.00029770119681185077,0.008333333333333333
2026-07-11 09:00:00,2026-07-11,8,697.30661,702.6060631707028,613.0714785029371,766.1516478384686,0,0.08708375306753009,0.15,0,0.00020656028290757806,0.016666666666666666
2026-07-11 10:00:00,2026-07-11,9,698.30661,705.5845189766712,614.2925746199963,774.2765133333461,0,0.04717066314272893,0.1,0,0.0002560871665967014,0.008333333333333333
2026-07-11 11:00:00,2026-07-11,10,698.30661,709.0438822517629,637.2985907266426,775.8686737768832,0,0.02445625647401258,0.09166666666666666,0,0.00032260931154586356,0.008333333333333333
2026-07-11 12:00:00,2026-07-11,11,698.30661,713.1459412214048,638.3267991616264,783.3961432811832,0,0.025649846457261097,0.1,0,0.0005390326193781276,0.008333333333333333
2026-07-11 13:00:00,2026-07-11,12,701.35661,714.0808192819806,648.8245658640602,777.7927226999008,0,0.022823410421752753,0.06666666666666667,0,0.0010012210454008244,0.0
2026-07-11 14:00:00,2026-07-11,13,701.35661,713.5366769615134,618.9800159304586,793.4360179925683,0,0.01629981190471679,0.025,0,0.001464534360553988,0.025
2026-07-11 15:00:00,2026-07-11,14,701.35661,724.7185432219982,636.670900225011,802.9500962189854,0,0.006183440800515067,0.008333333333333333,0,0.001866629087352636,0.025
2026-07-11 16:00:00,2026-07-11,15,742.40661,727.2174218109386,660.3088061493256,801.7157774725516,0,0.001606941006981072,0.0,0,0.0017082190030088212,0.03333333333333333
2026-07-11 17:00:00,2026-07-11,16,738.26961,732.9356232264016,702.0949666317508,775.4631798210526,0,0.0014353244599266334,0.0,0,0.002098146814807892,0.05
2026-07-11 18:00:00,2026-07-11,17,922.30661,767.5329843949131,683.6416083558738,872.9378304339525,0,0.0005946654725893958,0.03333333333333333,1,0.007030823820288814,0.15833333333333333
2026-07-11 19:00:00,2026-07-11,18,922.30661,812.8095198455159,720.3142123769888,934.1025973140428,0,0.00028202308891420375,0.025,1,0.06752934312519382,0.275
2026-07-11 20:00:00,2026-07-11,19,922.30661,781.7631005194477,698.7517978415591,895.4059331973363,0,0.000489693877656321,0.05,1,0.016761936954928076,0.11666666666666667
2026-07-11 21:00:00,2026-07-11,20,942.30661,822.7760234350718,783.8002757205646,889.2910611495789,0,0.00032997498268049895,0.016666666666666666,1,0.08418926125401051,0.175
2026-07-11 22:00:00,2026-07-11,21,922.30661,764.3847252233946,730.1538774261791,816.3254430206102,0,0.0009083241376554844,0.0,1,0.005308566248403224,0.09166666666666666
2026-07-11 23:00:00,2026-07-11,22,742.40661,752.1596329628196,679.8927702716893,814.82607565395,0,0.0008329444794418824,0.016666666666666666,0,0.003498166959925451,0.10833333333333334
2026-07-12 00:00:00,2026-07-11,23,832.19518,739.7682933116118,594.1029805389765,873.1440460842474,0,0.013933622277194328,0.058333333333333334,0,0.003223571958368081,0.075
2026-07-12 01:00:00,2026-07-12,0,832.19518,831.4705559970216,778.8442471637821,847.600024830261,0,0.002757123320821116,0.0,0,0.011216696254019444,0.06666666666666667
2026-07-12 02:00:00,2026-07-12,1,832.19518,830.276436152828,783.7968684336274,879.6250638720285,0,0.0021998232038449553,0.0,0,0.00392774677900924,0.058333333333333334
2026-07-12 03:00:00,2026-07-12,2,832.19518,828.2228889169401,784.5441728471486,879.5384349867315,0,0.0015116358130997092,0.0,0,0.0030792064798108912,0.058333333333333334
2026-07-12 04:00:00,2026-07-12,3,832.19518,827.0659952228131,779.1348925688014,875.0606978768246,0,0.0023404883796579474,0.0,0,0.004515360416562062,0.058333333333333334
2026-07-12 05:00:00,2026-07-12,4,832.19518,822.4376282579734,692.7000818299443,892.1571746860025,0,0.0037343255543244957,0.0,0,0.0051266849342074495,0.125
2026-07-12 06:00:00,2026-07-12,5,652.69518,671.5370843276974,501.5293452281678,761.2296834272269,0,0.10063221698075446,0.08333333333333333,0,0.0031336461711114227,0.008333333333333333
2026-07-12 07:00:00,2026-07-12,6,632.19518,659.9012543366731,505.2731429024023,753.4871657709439,0,0.11743631047118296,0.13333333333333333,0,0.0003074762609046022,0.0
2026-07-12 08:00:00,2026-07-12,7,632.19518,649.9724698941611,486.58977635255854,760.8242434357637,0,0.17532398890098064,0.18333333333333332,0,0.00030439749091292726,0.0
2026-07-12 09:00:00,2026-07-12,8,632.19518,647.9514038893216,508.1595192215559,742.0851485570873,0,0.18175299018086485,0.225,0,0.0002869330596814284,0.0
2026-07-12 10:00:00,2026-07-12,9,632.19518,640.1285623522417,481.3392679955669,742.1251567089166,0,0.18253175929535895,0.18333333333333332,0,0.0002292736616257594,0.0
2026-07-12 11:00:00,2026-07-12,10,640.75718,641.3975713977931,497.5746598726727,737.2766329229134,0,0.12561284759520147,0.16666666666666666,0,0.0003668677122076128,0.0
2026-07-12 12:00:00,2026-07-12,11,640.75718,668.6825751537821,514.7703330940037,758.7783672135605,0,0.09547872641428178,0.15833333333333333,0,0.0008027336772199676,0.0
2026-07-12 13:00:00,2026-07-12,12,652.69518,667.8931326441234,552.3153792262032,791.4632360620437,0,0.07411298561597598,0.10833333333333334,0,0.001522353851322023,0.0
2026-07-12 14:00:00,2026-07-12,13,682.19518,670.0900901208131,523.6782190897583,791.6219611518679,0,0.06488501856648292,0.075,0,0.0017868398756819576,0.016666666666666666
2026-07-12 15:00:00,2026-07-12,14,832.19518,679.4863779882726,552.2773840134372,794.4645119631081,0,0.056654200586888824,0.05,0,0.002306929626756754,0.0
2026-07-12 16:00:00,2026-07-12,15,832.19518,709.2365955918732,608.4686783093963,803.1003128743502,0,0.03399580984235771,0.0,0,0.002945636905012226,0.016666666666666666
2026-07-12 17:00:00,2026-07-12,16,832.19518,731.7327160830623,660.2176554371288,799.865936728996,0,0.007735412770723603,0.0,0,0.004069369060654571,0.041666666666666664
2026-07-12 18:00:00,2026-07-12,17,922.19518,846.0889518116448,719.6684357523708,975.6760278709188,0,0.00041806953056725433,0.008333333333333333,0,0.13514530452046764,0.2
2026-07-12 19:00:00,2026-07-12,18,922.19518,865.6987102126775,724.6394827441505,978.9286776812044,0,0.00026001025949288223,0.016666666666666666,0,0.1736703900069697,0.35
2026-07-12 20:00:00,2026-07-12,19,922.19518,857.4135871916956,717.707016949424,986.8892274339672,0,0.000402755039708375,0.025,0,0.1920122911928179,0.15833333333333333
2026-07-12 21:00:00,2026-07-12,20,933.19518,883.9838883237719,797.2789306092648,975.6510460382792,0,0.00034900605660171687,0.008333333333333333,0,0.21063602676659068,0.20833333333333334
2026-07-12 22:00:00,2026-07-12,21,933.19518,856.5218469264703,767.4810291292547,934.5510647236858,0,0.00035930031045131646,0.0,0,0.21676888945586523,0.175
2026-07-12 23:00:00,2026-07-12,22,922.19518,798.472267174194,701.7012744830637,915.4771398653244,0,0.0015163317888899177,0.008333333333333333,0,0.042963991648190814,0.10833333333333334
2026-07-13 00:00:00,2026-07-12,23,804.52814,814.2046683869484,660.8582079218572,917.4938888520392,0,0.005333464205619502,0.041666666666666664,0,0.030469269484940442,0.14166666666666666
2026-07-13 01:00:00,2026-07-13,0,804.52814,804.2533274759896,738.7063086427503,830.5555963092289,0,0.0049889361128178395,0.008333333333333333,0,0.0007228293532069478,0.016666666666666666
2026-07-13 02:00:00,2026-07-13,1,804.52814,804.1108600682419,746.8637623490413,834.4469277874423,0,0.008017327717966101,0.0,0,0.0006647836567296374,0.025
2026-07-13 03:00:00,2026-07-13,2,804.52814,803.5931377294467,768.9683116596552,845.2077637992383,0,0.006547178079428382,0.008333333333333333,0,0.0005745165671709926,0.03333333333333333
2026-07-13 04:00:00,2026-07-13,3,794.52814,803.7881648166011,745.5871221625896,838.4280674706126,0,0.00842926732782467,0.0,0,0.0005745165671709926,0.025
2026-07-13 05:00:00,2026-07-13,4,804.52814,805.5463032996242,691.372282707081,855.6726038921674,0,0.0026236323660688335,0.0,0,0.00095372271173379,0.09166666666666666
2026-07-13 06:00:00,2026-07-13,5,794.52814,725.4842610680552,582.5166219685257,803.4071001675848,0,0.028684725335597253,0.041666666666666664,0,0.0007844654136994742,0.008333333333333333
2026-07-13 07:00:00,2026-07-13,6,504.52814,727.6926146486943,596.8591232144236,818.296986082965,1,0.02189188329536042,0.06666666666666667,0,0.0003871746974965362,0.0
2026-07-13 08:00:00,2026-07-13,7,504.52814,724.8855498128464,580.7471862712438,818.718303354449,1,0.020737610496887295,0.13333333333333333,0,0.0004146355966419231,0.0
2026-07-13 09:00:00,2026-07-13,8,504.52814,724.1182438185576,605.2586191507919,811.5749184863233,1,0.025943895331107553,0.175,0,0.00045131022971005725,0.0
2026-07-13 10:00:00,2026-07-13,9,504.52814,724.9374195658854,616.1371252092106,840.6789139225602,1,0.02309598994015952,0.14166666666666666,0,0.00045131022971005725,0.0
2026-07-13 11:00:00,2026-07-13,10,504.52814,734.9643540316944,630.7501325065741,844.2083555568146,1,0.022000182402734235,0.125,0,0.0007632182494051439,0.008333333333333333
2026-07-13 12:00:00,2026-07-13,11,664.52814,735.1238564959593,600.9157644361809,832.4342385557377,0,0.021443638937558084,0.125,0,0.0015427428295971466,0.0
2026-07-13 13:00:00,2026-07-13,12,655.02814,743.8566271684132,623.3659237504928,839.0542805863333,0,0.016986983729017965,0.09166666666666666,0,0.003048494216726693,0.0
2026-07-13 14:00:00,2026-07-13,13,804.52814,755.8328459094711,603.6234748784162,848.684716940526,0,0.011223869758126665,0.041666666666666664,0,0.0013091164249710368,0.025
2026-07-13 15:00:00,2026-07-13,14,924.52814,797.0559910997752,657.014398102788,896.8316740967624,0,0.0011406579957491478,0.008333333333333333,0,0.005561352389038638,0.041666666666666664
2026-07-13 16:00:00,2026-07-13,15,933.02814,806.1072136483323,704.9642963658553,893.4869309308091,0,0.0004829282344134044,0.0,0,0.005202945229682213,0.05
2026-07-13 17:00:00,2026-07-13,16,933.02814,819.2833043099658,744.491477715315,878.2437609046166,0,0.0002953370857481789,0.0,0,0.008561402106453668,0.05
2026-07-13 18:00:00,2026-07-13,17,944.52814,910.3112667079369,806.8518506688974,1027.672042746976,0,0.0002776204030250474,0.008333333333333333,0,0.05474253792499282,0.225
2026-07-13 19:00:00,2026-07-13,18,1074.52814,920.2133533571388,803.6110969865018,1050.9896297277758,0,0.00032320599255819126,0.025,1,0.0905002056856445,0.375
2026-07-13 20:00:00,2026-07-13,19,1197.52814,918.5071375041556,784.1678272618841,1065.336167746427,0,0.00032768886096446343,0.025,1,0.08248961742901235,0.19166666666666668
2026-07-13 21:00:00,2026-07-13,20,1198.52814,927.8024077621144,864.5716100476072,1028.1020554766214,0,0.00032320599255819126,0.008333333333333333,1,0.05814877104800069,0.23333333333333334
2026-07-13 22:00:00,2026-07-13,21,944.52814,898.8029141033139,822.2851963060984,979.8727319005296,0,0.0003306540091315487,0.0,0,0.034473527589657216,0.19166666666666668
2026-07-13 23:00:00,2026-07-13,22,933.02814,875.703617842399,763.1437511806108,950.5407445041868,0,0.00046905166702138583,0.008333333333333333,0,0.026582097090642846,0.13333333333333333
2026-07-14 00:00:00,2026-07-13,23,673.9051,790.87698525544,661.96886205993,870.8383984509501,0,0.019988945163965776,0.06666666666666667,0,0.001981328062751241,0.058333333333333334
2026-07-14 01:00:00,2026-07-14,0,673.9051,673.872855761297,618.6067369280577,684.0831245945366,0,0.06535741572741015,0.041666666666666664,0,0.011787160493693672,0.0
2026-07-14 02:00:00,2026-07-14,1,673.9051,673.971812895368,618.5705151761674,699.4960106145686,0,0.07023040279095327,0.05,0,0.009379201397173699,0.0
2026-07-14 03:00:00,2026-07-14,2,673.9051,673.9676471215917,639.6119210518002,704.5742731913833,0,0.06398740679088849,0.05,0,0.009379201397173699,0.0
2026-07-14 04:00:00,2026-07-14,3,673.9051,674.2073108057945,612.6489481517827,705.6879134598062,0,0.07114065267611826,0.03333333333333333,0,0.005350592117937518,0.0
2026-07-14 05:00:00,2026-07-14,4,673.9051,680.8224639397852,576.5625033472419,731.8056245323286,0,0.05416472968170949,0.016666666666666666,0,0.007887814693889984,0.041666666666666664
2026-07-14 06:00:00,2026-07-14,5,673.9051,699.9637342550413,564.2401351555118,775.6148733545709,0,0.05029254607384468,0.058333333333333334,0,0.0042644910216356946,0.008333333333333333
2026-07-14 07:00:00,2026-07-14,6,654.4051,686.4169326259837,569.6199299073229,797.3493853446447,0,0.06778079950890048,0.08333333333333333,0,0.004116514884650932,0.0
2026-07-14 08:00:00,2026-07-14,7,643.9051,688.3613107732956,533.8812706918417,814.6207008547495,0,0.04519587418090118,0.125,0,0.0037841075931769204,0.0
2026-07-14 09:00:00,2026-07-14,8,643.9051,703.3176750338187,573.7437214299794,827.4574086376581,0,0.030328113429476958,0.15833333333333333,0,0.003105139686752678,0.0
2026-07-14 10:00:00,2026-07-14,9,663.9051,709.1892798805236,570.7516309807974,846.8002887802498,0,0.030328113429476958,0.10833333333333334,0,0.0037049864776249374,0.0
2026-07-14 11:00:00,2026-07-14,10,673.9051,736.1235479325919,583.8395927525366,874.1837031126474,0,0.004872475248615843,0.06666666666666667,0,0.004616565703639607,0.008333333333333333
2026-07-14 12:00:00,2026-07-14,11,673.9051,756.5233967504685,593.8183546906901,898.4045888102468,0,0.0015602971788601602,0.05,0,0.00997844763778859,0.008333333333333333
2026-07-14 13:00:00,2026-07-14,12,943.9051,773.55135387285,627.8290104549296,908.2312172907702,0,0.0022096644556719148,0.058333333333333334,0,0.012942681475581783,0.0
2026-07-14 14:00:00,2026-07-14,13,975.4051,832.5527527953124,662.9190517642576,942.1771238263672,0,0.0007641269680715129,0.016666666666666666,0,0.06025882292225042,0.06666666666666667
2026-07-14 15:00:00,2026-07-14,14,975.4051,888.4977712698404,704.5343787894997,1016.8945037501816,0,0.0007616426353222966,0.0,0,0.1836616018132423,0.19166666666666668
2026-07-14 16:00:00,2026-07-14,15,1073.9051,908.1860904572924,777.6875404774148,1039.4749204371703,0,0.0005047472900555704,0.0,1,0.23505083348801278,0.35
2026-07-14 17:00:00,2026-07-14,16,989.4051,922.1797661613864,828.8709930255368,1033.707939297236,0,0.00047186446614345826,0.0,1,0.227800901765583,0.39166666666666666
2026-07-14 18:00:00,2026-07-14,17,1073.9051,987.9528778657094,863.3779018266699,1144.492653904749,0,0.0004272999162565156,0.008333333333333333,1,0.4090366566693417,0.5083333333333333
2026-07-14 19:00:00,2026-07-14,18,1197.9051,1079.1050689718531,923.1248564910024,1236.5709814527036,0,0.0002715351103624219,0.008333333333333333,1,0.4798669976347324,0.8
2026-07-14 20:00:00,2026-07-14,19,1196.9051,1085.0629798065831,905.27495649005,1256.611943123116,0,0.0002715351103624219,0.0,1,0.5686988026293275,0.7
2026-07-14 21:00:00,2026-07-14,20,1197.9051,1042.335014150155,926.0980022806932,1191.4822560196171,0,0.0004256234500201636,0.0,1,0.4365719438492012,0.6666666666666666
2026-07-14 22:00:00,2026-07-14,21,989.4051,929.802882234646,852.3671044374303,1093.9112000318617,0,0.000440108397486189,0.0,1,0.1897895657249312,0.36666666666666664
2026-07-14 23:00:00,2026-07-14,22,975.4051,873.9514552695136,768.6838686077255,1000.473081931302,0,0.0005127653883420431,0.0,0,0.1172311780944988,0.21666666666666667
2026-07-15 00:00:00,2026-07-14,23,843.61336,694.2903950544733,512.6367918589632,839.1486482499831,0,0.06060113655504208,0.11666666666666667,0,0.025174332031568408,0.05
2026-07-15 01:00:00,2026-07-15,0,726.92736,843.3310087221471,778.7981898889077,935.7219275553864,0,0.0034178788178501245,0.016666666666666666,0,0.0009336038883818279,0.0
2026-07-15 02:00:00,2026-07-15,1,692.69036,843.0814935271951,802.9283258079946,924.2211912463956,0,0.008434216903747831,0.008333333333333333,0,0.0007950657366064339,0.0
2026-07-15 03:00:00,2026-07-15,2,672.69036,842.9931625757029,841.7448365059113,913.1703886454942,0,0.007747675328088379,0.016666666666666666,0,0.0007499213552110924,0.0
2026-07-15 04:00:00,2026-07-15,3,726.92736,843.2242065702599,816.7480039162482,903.3882192242716,0,0.007535262600243119,0.008333333333333333,0,0.0006797044746449878,0.0
2026-07-15 05:00:00,2026-07-15,4,927.69036,843.8056213736542,753.2638807811109,902.0309419661976,0,0.0021950237243181566,0.008333333333333333,0,0.0008401626029606276,0.041666666666666664
2026-07-15 06:00:00,2026-07-15,5,726.92736,757.1564518177715,620.095802718242,831.3978909173011,0,0.025269827576432667,0.08333333333333333,0,0.0010656112306226425,0.008333333333333333
2026-07-15 07:00:00,2026-07-15,6,643.69036,759.2451400515347,658.2846873328738,893.4432927701954,0,0.03496499030497192,0.13333333333333333,0,0.000742718636393609,0.0
2026-07-15 08:00:00,2026-07-15,7,643.69036,757.9725377907878,608.6668077093339,908.2986278722416,0,0.02812389101709561,0.18333333333333332,0,0.0008023042333288395,0.0
2026-07-15 09:00:00,2026-07-15,8,643.69036,755.877643340898,631.5313497370586,897.4036669447373,0,0.028299970338718852,0.24166666666666667,0,0.0008023042333288395,0.0
2026-07-15 10:00:00,2026-07-15,9,643.69036,753.6521815408516,616.9560526411254,910.4690404405778,0,0.027182518773281802,0.20833333333333334,0,0.0009900591230142149,0.0
2026-07-15 11:00:00,2026-07-15,10,653.19036,788.7949491315829,635.6070939515276,935.523304311638,0,0.015797734800846265,0.15833333333333333,0,0.0024233781874476047,0.0
2026-07-15 12:00:00,2026-07-15,11,672.69036,827.3127584606734,660.211426400895,955.487910520452,0,0.0039753053069204,0.13333333333333333,0,0.004091858217939142,0.008333333333333333
2026-07-15 13:00:00,2026-07-15,12,792.69036,901.042731590896,717.1285762227428,1042.495566959049,0,0.0017688486411483652,0.058333333333333334,0,0.034266160014825325,0.016666666666666666
2026-07-15 14:00:00,2026-07-15,13,927.69036,931.3811731913808,730.7424898911677,1057.622136491594,0,0.000705595755562487,0.025,0,0.051290377795148515,0.05
2026-07-15 15:00:00,2026-07-15,14,927.69036,962.7017150815255,772.4134826011849,1107.6269475618662,0,0.000705595755562487,0.0,0,0.12863919237848312,0.11666666666666667
2026-07-15 16:00:00,2026-07-15,15,942.69036,1006.2193613124113,863.0964505536699,1163.439772071153,0,0.0003541147816552188,0.0,0,0.15616139814986632,0.24166666666666667
2026-07-15 17:00:00,2026-07-15,16,1182.69036,1008.4616377938446,921.3928646579952,1129.4531109296945,0,0.00032867686121057,0.0,1,0.1472946724260509,0.21666666666666667
2026-07-15 18:00:00,2026-07-15,17,1196.69036,1072.53034120727,945.935265168231,1229.9497172463095,0,0.00040135896226494165,0.008333333333333333,1,0.2996627508377159,0.38333333333333336
2026-07-15 19:00:00,2026-07-15,18,1197.69036,1153.2570751886883,998.8309027078376,1313.515387669539,0,0.00023792172949978966,0.008333333333333333,1,0.3169014098708043,0.6833333333333333
2026-07-15 20:00:00,2026-07-15,19,1197.69036,1155.109524105408,960.9546007888748,1331.3506874219408,0,0.00023792172949978966,0.008333333333333333,1,0.3328855885495908,0.5416666666666666
2026-07-15 21:00:00,2026-07-15,20,1197.69036,1129.9518934570197,987.1815654910974,1279.560171422942,0,0.0002434049188147564,0.0,1,0.3149351236249006,0.5583333333333333
2026-07-15 22:00:00,2026-07-15,21,1196.69036,1011.1717558963096,904.920398099094,1147.9687736935257,0,0.00034973590356355324,0.0,1,0.13558922026333056,0.23333333333333334
2026-07-15 23:00:00,2026-07-15,22,942.69036,958.0569267686028,815.1427501068147,1060.450953430391,0,0.0004303316645772866,0.008333333333333333,0,0.08606534933397132,0.14166666666666666
2026-07-16 00:00:00,2026-07-15,23,733.91903,837.0822110978902,657.6337996499658,997.0343225458148,0,0.008236939592685115,0.08333333333333333,0,0.012164140826442316,0.05
2026-07-16 01:00:00,2026-07-16,0,733.91903,733.9174713705584,676.5337211362449,826.2322616048718,0,0.018399369765387835,0.016666666666666666,0,0.002715549090772128,0.0
2026-07-16 02:00:00,2026-07-16,1,693.91903,733.9413680747109,687.5555303555104,814.0469657939115,0,0.015133090819120449,0.008333333333333333,0,0.002144940796780271,0.0
2026-07-16 03:00:00,2026-07-16,2,693.91903,733.8034542163828,719.4572244835605,811.642853949205,0,0.014208210973690797,0.016666666666666666,0,0.002144940796780271,0.0
2026-07-16 04:00:00,2026-07-16,3,733.91903,733.8714405240592,693.1424278700475,809.7043331780708,0,0.013497509820792728,0.008333333333333333,0,0.0017585591307018639,0.0
2026-07-16 05:00:00,2026-07-16,4,733.91903,740.261224965059,645.5196643725156,815.1471855576023,0,0.013937867957146776,0.008333333333333333,0,0.02188575671853472,0.05
2026-07-16 06:00:00,2026-07-16,5,733.91903,660.9254962339382,519.1928071344087,757.8391353334678,0,0.018429937251926005,0.075,0,0.0025286793964848014,0.0
2026-07-16 07:00:00,2026-07-16,6,654.41903,643.1200530138926,547.7111002952317,794.3282057325536,0,0.029555677025736464,0.14166666666666666,0,0.0016871582689748086,0.0
2026-07-16 08:00:00,2026-07-16,7,644.91903,636.331025946342,490.6882324047394,787.6465194879447,0,0.034111180122558205,0.20833333333333334,0,0.0017633165270863707,0.0
2026-07-16 09:00:00,2026-07-16,8,644.91903,619.5286645530872,478.7252398853215,769.4833792208531,0,0.03591437440823834,0.2833333333333333,0,0.001712850275010291,0.0
2026-07-16 10:00:00,2026-07-16,9,644.91903,618.0967449091729,472.41972088315856,796.0574189351873,0,0.03490521012459571,0.24166666666666667,0,0.0013278417860927093,0.0
2026-07-16 11:00:00,2026-07-16,10,693.91903,643.9071258102886,477.5992642851682,805.0489273354088,0,0.020972475875195875,0.175,0,0.0022219963696680734,0.0
2026-07-16 12:00:00,2026-07-16,11,693.91903,704.3745456570546,528.5589656359,857.6042756782091,0,0.007900797705339621,0.15,0,0.003725879379686682,0.0
2026-07-16 13:00:00,2026-07-16,12,733.91903,751.9058743259446,576.1680709080244,886.690737743865,0,0.003941483967984731,0.08333333333333333,0,0.01697017001613033,0.008333333333333333
2026-07-16 14:00:00,2026-07-16,13,733.91903,817.9848741705247,611.5281108703117,970.480007470738,0,0.00047450376204666636,0.025,0,0.09826940337998306,0.05
2026-07-16 15:00:00,2026-07-16,14,733.91903,857.1703601307107,662.66188765037,1033.8701926110516,0,0.00047450376204666636,0.0,0,0.13784768349545373,0.14166666666666666
2026-07-16 16:00:00,2026-07-16,15,923.88903,884.0658217176484,723.8122709589071,1065.6999924763898,0,0.00045225843150415774,0.0,0,0.22079383616948997,0.275
2026-07-16 17:00:00,2026-07-16,16,943.91903,961.5207240387136,839.7658369346017,1099.1079111428255,0,0.0005197941379983312,0.0,0,0.36591596920420255,0.5416666666666666
2026-07-16 18:00:00,2026-07-16,17,1198.91903,1085.9673197536556,939.2517437146162,1257.841195792695,0,0.0005197941379983312,0.0,1,0.5273609028058456,0.7083333333333334
2026-07-16 19:00:00,2026-07-16,18,1203.91903,1142.3604845209695,960.6594720401188,1316.0426970018202,0,0.0005197941379983312,0.008333333333333333,1,0.5869970303186908,0.8416666666666667
2026-07-16 20:00:00,2026-07-16,19,1198.91903,1144.9195006374446,921.1866373209114,1327.0840639539776,0,0.0003283750964780992,0.0,1,0.5581460690731851,0.7833333333333333
2026-07-16 21:00:00,2026-07-16,20,1203.91903,1132.7958296284005,953.5787116624784,1291.5052075943229,0,0.0003068435099015655,0.0,1,0.5044574654218231,0.85
2026-07-16 22:00:00,2026-07-16,21,1066.26703,1034.7772434574908,898.5623466840675,1207.8595902309144,0,0.0005353736845243503,0.0,1,0.3902250696836878,0.8
2026-07-16 23:00:00,2026-07-16,22,923.88903,907.1922765576336,773.1676498958454,1034.0186032194215,0,0.0006985428059772927,0.008333333333333333,0,0.21140888457682264,0.24166666666666667
2026-07-17 00:00:00,2026-07-16,23,923.52112,733.9929147794243,547.3174433314998,895.6373262273487,0,0.008517412960613292,0.08333333333333333,0,0.022864096005531673,0.058333333333333334
2026-07-17 01:00:00,2026-07-17,0,743.51912,921.735693170669,861.5774891226928,1028.6317472186452,0,0.002995257228537113,0.008333333333333333,0,0.00375472685013331,0.05
2026-07-17 02:00:00,2026-07-17,1,730.06412,920.0624888898273,867.0669411706267,1007.8095966090276,0,0.00422721064025375,0.0,0,0.0012773698582820058,0.041666666666666664
2026-07-17 03:00:00,2026-07-17,2,730.06412,916.8887740638834,894.5156376442467,1010.83478048352,0,0.0023501904498145435,0.0,0,0.0012879775480572628,0.05
2026-07-17 04:00:00,2026-07-17,3,730.06412,916.971579879915,851.2351372259034,987.1285825339264,0,0.002775219371942926,0.0,0,0.002839089492435568,0.05
2026-07-17 05:00:00,2026-07-17,4,923.52112,914.8281013526744,809.8266407601311,994.7341619452176,0,0.0022698186686659462,0.0,0,0.002161172544961895,0.11666666666666667
2026-07-17 06:00:00,2026-07-17,5,743.51912,732.2820713079608,591.6935578633079,835.9463847526138,0,0.03344828151892779,0.09166666666666666,0,0.004494288066203669,0.0
2026-07-17 07:00:00,2026-07-17,6,643.52112,723.2097778452339,618.5801164109631,877.1023892795047,0,0.03852193241134961,0.15833333333333333,0,0.0008642645809294708,0.0
2026-07-17 08:00:00,2026-07-17,7,643.52112,720.3573840401589,587.4202904985561,866.8108175817615,0,0.04255793824776188,0.21666666666666667,0,0.0008949629742045744,0.0
2026-07-17 09:00:00,2026-07-17,8,643.52112,719.036758042251,579.9203733744853,851.3119027100167,0,0.046894070341394554,0.275,0,0.0005635163639496459,0.0
2026-07-17 10:00:00,2026-07-17,9,642.52112,704.168047986839,561.6743939608247,881.7931620128534,0,0.04928598975445926,0.25,0,0.0005205628651384631,0.0
2026-07-17 11:00:00,2026-07-17,10,643.52112,722.6174194318775,565.3898979067571,877.7743909569978,0,0.03793652548675927,0.18333333333333332,0,0.0012101794246466436,0.0
2026-07-17 12:00:00,2026-07-17,11,643.52112,763.0359653923294,616.6706053711749,904.486865413484,0,0.03236705119876868,0.15833333333333333,0,0.0024489463028720695,0.0
2026-07-17 13:00:00,2026-07-17,12,643.52112,783.1910665756385,630.4169582382606,906.3024049130164,0,0.016452131818729752,0.10833333333333334,0,0.0077248827031098375,0.0
2026-07-17 14:00:00,2026-07-17,13,923.52112,803.0169105368309,620.7477295057761,949.3882715678858,0,0.01632980345523809,0.058333333333333334,0,0.0077248827031098375,0.025
2026-07-17 15:00:00,2026-07-17,14,923.52112,825.8787537107434,668.2540207137561,995.9735167077304,0,0.010735418961568998,0.025,0,0.011103297168168217,0.008333333333333333
2026-07-17 16:00:00,2026-07-17,15,923.52112,883.9591234527771,745.8882334728995,1040.1353134326548,0,0.00390047468821253,0.0,0,0.037826581904437495,0.05
2026-07-17 17:00:00,2026-07-17,16,923.52112,914.224206389474,793.8528732536244,1026.6451195253237,0,0.00040272024393318633,0.0,0,0.05744910543632946,0.06666666666666667
2026-07-17 18:00:00,2026-07-17,17,1196.52112,1084.1082373915565,931.3469313525172,1261.094013430596,0,0.0002961446933699303,0.0,1,0.24993082880943224,0.3333333333333333
2026-07-17 19:00:00,2026-07-17,18,1197.52112,1108.014333141066,932.9406806602152,1287.3903456219164,0,0.0001778139962063176,0.008333333333333333,1,0.33276050971137944,0.5166666666666667
2026-07-17 20:00:00,2026-07-17,19,1196.52112,1103.594115493086,890.031952176553,1294.272678809619,0,0.0003050229454566202,0.008333333333333333,1,0.3051127602231876,0.325
2026-07-17 21:00:00,2026-07-17,20,1197.52112,1112.8533370474786,942.4564590815564,1284.2160150134007,0,0.0001778139962063176,0.0,1,0.296627818073332,0.4083333333333333
2026-07-17 22:00:00,2026-07-17,21,942.52112,1038.462589885203,904.5358431117796,1216.3288366586262,0,0.0004073557326253124,0.0,0,0.15759180385794486,0.2833333333333333
2026-07-17 23:00:00,2026-07-17,22,923.52112,969.099388144144,834.8399914823559,1120.3424748059322,0,0.0004472481315328745,0.008333333333333333,0,0.0514927296151468,0.14166666666666666
2026-07-18 00:00:00,2026-07-17,23,942.49543,904.4072797618682,705.9817746256393,1075.870034898097,0,0.006302977001393869,0.058333333333333334,0,0.024170038569023077,0.09166666666666666
2026-07-18 01:00:00,2026-07-18,0,854.20243,939.0712467818817,881.3079427339055,1067.2473508298576,0,0.0020793648689139558,0.008333333333333333,0,0.005862173273816307,0.058333333333333334
2026-07-18 02:00:00,2026-07-18,1,932.49543,934.6194103980048,885.0911126788043,1045.179708117205,0,0.0025103343343438806,0.0,0,0.006797786444746915,0.05
2026-07-18 03:00:00,2026-07-18,2,727.39843,929.7482418196252,901.2206053999884,1035.809238239262,0,0.0020455551579511002,0.0,0,0.0030618261177905695,0.058333333333333334
2026-07-18 04:00:00,2026-07-18,3,727.39843,927.5008263239282,870.0557723800543,1009.398930267802,0,0.002030342528697904,0.0,0,0.003324701463855492,0.058333333333333334
2026-07-18 05:00:00,2026-07-18,4,727.39843,925.274396687581,837.9182360950377,1028.9975072801244,0,0.0033368021763473888,0.0,0,0.006909718519597059,0.13333333333333333
2026-07-18 06:00:00,2026-07-18,5,647.49543,686.218378239642,566.2688101051293,795.4422063741546,0,0.0719682062981189,0.1,0,0.0017177714256179123,0.0
2026-07-18 07:00:00,2026-07-18,6,647.49543,668.4375520211009,568.3387805868301,799.5915034553717,0,0.15728289930953163,0.23333333333333334,0,0.0012407152854696912,0.0
2026-07-18 08:00:00,2026-07-18,7,647.49543,659.5604660886949,526.4039325470922,778.8192996302975,0,0.1588865521041086,0.325,0,0.0012407152854696912,0.0
2026-07-18 09:00:00,2026-07-18,8,643.49543,657.5598220404794,525.4767373727136,783.2572067082451,0,0.18549227868594007,0.375,0,0.0008409070421648635,0.0
2026-07-18 10:00:00,2026-07-18,9,643.49543,640.7744326608548,488.7772686348404,796.5454166868692,0,0.1996871682557959,0.4083333333333333,0,0.0008540821902725565,0.0
2026-07-18 11:00:00,2026-07-18,10,643.49543,658.1569629344062,497.8978214092859,818.7300844595266,0,0.195006952411551,0.3,0,0.00167814671997045,0.0
2026-07-18 12:00:00,2026-07-18,11,643.49543,683.5710587082052,515.4615286870506,811.8544087293598,0,0.1245044568289938,0.275,0,0.0027703242875602658,0.0
2026-07-18 13:00:00,2026-07-18,12,647.49543,693.7265673377384,544.7617890003604,833.2360056751164,0,0.09940184508941685,0.2,0,0.003805819634988902,0.0
2026-07-18 14:00:00,2026-07-18,13,647.49543,772.1934105750955,612.0893820341164,904.8823391160748,0,0.07109622036759917,0.075,0,0.0035167896683553075,0.016666666666666666
2026-07-18 15:00:00,2026-07-18,14,743.49343,799.3837587484574,651.211084773622,967.7494527232928,0,0.049203621145974194,0.025,0,0.005890813856868346,0.008333333333333333
2026-07-18 16:00:00,2026-07-18,15,952.49543,826.3708570549073,681.5112574719834,959.5824466378313,0,0.023451822491875406,0.0,0,0.019597381155497903,0.016666666666666666
2026-07-18 17:00:00,2026-07-18,16,952.49543,861.4618357396631,748.4517226038134,982.4156088755128,0,0.008573498393723308,0.0,0,0.01848948067465916,0.05
2026-07-18 18:00:00,2026-07-18,17,952.49543,1047.3559069560597,876.6701309170204,1230.9129829950991,0,0.00027899452148423873,0.0,0,0.3197573158755624,0.30833333333333335
2026-07-18 19:00:00,2026-07-18,18,952.49543,1078.9005727008746,902.7403202200238,1275.2911851817253,0,0.00017918014708938053,0.008333333333333333,0,0.3723296831669313,0.48333333333333334
2026-07-18 20:00:00,2026-07-18,19,952.49543,1073.9920550601096,878.4632717435765,1277.7043683766426,0,0.00018731111686266636,0.008333333333333333,0,0.3456918988755186,0.2916666666666667
2026-07-18 21:00:00,2026-07-18,20,952.49543,1066.7294410562329,896.3394030903107,1223.484089022155,0,0.0001901874449993355,0.0,0,0.3455599928540412,0.35
2026-07-18 22:00:00,2026-07-18,21,952.49543,986.601148164297,847.1021013908737,1150.0619949377206,0,0.00036264215078722124,0.0,0,0.1594300238086994,0.20833333333333334
2026-07-18 23:00:00,2026-07-18,22,743.49343,946.73409588243,806.4360092206418,1115.1842325442185,0,0.0007165002808953978,0.008333333333333333,0,0.0756705057678524,0.13333333333333333
2026-07-19 00:00:00,2026-07-18,23,943.72728,910.6054884088647,799.7998932726359,1072.3369935450935,0,0.00671912074093356,0.058333333333333334,0,0.04287802765570577,0.15
2026-07-19 01:00:00,2026-07-19,0,932.72728,939.5453571279324,900.3924530799563,1018.5968011759086,0,0.0015582654788405604,0.0,0,0.013126674314610997,0.15
2026-07-19 02:00:00,2026-07-19,1,932.72728,932.5492052657032,882.7767531625411,1024.8754573688657,0,0.003196405746996507,0.0,0,0.011104820977625891,0.15
2026-07-19 03:00:00,2026-07-19,2,932.72728,923.8680594195364,878.152877824656,999.508111014417,0,0.004081475975271704,0.0,0,0.004063289696776295,0.125
2026-07-19 04:00:00,2026-07-19,3,724.75628,920.731358689698,836.0901260499874,970.8125513294086,0,0.004316336810837354,0.0,0,0.0034401500251785198,0.14166666666666666
2026-07-19 05:00:00,2026-07-19,4,724.75628,910.07365680215,792.634020374121,1004.4341132301792,0,0.008439401105411947,0.0,0,0.00472486456748747,0.24166666666666667
2026-07-19 06:00:00,2026-07-19,5,652.72728,584.2458427921501,452.3636895502615,684.7951960340387,0,0.1604417444650075,0.25,0,0.002432026278021798,0.0
2026-07-19 07:00:00,2026-07-19,6,648.72728,577.378530708972,453.7896343272048,674.5213770907392,0,0.29279098497306966,0.45,0,0.0008244774244465327,0.0
2026-07-19 08:00:00,2026-07-19,7,648.72728,567.7507304029639,438.0462953636,667.9330654423278,0,0.28772751520519035,0.5416666666666666,0,0.0008244774244465327,0.0
2026-07-19 09:00:00,2026-07-19,8,648.72728,554.5873939536585,429.0734492858929,658.3561286214243,0,0.28845878780254997,0.65,0,0.0005668104248438014,0.0
2026-07-19 10:00:00,2026-07-19,9,652.72728,545.7513566804632,424.2929231583339,669.9082902025925,0,0.3073555778852201,0.65,0,0.0005668104248438014,0.0
2026-07-19 11:00:00,2026-07-19,10,652.72728,554.7307458355386,445.2884553454653,651.7255763256119,0,0.28243221647786654,0.575,0,0.00129822229325856,0.0
2026-07-19 12:00:00,2026-07-19,11,652.72728,587.1927576573393,482.6956483327574,679.8415269819211,0,0.31523811706371163,0.4666666666666667,0,0.0018940384193898902,0.0
2026-07-19 13:00:00,2026-07-19,12,652.72728,597.7690901303712,488.28737543924217,697.5312048215002,0,0.247233802373533,0.325,0,0.001846004417743617,0.0
2026-07-19 14:00:00,2026-07-19,13,724.75628,619.3891872704058,504.6072587294267,746.763415811385,0,0.1892380126208107,0.19166666666666668,0,0.0014068757927611366,0.008333333333333333
2026-07-19 15:00:00,2026-07-19,14,942.72728,679.8651406568213,556.5362066819858,852.0861746316567,0,0.1718440636718636,0.058333333333333334,0,0.004743066587896308,0.0
2026-07-19 16:00:00,2026-07-19,15,942.72728,749.9371429389588,630.2657133560349,892.4163025218827,0,0.08025468969496083,0.0,0,0.022479368220590077,0.016666666666666666
2026-07-19 17:00:00,2026-07-19,16,942.72728,783.151336049797,685.5077129139473,918.4339291856464,0,0.03863888520648097,0.0,0,0.027427719576039723,0.03333333333333333
2026-07-19 18:00:00,2026-07-19,17,943.72728,907.3939079754848,741.1009519364455,1087.850014014524,0,0.0007828412100415944,0.0,0,0.10363230751090191,0.23333333333333334
2026-07-19 19:00:00,2026-07-19,18,952.72728,916.4008501465064,716.4663376656556,1106.793562627357,0,0.0006665856954254715,0.016666666666666666,0,0.14307932895193182,0.3
2026-07-19 20:00:00,2026-07-19,19,944.72728,929.9343360045366,725.8114126880034,1146.4295993210696,0,0.0004032282038545748,0.008333333333333333,0,0.18477099344636366,0.18333333333333332
2026-07-19 21:00:00,2026-07-19,20,943.72728,940.682645932042,777.4002179661198,1110.8798738979642,0,0.0004032282038545748,0.0,0,0.176573240657722,0.23333333333333334
2026-07-19 22:00:00,2026-07-19,21,944.72728,926.1886076208611,809.4074407927744,1095.109624448948,0,0.00038320920092054677,0.0,0,0.20316632086797018,0.23333333333333334
2026-07-19 23:00:00,2026-07-19,22,932.72728,855.0991961774296,721.6229897425994,1017.3588626122596,0,0.0007020439654824355,0.008333333333333333,0,0.049248434580136974,0.1
2026-07-20 00:00:00,2026-07-19,23,752.71069,911.8368637128812,737.2743585766524,1004.4968888491102,0,0.00960666884879851,0.025,0,0.04890525752864236,0.23333333333333334
2026-07-20 01:00:00,2026-07-20,0,752.71069,752.4076798988588,656.2733758508826,808.2521839468351,0,0.00953558517070185,0.016666666666666666,0,0.0061434537869172225,0.0
2026-07-20 02:00:00,2026-07-20,1,747.71069,752.4708001411911,663.0778480380291,824.0378022443534,0,0.007688632920961765,0.008333333333333333,0,0.005460998293222078,0.0
2026-07-20 03:00:00,2026-07-20,2,747.71069,750.5719728002346,663.7126612053542,838.2889843951151,0,0.008382027235929488,0.016666666666666666,0,0.0050609399777528374,0.0
2026-07-20 04:00:00,2026-07-20,3,747.71069,750.7688312019682,634.9564733921551,842.2121890117813,0,0.01228714728705803,0.008333333333333333,0,0.0009565643021853667,0.0
2026-07-20 05:00:00,2026-07-20,4,747.71069,749.8361083481777,592.0901604884726,872.2174562078828,0,0.004764223669012788,0.008333333333333333,0,0.0010932918839118835,0.041666666666666664
2026-07-20 06:00:00,2026-07-20,5,747.71069,724.867565421263,570.7213821793744,833.7513186631516,0,0.024000202261265438,0.041666666666666664,0,0.0007990998741475018,0.016666666666666666
2026-07-20 07:00:00,2026-07-20,6,677.71069,719.4227918961781,572.7436555144109,823.5391282779452,0,0.02557756837533468,0.08333333333333333,0,0.0008327923356597194,0.0
2026-07-20 08:00:00,2026-07-20,7,677.71069,718.4315601337722,585.8064250944083,805.5581651731361,0,0.050279145605421724,0.125,0,0.000918626515764878,0.0
2026-07-20 09:00:00,2026-07-20,8,677.71069,711.1095443040974,572.0892596363317,794.1553289718632,0,0.0511746574119572,0.18333333333333332,0,0.000918626515764878,0.0
2026-07-20 10:00:00,2026-07-20,9,677.71069,715.3062017836635,569.4631682615342,813.1292653057928,0,0.05289708574382892,0.14166666666666666,0,0.0008597139685195408,0.0
2026-07-20 11:00:00,2026-07-20,10,677.71069,735.130573183974,592.4645744828517,842.8832718850963,0,0.032092428535608016,0.14166666666666666,0,0.0016852190853056137,0.008333333333333333
2026-07-20 12:00:00,2026-07-20,11,677.71069,742.5907646622366,614.5875453376548,835.8217839868184,0,0.010107697469671086,0.125,0,0.0033203376880838196,0.008333333333333333
2026-07-20 13:00:00,2026-07-20,12,747.71069,753.5866131460127,637.1707984548837,856.7309278371417,0,0.006986454545303416,0.09166666666666666,0,0.003820250698537568,0.0
2026-07-20 14:00:00,2026-07-20,13,747.71069,798.0629834459778,667.4003149049986,894.913061986957,0,0.0009181069405275727,0.03333333333333333,0,0.012449004322440688,0.03333333333333333
2026-07-20 15:00:00,2026-07-20,14,752.71069,880.8216119933104,756.3695989963232,1014.9783649902976,0,0.0003866219998924645,0.0,0,0.12015018851171706,0.15
2026-07-20 16:00:00,2026-07-20,15,926.71069,897.4801861889421,767.0139054302007,1021.5319669476834,0,0.0002767494277621568,0.0,0,0.16471050176961116,0.25
2026-07-20 17:00:00,2026-07-20,16,926.71069,920.0289120658452,842.5381249617333,998.8136991699574,0,0.00030888837974868785,0.0,0,0.2766688455359174,0.2833333333333333
2026-07-20 18:00:00,2026-07-20,17,943.71069,1001.3030229373963,883.9065468983571,1132.9015389764356,0,0.0002893397155324425,0.008333333333333333,0,0.4417032298846885,0.5
2026-07-20 19:00:00,2026-07-20,18,943.71069,1001.8389265044656,855.3076640236147,1141.8938389853165,0,0.0003041652660663524,0.008333333333333333,0,0.5317775769328482,0.65
2026-07-20 20:00:00,2026-07-20,19,943.71069,980.4154295354203,828.3988262188872,1135.0954928519534,0,0.00030919451597088456,0.016666666666666666,0,0.5247190245408426,0.4666666666666667
2026-07-20 21:00:00,2026-07-20,20,942.71069,976.0715100706844,870.5752121047623,1097.6769280366066,0,0.0003696780698681666,0.008333333333333333,0,0.53714008140161,0.45
2026-07-20 22:00:00,2026-07-20,21,926.71069,953.9271490615992,867.3269222335125,1073.378115889686,0,0.0003791714224641683,0.0,0,0.3265730212373633,0.375
2026-07-20 23:00:00,2026-07-20,22,752.71069,915.00921781332,811.8815513784898,1023.16682424815,0,0.00046214805207107565,0.008333333333333333,0,0.09760957580427444,0.21666666666666667
2026-07-21 00:00:00,2026-07-20,23,691.59804,765.181309742211,666.9534830490987,833.0517664353234,0,0.025869515908029425,0.08333333333333333,0,0.015986438002465967,0.058333333333333334
2026-07-21 01:00:00,2026-07-21,0,642.48704,691.5340746079045,632.0934630462016,692.4610561696073,0,0.059980894270654575,0.025,0,0.0023441647401879783,0.0
2026-07-21 02:00:00,2026-07-21,1,642.48704,691.7210577680772,609.3782556649151,729.5969598712393,0,0.07569248687952836,0.016666666666666666,0,0.0021292414976391712,0.0
2026-07-21 03:00:00,2026-07-21,2,642.48704,691.5354373307375,605.8896257358571,728.818188925618,0,0.07569248687952836,0.025,0,0.0021292414976391712,0.0
2026-07-21 04:00:00,2026-07-21,3,642.48704,691.4550100098367,567.6570922000236,738.0421678196496,0,0.10832687025245419,0.025,0,0.0017562937150213875,0.0
2026-07-21 05:00:00,2026-07-21,4,691.59804,693.3565474853546,517.5988996256494,772.8976453450596,0,0.07689867116907838,0.016666666666666666,0,0.0017226971476301776,0.041666666666666664
2026-07-21 06:00:00,2026-07-21,5,733.48504,720.3775098719423,547.9192066300536,805.7997131138308,0,0.0463635470453088,0.041666666666666664,0,0.00155516742400252,0.016666666666666666
2026-07-21 07:00:00,2026-07-21,6,691.59804,714.4127671343191,566.683070752552,806.8302035160863,0,0.03553025522079622,0.06666666666666667,0,0.0010799768196483317,0.0
2026-07-21 08:00:00,2026-07-21,7,642.48704,714.3861959029372,560.9063608635732,807.641860942301,0,0.026941919785331704,0.1,0,0.0010799768196483317,0.0
2026-07-21 09:00:00,2026-07-21,8,642.48704,713.8713774150535,592.5074927472878,813.4803120828193,0,0.027226187427101724,0.15,0,0.0010799768196483317,0.0
2026-07-21 10:00:00,2026-07-21,9,642.48704,719.766784384819,610.5340908626896,805.2469579069483,0,0.02482205415437106,0.1,0,0.0010987511893953386,0.0
2026-07-21 11:00:00,2026-07-21,10,642.48704,742.6421514897173,637.692722788595,807.3307501908397,0,0.010193387478234622,0.06666666666666667,0,0.0029012014926058254,0.008333333333333333
2026-07-21 12:00:00,2026-07-21,11,642.48704,749.1610527376636,652.3725834130818,848.4983720622455,0,0.007601868522720178,0.06666666666666667,0,0.0063943151362549685,0.008333333333333333
2026-07-21 13:00:00,2026-07-21,12,642.48704,784.8027204001219,693.543015444479,874.8809753557647,0,0.0005977528937488823,0.05,0,0.030409734566073418,0.0
2026-07-21 14:00:00,2026-07-21,13,942.48704,814.0009925963059,717.0886140553267,937.0874711372852,0,0.00035976932252528563,0.016666666666666666,1,0.04836720250680063,0.058333333333333334
2026-07-21 15:00:00,2026-07-21,14,942.48704,842.5512344788602,711.5932327772277,1011.5305161804928,0,0.0003052522210995755,0.0,1,0.15858006951964282,0.13333333333333333
2026-07-21 16:00:00,2026-07-21,15,942.48704,894.7501006944753,756.999089935734,1068.7275114532167,0,0.0002471151388213628,0.0,1,0.3487285070773765,0.30833333333333335
2026-07-21 17:00:00,2026-07-21,16,947.48704,912.4325889481936,829.1045918440816,1050.610616052306,0,0.0002552291111694302,0.0,1,0.45928572212398955,0.35833333333333334
2026-07-21 18:00:00,2026-07-21,17,962.48704,987.0144974537365,854.680171414697,1182.4504234927758,0,0.0002814312727018176,0.008333333333333333,1,0.6542972197778554,0.5083333333333333
2026-07-21 19:00:00,2026-07-21,18,962.48704,982.1411386983872,824.0371662175364,1178.8324511792378,0,0.0003444726744813149,0.008333333333333333,1,0.6820807744614622,0.6333333333333333
2026-07-21 20:00:00,2026-07-21,19,962.48704,957.4369437630588,795.8804304465257,1166.798957079592,0,0.00035331897995581965,0.016666666666666666,1,0.6236945602442818,0.425
2026-07-21 21:00:00,2026-07-21,20,962.48704,947.4695232237892,843.2215452578671,1105.2473411897115,0,0.0003478385711644972,0.008333333333333333,1,0.6080952677282365,0.4166666666666667
2026-07-21 22:00:00,2026-07-21,21,947.48704,914.7277864214363,833.0394813265865,1044.767691516286,0,0.00029882927869975964,0.0,1,0.37271084010490224,0.3
2026-07-21 23:00:00,2026-07-21,22,942.48704,846.2090479317534,741.8843014969234,996.1592843665836,0,0.0004074179978023816,0.008333333333333333,1,0.0898248522208433,0.15
2026-07-22 00:00:00,2026-07-21,23,932.12121,721.2375602484544,494.395960247205,871.1869802497039,0,0.04396608436476971,0.1,1,0.02977415975433991,0.05
2026-07-22 01:00:00,2026-07-22,0,932.12121,928.6792417131826,810.8021601514797,1057.1658532748856,0,0.021897381012506344,0.0,0,0.0010759796913612431,0.03333333333333333
2026-07-22 02:00:00,2026-07-22,1,932.12121,925.872755299341,834.9036017265255,1026.1669088721562,0,0.03214059320897099,0.0,0,0.0009272660136575414,0.03333333333333333
2026-07-22 03:00:00,2026-07-22,2,932.12121,921.8993263382546,850.2321447433742,1036.027507933135,0,0.035185922026614296,0.0,0,0.0008348089937406802,0.041666666666666664
2026-07-22 04:00:00,2026-07-22,3,932.12121,920.7467132688704,813.0086154590573,1009.8768310786836,0,0.03156043285815067,0.0,0,0.0007992427707516552,0.041666666666666664
2026-07-22 05:00:00,2026-07-22,4,932.12121,918.9969328586766,769.0200349989715,1034.1883407183818,0,0.004253869884136432,0.0,0,0.0013946435475255807,0.11666666666666667
2026-07-22 06:00:00,2026-07-22,5,932.12121,717.7126783975266,562.505285155638,826.5918616394151,0,0.12065494316748802,0.09166666666666666,0,0.001508040913412634,0.0
2026-07-22 07:00:00,2026-07-22,6,926.12121,718.2278810914022,579.0690413676656,849.1755708151387,0,0.10721517929515349,0.175,0,0.0004319502716589815,0.0
2026-07-22 08:00:00,2026-07-22,7,932.12121,712.4560425968523,560.2330875574884,826.5783676362162,0,0.09736701102125113,0.225,0,0.0005168368559894844,0.0
2026-07-22 09:00:00,2026-07-22,8,691.00121,714.1232441898205,571.3869997475399,824.8789086321012,0,0.09521666750408862,0.2833333333333333,0,0.00040137185873577886,0.0
2026-07-22 10:00:00,2026-07-22,9,926.12121,717.5444732964077,576.0064397742783,857.434006818537,0,0.0945460094907981,0.225,0,0.0004615610698758358,0.0
2026-07-22 11:00:00,2026-07-22,10,932.12121,744.0569554702502,598.0399967691278,867.3411941713724,0,0.08779620373800064,0.175,0,0.001095966961189606,0.0
2026-07-22 12:00:00,2026-07-22,11,932.12121,778.7121361915679,603.651796866986,888.8554955161499,0,0.07068006783436187,0.15,0,0.002178347213666373,0.0
2026-07-22 13:00:00,2026-07-22,12,932.12121,794.014641196735,626.35718136099,902.2767210324802,0,0.035334343483042166,0.1,0,0.004892467535361833,0.0
2026-07-22 14:00:00,2026-07-22,13,932.12121,884.7920461785674,713.5929105568612,985.1026818002736,0,0.003625637966219191,0.03333333333333333,0,0.03466296273942873,0.025
2026-07-22 15:00:00,2026-07-22,14,941.12121,910.7101574873168,754.1031757856844,1038.5536191889494,0,0.0008318185356605904,0.008333333333333333,0,0.054361774448367775,0.06666666666666667
2026-07-22 16:00:00,2026-07-22,15,942.12121,930.6269890202416,789.5684182615001,1050.6170997789827,0,0.0005081576325170539,0.0,0,0.07411341910853264,0.10833333333333334
2026-07-22 17:00:00,2026-07-22,16,1042.12121,951.834676400646,862.504739296534,1025.137813504758,0,0.0002553649587155231,0.0,0,0.07849924740044248,0.125
2026-07-22 18:00:00,2026-07-22,17,1042.12121,1017.400513705846,911.9305376668068,1148.5724897448854,0,0.0002309105947968494,0.008333333333333333,0,0.21870962745212857,0.24166666666666667
2026-07-22 19:00:00,2026-07-22,18,1047.12121,1015.9365584626372,877.5850159817865,1153.769040943488,0,0.00026937265770361437,0.016666666666666666,0,0.23002743049801735,0.35
2026-07-22 20:00:00,2026-07-22,19,1047.12121,1010.751387542494,838.1624242259609,1178.2624108590269,0,0.00026937265770361437,0.025,0,0.185909697854149,0.2
2026-07-22 21:00:00,2026-07-22,20,1042.12121,1011.5694839799362,884.660236014014,1139.3797619458585,0,0.0002989318319204777,0.016666666666666666,0,0.15655921347103718,0.20833333333333334
2026-07-22 22:00:00,2026-07-22,21,942.12121,982.363588336156,873.1256832413062,1087.5495334310058,0,0.00032803321801470864,0.0,0,0.07054559648393531,0.16666666666666666
2026-07-22 23:00:00,2026-07-22,22,941.12121,946.7592357345334,808.2666692997034,1060.6537421693636,0,0.00041458306499104146,0.008333333333333333,0,0.03229846703709823,0.125
2026-07-23 00:00:00,2026-07-22,23,932.13321,892.9888065110013,828.324896509752,959.1481665122508,0,0.04161117345726829,0.05,0,0.010984413885157982,0.075
2026-07-23 01:00:00,2026-07-23,0,932.13321,931.6522106071498,915.4974990454468,953.0409621688528,0,0.0030444183892339794,0.008333333333333333,0,0.0009622154600841943,0.016666666666666666
2026-07-23 02:00:00,2026-07-23,1,932.13321,931.6776150684428,901.8172614956276,974.6942186412582,0,0.006158400423234041,0.0,0,0.0007232357715094942,0.008333333333333333
2026-07-23 03:00:00,2026-07-23,2,932.13321,931.3223313327808,875.6015997379004,964.8868229276612,0,0.006017725501405101,0.008333333333333333,0,0.0005789578632540064,0.016666666666666666
2026-07-23 04:00:00,2026-07-23,3,932.13321,931.6491567103072,845.5139389004942,975.0434545201203,0,0.0023564898771965847,0.0,0,0.0009488925717042888,0.008333333333333333
2026-07-23 05:00:00,2026-07-23,4,932.13321,930.734038054407,789.088590194702,1008.004985914112,0,0.002280751969691733,0.0,0,0.001032751561491126,0.041666666666666664
2026-07-23 06:00:00,2026-07-23,5,932.13321,893.322960414324,745.1621471724354,975.3340936562126,0,0.0119221260387763,0.03333333333333333,0,0.0009957993387226301,0.016666666666666666
2026-07-23 07:00:00,2026-07-23,6,932.13321,892.0491493220178,761.1262995982813,965.7458790457546,0,0.017883661453750047,0.075,0,0.0004331083641517626,0.0
2026-07-23 08:00:00,2026-07-23,7,932.13321,893.4769656717173,740.2761106323533,982.5449207110812,0,0.02397659496881543,0.09166666666666666,0,0.0007858474800156211,0.008333333333333333
2026-07-23 09:00:00,2026-07-23,8,932.13321,878.2976079463782,738.5264895204095,952.3385263723468,0,0.026433463301282118,0.14166666666666666,0,0.0006731087661159614,0.008333333333333333
2026-07-23 10:00:00,2026-07-23,9,932.13321,901.1012425766222,766.2736490544929,972.7405360987516,0,0.02052231405755276,0.09166666666666666,0,0.0004762461517274483,0.0
2026-07-23 11:00:00,2026-07-23,10,932.13321,905.0268254030703,790.826636701948,974.5764741041928,0,0.017394889905095943,0.10833333333333334,0,0.0014052653353959486,0.008333333333333333
2026-07-23 12:00:00,2026-07-23,11,922.13321,925.7378643177648,817.8678449931829,978.8096836423466,0,0.005219872997233482,0.1,0,0.001880609393389989,0.008333333333333333
2026-07-23 13:00:00,2026-07-23,12,932.13321,934.833406433328,835.6767965975829,1002.206316269073,0,0.0013512982630733527,0.06666666666666667,0,0.0037219845365716532,0.008333333333333333
2026-07-23 14:00:00,2026-07-23,13,932.13321,941.1842473248722,856.4262170019051,1024.8642376478392,0,0.0006546350336614948,0.025,0,0.0038542301852160865,0.025
2026-07-23 15:00:00,2026-07-23,14,952.13321,949.8244330223082,843.876129733643,1053.9064863109734,0,0.0005697994201244123,0.008333333333333333,0,0.007055263586092428,0.025
2026-07-23 16:00:00,2026-07-23,15,1012.13321,960.5685261712568,881.2366565883327,1055.2231557541809,0,0.0001452955058155249,0.0,0,0.010880127031118857,0.058333333333333334
2026-07-23 17:00:00,2026-07-23,16,1012.13321,986.921734485869,939.0650473817568,1071.416271589981,0,0.00011100966429942818,0.0,0,0.016277975490640608,0.08333333333333333
2026-07-23 18:00:00,2026-07-23,17,1092.13321,1050.959166437147,948.2348903981076,1157.6917424761864,0,0.00011937850154314615,0.016666666666666666,0,0.057869231361486126,0.21666666666666667
2026-07-23 19:00:00,2026-07-23,18,1097.13321,1054.0822937732387,932.9886812923876,1171.1550062540891,0,0.00012329878619223776,0.025,0,0.06247425644834927,0.2916666666666667
2026-07-23 20:00:00,2026-07-23,19,1092.13321,1041.465453341193,901.51399002466,1182.5289166577263,0,0.00011865930220774261,0.03333333333333333,0,0.04085131447363241,0.14166666666666666
2026-07-23 21:00:00,2026-07-23,20,952.13321,1039.5099799941622,960.60840202824,1141.6326579600843,0,0.00010738449459804117,0.016666666666666666,0,0.03571346810151967,0.15833333333333333
2026-07-23 22:00:00,2026-07-23,21,937.13321,1004.6358011888716,949.8368460940216,1083.6678562837214,0,0.00019662446455028133,0.0,0,0.017789196952650976,0.125
2026-07-23 23:00:00,2026-07-23,22,932.13321,981.3670658719057,900.4809194370755,1080.6621723067356,0,0.00019662446455028133,0.008333333333333333,0,0.008779166163183265,0.10833333333333334
2026-07-24 00:00:00,2026-07-23,23,883.4134,905.3431171903306,796.6137571890813,989.61217719158,0,0.01476008121896631,0.08333333333333333,0,0.0074449954300131954,0.058333333333333334
2026-07-24 01:00:00,2026-07-24,0,842.4134,883.1737434636345,829.0311319019316,919.5352150253376,0,0.009330564706177201,0.008333333333333333,0,0.0010975599637658372,0.016666666666666666
2026-07-24 02:00:00,2026-07-24,1,842.4134,883.1878528211843,819.9658592483688,932.0678163939996,0,0.009330564706177201,0.0,0,0.001026318099964446,0.008333333333333333
2026-07-24 03:00:00,2026-07-24,2,842.4134,883.2106871606421,795.4717055657617,939.7216687555224,0,0.009118093567020995,0.016666666666666666,0,0.001026318099964446,0.016666666666666666
2026-07-24 04:00:00,2026-07-24,3,842.4134,883.2174495826066,770.9169917727935,961.0627573924198,0,0.012785171993943857,0.008333333333333333,0,0.0010941507760972378,0.008333333333333333
2026-07-24 05:00:00,2026-07-24,4,883.4134,884.1997393391034,711.5250914793984,984.6920871988082,0,0.001551701975559638,0.0,0,0.0015872841883801266,0.03333333333333333
2026-07-24 06:00:00,2026-07-24,5,853.5724,850.1844320926452,665.5395088507566,944.183115334534,0,0.03375827827187204,0.03333333333333333,0,0.0010455111141519486,0.016666666666666666
2026-07-24 07:00:00,2026-07-24,6,842.4134,856.5918921314981,703.7286167477063,949.03336751529,0,0.029414316829293734,0.075,0,0.0011090001970852168,0.008333333333333333
2026-07-24 08:00:00,2026-07-24,7,688.0954,854.5222879468397,680.7062676432016,937.350408250478,0,0.037453276664623766,0.1,0,0.0011090001970852168,0.008333333333333333
2026-07-24 09:00:00,2026-07-24,8,642.4134,861.4012453316903,716.6321225465018,950.2438481168788,0,0.039806041792982944,0.125,0,0.00117833082123266,0.008333333333333333
2026-07-24 10:00:00,2026-07-24,9,642.4134,869.66665714209,733.2386030685947,965.9619312155852,0,0.043032861825099404,0.09166666666666666,0,0.0009275757213098265,0.0
2026-07-24 11:00:00,2026-07-24,10,842.4134,872.5377902973695,745.1691798072962,964.4852707874423,0,0.013902436049163499,0.10833333333333334,0,0.0020894432877156415,0.008333333333333333
2026-07-24 12:00:00,2026-07-24,11,688.0954,891.5281260457865,778.6040067212045,972.0389453703688,0,0.007620496011810897,0.09166666666666666,0,0.002020221198427128,0.008333333333333333
2026-07-24 13:00:00,2026-07-24,12,692.4134,897.7007892770858,790.1228294413409,976.3774491128312,0,0.004826987615663175,0.06666666666666667,0,0.00504008247743329,0.008333333333333333
2026-07-24 14:00:00,2026-07-24,13,883.4134,905.8635976645152,797.1470073415479,996.5606879874824,0,0.000434558582219027,0.03333333333333333,0,0.009351601556133082,0.025
2026-07-24 15:00:00,2026-07-24,14,883.4134,922.7268996745076,805.2488663858423,1035.3960929631726,0,0.000329436619456179,0.008333333333333333,0,0.024422630883233126,0.025
2026-07-24 16:00:00,2026-07-24,15,912.4134,939.0925083373714,848.3498287544475,1022.9259379202956,0,0.00025879691458477884,0.0,0,0.02207654517226206,0.06666666666666667
2026-07-24 17:00:00,2026-07-24,16,937.4134,947.6461809063428,881.0683338022307,1020.7572680104548,0,0.00020937699897569597,0.0,0,0.030436492753173592,0.08333333333333333
2026-07-24 18:00:00,2026-07-24,17,952.4134,1032.852564164824,920.7512881257844,1165.6665402038632,0,0.00019345104322525777,0.008333333333333333,0,0.21588237848755115,0.225
2026-07-24 19:00:00,2026-07-24,18,1012.4134,1037.8088568877863,909.3559844069356,1190.579569368637,0,0.00021306779035999492,0.025,0,0.2966961304090122,0.325
2026-07-24 20:00:00,2026-07-24,19,1012.4134,1019.8286212544448,877.3630179379116,1182.272584570978,0,0.00026668293585721596,0.025,0,0.2409323976364712,0.175
2026-07-24 21:00:00,2026-07-24,20,952.4134,981.2221601488568,885.7840184650753,1106.0441018326385,0,0.00028831806554632957,0.016666666666666666,0,0.08364010442244285,0.125
2026-07-24 22:00:00,2026-07-24,21,912.4134,953.4971999862196,875.0277900571788,1046.9145599152605,0,0.00037087893915142004,0.0,0,0.03632806310083533,0.11666666666666667
2026-07-24 23:00:00,2026-07-24,22,883.4134,931.7951529130064,812.5078264781764,1065.5947993478364,0,0.00033682303692037315,0.016666666666666666,0,0.01654217211065048,0.1
2026-07-25 00:00:00,2026-07-24,23,692.47061,894.4069835141191,756.0712103712406,964.7326966569976,0,0.03145665240048619,0.075,0,0.004083751237616416,0.06666666666666667
2026-07-25 01:00:00,2026-07-25,0,685.99961,692.5032819883413,610.8846704266384,716.3262435500442,0,0.015670545490988157,0.008333333333333333,0,0.003002655424261711,0.008333333333333333
2026-07-25 02:00:00,2026-07-25,1,685.99961,692.5768318388612,609.3170282660458,727.0808754116766,0,0.005196024459047504,0.0,0,0.002825526765410932,0.0
2026-07-25 03:00:00,2026-07-25,2,685.99961,692.361772225537,593.0626306306567,741.9585138204175,0,0.014728342622309553,0.016666666666666666,0,0.0023516217702669747,0.008333333333333333
2026-07-25 04:00:00,2026-07-25,3,695.99961,692.1731320571345,575.0135142473214,769.9045898669475,0,0.014027601020376878,0.008333333333333333,0,0.0018035926970473171,0.008333333333333333
2026-07-25 05:00:00,2026-07-25,4,645.99961,696.82623848629,514.6094620582609,800.479914914319,0,0.013532708685478777,0.008333333333333333,0,0.00495513279698115,0.041666666666666664
2026-07-25 06:00:00,2026-07-25,5,645.99961,652.2655994970461,473.1749144380032,757.1897845560889,0,0.06262807095070362,0.041666666666666664,0,0.003910335379886471,0.008333333333333333
2026-07-25 07:00:00,2026-07-25,6,635.99961,638.4901157268772,473.3472688479782,747.5169626057761,0,0.10280112566281147,0.08333333333333333,0,0.0019258407409815268,0.0
2026-07-25 08:00:00,2026-07-25,7,313.71361,602.8686200003692,435.35688621424936,714.2362537864891,1,0.10552891347889717,0.16666666666666666,0,0.0009603480179502737,0.0
2026-07-25 09:00:00,2026-07-25,8,295.99961,599.0955025859932,448.80298416002455,711.6156410119619,1,0.08262586799226537,0.20833333333333334,0,0.0011323797675516466,0.0
2026-07-25 10:00:00,2026-07-25,9,295.99961,594.8012768216971,436.1017327482018,712.0913308951925,1,0.07269727477284693,0.19166666666666668,0,0.0010880918110332336,0.0
2026-07-25 11:00:00,2026-07-25,10,626.74361,611.7124294503526,463.4801791972951,721.6019497034102,0,0.0961963941155733,0.15833333333333333,0,0.0032766602768499204,0.0
2026-07-25 12:00:00,2026-07-25,11,635.99961,639.7139961881437,490.2370768635618,727.5125855127255,0,0.07005926950329083,0.13333333333333333,0,0.0018485466493624945,0.0
2026-07-25 13:00:00,2026-07-25,12,635.99961,648.3016908108482,505.38387027979286,750.4853113419035,0,0.0676650551503429,0.09166666666666666,0,0.0018129246484103667,0.0
2026-07-25 14:00:00,2026-07-25,13,635.99961,707.3987259441483,573.966691043886,812.2269608444103,0,0.027355954294889927,0.041666666666666664,0,0.013841761144391129,0.025
2026-07-25 15:00:00,2026-07-25,14,645.99961,726.2549415002168,574.0203182115516,841.7558347888819,0,0.0015726212652361015,0.008333333333333333,0,0.03297905834705012,0.06666666666666667
2026-07-25 16:00:00,2026-07-25,15,775.99961,749.3426700325804,640.4608404496564,850.0791996155042,0,0.0004420863221728153,0.0,0,0.06827964978600057,0.10833333333333334
2026-07-25 17:00:00,2026-07-25,16,775.99961,784.0852923754038,705.5309452712918,870.7398194795159,0,0.00041868701420334954,0.0,0,0.12653257137127522,0.15
2026-07-25 18:00:00,2026-07-25,17,935.99961,882.3734199609688,751.0345439219295,1013.151196000008,0,0.0004178092674258375,0.008333333333333333,1,0.4610202551259406,0.43333333333333335
2026-07-25 19:00:00,2026-07-25,18,935.99961,904.6151280479776,755.5705155671268,1031.4438405288283,0,0.00034734113249713184,0.008333333333333333,1,0.6086822546698321,0.65
2026-07-25 20:00:00,2026-07-25,19,935.99961,883.2863845600854,721.3932212435523,1022.7985478766184,0,0.0005265390482026604,0.008333333333333333,1,0.5953896870958703,0.4666666666666667
2026-07-25 21:00:00,2026-07-25,20,880.99961,849.8633833468232,727.3091916630418,956.5448350306046,0,0.00046846164493166356,0.008333333333333333,1,0.2958075578364114,0.3416666666666667
2026-07-25 22:00:00,2026-07-25,21,775.99961,817.2931091373174,710.5530192082766,889.3771390663583,0,0.0004753408929088962,0.0,0,0.18144282174245457,0.25
2026-07-25 23:00:00,2026-07-25,22,775.99961,781.1063115593576,657.7310051245274,887.2978179941877,0,0.0010460430669680756,0.008333333333333333,0,0.0739587291084385,0.15833333333333333
2026-07-26 00:00:00,2026-07-25,23,656.43802,712.479943614231,547.6079336129817,813.0463536154804,0,0.027176552544182237,0.05,0,0.028466441589043493,0.06666666666666667
2026-07-26 01:00:00,2026-07-26,0,656.43802,656.6587554100178,565.1649438483148,722.8647969717206,0,0.008303679501498787,0.008333333333333333,0,0.009278568791485963,0.041666666666666664
2026-07-26 02:00:00,2026-07-26,1,646.43802,655.7457136124882,557.0353100396729,742.8102971853036,0,0.003940597027264129,0.0,0,0.007484494849128913,0.03333333333333333
2026-07-26 03:00:00,2026-07-26,2,646.43802,653.1269002842208,558.0909186893405,767.2456818791012,0,0.0038812044784696455,0.0,0,0.008450682329635672,0.041666666666666664
2026-07-26 04:00:00,2026-07-26,3,646.43802,650.5690208735263,535.2445430637132,774.4826386833394,0,0.03046588739465982,0.0,0,0.0024699003762559133,0.041666666666666664
2026-07-26 05:00:00,2026-07-26,4,646.43802,648.7337651598899,516.8211045673467,792.4583557524331,0,0.04621497128964496,0.0,0,0.001364061415770568,0.1
2026-07-26 06:00:00,2026-07-26,5,616.43802,513.1150285520439,375.558281530409,656.1702055736789,0,0.31807534146875993,0.09166666666666666,0,0.004266200906627991,0.0
2026-07-26 07:00:00,2026-07-26,6,156.43802,493.03723361435374,373.7310167354549,627.9340104932527,1,0.31590890447441133,0.18333333333333332,0,0.0009153285432111379,0.0
2026-07-26 08:00:00,2026-07-26,7,156.43802,437.2401053601883,329.07756505655016,585.0402956638263,1,0.5603751940343498,0.5083333333333333,0,0.0017014535407008954,0.0
2026-07-26 09:00:00,2026-07-26,8,156.43802,416.86574549993577,279.94199105765523,567.8651499422165,1,0.5122305350926099,0.7583333333333333,0,0.0017014535407008954,0.0
2026-07-26 10:00:00,2026-07-26,9,156.43802,407.5267580414161,269.9933545192868,591.9824915635454,1,0.5083226413101471,0.7833333333333333,0,0.0015832418788459329,0.0
2026-07-26 11:00:00,2026-07-26,10,156.43802,455.35821310086993,315.19996913279266,622.0301170689471,1,0.41182667765190467,0.35833333333333334,0,0.001310246873262967,0.0
2026-07-26 12:00:00,2026-07-26,11,301.17402,502.4103071226148,364.3454577980329,646.8196864471967,1,0.2565634198163886,0.24166666666666667,0,0.001916708975200149,0.0
2026-07-26 13:00:00,2026-07-26,12,616.43802,515.4167682137539,360.8636216051663,667.5877948223416,0,0.17386762954483584,0.18333333333333332,0,0.0018684188883565768,0.0
2026-07-26 14:00:00,2026-07-26,13,646.43802,544.8523030404594,394.81146814019735,695.3680379407216,0,0.09072970129809792,0.075,0,0.003397122342250499,0.025
2026-07-26 15:00:00,2026-07-26,14,656.43802,570.8280245919022,414.3373313032372,764.6227778805675,0,0.07639104374790005,0.025,0,0.014226229602962215,0.008333333333333333
2026-07-26 16:00:00,2026-07-26,15,656.43802,619.5196001384644,467.3607205555404,766.6172797213883,0,0.017660018884982396,0.0,0,0.05534500423960988,0.05
2026-07-26 17:00:00,2026-07-26,16,694.83502,646.4584544720791,509.6822973679671,773.2922715761912,0,0.00238622561678845,0.0,0,0.08700591301579787,0.058333333333333334
2026-07-26 18:00:00,2026-07-26,17,786.43802,782.0003347685351,628.0304794416854,939.5249100953848,0,0.0008523349854444424,0.0,0,0.47518131433111394,0.375
2026-07-26 19:00:00,2026-07-26,18,796.43802,813.5712772834718,614.6990609128347,980.7482936541086,0,0.0005662213088379517,0.008333333333333333,0,0.5619713670283251,0.625
2026-07-26 20:00:00,2026-07-26,19,786.43802,813.3873026493854,607.1442724071139,998.5156328916568,0,0.0007097461997505087,0.008333333333333333,0,0.5595131939203835,0.525
2026-07-26 21:00:00,2026-07-26,20,786.43802,781.7021426563238,625.7437509725423,948.1163343401053,0,0.0009028981258067373,0.0,0,0.4350001266838812,0.375
2026-07-26 22:00:00,2026-07-26,21,776.43802,744.7471162264085,623.5750262973677,870.8538461554493,0,0.0008543759350021352,0.0,0,0.29667083820779117,0.3
2026-07-26 23:00:00,2026-07-26,22,656.43802,716.1646209777556,596.8154745429256,868.7969274125855,0,0.0011200893452673888,0.008333333333333333,0,0.2930675429076806,0.2
2026-07-27 00:00:00,2026-07-26,23,593.78592,639.1875797825281,504.76431978127874,755.5677697837775,0,0.01939118637614462,0.05,0,0.019774726896248207,0.10833333333333334
2026-07-27 01:00:00,2026-07-27,0,593.78592,594.2405811549203,508.5626795932174,667.7518527166231,0,0.015902098701518957,0.008333333333333333,0,0.009911600556802133,0.0
2026-07-27 02:00:00,2026-07-27,1,592.78592,594.4189398204054,489.23873624758994,680.7542433932208,0,0.017706067833955952,0.0,0,0.008136767541594947,0.0
2026-07-27 03:00:00,2026-07-27,2,592.78592,593.3270643852613,465.605502790381,649.7662459801418,0,0.008879162245821385,0.008333333333333333,0,0.007173028490866134,0.0
2026-07-27 04:00:00,2026-07-27,3,593.78592,592.4230637956265,431.6238859858134,713.5425216054396,0,0.016976208769843747,0.008333333333333333,0,0.009067167589304361,0.0
2026-07-27 05:00:00,2026-07-27,4,593.78592,592.6621069352061,335.5619263426628,731.4824675277495,0,0.010014017652587059,0.008333333333333333,0,0.007860191202720109,0.041666666666666664
2026-07-27 06:00:00,2026-07-27,5,593.78592,529.583173467435,336.7188264458001,699.6461004890699,0,0.1311196477973719,0.08333333333333333,0,0.019884954055642882,0.0
2026-07-27 07:00:00,2026-07-27,6,593.78592,474.04533207325215,310.8197266894604,641.0371074570439,0,0.2796601477962591,0.20833333333333334,0,0.008608355686943332,0.0
2026-07-27 08:00:00,2026-07-27,7,593.78592,464.9646032024848,273.98100816312086,651.0000182418487,0,0.3251118975442062,0.2833333333333333,0,0.008020384699312546,0.0
2026-07-27 09:00:00,2026-07-27,8,593.78592,469.6496674505469,290.3435827827812,631.9636521183127,0,0.3655601152025277,0.36666666666666664,0,0.008020384699312546,0.0
2026-07-27 10:00:00,2026-07-27,9,593.78592,465.688600639313,285.53372661329854,661.1341246653274,0,0.3879692336564643,0.3333333333333333,0,0.008020384699312546,0.0
2026-07-27 11:00:00,2026-07-27,10,593.78592,502.0387584010194,315.3539381479618,667.1699686540769,0,0.18264799489697497,0.175,0,0.011508779182259255,0.0
2026-07-27 12:00:00,2026-07-27,11,593.78592,536.5232405726856,372.49168124810376,661.3150598972675,0,0.10448658661189575,0.15,0,0.03148034326849365,0.0
2026-07-27 13:00:00,2026-07-27,12,593.78592,641.9114293568442,490.46668251515,776.5522361985385,0,0.0018059772400981183,0.05,0,0.07393817466839815,0.008333333333333333
2026-07-27 14:00:00,2026-07-27,13,593.78592,687.6100631013134,536.8580650155961,807.5257411870307,0,0.0008224271294730774,0.025,0,0.0985780103574751,0.1
2026-07-27 15:00:00,2026-07-27,14,643.78592,728.9991735482532,570.2184095734177,921.5092775230886,0,0.0005003708388322651,0.0,0,0.3265223982293329,0.25
2026-07-27 16:00:00,2026-07-27,15,643.78592,753.0268779199899,588.212848337066,879.1007075029139,0,0.0002852139356501213,0.0,0,0.5533608846889335,0.49166666666666664
2026-07-27 17:00:00,2026-07-27,16,683.78592,792.1717692289913,651.1187821248792,928.7151563331032,0,0.00028200981480914166,0.0,0,0.5646071044055639,0.6916666666666667
2026-07-27 18:00:00,2026-07-27,17,713.78592,877.6247836944942,762.7267683676445,1018.437299021344,0,0.0003910582887357448,0.0,0,0.7360304068416865,0.7416666666666667
2026-07-27 19:00:00,2026-07-27,18,713.78592,865.052876259661,736.7657867095447,1033.6504658097772,0,0.0004219442799693637,0.008333333333333333,0,0.7680740630020816,0.8166666666666667
2026-07-27 20:00:00,2026-07-27,19,713.78592,823.2649768883191,681.1225066460476,992.9855971305908,0,0.0004219442799693637,0.016666666666666666,0,0.6817906019243001,0.6416666666666667
2026-07-27 21:00:00,2026-07-27,20,683.78592,805.9952748499804,676.4211831661991,962.974106533762,0,0.0004025785899215374,0.008333333333333333,0,0.637144684888241,0.625
2026-07-27 22:00:00,2026-07-27,21,673.78592,763.274847006033,668.7795870769921,911.9488069350738,0,0.00040726804897747,0.0,0,0.5052478555370233,0.39166666666666666
2026-07-27 23:00:00,2026-07-27,22,613.78592,718.1587598089422,606.0997331471541,868.7318864707305,0,0.0007727849290984271,0.008333333333333333,0,0.24209208612840744,0.2
2026-07-28 00:00:00,2026-07-27,23,644.01838,567.1138202619846,514.2829871191062,692.2873934048631,0,0.12786331401109283,0.09166666666666666,0,0.06222865805780957,0.041666666666666664
2026-07-28 01:00:00,2026-07-28,0,644.01838,643.6131712910073,638.8535397293045,695.2730628527103,0,0.011249952292053117,0.0,0,0.0017867845257205563,0.016666666666666666
2026-07-28 02:00:00,2026-07-28,1,644.01838,643.6290051952261,643.2513516224108,689.9772187680414,0,0.009069944516782037,0.0,0,0.0009818627656583208,0.016666666666666666
2026-07-28 03:00:00,2026-07-28,2,644.01838,643.2807257766905,615.6021041818102,673.3164673715709,0,0.009059267233355652,0.016666666666666666,0,0.0009434346776662274,0.025
2026-07-28 04:00:00,2026-07-28,3,644.01838,643.0096486475443,594.2236308377314,716.4801464573573,0,0.011778312163924479,0.008333333333333333,0,0.0015050147600129003,0.016666666666666666
2026-07-28 05:00:00,2026-07-28,4,644.51838,641.5716120230533,540.1149444302632,665.0718796158432,0,0.008510038237744561,0.008333333333333333,0,0.0015050147600129003,0.05
2026-07-28 06:00:00,2026-07-28,5,644.01838,597.8640372501158,474.2153502284809,654.8299242717508,0,0.022138823600617065,0.025,0,0.002230394566468907,0.008333333333333333
2026-07-28 07:00:00,2026-07-28,6,604.01838,588.9517684672969,485.8879930835051,667.0297938510887,0,0.0355602267313719,0.08333333333333333,0,0.0014802792652449414,0.0
2026-07-28 08:00:00,2026-07-28,7,604.01838,590.1754752496137,446.19514021024975,653.3764402889776,0,0.04169807807766994,0.11666666666666667,0,0.0014802792652449414,0.0
2026-07-28 09:00:00,2026-07-28,8,604.01838,582.3714363027847,457.736321635019,633.0823309705505,0,0.03695873893108901,0.16666666666666666,0,0.0014802792652449414,0.0
2026-07-28 10:00:00,2026-07-28,9,604.01838,588.0855985544525,461.72527452843815,649.8264225804669,0,0.03995329613156823,0.13333333333333333,0,0.0014802792652449414,0.0
2026-07-28 11:00:00,2026-07-28,10,604.01838,598.1762127822191,513.3068125291616,645.0204130352765,0,0.029923354016371292,0.14166666666666666,0,0.0025401171890933826,0.008333333333333333
2026-07-28 12:00:00,2026-07-28,11,604.01838,616.9129903633365,538.8459088630826,653.1486318635904,0,0.011706129476619385,0.11666666666666667,0,0.0038062783118241175,0.008333333333333333
2026-07-28 13:00:00,2026-07-28,12,644.01838,631.8101489889737,583.2992421472795,696.5018858306678,0,0.004935671040290419,0.058333333333333334,0,0.004309475456686125,0.0
2026-07-28 14:00:00,2026-07-28,13,654.01838,644.8784501144726,583.5187120287553,713.3475882001899,0,0.0002832957456059065,0.025,0,0.02123454307805853,0.025
2026-07-28 15:00:00,2026-07-28,14,654.01838,670.9945324361474,599.1408984613121,776.2231664109828,0,0.00020414818064455343,0.0,0,0.043765999126148966,0.075
2026-07-28 16:00:00,2026-07-28,15,654.01838,694.7993140392352,601.4579244563113,757.1243436221591,0,0.00018828064229146164,0.0,0,0.0859624019202709,0.10833333333333334
2026-07-28 17:00:00,2026-07-28,16,691.02838,731.4199587241895,679.0458716200776,841.8812858283015,0,0.00024945985770058617,0.0,0,0.18816636302806317,0.15833333333333333
2026-07-28 18:00:00,2026-07-28,17,954.01838,792.0439849602295,701.8137089211903,945.9226909992688,0,0.0001817863237142998,0.008333333333333333,1,0.38226634073758425,0.35
2026-07-28 19:00:00,2026-07-28,18,984.01838,766.0549495278151,658.4912731571781,873.9795658984519,0,0.00024450000730849716,0.008333333333333333,1,0.3486634537838812,0.39166666666666666
2026-07-28 20:00:00,2026-07-28,19,1164.01838,745.318870196146,628.2845599538746,866.7404004384175,0,0.0002620995098159596,0.016666666666666666,1,0.27504581838274095,0.2
2026-07-28 21:00:00,2026-07-28,20,943.01838,718.3804884885176,646.0319968047361,826.487830172299,0,0.0003617838801826842,0.016666666666666666,1,0.13795504421014865,0.18333333333333332
2026-07-28 22:00:00,2026-07-28,21,674.01838,703.2761258014724,622.9477358724317,787.2892857305131,0,0.00022327740893290186,0.0,0,0.06388180006529456,0.16666666666666666
2026-07-28 23:00:00,2026-07-28,22,654.01838,664.4486051574594,566.1990784956713,773.1460618192475,0,0.00038473102900940466,0.016666666666666666,0,0.0235665536287344,0.1
2026-07-29 00:00:00,2026-07-28,23,662.76372,644.9448753115768,583.1310321686982,769.5268484544554,0,0.024816724520463358,0.058333333333333334,0,0.015859064524820943,0.06666666666666667
2026-07-29 01:00:00,2026-07-29,0,643.26372,662.4913379110319,642.4421963493289,724.3430194727348,0,0.011275985937156133,0.008333333333333333,0,0.0028039473711829266,0.008333333333333333
2026-07-29 02:00:00,2026-07-29,1,642.96372,662.6115835241292,647.7407003028931,734.8958467453654,0,0.009462716129046549,0.008333333333333333,0,0.002426563382000817,0.0
2026-07-29 03:00:00,2026-07-29,2,643.26372,662.6413272215042,624.1180456266238,726.7893088163846,0,0.006399996507313075,0.016666666666666666,0,0.0023781378745845708,0.008333333333333333
2026-07-29 04:00:00,2026-07-29,3,643.26372,662.6485092994646,605.4262114896517,702.4583271092778,0,0.005640482980618752,0.008333333333333333,0,0.0024582274423039217,0.016666666666666666
2026-07-29 05:00:00,2026-07-29,4,662.76372,662.3796610987945,592.0053935060046,691.5256286915845,0,0.0034562053880040303,0.008333333333333333,0,0.003460278054352855,0.041666666666666664
2026-07-29 06:00:00,2026-07-29,5,643.26372,627.3950274831762,541.6615104615413,696.2801645048112,0,0.010680378809845337,0.03333333333333333,0,0.0026226140743504296,0.008333333333333333
2026-07-29 07:00:00,2026-07-29,6,642.96372,613.0126246514449,546.623249267653,701.5924000352367,0,0.025291912492088786,0.09166666666666666,0,0.0020056490394275567,0.0
2026-07-29 08:00:00,2026-07-29,7,642.96372,607.5400267423784,504.3030917030145,705.2865617817423,0,0.054059989412960155,0.13333333333333333,0,0.0023126694872538174,0.0
2026-07-29 09:00:00,2026-07-29,8,642.96372,606.6568950876957,507.98012041993,696.7238597554615,0,0.03766075376352165,0.16666666666666666,0,0.0019958959907101707,0.0
2026-07-29 10:00:00,2026-07-29,9,642.96372,616.4132253957074,505.419451369693,710.6247994217217,0,0.03492877382034674,0.13333333333333333,0,0.0019958959907101707,0.0
2026-07-29 11:00:00,2026-07-29,10,642.96372,616.6568643474507,510.1029840943931,647.8339046005083,0,0.019837174298539362,0.15,0,0.002411684035513502,0.008333333333333333
2026-07-29 12:00:00,2026-07-29,11,642.96372,636.0726027502266,531.8800712499726,664.0336042504806,0,0.010260261501313764,0.125,0,0.003328314320395362,0.008333333333333333
2026-07-29 13:00:00,2026-07-29,12,642.96372,653.1291599302946,570.3604230886003,691.6931367719889,0,0.002127997047134959,0.075,0,0.00494784282510791,0.0
2026-07-29 14:00:00,2026-07-29,13,642.96372,667.6482862833145,559.4794481975972,731.5854243690317,0,0.001708461913293228,0.03333333333333333,0,0.018688031173450203,0.025
2026-07-29 15:00:00,2026-07-29,14,662.76372,682.9102675437232,578.2046335688879,794.8263615185587,0,0.0005366185879358193,0.0,0,0.051651832710852094,0.05
2026-07-29 16:00:00,2026-07-29,15,672.76372,693.4602951963094,603.6256656133854,754.1757747792333,0,0.00027632630591322576,0.0,0,0.05174749690463397,0.075
2026-07-29 17:00:00,2026-07-29,16,742.76372,734.2037503867523,680.8854772509027,796.1139235226019,0,0.00015027000036443855,0.0,0,0.11400146056481178,0.11666666666666667
2026-07-29 18:00:00,2026-07-29,17,1002.76372,858.1017638802506,768.6553132725594,987.0597344879416,0,0.0002445461129184792,0.008333333333333333,1,0.6085982749384736,0.49166666666666664
2026-07-29 19:00:00,2026-07-29,18,1002.76372,942.9171339512496,820.1005993739856,1093.7299685285138,0,0.00023175144948512817,0.008333333333333333,1,0.6339611611897893,0.8
2026-07-29 20:00:00,2026-07-29,19,1002.76372,941.1601220128292,790.3552886962962,1134.8019953293622,0,0.000252295108185484,0.0,1,0.6266779074302461,0.7333333333333333
2026-07-29 21:00:00,2026-07-29,20,991.76372,836.3952136251402,715.2660250087878,996.2874422414924,0,0.00024236735315226888,0.008333333333333333,1,0.5462872277169003,0.44166666666666665
2026-07-29 22:00:00,2026-07-29,21,742.76372,735.3462829665532,656.0049230375124,837.8398828955941,0,0.0004843059402141805,0.0,0,0.1269600354860985,0.15
2026-07-29 23:00:00,2026-07-29,22,689.73572,706.4312278495846,625.1690211877965,837.9251145113727,0,0.00041801653157935644,0.008333333333333333,0,0.0494904954932738,0.09166666666666666
2026-07-30 00:00:00,2026-07-29,23,893.34505,663.9166988264942,560.5102756836156,793.8110219693729,0,0.021859164003504794,0.06666666666666667,1,0.024983465096236297,0.06666666666666667
2026-07-30 01:00:00,2026-07-30,0,893.34505,892.4378630967508,825.6526875881975,966.156868605304,0,0.0016367881718293092,0.0,0,0.003201030025595792,0.016666666666666666
2026-07-30 02:00:00,2026-07-30,1,893.34505,892.1299569318656,846.9773237106295,948.154890153102,0,0.0013171310100724676,0.0,0,0.0019057747356381824,0.025
2026-07-30 03:00:00,2026-07-30,2,893.34505,891.6911471148503,836.6238487319472,925.1727754977534,0,0.001026695446787423,0.0,0,0.003760858747955887,0.03333333333333333
2026-07-30 04:00:00,2026-07-30,3,992.84505,891.7077748371764,814.5945740304013,922.4490756439516,0,0.0009562128051852091,0.0,0,0.002588459403580706,0.025
2026-07-30 05:00:00,2026-07-30,4,992.84505,886.159651942769,808.5639161135767,908.7245477719612,0,0.0013001086911975665,0.0,0,0.00276752185184799,0.09166666666666666
2026-07-30 06:00:00,2026-07-30,5,992.84505,809.8450937321386,703.2827067105036,879.3959407537735,0,0.009461779856474443,0.03333333333333333,0,0.0013933724527644092,0.008333333333333333
2026-07-30 07:00:00,2026-07-30,6,893.34505,822.26454420492,729.0472688211281,889.8112195887118,0,0.0066849259756317425,0.075,0,0.0008609485895433483,0.0
2026-07-30 08:00:00,2026-07-30,7,743.34505,821.9754002205058,706.1552951811418,902.0653052598695,0,0.011178718886382622,0.08333333333333333,0,0.0012748183088777854,0.008333333333333333
2026-07-30 09:00:00,2026-07-30,8,743.34505,822.3625545154391,736.3234698476733,899.6796391832048,0,0.011513059333201332,0.11666666666666667,0,0.0011578183963181236,0.008333333333333333
2026-07-30 10:00:00,2026-07-30,9,893.34505,831.7414435825094,719.452059556495,920.2798076085236,0,0.009751614571271158,0.09166666666666666,0,0.0008447677762974157,0.0
2026-07-30 11:00:00,2026-07-30,10,893.34505,833.3218556493022,747.6248053962445,904.8784659023596,0,0.007868697610261925,0.1,0,0.0011975183859907707,0.008333333333333333
2026-07-30 12:00:00,2026-07-30,11,893.34505,808.4723074201061,708.7577859198522,858.5277889203601,0,0.010636268168053083,0.11666666666666667,0,0.0015755129875303757,0.008333333333333333
2026-07-30 13:00:00,2026-07-30,12,893.34505,818.5627965547644,753.7624097130702,860.6124133964587,0,0.0070714022489965335,0.075,0,0.002487532413379242,0.0
2026-07-30 14:00:00,2026-07-30,13,992.84505,822.1822907094383,728.6262926237212,884.9584887951556,0,0.005411803533296254,0.03333333333333333,0,0.004136449816785173,0.025
2026-07-30 15:00:00,2026-07-30,14,992.84505,841.2220802086099,731.5341462337745,936.0795641834452,0,0.0008386540957802836,0.008333333333333333,0,0.0161211843630599,0.025
2026-07-30 16:00:00,2026-07-30,15,1003.34505,853.9747674564818,757.2353078735579,943.5430970394058,0,0.00020527301829714238,0.0,0,0.021157927811729208,0.03333333333333333
2026-07-30 17:00:00,2026-07-30,16,1003.34505,886.6905060153975,834.5742928795479,957.3563391512472,0,0.00014427003995943138,0.0,0,0.044761551689680955,0.05
2026-07-30 18:00:00,2026-07-30,17,1199.34505,984.7311114272972,881.1520233008273,1140.092419553767,0,0.00012114458052484267,0.016666666666666666,0,0.2115059456078359,0.24166666666666667
2026-07-30 19:00:00,2026-07-30,18,1208.34505,1013.6270055530352,884.7464709757712,1198.9997901302993,0,0.00012114458052484267,0.016666666666666666,0,0.21254516103445206,0.36666666666666664
2026-07-30 20:00:00,2026-07-30,19,1199.34505,1009.6622863464928,841.0046630299597,1229.652189663026,0,0.00012114458052484267,0.016666666666666666,0,0.2042630308064455,0.225
2026-07-30 21:00:00,2026-07-30,20,1208.34505,961.723024526588,828.7634659102356,1149.1907131429405,0,0.000257952146657298,0.016666666666666666,0,0.18438061678425718,0.175
2026-07-30 22:00:00,2026-07-30,21,1003.34505,868.0838836851383,776.2889837560974,991.7279536141792,0,0.0003778036672613052,0.0,0,0.07066590164729525,0.058333333333333334
2026-07-30 23:00:00,2026-07-30,22,992.84505,854.5168110671156,736.1640844053275,1000.2989977289036,0,0.0013704854704117404,0.016666666666666666,0,0.006500305168104469,0.05
2026-07-31 00:00:00,2026-07-30,23,982.09867,860.4348413977983,772.195081396549,924.7740013990476,0,0.004833351748799716,0.075,0,0.023516694372076104,0.06666666666666667
2026-07-31 01:00:00,2026-07-31,0,892.09867,981.602550892328,951.5350053837748,1012.1470564008814,0,0.0019411219047339703,0.0,0,0.0006973417920895296,0.016666666666666666
2026-07-31 02:00:00,2026-07-31,1,972.59867,981.6556368402256,941.3906712934204,1010.139662387031,0,0.002313425136235717,0.0,0,0.0006102867804667606,0.008333333333333333
2026-07-31 03:00:00,2026-07-31,2,972.59867,981.5097646448188,933.8195385750272,1000.84589071461,0,0.0018036973091674537,0.016666666666666666,0,0.0006102867804667606,0.016666666666666666
2026-07-31 04:00:00,2026-07-31,3,982.09867,981.6476301825317,925.4533893757564,1013.7551909893068,0,0.0020741187541652526,0.008333333333333333,0,0.0010273931548022742,0.008333333333333333
2026-07-31 05:00:00,2026-07-31,4,982.09867,983.0400458128208,897.8481414057638,1015.670650219878,0,0.0011415003869147716,0.0,0,0.0021574349721872953,0.041666666666666664
2026-07-31 06:00:00,2026-07-31,5,982.09867,932.7493104696088,820.5044754105659,999.5964455286517,0,0.010434201146944433,0.025,0,0.0016085144041367795,0.016666666666666666
2026-07-31 07:00:00,2026-07-31,6,892.09867,931.9484536166472,832.1243270991888,979.2918601341056,0,0.015121007789789698,0.06666666666666667,0,0.000566734289612508,0.0
2026-07-31 08:00:00,2026-07-31,7,892.09867,925.893402862598,788.4692378232342,982.8205079019618,0,0.025377741516176038,0.09166666666666666,0,0.0009549006511442911,0.008333333333333333
2026-07-31 09:00:00,2026-07-31,8,892.09867,928.3558811917236,814.8955365239577,999.0120058594892,0,0.025065988717782338,0.11666666666666667,0,0.0009549006511442911,0.008333333333333333
2026-07-31 10:00:00,2026-07-31,9,892.09867,937.0800347881228,808.2238107621084,1001.4884588141372,0,0.022400491414371036,0.08333333333333333,0,0.0003966839113597942,0.0
2026-07-31 11:00:00,2026-07-31,10,892.09867,940.7717221633624,851.5751719103047,999.83347241642,0,0.011142841988620965,0.09166666666666666,0,0.0007012676045101531,0.008333333333333333
2026-07-31 12:00:00,2026-07-31,11,892.09867,948.7672033321542,846.0335840075722,981.119822656736,0,0.007682675037452931,0.1,0,0.0009971444701085568,0.008333333333333333
2026-07-31 13:00:00,2026-07-31,12,892.09867,959.4525054060762,881.553890279794,1007.0258205323584,0,0.004506239183408742,0.06666666666666667,0,0.001066994119841013,0.0
2026-07-31 14:00:00,2026-07-31,13,982.09867,991.7553483375252,898.626553437263,1047.4930832377872,0,0.000521687359235313,0.03333333333333333,0,0.006253012496971258,0.025
2026-07-31 15:00:00,2026-07-31,14,982.09867,1013.8663779901166,906.7543847014516,1090.1256712787815,0,0.0003565285682671523,0.0,0,0.013040751168178828,0.041666666666666664
2026-07-31 16:00:00,2026-07-31,15,991.59867,1022.7469557894104,911.4788850306692,1107.1781665481517,0,0.00019566836795680941,0.0,0,0.015506410152239188,0.06666666666666667
2026-07-31 17:00:00,2026-07-31,16,991.59867,1039.80265605549,1000.302768951378,1108.625143159602,0,0.00012857422983235693,0.0,0,0.023825708980186218,0.06666666666666667
2026-07-31 18:00:00,2026-07-31,17,1106.09867,1179.9460795126176,1071.25278004016,1326.0103789850752,0,0.00014871589218338143,0.008333333333333333,0,0.167253922921239,0.325
2026-07-31 19:00:00,2026-07-31,18,1162.09867,1195.8245065782774,1076.7725524656514,1365.691960690903,0,0.00012339207232959603,0.008333333333333333,0,0.25691557264011317,0.38333333333333336
2026-07-31 20:00:00,2026-07-31,19,1106.09867,1173.5466421982458,1057.512478881713,1322.873105514779,0,0.00020002303198442378,0.016666666666666666,0,0.17816787320348154,0.225
2026-07-31 21:00:00,2026-07-31,20,1107.09867,1151.7484731522577,1066.0829689210743,1266.661577383441,0,0.000206839382835091,0.008333333333333333,0,0.14264688951314286,0.25833333333333336
2026-07-31 22:00:00,2026-07-31,21,991.59867,1064.5299520866788,1001.1241647913758,1158.3778393819816,0,0.00023900730769332146,0.0,0,0.024999939305824947,0.15
2026-07-31 23:00:00,2026-07-31,22,982.09867,1043.3537973300486,964.5788706682604,1167.8558239918368,0,0.00041993539839090845,0.008333333333333333,0,0.013891794855595265,0.10833333333333334
2026-08-01 00:00:00,2026-07-31,23,989.5918,948.5021061031316,808.2769094100192,1050.9505727962437,0,0.030777654638000095,0.08333333333333333,0,0.01241567211191468,0.058333333333333334
2026-08-01 01:00:00,2026-08-01,0,989.5918,988.9035113207276,924.1037277568192,1045.2966948846358,0,0.004423075989969155,0.0,0,0.0013070030583252617,0.03333333333333333
2026-08-01 02:00:00,2026-08-01,1,989.5918,987.8044848011994,925.508029254394,1046.189540348005,0,0.00411587873999108,0.0,0,0.00110568980202155,0.03333333333333333
2026-08-01 03:00:00,2026-08-01,2,985.0918,986.0806740803772,920.1611480105856,1045.303500150169,0,0.003484948242565738,0.008333333333333333,0,0.0011824429892471184,0.041666666666666664
2026-08-01 04:00:00,2026-08-01,3,989.5918,984.7209442843958,914.5783434776206,1049.4760150911711,0,0.00391984346094092,0.0,0,0.002127374646871877,0.03333333333333333
2026-08-01 05:00:00,2026-08-01,4,989.5918,982.4340518456984,874.6167474386413,1033.7223562527556,0,0.013509466910925028,0.0,0,0.001178265033594825,0.08333333333333333
2026-08-01 06:00:00,2026-08-01,5,989.5918,894.6560650124432,746.8000299534003,973.0715900714858,0,0.0962409977852068,0.03333333333333333,0,0.0009048640976907877,0.008333333333333333
2026-08-01 07:00:00,2026-08-01,6,985.0918,883.6296694777975,762.0815029603391,967.555275995256,0,0.17794945742389864,0.08333333333333333,0,0.00045623717430538725,0.0
2026-08-01 08:00:00,2026-08-01,7,650.0918,875.4454959562548,715.813060916891,960.5245709956188,1,0.19795600195393703,0.09166666666666666,0,0.0004866218203205054,0.0
2026-08-01 09:00:00,2026-08-01,8,890.5918,877.0712904251088,746.280005757343,968.7202750928744,0,0.2168520643022886,0.14166666666666666,0,0.00042762318594590654,0.0
2026-08-01 10:00:00,2026-08-01,9,890.5918,876.1732233435707,731.5515693175564,990.5743873695852,0,0.19398722249806338,0.125,0,0.00038071670441243075,0.0
2026-08-01 11:00:00,2026-08-01,10,890.5918,880.8154516614258,752.8788014083682,987.3923019144834,0,0.13525832625212786,0.125,0,0.0007102718735254549,0.008333333333333333
2026-08-01 12:00:00,2026-08-01,11,890.5918,897.0849709350637,766.7158516104819,990.8475902596456,0,0.10535726460397164,0.10833333333333334,0,0.001058310617403177,0.008333333333333333
2026-08-01 13:00:00,2026-08-01,12,890.5918,898.103777546343,776.1434624200608,991.8660926726254,0,0.06752159815696397,0.06666666666666667,0,0.001119980083258193,0.0
2026-08-01 14:00:00,2026-08-01,13,985.0918,921.32840915444,789.1989742541779,1010.705544054702,0,0.04703384339062714,0.03333333333333333,0,0.0022133645373981635,0.025
2026-08-01 15:00:00,2026-08-01,14,989.5918,938.0581810719858,811.0094870971503,1057.6871150468212,0,0.0369641166989747,0.008333333333333333,0,0.003366002012829344,0.03333333333333333
2026-08-01 16:00:00,2026-08-01,15,989.5918,952.1878519222208,845.0889223392968,1046.6579815051448,0,0.006691525894884975,0.0,0,0.0046841656482246126,0.03333333333333333
2026-08-01 17:00:00,2026-08-01,16,990.0918,974.1411505078444,890.6621354258326,1048.2639255898562,0,0.00068583966570366,0.0,0,0.005112517001668505,0.05
2026-08-01 18:00:00,2026-08-01,17,1015.0918,1085.901979299587,956.2768711731172,1236.354327426057,0,0.0003377164539533059,0.008333333333333333,0,0.03611478679038253,0.24166666666666667
2026-08-01 19:00:00,2026-08-01,18,1050.0918,1096.3961237768006,963.1281488651975,1253.8659986884038,0,0.0003339227117716387,0.025,0,0.08659901190188718,0.30833333333333335
2026-08-01 20:00:00,2026-08-01,19,1040.0918,1087.5722369031405,930.3783166608692,1235.4037071454122,0,0.0003377164539533059,0.03333333333333333,0,0.0471483963735806,0.2
2026-08-01 21:00:00,2026-08-01,20,1050.0918,1078.901624720886,951.4853804897028,1213.0423289520693,0,0.0003502258171993834,0.016666666666666666,0,0.03302902799412151,0.20833333333333334
2026-08-01 22:00:00,2026-08-01,21,1015.0918,1033.6800092239273,913.2646219286244,1146.13119651923,0,0.0004769290818904711,0.0,0,0.0134357406950282,0.14166666666666666
2026-08-01 23:00:00,2026-08-01,22,990.0918,1016.6711549756914,877.8963883139032,1148.0081416374794,0,0.0005988249881217437,0.008333333333333333,0,0.00928334466509738,0.125
2026-08-02 00:00:00,2026-08-01,23,942.6046,983.4651864503082,895.8496297571959,1067.6448431434203,0,0.014459899319180725,0.05,0,0.005922437727048938,0.08333333333333333
2026-08-02 01:00:00,2026-08-02,0,942.6046,942.49945164018,931.3158280762716,959.2464952040884,0,0.00467997215560314,0.0,0,0.001725596395248192,0.016666666666666666
2026-08-02 02:00:00,2026-08-02,1,722.6046,942.3255465589108,917.6751510121054,955.5641421057162,0,0.00496562304210295,0.0,0,0.001284509463205284,0.025
2026-08-02 03:00:00,2026-08-02,2,893.1046,941.6342203404744,912.2341942706828,964.7872464102658,0,0.004995469022360342,0.008333333333333333,0,0.0006663438440167292,0.03333333333333333
2026-08-02 04:00:00,2026-08-02,3,893.1046,941.053690649588,892.8089898428129,966.5854914563632,0,0.007102043911530407,0.0,0,0.0007862764825631631,0.025
2026-08-02 05:00:00,2026-08-02,4,942.6046,940.6402750886976,852.0424247457054,974.5293254316896,0,0.008485044939599699,0.0,0,0.0008429638198084836,0.058333333333333334
2026-08-02 06:00:00,2026-08-02,5,652.6046,885.3796461576025,746.6266429157139,968.0813493994908,0,0.10395745783611927,0.025,0,0.0006599362750786624,0.008333333333333333
2026-08-02 07:00:00,2026-08-02,6,622.6046,878.2782999362021,732.2444231172216,958.0433367551824,1,0.2498249125685244,0.06666666666666667,0,0.0003963758159589046,0.0
2026-08-02 08:00:00,2026-08-02,7,492.6046,842.2830698493285,667.8076763077258,925.121863390931,1,0.6051441494054915,0.10833333333333334,0,0.0004893014704738913,0.0
2026-08-02 09:00:00,2026-08-02,8,241.0846,849.1502841487076,694.0903594809419,915.2520288164734,1,0.3232137648595022,0.13333333333333333,0,0.00036689836670118856,0.0
2026-08-02 10:00:00,2026-08-02,9,369.8146,853.221056129626,685.4780921036116,931.3652401556404,1,0.2761553125606066,0.11666666666666667,0,0.00028704157916107693,0.0
2026-08-02 11:00:00,2026-08-02,10,492.6046,855.3515859304562,722.4204756773985,902.0491761835136,1,0.27642565543896713,0.13333333333333333,0,0.0004898473669743007,0.008333333333333333
2026-08-02 12:00:00,2026-08-02,11,492.6046,872.9271080420465,752.3433487174647,904.3933273666282,1,0.1500973536248348,0.10833333333333334,0,0.0007610743885392185,0.008333333333333333
2026-08-02 13:00:00,2026-08-02,12,622.6046,879.5765927777643,772.3480176514819,941.7384079040468,1,0.042985688296251316,0.06666666666666667,0,0.0008144008858021316,0.0
2026-08-02 14:00:00,2026-08-02,13,622.6046,909.7220608756857,804.7436259754235,971.714855775948,1,0.02414028873702988,0.025,0,0.0013311428023453557,0.025
2026-08-02 15:00:00,2026-08-02,14,642.6046,926.8858320843638,836.3882381095283,987.590106059199,0,0.003773193858011681,0.0,0,0.003839499286779925,0.041666666666666664
2026-08-02 16:00:00,2026-08-02,15,942.6046,946.9683486702756,882.2849190873516,1002.4976782531996,0,0.0009965182486244336,0.0,0,0.0063907055579535185,0.058333333333333334
2026-08-02 17:00:00,2026-08-02,16,992.1046,975.2072589384536,941.9688838564416,1035.0257340204653,0,0.0005349145315263863,0.0,0,0.008501183666658625,0.06666666666666667
2026-08-02 18:00:00,2026-08-02,17,992.1046,1057.7697314852264,953.8538833587564,1178.6847796116965,0,0.0002809261871670403,0.008333333333333333,0,0.05595686113490756,0.24166666666666667
2026-08-02 19:00:00,2026-08-02,18,992.1046,1059.4360907786515,958.7930158670486,1180.4579656902552,0,0.00030593757791011044,0.025,0,0.05660067429323735,0.3
2026-08-02 20:00:00,2026-08-02,19,1017.6046,1047.8108711062498,947.9666508639784,1172.494891348521,0,0.00041146404345689016,0.03333333333333333,0,0.05448315260366572,0.18333333333333332
2026-08-02 21:00:00,2026-08-02,20,1017.6046,1034.8098973085437,947.2836530773604,1142.018361539727,0,0.0005437338934226088,0.016666666666666666,0,0.033882918820695315,0.19166666666666668
2026-08-02 22:00:00,2026-08-02,21,992.1046,1011.1711029530436,939.9105556577404,1098.9583902483464,0,0.0005855444531766464,0.0,0,0.02858258318035917,0.15
2026-08-02 23:00:00,2026-08-02,22,992.1046,989.7351256287806,909.1353489669924,1093.797402290569,0,0.0007603618211451815,0.008333333333333333,0,0.01864332121544562,0.125
2026-08-03 00:00:00,2026-08-02,23,989.52102,933.4588441687772,759.0703874756649,1041.7577508618897,0,0.010088379153176065,0.058333333333333334,0,0.0033442278112538293,0.075
2026-08-03 01:00:00,2026-08-03,0,989.52102,989.1128859824672,866.9400524185588,1022.6448595463756,0,0.00314306844150932,0.0,0,0.0012463510897769733,0.05
2026-08-03 02:00:00,2026-08-03,1,989.52102,988.6015735212184,869.0030679744129,1008.498049068024,0,0.003990488601879017,0.0,0,0.0004260498199975656,0.03333333333333333
2026-08-03 03:00:00,2026-08-03,2,989.52102,986.9737232853654,863.8254349024622,1018.7452516682685,0,0.0013643850737684827,0.0,0,0.0008308992016587609,0.041666666666666664
2026-08-03 04:00:00,2026-08-03,3,995.02102,985.7206927508944,855.2218572111306,1046.294258290658,0,0.0021881943130749103,0.0,0,0.0012584954397897251,0.03333333333333333
2026-08-03 05:00:00,2026-08-03,4,989.52102,982.9955928077528,843.9623825867429,1024.436403028763,0,0.0024581804069023425,0.0,0,0.0013054330495661148,0.1
2026-08-03 06:00:00,2026-08-03,5,989.52102,804.8156434000068,647.6633752654942,922.7416115345196,0,0.05559887779092828,0.08333333333333333,0,0.0017055498831171992,0.008333333333333333
2026-08-03 07:00:00,2026-08-03,6,989.52102,802.6263346590163,607.8214260564362,943.7219532615964,0,0.05809215040607029,0.125,0,0.0005636379527882765,0.0
2026-08-03 08:00:00,2026-08-03,7,989.52102,785.6148814218375,607.9894613403836,967.1455215032912,0,0.10620833961255646,0.2,0,0.0005638613631084745,0.0
2026-08-03 09:00:00,2026-08-03,8,989.52102,771.8994688574282,612.3775180184539,916.1033596964024,0,0.21322552290755764,0.225,0,0.0006784933114710774,0.0
2026-08-03 10:00:00,2026-08-03,9,989.52102,774.8741043085461,613.2363493061285,956.2188093109636,0,0.1756639011357536,0.19166666666666668,0,0.0005811739353488345,0.0
2026-08-03 11:00:00,2026-08-03,10,989.52102,805.7380760440899,672.4249455540166,936.1610965341632,0,0.14003841463570754,0.14166666666666666,0,0.0009410145801918911,0.0
2026-08-03 12:00:00,2026-08-03,11,989.52102,794.4156276763172,656.7706527650273,902.0076025876068,0,0.13177866037140634,0.15833333333333333,0,0.0016975218801708947,0.0
2026-08-03 13:00:00,2026-08-03,12,989.52102,836.1186218835494,684.5155969560085,981.3877968110904,0,0.08042708480215338,0.10833333333333334,0,0.001719938916600644,0.0
2026-08-03 14:00:00,2026-08-03,13,995.02102,860.6242122551378,725.6171319321708,947.978072578105,0,0.035405273569123465,0.058333333333333334,0,0.0016024944211794534,0.025
2026-08-03 15:00:00,2026-08-03,14,1001.02102,886.6010760696986,733.2835227810335,1018.3294093583636,0,0.013080062431337197,0.025,0,0.0023035853678969385,0.016666666666666666
2026-08-03 16:00:00,2026-08-03,15,1020.02102,955.0822293425058,839.2523997595819,1054.8344589254298,0,0.001441587149561175,0.0,0,0.0055645934465978555,0.09166666666666666
2026-08-03 17:00:00,2026-08-03,16,1020.02102,995.0014684126712,887.1769933306593,1078.196143494683,0,0.00023012215119323835,0.0,0,0.008056571999676226,0.09166666666666666
2026-08-03 18:00:00,2026-08-03,17,1025.02102,1032.1949896574488,898.5987415309789,1176.8854377839189,0,0.00019989959976844,0.008333333333333333,0,0.020199179183759016,0.225
2026-08-03 19:00:00,2026-08-03,18,1050.02102,1053.4274119808035,904.0459070692004,1184.3704868924067,0,0.0002575188187755447,0.016666666666666666,0,0.01968249238850603,0.30833333333333335
2026-08-03 20:00:00,2026-08-03,19,1025.02102,1055.3260027250092,884.0717924827378,1194.2298729672807,0,0.00016882976786042269,0.025,0,0.032136969608408755,0.19166666666666668
2026-08-03 21:00:00,2026-08-03,20,1025.02102,1048.913249763607,921.0322055324236,1208.77055399479,0,0.00017338494699978786,0.016666666666666666,0,0.029355189488738276,0.18333333333333332
2026-08-03 22:00:00,2026-08-03,21,1020.02102,1024.888698930377,917.8757116350738,1135.28198622568,0,0.00021961223237237213,0.0,0,0.011150822431735423,0.16666666666666666
2026-08-03 23:00:00,2026-08-03,22,995.02102,1012.3351143888592,932.5663377270712,1120.7297910506477,0,0.0006323587143487151,0.008333333333333333,0,0.004890641145923994,0.13333333333333333
2026-08-04 00:00:00,2026-08-03,23,1024.02798,938.6816317750248,879.4356750819124,992.7077884681372,0,0.03373582733479159,0.06666666666666667,0,0.004594170081259655,0.08333333333333333
2026-08-04 01:00:00,2026-08-04,0,1021.02798,1023.3414329588346,1041.7237493949262,1000.7819165227432,0,0.0014131126907481178,0.0,0,0.00023360975819335144,0.025
2026-08-04 02:00:00,2026-08-04,1,1021.02798,1023.4007359365582,1032.4430903897528,1003.6795914833638,0,0.0011594628518088784,0.0,0,0.000229228213939513,0.025
2026-08-04 03:00:00,2026-08-04,2,980.02798,1023.0546218049956,1013.8524934220924,1016.0413501878984,0,0.0009328328066629539,0.008333333333333333,0,0.000229228213939513,0.03333333333333333
2026-08-04 04:00:00,2026-08-04,3,1018.22798,1023.3352201976236,988.6224246578596,1023.7290857373872,0,0.0008812945081552485,0.0,0,0.0003801096877322009,0.025
2026-08-04 05:00:00,2026-08-04,4,1024.02798,1021.1800485514972,955.4960383304872,1003.2575287725072,0,0.0007171930739622602,0.0,0,0.0004029934229869526,0.06666666666666667
2026-08-04 06:00:00,2026-08-04,5,1024.02798,958.3237031971358,819.6074497524829,1000.7423166417888,0,0.009570406846312201,0.025,0,0.00018892012872411,0.008333333333333333
2026-08-04 07:00:00,2026-08-04,6,980.02798,948.6815428316844,783.8127973069733,1021.4322983563956,0,0.011713240061981734,0.06666666666666667,0,0.00018543583703502703,0.0
2026-08-04 08:00:00,2026-08-04,7,686.89998,950.5132190627724,749.9318256570066,1049.9784024685382,1,0.010288593109938352,0.1,0,0.0001793623754580892,0.008333333333333333
2026-08-04 09:00:00,2026-08-04,8,816.13198,947.0589485309802,770.4301036601848,1023.2648234017756,0,0.008648117228232952,0.125,0,0.00031769963569664887,0.008333333333333333
2026-08-04 10:00:00,2026-08-04,9,980.02798,950.2597886374876,778.8303636293042,1046.291933645671,0,0.006358127173728837,0.1,0,0.00029814133202668043,0.008333333333333333
2026-08-04 11:00:00,2026-08-04,10,1021.02798,955.1160742418128,841.7251755406905,1008.9239729429352,0,0.005630899603026664,0.10833333333333334,0,0.0003739673942399069,0.008333333333333333
2026-08-04 12:00:00,2026-08-04,11,980.02798,976.7610920370748,876.6461763757844,1022.9605376983652,0,0.005085205129348674,0.1,0,0.0005979486796906761,0.008333333333333333
2026-08-04 13:00:00,2026-08-04,12,1021.02798,978.8896846758298,853.8096631001299,1051.9593062515298,0,0.004069203377630642,0.058333333333333334,0,0.0005948659749327274,0.0
2026-08-04 14:00:00,2026-08-04,13,1024.02798,986.0269132704846,900.3143476487784,1045.4172188921907,0,0.0029172766509303655,0.03333333333333333,0,0.0013673549527555187,0.025
2026-08-04 15:00:00,2026-08-04,14,1024.02798,985.244219136367,910.104385847702,1062.348372425032,0,0.002003707041407469,0.008333333333333333,0,0.0015182621434925284,0.025
2026-08-04 16:00:00,2026-08-04,15,1049.52798,997.0496825956023,943.0422530126784,1043.2119121785263,0,0.000547140646807141,0.0,0,0.001476991213304851,0.03333333333333333
2026-08-04 17:00:00,2026-08-04,16,1024.02798,1003.0441947242398,984.125949642228,1045.7272298062517,0,0.0004141926960459374,0.0,0,0.0014931905621960147,0.05
2026-08-04 18:00:00,2026-08-04,17,1050.02798,1087.8975791697817,1003.5381910433116,1193.7047272962516,0,0.00015492415905874905,0.025,0,0.0029329379146516683,0.18333333333333332
2026-08-04 19:00:00,2026-08-04,18,1060.02798,1076.3049387215085,997.3564338099056,1178.712143633112,0,0.00014089999831795965,0.03333333333333333,0,0.002459811818744365,0.20833333333333334
2026-08-04 20:00:00,2026-08-04,19,1060.02798,1077.2714108966454,974.357510654374,1184.8405511389174,0,0.00015846904183691382,0.041666666666666664,0,0.0025503141806630263,0.14166666666666666
2026-08-04 21:00:00,2026-08-04,20,1060.02798,1077.1043315719758,993.3363073407924,1162.4183758031588,0,0.00015414064423028564,0.016666666666666666,0,0.0024261181271811407,0.125
2026-08-04 22:00:00,2026-08-04,21,1024.02798,1063.498217393081,1006.404530097778,1115.8790046883837,0,0.0002966136052515218,0.0,0,0.0018739243272869327,0.125
2026-08-04 23:00:00,2026-08-04,22,1024.02798,1042.4682168336494,981.6737901718612,1092.7124934954377,0,0.0003044744996456782,0.008333333333333333,0,0.001249596368086035,0.11666666666666667
2026-08-05 00:00:00,2026-08-04,23,1024.0,1016.049983240378,916.6705188602856,1120.7408476204705,0,0.006413377942913834,0.058333333333333334,0,0.0017536982622788223,0.075
