origen,fecha_hora,real,pred_analogo,pred_cronologico
Origen 1,2020-07-01 00:00:00,205.16884,165.81494,176.03745
Origen 1,2020-07-01 01:00:00,210.16884,163.75291,174.88177
Origen 1,2020-07-01 02:00:00,205.16884,163.6164,174.78816
Origen 1,2020-07-01 03:00:00,205.16884,163.61343,174.63536
Origen 1,2020-07-01 04:00:00,205.16884,164.01407,174.93323
Origen 1,2020-07-01 05:00:00,205.16884,165.1528,175.2582
Origen 1,2020-07-01 06:00:00,205.16884,166.78777,175.34503
Origen 1,2020-07-01 07:00:00,210.16884,169.11766,178.55138
Origen 1,2020-07-01 08:00:00,210.16884,202.13004,222.37318
Origen 1,2020-07-01 09:00:00,260.16884,208.74384,224.48497
Origen 1,2020-07-01 10:00:00,260.16884,213.89682,227.84915
Origen 1,2020-07-01 11:00:00,270.16884,254.27295,253.9131
Origen 1,2020-07-01 12:00:00,270.16884,256.58124,254.69487
Origen 1,2020-07-01 13:00:00,270.16884,256.6746,255.06213
Origen 1,2020-07-01 14:00:00,270.16884,252.4529,246.67564
Origen 1,2020-07-01 15:00:00,270.16884,250.3462,244.68143
Origen 1,2020-07-01 16:00:00,260.16884,213.54341,227.387
Origen 1,2020-07-01 17:00:00,260.16884,212.70448,225.94215
Origen 1,2020-07-01 18:00:00,270.16884,257.45972,248.45377
Origen 1,2020-07-01 19:00:00,270.16884,260.2789,253.58508
Origen 1,2020-07-01 20:00:00,270.16884,255.94763,256.38336
Origen 1,2020-07-01 21:00:00,260.16884,250.97012,243.61179
Origen 1,2020-07-01 22:00:00,210.16884,208.37001,223.54094
Origen 1,2020-07-01 23:00:00,210.16884,200.4064,217.12611
Origen 1,2020-07-02 00:00:00,171.60186,182.80896,193.97362
Origen 1,2020-07-02 01:00:00,171.60186,170.17989,182.43062
Origen 1,2020-07-02 02:00:00,193.60186,168.08714,179.43407
Origen 1,2020-07-02 03:00:00,193.60186,167.6322,178.59796
Origen 1,2020-07-02 04:00:00,193.60186,167.51547,177.44655
Origen 1,2020-07-02 05:00:00,193.60186,168.21657,178.13367
Origen 1,2020-07-02 06:00:00,193.60186,168.92012,178.59242
Origen 1,2020-07-02 07:00:00,193.60186,184.79512,187.81445
Origen 1,2020-07-02 08:00:00,200.60086,190.52385,193.90553
Origen 1,2020-07-02 09:00:00,200.60086,246.97153,232.53206
Origen 1,2020-07-02 10:00:00,208.60186,241.63959,234.9979
Origen 1,2020-07-02 11:00:00,253.60186,245.14333,238.7455
Origen 1,2020-07-02 12:00:00,253.60186,244.22136,239.54324
Origen 1,2020-07-02 13:00:00,208.60186,243.49368,240.41684
Origen 1,2020-07-02 14:00:00,208.60186,244.71796,240.8239
Origen 1,2020-07-02 15:00:00,208.60186,244.14229,240.2093
Origen 1,2020-07-02 16:00:00,208.60186,240.66573,238.73933
Origen 1,2020-07-02 17:00:00,200.60086,240.0324,236.80614
Origen 1,2020-07-02 18:00:00,253.60186,239.38956,241.11816
Origen 1,2020-07-02 19:00:00,253.60186,242.22261,242.18013
Origen 1,2020-07-02 20:00:00,253.60186,240.13199,241.22214
Origen 1,2020-07-02 21:00:00,208.60186,237.79657,240.22168
Origen 1,2020-07-02 22:00:00,200.60086,192.9581,200.61903
Origen 1,2020-07-02 23:00:00,193.60186,187.7626,193.83334
Origen 1,2020-07-03 00:00:00,169.23235,158.96031,155.81364
Origen 1,2020-07-03 01:00:00,169.23235,155.37073,153.36244
Origen 1,2020-07-03 02:00:00,169.23235,154.00858,153.52158
Origen 1,2020-07-03 03:00:00,169.23235,154.03421,155.69727
Origen 1,2020-07-03 04:00:00,169.23235,153.9157,153.24037
Origen 1,2020-07-03 05:00:00,169.23235,156.63756,153.24037
Origen 1,2020-07-03 06:00:00,169.23235,160.76768,154.47458
Origen 1,2020-07-03 07:00:00,190.23135,167.18063,165.0677
Origen 1,2020-07-03 08:00:00,206.23235,189.2689,191.73834
Origen 1,2020-07-03 09:00:00,212.23235,190.39903,192.36392
Origen 1,2020-07-03 10:00:00,212.23235,194.43117,198.9762
Origen 1,2020-07-03 11:00:00,212.23235,234.34709,232.89267
Origen 1,2020-07-03 12:00:00,212.23235,234.18657,233.00385
Origen 1,2020-07-03 13:00:00,212.23235,195.68132,200.47607
Origen 1,2020-07-03 14:00:00,212.23235,192.87016,201.20908
Origen 1,2020-07-03 15:00:00,212.23235,193.04425,201.24632
Origen 1,2020-07-03 16:00:00,212.23235,193.99182,203.14636
Origen 1,2020-07-03 17:00:00,212.23235,190.53111,199.30315
Origen 1,2020-07-03 18:00:00,212.23235,232.77855,236.5062
Origen 1,2020-07-03 19:00:00,236.23235,234.12257,237.735
Origen 1,2020-07-03 20:00:00,236.23235,232.84259,237.01422
Origen 1,2020-07-03 21:00:00,212.23235,195.19904,205.38286
Origen 1,2020-07-03 22:00:00,212.23235,190.87766,198.6855
Origen 1,2020-07-03 23:00:00,206.23235,172.99564,173.41702
Origen 1,2020-07-04 00:00:00,180.19157,157.75464,161.37634
Origen 1,2020-07-04 01:00:00,180.19157,153.7327,157.89822
Origen 1,2020-07-04 02:00:00,180.19157,152.23154,156.23436
Origen 1,2020-07-04 03:00:00,160.19257,152.22876,156.21457
Origen 1,2020-07-04 04:00:00,160.19257,152.67671,156.45326
Origen 1,2020-07-04 05:00:00,160.19257,153.37305,157.49727
Origen 1,2020-07-04 06:00:00,160.19257,157.46191,158.26253
Origen 1,2020-07-04 07:00:00,179.19257,169.21535,167.17984
Origen 1,2020-07-04 08:00:00,179.19257,194.50153,193.00844
Origen 1,2020-07-04 09:00:00,179.19257,204.13945,204.1193
Origen 1,2020-07-04 10:00:00,179.19257,206.5632,207.00633
Origen 1,2020-07-04 11:00:00,180.19157,207.66022,208.74931
Origen 1,2020-07-04 12:00:00,180.19157,207.66022,209.11543
Origen 1,2020-07-04 13:00:00,180.19157,207.89204,209.48172
Origen 1,2020-07-04 14:00:00,180.19157,206.58546,209.73639
Origen 1,2020-07-04 15:00:00,179.19257,203.85461,206.49792
Origen 1,2020-07-04 16:00:00,179.19257,204.92659,208.95474
Origen 1,2020-07-04 17:00:00,179.19257,212.0334,205.55911
Origen 1,2020-07-04 18:00:00,187.19257,215.28947,213.09848
Origen 1,2020-07-04 19:00:00,235.19257,225.83421,221.53296
Origen 1,2020-07-04 20:00:00,187.19257,225.64198,219.89923
Origen 1,2020-07-04 21:00:00,180.19157,211.13011,210.63239
Origen 1,2020-07-04 22:00:00,179.19257,209.24321,208.24854
Origen 1,2020-07-04 23:00:00,160.19257,195.41937,192.95847
Origen 1,2020-07-05 00:00:00,137.29608,164.42924,160.48451
Origen 1,2020-07-05 01:00:00,137.29608,158.83167,156.5202
Origen 1,2020-07-05 02:00:00,137.29608,156.75966,155.32384
Origen 1,2020-07-05 03:00:00,137.29608,153.16031,151.13763
Origen 1,2020-07-05 04:00:00,142.49508,153.69121,150.76025
Origen 1,2020-07-05 05:00:00,136.49508,154.00337,150.77937
Origen 1,2020-07-05 06:00:00,121.51508,146.41673,147.59494
Origen 1,2020-07-05 07:00:00,121.51508,158.57254,161.3796
Origen 1,2020-07-05 08:00:00,142.49508,173.21693,167.22958
Origen 1,2020-07-05 09:00:00,167.51508,173.34361,169.9093
Origen 1,2020-07-05 10:00:00,167.51508,171.9124,168.61835
Origen 1,2020-07-05 11:00:00,167.51508,172.38153,168.86304
Origen 1,2020-07-05 12:00:00,167.51508,173.55362,169.06502
Origen 1,2020-07-05 13:00:00,167.51508,173.74736,169.40128
Origen 1,2020-07-05 14:00:00,167.51508,176.17938,170.07468
Origen 1,2020-07-05 15:00:00,167.51508,173.17929,171.01973
Origen 1,2020-07-05 16:00:00,167.51508,164.9028,161.82407
Origen 1,2020-07-05 17:00:00,167.51508,165.02882,161.649
Origen 1,2020-07-05 18:00:00,167.51508,172.46892,167.29027
Origen 1,2020-07-05 19:00:00,236.51508,210.38705,200.84157
Origen 1,2020-07-05 20:00:00,236.51508,171.72673,162.87985
Origen 1,2020-07-05 21:00:00,236.51508,166.5626,162.97183
Origen 1,2020-07-05 22:00:00,167.51508,164.15968,161.80061
Origen 1,2020-07-05 23:00:00,167.51508,152.7899,151.74507
Origen 1,2020-07-06 00:00:00,89.43026,131.92224,132.57611
Origen 1,2020-07-06 01:00:00,89.43026,129.89735,131.10286
Origen 1,2020-07-06 02:00:00,91.12526,129.52179,130.89699
Origen 1,2020-07-06 03:00:00,91.12526,129.4437,130.84424
Origen 1,2020-07-06 04:00:00,91.12526,129.95955,131.00858
Origen 1,2020-07-06 05:00:00,91.12526,131.48796,131.25192
Origen 1,2020-07-06 06:00:00,91.12526,121.99382,121.81198
Origen 1,2020-07-06 07:00:00,142.10526,129.8158,132.37556
Origen 1,2020-07-06 08:00:00,158.12526,141.97775,146.77226
Origen 1,2020-07-06 09:00:00,158.12526,172.30666,165.88405
Origen 1,2020-07-06 10:00:00,158.12526,176.17601,167.48543
Origen 1,2020-07-06 11:00:00,158.12526,181.29468,171.23384
Origen 1,2020-07-06 12:00:00,158.12526,181.29468,171.32327
Origen 1,2020-07-06 13:00:00,158.12526,181.39316,170.77142
Origen 1,2020-07-06 14:00:00,211.12526,178.33807,171.5197
Origen 1,2020-07-06 15:00:00,211.12526,176.36539,170.65259
Origen 1,2020-07-06 16:00:00,211.12526,175.23463,168.72452
Origen 1,2020-07-06 17:00:00,158.12526,174.99672,168.31197
Origen 1,2020-07-06 18:00:00,158.12526,181.91869,179.28937
Origen 1,2020-07-06 19:00:00,158.12526,228.00032,224.97643
Origen 1,2020-07-06 20:00:00,158.12526,224.73035,224.06824
Origen 1,2020-07-06 21:00:00,158.12526,225.36533,222.67973
Origen 1,2020-07-06 22:00:00,158.12526,176.608,177.31181
Origen 1,2020-07-06 23:00:00,211.12526,168.30579,163.5105
Origen 1,2020-07-07 00:00:00,86.14251,106.5594,103.14832
Origen 1,2020-07-07 01:00:00,86.14251,104.769875,102.08393
Origen 1,2020-07-07 02:00:00,86.14251,104.7468,101.18929
Origen 1,2020-07-07 03:00:00,86.14251,104.32689,101.04141
Origen 1,2020-07-07 04:00:00,86.14251,104.6964,101.168304
Origen 1,2020-07-07 05:00:00,86.14251,105.42331,101.36899
Origen 1,2020-07-07 06:00:00,86.14251,105.55132,101.401535
Origen 1,2020-07-07 07:00:00,129.90751,132.09369,136.45198
Origen 1,2020-07-07 08:00:00,170.90751,155.1809,155.73492
Origen 1,2020-07-07 09:00:00,210.90751,155.96999,156.44223
Origen 1,2020-07-07 10:00:00,210.90751,161.5512,157.21411
Origen 1,2020-07-07 11:00:00,210.90751,169.11316,165.55762
Origen 1,2020-07-07 12:00:00,210.90751,169.84525,165.66066
Origen 1,2020-07-07 13:00:00,210.90751,169.6205,165.603
Origen 1,2020-07-07 14:00:00,210.90751,192.75569,198.90297
Origen 1,2020-07-07 15:00:00,210.90751,190.26762,198.59431
Origen 1,2020-07-07 16:00:00,170.90751,186.3391,190.45906
Origen 1,2020-07-07 17:00:00,129.90751,159.63094,156.66333
Origen 1,2020-07-07 18:00:00,170.90751,167.59097,166.54735
Origen 1,2020-07-07 19:00:00,210.90751,168.62752,165.95296
Origen 1,2020-07-07 20:00:00,170.90751,168.27217,165.56038
Origen 1,2020-07-07 21:00:00,141.88751,165.10666,163.55914
Origen 1,2020-07-07 22:00:00,129.90751,160.81577,154.29694
Origen 1,2020-07-07 23:00:00,90.21251,177.32416,174.89445
Origen 1,2020-07-08 00:00:00,91.73684,117.41639,107.5386
Origen 1,2020-07-08 01:00:00,91.73684,114.92331,105.81508
Origen 1,2020-07-08 02:00:00,91.73684,113.48286,105.68439
Origen 1,2020-07-08 03:00:00,95.73684,114.72598,105.68439
Origen 1,2020-07-08 04:00:00,95.73684,115.40007,105.86465
Origen 1,2020-07-08 05:00:00,95.73684,117.35164,106.22402
Origen 1,2020-07-08 06:00:00,95.73684,119.54369,106.93159
Origen 1,2020-07-08 07:00:00,95.73684,145.03415,133.77914
Origen 1,2020-07-08 08:00:00,181.73684,152.74991,150.77742
Origen 1,2020-07-08 09:00:00,181.73684,180.80948,179.98053
Origen 1,2020-07-08 10:00:00,181.73684,181.73297,183.30371
Origen 1,2020-07-08 11:00:00,181.73684,183.22089,186.66824
Origen 1,2020-07-08 12:00:00,191.73684,185.44357,188.4655
Origen 1,2020-07-08 13:00:00,191.73684,185.50037,188.08423
Origen 1,2020-07-08 14:00:00,191.73684,181.41705,189.49594
Origen 1,2020-07-08 15:00:00,191.73684,181.18579,189.49936
Origen 1,2020-07-08 16:00:00,181.73684,158.77237,165.46866
Origen 1,2020-07-08 17:00:00,191.73684,145.59166,142.0389
Origen 1,2020-07-08 18:00:00,181.73684,165.26001,168.79057
Origen 1,2020-07-08 19:00:00,191.73684,190.86884,195.88893
Origen 1,2020-07-08 20:00:00,181.73684,166.73996,170.83432
Origen 1,2020-07-08 21:00:00,181.73684,152.06502,152.24045
Origen 1,2020-07-08 22:00:00,142.71684,145.4569,140.13591
Origen 1,2020-07-08 23:00:00,95.73684,121.53432,109.57989
Origen 1,2020-07-09 00:00:00,93.03862,104.463425,100.16966
Origen 1,2020-07-09 01:00:00,93.03862,103.80832,99.85186
Origen 1,2020-07-09 02:00:00,93.03862,103.81802,100.27303
Origen 1,2020-07-09 03:00:00,93.03862,105.2299,102.31068
Origen 1,2020-07-09 04:00:00,93.03862,105.56607,102.5217
Origen 1,2020-07-09 05:00:00,93.03862,106.29901,102.785095
Origen 1,2020-07-09 06:00:00,102.53862,107.91661,103.256584
Origen 1,2020-07-09 07:00:00,102.53862,114.40766,110.51725
Origen 1,2020-07-09 08:00:00,102.53862,164.05943,161.65363
Origen 1,2020-07-09 09:00:00,102.53862,165.9873,162.4307
Origen 1,2020-07-09 10:00:00,102.53862,167.33142,163.45647
Origen 1,2020-07-09 11:00:00,120.53862,171.67148,168.3643
Origen 1,2020-07-09 12:00:00,162.53862,174.22266,167.73383
Origen 1,2020-07-09 13:00:00,272.53862,170.52074,163.80945
Origen 1,2020-07-09 14:00:00,272.53862,167.61172,164.32172
Origen 1,2020-07-09 15:00:00,162.53862,167.29059,165.61328
Origen 1,2020-07-09 16:00:00,120.53862,165.11201,166.50027
Origen 1,2020-07-09 17:00:00,162.53862,167.2248,165.59386
Origen 1,2020-07-09 18:00:00,182.53862,168.72958,171.04346
Origen 1,2020-07-09 19:00:00,182.53862,171.49336,170.39961
Origen 1,2020-07-09 20:00:00,182.53862,167.77174,170.95483
Origen 1,2020-07-09 21:00:00,182.53862,163.3667,165.17532
Origen 1,2020-07-09 22:00:00,182.53862,148.7702,148.93976
Origen 1,2020-07-09 23:00:00,120.53862,112.05506,112.26754
Origen 1,2020-07-10 00:00:00,99.24967,104.99227,101.961685
Origen 1,2020-07-10 01:00:00,116.34967,104.02674,101.09713
Origen 1,2020-07-10 02:00:00,99.24967,103.62282,100.76183
Origen 1,2020-07-10 03:00:00,116.34967,103.62094,100.70328
Origen 1,2020-07-10 04:00:00,116.34967,103.72154,100.876434
Origen 1,2020-07-10 05:00:00,99.24967,103.852234,101.307
Origen 1,2020-07-10 06:00:00,111.34967,106.91038,103.28067
Origen 1,2020-07-10 07:00:00,116.34967,115.501854,112.61815
Origen 1,2020-07-10 08:00:00,181.34967,128.15733,119.20693
Origen 1,2020-07-10 09:00:00,181.34967,130.10004,121.00705
Origen 1,2020-07-10 10:00:00,181.34967,131.15814,122.31633
Origen 1,2020-07-10 11:00:00,191.24967,146.26811,140.41348
Origen 1,2020-07-10 12:00:00,191.24967,159.68742,157.24605
Origen 1,2020-07-10 13:00:00,181.34967,226.31232,213.38754
Origen 1,2020-07-10 14:00:00,191.24967,222.59808,214.00046
Origen 1,2020-07-10 15:00:00,191.24967,157.09833,156.65324
Origen 1,2020-07-10 16:00:00,181.34967,142.76389,138.26993
Origen 1,2020-07-10 17:00:00,121.34967,155.22855,154.58069
Origen 1,2020-07-10 18:00:00,181.34967,159.72954,160.17978
Origen 1,2020-07-10 19:00:00,181.34967,163.6015,160.9616
Origen 1,2020-07-10 20:00:00,181.34967,162.98932,160.9616
Origen 1,2020-07-10 21:00:00,181.34967,158.91887,159.71614
Origen 1,2020-07-10 22:00:00,121.34967,156.3906,157.19492
Origen 1,2020-07-10 23:00:00,116.34967,132.81429,125.79029
Origen 1,2020-07-11 00:00:00,100.7728,107.4597,103.949646
Origen 1,2020-07-11 01:00:00,100.7728,116.951775,116.854836
Origen 1,2020-07-11 02:00:00,100.7728,104.627495,102.13272
Origen 1,2020-07-11 03:00:00,100.7728,114.86979,115.97731
Origen 1,2020-07-11 04:00:00,100.7728,115.51982,116.05709
Origen 1,2020-07-11 05:00:00,100.7728,105.35627,101.93709
Origen 1,2020-07-11 06:00:00,100.7728,116.356255,116.26858
Origen 1,2020-07-11 07:00:00,100.7728,124.00502,125.94003
Origen 1,2020-07-11 08:00:00,119.2728,146.08707,147.76662
Origen 1,2020-07-11 09:00:00,119.2728,146.51424,147.26297
Origen 1,2020-07-11 10:00:00,179.7728,148.11736,147.34235
Origen 1,2020-07-11 11:00:00,179.7728,153.20178,147.38065
Origen 1,2020-07-11 12:00:00,190.6728,152.8049,147.46759
Origen 1,2020-07-11 13:00:00,179.7728,149.27734,148.71848
Origen 1,2020-07-11 14:00:00,179.7728,151.78596,148.68773
Origen 1,2020-07-11 15:00:00,119.2728,151.64612,148.52162
Origen 1,2020-07-11 16:00:00,119.2728,148.73138,148.33661
Origen 1,2020-07-11 17:00:00,119.2728,131.34435,129.02403
Origen 1,2020-07-11 18:00:00,179.7728,149.32178,149.09474
Origen 1,2020-07-11 19:00:00,180.7728,161.41592,153.63179
Origen 1,2020-07-11 20:00:00,179.7728,150.36116,150.0194
Origen 1,2020-07-11 21:00:00,119.2728,149.23238,149.06148
Origen 1,2020-07-11 22:00:00,109.7728,128.15947,126.79496
Origen 1,2020-07-11 23:00:00,100.7728,120.98289,120.08237
Origen 1,2020-07-12 00:00:00,103.38642,106.66978,98.57502
Origen 1,2020-07-12 01:00:00,103.38642,105.18485,96.91829
Origen 1,2020-07-12 02:00:00,103.38642,103.88929,96.90396
Origen 1,2020-07-12 03:00:00,103.38642,103.887405,96.90396
Origen 1,2020-07-12 04:00:00,103.38642,104.55248,99.83206
Origen 1,2020-07-12 05:00:00,103.38642,103.887405,95.86757
Origen 1,2020-07-12 06:00:00,103.38642,96.4727,94.56498
Origen 1,2020-07-12 07:00:00,103.38642,102.719986,100.8684
Origen 1,2020-07-12 08:00:00,103.88642,128.40714,125.772064
Origen 1,2020-07-12 09:00:00,103.88642,130.98358,129.81575
Origen 1,2020-07-12 10:00:00,103.88642,150.82007,151.26408
Origen 1,2020-07-12 11:00:00,107.88642,151.58925,151.41895
Origen 1,2020-07-12 12:00:00,107.88642,154.68576,151.31155
Origen 1,2020-07-12 13:00:00,107.88642,152.57133,153.45607
Origen 1,2020-07-12 14:00:00,107.88642,151.86264,153.7769
Origen 1,2020-07-12 15:00:00,107.88642,133.30493,133.31668
Origen 1,2020-07-12 16:00:00,103.88642,132.50977,133.328
Origen 1,2020-07-12 17:00:00,103.88642,132.0483,133.27283
Origen 1,2020-07-12 18:00:00,181.88642,151.78647,154.32152
Origen 1,2020-07-12 19:00:00,182.88642,163.5809,160.02861
Origen 1,2020-07-12 20:00:00,182.88642,163.47665,159.9322
Origen 1,2020-07-12 21:00:00,181.88642,143.31151,136.33185
Origen 1,2020-07-12 22:00:00,123.88642,127.766205,122.486
Origen 1,2020-07-12 23:00:00,103.88642,112.062,109.487175
Origen 1,2020-07-13 00:00:00,86.96146,97.022415,94.45264
Origen 1,2020-07-13 01:00:00,105.22646,96.622505,93.53683
Origen 1,2020-07-13 02:00:00,105.22646,96.21897,93.08238
Origen 1,2020-07-13 03:00:00,105.22646,96.217224,92.97617
Origen 1,2020-07-13 04:00:00,101.72646,96.60067,93.48524
Origen 1,2020-07-13 05:00:00,101.72646,97.736755,94.296524
Origen 1,2020-07-13 06:00:00,101.72646,97.818535,94.97681
Origen 1,2020-07-13 07:00:00,105.22646,114.29518,111.739655
Origen 1,2020-07-13 08:00:00,105.72646,117.5147,118.496376
Origen 1,2020-07-13 09:00:00,161.72646,121.41222,119.322426
Origen 1,2020-07-13 10:00:00,176.62646,123.62463,120.4301
Origen 1,2020-07-13 11:00:00,176.62646,129.94722,132.91507
Origen 1,2020-07-13 12:00:00,176.62646,130.17216,133.47888
Origen 1,2020-07-13 13:00:00,176.62646,129.91878,133.84818
Origen 1,2020-07-13 14:00:00,176.62646,139.8139,140.24379
Origen 1,2020-07-13 15:00:00,176.62646,138.6097,138.44403
Origen 1,2020-07-13 16:00:00,176.62646,135.69936,128.53566
Origen 1,2020-07-13 17:00:00,176.62646,123.38147,122.39405
Origen 1,2020-07-13 18:00:00,176.62646,160.76945,164.79982
Origen 1,2020-07-13 19:00:00,176.62646,161.05818,164.594
Origen 1,2020-07-13 20:00:00,176.62646,158.92407,163.96965
Origen 1,2020-07-13 21:00:00,176.62646,157.16539,163.22078
Origen 1,2020-07-13 22:00:00,142.70646,132.4176,136.43167
Origen 1,2020-07-13 23:00:00,105.72646,126.06801,118.079605
Origen 1,2020-07-14 00:00:00,98.58544,94.40783,92.5605
Origen 1,2020-07-14 01:00:00,98.58544,97.21868,94.15096
Origen 1,2020-07-14 02:00:00,98.58544,97.23087,93.528984
Origen 1,2020-07-14 03:00:00,85.82044,97.22911,93.528984
Origen 1,2020-07-14 04:00:00,98.58544,97.57351,93.688515
Origen 1,2020-07-14 05:00:00,98.58544,98.25094,93.86255
Origen 1,2020-07-14 06:00:00,99.58544,98.80693,94.1441
Origen 1,2020-07-14 07:00:00,135.08544,111.07049,102.76774
Origen 1,2020-07-14 08:00:00,135.08544,117.72978,118.19289
Origen 1,2020-07-14 09:00:00,135.08544,155.92366,160.69556
Origen 1,2020-07-14 10:00:00,135.08544,162.44325,165.74529
Origen 1,2020-07-14 11:00:00,159.48544,165.3282,167.0348
Origen 1,2020-07-14 12:00:00,159.48544,166.9344,167.3198
Origen 1,2020-07-14 13:00:00,159.48544,166.48581,167.61932
Origen 1,2020-07-14 14:00:00,190.58544,162.80771,167.77061
Origen 1,2020-07-14 15:00:00,159.48544,160.641,167.33208
Origen 1,2020-07-14 16:00:00,159.48544,150.55392,161.34558
Origen 1,2020-07-14 17:00:00,159.48544,147.15326,153.00758
Origen 1,2020-07-14 18:00:00,159.48544,156.59378,163.53264
Origen 1,2020-07-14 19:00:00,179.58544,167.28629,168.48541
Origen 1,2020-07-14 20:00:00,179.58544,157.14867,163.20615
Origen 1,2020-07-14 21:00:00,159.48544,151.94109,157.96541
Origen 1,2020-07-14 22:00:00,149.82644,130.55203,128.60992
Origen 1,2020-07-14 23:00:00,135.08544,100.70029,96.3824
Origen 1,2020-07-15 00:00:00,121.06784,98.26772,93.113365
Origen 1,2020-07-15 01:00:00,121.06784,97.00864,92.80353
Origen 1,2020-07-15 02:00:00,121.06784,95.59121,92.738014
Origen 1,2020-07-15 03:00:00,121.06784,93.684044,90.89495
Origen 1,2020-07-15 04:00:00,121.06784,95.80186,93.13717
Origen 1,2020-07-15 05:00:00,121.06784,96.39361,93.31017
Origen 1,2020-07-15 06:00:00,121.06784,97.806694,93.356415
Origen 1,2020-07-15 07:00:00,121.06784,123.49778,122.25156
Origen 1,2020-07-15 08:00:00,136.06784,135.60164,135.28098
Origen 1,2020-07-15 09:00:00,136.06784,136.47736,135.72733
Origen 1,2020-07-15 10:00:00,139.56784,136.76653,137.57616
Origen 1,2020-07-15 11:00:00,191.06784,144.30356,147.7931
Origen 1,2020-07-15 12:00:00,191.06784,146.16986,150.23997
Origen 1,2020-07-15 13:00:00,187.06784,145.31714,151.36034
Origen 1,2020-07-15 14:00:00,187.06784,151.25621,155.16542
Origen 1,2020-07-15 15:00:00,139.56784,144.9328,150.9593
Origen 1,2020-07-15 16:00:00,139.56784,144.29352,149.10242
Origen 1,2020-07-15 17:00:00,136.06784,143.60031,147.42703
Origen 1,2020-07-15 18:00:00,187.06784,151.48633,156.73618
Origen 1,2020-07-15 19:00:00,191.06784,157.68073,163.46341
Origen 1,2020-07-15 20:00:00,191.06784,156.37032,163.16032
Origen 1,2020-07-15 21:00:00,187.06784,150.03056,155.6019
Origen 1,2020-07-15 22:00:00,139.56784,140.60162,136.33199
Origen 1,2020-07-15 23:00:00,121.06784,122.35687,123.90572
Origen 1,2020-07-16 00:00:00,122.43576,108.95523,108.17204
Origen 1,2020-07-16 01:00:00,122.43576,107.35292,106.19687
Origen 1,2020-07-16 02:00:00,122.43576,105.9254,105.79646
Origen 1,2020-07-16 03:00:00,122.43576,105.32744,105.74654
Origen 1,2020-07-16 04:00:00,122.43576,106.07803,105.92933
Origen 1,2020-07-16 05:00:00,122.43576,107.77052,106.50977
Origen 1,2020-07-16 06:00:00,122.43576,109.32635,108.50924
Origen 1,2020-07-16 07:00:00,122.43576,113.74208,114.99117
Origen 1,2020-07-16 08:00:00,140.43576,130.95818,133.44153
Origen 1,2020-07-16 09:00:00,144.93576,133.17683,134.49544
Origen 1,2020-07-16 10:00:00,144.93576,136.40898,137.1312
Origen 1,2020-07-16 11:00:00,175.43576,152.15845,153.83345
Origen 1,2020-07-16 12:00:00,175.43576,160.0854,160.88823
Origen 1,2020-07-16 13:00:00,175.43576,173.65303,171.38914
Origen 1,2020-07-16 14:00:00,175.43576,174.13943,171.64938
Origen 1,2020-07-16 15:00:00,175.43576,149.13626,151.11832
Origen 1,2020-07-16 16:00:00,175.43576,138.49106,141.39018
Origen 1,2020-07-16 17:00:00,144.93576,148.05183,148.96051
Origen 1,2020-07-16 18:00:00,175.43576,159.72984,161.09935
Origen 1,2020-07-16 19:00:00,175.43576,162.2036,161.82947
Origen 1,2020-07-16 20:00:00,175.43576,160.5871,161.29813
Origen 1,2020-07-16 21:00:00,144.93576,157.66296,159.21922
Origen 1,2020-07-16 22:00:00,140.43576,143.51234,145.74954
Origen 1,2020-07-16 23:00:00,130.43576,117.006386,119.7597
Origen 1,2020-07-17 00:00:00,132.04658,108.72879,108.57026
Origen 1,2020-07-17 01:00:00,126.04658,107.682526,107.06382
Origen 1,2020-07-17 02:00:00,136.04658,105.77351,106.00087
Origen 1,2020-07-17 03:00:00,101.04658,105.962875,106.63779
Origen 1,2020-07-17 04:00:00,136.04658,106.06261,106.80209
Origen 1,2020-07-17 05:00:00,126.04658,106.65522,106.29647
Origen 1,2020-07-17 06:00:00,126.04658,108.34435,107.068115
Origen 1,2020-07-17 07:00:00,132.04658,114.18001,116.051
Origen 1,2020-07-17 08:00:00,132.04658,138.86168,141.27858
Origen 1,2020-07-17 09:00:00,132.04658,143.22229,142.49333
Origen 1,2020-07-17 10:00:00,132.04658,145.5523,143.94475
Origen 1,2020-07-17 11:00:00,136.04658,152.85904,155.15388
Origen 1,2020-07-17 12:00:00,191.04658,152.85904,155.42912
Origen 1,2020-07-17 13:00:00,191.04658,153.01532,155.84427
Origen 1,2020-07-17 14:00:00,191.04658,153.84607,156.20764
Origen 1,2020-07-17 15:00:00,150.28758,153.78401,155.69281
Origen 1,2020-07-17 16:00:00,140.04558,153.23218,154.50308
Origen 1,2020-07-17 17:00:00,150.28758,137.51529,134.58763
Origen 1,2020-07-17 18:00:00,136.04658,153.35359,155.29828
Origen 1,2020-07-17 19:00:00,191.04658,155.14197,156.5814
Origen 1,2020-07-17 20:00:00,150.28758,154.57288,156.40253
Origen 1,2020-07-17 21:00:00,140.04558,147.20618,144.84941
Origen 1,2020-07-17 22:00:00,132.04658,131.76765,133.26006
Origen 1,2020-07-17 23:00:00,132.04658,126.94221,127.86982
Origen 1,2020-07-18 00:00:00,119.08628,120.42573,121.0088
Origen 1,2020-07-18 01:00:00,119.08628,117.35678,114.84783
Origen 1,2020-07-18 02:00:00,119.08628,116.6295,118.19553
Origen 1,2020-07-18 03:00:00,119.08628,96.85283,93.36613
Origen 1,2020-07-18 04:00:00,119.08628,116.73649,118.22056
Origen 1,2020-07-18 05:00:00,119.08628,116.964035,114.88649
Origen 1,2020-07-18 06:00:00,119.08628,117.56609,115.67278
Origen 1,2020-07-18 07:00:00,119.08628,126.90153,127.029274
Origen 1,2020-07-18 08:00:00,130.08628,129.51389,129.64488
Origen 1,2020-07-18 09:00:00,132.58628,132.14441,130.70557
Origen 1,2020-07-18 10:00:00,132.58628,141.88069,142.42242
Origen 1,2020-07-18 11:00:00,151.08628,143.03345,143.53514
Origen 1,2020-07-18 12:00:00,151.08628,154.07358,154.37119
Origen 1,2020-07-18 13:00:00,151.08628,154.10378,154.70937
Origen 1,2020-07-18 14:00:00,151.08628,154.31372,154.97908
Origen 1,2020-07-18 15:00:00,151.08628,137.42024,133.15964
Origen 1,2020-07-18 16:00:00,132.58628,132.7658,132.6424
Origen 1,2020-07-18 17:00:00,132.58628,136.42426,131.58989
Origen 1,2020-07-18 18:00:00,151.08628,142.88013,144.04926
Origen 1,2020-07-18 19:00:00,151.08628,155.50629,155.65741
Origen 1,2020-07-18 20:00:00,151.08628,148.09476,145.8738
Origen 1,2020-07-18 21:00:00,132.58628,133.25739,133.9589
Origen 1,2020-07-18 22:00:00,130.08628,132.23021,131.31929
Origen 1,2020-07-18 23:00:00,119.08628,127.476364,129.90466
Origen 1,2020-07-19 00:00:00,125.53589,109.31378,110.55045
Origen 1,2020-07-19 01:00:00,125.53589,108.14182,108.22482
Origen 1,2020-07-19 02:00:00,125.53589,106.74936,107.56901
Origen 1,2020-07-19 03:00:00,125.53589,105.82684,107.38758
Origen 1,2020-07-19 04:00:00,125.53589,106.0708,107.53243
Origen 1,2020-07-19 05:00:00,125.53589,106.51977,107.851944
Origen 1,2020-07-19 06:00:00,125.53589,106.46834,107.85426
Origen 1,2020-07-19 07:00:00,125.53589,115.149086,116.12251
Origen 1,2020-07-19 08:00:00,125.53589,128.76897,130.68904
Origen 1,2020-07-19 09:00:00,125.53589,131.97842,131.49486
Origen 1,2020-07-19 10:00:00,125.53589,132.29408,131.46364
Origen 1,2020-07-19 11:00:00,135.85689,136.7409,132.55444
Origen 1,2020-07-19 12:00:00,135.85689,136.7409,132.63695
Origen 1,2020-07-19 13:00:00,135.85689,136.76772,132.04684
Origen 1,2020-07-19 14:00:00,135.85689,138.00652,132.30338
Origen 1,2020-07-19 15:00:00,135.85689,137.8939,132.15381
Origen 1,2020-07-19 16:00:00,135.85689,133.77301,131.77165
Origen 1,2020-07-19 17:00:00,125.53589,134.08574,131.6625
Origen 1,2020-07-19 18:00:00,135.85689,149.03453,144.47305
Origen 1,2020-07-19 19:00:00,135.85689,149.84038,145.3206
Origen 1,2020-07-19 20:00:00,135.85689,149.35596,145.14195
Origen 1,2020-07-19 21:00:00,135.85689,145.12735,143.99802
Origen 1,2020-07-19 22:00:00,135.85689,134.81668,134.07002
Origen 1,2020-07-19 23:00:00,125.53589,116.227104,115.50372
Origen 1,2020-07-20 00:00:00,152.42101,119.52431,118.5448
Origen 1,2020-07-20 01:00:00,152.42101,115.80026,117.9918
Origen 1,2020-07-20 02:00:00,152.42101,115.129105,116.91431
Origen 1,2020-07-20 03:00:00,145.42101,115.12703,116.84704
Origen 1,2020-07-20 04:00:00,145.42101,115.466835,117.088646
Origen 1,2020-07-20 05:00:00,145.42101,116.82481,118.19231
Origen 1,2020-07-20 06:00:00,145.42101,116.92256,118.86766
Origen 1,2020-07-20 07:00:00,145.42101,122.60719,125.857124
Origen 1,2020-07-20 08:00:00,152.42101,126.937904,128.005
Origen 1,2020-07-20 09:00:00,160.42101,144.92603,144.8432
Origen 1,2020-07-20 10:00:00,160.42101,148.40836,148.83371
Origen 1,2020-07-20 11:00:00,160.42101,153.11218,153.14745
Origen 1,2020-07-20 12:00:00,160.42101,153.95638,153.9055
Origen 1,2020-07-20 13:00:00,160.42101,154.0824,154.40404
Origen 1,2020-07-20 14:00:00,160.42101,154.59145,154.94604
Origen 1,2020-07-20 15:00:00,160.42101,154.089,154.20728
Origen 1,2020-07-20 16:00:00,160.42101,152.69543,154.1098
Origen 1,2020-07-20 17:00:00,152.42101,150.2439,151.1441
Origen 1,2020-07-20 18:00:00,160.42101,154.3221,154.23448
Origen 1,2020-07-20 19:00:00,160.42101,155.53343,154.23816
Origen 1,2020-07-20 20:00:00,160.42101,152.82385,153.28824
Origen 1,2020-07-20 21:00:00,160.42101,151.4838,152.12318
Origen 1,2020-07-20 22:00:00,160.42101,149.09494,149.41544
Origen 1,2020-07-20 23:00:00,152.42101,127.342514,130.82198
Origen 1,2020-07-21 00:00:00,150.92258,124.50846,126.22862
Origen 1,2020-07-21 01:00:00,150.92258,121.25207,125.11564
Origen 1,2020-07-21 02:00:00,150.92258,121.26739,124.137474
Origen 1,2020-07-21 03:00:00,150.92258,120.36517,121.72316
Origen 1,2020-07-21 04:00:00,150.92258,120.791504,122.5567
Origen 1,2020-07-21 05:00:00,150.92258,121.63014,122.744965
Origen 1,2020-07-21 06:00:00,150.92258,121.63014,122.69738
Origen 1,2020-07-21 07:00:00,160.74358,128.7481,131.2724
Origen 1,2020-07-21 08:00:00,160.74358,137.33182,139.49094
Origen 1,2020-07-21 09:00:00,160.74358,144.78415,151.99405
Origen 1,2020-07-21 10:00:00,168.42258,149.13008,155.88947
Origen 1,2020-07-21 11:00:00,175.42258,156.8356,161.42023
Origen 1,2020-07-21 12:00:00,175.42258,157.36133,161.52072
Origen 1,2020-07-21 13:00:00,175.42258,157.43549,161.88812
Origen 1,2020-07-21 14:00:00,175.42258,157.27994,163.37799
Origen 1,2020-07-21 15:00:00,168.42258,156.62575,161.13301
Origen 1,2020-07-21 16:00:00,168.42258,154.67114,159.96788
Origen 1,2020-07-21 17:00:00,160.74358,149.34,148.9485
Origen 1,2020-07-21 18:00:00,168.42258,158.74533,161.60538
Origen 1,2020-07-21 19:00:00,175.42258,159.46516,163.159
Origen 1,2020-07-21 20:00:00,168.42258,158.2017,162.63283
Origen 1,2020-07-21 21:00:00,160.74358,156.9417,159.23047
Origen 1,2020-07-21 22:00:00,160.74358,152.46538,157.14096
Origen 1,2020-07-21 23:00:00,158.42158,135.10854,133.79596
Origen 1,2020-07-22 00:00:00,155.58556,123.38676,126.27859
Origen 1,2020-07-22 01:00:00,155.58556,121.60671,124.17874
Origen 1,2020-07-22 02:00:00,162.08556,121.61948,122.43707
Origen 1,2020-07-22 03:00:00,152.58556,121.61728,122.43707
Origen 1,2020-07-22 04:00:00,152.58556,123.18037,123.868324
Origen 1,2020-07-22 05:00:00,152.58556,124.620186,124.15702
Origen 1,2020-07-22 06:00:00,155.58556,126.63218,123.97771
Origen 1,2020-07-22 07:00:00,166.58556,133.07007,138.62463
Origen 1,2020-07-22 08:00:00,173.58556,141.48305,142.87482
Origen 1,2020-07-22 09:00:00,173.58556,142.06316,145.8443
Origen 1,2020-07-22 10:00:00,175.58556,150.67638,156.34296
Origen 1,2020-07-22 11:00:00,171.08556,156.63531,161.85785
Origen 1,2020-07-22 12:00:00,173.58556,165.56778,167.75406
Origen 1,2020-07-22 13:00:00,173.58556,165.69028,167.25964
Origen 1,2020-07-22 14:00:00,173.58556,163.78625,165.9463
Origen 1,2020-07-22 15:00:00,173.58556,160.71756,162.99266
Origen 1,2020-07-22 16:00:00,171.08556,158.14386,157.25813
Origen 1,2020-07-22 17:00:00,171.08556,148.60513,149.49126
Origen 1,2020-07-22 18:00:00,171.08556,164.56134,164.53145
Origen 1,2020-07-22 19:00:00,173.58556,168.06079,168.0499
Origen 1,2020-07-22 20:00:00,173.58556,166.58746,166.33719
Origen 1,2020-07-22 21:00:00,171.08556,160.53976,159.73288
Origen 1,2020-07-22 22:00:00,171.08556,158.24426,155.24136
Origen 1,2020-07-22 23:00:00,166.58556,136.92001,137.7174
Origen 1,2020-07-23 00:00:00,165.91259,135.86589,134.43913
Origen 1,2020-07-23 01:00:00,165.91259,133.6671,133.49443
Origen 1,2020-07-23 02:00:00,165.91259,133.3486,137.4553
Origen 1,2020-07-23 03:00:00,165.91259,129.8992,127.020065
Origen 1,2020-07-23 04:00:00,165.91259,130.18779,127.14926
Origen 1,2020-07-23 05:00:00,165.91259,131.8335,127.4456
Origen 1,2020-07-23 06:00:00,165.91259,136.2811,134.04451
Origen 1,2020-07-23 07:00:00,169.91259,140.33658,145.99188
Origen 1,2020-07-23 08:00:00,169.91259,152.09308,152.41084
Origen 1,2020-07-23 09:00:00,169.91259,153.31317,155.8413
Origen 1,2020-07-23 10:00:00,169.91259,158.30338,158.1352
Origen 1,2020-07-23 11:00:00,175.41259,164.34247,166.30334
Origen 1,2020-07-23 12:00:00,180.41259,164.7841,166.50296
Origen 1,2020-07-23 13:00:00,180.41259,165.0031,167.45245
Origen 1,2020-07-23 14:00:00,180.41259,165.60135,168.27946
Origen 1,2020-07-23 15:00:00,180.41259,165.25931,167.24474
Origen 1,2020-07-23 16:00:00,175.41259,162.63826,165.17313
Origen 1,2020-07-23 17:00:00,169.91259,160.16664,158.43732
Origen 1,2020-07-23 18:00:00,180.41259,166.13213,169.4281
Origen 1,2020-07-23 19:00:00,190.41259,168.84845,170.75441
Origen 1,2020-07-23 20:00:00,180.41259,167.17154,170.3496
Origen 1,2020-07-23 21:00:00,180.41259,163.71178,166.57936
Origen 1,2020-07-23 22:00:00,169.91259,161.01602,162.15233
Origen 1,2020-07-23 23:00:00,168.41159,143.81123,147.4169
Origen 1,2020-07-24 00:00:00,174.21604,141.16638,142.86528
Origen 1,2020-07-24 01:00:00,174.21604,139.6341,141.92896
Origen 1,2020-07-24 02:00:00,174.21604,138.2,144.48009
Origen 1,2020-07-24 03:00:00,174.21604,130.00938,137.84479
Origen 1,2020-07-24 04:00:00,174.21604,136.79015,142.06747
Origen 1,2020-07-24 05:00:00,174.21604,137.00458,139.07062
Origen 1,2020-07-24 06:00:00,174.21604,130.24332,134.4674
Origen 1,2020-07-24 07:00:00,177.33004,145.28188,145.74274
Origen 1,2020-07-24 08:00:00,177.33004,149.75995,147.53743
Origen 1,2020-07-24 09:00:00,211.21604,152.19131,148.29721
Origen 1,2020-07-24 10:00:00,177.33004,152.77437,149.28867
Origen 1,2020-07-24 11:00:00,177.33004,155.39192,153.16315
Origen 1,2020-07-24 12:00:00,177.33004,159.67532,157.42024
Origen 1,2020-07-24 13:00:00,177.33004,159.79347,157.69914
Origen 1,2020-07-24 14:00:00,177.33004,160.09708,157.97437
Origen 1,2020-07-24 15:00:00,177.33004,160.09708,157.0966
Origen 1,2020-07-24 16:00:00,177.33004,159.6811,155.73283
Origen 1,2020-07-24 17:00:00,176.21604,159.21974,154.99033
Origen 1,2020-07-24 18:00:00,177.33004,155.9664,155.01367
Origen 1,2020-07-24 19:00:00,177.33004,163.48227,159.12163
Origen 1,2020-07-24 20:00:00,177.33004,160.2567,156.6477
Origen 1,2020-07-24 21:00:00,177.33004,159.06267,154.32137
Origen 1,2020-07-24 22:00:00,176.21604,151.57268,146.75945
Origen 1,2020-07-24 23:00:00,170.21604,140.35297,137.67033
Origen 1,2020-07-25 00:00:00,174.71106,131.3789,132.94702
Origen 1,2020-07-25 01:00:00,174.71106,129.49893,129.42586
Origen 1,2020-07-25 02:00:00,171.71106,128.26358,129.03542
Origen 1,2020-07-25 03:00:00,171.71106,127.58491,127.48068
Origen 1,2020-07-25 04:00:00,171.71106,126.44948,127.56835
Origen 1,2020-07-25 05:00:00,171.71106,127.16504,128.013
Origen 1,2020-07-25 06:00:00,171.71106,128.20824,129.03154
Origen 1,2020-07-25 07:00:00,174.71106,136.7718,136.23853
Origen 1,2020-07-25 08:00:00,183.71106,145.50262,143.24223
Origen 1,2020-07-25 09:00:00,183.71106,168.36703,166.89215
Origen 1,2020-07-25 10:00:00,189.71106,148.52147,144.21191
Origen 1,2020-07-25 11:00:00,189.71106,152.58334,149.79439
Origen 1,2020-07-25 12:00:00,189.71106,153.34738,149.88762
Origen 1,2020-07-25 13:00:00,189.71106,153.41965,150.38638
Origen 1,2020-07-25 14:00:00,189.71106,155.51704,150.67609
Origen 1,2020-07-25 15:00:00,189.71106,155.51704,150.60527
Origen 1,2020-07-25 16:00:00,183.71106,151.8735,145.12636
Origen 1,2020-07-25 17:00:00,183.71106,151.81253,145.01817
Origen 1,2020-07-25 18:00:00,189.71106,155.98596,151.44019
Origen 1,2020-07-25 19:00:00,189.71106,157.658,152.50653
Origen 1,2020-07-25 20:00:00,189.71106,156.86127,151.67253
Origen 1,2020-07-25 21:00:00,189.71106,154.62846,144.9029
Origen 1,2020-07-25 22:00:00,183.71106,152.81773,145.30328
Origen 1,2020-07-25 23:00:00,174.71106,139.9556,139.79259
Origen 1,2020-07-26 00:00:00,176.21176,135.23003,134.10844
Origen 1,2020-07-26 01:00:00,176.21176,133.3222,132.80695
Origen 1,2020-07-26 02:00:00,176.21176,132.432,132.33643
Origen 1,2020-07-26 03:00:00,176.21176,128.99106,130.83092
Origen 1,2020-07-26 04:00:00,176.21176,129.1163,130.97702
Origen 1,2020-07-26 05:00:00,176.21176,129.1163,132.1429
Origen 1,2020-07-26 06:00:00,176.21176,129.0303,132.66055
Origen 1,2020-07-26 07:00:00,176.21176,138.62854,138.80011
Origen 1,2020-07-26 08:00:00,176.21176,143.20242,142.50299
Origen 1,2020-07-26 09:00:00,177.31176,143.30139,142.35133
Origen 1,2020-07-26 10:00:00,177.31176,149.24504,144.98001
Origen 1,2020-07-26 11:00:00,177.31176,153.53549,148.00461
Origen 1,2020-07-26 12:00:00,177.31176,153.53549,148.09674
Origen 1,2020-07-26 13:00:00,177.31176,153.47209,148.66998
Origen 1,2020-07-26 14:00:00,177.31176,153.86156,149.27144
Origen 1,2020-07-26 15:00:00,177.31176,153.68404,149.26212
Origen 1,2020-07-26 16:00:00,177.31176,151.99529,148.99638
Origen 1,2020-07-26 17:00:00,177.31176,147.96086,145.1672
Origen 1,2020-07-26 18:00:00,181.42576,153.59091,149.34933
Origen 1,2020-07-26 19:00:00,185.21176,153.94609,149.7783
Origen 1,2020-07-26 20:00:00,185.21176,153.03737,149.69247
Origen 1,2020-07-26 21:00:00,181.42576,152.75922,149.32133
Origen 1,2020-07-26 22:00:00,181.42576,147.74146,148.19034
Origen 1,2020-07-26 23:00:00,177.31176,137.35493,138.72151
Origen 1,2020-07-27 00:00:00,111.18481,136.58418,141.63634
Origen 1,2020-07-27 01:00:00,111.18481,136.11115,139.95566
Origen 1,2020-07-27 02:00:00,111.18481,135.6813,139.09908
Origen 1,2020-07-27 03:00:00,111.18481,135.59949,138.74626
Origen 1,2020-07-27 04:00:00,111.18481,136.83777,138.9205
Origen 1,2020-07-27 05:00:00,111.18481,138.44707,139.77019
Origen 1,2020-07-27 06:00:00,111.18481,138.56293,140.29869
Origen 1,2020-07-27 07:00:00,117.18481,144.80424,148.51581
Origen 1,2020-07-27 08:00:00,172.29881,150.79591,153.32954
Origen 1,2020-07-27 09:00:00,172.29881,155.05663,155.27718
Origen 1,2020-07-27 10:00:00,172.29881,160.59413,158.93947
Origen 1,2020-07-27 11:00:00,185.08481,163.49435,160.3041
Origen 1,2020-07-27 12:00:00,192.18481,163.57646,160.94556
Origen 1,2020-07-27 13:00:00,185.08481,163.83546,161.68793
Origen 1,2020-07-27 14:00:00,192.18481,161.89037,162.09637
Origen 1,2020-07-27 15:00:00,172.29881,163.6342,161.7446
Origen 1,2020-07-27 16:00:00,172.29881,162.31659,161.57642
Origen 1,2020-07-27 17:00:00,172.29881,160.93373,160.32153
Origen 1,2020-07-27 18:00:00,185.08481,164.28152,162.16039
Origen 1,2020-07-27 19:00:00,192.18481,164.61432,162.17677
Origen 1,2020-07-27 20:00:00,192.18481,161.57079,161.43416
Origen 1,2020-07-27 21:00:00,172.29881,160.06763,160.22478
Origen 1,2020-07-27 22:00:00,172.29881,153.91966,156.98653
Origen 1,2020-07-27 23:00:00,148.16481,142.16818,141.35701
Origen 1,2020-07-28 00:00:00,102.30259,117.51654,117.433304
Origen 1,2020-07-28 01:00:00,102.30259,117.3626,115.90141
Origen 1,2020-07-28 02:00:00,102.30259,117.49223,115.98225
Origen 1,2020-07-28 03:00:00,102.30259,117.42137,115.98225
Origen 1,2020-07-28 04:00:00,102.30259,117.83728,116.18005
Origen 1,2020-07-28 05:00:00,111.30259,117.41063,115.43712
Origen 1,2020-07-28 06:00:00,111.30259,118.43536,115.73137
Origen 1,2020-07-28 07:00:00,137.30259,122.90936,122.1197
Origen 1,2020-07-28 08:00:00,137.30259,144.4125,148.71486
Origen 1,2020-07-28 09:00:00,137.30259,150.12897,154.87646
Origen 1,2020-07-28 10:00:00,175.30259,151.34966,157.07661
Origen 1,2020-07-28 11:00:00,175.30259,155.72067,159.31462
Origen 1,2020-07-28 12:00:00,175.30259,161.06631,160.21622
Origen 1,2020-07-28 13:00:00,175.30259,158.37985,160.45659
Origen 1,2020-07-28 14:00:00,175.30259,158.12833,159.77983
Origen 1,2020-07-28 15:00:00,175.30259,154.03993,161.25768
Origen 1,2020-07-28 16:00:00,175.30259,152.33675,159.58992
Origen 1,2020-07-28 17:00:00,185.20259,149.53133,156.04572
Origen 1,2020-07-28 18:00:00,175.30259,156.87459,161.8669
Origen 1,2020-07-28 19:00:00,175.30259,162.74593,161.72516
Origen 1,2020-07-28 20:00:00,175.30259,160.5224,160.58035
Origen 1,2020-07-28 21:00:00,175.30259,153.0113,157.07443
Origen 1,2020-07-28 22:00:00,175.30259,147.57149,149.97334
Origen 1,2020-07-28 23:00:00,137.30259,133.40788,130.4037
Origen 1,2020-07-29 00:00:00,130.89438,108.52336,102.93386
Origen 1,2020-07-29 01:00:00,106.89538,107.372215,102.127266
Origen 1,2020-07-29 02:00:00,139.39538,105.5988,101.90583
Origen 1,2020-07-29 03:00:00,139.39538,105.4563,101.90583
Origen 1,2020-07-29 04:00:00,139.39538,106.18872,102.003456
Origen 1,2020-07-29 05:00:00,139.39538,118.57199,116.59336
Origen 1,2020-07-29 06:00:00,139.39538,120.05306,117.2963
Origen 1,2020-07-29 07:00:00,144.89538,133.07103,132.33434
Origen 1,2020-07-29 08:00:00,144.89538,134.58763,133.66698
Origen 1,2020-07-29 09:00:00,148.00938,135.4568,134.9067
Origen 1,2020-07-29 10:00:00,148.00938,144.8224,147.13817
Origen 1,2020-07-29 11:00:00,148.00938,148.83554,150.85027
Origen 1,2020-07-29 12:00:00,167.89538,152.99197,155.48946
Origen 1,2020-07-29 13:00:00,148.00938,153.60425,156.52728
Origen 1,2020-07-29 14:00:00,148.00938,150.00502,156.5202
Origen 1,2020-07-29 15:00:00,148.00938,146.249,152.52368
Origen 1,2020-07-29 16:00:00,148.00938,143.92113,150.01646
Origen 1,2020-07-29 17:00:00,144.89538,143.14603,146.97128
Origen 1,2020-07-29 18:00:00,148.00938,151.14066,156.86449
Origen 1,2020-07-29 19:00:00,148.00938,154.9329,158.30917
Origen 1,2020-07-29 20:00:00,148.00938,153.51886,158.5618
Origen 1,2020-07-29 21:00:00,148.00938,149.81187,157.08208
Origen 1,2020-07-29 22:00:00,144.89538,144.89127,153.2685
Origen 1,2020-07-29 23:00:00,144.89538,132.64604,134.97606
Origen 1,2020-07-30 00:00:00,100.67156,130.11401,132.51303
Origen 1,2020-07-30 01:00:00,100.67156,109.92974,104.8564
Origen 1,2020-07-30 02:00:00,100.67156,126.979065,129.43622
Origen 1,2020-07-30 03:00:00,100.67156,125.8504,129.26636
Origen 1,2020-07-30 04:00:00,100.67156,127.258865,128.65002
Origen 1,2020-07-30 05:00:00,100.67156,128.87788,128.94211
Origen 1,2020-07-30 06:00:00,100.67156,132.17258,132.40907
Origen 1,2020-07-30 07:00:00,135.67156,141.305,139.35207
Origen 1,2020-07-30 08:00:00,140.67156,147.39954,143.6832
Origen 1,2020-07-30 09:00:00,140.67156,149.65216,144.87587
Origen 1,2020-07-30 10:00:00,140.67156,152.53285,147.07784
Origen 1,2020-07-30 11:00:00,140.67156,152.26128,148.36087
Origen 1,2020-07-30 12:00:00,167.67156,157.20308,157.75342
Origen 1,2020-07-30 13:00:00,167.67156,152.79448,148.86075
Origen 1,2020-07-30 14:00:00,167.67156,150.56427,149.32056
Origen 1,2020-07-30 15:00:00,144.89956,150.22261,149.19423
Origen 1,2020-07-30 16:00:00,140.67156,148.58757,148.06433
Origen 1,2020-07-30 17:00:00,140.67156,147.28355,146.8078
Origen 1,2020-07-30 18:00:00,140.67156,149.58159,148.9115
Origen 1,2020-07-30 19:00:00,167.67156,150.93944,148.76877
Origen 1,2020-07-30 20:00:00,167.67156,149.83795,148.17642
Origen 1,2020-07-30 21:00:00,140.67156,147.67575,146.72705
Origen 1,2020-07-30 22:00:00,140.67156,143.30139,143.39621
Origen 1,2020-07-30 23:00:00,135.67156,139.88148,137.46454
Origen 1,2020-07-31 00:00:00,87.7487,109.192604,103.83085
Origen 1,2020-07-31 01:00:00,87.7487,106.546135,100.98386
Origen 1,2020-07-31 02:00:00,87.7487,105.32945,100.42568
Origen 1,2020-07-31 03:00:00,87.7487,105.21184,100.69573
Origen 1,2020-07-31 04:00:00,87.7487,105.21184,100.81757
Origen 1,2020-07-31 05:00:00,87.7487,106.09079,101.34101
Origen 1,2020-07-31 06:00:00,87.7487,108.03519,103.71061
Origen 1,2020-07-31 07:00:00,100.7487,137.74237,135.92511
Origen 1,2020-07-31 08:00:00,122.7287,138.86858,137.2477
Origen 1,2020-07-31 09:00:00,130.2487,149.39763,143.33543
Origen 1,2020-07-31 10:00:00,135.7487,141.86873,141.43233
Origen 1,2020-07-31 11:00:00,135.7487,143.77483,142.43817
Origen 1,2020-07-31 12:00:00,135.7487,151.83511,151.99536
Origen 1,2020-07-31 13:00:00,135.7487,152.21164,152.16171
Origen 1,2020-07-31 14:00:00,136.7487,150.27457,153.06393
Origen 1,2020-07-31 15:00:00,135.7487,144.78865,143.28336
Origen 1,2020-07-31 16:00:00,130.2487,140.9779,142.43832
Origen 1,2020-07-31 17:00:00,130.2487,140.52159,141.2385
Origen 1,2020-07-31 18:00:00,135.7487,141.87434,142.80003
Origen 1,2020-07-31 19:00:00,135.7487,151.23366,153.40398
Origen 1,2020-07-31 20:00:00,135.7487,150.89207,153.49962
Origen 1,2020-07-31 21:00:00,136.7487,141.26566,142.5522
Origen 1,2020-07-31 22:00:00,130.2487,139.18916,139.84586
Origen 1,2020-07-31 23:00:00,100.7487,137.36357,137.26726
Origen 1,2020-08-01 00:00:00,130.07463,106.960495,103.61704
Origen 1,2020-08-01 01:00:00,130.07463,104.47424,101.199425
Origen 1,2020-08-01 02:00:00,130.07463,103.41535,100.60867
Origen 1,2020-08-01 03:00:00,130.07463,102.58229,100.53276
Origen 1,2020-08-01 04:00:00,127.07463,102.71416,100.60191
Origen 1,2020-08-01 05:00:00,130.07463,103.51076,100.8835
Origen 1,2020-08-01 06:00:00,130.07463,104.59596,102.07585
Origen 1,2020-08-01 07:00:00,105.07463,115.378235,112.174965
Origen 1,2020-08-01 08:00:00,127.07463,130.26741,129.38007
Origen 1,2020-08-01 09:00:00,132.07463,139.14862,137.69823
Origen 1,2020-08-01 10:00:00,132.07463,139.97836,139.09688
Origen 1,2020-08-01 11:00:00,141.97463,141.55452,140.2125
Origen 1,2020-08-01 12:00:00,147.07463,141.97017,140.61537
Origen 1,2020-08-01 13:00:00,132.07463,141.69106,141.45593
Origen 1,2020-08-01 14:00:00,132.07463,142.32419,142.10672
Origen 1,2020-08-01 15:00:00,132.07463,141.87624,141.48366
Origen 1,2020-08-01 16:00:00,130.07463,141.4508,141.01273
Origen 1,2020-08-01 17:00:00,132.07463,141.1001,140.08092
Origen 1,2020-08-01 18:00:00,132.07463,142.29915,141.56862
Origen 1,2020-08-01 19:00:00,147.07463,143.60072,141.98128
Origen 1,2020-08-01 20:00:00,132.07463,143.22632,141.93767
Origen 1,2020-08-01 21:00:00,132.07463,142.05528,140.94269
Origen 1,2020-08-01 22:00:00,132.07463,141.22273,139.7003
Origen 1,2020-08-01 23:00:00,130.07463,115.71221,112.17946
Origen 1,2020-08-02 00:00:00,129.30531,129.41585,133.59904
Origen 1,2020-08-02 01:00:00,129.30531,126.59697,129.71074
Origen 1,2020-08-02 02:00:00,129.30531,124.62773,129.14326
Origen 1,2020-08-02 03:00:00,129.30531,124.50829,128.80943
Origen 1,2020-08-02 04:00:00,129.30531,124.36796,124.935356
Origen 1,2020-08-02 05:00:00,122.30531,124.41144,129.54933
Origen 1,2020-08-02 06:00:00,122.30531,124.4249,130.5603
Origen 1,2020-08-02 07:00:00,129.30531,115.093704,113.06037
Origen 1,2020-08-02 08:00:00,129.30531,139.17876,137.58075
Origen 1,2020-08-02 09:00:00,129.30531,143.57663,144.3383
Origen 1,2020-08-02 10:00:00,129.30531,144.19975,145.96384
Origen 1,2020-08-02 11:00:00,129.30531,144.86674,146.22911
Origen 1,2020-08-02 12:00:00,132.30531,151.12904,147.23363
Origen 1,2020-08-02 13:00:00,132.30531,145.03082,147.23784
Origen 1,2020-08-02 14:00:00,132.30531,146.00719,147.52463
Origen 1,2020-08-02 15:00:00,132.30531,146.26753,147.27344
Origen 1,2020-08-02 16:00:00,132.30531,145.89113,147.23827
Origen 1,2020-08-02 17:00:00,160.80531,146.76064,147.5551
Origen 1,2020-08-02 18:00:00,132.30531,147.43463,149.1177
Origen 1,2020-08-02 19:00:00,132.30531,154.9592,151.12726
Origen 1,2020-08-02 20:00:00,132.30531,147.89998,151.45218
Origen 1,2020-08-02 21:00:00,132.30531,147.73477,150.33125
Origen 1,2020-08-02 22:00:00,132.30531,146.84547,149.54065
Origen 1,2020-08-02 23:00:00,129.30531,142.02548,147.84294
Origen 1,2020-08-03 00:00:00,108.95745,125.576584,126.88206
Origen 1,2020-08-03 01:00:00,103.95745,122.13572,124.65573
Origen 1,2020-08-03 02:00:00,103.95745,120.907166,123.99899
Origen 1,2020-08-03 03:00:00,103.95745,120.71504,123.33865
Origen 1,2020-08-03 04:00:00,103.95745,121.47111,124.70901
Origen 1,2020-08-03 05:00:00,108.95745,109.87666,111.75885
Origen 1,2020-08-03 06:00:00,108.95745,110.10455,112.49148
Origen 1,2020-08-03 07:00:00,125.95745,130.20389,134.44554
Origen 1,2020-08-03 08:00:00,165.85745,145.98631,148.94182
Origen 1,2020-08-03 09:00:00,165.85745,152.11397,152.05537
Origen 1,2020-08-03 10:00:00,165.85745,153.86844,154.7419
Origen 1,2020-08-03 11:00:00,165.95745,156.3812,155.5292
Origen 1,2020-08-03 12:00:00,165.95745,156.96587,159.66109
Origen 1,2020-08-03 13:00:00,165.95745,156.94005,160.50327
Origen 1,2020-08-03 14:00:00,165.95745,157.3434,161.06755
Origen 1,2020-08-03 15:00:00,165.95745,157.3434,160.8409
Origen 1,2020-08-03 16:00:00,165.85745,155.481,160.19826
Origen 1,2020-08-03 17:00:00,160.95745,166.28674,171.85559
Origen 1,2020-08-03 18:00:00,165.85745,157.29951,160.70782
Origen 1,2020-08-03 19:00:00,165.95745,158.39072,160.73695
Origen 1,2020-08-03 20:00:00,165.95745,155.60199,159.87372
Origen 1,2020-08-03 21:00:00,165.95745,154.30481,158.58607
Origen 1,2020-08-03 22:00:00,165.85745,152.12883,157.51688
Origen 1,2020-08-03 23:00:00,160.95745,145.49167,147.57579
Origen 1,2020-08-04 00:00:00,130.42215,110.34026,106.684525
Origen 1,2020-08-04 01:00:00,130.42215,99.22999,98.59943
Origen 1,2020-08-04 02:00:00,130.42215,98.73986,97.6171
Origen 1,2020-08-04 03:00:00,130.42215,98.738075,97.376335
Origen 1,2020-08-04 04:00:00,130.42215,99.08781,97.679634
Origen 1,2020-08-04 05:00:00,141.42215,108.92655,105.32689
Origen 1,2020-08-04 06:00:00,136.42215,110.83653,105.479935
Origen 1,2020-08-04 07:00:00,141.42215,134.11656,135.767
Origen 1,2020-08-04 08:00:00,136.42215,151.96028,167.25223
Origen 1,2020-08-04 09:00:00,136.42215,152.87515,168.27954
Origen 1,2020-08-04 10:00:00,171.32215,161.03743,173.34148
Origen 1,2020-08-04 11:00:00,171.32215,164.18161,175.16069
Origen 1,2020-08-04 12:00:00,171.32215,165.31433,175.25142
Origen 1,2020-08-04 13:00:00,171.32215,166.52821,176.72308
Origen 1,2020-08-04 14:00:00,171.32215,166.10812,177.70828
Origen 1,2020-08-04 15:00:00,171.32215,164.18286,176.69946
Origen 1,2020-08-04 16:00:00,141.42215,165.14429,175.01434
Origen 1,2020-08-04 17:00:00,160.42215,162.9514,169.45978
Origen 1,2020-08-04 18:00:00,171.32215,166.73035,176.4707
Origen 1,2020-08-04 19:00:00,177.42215,167.39322,174.09003
Origen 1,2020-08-04 20:00:00,177.42215,166.15295,173.42836
Origen 1,2020-08-04 21:00:00,171.32215,163.80171,171.03857
Origen 1,2020-08-04 22:00:00,154.42215,160.86691,167.46881
Origen 1,2020-08-04 23:00:00,136.42215,152.53838,158.47737
Origen 1,2020-08-05 00:00:00,135.03799,136.54472,135.86523
Origen 1,2020-08-05 01:00:00,135.03799,126.89924,131.58035
Origen 1,2020-08-05 02:00:00,135.03799,137.81259,137.11046
Origen 1,2020-08-05 03:00:00,135.03799,137.9491,137.11046
Origen 1,2020-08-05 04:00:00,135.03799,138.3857,137.3127
Origen 1,2020-08-05 05:00:00,135.03799,140.27676,137.9068
Origen 1,2020-08-05 06:00:00,135.03799,141.35419,138.903
Origen 1,2020-08-05 07:00:00,135.03799,144.24583,144.88173
Origen 1,2020-08-05 08:00:00,135.03799,145.13177,146.16734
Origen 1,2020-08-05 09:00:00,136.03799,145.67673,148.15628
Origen 1,2020-08-05 10:00:00,140.03799,159.39699,163.62802
Origen 1,2020-08-05 11:00:00,154.53799,166.70451,170.54643
Origen 1,2020-08-05 12:00:00,158.03799,167.81207,172.98856
Origen 1,2020-08-05 13:00:00,158.03799,168.2103,172.69301
Origen 1,2020-08-05 14:00:00,158.03799,168.49521,174.35687
Origen 1,2020-08-05 15:00:00,158.03799,167.75294,173.17078
Origen 1,2020-08-05 16:00:00,159.03799,152.19777,157.84404
Origen 1,2020-08-05 17:00:00,136.03799,158.95137,159.99992
Origen 1,2020-08-05 18:00:00,140.03799,172.03418,179.35855
Origen 1,2020-08-05 19:00:00,158.03799,175.87292,181.01283
Origen 1,2020-08-05 20:00:00,159.03799,174.7594,180.6772
Origen 1,2020-08-05 21:00:00,140.03799,172.26936,178.75993
Origen 1,2020-08-05 22:00:00,136.03799,165.07162,165.23378
Origen 1,2020-08-05 23:00:00,136.03799,151.96826,153.5562
Origen 1,2020-08-06 00:00:00,131.99759,134.27301,137.48645
Origen 1,2020-08-06 01:00:00,131.99759,133.8342,135.74869
Origen 1,2020-08-06 02:00:00,131.99759,133.44014,136.44748
Origen 1,2020-08-06 03:00:00,131.99759,133.43771,136.3799
Origen 1,2020-08-06 04:00:00,131.99759,133.73418,136.64874
Origen 1,2020-08-06 05:00:00,131.99759,134.97644,137.4076
Origen 1,2020-08-06 06:00:00,131.99759,135.48929,139.46968
Origen 1,2020-08-06 07:00:00,140.99759,154.02495,155.67908
Origen 1,2020-08-06 08:00:00,157.99659,158.92938,159.84512
Origen 1,2020-08-06 09:00:00,157.99659,161.10834,161.40645
Origen 1,2020-08-06 10:00:00,157.99659,161.59744,163.14561
Origen 1,2020-08-06 11:00:00,184.99759,173.19002,171.68646
Origen 1,2020-08-06 12:00:00,184.99759,173.81729,175.29604
Origen 1,2020-08-06 13:00:00,184.99759,173.89804,175.35574
Origen 1,2020-08-06 14:00:00,184.99759,174.47365,175.762
Origen 1,2020-08-06 15:00:00,184.99759,174.22606,174.07668
Origen 1,2020-08-06 16:00:00,184.99759,173.0326,174.20703
Origen 1,2020-08-06 17:00:00,157.99659,162.463,162.04459
Origen 1,2020-08-06 18:00:00,184.99759,163.53052,163.80444
Origen 1,2020-08-06 19:00:00,185.99759,175.46355,175.82219
Origen 1,2020-08-06 20:00:00,184.99759,174.15396,178.26096
Origen 1,2020-08-06 21:00:00,184.99759,161.63249,162.61476
Origen 1,2020-08-06 22:00:00,140.97759,160.62746,159.25787
Origen 1,2020-08-06 23:00:00,131.99759,153.20135,154.67079
Origen 1,2020-08-07 00:00:00,159.69718,134.90831,137.74078
Origen 1,2020-08-07 01:00:00,159.69718,134.30055,136.82054
Origen 1,2020-08-07 02:00:00,159.69718,133.80605,136.25089
Origen 1,2020-08-07 03:00:00,146.69718,133.80363,136.31105
Origen 1,2020-08-07 04:00:00,146.69718,133.964,136.31209
Origen 1,2020-08-07 05:00:00,146.69718,134.6174,136.64282
Origen 1,2020-08-07 06:00:00,146.69718,135.14615,137.62936
Origen 1,2020-08-07 07:00:00,146.69718,141.75047,145.31577
Origen 1,2020-08-07 08:00:00,159.69718,158.3609,159.40761
Origen 1,2020-08-07 09:00:00,159.69718,166.16762,160.75189
Origen 1,2020-08-07 10:00:00,159.69718,166.67207,166.04398
Origen 1,2020-08-07 11:00:00,186.09718,170.81151,172.98352
Origen 1,2020-08-07 12:00:00,186.09718,170.81151,172.98352
Origen 1,2020-08-07 13:00:00,186.09718,170.60246,172.82646
Origen 1,2020-08-07 14:00:00,186.09718,171.0199,173.7033
Origen 1,2020-08-07 15:00:00,186.09718,171.04753,173.64317
Origen 1,2020-08-07 16:00:00,186.09718,170.80954,169.24239
Origen 1,2020-08-07 17:00:00,159.69718,167.9975,161.13461
Origen 1,2020-08-07 18:00:00,202.69718,171.04753,174.0619
Origen 1,2020-08-07 19:00:00,202.69718,172.53209,174.84758
Origen 1,2020-08-07 20:00:00,202.69718,174.26569,174.53638
Origen 1,2020-08-07 21:00:00,202.69718,172.9718,173.87965
Origen 1,2020-08-07 22:00:00,186.09718,159.32835,151.89224
Origen 1,2020-08-07 23:00:00,159.69718,143.88258,144.21495
Origen 1,2020-08-08 00:00:00,186.94928,156.67618,151.58287
Origen 1,2020-08-08 01:00:00,186.44928,155.75682,151.10657
Origen 1,2020-08-08 02:00:00,186.44928,157.87994,151.94449
Origen 1,2020-08-08 03:00:00,186.44928,154.05037,140.81639
Origen 1,2020-08-08 04:00:00,186.44928,153.82018,141.17708
Origen 1,2020-08-08 05:00:00,186.44928,154.11356,141.37386
Origen 1,2020-08-08 06:00:00,186.44928,153.94463,141.61826
Origen 1,2020-08-08 07:00:00,186.94928,148.43433,141.08678
Origen 1,2020-08-08 08:00:00,186.94928,164.64319,155.84724
Origen 1,2020-08-08 09:00:00,186.94928,167.38275,157.38611
Origen 1,2020-08-08 10:00:00,196.44928,167.91588,160.8844
Origen 1,2020-08-08 11:00:00,196.44928,176.3938,172.50247
Origen 1,2020-08-08 12:00:00,196.44928,177.3859,174.2401
Origen 1,2020-08-08 13:00:00,196.44928,174.24916,165.8426
Origen 1,2020-08-08 14:00:00,196.44928,174.17522,167.5932
Origen 1,2020-08-08 15:00:00,196.44928,174.00041,165.83272
Origen 1,2020-08-08 16:00:00,196.44928,174.3366,165.83858
Origen 1,2020-08-08 17:00:00,196.44928,169.98558,159.37305
Origen 1,2020-08-08 18:00:00,196.44928,191.77737,184.03026
Origen 1,2020-08-08 19:00:00,196.44928,194.52965,191.70735
Origen 1,2020-08-08 20:00:00,196.44928,191.66118,183.029
Origen 1,2020-08-08 21:00:00,196.44928,191.42445,181.52536
Origen 1,2020-08-08 22:00:00,186.94928,167.03958,159.0952
Origen 1,2020-08-08 23:00:00,186.94928,161.03008,152.09518
Origen 1,2020-08-09 00:00:00,203.57534,159.4749,152.91846
Origen 1,2020-08-09 01:00:00,203.57534,157.64386,151.46619
Origen 1,2020-08-09 02:00:00,203.57534,157.41965,150.79088
Origen 1,2020-08-09 03:00:00,203.57534,157.36179,150.97865
Origen 1,2020-08-09 04:00:00,203.57534,157.9367,150.79936
Origen 1,2020-08-09 05:00:00,190.57534,153.98376,151.74023
Origen 1,2020-08-09 06:00:00,175.57534,154.95676,151.69212
Origen 1,2020-08-09 07:00:00,133.57534,166.88338,154.59749
Origen 1,2020-08-09 08:00:00,175.57534,169.0194,158.05763
Origen 1,2020-08-09 09:00:00,203.57534,169.41904,159.30634
Origen 1,2020-08-09 10:00:00,205.57534,173.5157,159.66756
Origen 1,2020-08-09 11:00:00,205.57534,174.52264,160.0825
Origen 1,2020-08-09 12:00:00,209.57534,174.8119,160.18216
Origen 1,2020-08-09 13:00:00,205.57534,175.98483,170.57555
Origen 1,2020-08-09 14:00:00,205.57534,181.17334,173.92302
Origen 1,2020-08-09 15:00:00,205.57534,185.14793,174.61588
Origen 1,2020-08-09 16:00:00,205.57534,185.88649,176.17818
Origen 1,2020-08-09 17:00:00,205.57534,187.52292,182.35963
Origen 1,2020-08-09 18:00:00,210.77534,186.87956,177.45535
Origen 1,2020-08-09 19:00:00,210.77534,187.37086,179.49406
Origen 1,2020-08-09 20:00:00,210.77534,187.25288,181.07298
Origen 1,2020-08-09 21:00:00,210.77534,186.97905,179.78813
Origen 1,2020-08-09 22:00:00,210.77534,183.79628,179.21986
Origen 1,2020-08-09 23:00:00,205.57534,181.43071,178.1351
Origen 1,2020-08-10 00:00:00,129.36541,188.77904,194.34819
Origen 1,2020-08-10 01:00:00,165.36541,185.42915,190.03787
Origen 1,2020-08-10 02:00:00,129.36541,184.86723,188.98979
Origen 1,2020-08-10 03:00:00,129.36541,184.70502,188.30165
Origen 1,2020-08-10 04:00:00,129.36541,186.04878,188.75832
Origen 1,2020-08-10 05:00:00,165.36541,169.19777,168.6378
Origen 1,2020-08-10 06:00:00,148.63341,165.24355,168.2948
Origen 1,2020-08-10 07:00:00,180.36541,158.27408,155.11963
Origen 1,2020-08-10 08:00:00,209.36541,179.18954,186.56592
Origen 1,2020-08-10 09:00:00,220.36541,209.18753,212.13301
Origen 1,2020-08-10 10:00:00,220.36541,213.85612,217.20782
Origen 1,2020-08-10 11:00:00,220.36541,216.00587,221.33835
Origen 1,2020-08-10 12:00:00,230.36541,215.9481,221.6906
Origen 1,2020-08-10 13:00:00,230.36541,216.38185,222.211
Origen 1,2020-08-10 14:00:00,230.36541,216.90186,222.7237
Origen 1,2020-08-10 15:00:00,230.36541,216.90186,223.14326
Origen 1,2020-08-10 16:00:00,220.36541,215.86781,220.47891
Origen 1,2020-08-10 17:00:00,220.36541,215.50713,217.85913
Origen 1,2020-08-10 18:00:00,220.36541,218.93301,225.25325
Origen 1,2020-08-10 19:00:00,230.36541,219.01768,226.24391
Origen 1,2020-08-10 20:00:00,230.36541,217.93736,224.98329
Origen 1,2020-08-10 21:00:00,220.36541,216.57355,223.49072
Origen 1,2020-08-10 22:00:00,220.36541,215.57744,222.91557
Origen 1,2020-08-10 23:00:00,202.36541,209.02959,216.40445
Origen 1,2020-08-11 00:00:00,160.55588,159.02058,152.63405
Origen 1,2020-08-11 01:00:00,160.55588,168.60565,169.98897
Origen 1,2020-08-11 02:00:00,160.55588,155.4,147.57663
Origen 1,2020-08-11 03:00:00,160.55588,151.67816,146.51875
Origen 1,2020-08-11 04:00:00,160.55588,151.70413,138.3989
Origen 1,2020-08-11 05:00:00,160.55588,167.40416,165.47742
Origen 1,2020-08-11 06:00:00,219.05488,161.3382,149.48479
Origen 1,2020-08-11 07:00:00,189.05588,172.28374,174.9133
Origen 1,2020-08-11 08:00:00,189.05588,199.88962,204.12047
Origen 1,2020-08-11 09:00:00,219.05488,217.61432,218.16528
Origen 1,2020-08-11 10:00:00,219.85588,220.39714,232.98444
Origen 1,2020-08-11 11:00:00,219.85588,223.32242,234.5074
Origen 1,2020-08-11 12:00:00,219.85588,232.76633,236.73656
Origen 1,2020-08-11 13:00:00,219.85588,233.14691,236.65869
Origen 1,2020-08-11 14:00:00,219.85588,232.764,236.86201
Origen 1,2020-08-11 15:00:00,219.85588,230.81631,235.00452
Origen 1,2020-08-11 16:00:00,219.85588,223.2925,230.03336
Origen 1,2020-08-11 17:00:00,219.05488,220.94292,227.99237
Origen 1,2020-08-11 18:00:00,219.85588,224.23796,231.85732
Origen 1,2020-08-11 19:00:00,219.85588,232.4622,235.61761
Origen 1,2020-08-11 20:00:00,219.85588,233.16025,235.73717
Origen 1,2020-08-11 21:00:00,219.85588,223.2414,229.93222
Origen 1,2020-08-11 22:00:00,219.05488,223.1071,225.16562
Origen 1,2020-08-11 23:00:00,189.05588,197.67174,202.70396
Origen 1,2020-08-12 00:00:00,175.26428,170.86087,171.33449
Origen 1,2020-08-12 01:00:00,175.36428,168.52872,168.66322
Origen 1,2020-08-12 02:00:00,145.36428,168.57742,168.92737
Origen 1,2020-08-12 03:00:00,145.36428,168.47392,168.82004
Origen 1,2020-08-12 04:00:00,175.26428,169.02882,169.05348
Origen 1,2020-08-12 05:00:00,175.26428,170.615,169.93054
Origen 1,2020-08-12 06:00:00,175.26428,211.33379,212.70155
Origen 1,2020-08-12 07:00:00,175.26428,176.60327,176.56136
Origen 1,2020-08-12 08:00:00,187.86428,177.76363,177.61452
Origen 1,2020-08-12 09:00:00,187.86428,216.3277,218.16516
Origen 1,2020-08-12 10:00:00,187.86428,217.50267,223.7012
Origen 1,2020-08-12 11:00:00,199.36428,222.34329,227.65247
Origen 1,2020-08-12 12:00:00,199.36428,227.58746,230.09138
Origen 1,2020-08-12 13:00:00,199.36428,227.90271,230.40979
Origen 1,2020-08-12 14:00:00,199.36428,227.861,230.35089
Origen 1,2020-08-12 15:00:00,199.36428,223.07123,228.73088
Origen 1,2020-08-12 16:00:00,199.36428,220.75243,226.1532
Origen 1,2020-08-12 17:00:00,187.86428,219.90993,223.00478
Origen 1,2020-08-12 18:00:00,215.36428,228.81313,232.1765
Origen 1,2020-08-12 19:00:00,215.36428,229.1312,233.26656
Origen 1,2020-08-12 20:00:00,215.36428,227.68047,232.83405
Origen 1,2020-08-12 21:00:00,187.86428,225.79752,230.1883
Origen 1,2020-08-12 22:00:00,187.86428,223.55223,225.10497
Origen 1,2020-08-12 23:00:00,175.36428,179.61446,181.31187
Origen 1,2020-08-13 00:00:00,169.64362,173.522,176.1881
Origen 1,2020-08-13 01:00:00,169.64362,171.92577,173.88039
Origen 1,2020-08-13 02:00:00,171.14362,163.2327,155.08154
Origen 1,2020-08-13 03:00:00,140.64362,162.93602,154.68561
Origen 1,2020-08-13 04:00:00,140.64362,169.74638,166.21391
Origen 1,2020-08-13 05:00:00,169.64362,164.46956,164.27072
Origen 1,2020-08-13 06:00:00,169.64362,166.36124,166.48962
Origen 1,2020-08-13 07:00:00,169.64362,175.93161,176.27112
Origen 1,2020-08-13 08:00:00,169.64362,179.96954,179.32056
Origen 1,2020-08-13 09:00:00,185.64262,180.91083,179.93745
Origen 1,2020-08-13 10:00:00,200.64362,180.02386,179.77202
Origen 1,2020-08-13 11:00:00,200.64362,192.35529,199.06493
Origen 1,2020-08-13 12:00:00,200.64362,192.62541,199.19919
Origen 1,2020-08-13 13:00:00,200.64362,192.8391,199.22209
Origen 1,2020-08-13 14:00:00,200.64362,193.07527,199.52127
Origen 1,2020-08-13 15:00:00,200.64362,192.73878,198.54535
Origen 1,2020-08-13 16:00:00,200.64362,192.30145,197.17366
Origen 1,2020-08-13 17:00:00,185.64262,175.91913,171.46466
Origen 1,2020-08-13 18:00:00,200.64362,213.26906,216.3868
Origen 1,2020-08-13 19:00:00,200.64362,214.05202,217.02156
Origen 1,2020-08-13 20:00:00,200.64362,212.42574,215.71603
Origen 1,2020-08-13 21:00:00,185.64262,171.82962,170.25082
Origen 1,2020-08-13 22:00:00,169.64362,170.02927,159.36497
Origen 1,2020-08-13 23:00:00,169.64362,160.95201,150.56088
Origen 1,2020-08-14 00:00:00,160.73082,155.46767,148.5513
Origen 1,2020-08-14 01:00:00,160.73082,153.54025,145.94594
Origen 1,2020-08-14 02:00:00,160.73082,152.07771,144.5295
Origen 1,2020-08-14 03:00:00,160.73082,142.2623,132.73135
Origen 1,2020-08-14 04:00:00,160.73082,142.0706,132.86856
Origen 1,2020-08-14 05:00:00,160.73082,151.83998,146.85312
Origen 1,2020-08-14 06:00:00,160.73082,154.09166,150.28912
Origen 1,2020-08-14 07:00:00,165.23082,161.38753,156.20168
Origen 1,2020-08-14 08:00:00,180.23082,162.97151,157.63493
Origen 1,2020-08-14 09:00:00,175.22982,164.13127,159.52737
Origen 1,2020-08-14 10:00:00,180.23082,186.69574,182.1858
Origen 1,2020-08-14 11:00:00,180.23082,188.26952,183.64561
Origen 1,2020-08-14 12:00:00,180.23082,188.6957,183.88353
Origen 1,2020-08-14 13:00:00,180.23082,188.78336,184.28413
Origen 1,2020-08-14 14:00:00,180.23082,189.82124,184.4708
Origen 1,2020-08-14 15:00:00,180.23082,189.82124,184.1694
Origen 1,2020-08-14 16:00:00,175.22982,187.63559,183.66252
Origen 1,2020-08-14 17:00:00,165.23082,165.6865,159.84993
Origen 1,2020-08-14 18:00:00,175.22982,195.59016,187.53534
Origen 1,2020-08-14 19:00:00,180.23082,196.41364,187.88011
Origen 1,2020-08-14 20:00:00,175.22982,195.56274,187.88011
Origen 1,2020-08-14 21:00:00,175.22982,171.75328,164.34123
Origen 1,2020-08-14 22:00:00,165.23082,166.45876,159.44676
Origen 1,2020-08-14 23:00:00,160.73082,162.80423,154.82036
Origen 1,2020-08-15 00:00:00,139.88683,155.5806,146.04576
Origen 1,2020-08-15 01:00:00,139.88683,151.64145,142.49252
Origen 1,2020-08-15 02:00:00,139.88683,149.20013,140.95963
Origen 1,2020-08-15 03:00:00,139.88683,148.81085,140.4001
Origen 1,2020-08-15 04:00:00,139.88683,149.3108,140.91788
Origen 1,2020-08-15 05:00:00,139.88683,149.78801,141.7585
Origen 1,2020-08-15 06:00:00,139.88683,153.54443,145.42036
Origen 1,2020-08-15 07:00:00,139.88683,158.57285,149.75937
Origen 1,2020-08-15 08:00:00,139.88683,162.09807,154.5686
Origen 1,2020-08-15 09:00:00,161.88683,162.55923,155.37563
Origen 1,2020-08-15 10:00:00,161.88683,163.311,156.2536
Origen 1,2020-08-15 11:00:00,161.88683,164.25716,156.49063
Origen 1,2020-08-15 12:00:00,161.88683,163.93831,156.67574
Origen 1,2020-08-15 13:00:00,161.88683,162.44945,156.44922
Origen 1,2020-08-15 14:00:00,161.88683,163.08969,156.85101
Origen 1,2020-08-15 15:00:00,161.88683,163.33632,156.85101
Origen 1,2020-08-15 16:00:00,161.88683,163.04816,156.2816
Origen 1,2020-08-15 17:00:00,161.88683,159.12737,151.78134
Origen 1,2020-08-15 18:00:00,161.88683,163.27582,156.75583
Origen 1,2020-08-15 19:00:00,180.88683,163.73175,157.5736
Origen 1,2020-08-15 20:00:00,180.88683,163.87094,157.57796
Origen 1,2020-08-15 21:00:00,161.88683,162.76866,156.80675
Origen 1,2020-08-15 22:00:00,161.88683,158.99866,151.81854
Origen 1,2020-08-15 23:00:00,139.88683,155.14256,150.34775
Origen 1,2020-08-16 00:00:00,145.34606,151.81297,145.88638
Origen 1,2020-08-16 01:00:00,145.34606,145.23209,140.80626
Origen 1,2020-08-16 02:00:00,145.24606,143.56418,139.25177
Origen 1,2020-08-16 03:00:00,145.24606,141.80232,139.03249
Origen 1,2020-08-16 04:00:00,145.24606,142.88423,139.03249
Origen 1,2020-08-16 05:00:00,145.24606,135.4023,134.46811
Origen 1,2020-08-16 06:00:00,145.24606,137.4945,136.40059
Origen 1,2020-08-16 07:00:00,145.24606,141.34091,131.09036
Origen 1,2020-08-16 08:00:00,145.34606,147.3564,141.04634
Origen 1,2020-08-16 09:00:00,145.34606,160.56902,151.21613
Origen 1,2020-08-16 10:00:00,145.34606,160.65587,151.54616
Origen 1,2020-08-16 11:00:00,145.34606,162.06685,152.56348
Origen 1,2020-08-16 12:00:00,145.34606,162.49617,153.07954
Origen 1,2020-08-16 13:00:00,145.34606,162.71295,153.27567
Origen 1,2020-08-16 14:00:00,145.34606,163.98444,154.75171
Origen 1,2020-08-16 15:00:00,145.34606,165.2341,156.46848
Origen 1,2020-08-16 16:00:00,145.34606,164.00047,157.39285
Origen 1,2020-08-16 17:00:00,145.34606,164.44038,157.8672
Origen 1,2020-08-16 18:00:00,160.34506,164.4872,158.33937
Origen 1,2020-08-16 19:00:00,180.34606,169.45226,162.9664
Origen 1,2020-08-16 20:00:00,180.34606,169.66417,162.9793
Origen 1,2020-08-16 21:00:00,160.34506,165.13539,158.57011
Origen 1,2020-08-16 22:00:00,145.34606,164.79095,158.97334
Origen 1,2020-08-16 23:00:00,145.34606,153.06525,146.73601
Origen 1,2020-08-17 00:00:00,160.37957,139.00432,127.33857
Origen 1,2020-08-17 01:00:00,160.37957,137.83047,133.50166
Origen 1,2020-08-17 02:00:00,160.37957,134.16435,124.76212
Origen 1,2020-08-17 03:00:00,160.37957,134.28307,124.76539
Origen 1,2020-08-17 04:00:00,158.37857,134.8795,125.12053
Origen 1,2020-08-17 05:00:00,158.37857,139.26765,134.146
Origen 1,2020-08-17 06:00:00,148.27957,140.3436,134.75954
Origen 1,2020-08-17 07:00:00,160.37957,149.34322,144.30142
Origen 1,2020-08-17 08:00:00,160.37957,164.48125,153.83395
Origen 1,2020-08-17 09:00:00,160.37957,169.69289,155.45068
Origen 1,2020-08-17 10:00:00,170.27957,171.887,157.18854
Origen 1,2020-08-17 11:00:00,179.37957,173.71994,157.44135
Origen 1,2020-08-17 12:00:00,179.37957,172.19905,157.49841
Origen 1,2020-08-17 13:00:00,179.37957,171.54121,157.12823
Origen 1,2020-08-17 14:00:00,179.37957,171.70685,157.14014
Origen 1,2020-08-17 15:00:00,179.37957,171.53664,156.9988
Origen 1,2020-08-17 16:00:00,170.27957,171.02438,156.93907
Origen 1,2020-08-17 17:00:00,170.27957,169.90973,156.7672
Origen 1,2020-08-17 18:00:00,191.37957,178.11797,167.27759
Origen 1,2020-08-17 19:00:00,191.37957,182.29294,171.27084
Origen 1,2020-08-17 20:00:00,191.37957,179.40038,170.04199
Origen 1,2020-08-17 21:00:00,191.37957,174.26346,165.22725
Origen 1,2020-08-17 22:00:00,179.37957,165.30077,153.35448
Origen 1,2020-08-17 23:00:00,160.37957,157.57841,147.61224
Origen 1,2020-08-18 00:00:00,144.99113,137.2736,140.10303
Origen 1,2020-08-18 01:00:00,144.99113,136.03442,138.73698
Origen 1,2020-08-18 02:00:00,144.99113,135.96344,138.03345
Origen 1,2020-08-18 03:00:00,144.99113,136.12665,137.8444
Origen 1,2020-08-18 04:00:00,144.99113,137.27022,134.52039
Origen 1,2020-08-18 05:00:00,144.99113,138.50531,138.23373
Origen 1,2020-08-18 06:00:00,153.09113,140.91862,140.59183
Origen 1,2020-08-18 07:00:00,153.09113,140.25656,149.4646
Origen 1,2020-08-18 08:00:00,168.09013,148.10338,156.69604
Origen 1,2020-08-18 09:00:00,169.99113,163.8585,168.12468
Origen 1,2020-08-18 10:00:00,180.09113,171.11761,173.85262
Origen 1,2020-08-18 11:00:00,180.09113,178.012,176.62163
Origen 1,2020-08-18 12:00:00,180.09113,178.012,176.73158
Origen 1,2020-08-18 13:00:00,180.09113,178.14369,177.24461
Origen 1,2020-08-18 14:00:00,180.09113,178.42415,177.77803
Origen 1,2020-08-18 15:00:00,180.09113,178.27327,178.29785
Origen 1,2020-08-18 16:00:00,180.09113,174.58324,177.68567
Origen 1,2020-08-18 17:00:00,180.09113,173.21446,177.60825
Origen 1,2020-08-18 18:00:00,180.09113,183.75267,181.08698
Origen 1,2020-08-18 19:00:00,180.09113,190.26054,187.64142
Origen 1,2020-08-18 20:00:00,180.09113,189.03008,189.00693
Origen 1,2020-08-18 21:00:00,169.99113,187.06653,187.82036
Origen 1,2020-08-18 22:00:00,168.09013,180.76509,183.58783
Origen 1,2020-08-18 23:00:00,153.09113,155.48064,167.28159
Origen 1,2020-08-19 00:00:00,139.31084,142.70134,146.61165
Origen 1,2020-08-19 01:00:00,139.31084,140.59525,144.89716
Origen 1,2020-08-19 02:00:00,139.31084,140.18127,143.40872
Origen 1,2020-08-19 03:00:00,139.31084,139.94531,143.40872
Origen 1,2020-08-19 04:00:00,139.31084,140.3924,144.58649
Origen 1,2020-08-19 05:00:00,139.31084,142.1671,144.92348
Origen 1,2020-08-19 06:00:00,139.31084,145.61569,148.60974
Origen 1,2020-08-19 07:00:00,139.31084,147.00185,151.67058
Origen 1,2020-08-19 08:00:00,153.91084,155.04036,164.98822
Origen 1,2020-08-19 09:00:00,153.91084,155.87785,167.46632
Origen 1,2020-08-19 10:00:00,153.91084,159.3548,170.16748
Origen 1,2020-08-19 11:00:00,153.91084,175.21657,179.89894
Origen 1,2020-08-19 12:00:00,153.91084,180.31633,183.79347
Origen 1,2020-08-19 13:00:00,153.91084,180.1387,184.4065
Origen 1,2020-08-19 14:00:00,153.91084,177.9307,184.06705
Origen 1,2020-08-19 15:00:00,153.91084,175.46849,179.94579
Origen 1,2020-08-19 16:00:00,153.91084,172.44533,176.88747
Origen 1,2020-08-19 17:00:00,153.91084,159.5588,167.28397
Origen 1,2020-08-19 18:00:00,153.91084,183.43669,184.98256
Origen 1,2020-08-19 19:00:00,209.91084,184.52374,182.69261
Origen 1,2020-08-19 20:00:00,153.91084,182.4079,181.87724
Origen 1,2020-08-19 21:00:00,153.91084,164.90271,172.12772
Origen 1,2020-08-19 22:00:00,153.91084,161.3372,166.09268
Origen 1,2020-08-19 23:00:00,139.31084,146.48753,149.92764
Origen 1,2020-08-20 00:00:00,134.17505,139.84985,144.38841
Origen 1,2020-08-20 01:00:00,134.17505,134.88824,137.51135
Origen 1,2020-08-20 02:00:00,134.17505,133.01627,135.47295
Origen 1,2020-08-20 03:00:00,134.17505,131.4654,131.19817
Origen 1,2020-08-20 04:00:00,134.17505,132.76976,130.23065
Origen 1,2020-08-20 05:00:00,134.17505,134.46779,134.45216
Origen 1,2020-08-20 06:00:00,134.97505,136.34818,136.62418
Origen 1,2020-08-20 07:00:00,155.17505,139.18585,137.6366
Origen 1,2020-08-20 08:00:00,155.17505,142.87389,140.86299
Origen 1,2020-08-20 09:00:00,155.17505,143.57245,141.57321
Origen 1,2020-08-20 10:00:00,161.47505,154.64062,148.93315
Origen 1,2020-08-20 11:00:00,161.47505,159.91107,154.73953
Origen 1,2020-08-20 12:00:00,161.47505,159.73091,154.79747
Origen 1,2020-08-20 13:00:00,161.47505,159.55957,154.82642
Origen 1,2020-08-20 14:00:00,161.47505,159.83012,154.90779
Origen 1,2020-08-20 15:00:00,161.47505,156.08752,152.82712
Origen 1,2020-08-20 16:00:00,155.17505,152.41943,150.43394
Origen 1,2020-08-20 17:00:00,155.17505,142.14095,140.54344
Origen 1,2020-08-20 18:00:00,161.47505,158.69485,153.15555
Origen 1,2020-08-20 19:00:00,161.47505,189.87746,186.81
Origen 1,2020-08-20 20:00:00,161.47505,159.55013,153.6622
Origen 1,2020-08-20 21:00:00,155.17505,147.14195,146.7437
Origen 1,2020-08-20 22:00:00,155.17505,145.45213,144.86357
Origen 1,2020-08-20 23:00:00,149.67505,131.88199,133.30397
Origen 1,2020-08-21 00:00:00,138.31299,127.88128,127.40258
Origen 1,2020-08-21 01:00:00,138.31299,124.90397,125.99116
Origen 1,2020-08-21 02:00:00,138.31299,123.40847,125.79232
Origen 1,2020-08-21 03:00:00,138.31299,123.24193,125.732956
Origen 1,2020-08-21 04:00:00,137.31299,123.8228,125.9354
Origen 1,2020-08-21 05:00:00,138.31299,124.97474,126.17398
Origen 1,2020-08-21 06:00:00,139.31299,127.10508,129.12694
Origen 1,2020-08-21 07:00:00,139.31299,142.50041,141.86603
Origen 1,2020-08-21 08:00:00,139.31299,144.40797,143.62833
Origen 1,2020-08-21 09:00:00,147.31299,146.9933,145.06645
Origen 1,2020-08-21 10:00:00,147.31299,147.81277,147.92453
Origen 1,2020-08-21 11:00:00,152.21299,149.24098,148.99197
Origen 1,2020-08-21 12:00:00,152.21299,149.24098,149.0167
Origen 1,2020-08-21 13:00:00,152.21299,149.20404,149.28369
Origen 1,2020-08-21 14:00:00,152.21299,150.14871,149.96404
Origen 1,2020-08-21 15:00:00,152.21299,149.83752,149.67436
Origen 1,2020-08-21 16:00:00,152.21299,149.05266,147.55186
Origen 1,2020-08-21 17:00:00,147.31299,148.79402,147.56291
Origen 1,2020-08-21 18:00:00,152.21299,150.57072,151.47491
Origen 1,2020-08-21 19:00:00,152.21299,151.50888,151.92064
Origen 1,2020-08-21 20:00:00,152.21299,151.55807,151.69711
Origen 1,2020-08-21 21:00:00,152.21299,149.43431,148.82234
Origen 1,2020-08-21 22:00:00,147.31299,147.56488,146.10834
Origen 1,2020-08-21 23:00:00,139.31299,139.83891,139.19354
Origen 1,2020-08-22 00:00:00,140.37379,126.51177,129.37433
Origen 1,2020-08-22 01:00:00,140.37379,124.95145,125.53444
Origen 1,2020-08-22 02:00:00,140.37379,123.831245,125.037575
Origen 1,2020-08-22 03:00:00,140.37379,123.13221,124.44009
Origen 1,2020-08-22 04:00:00,140.37379,123.712555,124.89319
Origen 1,2020-08-22 05:00:00,140.37379,124.83299,125.36305
Origen 1,2020-08-22 06:00:00,140.37379,126.20732,126.66069
Origen 1,2020-08-22 07:00:00,140.37379,135.71696,133.17766
Origen 1,2020-08-22 08:00:00,141.08379,136.78244,133.69458
Origen 1,2020-08-22 09:00:00,141.08379,142.78214,138.2373
Origen 1,2020-08-22 10:00:00,141.08379,143.23703,139.07904
Origen 1,2020-08-22 11:00:00,170.38379,144.82967,140.21216
Origen 1,2020-08-22 12:00:00,170.38379,144.82967,140.3531
Origen 1,2020-08-22 13:00:00,170.38379,144.82912,140.57835
Origen 1,2020-08-22 14:00:00,170.38379,145.74475,141.14539
Origen 1,2020-08-22 15:00:00,141.08379,145.50734,140.96533
Origen 1,2020-08-22 16:00:00,141.08379,144.47423,140.0983
Origen 1,2020-08-22 17:00:00,141.08379,144.33801,139.18193
Origen 1,2020-08-22 18:00:00,141.08379,145.74051,140.95921
Origen 1,2020-08-22 19:00:00,170.38379,146.80159,140.8403
Origen 1,2020-08-22 20:00:00,199.38379,146.80159,140.8403
Origen 1,2020-08-22 21:00:00,141.08379,145.09654,139.7328
Origen 1,2020-08-22 22:00:00,141.08379,142.19868,137.73651
Origen 1,2020-08-22 23:00:00,140.37379,132.41792,131.09149
Origen 1,2020-08-23 00:00:00,141.17602,125.42554,127.14362
Origen 1,2020-08-23 01:00:00,141.17602,123.39417,123.46422
Origen 1,2020-08-23 02:00:00,141.17602,122.4209,121.73319
Origen 1,2020-08-23 03:00:00,141.17602,121.77315,121.626724
Origen 1,2020-08-23 04:00:00,141.17602,121.77315,123.05556
Origen 1,2020-08-23 05:00:00,141.17602,122.38985,123.440735
Origen 1,2020-08-23 06:00:00,138.97602,122.422356,124.98285
Origen 1,2020-08-23 07:00:00,141.17602,134.64032,135.36557
Origen 1,2020-08-23 08:00:00,141.17602,136.89572,136.54317
Origen 1,2020-08-23 09:00:00,141.17602,138.9417,137.5854
Origen 1,2020-08-23 10:00:00,141.17602,139.33293,137.64342
Origen 1,2020-08-23 11:00:00,141.17602,148.04787,146.7917
Origen 1,2020-08-23 12:00:00,170.07602,148.88438,148.8112
Origen 1,2020-08-23 13:00:00,170.07602,148.83434,149.86581
Origen 1,2020-08-23 14:00:00,141.17602,150.1619,150.15451
Origen 1,2020-08-23 15:00:00,141.17602,141.34212,138.55934
Origen 1,2020-08-23 16:00:00,141.17602,141.04333,140.1595
Origen 1,2020-08-23 17:00:00,141.17602,141.35397,140.11966
Origen 1,2020-08-23 18:00:00,170.07602,141.75783,140.79686
Origen 1,2020-08-23 19:00:00,180.07602,152.44174,154.7745
Origen 1,2020-08-23 20:00:00,180.07602,165.55745,173.78871
Origen 1,2020-08-23 21:00:00,170.07602,140.4181,139.03758
Origen 1,2020-08-23 22:00:00,141.17602,139.27953,139.55934
Origen 1,2020-08-23 23:00:00,141.17602,134.2291,137.76213
Origen 1,2020-08-24 00:00:00,101.24636,126.30437,132.31572
Origen 1,2020-08-24 01:00:00,101.24636,124.96044,130.88463
Origen 1,2020-08-24 02:00:00,144.24636,124.205696,127.30063
Origen 1,2020-08-24 03:00:00,134.84836,124.203445,127.05956
Origen 1,2020-08-24 04:00:00,141.24636,124.69842,127.57615
Origen 1,2020-08-24 05:00:00,141.24636,126.22231,128.9179
Origen 1,2020-08-24 06:00:00,141.24636,126.74423,130.27884
Origen 1,2020-08-24 07:00:00,144.24636,135.00941,140.3501
Origen 1,2020-08-24 08:00:00,146.54636,138.5392,142.67793
Origen 1,2020-08-24 09:00:00,146.54636,144.25388,144.31332
Origen 1,2020-08-24 10:00:00,146.54636,148.05994,148.2579
Origen 1,2020-08-24 11:00:00,156.14636,150.49228,149.03175
Origen 1,2020-08-24 12:00:00,156.14636,161.6456,163.17525
Origen 1,2020-08-24 13:00:00,156.14636,161.20778,164.19608
Origen 1,2020-08-24 14:00:00,156.14636,150.96051,152.00485
Origen 1,2020-08-24 15:00:00,156.14636,150.58487,152.41449
Origen 1,2020-08-24 16:00:00,146.54636,149.40654,152.00739
Origen 1,2020-08-24 17:00:00,146.54636,149.04817,152.69011
Origen 1,2020-08-24 18:00:00,156.14636,162.67215,167.22694
Origen 1,2020-08-24 19:00:00,176.24636,163.8164,167.53828
Origen 1,2020-08-24 20:00:00,176.24636,161.14676,166.7814
Origen 1,2020-08-24 21:00:00,146.54636,159.35747,166.09425
Origen 1,2020-08-24 22:00:00,146.54636,143.3861,149.12646
Origen 1,2020-08-24 23:00:00,144.24636,134.18219,140.93011
Origen 1,2020-08-25 00:00:00,140.0929,105.07366,108.11187
Origen 1,2020-08-25 01:00:00,140.0929,105.01906,107.16664
Origen 1,2020-08-25 02:00:00,140.0929,130.73,133.48347
Origen 1,2020-08-25 03:00:00,140.0929,127.235634,133.34459
Origen 1,2020-08-25 04:00:00,140.0929,128.46944,135.0624
Origen 1,2020-08-25 05:00:00,140.0929,129.36137,135.58185
Origen 1,2020-08-25 06:00:00,140.0929,131.25774,135.57616
Origen 1,2020-08-25 07:00:00,140.0929,138.23895,140.17955
Origen 1,2020-08-25 08:00:00,148.0929,148.73778,150.52147
Origen 1,2020-08-25 09:00:00,148.0929,150.44112,151.93239
Origen 1,2020-08-25 10:00:00,148.0929,154.15729,153.86052
Origen 1,2020-08-25 11:00:00,148.0929,161.6386,161.61
Origen 1,2020-08-25 12:00:00,148.0929,161.6386,161.72362
Origen 1,2020-08-25 13:00:00,148.0929,162.52872,161.66264
Origen 1,2020-08-25 14:00:00,148.0929,162.45549,161.49098
Origen 1,2020-08-25 15:00:00,148.0929,160.07861,161.10889
Origen 1,2020-08-25 16:00:00,148.0929,152.59476,153.7951
Origen 1,2020-08-25 17:00:00,148.0929,152.1932,152.0482
Origen 1,2020-08-25 18:00:00,157.1929,165.35027,162.53351
Origen 1,2020-08-25 19:00:00,157.1929,169.76923,169.74461
Origen 1,2020-08-25 20:00:00,157.1929,167.94568,168.29865
Origen 1,2020-08-25 21:00:00,148.0929,155.58847,150.77858
Origen 1,2020-08-25 22:00:00,148.0929,151.9679,147.91515
Origen 1,2020-08-25 23:00:00,140.0929,136.78258,134.94272
Origen 1,2020-08-26 00:00:00,81.84998,130.17159,127.77071
Origen 1,2020-08-26 01:00:00,86.89298,128.62248,126.905525
Origen 1,2020-08-26 02:00:00,86.89298,127.877495,127.12126
Origen 1,2020-08-26 03:00:00,86.89298,127.800385,127.35345
Origen 1,2020-08-26 04:00:00,130.43898,128.08432,127.57067
Origen 1,2020-08-26 05:00:00,86.89298,129.70343,127.80764
Origen 1,2020-08-26 06:00:00,135.39298,132.44066,128.99088
Origen 1,2020-08-26 07:00:00,143.49298,136.87099,133.42288
Origen 1,2020-08-26 08:00:00,143.49298,143.97597,138.25859
Origen 1,2020-08-26 09:00:00,143.49298,144.97165,140.32721
Origen 1,2020-08-26 10:00:00,149.59298,145.48965,142.62672
Origen 1,2020-08-26 11:00:00,149.59298,148.07173,147.78607
Origen 1,2020-08-26 12:00:00,160.39298,153.38065,150.90121
Origen 1,2020-08-26 13:00:00,149.59298,153.4107,151.00926
Origen 1,2020-08-26 14:00:00,149.59298,148.57617,146.64241
Origen 1,2020-08-26 15:00:00,149.59298,147.07925,145.74107
Origen 1,2020-08-26 16:00:00,149.59298,146.60823,143.41801
Origen 1,2020-08-26 17:00:00,149.59298,146.408,141.49283
Origen 1,2020-08-26 18:00:00,160.39298,158.82674,157.19792
Origen 1,2020-08-26 19:00:00,170.39298,170.59393,163.36015
Origen 1,2020-08-26 20:00:00,160.39298,159.44167,157.35886
Origen 1,2020-08-26 21:00:00,149.59298,153.67758,149.02167
Origen 1,2020-08-26 22:00:00,170.39298,145.87108,141.07864
Origen 1,2020-08-26 23:00:00,143.49298,134.982,133.90262
Origen 1,2020-08-27 00:00:00,109.15003,106.02337,97.71373
Origen 1,2020-08-27 01:00:00,128.15003,104.28059,97.137
Origen 1,2020-08-27 02:00:00,128.15003,103.41076,97.249565
Origen 1,2020-08-27 03:00:00,109.15003,103.40888,97.5614
Origen 1,2020-08-27 04:00:00,109.15003,127.0918,128.51727
Origen 1,2020-08-27 05:00:00,128.15003,105.888016,97.95744
Origen 1,2020-08-27 06:00:00,137.15003,131.54942,132.49864
Origen 1,2020-08-27 07:00:00,146.15003,141.94797,148.17847
Origen 1,2020-08-27 08:00:00,157.15003,146.70648,150.96088
Origen 1,2020-08-27 09:00:00,157.15003,150.3567,152.61426
Origen 1,2020-08-27 10:00:00,157.15003,157.48737,154.8925
Origen 1,2020-08-27 11:00:00,157.15003,160.27803,156.08232
Origen 1,2020-08-27 12:00:00,170.15003,162.54716,162.6398
Origen 1,2020-08-27 13:00:00,170.15003,159.98804,156.83157
Origen 1,2020-08-27 14:00:00,169.05003,160.85555,158.41347
Origen 1,2020-08-27 15:00:00,157.15003,160.38179,157.98099
Origen 1,2020-08-27 16:00:00,157.15003,159.56154,157.55594
Origen 1,2020-08-27 17:00:00,157.15003,159.45984,156.84398
Origen 1,2020-08-27 18:00:00,165.15003,163.3519,165.47409
Origen 1,2020-08-27 19:00:00,165.15003,167.0794,169.6382
Origen 1,2020-08-27 20:00:00,165.15003,163.18225,165.09013
Origen 1,2020-08-27 21:00:00,157.15003,159.59364,156.98143
Origen 1,2020-08-27 22:00:00,157.15003,165.98547,168.59648
Origen 1,2020-08-27 23:00:00,137.15003,144.05254,149.5644
Origen 1,2020-08-28 00:00:00,129.92245,120.40105,113.52833
Origen 1,2020-08-28 01:00:00,144.44245,132.38351,132.8602
Origen 1,2020-08-28 02:00:00,124.94245,131.12312,132.73419
Origen 1,2020-08-28 03:00:00,124.94245,117.57579,111.69401
Origen 1,2020-08-28 04:00:00,124.94245,118.29831,111.79355
Origen 1,2020-08-28 05:00:00,144.44245,129.81796,129.98534
Origen 1,2020-08-28 06:00:00,153.98845,133.67181,136.9591
Origen 1,2020-08-28 07:00:00,156.94245,149.10889,145.17711
Origen 1,2020-08-28 08:00:00,156.94245,153.36603,152.52391
Origen 1,2020-08-28 09:00:00,157.94245,156.59052,155.36533
Origen 1,2020-08-28 10:00:00,163.94245,157.38579,157.61552
Origen 1,2020-08-28 11:00:00,163.94245,159.60599,158.91681
Origen 1,2020-08-28 12:00:00,163.94245,161.80685,163.71965
Origen 1,2020-08-28 13:00:00,163.94245,161.12193,163.78563
Origen 1,2020-08-28 14:00:00,163.94245,161.88387,164.22324
Origen 1,2020-08-28 15:00:00,163.94245,159.52579,158.99776
Origen 1,2020-08-28 16:00:00,163.94245,158.50127,157.90968
Origen 1,2020-08-28 17:00:00,157.94245,158.23824,155.53966
Origen 1,2020-08-28 18:00:00,163.94245,160.54153,159.72406
Origen 1,2020-08-28 19:00:00,163.94245,161.17526,159.23897
Origen 1,2020-08-28 20:00:00,163.94245,160.58572,158.97122
Origen 1,2020-08-28 21:00:00,163.94245,158.8246,156.0013
Origen 1,2020-08-28 22:00:00,157.94245,155.24438,152.79724
Origen 1,2020-08-28 23:00:00,156.94245,139.91528,141.68605
Origen 1,2020-08-29 00:00:00,163.71562,132.13402,134.26782
Origen 1,2020-08-29 01:00:00,146.71562,135.21262,131.87154
Origen 1,2020-08-29 02:00:00,146.71562,122.37975,120.10546
Origen 1,2020-08-29 03:00:00,146.71562,122.37753,120.10546
Origen 1,2020-08-29 04:00:00,146.71562,122.683754,120.93823
Origen 1,2020-08-29 05:00:00,146.71562,135.34479,133.47998
Origen 1,2020-08-29 06:00:00,146.71562,138.56543,139.00703
Origen 1,2020-08-29 07:00:00,146.71562,151.11154,149.38031
Origen 1,2020-08-29 08:00:00,146.71562,152.26514,150.11629
Origen 1,2020-08-29 09:00:00,163.71562,154.26854,152.36427
Origen 1,2020-08-29 10:00:00,163.71562,155.58803,155.6396
Origen 1,2020-08-29 11:00:00,163.71562,162.16255,161.48782
Origen 1,2020-08-29 12:00:00,163.71562,163.24568,163.83983
Origen 1,2020-08-29 13:00:00,163.71562,163.53877,163.95285
Origen 1,2020-08-29 14:00:00,163.71562,163.72714,165.90999
Origen 1,2020-08-29 15:00:00,163.71562,163.58379,164.6319
Origen 1,2020-08-29 16:00:00,163.71562,162.67487,164.38017
Origen 1,2020-08-29 17:00:00,163.71562,161.8334,161.18417
Origen 1,2020-08-29 18:00:00,163.71562,163.875,165.27191
Origen 1,2020-08-29 19:00:00,163.71562,163.98701,166.54538
Origen 1,2020-08-29 20:00:00,163.71562,173.9794,173.36551
Origen 1,2020-08-29 21:00:00,163.71562,162.82239,164.73006
Origen 1,2020-08-29 22:00:00,146.71562,160.09982,159.12297
Origen 1,2020-08-29 23:00:00,146.71562,157.72704,157.38205
Origen 1,2020-08-30 00:00:00,154.39529,150.77124,154.02348
Origen 1,2020-08-30 01:00:00,154.39529,146.0751,141.99054
Origen 1,2020-08-30 02:00:00,154.39529,145.48549,140.32158
Origen 1,2020-08-30 03:00:00,146.39529,145.5135,140.37473
Origen 1,2020-08-30 04:00:00,146.39529,147.93553,141.84987
Origen 1,2020-08-30 05:00:00,147.39529,147.98802,142.80685
Origen 1,2020-08-30 06:00:00,147.39529,147.1153,144.74832
Origen 1,2020-08-30 07:00:00,147.39529,162.45772,153.2802
Origen 1,2020-08-30 08:00:00,147.39529,163.7077,154.3277
Origen 1,2020-08-30 09:00:00,147.39529,168.9141,164.83315
Origen 1,2020-08-30 10:00:00,147.39529,168.9459,166.1216
Origen 1,2020-08-30 11:00:00,154.39529,169.4638,166.86183
Origen 1,2020-08-30 12:00:00,154.39529,170.17746,168.3566
Origen 1,2020-08-30 13:00:00,154.39529,170.05676,167.52647
Origen 1,2020-08-30 14:00:00,154.39529,170.86168,165.48042
Origen 1,2020-08-30 15:00:00,154.39529,170.86168,165.33157
Origen 1,2020-08-30 16:00:00,154.39529,171.01509,165.33157
Origen 1,2020-08-30 17:00:00,147.39529,171.01509,165.37115
Origen 1,2020-08-30 18:00:00,154.39529,171.39127,168.55492
Origen 1,2020-08-30 19:00:00,154.39529,171.8184,169.00908
Origen 1,2020-08-30 20:00:00,154.39529,172.11656,170.99773
Origen 1,2020-08-30 21:00:00,154.39529,174.71791,170.91971
Origen 1,2020-08-30 22:00:00,147.39529,170.89151,154.5341
Origen 1,2020-08-30 23:00:00,147.39529,163.89766,152.0756
Origen 1,2020-08-31 00:00:00,82.43914,145.54453,145.6304
Origen 1,2020-08-31 01:00:00,82.43914,141.6385,145.52087
Origen 1,2020-08-31 02:00:00,82.43914,154.92662,152.81459
Origen 1,2020-08-31 03:00:00,82.43914,152.15504,143.76454
Origen 1,2020-08-31 04:00:00,82.43914,155.58759,146.54218
Origen 1,2020-08-31 05:00:00,82.43914,158.20926,148.18723
Origen 1,2020-08-31 06:00:00,82.43914,158.75905,149.28062
Origen 1,2020-08-31 07:00:00,144.98114,171.69113,164.17197
Origen 1,2020-08-31 08:00:00,146.48214,175.07635,168.97523
Origen 1,2020-08-31 09:00:00,161.98214,175.01726,169.29726
Origen 1,2020-08-31 10:00:00,161.98214,178.68672,170.27835
Origen 1,2020-08-31 11:00:00,161.98214,180.54138,175.68994
Origen 1,2020-08-31 12:00:00,161.98214,180.54138,176.69846
Origen 1,2020-08-31 13:00:00,161.98214,180.73769,176.92871
Origen 1,2020-08-31 14:00:00,161.98214,181.21887,177.67914
Origen 1,2020-08-31 15:00:00,161.98214,181.26149,177.3212
Origen 1,2020-08-31 16:00:00,161.98214,180.83838,176.99275
Origen 1,2020-08-31 17:00:00,161.98214,180.10846,172.07372
Origen 1,2020-08-31 18:00:00,161.98214,182.55617,177.88606
Origen 1,2020-08-31 19:00:00,161.98214,184.7472,178.87947
Origen 1,2020-08-31 20:00:00,161.98214,182.55522,177.97583
Origen 1,2020-08-31 21:00:00,161.98214,182.44165,175.92274
Origen 1,2020-08-31 22:00:00,146.48214,180.17683,171.64757
Origen 1,2020-08-31 23:00:00,130.96214,174.04291,165.87938
Origen 1,2020-09-01 00:00:00,144.55633,122.501945,111.18499
Origen 1,2020-09-01 01:00:00,144.55633,120.04665,109.86969
Origen 1,2020-09-01 02:00:00,144.55633,119.92216,109.17776
Origen 1,2020-09-01 03:00:00,144.55633,119.669785,108.76742
Origen 1,2020-09-01 04:00:00,144.55633,119.1746,109.18891
Origen 1,2020-09-01 05:00:00,144.55633,120.05655,109.39173
Origen 1,2020-09-01 06:00:00,146.55633,121.02945,109.475174
Origen 1,2020-09-01 07:00:00,165.55633,163.36725,154.49962
Origen 1,2020-09-01 08:00:00,165.55633,172.75378,166.6364
Origen 1,2020-09-01 09:00:00,165.55633,180.28802,180.47098
Origen 1,2020-09-01 10:00:00,165.55633,181.44084,183.98264
Origen 1,2020-09-01 11:00:00,165.55633,184.41573,185.79239
Origen 1,2020-09-01 12:00:00,165.55633,185.12056,186.13388
Origen 1,2020-09-01 13:00:00,185.55633,184.7449,186.15277
Origen 1,2020-09-01 14:00:00,185.55633,184.42708,186.43463
Origen 1,2020-09-01 15:00:00,185.55633,186.8336,185.14803
Origen 1,2020-09-01 16:00:00,165.55633,184.55269,188.6571
Origen 1,2020-09-01 17:00:00,165.55633,184.07758,188.5178
Origen 1,2020-09-01 18:00:00,185.55633,188.7992,189.89067
Origen 1,2020-09-01 19:00:00,185.55633,187.97716,189.58116
Origen 1,2020-09-01 20:00:00,165.55633,186.2785,189.10042
Origen 1,2020-09-01 21:00:00,165.55633,181.94073,185.08685
Origen 1,2020-09-01 22:00:00,165.55633,175.36168,170.0244
Origen 1,2020-09-01 23:00:00,165.55633,155.7462,156.76472
Origen 1,2020-09-02 00:00:00,159.5479,147.38437,145.05208
Origen 1,2020-09-02 01:00:00,159.5479,146.03833,144.27238
Origen 1,2020-09-02 02:00:00,159.5479,146.40652,144.25099
Origen 1,2020-09-02 03:00:00,159.5479,146.01584,144.62766
Origen 1,2020-09-02 04:00:00,159.5479,156.83127,147.82849
Origen 1,2020-09-02 05:00:00,159.5479,147.11229,144.56154
Origen 1,2020-09-02 06:00:00,159.5479,160.97847,150.20915
Origen 1,2020-09-02 07:00:00,168.5479,164.05663,164.8624
Origen 1,2020-09-02 08:00:00,179.4479,162.84677,165.11769
Origen 1,2020-09-02 09:00:00,178.5479,163.67485,167.21172
Origen 1,2020-09-02 10:00:00,179.4479,164.29813,170.09723
Origen 1,2020-09-02 11:00:00,179.4479,166.58984,172.86116
Origen 1,2020-09-02 12:00:00,179.4479,168.10037,174.79565
Origen 1,2020-09-02 13:00:00,179.4479,173.02626,174.41899
Origen 1,2020-09-02 14:00:00,179.4479,170.47676,173.1873
Origen 1,2020-09-02 15:00:00,179.4479,169.77115,170.61679
Origen 1,2020-09-02 16:00:00,179.4479,166.99817,169.28233
Origen 1,2020-09-02 17:00:00,178.5479,166.30896,167.09598
Origen 1,2020-09-02 18:00:00,179.4479,179.42049,178.99347
Origen 1,2020-09-02 19:00:00,179.4479,181.97708,181.71973
Origen 1,2020-09-02 20:00:00,179.4479,176.75931,178.9561
Origen 1,2020-09-02 21:00:00,178.5479,173.74371,175.71858
Origen 1,2020-09-02 22:00:00,168.5479,172.37782,173.81497
Origen 1,2020-09-02 23:00:00,159.5479,164.516,164.54391
Origen 1,2020-09-03 00:00:00,164.58331,150.1891,148.73665
Origen 1,2020-09-03 01:00:00,164.58331,157.96645,150.72144
Origen 1,2020-09-03 02:00:00,164.58331,157.86299,150.64491
Origen 1,2020-09-03 03:00:00,164.58331,148.75246,147.87685
Origen 1,2020-09-03 04:00:00,164.58331,149.54231,151.17915
Origen 1,2020-09-03 05:00:00,164.58331,160.00175,154.27133
Origen 1,2020-09-03 06:00:00,164.58331,161.27412,161.19994
Origen 1,2020-09-03 07:00:00,164.58331,174.22249,178.22527
Origen 1,2020-09-03 08:00:00,164.58331,178.9526,182.44139
Origen 1,2020-09-03 09:00:00,164.58331,181.72743,183.34094
Origen 1,2020-09-03 10:00:00,179.52331,182.14584,183.45297
Origen 1,2020-09-03 11:00:00,179.52331,183.05067,183.49338
Origen 1,2020-09-03 12:00:00,179.52331,183.37926,184.9711
Origen 1,2020-09-03 13:00:00,179.52331,183.51491,185.41713
Origen 1,2020-09-03 14:00:00,179.52331,184.20805,185.48018
Origen 1,2020-09-03 15:00:00,179.52331,184.20805,184.11295
Origen 1,2020-09-03 16:00:00,179.52331,184.20805,183.91597
Origen 1,2020-09-03 17:00:00,167.58331,184.20805,183.3802
Origen 1,2020-09-03 18:00:00,179.52331,184.87964,185.85316
Origen 1,2020-09-03 19:00:00,179.52331,185.9804,186.31476
Origen 1,2020-09-03 20:00:00,179.52331,183.31734,185.8663
Origen 1,2020-09-03 21:00:00,167.58331,182.61147,183.35172
Origen 1,2020-09-03 22:00:00,167.58331,179.66386,181.69312
Origen 1,2020-09-03 23:00:00,167.58331,166.61018,170.012
Origen 1,2020-09-04 00:00:00,162.52936,159.24336,155.41748
Origen 1,2020-09-04 01:00:00,162.52936,160.55762,159.48706
Origen 1,2020-09-04 02:00:00,162.52936,152.09012,152.22812
Origen 1,2020-09-04 03:00:00,162.52936,152.08737,151.14311
Origen 1,2020-09-04 04:00:00,162.52936,152.08737,151.31242
Origen 1,2020-09-04 05:00:00,162.52936,160.28278,158.15788
Origen 1,2020-09-04 06:00:00,162.52936,161.68715,160.10732
Origen 1,2020-09-04 07:00:00,166.02936,171.91052,169.28749
Origen 1,2020-09-04 08:00:00,166.02936,175.13205,170.56277
Origen 1,2020-09-04 09:00:00,166.52936,175.2763,170.99902
Origen 1,2020-09-04 10:00:00,166.52936,177.82585,176.23692
Origen 1,2020-09-04 11:00:00,167.52936,179.87003,176.71649
Origen 1,2020-09-04 12:00:00,167.52936,179.87003,175.16612
Origen 1,2020-09-04 13:00:00,177.52936,179.59465,175.39638
Origen 1,2020-09-04 14:00:00,167.52936,177.54787,170.87766
Origen 1,2020-09-04 15:00:00,167.52936,176.89835,170.68172
Origen 1,2020-09-04 16:00:00,166.52936,176.75685,169.33757
Origen 1,2020-09-04 17:00:00,166.02936,176.313,167.31868
Origen 1,2020-09-04 18:00:00,167.52936,177.65372,169.94789
Origen 1,2020-09-04 19:00:00,167.52936,178.13469,170.1609
Origen 1,2020-09-04 20:00:00,167.52936,177.28705,169.41202
Origen 1,2020-09-04 21:00:00,166.52936,175.30281,167.53519
Origen 1,2020-09-04 22:00:00,166.02936,172.90741,163.54137
Origen 1,2020-09-04 23:00:00,162.52936,166.44128,158.69002
Origen 1,2020-09-05 00:00:00,165.34032,156.03596,147.46252
Origen 1,2020-09-05 01:00:00,165.34032,153.95549,143.74336
Origen 1,2020-09-05 02:00:00,165.34032,153.44897,142.94917
Origen 1,2020-09-05 03:00:00,165.34032,153.4462,142.94917
Origen 1,2020-09-05 04:00:00,165.34032,153.4462,143.09766
Origen 1,2020-09-05 05:00:00,165.34032,154.64357,143.7306
Origen 1,2020-09-05 06:00:00,165.34032,155.40251,145.92465
Origen 1,2020-09-05 07:00:00,165.34032,165.03754,157.28856
Origen 1,2020-09-05 08:00:00,165.34032,165.7279,157.75366
Origen 1,2020-09-05 09:00:00,166.84032,167.39313,159.65941
Origen 1,2020-09-05 10:00:00,166.84032,167.71312,160.71198
Origen 1,2020-09-05 11:00:00,166.84032,170.4709,161.56662
Origen 1,2020-09-05 12:00:00,166.84032,170.30109,161.77393
Origen 1,2020-09-05 13:00:00,166.84032,170.87993,162.35217
Origen 1,2020-09-05 14:00:00,166.84032,170.93445,162.46626
Origen 1,2020-09-05 15:00:00,166.84032,170.56586,161.89691
Origen 1,2020-09-05 16:00:00,166.84032,168.9604,161.51709
Origen 1,2020-09-05 17:00:00,166.84032,168.91658,160.94556
Origen 1,2020-09-05 18:00:00,172.34032,171.82283,162.47974
Origen 1,2020-09-05 19:00:00,210.34032,172.1068,162.63538
Origen 1,2020-09-05 20:00:00,172.34032,171.21957,161.93336
Origen 1,2020-09-05 21:00:00,166.84032,168.82608,161.34834
Origen 1,2020-09-05 22:00:00,166.84032,166.78944,158.2906
Origen 1,2020-09-05 23:00:00,165.34032,156.0952,145.68326
Origen 1,2020-09-06 00:00:00,163.73032,146.42673,138.22327
Origen 1,2020-09-06 01:00:00,163.73032,142.6089,133.33174
Origen 1,2020-09-06 02:00:00,163.73032,140.43048,123.80503
Origen 1,2020-09-06 03:00:00,163.73032,140.12154,123.68442
Origen 1,2020-09-06 04:00:00,163.73032,140.12154,125.888336
Origen 1,2020-09-06 05:00:00,163.73032,140.92561,132.74855
Origen 1,2020-09-06 06:00:00,114.73032,142.63713,136.66269
Origen 1,2020-09-06 07:00:00,163.73032,159.23874,151.48996
Origen 1,2020-09-06 08:00:00,163.73032,162.03401,152.94063
Origen 1,2020-09-06 09:00:00,163.73032,164.86285,156.38568
Origen 1,2020-09-06 10:00:00,163.73032,164.50964,157.18127
Origen 1,2020-09-06 11:00:00,163.73032,166.86897,157.96532
Origen 1,2020-09-06 12:00:00,165.03032,166.41644,158.31015
Origen 1,2020-09-06 13:00:00,165.03032,165.84079,160.03084
Origen 1,2020-09-06 14:00:00,165.03032,167.41995,159.7879
Origen 1,2020-09-06 15:00:00,165.03032,167.41995,158.32661
Origen 1,2020-09-06 16:00:00,163.73032,167.41995,158.32661
Origen 1,2020-09-06 17:00:00,163.73032,167.10945,158.24382
Origen 1,2020-09-06 18:00:00,165.03032,168.32224,160.38118
Origen 1,2020-09-06 19:00:00,165.23032,189.43036,181.8238
Origen 1,2020-09-06 20:00:00,165.03032,168.77383,161.59735
Origen 1,2020-09-06 21:00:00,165.03032,168.1658,160.08815
Origen 1,2020-09-06 22:00:00,165.03032,167.88289,159.3611
Origen 1,2020-09-06 23:00:00,163.73032,160.80188,153.86156
Origen 1,2020-09-07 00:00:00,154.7674,143.5812,139.69304
Origen 1,2020-09-07 01:00:00,154.7674,141.47171,139.96834
Origen 1,2020-09-07 02:00:00,154.7674,139.76938,140.14238
Origen 1,2020-09-07 03:00:00,154.7674,139.68512,139.70969
Origen 1,2020-09-07 04:00:00,154.7674,140.67525,140.62114
Origen 1,2020-09-07 05:00:00,154.7674,142.70535,142.04785
Origen 1,2020-09-07 06:00:00,163.7674,117.25565,115.790596
Origen 1,2020-09-07 07:00:00,166.7674,166.30008,163.59299
Origen 1,2020-09-07 08:00:00,166.7674,168.68437,167.35747
Origen 1,2020-09-07 09:00:00,167.2674,172.5005,170.7198
Origen 1,2020-09-07 10:00:00,167.2674,174.93825,172.60713
Origen 1,2020-09-07 11:00:00,169.7674,176.12813,173.36511
Origen 1,2020-09-07 12:00:00,170.5674,177.48836,173.91754
Origen 1,2020-09-07 13:00:00,170.5674,177.63246,174.8531
Origen 1,2020-09-07 14:00:00,170.5674,177.8429,175.73618
Origen 1,2020-09-07 15:00:00,170.5674,177.05539,174.98688
Origen 1,2020-09-07 16:00:00,169.7674,176.85095,175.03236
Origen 1,2020-09-07 17:00:00,166.7674,176.75072,175.4295
Origen 1,2020-09-07 18:00:00,169.7674,179.39986,176.2259
Origen 1,2020-09-07 19:00:00,170.5674,179.69301,175.97836
Origen 1,2020-09-07 20:00:00,169.7674,177.07036,173.58165
Origen 1,2020-09-07 21:00:00,167.2674,175.34796,172.40018
Origen 1,2020-09-07 22:00:00,166.7674,173.59407,170.40092
Origen 1,2020-09-07 23:00:00,163.7674,161.70374,158.04218
Origen 1,2020-09-08 00:00:00,155.77375,148.2184,148.9774
Origen 1,2020-09-08 01:00:00,155.77375,143.9315,145.63783
Origen 1,2020-09-08 02:00:00,155.77375,143.38472,143.31316
Origen 1,2020-09-08 03:00:00,155.77375,143.17128,142.10095
Origen 1,2020-09-08 04:00:00,155.77375,143.33282,142.24672
Origen 1,2020-09-08 05:00:00,155.77375,145.88722,141.72984
Origen 1,2020-09-08 06:00:00,155.77375,149.47856,144.70651
Origen 1,2020-09-08 07:00:00,161.77375,159.47528,160.26382
Origen 1,2020-09-08 08:00:00,169.77375,163.04054,166.55434
Origen 1,2020-09-08 09:00:00,169.77375,166.79874,168.09245
Origen 1,2020-09-08 10:00:00,169.77375,169.23584,170.86583
Origen 1,2020-09-08 11:00:00,169.77375,171.87462,172.35703
Origen 1,2020-09-08 12:00:00,169.77375,171.90633,172.46432
Origen 1,2020-09-08 13:00:00,169.77375,171.78827,172.98384
Origen 1,2020-09-08 14:00:00,169.77375,172.74208,173.27097
Origen 1,2020-09-08 15:00:00,169.77375,172.26247,173.03096
Origen 1,2020-09-08 16:00:00,169.77375,167.80197,170.54431
Origen 1,2020-09-08 17:00:00,169.77375,169.29381,168.5485
Origen 1,2020-09-08 18:00:00,169.77375,171.71446,171.47997
Origen 1,2020-09-08 19:00:00,169.77375,171.10661,168.78204
Origen 1,2020-09-08 20:00:00,169.77375,169.58563,167.81805
Origen 1,2020-09-08 21:00:00,169.77375,167.07216,165.52043
Origen 1,2020-09-08 22:00:00,160.27375,162.49438,163.05867
Origen 1,2020-09-08 23:00:00,155.77375,153.17192,153.5319
Origen 1,2020-09-09 00:00:00,112.98391,143.96553,138.2696
Origen 1,2020-09-09 01:00:00,93.89891,141.71782,136.0162
Origen 1,2020-09-09 02:00:00,93.89891,139.4063,134.93327
Origen 1,2020-09-09 03:00:00,93.89891,139.32224,134.93327
Origen 1,2020-09-09 04:00:00,93.89891,139.63176,135.16342
Origen 1,2020-09-09 05:00:00,112.98391,141.55235,131.58963
Origen 1,2020-09-09 06:00:00,155.88391,145.2149,134.25943
Origen 1,2020-09-09 07:00:00,155.98391,149.45967,140.00473
Origen 1,2020-09-09 08:00:00,155.98391,153.13905,146.64983
Origen 1,2020-09-09 09:00:00,155.98391,154.1989,150.39076
Origen 1,2020-09-09 10:00:00,162.18391,154.57576,152.25977
Origen 1,2020-09-09 11:00:00,162.18391,161.25652,161.39883
Origen 1,2020-09-09 12:00:00,162.18391,164.56787,163.93932
Origen 1,2020-09-09 13:00:00,162.18391,164.19797,164.25397
Origen 1,2020-09-09 14:00:00,162.18391,162.93896,162.92336
Origen 1,2020-09-09 15:00:00,162.18391,157.52281,157.10664
Origen 1,2020-09-09 16:00:00,162.18391,156.14911,154.37686
Origen 1,2020-09-09 17:00:00,155.98391,155.72192,153.67677
Origen 1,2020-09-09 18:00:00,162.18391,168.48557,168.84201
Origen 1,2020-09-09 19:00:00,162.18391,171.02405,169.62648
Origen 1,2020-09-09 20:00:00,162.18391,169.71928,166.38193
Origen 1,2020-09-09 21:00:00,155.98391,164.97783,164.29329
Origen 1,2020-09-09 22:00:00,155.98391,160.6492,159.0406
Origen 1,2020-09-09 23:00:00,155.98391,148.25655,144.97034
Origen 1,2020-09-10 00:00:00,121.63239,123.84122,125.12781
Origen 1,2020-09-10 01:00:00,121.63239,106.55792,106.54655
Origen 1,2020-09-10 02:00:00,130.63239,105.77827,106.377754
Origen 1,2020-09-10 03:00:00,121.63239,105.41587,106.63891
Origen 1,2020-09-10 04:00:00,121.63239,105.111244,106.77282
Origen 1,2020-09-10 05:00:00,130.63239,119.88916,123.6287
Origen 1,2020-09-10 06:00:00,130.63239,141.8504,142.99736
Origen 1,2020-09-10 07:00:00,148.94739,154.22124,156.50937
Origen 1,2020-09-10 08:00:00,151.63239,156.1127,159.04279
Origen 1,2020-09-10 09:00:00,151.63239,159.48593,160.82182
Origen 1,2020-09-10 10:00:00,151.63239,160.39447,164.12494
Origen 1,2020-09-10 11:00:00,162.13239,162.3435,165.67906
Origen 1,2020-09-10 12:00:00,162.13239,162.36977,165.6492
Origen 1,2020-09-10 13:00:00,162.13239,162.60576,166.10457
Origen 1,2020-09-10 14:00:00,162.13239,163.40674,166.75699
Origen 1,2020-09-10 15:00:00,162.13239,163.88962,166.85823
Origen 1,2020-09-10 16:00:00,162.13239,162.74608,165.87416
Origen 1,2020-09-10 17:00:00,151.63239,162.70287,163.30034
Origen 1,2020-09-10 18:00:00,162.13239,164.83119,167.31874
Origen 1,2020-09-10 19:00:00,162.13239,164.83119,167.35857
Origen 1,2020-09-10 20:00:00,162.13239,163.54955,166.78131
Origen 1,2020-09-10 21:00:00,151.63239,161.01733,162.19958
Origen 1,2020-09-10 22:00:00,151.63239,157.6317,160.57593
Origen 1,2020-09-10 23:00:00,130.63239,150.27106,157.87195
Origen 1,2020-09-11 00:00:00,136.87855,121.38987,127.40149
Origen 1,2020-09-11 01:00:00,138.37855,120.0368,127.05266
Origen 1,2020-09-11 02:00:00,133.89855,130.04391,141.27232
Origen 1,2020-09-11 03:00:00,133.89855,118.35582,126.98506
Origen 1,2020-09-11 04:00:00,133.89855,118.67964,127.1295
Origen 1,2020-09-11 05:00:00,138.37855,130.48967,141.39975
Origen 1,2020-09-11 06:00:00,149.99855,132.86153,142.85112
Origen 1,2020-09-11 07:00:00,149.99855,149.47153,152.25374
Origen 1,2020-09-11 08:00:00,151.89855,151.30103,153.83183
Origen 1,2020-09-11 09:00:00,151.89855,153.98802,154.95425
Origen 1,2020-09-11 10:00:00,151.89855,155.50244,156.46138
Origen 1,2020-09-11 11:00:00,151.89855,160.2623,163.24832
Origen 1,2020-09-11 12:00:00,151.89855,160.2623,163.34995
Origen 1,2020-09-11 13:00:00,166.89855,160.29369,163.22537
Origen 1,2020-09-11 14:00:00,164.89855,160.93398,163.58777
Origen 1,2020-09-11 15:00:00,164.89855,162.17514,164.30235
Origen 1,2020-09-11 16:00:00,151.89855,160.78287,164.0301
Origen 1,2020-09-11 17:00:00,151.89855,160.85127,159.58694
Origen 1,2020-09-11 18:00:00,151.89855,166.08833,167.17984
Origen 1,2020-09-11 19:00:00,151.89855,166.63013,168.28027
Origen 1,2020-09-11 20:00:00,151.89855,166.89285,168.0498
Origen 1,2020-09-11 21:00:00,151.89855,162.31023,162.38997
Origen 1,2020-09-11 22:00:00,150.89855,158.56847,159.31111
Origen 1,2020-09-11 23:00:00,149.99855,144.72879,155.86537
Origen 1,2020-09-12 00:00:00,140.80655,141.84877,148.82228
Origen 1,2020-09-12 01:00:00,140.80655,140.8563,147.29163
Origen 1,2020-09-12 02:00:00,140.80655,139.58383,147.1097
Origen 1,2020-09-12 03:00:00,140.80655,137.99835,145.53384
Origen 1,2020-09-12 04:00:00,140.80655,138.74704,144.52673
Origen 1,2020-09-12 05:00:00,140.80655,137.80412,142.5634
Origen 1,2020-09-12 06:00:00,140.80655,143.41289,144.54114
Origen 1,2020-09-12 07:00:00,142.80655,153.58813,150.26604
Origen 1,2020-09-12 08:00:00,160.80655,154.7059,151.10591
Origen 1,2020-09-12 09:00:00,160.80655,156.82791,152.03949
Origen 1,2020-09-12 10:00:00,160.80655,158.57224,153.20195
Origen 1,2020-09-12 11:00:00,163.80655,159.48038,153.19632
Origen 1,2020-09-12 12:00:00,163.80655,159.48038,153.29166
Origen 1,2020-09-12 13:00:00,163.80655,164.33253,162.34683
Origen 1,2020-09-12 14:00:00,165.80655,162.05418,159.1452
Origen 1,2020-09-12 15:00:00,160.80655,161.76843,158.96532
Origen 1,2020-09-12 16:00:00,160.80655,158.63002,153.34702
Origen 1,2020-09-12 17:00:00,160.80655,157.75027,152.46217
Origen 1,2020-09-12 18:00:00,163.80655,160.14687,153.64058
Origen 1,2020-09-12 19:00:00,164.80655,170.34772,158.9319
Origen 1,2020-09-12 20:00:00,163.80655,160.2811,153.23584
Origen 1,2020-09-12 21:00:00,160.80655,158.74875,152.90643
Origen 1,2020-09-12 22:00:00,160.80655,155.6837,150.9218
Origen 1,2020-09-12 23:00:00,140.80655,152.11897,149.30148
Origen 1,2020-09-13 00:00:00,135.21315,139.78606,143.56664
Origen 1,2020-09-13 01:00:00,136.73315,136.55156,142.17436
Origen 1,2020-09-13 02:00:00,136.73315,135.26884,140.9465
Origen 1,2020-09-13 03:00:00,136.71315,134.98154,140.81424
Origen 1,2020-09-13 04:00:00,136.71315,134.98154,140.31128
Origen 1,2020-09-13 05:00:00,136.71315,135.09732,140.52489
Origen 1,2020-09-13 06:00:00,130.73315,128.85281,131.77243
Origen 1,2020-09-13 07:00:00,135.21315,147.2116,149.95831
Origen 1,2020-09-13 08:00:00,136.73315,159.46898,156.53302
Origen 1,2020-09-13 09:00:00,136.73315,159.90138,156.4117
Origen 1,2020-09-13 10:00:00,139.23315,160.11464,157.40628
Origen 1,2020-09-13 11:00:00,139.23315,161.19887,158.12193
Origen 1,2020-09-13 12:00:00,139.23315,161.14139,158.22035
Origen 1,2020-09-13 13:00:00,139.23315,160.8113,157.91035
Origen 1,2020-09-13 14:00:00,139.23315,162.21848,161.05005
Origen 1,2020-09-13 15:00:00,139.23315,161.76944,157.3406
Origen 1,2020-09-13 16:00:00,139.23315,161.76944,157.50456
Origen 1,2020-09-13 17:00:00,139.23315,161.84065,157.50456
Origen 1,2020-09-13 18:00:00,160.23315,163.47572,159.34514
Origen 1,2020-09-13 19:00:00,160.23315,164.89603,159.52615
Origen 1,2020-09-13 20:00:00,160.23315,163.43822,158.86658
Origen 1,2020-09-13 21:00:00,160.23315,162.69875,157.39165
Origen 1,2020-09-13 22:00:00,145.23315,162.63661,157.77623
Origen 1,2020-09-13 23:00:00,139.23315,150.57346,150.33105
Origen 1,2020-09-14 00:00:00,95.07923,147.51009,144.65291
Origen 1,2020-09-14 01:00:00,95.08023,141.24907,144.46037
Origen 1,2020-09-14 02:00:00,95.07923,139.99532,144.53935
Origen 1,2020-09-14 03:00:00,95.07923,140.51865,145.98471
Origen 1,2020-09-14 04:00:00,95.08023,141.15224,146.54475
Origen 1,2020-09-14 05:00:00,133.66623,142.90883,147.46724
Origen 1,2020-09-14 06:00:00,133.66623,145.00117,150.571
Origen 1,2020-09-14 07:00:00,140.64623,155.57527,161.74808
Origen 1,2020-09-14 08:00:00,149.06623,161.05988,165.56322
Origen 1,2020-09-14 09:00:00,149.06623,166.38669,168.29567
Origen 1,2020-09-14 10:00:00,149.06623,168.57944,169.18752
Origen 1,2020-09-14 11:00:00,159.16623,171.853,171.13582
Origen 1,2020-09-14 12:00:00,159.16623,171.853,171.13582
Origen 1,2020-09-14 13:00:00,159.16623,171.94633,171.8684
Origen 1,2020-09-14 14:00:00,159.16623,170.79546,172.0542
Origen 1,2020-09-14 15:00:00,159.16623,170.58954,171.94322
Origen 1,2020-09-14 16:00:00,159.16623,169.52046,172.01482
Origen 1,2020-09-14 17:00:00,149.06623,169.78508,172.01227
Origen 1,2020-09-14 18:00:00,159.16623,186.45242,184.92506
Origen 1,2020-09-14 19:00:00,159.16623,186.45242,184.55612
Origen 1,2020-09-14 20:00:00,159.16623,187.09819,184.04492
Origen 1,2020-09-14 21:00:00,159.16623,185.1664,183.12497
Origen 1,2020-09-14 22:00:00,149.06623,176.57936,171.12422
Origen 1,2020-09-14 23:00:00,149.06623,163.6682,165.62978
Origen 1,2020-09-15 00:00:00,140.75193,120.281525,116.62828
Origen 1,2020-09-15 01:00:00,145.27193,116.88544,114.67288
Origen 1,2020-09-15 02:00:00,145.27193,116.74723,114.420265
Origen 1,2020-09-15 03:00:00,145.27193,117.044556,114.26166
Origen 1,2020-09-15 04:00:00,145.27193,117.42513,114.70443
Origen 1,2020-09-15 05:00:00,149.77193,149.23073,152.64957
Origen 1,2020-09-15 06:00:00,149.77193,151.78612,153.16045
Origen 1,2020-09-15 07:00:00,161.77193,160.70552,164.30276
Origen 1,2020-09-15 08:00:00,161.77193,172.72043,168.30835
Origen 1,2020-09-15 09:00:00,162.77193,175.88641,170.31554
Origen 1,2020-09-15 10:00:00,162.77193,180.53526,172.40897
Origen 1,2020-09-15 11:00:00,174.77193,187.0974,184.5475
Origen 1,2020-09-15 12:00:00,174.77193,187.26816,184.5475
Origen 1,2020-09-15 13:00:00,174.77193,187.66414,184.49365
Origen 1,2020-09-15 14:00:00,174.77193,187.84706,185.05878
Origen 1,2020-09-15 15:00:00,174.77193,186.95773,184.2358
Origen 1,2020-09-15 16:00:00,162.77193,184.42953,182.71973
Origen 1,2020-09-15 17:00:00,161.77193,180.87529,170.96161
Origen 1,2020-09-15 18:00:00,174.77193,186.70767,180.41823
Origen 1,2020-09-15 19:00:00,174.77193,186.70767,180.14047
Origen 1,2020-09-15 20:00:00,174.77193,185.32433,179.72446
Origen 1,2020-09-15 21:00:00,162.77193,183.21877,178.09909
Origen 1,2020-09-15 22:00:00,161.77193,175.73836,164.42094
Origen 1,2020-09-15 23:00:00,149.77193,168.91304,162.38896
Origen 1,2020-09-16 00:00:00,153.67676,143.44366,143.68628
Origen 1,2020-09-16 01:00:00,153.67676,148.82823,142.82951
Origen 1,2020-09-16 02:00:00,153.67676,150.3932,142.50226
Origen 1,2020-09-16 03:00:00,153.67676,150.48633,142.50226
Origen 1,2020-09-16 04:00:00,153.67676,151.09741,142.31163
Origen 1,2020-09-16 05:00:00,153.67676,155.53781,142.85602
Origen 1,2020-09-16 06:00:00,156.17676,167.41365,154.07094
Origen 1,2020-09-16 07:00:00,161.67676,173.77753,163.88618
Origen 1,2020-09-16 08:00:00,163.67676,174.29819,165.79184
Origen 1,2020-09-16 09:00:00,156.27676,175.03612,168.40044
Origen 1,2020-09-16 10:00:00,160.67676,178.16374,173.77611
Origen 1,2020-09-16 11:00:00,163.67676,188.33777,183.71672
Origen 1,2020-09-16 12:00:00,163.67676,188.33777,184.16687
Origen 1,2020-09-16 13:00:00,163.67676,187.73369,183.63896
Origen 1,2020-09-16 14:00:00,163.67676,186.11063,178.6241
Origen 1,2020-09-16 15:00:00,163.67676,183.326,177.30904
Origen 1,2020-09-16 16:00:00,163.67676,178.80647,170.50943
Origen 1,2020-09-16 17:00:00,160.67676,179.12529,168.84436
Origen 1,2020-09-16 18:00:00,163.67676,192.71736,184.96924
Origen 1,2020-09-16 19:00:00,163.67676,194.64682,185.27731
Origen 1,2020-09-16 20:00:00,163.67676,193.15657,184.6997
Origen 1,2020-09-16 21:00:00,160.67676,186.56696,177.01842
Origen 1,2020-09-16 22:00:00,156.27676,184.60138,173.00374
Origen 1,2020-09-16 23:00:00,156.27676,170.77649,154.34755
Origen 1,2020-09-17 00:00:00,87.52583,155.89265,147.6297
Origen 1,2020-09-17 01:00:00,87.52583,156.04623,146.20074
Origen 1,2020-09-17 02:00:00,87.52583,164.12204,146.01903
Origen 1,2020-09-17 03:00:00,87.52583,155.01973,147.20119
Origen 1,2020-09-17 04:00:00,87.52583,156.07689,148.3756
Origen 1,2020-09-17 05:00:00,87.52583,166.99188,149.16861
Origen 1,2020-09-17 06:00:00,92.44683,172.6567,154.31915
Origen 1,2020-09-17 07:00:00,138.01383,187.0915,175.59856
Origen 1,2020-09-17 08:00:00,154.53383,189.86307,177.86986
Origen 1,2020-09-17 09:00:00,150.10283,190.63925,177.00534
Origen 1,2020-09-17 10:00:00,163.53383,191.43996,180.55956
Origen 1,2020-09-17 11:00:00,171.63383,193.32199,182.88342
Origen 1,2020-09-17 12:00:00,171.63383,193.38383,180.98141
Origen 1,2020-09-17 13:00:00,171.63383,193.08983,181.1354
Origen 1,2020-09-17 14:00:00,171.63383,191.47667,182.00163
Origen 1,2020-09-17 15:00:00,171.63383,191.04419,181.26822
Origen 1,2020-09-17 16:00:00,163.53383,190.51085,180.70538
Origen 1,2020-09-17 17:00:00,154.53383,190.12451,179.67131
Origen 1,2020-09-17 18:00:00,171.63383,192.91495,183.08499
Origen 1,2020-09-17 19:00:00,171.63383,192.91495,182.81906
Origen 1,2020-09-17 20:00:00,171.63383,191.66824,182.4801
Origen 1,2020-09-17 21:00:00,154.53383,189.00304,179.61761
Origen 1,2020-09-17 22:00:00,154.53383,187.994,175.69722
Origen 1,2020-09-17 23:00:00,92.44783,179.53601,163.17363
Origen 1,2020-09-18 00:00:00,160.60235,125.68836,112.23622
Origen 1,2020-09-18 01:00:00,160.60235,124.24478,110.67487
Origen 1,2020-09-18 02:00:00,160.60235,123.14653,109.13227
Origen 1,2020-09-18 03:00:00,160.60235,123.11283,109.20239
Origen 1,2020-09-18 04:00:00,160.60235,122.98264,108.87037
Origen 1,2020-09-18 05:00:00,153.10235,123.30201,109.56813
Origen 1,2020-09-18 06:00:00,153.10235,125.99813,116.93125
Origen 1,2020-09-18 07:00:00,160.60235,161.13516,157.20721
Origen 1,2020-09-18 08:00:00,162.60235,173.51546,163.36966
Origen 1,2020-09-18 09:00:00,162.60235,171.63873,159.75507
Origen 1,2020-09-18 10:00:00,162.60235,176.42737,166.3636
Origen 1,2020-09-18 11:00:00,167.71635,180.39105,170.07971
Origen 1,2020-09-18 12:00:00,167.71635,180.16454,170.05975
Origen 1,2020-09-18 13:00:00,167.71635,179.68813,170.39076
Origen 1,2020-09-18 14:00:00,167.71635,180.16927,170.43692
Origen 1,2020-09-18 15:00:00,167.71635,180.16927,170.32318
Origen 1,2020-09-18 16:00:00,162.60235,177.28256,165.3446
Origen 1,2020-09-18 17:00:00,162.60235,175.94463,162.77567
Origen 1,2020-09-18 18:00:00,167.71635,180.12132,168.94205
Origen 1,2020-09-18 19:00:00,167.71635,179.95076,169.09451
Origen 1,2020-09-18 20:00:00,167.71635,180.30798,168.8913
Origen 1,2020-09-18 21:00:00,162.60235,175.94405,161.43178
Origen 1,2020-09-18 22:00:00,162.60235,174.26875,158.7679
Origen 1,2020-09-18 23:00:00,160.60235,130.72128,120.25233
Origen 1,2020-09-19 00:00:00,118.92635,158.92606,145.86122
Origen 1,2020-09-19 01:00:00,118.92635,157.92714,144.41582
Origen 1,2020-09-19 02:00:00,118.92635,157.1659,144.3474
Origen 1,2020-09-19 03:00:00,118.92635,157.01393,143.98058
Origen 1,2020-09-19 04:00:00,118.92635,157.11826,144.13142
Origen 1,2020-09-19 05:00:00,142.40635,154.51436,139.32364
Origen 1,2020-09-19 06:00:00,142.40635,158.2494,140.96875
Origen 1,2020-09-19 07:00:00,158.92635,168.5411,153.49918
Origen 1,2020-09-19 08:00:00,166.04035,169.18057,155.13849
Origen 1,2020-09-19 09:00:00,166.04035,170.93527,156.32083
Origen 1,2020-09-19 10:00:00,185.92635,171.22388,157.12079
Origen 1,2020-09-19 11:00:00,185.92635,174.68642,161.84805
Origen 1,2020-09-19 12:00:00,185.92635,174.45934,161.9488
Origen 1,2020-09-19 13:00:00,185.92635,174.19135,162.27448
Origen 1,2020-09-19 14:00:00,166.04035,174.05093,162.64018
Origen 1,2020-09-19 15:00:00,166.04035,172.80644,161.18471
Origen 1,2020-09-19 16:00:00,166.04035,170.63208,157.23796
Origen 1,2020-09-19 17:00:00,166.04035,170.61922,157.1324
Origen 1,2020-09-19 18:00:00,185.92635,173.98032,162.58334
Origen 1,2020-09-19 19:00:00,185.92635,173.73792,162.82945
Origen 1,2020-09-19 20:00:00,185.92635,173.1674,162.62328
Origen 1,2020-09-19 21:00:00,166.04035,170.43684,156.81056
Origen 1,2020-09-19 22:00:00,166.04035,168.77803,155.52106
Origen 1,2020-09-19 23:00:00,158.92635,169.1238,152.44472
Origen 1,2020-09-20 00:00:00,96.50175,134.26045,120.85995
Origen 1,2020-09-20 01:00:00,96.50175,132.41286,119.098816
Origen 1,2020-09-20 02:00:00,96.50175,131.60062,119.02182
Origen 1,2020-09-20 03:00:00,96.50175,131.02643,119.10676
Origen 1,2020-09-20 04:00:00,96.50175,131.14977,119.02182
Origen 1,2020-09-20 05:00:00,96.50175,143.50066,134.37178
Origen 1,2020-09-20 06:00:00,96.50175,144.35806,132.66396
Origen 1,2020-09-20 07:00:00,96.50175,160.5325,150.06055
Origen 1,2020-09-20 08:00:00,137.98175,162.62973,154.23022
Origen 1,2020-09-20 09:00:00,140.50175,163.0379,154.11378
Origen 1,2020-09-20 10:00:00,154.50175,168.39497,156.09355
Origen 1,2020-09-20 11:00:00,154.50175,168.99901,156.83652
Origen 1,2020-09-20 12:00:00,154.50175,168.19948,156.22044
Origen 1,2020-09-20 13:00:00,154.50175,170.44691,155.98189
Origen 1,2020-09-20 14:00:00,154.50175,165.91838,154.99045
Origen 1,2020-09-20 15:00:00,154.50175,165.64084,154.85107
Origen 1,2020-09-20 16:00:00,143.11275,167.99205,154.9541
Origen 1,2020-09-20 17:00:00,154.50175,168.066,155.25688
Origen 1,2020-09-20 18:00:00,181.61575,171.56125,159.73503
Origen 1,2020-09-20 19:00:00,181.50175,173.13306,161.5157
Origen 1,2020-09-20 20:00:00,181.50175,172.6981,161.61824
Origen 1,2020-09-20 21:00:00,171.50175,170.99176,159.71272
Origen 1,2020-09-20 22:00:00,154.50175,170.92354,160.36702
Origen 1,2020-09-20 23:00:00,140.50175,166.32767,153.41006
Origen 1,2020-09-21 00:00:00,96.4685,109.31097,102.77045
Origen 1,2020-09-21 01:00:00,96.4685,107.491936,101.929306
Origen 1,2020-09-21 02:00:00,96.4685,107.04019,101.92498
Origen 1,2020-09-21 03:00:00,96.4685,107.031456,102.00745
Origen 1,2020-09-21 04:00:00,96.4685,107.3781,102.64756
Origen 1,2020-09-21 05:00:00,96.4685,121.02269,105.42924
Origen 1,2020-09-21 06:00:00,136.4685,121.61629,105.72308
Origen 1,2020-09-21 07:00:00,156.4685,131.69284,119.73652
Origen 1,2020-09-21 08:00:00,162.4685,161.3259,161.0979
Origen 1,2020-09-21 09:00:00,173.4685,165.62425,160.10876
Origen 1,2020-09-21 10:00:00,173.4685,177.66855,166.51321
Origen 1,2020-09-21 11:00:00,178.5825,180.55447,167.31308
Origen 1,2020-09-21 12:00:00,178.5825,180.4758,167.46706
Origen 1,2020-09-21 13:00:00,178.5825,180.42151,167.78558
Origen 1,2020-09-21 14:00:00,178.5825,179.2139,168.12787
Origen 1,2020-09-21 15:00:00,178.5825,179.2139,168.03363
Origen 1,2020-09-21 16:00:00,173.4685,167.8721,162.04753
Origen 1,2020-09-21 17:00:00,173.4685,178.35747,167.71207
Origen 1,2020-09-21 18:00:00,178.5825,184.95486,175.6798
Origen 1,2020-09-21 19:00:00,178.5825,184.98282,175.6798
Origen 1,2020-09-21 20:00:00,178.5825,182.91884,173.32617
Origen 1,2020-09-21 21:00:00,173.4685,181.11081,172.04976
Origen 1,2020-09-21 22:00:00,173.4685,173.82368,163.5338
Origen 1,2020-09-21 23:00:00,156.4685,158.40567,153.02927
Origen 1,2020-09-22 00:00:00,95.57063,118.36575,106.80485
Origen 1,2020-09-22 01:00:00,139.05063,116.71723,110.530785
Origen 1,2020-09-22 02:00:00,95.57063,116.86075,110.473564
Origen 1,2020-09-22 03:00:00,95.57063,117.015816,110.483635
Origen 1,2020-09-22 04:00:00,95.57063,117.29502,110.87432
Origen 1,2020-09-22 05:00:00,139.05063,118.66605,111.06587
Origen 1,2020-09-22 06:00:00,141.57063,147.4638,141.94093
Origen 1,2020-09-22 07:00:00,155.57063,164.22896,159.17708
Origen 1,2020-09-22 08:00:00,167.68463,169.71652,166.54227
Origen 1,2020-09-22 09:00:00,167.68463,176.29718,172.78229
Origen 1,2020-09-22 10:00:00,208.07063,180.17554,175.54472
Origen 1,2020-09-22 11:00:00,202.57063,182.15652,175.83327
Origen 1,2020-09-22 12:00:00,202.57063,182.15652,175.81741
Origen 1,2020-09-22 13:00:00,202.57063,182.24115,176.18509
Origen 1,2020-09-22 14:00:00,202.57063,182.30885,176.56017
Origen 1,2020-09-22 15:00:00,202.57063,181.0584,175.23471
Origen 1,2020-09-22 16:00:00,202.57063,177.31781,173.7268
Origen 1,2020-09-22 17:00:00,167.68463,177.33836,173.16177
Origen 1,2020-09-22 18:00:00,202.57063,178.56398,172.46736
Origen 1,2020-09-22 19:00:00,202.57063,178.56398,172.01654
Origen 1,2020-09-22 20:00:00,202.57063,177.09135,171.8193
Origen 1,2020-09-22 21:00:00,167.68463,173.79765,170.13315
Origen 1,2020-09-22 22:00:00,167.68463,170.65843,166.74141
Origen 1,2020-09-22 23:00:00,155.57063,155.4524,150.67221
Origen 1,2020-09-23 00:00:00,91.95781,117.646965,112.83197
Origen 1,2020-09-23 01:00:00,91.95881,141.99257,141.85716
Origen 1,2020-09-23 02:00:00,91.95781,114.836,110.84927
Origen 1,2020-09-23 03:00:00,91.95781,114.29523,110.84927
Origen 1,2020-09-23 04:00:00,91.95881,115.11171,110.912186
Origen 1,2020-09-23 05:00:00,91.95881,143.30276,140.81793
Origen 1,2020-09-23 06:00:00,142.65681,145.94586,142.62244
Origen 1,2020-09-23 07:00:00,154.04581,158.55954,149.58861
Origen 1,2020-09-23 08:00:00,142.65681,162.50685,156.7601
Origen 1,2020-09-23 09:00:00,166.15981,163.59229,157.31407
Origen 1,2020-09-23 10:00:00,166.15981,190.3799,182.72182
Origen 1,2020-09-23 11:00:00,166.15981,196.58522,187.34798
Origen 1,2020-09-23 12:00:00,166.15981,198.05893,188.35832
Origen 1,2020-09-23 13:00:00,166.15981,197.7961,188.45354
Origen 1,2020-09-23 14:00:00,176.04581,192.19511,182.85143
Origen 1,2020-09-23 15:00:00,166.15981,191.49303,182.1971
Origen 1,2020-09-23 16:00:00,166.15981,190.59052,180.91031
Origen 1,2020-09-23 17:00:00,166.15981,172.14365,161.7443
Origen 1,2020-09-23 18:00:00,176.04581,202.27477,191.18755
Origen 1,2020-09-23 19:00:00,176.04581,202.29599,191.56772
Origen 1,2020-09-23 20:00:00,176.04581,200.40028,190.58543
Origen 1,2020-09-23 21:00:00,166.15981,176.8565,169.12735
Origen 1,2020-09-23 22:00:00,154.04581,173.72342,164.48589
Origen 1,2020-09-23 23:00:00,147.04581,160.1642,148.2495
Origen 1,2020-09-24 00:00:00,91.27565,108.00258,101.5369
Origen 1,2020-09-24 01:00:00,96.19565,107.28716,100.08678
Origen 1,2020-09-24 02:00:00,96.19565,105.77398,99.66554
Origen 1,2020-09-24 03:00:00,96.19565,105.77206,99.66554
Origen 1,2020-09-24 04:00:00,96.19565,106.345856,99.76691
Origen 1,2020-09-24 05:00:00,96.19565,107.06505,100.19408
Origen 1,2020-09-24 06:00:00,96.19565,137.83153,134.69504
Origen 1,2020-09-24 07:00:00,131.28365,162.09746,154.05786
Origen 1,2020-09-24 08:00:00,158.28365,160.84053,156.47375
Origen 1,2020-09-24 09:00:00,158.28365,173.65948,167.38777
Origen 1,2020-09-24 10:00:00,170.28365,175.25334,169.22044
Origen 1,2020-09-24 11:00:00,170.28365,177.62764,170.13234
Origen 1,2020-09-24 12:00:00,170.28365,173.10258,169.39716
Origen 1,2020-09-24 13:00:00,170.28365,172.65456,169.61394
Origen 1,2020-09-24 14:00:00,170.28365,175.37396,170.37924
Origen 1,2020-09-24 15:00:00,170.28365,172.88902,170.15092
Origen 1,2020-09-24 16:00:00,170.28365,171.4139,169.70973
Origen 1,2020-09-24 17:00:00,170.28365,171.09427,168.53595
Origen 1,2020-09-24 18:00:00,170.28365,176.0178,170.23816
Origen 1,2020-09-24 19:00:00,170.28365,175.86026,170.4184
Origen 1,2020-09-24 20:00:00,170.28365,173.90543,171.13297
Origen 1,2020-09-24 21:00:00,170.28365,169.59662,167.8099
Origen 1,2020-09-24 22:00:00,158.28365,162.59909,157.67816
Origen 1,2020-09-24 23:00:00,97.28365,145.97462,143.39122
Origen 1,2020-09-25 00:00:00,93.71498,116.48765,110.11799
Origen 1,2020-09-25 01:00:00,93.71498,113.78966,110.09335
Origen 1,2020-09-25 02:00:00,93.71498,112.36941,110.19583
Origen 1,2020-09-25 03:00:00,98.63498,112.2617,110.0889
Origen 1,2020-09-25 04:00:00,98.63498,112.36737,110.15413
Origen 1,2020-09-25 05:00:00,98.63498,113.73964,110.2843
Origen 1,2020-09-25 06:00:00,107.72298,117.08525,111.91371
Origen 1,2020-09-25 07:00:00,127.72298,151.42155,151.2923
Origen 1,2020-09-25 08:00:00,141.02298,163.72885,157.51048
Origen 1,2020-09-25 09:00:00,141.02298,164.9812,159.12585
Origen 1,2020-09-25 10:00:00,141.02298,167.93863,165.87123
Origen 1,2020-09-25 11:00:00,160.72298,170.46059,167.6063
Origen 1,2020-09-25 12:00:00,160.72298,170.0999,167.7615
Origen 1,2020-09-25 13:00:00,160.72298,170.13324,167.46579
Origen 1,2020-09-25 14:00:00,160.72298,170.73846,168.37122
Origen 1,2020-09-25 15:00:00,160.72298,170.79391,168.42203
Origen 1,2020-09-25 16:00:00,141.02298,169.36646,166.97914
Origen 1,2020-09-25 17:00:00,141.02298,169.23238,166.32014
Origen 1,2020-09-25 18:00:00,160.72298,171.80496,168.66893
Origen 1,2020-09-25 19:00:00,160.72298,171.85225,168.72475
Origen 1,2020-09-25 20:00:00,160.72298,171.77473,168.72475
Origen 1,2020-09-25 21:00:00,141.02298,168.80675,166.64093
Origen 1,2020-09-25 22:00:00,141.02298,165.4386,159.302
Origen 1,2020-09-25 23:00:00,127.72298,123.19921,119.540665
Origen 1,2020-09-26 00:00:00,137.28081,104.19111,101.91763
Origen 1,2020-09-26 01:00:00,137.28081,101.77263,101.557434
Origen 1,2020-09-26 02:00:00,137.28081,101.281685,101.69477
Origen 1,2020-09-26 03:00:00,137.28081,102.42061,102.3243
Origen 1,2020-09-26 04:00:00,137.38081,102.456406,102.3243
Origen 1,2020-09-26 05:00:00,137.38081,113.284706,108.11408
Origen 1,2020-09-26 06:00:00,137.38081,117.74624,117.316055
Origen 1,2020-09-26 07:00:00,137.38081,148.63844,146.15562
Origen 1,2020-09-26 08:00:00,151.28081,151.86931,152.00087
Origen 1,2020-09-26 09:00:00,151.28081,154.3706,152.53656
Origen 1,2020-09-26 10:00:00,151.28081,155.66743,154.03354
Origen 1,2020-09-26 11:00:00,162.28081,166.01778,160.60876
Origen 1,2020-09-26 12:00:00,162.28081,165.65175,160.58992
Origen 1,2020-09-26 13:00:00,151.28081,165.39726,160.81967
Origen 1,2020-09-26 14:00:00,151.28081,165.43758,161.28111
Origen 1,2020-09-26 15:00:00,151.28081,165.06218,161.13606
Origen 1,2020-09-26 16:00:00,151.28081,156.41939,155.57594
Origen 1,2020-09-26 17:00:00,151.28081,156.19304,155.2232
Origen 1,2020-09-26 18:00:00,162.28081,166.816,162.10757
Origen 1,2020-09-26 19:00:00,162.28081,166.95581,161.79358
Origen 1,2020-09-26 20:00:00,162.28081,166.7721,161.88333
Origen 1,2020-09-26 21:00:00,161.28081,156.7832,154.86592
Origen 1,2020-09-26 22:00:00,162.28081,155.69229,154.06227
Origen 1,2020-09-26 23:00:00,161.28081,151.72308,145.99237
Origen 1,2020-09-27 00:00:00,110.07478,133.96648,135.43645
Origen 1,2020-09-27 01:00:00,110.07478,132.50604,134.17427
Origen 1,2020-09-27 02:00:00,110.07478,131.60213,134.257
Origen 1,2020-09-27 03:00:00,137.55478,130.58763,134.41216
Origen 1,2020-09-27 04:00:00,130.07478,131.28635,134.257
Origen 1,2020-09-27 05:00:00,130.07478,131.34021,134.10327
Origen 1,2020-09-27 06:00:00,110.07478,132.29182,134.21373
Origen 1,2020-09-27 07:00:00,130.07478,140.29924,141.85878
Origen 1,2020-09-27 08:00:00,110.07478,157.6886,149.83281
Origen 1,2020-09-27 09:00:00,110.07478,161.11171,149.73874
Origen 1,2020-09-27 10:00:00,110.07478,161.86366,152.88121
Origen 1,2020-09-27 11:00:00,130.07478,165.40918,158.87189
Origen 1,2020-09-27 12:00:00,130.07478,164.93378,158.57686
Origen 1,2020-09-27 13:00:00,130.07478,162.52824,152.85663
Origen 1,2020-09-27 14:00:00,181.07478,163.49777,152.8016
Origen 1,2020-09-27 15:00:00,110.07478,163.42926,152.66418
Origen 1,2020-09-27 16:00:00,110.07478,163.19121,152.03023
Origen 1,2020-09-27 17:00:00,110.07478,162.71861,152.5196
Origen 1,2020-09-27 18:00:00,130.07478,166.48439,160.96512
Origen 1,2020-09-27 19:00:00,136.07478,166.55005,160.83232
Origen 1,2020-09-27 20:00:00,136.07478,166.10829,161.68616
Origen 1,2020-09-27 21:00:00,130.07478,166.22578,162.02652
Origen 1,2020-09-27 22:00:00,130.07478,165.0307,160.83002
Origen 1,2020-09-27 23:00:00,110.07478,158.87764,157.19792
Origen 1,2020-09-28 00:00:00,87.33671,117.465904,111.531
Origen 1,2020-09-28 01:00:00,92.25771,114.564384,111.2297
Origen 1,2020-09-28 02:00:00,92.25771,114.57816,111.14259
Origen 1,2020-09-28 03:00:00,92.25771,131.73541,134.24274
Origen 1,2020-09-28 04:00:00,92.25771,131.08492,135.0892
Origen 1,2020-09-28 05:00:00,93.55171,132.79332,136.0349
Origen 1,2020-09-28 06:00:00,94.34471,130.02295,116.94212
Origen 1,2020-09-28 07:00:00,100.34471,156.22916,157.58592
Origen 1,2020-09-28 08:00:00,120.34471,146.97318,140.06136
Origen 1,2020-09-28 09:00:00,120.34471,151.3428,141.62717
Origen 1,2020-09-28 10:00:00,151.04471,153.38737,142.94905
Origen 1,2020-09-28 11:00:00,151.04471,168.63219,165.8536
Origen 1,2020-09-28 12:00:00,151.04471,169.18204,166.36044
Origen 1,2020-09-28 13:00:00,151.04471,169.66142,167.45093
Origen 1,2020-09-28 14:00:00,151.04471,190.58307,185.13142
Origen 1,2020-09-28 15:00:00,151.04471,155.31917,145.24303
Origen 1,2020-09-28 16:00:00,151.04471,154.6949,144.87234
Origen 1,2020-09-28 17:00:00,120.34471,155.2153,145.46071
Origen 1,2020-09-28 18:00:00,151.04471,175.00514,174.34183
Origen 1,2020-09-28 19:00:00,151.04471,176.98956,173.95004
Origen 1,2020-09-28 20:00:00,151.04471,174.39279,173.19069
Origen 1,2020-09-28 21:00:00,151.04471,171.21507,172.19247
Origen 1,2020-09-28 22:00:00,120.34471,168.15947,171.13092
Origen 1,2020-09-28 23:00:00,100.34471,146.126,135.84068
Origen 1,2020-09-29 00:00:00,93.39721,107.25918,105.259254
Origen 1,2020-09-29 01:00:00,93.39721,119.26049,109.74911
Origen 1,2020-09-29 02:00:00,93.39721,108.13512,104.91335
Origen 1,2020-09-29 03:00:00,93.39721,108.236534,104.79671
Origen 1,2020-09-29 04:00:00,94.69921,108.588486,105.272606
Origen 1,2020-09-29 05:00:00,94.69921,121.25866,111.21767
Origen 1,2020-09-29 06:00:00,96.48521,124.43724,113.19378
Origen 1,2020-09-29 07:00:00,111.48521,131.89941,126.8504
Origen 1,2020-09-29 08:00:00,111.48521,148.69154,150.60362
Origen 1,2020-09-29 09:00:00,129.78521,151.3044,153.07275
Origen 1,2020-09-29 10:00:00,129.78521,191.3321,181.82121
Origen 1,2020-09-29 11:00:00,129.78521,194.34792,181.86595
Origen 1,2020-09-29 12:00:00,129.78521,194.21999,181.71954
Origen 1,2020-09-29 13:00:00,129.78521,193.99794,181.738
Origen 1,2020-09-29 14:00:00,129.78521,193.66483,182.5345
Origen 1,2020-09-29 15:00:00,129.78521,191.25621,181.869
Origen 1,2020-09-29 16:00:00,129.78521,188.92168,180.70908
Origen 1,2020-09-29 17:00:00,129.78521,152.39603,151.9326
Origen 1,2020-09-29 18:00:00,192.48521,194.37007,181.41817
Origen 1,2020-09-29 19:00:00,192.48521,194.02412,180.56807
Origen 1,2020-09-29 20:00:00,129.78521,191.03636,180.19023
Origen 1,2020-09-29 21:00:00,129.78521,179.13008,171.58727
Origen 1,2020-09-29 22:00:00,111.48521,150.23193,146.6613
Origen 1,2020-09-29 23:00:00,129.78521,127.85409,118.94489
Origen 1,2020-09-30 00:00:00,86.86352,112.03113,105.91888
Origen 4,2023-10-01 00:00:00,1061.14694,644.59937,941.9946
Origen 4,2023-10-01 01:00:00,1061.10994,642.6673,941.7679
Origen 4,2023-10-01 02:00:00,1061.10994,643.4744,935.5116
Origen 4,2023-10-01 03:00:00,1061.10994,631.8893,934.18634
Origen 4,2023-10-01 04:00:00,1061.10994,643.7334,925.9357
Origen 4,2023-10-01 05:00:00,1061.10994,645.3048,930.20233
Origen 4,2023-10-01 06:00:00,1061.10994,646.2323,925.3253
Origen 4,2023-10-01 07:00:00,1061.10994,644.53845,925.7697
Origen 4,2023-10-01 08:00:00,1061.10994,644.06537,926.032
Origen 4,2023-10-01 09:00:00,1061.10994,651.4936,926.6146
Origen 4,2023-10-01 10:00:00,1061.10994,652.49133,923.77356
Origen 4,2023-10-01 11:00:00,596.20994,650.8891,924.4375
Origen 4,2023-10-01 12:00:00,1061.14694,642.1944,918.9255
Origen 4,2023-10-01 13:00:00,1061.10994,638.9675,915.5004
Origen 4,2023-10-01 14:00:00,1061.10994,639.5827,911.8521
Origen 4,2023-10-01 15:00:00,1061.10994,638.7604,910.9143
Origen 4,2023-10-01 16:00:00,1061.10994,636.2249,908.97565
Origen 4,2023-10-01 17:00:00,1061.14694,636.2249,907.13245
Origen 4,2023-10-01 18:00:00,1061.70994,637.1074,906.3663
Origen 4,2023-10-01 19:00:00,1062.80994,636.54474,909.136
Origen 4,2023-10-01 20:00:00,1062.80994,636.7775,908.3231
Origen 4,2023-10-01 21:00:00,1061.70994,632.64636,908.3231
Origen 4,2023-10-01 22:00:00,1061.14794,628.7554,904.3286
Origen 4,2023-10-01 23:00:00,1061.14694,627.2369,904.0725
Origen 4,2023-10-02 00:00:00,1062.19806,647.3759,939.80334
Origen 4,2023-10-02 01:00:00,1061.58706,642.3711,893.0601
Origen 4,2023-10-02 02:00:00,1050.58806,629.92004,885.37994
Origen 4,2023-10-02 03:00:00,1050.58806,622.2509,880.28546
Origen 4,2023-10-02 04:00:00,1061.58706,632.06744,877.05634
Origen 4,2023-10-02 05:00:00,1062.19806,630.0858,899.6765
Origen 4,2023-10-02 06:00:00,1062.19806,635.2451,902.4379
Origen 4,2023-10-02 07:00:00,1062.19806,653.57776,912.51416
Origen 4,2023-10-02 08:00:00,1062.19806,666.9624,925.0126
Origen 4,2023-10-02 09:00:00,1062.19806,678.5399,926.89557
Origen 4,2023-10-02 10:00:00,1062.19806,678.5399,927.67914
Origen 4,2023-10-02 11:00:00,1062.19806,626.08496,775.57526
Origen 4,2023-10-02 12:00:00,1062.19806,661.57275,929.2629
Origen 4,2023-10-02 13:00:00,1062.19806,664.05084,939.8154
Origen 4,2023-10-02 14:00:00,1062.20306,666.2866,939.8154
Origen 4,2023-10-02 15:00:00,1062.23706,665.8109,939.8154
Origen 4,2023-10-02 16:00:00,1062.23706,667.1053,943.5757
Origen 4,2023-10-02 17:00:00,1062.23706,667.1053,945.49445
Origen 4,2023-10-02 18:00:00,1072.58806,693.0572,956.0303
Origen 4,2023-10-02 19:00:00,1072.58806,697.0435,956.0303
Origen 4,2023-10-02 20:00:00,1072.58806,696.0042,947.7902
Origen 4,2023-10-02 21:00:00,1062.23706,690.39075,949.2913
Origen 4,2023-10-02 22:00:00,1062.19806,690.9117,947.89233
Origen 4,2023-10-02 23:00:00,1062.19806,688.76013,947.89233
Origen 4,2023-10-03 00:00:00,1062.54511,670.7504,927.7898
Origen 4,2023-10-03 01:00:00,1062.54511,657.633,924.7858
Origen 4,2023-10-03 02:00:00,1062.54511,654.16296,917.73346
Origen 4,2023-10-03 03:00:00,1062.54511,649.3087,918.1669
Origen 4,2023-10-03 04:00:00,1062.54511,654.8733,921.19354
Origen 4,2023-10-03 05:00:00,1062.54511,669.88934,929.71313
Origen 4,2023-10-03 06:00:00,1062.54511,671.6639,936.0207
Origen 4,2023-10-03 07:00:00,1062.54511,672.1897,938.5526
Origen 4,2023-10-03 08:00:00,1062.55211,682.9711,939.8603
Origen 4,2023-10-03 09:00:00,1062.55211,689.0597,940.0665
Origen 4,2023-10-03 10:00:00,1062.55211,691.5848,940.0665
Origen 4,2023-10-03 11:00:00,1062.55211,695.4881,944.63043
Origen 4,2023-10-03 12:00:00,1062.55211,696.3917,944.63043
Origen 4,2023-10-03 13:00:00,1062.55211,695.46387,947.40375
Origen 4,2023-10-03 14:00:00,1062.55311,695.38525,947.40375
Origen 4,2023-10-03 15:00:00,1062.55311,694.4912,947.40375
Origen 4,2023-10-03 16:00:00,1062.55311,694.4912,947.40375
Origen 4,2023-10-03 17:00:00,1062.55211,694.4912,947.40375
Origen 4,2023-10-03 18:00:00,1062.55311,695.3936,947.40375
Origen 4,2023-10-03 19:00:00,1062.55311,694.6154,947.40375
Origen 4,2023-10-03 20:00:00,1062.55211,693.2538,940.8912
Origen 4,2023-10-03 21:00:00,1062.55211,691.4862,939.28595
Origen 4,2023-10-03 22:00:00,1062.55211,684.1419,938.3338
Origen 4,2023-10-03 23:00:00,1062.54511,672.31213,937.62885
Origen 4,2023-10-04 00:00:00,1047.58806,670.47125,931.3318
Origen 4,2023-10-04 01:00:00,1047.58806,664.0528,922.2704
Origen 4,2023-10-04 02:00:00,1047.58806,650.6436,913.9996
Origen 4,2023-10-04 03:00:00,1047.58806,635.5702,901.2283
Origen 4,2023-10-04 04:00:00,1047.58806,639.5058,891.55896
Origen 4,2023-10-04 05:00:00,1047.58806,641.45123,883.3188
Origen 4,2023-10-04 06:00:00,1047.58806,639.9957,880.6869
Origen 4,2023-10-04 07:00:00,1047.58806,648.0479,886.43866
Origen 4,2023-10-04 08:00:00,1047.58806,652.7524,904.12036
Origen 4,2023-10-04 09:00:00,1047.58806,664.7348,910.527
Origen 4,2023-10-04 10:00:00,1062.23606,664.48315,914.37445
Origen 4,2023-10-04 11:00:00,1062.23606,663.65454,914.9183
Origen 4,2023-10-04 12:00:00,1062.23606,666.37054,914.9183
Origen 4,2023-10-04 13:00:00,1062.23606,672.71967,917.7676
Origen 4,2023-10-04 14:00:00,1062.23606,662.56934,916.58075
Origen 4,2023-10-04 15:00:00,1062.23606,660.6049,916.1407
Origen 4,2023-10-04 16:00:00,1062.23606,659.9928,914.6007
Origen 4,2023-10-04 17:00:00,1062.23706,660.4024,914.6007
Origen 4,2023-10-04 18:00:00,1081.58806,671.97943,915.0401
Origen 4,2023-10-04 19:00:00,1081.58806,671.97943,914.01483
Origen 4,2023-10-04 20:00:00,1062.23706,670.6622,910.87915
Origen 4,2023-10-04 21:00:00,1062.23606,669.3813,909.3905
Origen 4,2023-10-04 22:00:00,1062.23606,663.7596,907.2315
Origen 4,2023-10-04 23:00:00,1047.58806,649.61066,906.33167
Origen 4,2023-10-05 00:00:00,1047.58806,648.4655,898.1116
Origen 4,2023-10-05 01:00:00,1047.58806,629.38885,885.46564
Origen 4,2023-10-05 02:00:00,1008.90506,620.6113,879.38727
Origen 4,2023-10-05 03:00:00,1008.90506,620.13306,870.253
Origen 4,2023-10-05 04:00:00,1047.58806,629.71136,885.2158
Origen 4,2023-10-05 05:00:00,1047.58806,652.4816,902.0791
Origen 4,2023-10-05 06:00:00,1047.58806,652.7362,904.1505
Origen 4,2023-10-05 07:00:00,1047.58806,665.2114,904.3683
Origen 4,2023-10-05 08:00:00,1047.58806,667.13385,904.7733
Origen 4,2023-10-05 09:00:00,1050.58806,666.8015,905.4534
Origen 4,2023-10-05 10:00:00,1062.23606,668.5287,906.02313
Origen 4,2023-10-05 11:00:00,1062.23606,673.38403,906.6745
Origen 4,2023-10-05 12:00:00,1062.23606,673.38403,906.6745
Origen 4,2023-10-05 13:00:00,1062.23606,672.4868,911.10675
Origen 4,2023-10-05 14:00:00,1084.58806,673.2761,911.10675
Origen 4,2023-10-05 15:00:00,1085.58806,672.4105,911.10675
Origen 4,2023-10-05 16:00:00,1085.58806,672.4105,911.10675
Origen 4,2023-10-05 17:00:00,1084.58806,672.4105,911.10675
Origen 4,2023-10-05 18:00:00,1085.58806,672.4105,911.10675
Origen 4,2023-10-05 19:00:00,1085.58806,672.4105,910.7097
Origen 4,2023-10-05 20:00:00,1085.58806,671.0924,908.8231
Origen 4,2023-10-05 21:00:00,1062.23606,669.8107,907.82916
Origen 4,2023-10-05 22:00:00,1050.58806,663.08923,906.33856
Origen 4,2023-10-05 23:00:00,1047.58806,651.3181,905.6577
Origen 4,2023-10-06 00:00:00,1084.58806,648.2535,890.43744
Origen 4,2023-10-06 01:00:00,1062.23506,643.0821,881.80035
Origen 4,2023-10-06 02:00:00,1062.23506,630.8561,878.8025
Origen 4,2023-10-06 03:00:00,1062.23506,623.97925,874.34424
Origen 4,2023-10-06 04:00:00,1062.23506,638.36487,880.53107
Origen 4,2023-10-06 05:00:00,1084.58806,650.6188,890.88574
Origen 4,2023-10-06 06:00:00,1084.58806,651.7083,892.60376
Origen 4,2023-10-06 07:00:00,1084.58806,653.51385,892.90674
Origen 4,2023-10-06 08:00:00,1084.58806,664.8141,894.5843
Origen 4,2023-10-06 09:00:00,1085.58806,669.36664,895.2567
Origen 4,2023-10-06 10:00:00,1090.58806,670.90106,896.31476
Origen 4,2023-10-06 11:00:00,1090.58806,669.56836,896.82654
Origen 4,2023-10-06 12:00:00,1090.58806,669.56836,896.82654
Origen 4,2023-10-06 13:00:00,1090.58806,668.67633,903.69495
Origen 4,2023-10-06 14:00:00,1107.58806,669.0061,905.7864
Origen 4,2023-10-06 15:00:00,1090.58806,663.3198,905.7864
Origen 4,2023-10-06 16:00:00,1106.58806,663.3198,905.7864
Origen 4,2023-10-06 17:00:00,1090.58806,662.0559,905.6512
Origen 4,2023-10-06 18:00:00,1090.58806,662.0559,905.6512
Origen 4,2023-10-06 19:00:00,1090.58806,662.0559,905.6512
Origen 4,2023-10-06 20:00:00,1090.58806,661.91254,901.8083
Origen 4,2023-10-06 21:00:00,1090.58806,660.1993,900.3744
Origen 4,2023-10-06 22:00:00,1085.58806,655.17065,898.2209
Origen 4,2023-10-06 23:00:00,1084.58806,641.43414,896.64307
Origen 4,2023-10-07 00:00:00,1107.76603,630.66425,884.318
Origen 4,2023-10-07 01:00:00,1084.76603,614.2254,876.3319
Origen 4,2023-10-07 02:00:00,1084.76603,612.7005,872.4531
Origen 4,2023-10-07 03:00:00,1084.76603,609.02075,868.7223
Origen 4,2023-10-07 04:00:00,1062.41303,613.41986,872.2289
Origen 4,2023-10-07 05:00:00,1062.41303,631.39417,882.03467
Origen 4,2023-10-07 06:00:00,1084.76603,632.26184,884.26276
Origen 4,2023-10-07 07:00:00,1084.76603,632.25854,885.3344
Origen 4,2023-10-07 08:00:00,1106.76603,638.4948,888.09326
Origen 4,2023-10-07 09:00:00,1106.76603,638.437,888.09326
Origen 4,2023-10-07 10:00:00,1106.76603,643.53973,888.09326
Origen 4,2023-10-07 11:00:00,1106.76603,642.8693,889.29083
Origen 4,2023-10-07 12:00:00,1106.76603,642.4727,889.29083
Origen 4,2023-10-07 13:00:00,1106.76603,641.9307,896.2904
Origen 4,2023-10-07 14:00:00,1106.76603,642.5487,897.86755
Origen 4,2023-10-07 15:00:00,1106.76603,641.7226,897.86755
Origen 4,2023-10-07 16:00:00,1106.76603,641.7226,897.86755
Origen 4,2023-10-07 17:00:00,1106.76603,641.7226,897.86755
Origen 4,2023-10-07 18:00:00,1106.76603,642.176,897.86755
Origen 4,2023-10-07 19:00:00,1106.76603,642.176,897.86755
Origen 4,2023-10-07 20:00:00,1106.76603,642.4109,897.5927
Origen 4,2023-10-07 21:00:00,1106.76603,641.49005,897.5927
Origen 4,2023-10-07 22:00:00,1084.76603,637.05334,896.119
Origen 4,2023-10-07 23:00:00,1084.76603,630.5,893.873
Origen 4,2023-10-08 00:00:00,1046.40288,627.89044,883.81213
Origen 4,2023-10-08 01:00:00,1046.40288,624.18134,877.38855
Origen 4,2023-10-08 02:00:00,1046.40288,613.2682,873.48584
Origen 4,2023-10-08 03:00:00,1009.71888,607.84576,870.92804
Origen 4,2023-10-08 04:00:00,996.40288,610.9151,874.70703
Origen 4,2023-10-08 05:00:00,996.40288,614.5378,881.3077
Origen 4,2023-10-08 06:00:00,946.40288,619.76086,883.67017
Origen 4,2023-10-08 07:00:00,946.40288,627.20215,884.7866
Origen 4,2023-10-08 08:00:00,1009.71888,625.9396,886.877
Origen 4,2023-10-08 09:00:00,1016.40288,625.8828,887.54376
Origen 4,2023-10-08 10:00:00,1046.40288,630.3734,888.10223
Origen 4,2023-10-08 11:00:00,1046.40288,627.1451,887.0077
Origen 4,2023-10-08 12:00:00,1063.04588,629.7996,889.14886
Origen 4,2023-10-08 13:00:00,1063.04588,636.8693,896.446
Origen 4,2023-10-08 14:00:00,1046.40288,636.7958,898.02344
Origen 4,2023-10-08 15:00:00,1046.40288,635.97705,898.02344
Origen 4,2023-10-08 16:00:00,1063.04588,632.0442,896.9633
Origen 4,2023-10-08 17:00:00,1063.04588,632.0442,896.9633
Origen 4,2023-10-08 18:00:00,1063.04588,637.54596,897.12213
Origen 4,2023-10-08 19:00:00,1151.40288,637.1126,897.12213
Origen 4,2023-10-08 20:00:00,1151.40288,632.7221,896.472
Origen 4,2023-10-08 21:00:00,1063.04588,632.24493,895.7986
Origen 4,2023-10-08 22:00:00,1063.04588,632.46027,894.7024
Origen 4,2023-10-08 23:00:00,1063.04588,624.19617,893.1308
Origen 4,2023-10-09 00:00:00,945.87958,616.2497,906.63776
Origen 4,2023-10-09 01:00:00,945.87958,605.8881,888.17114
Origen 4,2023-10-09 02:00:00,945.87958,598.75903,868.1836
Origen 4,2023-10-09 03:00:00,945.87958,588.77136,860.14294
Origen 4,2023-10-09 04:00:00,945.87958,595.4299,867.3705
Origen 4,2023-10-09 05:00:00,945.87958,603.55536,885.6084
Origen 4,2023-10-09 06:00:00,945.87958,607.40765,894.8465
Origen 4,2023-10-09 07:00:00,950.87958,620.21796,900.23395
Origen 4,2023-10-09 08:00:00,1115.87958,649.50195,916.2158
Origen 4,2023-10-09 09:00:00,1115.87958,652.89624,921.85895
Origen 4,2023-10-09 10:00:00,1150.87958,667.09344,923.73566
Origen 4,2023-10-09 11:00:00,1150.87958,665.23395,924.0198
Origen 4,2023-10-09 12:00:00,1150.87958,665.23395,924.0198
Origen 4,2023-10-09 13:00:00,1150.87958,664.6354,935.4594
Origen 4,2023-10-09 14:00:00,1150.87958,664.8572,937.1055
Origen 4,2023-10-09 15:00:00,1150.87958,653.1758,937.1055
Origen 4,2023-10-09 16:00:00,1150.87958,659.1371,937.1055
Origen 4,2023-10-09 17:00:00,1150.87958,665.5017,938.2922
Origen 4,2023-10-09 18:00:00,1150.87958,665.5017,939.5718
Origen 4,2023-10-09 19:00:00,1150.87958,665.5017,939.19556
Origen 4,2023-10-09 20:00:00,1115.87958,668.4767,931.85956
Origen 4,2023-10-09 21:00:00,1115.87958,669.03864,930.61127
Origen 4,2023-10-09 22:00:00,1115.87958,668.1313,930.68097
Origen 4,2023-10-09 23:00:00,950.87958,641.57086,928.4819
Origen 4,2023-10-10 00:00:00,945.68963,632.89105,887.5573
Origen 4,2023-10-10 01:00:00,945.68963,618.607,874.68164
Origen 4,2023-10-10 02:00:00,945.68963,610.22766,866.00836
Origen 4,2023-10-10 03:00:00,945.68963,609.24963,861.6183
Origen 4,2023-10-10 04:00:00,945.68963,610.2335,862.56384
Origen 4,2023-10-10 05:00:00,945.68963,619.9991,875.4201
Origen 4,2023-10-10 06:00:00,945.68963,631.7034,895.2179
Origen 4,2023-10-10 07:00:00,950.68963,650.51263,909.82684
Origen 4,2023-10-10 08:00:00,1123.68963,656.7123,914.04364
Origen 4,2023-10-10 09:00:00,1123.68963,662.6079,914.3025
Origen 4,2023-10-10 10:00:00,1123.68963,667.24524,913.1409
Origen 4,2023-10-10 11:00:00,1150.68963,668.9407,913.99774
Origen 4,2023-10-10 12:00:00,1123.68963,668.9407,913.8627
Origen 4,2023-10-10 13:00:00,1150.68963,662.4818,919.9342
Origen 4,2023-10-10 14:00:00,1150.68963,659.4618,921.35095
Origen 4,2023-10-10 15:00:00,1150.68963,658.614,921.35095
Origen 4,2023-10-10 16:00:00,1150.68963,658.614,920.31854
Origen 4,2023-10-10 17:00:00,1123.68963,659.0764,920.31854
Origen 4,2023-10-10 18:00:00,1150.68963,662.54535,920.5205
Origen 4,2023-10-10 19:00:00,1150.68963,662.54535,920.02246
Origen 4,2023-10-10 20:00:00,1123.68963,660.4626,912.7474
Origen 4,2023-10-10 21:00:00,1123.68963,657.8984,910.1489
Origen 4,2023-10-10 22:00:00,1123.68963,641.9564,908.9687
Origen 4,2023-10-10 23:00:00,950.68963,640.36725,905.19666
Origen 4,2023-10-11 00:00:00,950.59727,634.4251,886.8162
Origen 4,2023-10-11 01:00:00,945.59727,595.083,875.462
Origen 4,2023-10-11 02:00:00,945.59727,592.5731,865.14075
Origen 4,2023-10-11 03:00:00,945.59727,588.82025,856.509
Origen 4,2023-10-11 04:00:00,945.59727,583.3525,859.414
Origen 4,2023-10-11 05:00:00,945.59727,586.429,862.26074
Origen 4,2023-10-11 06:00:00,950.59727,577.17896,861.76086
Origen 4,2023-10-11 07:00:00,1008.91327,600.5499,865.9208
Origen 4,2023-10-11 08:00:00,1050.59727,611.13745,886.81024
Origen 4,2023-10-11 09:00:00,1050.59727,616.88116,892.0302
Origen 4,2023-10-11 10:00:00,1050.59727,627.4391,898.70374
Origen 4,2023-10-11 11:00:00,1050.59727,630.26587,905.5234
Origen 4,2023-10-11 12:00:00,1050.59727,630.26587,905.5234
Origen 4,2023-10-11 13:00:00,1050.59727,628.5929,905.7354
Origen 4,2023-10-11 14:00:00,1050.59727,627.15314,906.91785
Origen 4,2023-10-11 15:00:00,1050.59727,624.0909,905.6417
Origen 4,2023-10-11 16:00:00,1050.59727,624.0909,905.6417
Origen 4,2023-10-11 17:00:00,1150.59727,631.0502,905.15216
Origen 4,2023-10-11 18:00:00,1150.59727,644.94,915.05786
Origen 4,2023-10-11 19:00:00,1150.59727,645.51,913.9006
Origen 4,2023-10-11 20:00:00,1150.59727,644.2447,910.4866
Origen 4,2023-10-11 21:00:00,1150.59727,632.1636,909.03894
Origen 4,2023-10-11 22:00:00,1050.59727,626.85803,906.14246
Origen 4,2023-10-11 23:00:00,1050.59727,619.0874,893.1597
Origen 4,2023-10-12 00:00:00,865.79137,608.6262,872.4307
Origen 4,2023-10-12 01:00:00,865.79137,594.2205,858.70416
Origen 4,2023-10-12 02:00:00,865.79137,586.0511,855.7815
Origen 4,2023-10-12 03:00:00,865.79137,586.0511,845.15265
Origen 4,2023-10-12 04:00:00,865.79137,592.82947,860.02203
Origen 4,2023-10-12 05:00:00,865.79137,600.53046,867.6497
Origen 4,2023-10-12 06:00:00,865.79137,619.58154,888.1814
Origen 4,2023-10-12 07:00:00,865.79137,628.827,904.433
Origen 4,2023-10-12 08:00:00,995.79137,642.3144,906.639
Origen 4,2023-10-12 09:00:00,945.79137,651.41815,906.639
Origen 4,2023-10-12 10:00:00,1061.79137,653.9335,908.3612
Origen 4,2023-10-12 11:00:00,1061.89137,654.2241,909.01416
Origen 4,2023-10-12 12:00:00,1061.89137,654.2241,909.01416
Origen 4,2023-10-12 13:00:00,1061.89137,652.9868,915.17883
Origen 4,2023-10-12 14:00:00,1061.89137,653.50916,918.33276
Origen 4,2023-10-12 15:00:00,1061.89137,652.66895,918.33276
Origen 4,2023-10-12 16:00:00,1061.89137,652.66895,918.33276
Origen 4,2023-10-12 17:00:00,1061.89137,652.66895,918.33276
Origen 4,2023-10-12 18:00:00,1061.89137,652.66895,919.15466
Origen 4,2023-10-12 19:00:00,1061.89137,652.66895,919.15466
Origen 4,2023-10-12 20:00:00,1061.89137,651.3895,916.49506
Origen 4,2023-10-12 21:00:00,1061.89137,649.7445,915.4926
Origen 4,2023-10-12 22:00:00,945.79137,645.4771,915.249
Origen 4,2023-10-12 23:00:00,865.79137,634.03436,912.7243
Origen 4,2023-10-13 00:00:00,945.69234,632.2612,890.4773
Origen 4,2023-10-13 01:00:00,845.69234,626.03687,886.35876
Origen 4,2023-10-13 02:00:00,845.69234,607.8113,880.2233
Origen 4,2023-10-13 03:00:00,745.69234,606.60425,876.92755
Origen 4,2023-10-13 04:00:00,845.69234,610.992,878.57916
Origen 4,2023-10-13 05:00:00,845.69234,624.3091,886.54095
Origen 4,2023-10-13 06:00:00,945.69234,629.6882,890.36896
Origen 4,2023-10-13 07:00:00,945.69234,633.8799,896.79614
Origen 4,2023-10-13 08:00:00,945.69234,649.703,898.98914
Origen 4,2023-10-13 09:00:00,1009.00834,650.52167,897.752
Origen 4,2023-10-13 10:00:00,1059.69234,651.5971,898.31683
Origen 4,2023-10-13 11:00:00,1061.99234,651.0694,898.9626
Origen 4,2023-10-13 12:00:00,1061.99234,651.0694,898.9626
Origen 4,2023-10-13 13:00:00,1061.99234,649.8381,904.81995
Origen 4,2023-10-13 14:00:00,1061.99234,650.15857,905.6465
Origen 4,2023-10-13 15:00:00,1061.99234,649.32263,905.6465
Origen 4,2023-10-13 16:00:00,1061.99234,649.32263,905.6465
Origen 4,2023-10-13 17:00:00,1061.99234,649.32263,905.6465
Origen 4,2023-10-13 18:00:00,1095.69234,649.32263,905.6465
Origen 4,2023-10-13 19:00:00,1061.99234,649.32263,905.6465
Origen 4,2023-10-13 20:00:00,1061.99234,649.18207,902.7285
Origen 4,2023-10-13 21:00:00,1061.99234,647.9423,901.7411
Origen 4,2023-10-13 22:00:00,1059.69234,643.28973,900.2607
Origen 4,2023-10-13 23:00:00,945.69234,631.15875,900.58
Origen 4,2023-10-14 00:00:00,1060.08806,606.52,869.5002
Origen 4,2023-10-14 01:00:00,1008.90506,602.62537,867.6915
Origen 4,2023-10-14 02:00:00,1060.08806,593.362,862.88385
Origen 4,2023-10-14 03:00:00,1008.90506,592.5124,767.81836
Origen 4,2023-10-14 04:00:00,1008.90506,592.9638,862.5256
Origen 4,2023-10-14 05:00:00,1008.90506,603.2857,867.8504
Origen 4,2023-10-14 06:00:00,1060.08806,611.1342,867.2886
Origen 4,2023-10-14 07:00:00,1060.08806,612.0867,871.52625
Origen 4,2023-10-14 08:00:00,1060.08806,608.66425,873.4417
Origen 4,2023-10-14 09:00:00,1060.08806,613.05646,873.4417
Origen 4,2023-10-14 10:00:00,1061.98806,614.05414,873.9912
Origen 4,2023-10-14 11:00:00,1061.98806,612.83435,874.6195
Origen 4,2023-10-14 12:00:00,1061.98806,612.7916,873.4121
Origen 4,2023-10-14 13:00:00,1061.98806,611.40967,878.8385
Origen 4,2023-10-14 14:00:00,1061.98806,612.7724,880.38495
Origen 4,2023-10-14 15:00:00,1060.08806,611.98456,880.38495
Origen 4,2023-10-14 16:00:00,1060.08806,611.98456,880.38495
Origen 4,2023-10-14 17:00:00,1061.98806,611.98456,880.38495
Origen 4,2023-10-14 18:00:00,1061.98806,612.4169,880.38495
Origen 4,2023-10-14 19:00:00,1061.98806,612.4169,883.0754
Origen 4,2023-10-14 20:00:00,1061.98806,612.64087,882.805
Origen 4,2023-10-14 21:00:00,1061.98806,612.17896,882.805
Origen 4,2023-10-14 22:00:00,1061.98806,608.2122,881.35565
Origen 4,2023-10-14 23:00:00,1060.08806,608.9978,879.5584
Origen 4,2023-10-15 00:00:00,1062.0296,608.3135,871.6467
Origen 4,2023-10-15 01:00:00,1062.0296,605.8246,867.96954
Origen 4,2023-10-15 02:00:00,1062.0296,598.92584,866.53827
Origen 4,2023-10-15 03:00:00,1008.9966,594.65753,865.70856
Origen 4,2023-10-15 04:00:00,855.6796,598.3863,871.59406
Origen 4,2023-10-15 05:00:00,855.6796,605.88464,879.34326
Origen 4,2023-10-15 06:00:00,742.8756,608.84454,882.6951
Origen 4,2023-10-15 07:00:00,855.6796,621.7182,886.91846
Origen 4,2023-10-15 08:00:00,855.6796,621.93384,892.49225
Origen 4,2023-10-15 09:00:00,1062.0296,620.3664,893.0537
Origen 4,2023-10-15 10:00:00,1062.0296,620.3664,893.7251
Origen 4,2023-10-15 11:00:00,1062.0296,623.7211,894.3675
Origen 4,2023-10-15 12:00:00,1062.0296,623.7211,894.3675
Origen 4,2023-10-15 13:00:00,1062.0296,619.1914,900.36707
Origen 4,2023-10-15 14:00:00,1062.0296,619.99146,902.7586
Origen 4,2023-10-15 15:00:00,1062.0296,619.19434,902.08044
Origen 4,2023-10-15 16:00:00,1062.0296,619.19434,902.08044
Origen 4,2023-10-15 17:00:00,1062.0296,619.19434,902.08044
Origen 4,2023-10-15 18:00:00,1062.2496,624.1596,903.9001
Origen 4,2023-10-15 19:00:00,1062.2496,624.1596,903.9001
Origen 4,2023-10-15 20:00:00,1062.2496,619.85846,903.2451
Origen 4,2023-10-15 21:00:00,1062.2496,619.3909,902.56665
Origen 4,2023-10-15 22:00:00,1062.0296,620.96686,902.70435
Origen 4,2023-10-15 23:00:00,1062.0296,616.5092,901.1187
Origen 4,2023-10-16 00:00:00,1062.16306,626.6985,912.41675
Origen 4,2023-10-16 01:00:00,1062.16306,619.5975,886.4518
Origen 4,2023-10-16 02:00:00,1062.16306,602.38086,871.3139
Origen 4,2023-10-16 03:00:00,1062.16306,594.98627,865.5633
Origen 4,2023-10-16 04:00:00,1062.16306,603.8058,869.36884
Origen 4,2023-10-16 05:00:00,1062.16306,607.6997,883.02435
Origen 4,2023-10-16 06:00:00,1015.58806,613.17487,805.75415
Origen 4,2023-10-16 07:00:00,1062.16306,628.1366,905.50964
Origen 4,2023-10-16 08:00:00,1062.16306,632.7818,909.4964
Origen 4,2023-10-16 09:00:00,1062.16306,650.3992,930.6224
Origen 4,2023-10-16 10:00:00,1062.16306,661.3841,931.57385
Origen 4,2023-10-16 11:00:00,1062.23606,660.109,933.2033
Origen 4,2023-10-16 12:00:00,1062.23606,660.109,933.2033
Origen 4,2023-10-16 13:00:00,1062.23606,659.14594,944.77875
Origen 4,2023-10-16 14:00:00,1062.23606,662.2273,946.44116
Origen 4,2023-10-16 15:00:00,1062.23606,660.8047,946.44116
Origen 4,2023-10-16 16:00:00,1062.23606,660.8047,945.32764
Origen 4,2023-10-16 17:00:00,1062.23606,660.8047,945.32764
Origen 4,2023-10-16 18:00:00,1195.58806,659.3521,945.32764
Origen 4,2023-10-16 19:00:00,1195.58806,659.3521,945.32764
Origen 4,2023-10-16 20:00:00,1114.69806,659.5093,936.8929
Origen 4,2023-10-16 21:00:00,1062.23606,658.06836,935.49963
Origen 4,2023-10-16 22:00:00,1062.23606,656.9745,933.9971
Origen 4,2023-10-16 23:00:00,1062.16306,640.03265,932.3564
Origen 4,2023-10-17 00:00:00,1015.6846,612.4452,893.9894
Origen 4,2023-10-17 01:00:00,1015.6846,608.14874,888.5525
Origen 4,2023-10-17 02:00:00,1009.0016,602.9165,879.20984
Origen 4,2023-10-17 03:00:00,1015.6846,594.4203,870.7587
Origen 4,2023-10-17 04:00:00,1015.6846,596.1023,871.7212
Origen 4,2023-10-17 05:00:00,1075.6846,597.27313,879.5684
Origen 4,2023-10-17 06:00:00,1075.6846,603.9679,883.21857
Origen 4,2023-10-17 07:00:00,1075.6846,612.7178,896.77264
Origen 4,2023-10-17 08:00:00,1075.6846,615.68304,902.6725
Origen 4,2023-10-17 09:00:00,1151.9846,641.25336,922.6619
Origen 4,2023-10-17 10:00:00,1151.9846,652.08386,926.9027
Origen 4,2023-10-17 11:00:00,1151.9846,653.765,927.56903
Origen 4,2023-10-17 12:00:00,1151.9846,653.765,928.52924
Origen 4,2023-10-17 13:00:00,1151.9846,652.5286,933.6283
Origen 4,2023-10-17 14:00:00,1151.9846,654.12897,935.2712
Origen 4,2023-10-17 15:00:00,1151.9846,653.4469,935.2712
Origen 4,2023-10-17 16:00:00,1151.9846,652.4151,935.2712
Origen 4,2023-10-17 17:00:00,1151.9846,653.25275,935.2712
Origen 4,2023-10-17 18:00:00,1206.6846,654.1704,936.1796
Origen 4,2023-10-17 19:00:00,1206.6846,653.7669,937.87756
Origen 4,2023-10-17 20:00:00,1200.6846,652.11395,929.96625
Origen 4,2023-10-17 21:00:00,1151.9846,650.72705,928.5833
Origen 4,2023-10-17 22:00:00,1151.9846,641.1516,928.0305
Origen 4,2023-10-17 23:00:00,1075.6846,624.9226,922.95764
Origen 4,2023-10-18 00:00:00,1205.99752,605.9925,889.0839
Origen 4,2023-10-18 01:00:00,1015.59752,596.31726,879.0837
Origen 4,2023-10-18 02:00:00,1015.59752,589.49335,867.8264
Origen 4,2023-10-18 03:00:00,1015.59752,584.87634,864.7398
Origen 4,2023-10-18 04:00:00,1015.59752,581.82043,864.10474
Origen 4,2023-10-18 05:00:00,1205.99752,580.0091,885.7233
Origen 4,2023-10-18 06:00:00,1205.99752,589.89545,890.88715
Origen 4,2023-10-18 07:00:00,1205.99752,618.6834,893.8491
Origen 4,2023-10-18 08:00:00,1205.99752,629.0694,903.11816
Origen 4,2023-10-18 09:00:00,1207.59752,636.0374,922.0677
Origen 4,2023-10-18 10:00:00,1207.59752,652.3581,929.6514
Origen 4,2023-10-18 11:00:00,1207.59752,658.2943,935.46204
Origen 4,2023-10-18 12:00:00,1207.59752,657.0847,934.5178
Origen 4,2023-10-18 13:00:00,1207.59752,655.8421,940.8047
Origen 4,2023-10-18 14:00:00,1207.59752,657.4505,939.81903
Origen 4,2023-10-18 15:00:00,1207.59752,656.6052,939.24603
Origen 4,2023-10-18 16:00:00,1207.59752,655.9487,936.77936
Origen 4,2023-10-18 17:00:00,1207.59752,656.6898,938.35876
Origen 4,2023-10-18 18:00:00,1216.59752,669.48535,940.5893
Origen 4,2023-10-18 19:00:00,1216.59752,669.48535,940.5893
Origen 4,2023-10-18 20:00:00,1216.59752,662.8778,937.07544
Origen 4,2023-10-18 21:00:00,1207.59752,654.7834,935.6012
Origen 4,2023-10-18 22:00:00,1207.59752,650.42773,934.4278
Origen 4,2023-10-18 23:00:00,1205.99752,643.4719,923.60175
Origen 4,2023-10-19 00:00:00,1210.58946,628.1713,888.4355
Origen 4,2023-10-19 01:00:00,1210.58946,610.11365,884.8165
Origen 4,2023-10-19 02:00:00,1210.58946,610.10754,883.8745
Origen 4,2023-10-19 03:00:00,1210.58946,603.524,881.18256
Origen 4,2023-10-19 04:00:00,1210.58946,605.69116,882.53784
Origen 4,2023-10-19 05:00:00,1210.58946,601.0684,886.0604
Origen 4,2023-10-19 06:00:00,1210.58946,601.114,886.3503
Origen 4,2023-10-19 07:00:00,1269.72346,627.0652,891.1203
Origen 4,2023-10-19 08:00:00,1285.58946,634.1441,898.6239
Origen 4,2023-10-19 09:00:00,1285.58946,637.66846,913.54425
Origen 4,2023-10-19 10:00:00,1285.58946,643.5447,923.5995
Origen 4,2023-10-19 11:00:00,1295.58946,647.29346,929.8293
Origen 4,2023-10-19 12:00:00,1285.58946,647.44684,931.18787
Origen 4,2023-10-19 13:00:00,1295.58946,646.2224,937.2552
Origen 4,2023-10-19 14:00:00,1295.58946,647.35895,938.9045
Origen 4,2023-10-19 15:00:00,1295.58946,646.5266,938.9045
Origen 4,2023-10-19 16:00:00,1295.58946,646.3734,938.4971
Origen 4,2023-10-19 17:00:00,1295.58946,646.5266,938.9045
Origen 4,2023-10-19 18:00:00,1395.58946,657.94135,939.5816
Origen 4,2023-10-19 19:00:00,1395.58946,657.94135,939.5816
Origen 4,2023-10-19 20:00:00,1385.58946,656.65155,939.86615
Origen 4,2023-10-19 21:00:00,1295.58946,645.9966,939.2904
Origen 4,2023-10-19 22:00:00,1285.58946,640.4595,937.662
Origen 4,2023-10-19 23:00:00,1285.58946,632.3906,924.3613
Origen 4,2023-10-20 00:00:00,1290.63441,615.7218,895.91864
Origen 4,2023-10-20 01:00:00,1284.63441,611.1563,894.8479
Origen 4,2023-10-20 02:00:00,1284.63441,612.2011,895.60297
Origen 4,2023-10-20 03:00:00,1284.63441,602.0331,895.60297
Origen 4,2023-10-20 04:00:00,1284.63441,617.3279,898.7838
Origen 4,2023-10-20 05:00:00,1284.63441,627.10944,908.67096
Origen 4,2023-10-20 06:00:00,1290.63441,640.7224,913.8335
Origen 4,2023-10-20 07:00:00,1297.18941,643.56464,920.23175
Origen 4,2023-10-20 08:00:00,1297.18941,654.5589,923.1293
Origen 4,2023-10-20 09:00:00,1297.18941,659.0136,923.1293
Origen 4,2023-10-20 10:00:00,1385.63441,660.552,923.7101
Origen 4,2023-10-20 11:00:00,1395.63441,660.0171,924.05676
Origen 4,2023-10-20 12:00:00,1385.63441,660.0171,924.05676
Origen 4,2023-10-20 13:00:00,1395.63441,658.76886,930.645
Origen 4,2023-10-20 14:00:00,1465.63441,659.92737,932.2826
Origen 4,2023-10-20 15:00:00,1465.63441,659.0789,932.2826
Origen 4,2023-10-20 16:00:00,1465.63441,659.0789,932.2826
Origen 4,2023-10-20 17:00:00,1465.63441,659.0789,932.2826
Origen 4,2023-10-20 18:00:00,1465.63441,659.0789,932.2826
Origen 4,2023-10-20 19:00:00,1465.63441,659.0789,932.2826
Origen 4,2023-10-20 20:00:00,1465.63441,658.9363,932.5649
Origen 4,2023-10-20 21:00:00,1385.63441,657.67786,931.9937
Origen 4,2023-10-20 22:00:00,1297.18941,652.9554,930.46344
Origen 4,2023-10-20 23:00:00,1290.63441,641.8542,928.13135
Origen 4,2023-10-21 00:00:00,1245.76534,624.1858,910.28815
Origen 4,2023-10-21 01:00:00,1245.76534,616.17004,903.9492
Origen 4,2023-10-21 02:00:00,1245.76534,605.41943,903.80566
Origen 4,2023-10-21 03:00:00,1245.76534,602.6463,899.6054
Origen 4,2023-10-21 04:00:00,1245.76534,609.9016,904.52484
Origen 4,2023-10-21 05:00:00,1245.76534,624.9345,911.74603
Origen 4,2023-10-21 06:00:00,1245.76534,625.17834,915.7781
Origen 4,2023-10-21 07:00:00,1245.76534,626.4433,916.43866
Origen 4,2023-10-21 08:00:00,1505.76534,626.65625,917.4342
Origen 4,2023-10-21 09:00:00,1526.32034,625.8984,918.1239
Origen 4,2023-10-21 10:00:00,1526.32034,630.3891,914.71155
Origen 4,2023-10-21 11:00:00,1526.32034,630.98663,913.9568
Origen 4,2023-10-21 12:00:00,1526.32034,630.55774,913.9568
Origen 4,2023-10-21 13:00:00,1526.32034,629.71277,918.4642
Origen 4,2023-10-21 14:00:00,1526.32034,631.1164,918.77124
Origen 4,2023-10-21 15:00:00,1526.32034,630.30493,917.23615
Origen 4,2023-10-21 16:00:00,1526.32034,630.30493,917.23615
Origen 4,2023-10-21 17:00:00,1526.32034,630.30493,917.23615
Origen 4,2023-10-21 18:00:00,1526.32034,630.75024,917.153
Origen 4,2023-10-21 19:00:00,1526.32034,630.75024,917.3013
Origen 4,2023-10-21 20:00:00,1526.32034,630.42004,917.8819
Origen 4,2023-10-21 21:00:00,1526.32034,629.3979,916.9173
Origen 4,2023-10-21 22:00:00,1495.76534,626.23926,915.1073
Origen 4,2023-10-21 23:00:00,1245.76534,626.2799,915.1073
Origen 4,2023-10-22 00:00:00,1195.66958,622.90375,911.07635
Origen 4,2023-10-22 01:00:00,1195.66958,610.34326,908.30536
Origen 4,2023-10-22 02:00:00,1195.66958,607.44763,901.24554
Origen 4,2023-10-22 03:00:00,1195.66958,604.3311,888.6838
Origen 4,2023-10-22 04:00:00,1195.66958,606.5755,889.33154
Origen 4,2023-10-22 05:00:00,1114.77958,608.0185,901.9833
Origen 4,2023-10-22 06:00:00,1114.77958,607.9817,897.61584
Origen 4,2023-10-22 07:00:00,1114.77958,611.10333,897.5396
Origen 4,2023-10-22 08:00:00,1195.66958,611.69714,893.87463
Origen 4,2023-10-22 09:00:00,1195.66958,608.17395,893.52234
Origen 4,2023-10-22 10:00:00,1195.66958,607.8684,893.33185
Origen 4,2023-10-22 11:00:00,1245.66958,609.92834,893.974
Origen 4,2023-10-22 12:00:00,1245.66958,606.6609,893.0073
Origen 4,2023-10-22 13:00:00,1245.66958,605.4361,896.7606
Origen 4,2023-10-22 14:00:00,1245.66958,606.7856,896.5067
Origen 4,2023-10-22 15:00:00,1195.66958,606.00543,896.5067
Origen 4,2023-10-22 16:00:00,1245.66958,606.00543,896.5067
Origen 4,2023-10-22 17:00:00,1245.66958,606.00543,896.5067
Origen 4,2023-10-22 18:00:00,1535.66958,610.35724,897.1362
Origen 4,2023-10-22 19:00:00,1581.22458,609.69977,899.87775
Origen 4,2023-10-22 20:00:00,1245.66958,606.65533,899.50116
Origen 4,2023-10-22 21:00:00,1245.66958,606.19794,899.2464
Origen 4,2023-10-22 22:00:00,1245.66958,607.74023,898.14594
Origen 4,2023-10-22 23:00:00,1195.66958,607.66547,898.14594
Origen 4,2023-10-23 00:00:00,1165.58806,618.98444,931.76666
Origen 4,2023-10-23 01:00:00,1114.69806,600.0272,896.0841
Origen 4,2023-10-23 02:00:00,1114.69806,593.56744,885.45764
Origen 4,2023-10-23 03:00:00,1114.69806,593.2539,880.9797
Origen 4,2023-10-23 04:00:00,1165.58806,594.6045,882.92834
Origen 4,2023-10-23 05:00:00,1165.58806,604.60614,900.3885
Origen 4,2023-10-23 06:00:00,1165.58806,610.2516,915.8528
Origen 4,2023-10-23 07:00:00,1165.58806,589.21173,911.52954
Origen 4,2023-10-23 08:00:00,1350.58806,602.0322,908.3964
Origen 4,2023-10-23 09:00:00,1350.58806,613.9648,923.7682
Origen 4,2023-10-23 10:00:00,1350.58806,621.8404,924.71265
Origen 4,2023-10-23 11:00:00,1497.14306,621.6581,924.2449
Origen 4,2023-10-23 12:00:00,1350.58806,622.3545,922.29425
Origen 4,2023-10-23 13:00:00,1497.14306,621.0981,930.8319
Origen 4,2023-10-23 14:00:00,1497.14306,623.30334,930.0456
Origen 4,2023-10-23 15:00:00,1565.58806,622.502,931.35974
Origen 4,2023-10-23 16:00:00,1497.14306,622.502,930.52704
Origen 4,2023-10-23 17:00:00,1497.14306,622.502,930.52704
Origen 4,2023-10-23 18:00:00,1497.14306,621.1336,929.21405
Origen 4,2023-10-23 19:00:00,1497.14306,620.94324,927.6522
Origen 4,2023-10-23 20:00:00,1497.14306,620.4202,919.65656
Origen 4,2023-10-23 21:00:00,1497.14306,621.58984,917.36035
Origen 4,2023-10-23 22:00:00,1350.58806,621.5825,915.7869
Origen 4,2023-10-23 23:00:00,1350.58806,599.6508,915.9851
Origen 4,2023-10-24 00:00:00,1497.24108,581.2079,893.6343
Origen 4,2023-10-24 01:00:00,1165.68608,556.7477,857.9613
Origen 4,2023-10-24 02:00:00,1165.68608,555.5262,853.1954
Origen 4,2023-10-24 03:00:00,1165.68608,551.2026,845.4428
Origen 4,2023-10-24 04:00:00,1497.24108,552.0927,853.6312
Origen 4,2023-10-24 05:00:00,1497.24108,567.1974,878.5989
Origen 4,2023-10-24 06:00:00,1497.24108,577.7914,884.22144
Origen 4,2023-10-24 07:00:00,1497.24108,592.2985,903.14825
Origen 4,2023-10-24 08:00:00,1501.68608,595.9517,904.9864
Origen 4,2023-10-24 09:00:00,1501.68608,603.05676,906.2473
Origen 4,2023-10-24 10:00:00,1501.68608,606.3048,906.2473
Origen 4,2023-10-24 11:00:00,1534.68608,604.30725,906.89886
Origen 4,2023-10-24 12:00:00,1534.68608,604.30725,906.89886
Origen 4,2023-10-24 13:00:00,1534.68608,603.16437,912.683
Origen 4,2023-10-24 14:00:00,1534.68608,604.6437,914.289
Origen 4,2023-10-24 15:00:00,1534.68608,602.6259,914.289
Origen 4,2023-10-24 16:00:00,1534.68608,601.73376,914.289
Origen 4,2023-10-24 17:00:00,1534.68608,603.3997,914.289
Origen 4,2023-10-24 18:00:00,1595.68608,603.2187,914.4896
Origen 4,2023-10-24 19:00:00,1534.68608,602.6696,913.9494
Origen 4,2023-10-24 20:00:00,1534.68608,601.4882,906.92126
Origen 4,2023-10-24 21:00:00,1501.68608,598.5076,905.1228
Origen 4,2023-10-24 22:00:00,1497.24108,585.2434,903.90186
Origen 4,2023-10-24 23:00:00,1497.24108,580.29987,891.50586
Origen 4,2023-10-25 00:00:00,451.7337,549.4121,872.9496
Origen 4,2023-10-25 01:00:00,451.7337,544.85956,853.79736
Origen 4,2023-10-25 02:00:00,744.4267,544.48663,847.6222
Origen 4,2023-10-25 03:00:00,451.7337,540.5452,844.73395
Origen 4,2023-10-25 04:00:00,451.7337,540.63257,846.4158
Origen 4,2023-10-25 05:00:00,748.9297,537.1036,848.1287
Origen 4,2023-10-25 06:00:00,748.9297,528.3567,848.15466
Origen 4,2023-10-25 07:00:00,801.7337,557.8427,853.36145
Origen 4,2023-10-25 08:00:00,1014.4697,575.83527,867.16205
Origen 4,2023-10-25 09:00:00,1068.3827,579.5775,881.6369
Origen 4,2023-10-25 10:00:00,1171.7337,590.77905,893.0111
Origen 4,2023-10-25 11:00:00,1171.7337,597.5728,901.23517
Origen 4,2023-10-25 12:00:00,1171.7337,597.7144,902.7263
Origen 4,2023-10-25 13:00:00,1171.7337,596.584,908.4838
Origen 4,2023-10-25 14:00:00,1171.7337,595.0635,908.5791
Origen 4,2023-10-25 15:00:00,1171.7337,609.85913,908.3972
Origen 4,2023-10-25 16:00:00,1171.7337,604.55914,901.84344
Origen 4,2023-10-25 17:00:00,1171.7337,606.0867,908.5791
Origen 4,2023-10-25 18:00:00,1498.7337,604.6509,910.30164
Origen 4,2023-10-25 19:00:00,1171.7337,604.6509,909.0173
Origen 4,2023-10-25 20:00:00,1171.7337,603.4656,905.62146
Origen 4,2023-10-25 21:00:00,1171.7337,589.2275,903.80316
Origen 4,2023-10-25 22:00:00,801.7337,588.6914,902.79175
Origen 4,2023-10-25 23:00:00,951.7337,580.70123,888.6749
Origen 4,2023-10-26 00:00:00,697.40666,427.39322,518.54395
Origen 4,2023-10-26 01:00:00,697.40666,416.97958,509.09155
Origen 4,2023-10-26 02:00:00,401.98566,548.2774,756.60425
Origen 4,2023-10-26 03:00:00,398.40666,388.34216,504.1552
Origen 4,2023-10-26 04:00:00,435.59466,394.6468,508.3616
Origen 4,2023-10-26 05:00:00,697.40666,538.3028,781.1935
Origen 4,2023-10-26 06:00:00,697.40666,546.94226,787.744
Origen 4,2023-10-26 07:00:00,697.40666,555.43427,887.61194
Origen 4,2023-10-26 08:00:00,697.40666,593.27856,896.1301
Origen 4,2023-10-26 09:00:00,737.32766,594.3471,896.38403
Origen 4,2023-10-26 10:00:00,848.40666,599.8888,896.38403
Origen 4,2023-10-26 11:00:00,848.40666,600.33344,898.42175
Origen 4,2023-10-26 12:00:00,848.40666,600.04065,897.9005
Origen 4,2023-10-26 13:00:00,848.40666,597.9006,906.107
Origen 4,2023-10-26 14:00:00,848.40666,597.7874,907.7014
Origen 4,2023-10-26 15:00:00,848.40666,597.01886,907.7014
Origen 4,2023-10-26 16:00:00,848.40666,597.5378,907.7014
Origen 4,2023-10-26 17:00:00,848.40666,591.81573,907.3214
Origen 4,2023-10-26 18:00:00,968.40666,599.39404,907.5161
Origen 4,2023-10-26 19:00:00,1198.40666,598.18207,907.5161
Origen 4,2023-10-26 20:00:00,848.40666,596.36646,903.4369
Origen 4,2023-10-26 21:00:00,848.40666,587.45447,900.58307
Origen 4,2023-10-26 22:00:00,737.32766,586.1086,893.8129
Origen 4,2023-10-26 23:00:00,697.40666,542.7788,896.86847
Origen 4,2023-10-27 00:00:00,501.60752,489.38968,739.8847
Origen 4,2023-10-27 01:00:00,501.60752,473.56863,722.1067
Origen 4,2023-10-27 02:00:00,501.60752,347.49142,438.62772
Origen 4,2023-10-27 03:00:00,501.60752,340.87384,438.57944
Origen 4,2023-10-27 04:00:00,501.60752,384.20367,501.51367
Origen 4,2023-10-27 05:00:00,501.60752,494.1671,745.02844
Origen 4,2023-10-27 06:00:00,501.60752,504.38507,748.34
Origen 4,2023-10-27 07:00:00,632.60752,512.23785,757.5819
Origen 4,2023-10-27 08:00:00,632.60752,527.9049,760.0047
Origen 4,2023-10-27 09:00:00,745.66452,580.6741,785.6048
Origen 4,2023-10-27 10:00:00,632.60752,580.6741,879.5889
Origen 4,2023-10-27 11:00:00,751.60752,585.7295,876.8268
Origen 4,2023-10-27 12:00:00,749.80352,579.9156,876.8268
Origen 4,2023-10-27 13:00:00,751.60752,592.2048,885.5142
Origen 4,2023-10-27 14:00:00,933.60752,594.29724,885.3564
Origen 4,2023-10-27 15:00:00,933.60752,592.89386,885.3564
Origen 4,2023-10-27 16:00:00,751.60752,587.2164,884.9857
Origen 4,2023-10-27 17:00:00,632.60752,592.52826,885.3564
Origen 4,2023-10-27 18:00:00,755.77352,594.7358,881.0682
Origen 4,2023-10-27 19:00:00,933.60752,593.5332,881.0682
Origen 4,2023-10-27 20:00:00,755.77352,593.786,880.32117
Origen 4,2023-10-27 21:00:00,632.60752,587.08673,879.28577
Origen 4,2023-10-27 22:00:00,632.60752,553.2992,785.08875
Origen 4,2023-10-27 23:00:00,632.60752,511.43173,756.147
Origen 4,2023-10-28 00:00:00,296.98175,422.47354,567.15436
Origen 4,2023-10-28 01:00:00,296.98175,418.92108,563.44556
Origen 4,2023-10-28 02:00:00,296.98175,409.00296,553.0275
Origen 4,2023-10-28 03:00:00,296.98175,408.68774,551.19464
Origen 4,2023-10-28 04:00:00,296.98175,417.17065,561.50507
Origen 4,2023-10-28 05:00:00,296.98175,433.29477,573.0487
Origen 4,2023-10-28 06:00:00,310.30975,434.57913,572.1911
Origen 4,2023-10-28 07:00:00,410.56075,511.22153,726.6557
Origen 4,2023-10-28 08:00:00,426.36775,540.8767,728.8041
Origen 4,2023-10-28 09:00:00,413.63975,574.4391,770.0847
Origen 4,2023-10-28 10:00:00,444.16975,543.6253,731.6373
Origen 4,2023-10-28 11:00:00,748.67275,571.84906,769.29016
Origen 4,2023-10-28 12:00:00,656.96575,571.84906,769.29016
Origen 4,2023-10-28 13:00:00,606.52875,571.81714,777.3861
Origen 4,2023-10-28 14:00:00,606.52875,573.8425,871.8825
Origen 4,2023-10-28 15:00:00,655.98175,572.7512,871.8825
Origen 4,2023-10-28 16:00:00,606.52875,574.5569,779.0464
Origen 4,2023-10-28 17:00:00,706.98175,543.7368,739.5955
Origen 4,2023-10-28 18:00:00,956.98175,578.8299,779.8629
Origen 4,2023-10-28 19:00:00,706.98175,583.2128,874.66406
Origen 4,2023-10-28 20:00:00,655.98175,582.24677,780.6971
Origen 4,2023-10-28 21:00:00,426.36775,548.7521,736.6453
Origen 4,2023-10-28 22:00:00,410.56075,522.3112,736.0294
Origen 4,2023-10-28 23:00:00,310.30975,513.90125,726.274
Origen 4,2023-10-29 00:00:00,292.55684,311.05948,371.2458
Origen 4,2023-10-29 01:00:00,292.55684,307.11578,365.60223
Origen 4,2023-10-29 02:00:00,292.55684,302.32382,355.87683
Origen 4,2023-10-29 03:00:00,292.55684,297.61444,354.34152
Origen 4,2023-10-29 04:00:00,292.55684,301.72702,358.4408
Origen 4,2023-10-29 05:00:00,292.55684,311.04727,365.58862
Origen 4,2023-10-29 06:00:00,292.55684,315.94962,374.56805
Origen 4,2023-10-29 07:00:00,292.55684,380.1205,458.50583
Origen 4,2023-10-29 08:00:00,292.55684,393.49976,495.71933
Origen 4,2023-10-29 09:00:00,292.55684,414.93182,451.7583
Origen 4,2023-10-29 10:00:00,292.55684,428.8596,491.6243
Origen 4,2023-10-29 11:00:00,292.55684,567.5783,733.8329
Origen 4,2023-10-29 12:00:00,292.55684,538.62396,697.56055
Origen 4,2023-10-29 13:00:00,292.55684,536.3007,692.07825
Origen 4,2023-10-29 14:00:00,292.55684,535.9362,693.9301
Origen 4,2023-10-29 15:00:00,292.55684,536.9346,705.7381
Origen 4,2023-10-29 16:00:00,292.55684,536.9346,692.6148
Origen 4,2023-10-29 17:00:00,292.55684,536.9346,717.788
Origen 4,2023-10-29 18:00:00,952.55684,570.22723,831.9898
Origen 4,2023-10-29 19:00:00,952.55684,535.95593,720.22156
Origen 4,2023-10-29 20:00:00,651.55684,537.0854,706.9375
Origen 4,2023-10-29 21:00:00,305.88484,412.00763,489.84683
Origen 4,2023-10-29 22:00:00,305.88484,378.34686,451.87698
Origen 4,2023-10-29 23:00:00,292.55684,312.82236,371.12775
Origen 4,2023-10-30 00:00:00,274.12049,295.8355,348.68616
Origen 4,2023-10-30 01:00:00,274.12049,291.416,344.44855
Origen 4,2023-10-30 02:00:00,274.12049,290.49988,337.3197
Origen 4,2023-10-30 03:00:00,274.12049,289.38388,337.0705
Origen 4,2023-10-30 04:00:00,274.12049,292.9248,343.80447
Origen 4,2023-10-30 05:00:00,274.12049,297.16708,354.66187
Origen 4,2023-10-30 06:00:00,274.12049,299.22168,360.64297
Origen 4,2023-10-30 07:00:00,454.23049,303.21533,362.342
Origen 4,2023-10-30 08:00:00,709.13049,307.1309,362.42392
Origen 4,2023-10-30 09:00:00,472.84449,327.29788,363.66165
Origen 4,2023-10-30 10:00:00,735.83049,325.77075,363.60327
Origen 4,2023-10-30 11:00:00,454.23049,326.61966,334.56573
Origen 4,2023-10-30 12:00:00,709.13049,323.64133,333.1044
Origen 4,2023-10-30 13:00:00,709.13049,323.52206,338.6357
Origen 4,2023-10-30 14:00:00,748.24049,321.53152,338.6385
Origen 4,2023-10-30 15:00:00,748.24049,314.78778,338.4675
Origen 4,2023-10-30 16:00:00,748.24049,315.2888,337.94806
Origen 4,2023-10-30 17:00:00,748.24049,315.8198,337.94806
Origen 4,2023-10-30 18:00:00,748.24049,547.0148,773.43427
Origen 4,2023-10-30 19:00:00,748.24049,525.90546,770.07336
Origen 4,2023-10-30 20:00:00,748.24049,498.47577,653.9558
Origen 4,2023-10-30 21:00:00,554.13049,320.31223,348.06537
Origen 4,2023-10-30 22:00:00,454.23049,301.83194,349.23843
Origen 4,2023-10-30 23:00:00,454.23049,279.2502,328.0244
Origen 4,2023-10-31 00:00:00,105.41225,269.9003,303.81943
Origen 4,2023-10-31 01:00:00,105.41225,266.54004,298.957
Origen 4,2023-10-31 02:00:00,266.39225,266.51172,293.0033
Origen 4,2023-10-31 03:00:00,232.34425,264.10718,291.9203
Origen 4,2023-10-31 04:00:00,275.40225,264.30798,292.61447
Origen 4,2023-10-31 05:00:00,275.40225,268.54822,297.4394
Origen 4,2023-10-31 06:00:00,275.40225,270.68402,304.0938
Origen 4,2023-10-31 07:00:00,455.51225,364.0501,436.8777
Origen 4,2023-10-31 08:00:00,455.51225,459.50803,636.69165
Origen 4,2023-10-31 09:00:00,455.51225,418.7513,446.52603
Origen 4,2023-10-31 10:00:00,655.41225,532.40314,662.2977
Origen 4,2023-10-31 11:00:00,655.41225,406.4745,448.0999
Origen 4,2023-10-31 12:00:00,655.41225,504.8247,643.4038
Origen 4,2023-10-31 13:00:00,655.69325,510.02917,653.3612
Origen 4,2023-10-31 14:00:00,710.41225,539.5041,736.5368
Origen 4,2023-10-31 15:00:00,710.41225,549.68994,747.9205
Origen 4,2023-10-31 16:00:00,710.41225,548.57837,753.6323
Origen 4,2023-10-31 17:00:00,710.41225,553.74945,756.371
Origen 4,2023-10-31 18:00:00,1018.72925,554.5903,757.28076
Origen 4,2023-10-31 19:00:00,1006.41225,555.3993,761.44183
Origen 4,2023-10-31 20:00:00,655.69325,553.2272,755.58655
Origen 4,2023-10-31 21:00:00,555.41225,430.6999,622.6781
Origen 4,2023-10-31 22:00:00,308.74025,388.50333,495.61246
Origen 4,2023-10-31 23:00:00,296.54325,378.46146,486.35007
Origen 4,2023-11-01 00:00:00,110.02194,187.42342,189.67184
Origen 4,2023-11-01 01:00:00,110.02394,182.90993,185.20287
Origen 4,2023-11-01 02:00:00,110.02394,269.54437,307.40134
Origen 4,2023-11-01 03:00:00,110.02394,250.8135,275.0138
Origen 4,2023-11-01 04:00:00,110.02394,273.98016,321.9685
Origen 4,2023-11-01 05:00:00,110.02394,274.0409,326.64258
Origen 4,2023-11-01 06:00:00,110.02394,272.92792,326.33167
Origen 4,2023-11-01 07:00:00,245.88394,369.27756,462.2256
Origen 4,2023-11-01 08:00:00,314.23194,377.2271,471.49527
Origen 4,2023-11-01 09:00:00,715.90394,377.4726,476.6097
Origen 4,2023-11-01 10:00:00,715.90394,474.6674,677.7344
Origen 4,2023-11-01 11:00:00,715.90394,480.67548,687.3657
Origen 4,2023-11-01 12:00:00,618.65694,482.0853,690.68274
Origen 4,2023-11-01 13:00:00,618.65694,480.25232,699.0736
Origen 4,2023-11-01 14:00:00,739.66294,480.425,706.7565
Origen 4,2023-11-01 15:00:00,739.66294,480.7795,706.7565
Origen 4,2023-11-01 16:00:00,739.66294,478.92572,706.18445
Origen 4,2023-11-01 17:00:00,739.66294,483.72687,714.5254
Origen 4,2023-11-01 18:00:00,739.66294,522.3426,829.4064
Origen 4,2023-11-01 19:00:00,739.66294,549.8684,829.4064
Origen 4,2023-11-01 20:00:00,618.65694,490.88104,704.73193
Origen 4,2023-11-01 21:00:00,314.23194,433.66248,611.22516
Origen 4,2023-11-01 22:00:00,110.02394,307.62378,373.7187
Origen 4,2023-11-01 23:00:00,110.02394,294.45502,360.25177
Origen 4,2023-11-02 00:00:00,104.36476,186.04399,189.60324
Origen 4,2023-11-02 01:00:00,104.36476,182.79771,187.46997
Origen 4,2023-11-02 02:00:00,104.36476,179.49767,184.03316
Origen 4,2023-11-02 03:00:00,104.36476,178.69278,182.52875
Origen 4,2023-11-02 04:00:00,104.36476,182.30826,185.04219
Origen 4,2023-11-02 05:00:00,107.01076,187.7644,192.31392
Origen 4,2023-11-02 06:00:00,104.36476,189.04765,194.81992
Origen 4,2023-11-02 07:00:00,357.83276,271.30078,317.42816
Origen 4,2023-11-02 08:00:00,617.83276,294.02933,368.79596
Origen 4,2023-11-02 09:00:00,617.83276,496.60226,677.7686
Origen 4,2023-11-02 10:00:00,617.83276,504.62708,684.35034
Origen 4,2023-11-02 11:00:00,617.83276,509.04736,686.2211
Origen 4,2023-11-02 12:00:00,617.83276,493.05588,673.8321
Origen 4,2023-11-02 13:00:00,707.83276,498.36954,681.7458
Origen 4,2023-11-02 14:00:00,729.69176,526.5403,718.38824
Origen 4,2023-11-02 15:00:00,618.83276,526.74646,718.38824
Origen 4,2023-11-02 16:00:00,618.83276,526.74646,718.0876
Origen 4,2023-11-02 17:00:00,617.83276,525.60565,718.38824
Origen 4,2023-11-02 18:00:00,729.69176,518.8541,710.5787
Origen 4,2023-11-02 19:00:00,707.83276,518.8541,710.5787
Origen 4,2023-11-02 20:00:00,407.83276,491.11447,673.77655
Origen 4,2023-11-02 21:00:00,407.83276,295.8018,341.78955
Origen 4,2023-11-02 22:00:00,152.05076,186.12448,181.95773
Origen 4,2023-11-02 23:00:00,111.14176,180.71184,181.37328
Origen 4,2023-11-03 00:00:00,104.59704,173.49817,166.13141
Origen 4,2023-11-03 01:00:00,104.59704,162.02367,162.56326
Origen 4,2023-11-03 02:00:00,104.59704,153.19304,159.4295
Origen 4,2023-11-03 03:00:00,104.59704,153.1121,159.4295
Origen 4,2023-11-03 04:00:00,104.59704,162.57964,162.42258
Origen 4,2023-11-03 05:00:00,107.84304,175.31485,173.6142
Origen 4,2023-11-03 06:00:00,107.86504,178.90413,171.24463
Origen 4,2023-11-03 07:00:00,236.82004,295.50674,360.2813
Origen 4,2023-11-03 08:00:00,243.04504,477.0972,600.53845
Origen 4,2023-11-03 09:00:00,311.39304,474.03973,597.8601
Origen 4,2023-11-03 10:00:00,408.06504,472.81302,597.8601
Origen 4,2023-11-03 11:00:00,408.06504,477.3824,599.4944
Origen 4,2023-11-03 12:00:00,311.39304,476.72543,599.1175
Origen 4,2023-11-03 13:00:00,408.06504,482.68655,617.16864
Origen 4,2023-11-03 14:00:00,408.06504,510.5202,618.7111
Origen 4,2023-11-03 15:00:00,485.19804,485.22894,607.92316
Origen 4,2023-11-03 16:00:00,618.06504,484.92966,607.5409
Origen 4,2023-11-03 17:00:00,408.06504,483.00912,607.5409
Origen 4,2023-11-03 18:00:00,585.09404,511.75497,618.7111
Origen 4,2023-11-03 19:00:00,408.06504,485.24353,618.32214
Origen 4,2023-11-03 20:00:00,408.06504,341.8924,379.84018
Origen 4,2023-11-03 21:00:00,311.39304,337.40286,379.22635
Origen 4,2023-11-03 22:00:00,150.36904,185.74066,201.42142
Origen 4,2023-11-03 23:00:00,107.86504,181.1178,181.53853
Origen 4,2023-11-04 00:00:00,244.50354,173.06256,162.90587
Origen 4,2023-11-04 01:00:00,244.50354,163.81186,158.51146
Origen 4,2023-11-04 02:00:00,109.21054,162.9915,157.26352
Origen 4,2023-11-04 03:00:00,104.84654,162.5229,156.32059
Origen 4,2023-11-04 04:00:00,103.84654,166.69362,157.52829
Origen 4,2023-11-04 05:00:00,104.84654,174.09668,167.61142
Origen 4,2023-11-04 06:00:00,109.21054,176.49637,167.22958
Origen 4,2023-11-04 07:00:00,599.55754,242.42192,253.68523
Origen 4,2023-11-04 08:00:00,616.84654,248.33583,265.88925
Origen 4,2023-11-04 09:00:00,616.84654,270.46094,317.84546
Origen 4,2023-11-04 10:00:00,616.84654,314.0226,362.74585
Origen 4,2023-11-04 11:00:00,617.03754,314.1162,362.31662
Origen 4,2023-11-04 12:00:00,616.84654,270.72406,311.66638
Origen 4,2023-11-04 13:00:00,599.55754,307.54105,348.65024
Origen 4,2023-11-04 14:00:00,738.60054,306.48804,347.82196
Origen 4,2023-11-04 15:00:00,599.55754,367.73703,411.20605
Origen 4,2023-11-04 16:00:00,599.55754,427.02164,543.7145
Origen 4,2023-11-04 17:00:00,738.60054,284.91208,343.96143
Origen 4,2023-11-04 18:00:00,738.60054,402.92856,478.51917
Origen 4,2023-11-04 19:00:00,738.60054,288.4493,347.98587
Origen 4,2023-11-04 20:00:00,738.60054,288.18326,347.66064
Origen 4,2023-11-04 21:00:00,406.84654,247.01158,303.37064
Origen 4,2023-11-04 22:00:00,260.83454,159.28833,183.20961
Origen 4,2023-11-04 23:00:00,260.83454,160.72629,154.99469
Origen 4,2023-11-05 00:00:00,110.10931,204.22844,234.5898
Origen 4,2023-11-05 01:00:00,247.83531,198.12288,232.42773
Origen 4,2023-11-05 02:00:00,110.10931,146.38475,145.50359
Origen 4,2023-11-05 03:00:00,106.97131,145.19392,144.46735
Origen 4,2023-11-05 04:00:00,110.10931,148.85847,146.28763
Origen 4,2023-11-05 05:00:00,106.97031,156.59468,150.15329
Origen 4,2023-11-05 06:00:00,106.97031,157.12785,154.5313
Origen 4,2023-11-05 07:00:00,110.28231,394.7062,516.0159
Origen 4,2023-11-05 08:00:00,326.97331,426.56842,538.7146
Origen 4,2023-11-05 09:00:00,247.83531,443.10437,555.88525
Origen 4,2023-11-05 10:00:00,326.97331,443.10437,556.8783
Origen 4,2023-11-05 11:00:00,326.97331,442.74554,564.03345
Origen 4,2023-11-05 12:00:00,326.97331,442.74554,570.3102
Origen 4,2023-11-05 13:00:00,326.97331,447.33157,568.7758
Origen 4,2023-11-05 14:00:00,262.08931,468.3548,604.04224
Origen 4,2023-11-05 15:00:00,260.96131,459.80722,568.3333
Origen 4,2023-11-05 16:00:00,326.97331,465.92773,568.3333
Origen 4,2023-11-05 17:00:00,326.97331,491.5882,606.70544
Origen 4,2023-11-05 18:00:00,716.97331,502.03143,625.2043
Origen 4,2023-11-05 19:00:00,736.43731,502.03143,632.45
Origen 4,2023-11-05 20:00:00,736.43731,500.88702,633.6916
Origen 4,2023-11-05 21:00:00,736.43731,348.24136,405.11844
Origen 4,2023-11-05 22:00:00,106.97031,277.07126,309.7509
Origen 4,2023-11-05 23:00:00,106.97031,272.70413,303.79233
Origen 4,2023-11-06 00:00:00,111.80566,179.29175,195.54558
Origen 4,2023-11-06 01:00:00,108.92766,268.47702,300.5242
Origen 4,2023-11-06 02:00:00,241.79166,174.91022,189.88007
Origen 4,2023-11-06 03:00:00,108.92766,174.91022,184.44968
Origen 4,2023-11-06 04:00:00,241.79166,175.55762,189.7776
Origen 4,2023-11-06 05:00:00,111.80566,180.50583,192.01099
Origen 4,2023-11-06 06:00:00,108.92766,181.67207,193.87514
Origen 4,2023-11-06 07:00:00,108.92766,185.67352,192.70139
Origen 4,2023-11-06 08:00:00,328.93066,325.5415,355.8171
Origen 4,2023-11-06 09:00:00,408.93066,303.42618,306.2048
Origen 4,2023-11-06 10:00:00,408.93066,328.01797,360.40985
Origen 4,2023-11-06 11:00:00,423.93066,327.55676,361.16354
Origen 4,2023-11-06 12:00:00,423.93066,327.75235,360.44165
Origen 4,2023-11-06 13:00:00,408.93066,328.28555,366.16525
Origen 4,2023-11-06 14:00:00,423.93066,294.70813,304.60825
Origen 4,2023-11-06 15:00:00,423.93066,290.11908,303.12698
Origen 4,2023-11-06 16:00:00,423.93066,310.78915,356.50238
Origen 4,2023-11-06 17:00:00,608.93066,294.86264,354.15085
Origen 4,2023-11-06 18:00:00,1068.93066,455.18118,608.3384
Origen 4,2023-11-06 19:00:00,1068.93066,463.30972,627.2874
Origen 4,2023-11-06 20:00:00,1067.93066,462.7306,617.59753
Origen 4,2023-11-06 21:00:00,718.93066,461.4293,619.84125
Origen 4,2023-11-06 22:00:00,383.78466,177.73405,175.57797
Origen 4,2023-11-06 23:00:00,328.93066,168.86537,174.93098
Origen 4,2023-11-07 00:00:00,112.94894,166.06805,149.76802
Origen 4,2023-11-07 01:00:00,112.94894,163.89899,145.12927
Origen 4,2023-11-07 02:00:00,112.94894,213.79445,244.0151
Origen 4,2023-11-07 03:00:00,112.94894,157.03908,153.11832
Origen 4,2023-11-07 04:00:00,241.70694,208.9436,242.73691
Origen 4,2023-11-07 05:00:00,268.06794,156.89104,162.2857
Origen 4,2023-11-07 06:00:00,316.27994,157.28436,158.0198
Origen 4,2023-11-07 07:00:00,427.95194,164.99261,168.24841
Origen 4,2023-11-07 08:00:00,605.66294,279.989,338.68726
Origen 4,2023-11-07 09:00:00,427.95194,322.2434,373.9121
Origen 4,2023-11-07 10:00:00,605.66294,343.10483,377.49615
Origen 4,2023-11-07 11:00:00,715.07394,359.40726,410.9275
Origen 4,2023-11-07 12:00:00,724.53294,363.42157,412.31168
Origen 4,2023-11-07 13:00:00,724.53294,349.75854,382.12778
Origen 4,2023-11-07 14:00:00,822.95194,363.37997,417.50162
Origen 4,2023-11-07 15:00:00,822.95194,365.8851,418.16727
Origen 4,2023-11-07 16:00:00,916.95194,376.9037,422.9581
Origen 4,2023-11-07 17:00:00,916.95194,491.00677,609.73035
Origen 4,2023-11-07 18:00:00,1032.95194,518.56866,729.86505
Origen 4,2023-11-07 19:00:00,1032.95194,520.00134,730.1523
Origen 4,2023-11-07 20:00:00,822.95194,529.0003,729.9834
Origen 4,2023-11-07 21:00:00,605.66294,504.65308,635.96985
Origen 4,2023-11-07 22:00:00,343.21294,331.84576,387.7408
Origen 4,2023-11-07 23:00:00,332.95194,310.57925,348.77213
Origen 4,2023-11-08 00:00:00,106.5456,181.6828,162.57785
Origen 4,2023-11-08 01:00:00,106.5456,174.0107,159.87936
Origen 4,2023-11-08 02:00:00,106.5456,173.14476,158.19969
Origen 4,2023-11-08 03:00:00,103.1486,168.47183,157.5075
Origen 4,2023-11-08 04:00:00,106.5456,232.81728,251.83997
Origen 4,2023-11-08 05:00:00,247.4106,254.70667,272.1832
Origen 4,2023-11-08 06:00:00,235.3036,266.96133,314.025
Origen 4,2023-11-08 07:00:00,336.8096,332.82895,400.2408
Origen 4,2023-11-08 08:00:00,421.5486,455.22546,636.79034
Origen 4,2023-11-08 09:00:00,421.5486,358.1254,468.9947
Origen 4,2023-11-08 10:00:00,616.7396,482.24948,667.4196
Origen 4,2023-11-08 11:00:00,421.5486,502.58807,700.4855
Origen 4,2023-11-08 12:00:00,421.5486,523.21533,703.8228
Origen 4,2023-11-08 13:00:00,718.1426,522.08093,715.22974
Origen 4,2023-11-08 14:00:00,616.7396,527.2571,833.30444
Origen 4,2023-11-08 15:00:00,718.1426,523.78094,833.107
Origen 4,2023-11-08 16:00:00,891.5486,523.78094,834.1643
Origen 4,2023-11-08 17:00:00,718.1426,527.9749,836.5579
Origen 4,2023-11-08 18:00:00,891.5486,565.56854,837.2123
Origen 4,2023-11-08 19:00:00,891.5486,565.56854,838.15137
Origen 4,2023-11-08 20:00:00,891.5486,562.9992,833.9821
Origen 4,2023-11-08 21:00:00,616.7396,496.08063,682.9108
Origen 4,2023-11-08 22:00:00,406.5486,328.32593,396.05725
Origen 4,2023-11-08 23:00:00,326.5486,323.4559,379.53476
Origen 4,2023-11-09 00:00:00,382.85667,190.60071,176.35973
Origen 4,2023-11-09 01:00:00,382.85667,183.15335,173.41504
Origen 4,2023-11-09 02:00:00,382.85667,181.31871,172.1502
Origen 4,2023-11-09 03:00:00,382.85667,174.02414,168.36607
Origen 4,2023-11-09 04:00:00,382.85667,176.26482,172.52649
Origen 4,2023-11-09 05:00:00,402.85667,272.7538,310.7453
Origen 4,2023-11-09 06:00:00,382.85667,248.05818,287.47577
Origen 4,2023-11-09 07:00:00,403.61767,316.08936,386.21484
Origen 4,2023-11-09 08:00:00,417.85667,370.86734,476.71497
Origen 4,2023-11-09 09:00:00,482.85667,377.86444,485.28638
Origen 4,2023-11-09 10:00:00,613.04767,501.65384,704.08124
Origen 4,2023-11-09 11:00:00,613.04767,384.24744,490.09796
Origen 4,2023-11-09 12:00:00,562.85667,388.57724,488.44904
Origen 4,2023-11-09 13:00:00,562.85667,519.87164,723.2356
Origen 4,2023-11-09 14:00:00,718.39467,502.84937,709.7686
Origen 4,2023-11-09 15:00:00,718.39467,515.56287,721.8192
Origen 4,2023-11-09 16:00:00,718.39467,527.82983,835.74927
Origen 4,2023-11-09 17:00:00,718.39467,512.6694,721.0452
Origen 4,2023-11-09 18:00:00,1062.85667,553.0647,820.9628
Origen 4,2023-11-09 19:00:00,1062.85667,555.15204,820.9628
Origen 4,2023-11-09 20:00:00,1062.85667,552.63,820.31915
Origen 4,2023-11-09 21:00:00,562.85667,505.56232,701.35236
Origen 4,2023-11-09 22:00:00,403.61767,348.44067,416.69492
Origen 4,2023-11-09 23:00:00,402.85667,311.82425,378.155
Origen 4,2023-11-10 00:00:00,811.2007,336.4336,415.88525
Origen 4,2023-11-10 01:00:00,499.2007,328.43927,413.98898
Origen 4,2023-11-10 02:00:00,499.2007,322.04172,412.10898
Origen 4,2023-11-10 03:00:00,407.2007,323.7625,413.603
Origen 4,2023-11-10 04:00:00,477.7257,333.07675,415.73093
Origen 4,2023-11-10 05:00:00,477.7257,355.6093,424.17215
Origen 4,2023-11-10 06:00:00,407.2007,349.17596,430.76892
Origen 4,2023-11-10 07:00:00,499.2007,369.71115,435.46567
Origen 4,2023-11-10 08:00:00,499.2007,416.75333,479.86618
Origen 4,2023-11-10 09:00:00,499.2007,468.5838,527.92456
Origen 4,2023-11-10 10:00:00,530.2007,561.0247,698.9693
Origen 4,2023-11-10 11:00:00,780.2007,561.9679,700.5583
Origen 4,2023-11-10 12:00:00,780.2007,499.27744,634.7268
Origen 4,2023-11-10 13:00:00,780.2007,500.1207,651.3206
Origen 4,2023-11-10 14:00:00,780.2007,576.4435,733.111
Origen 4,2023-11-10 15:00:00,780.2007,575.7024,733.111
Origen 4,2023-11-10 16:00:00,811.2007,576.6934,737.20233
Origen 4,2023-11-10 17:00:00,811.2007,576.6934,737.20233
Origen 4,2023-11-10 18:00:00,811.2007,589.40027,847.89136
Origen 4,2023-11-10 19:00:00,811.2007,589.40027,847.89136
Origen 4,2023-11-10 20:00:00,811.2007,589.2727,853.302
Origen 4,2023-11-10 21:00:00,530.2007,492.74567,637.1059
Origen 4,2023-11-10 22:00:00,499.2007,391.8608,426.62558
Origen 4,2023-11-10 23:00:00,499.2007,364.43085,436.83292
Origen 4,2023-11-11 00:00:00,396.48963,519.2234,797.3072
Origen 4,2023-11-11 01:00:00,396.48963,420.73398,528.36066
Origen 4,2023-11-11 02:00:00,396.48963,423.13116,513.03595
Origen 4,2023-11-11 03:00:00,396.48963,358.55017,426.69476
Origen 4,2023-11-11 04:00:00,396.48963,412.77078,496.82895
Origen 4,2023-11-11 05:00:00,396.48963,422.66232,498.56635
Origen 4,2023-11-11 06:00:00,396.48963,374.874,428.35806
Origen 4,2023-11-11 07:00:00,471.31163,457.27267,554.2477
Origen 4,2023-11-11 08:00:00,655.48963,471.32782,555.30853
Origen 4,2023-11-11 09:00:00,724.68863,474.18396,555.30853
Origen 4,2023-11-11 10:00:00,724.68863,476.14633,614.0702
Origen 4,2023-11-11 11:00:00,724.68863,580.874,804.64075
Origen 4,2023-11-11 12:00:00,724.68863,580.874,804.64075
Origen 4,2023-11-11 13:00:00,724.68863,579.9842,810.9743
Origen 4,2023-11-11 14:00:00,724.68863,583.0088,813.66296
Origen 4,2023-11-11 15:00:00,785.48963,581.39,813.66296
Origen 4,2023-11-11 16:00:00,785.48963,582.1945,856.902
Origen 4,2023-11-11 17:00:00,785.48963,584.2246,856.902
Origen 4,2023-11-11 18:00:00,816.48963,584.6373,855.5734
Origen 4,2023-11-11 19:00:00,816.48963,588.13275,865.8006
Origen 4,2023-11-11 20:00:00,816.48963,596.0736,879.15826
Origen 4,2023-11-11 21:00:00,655.48963,486.55426,638.13055
Origen 4,2023-11-11 22:00:00,471.31163,479.18204,568.683
Origen 4,2023-11-11 23:00:00,412.48963,464.41788,567.6841
Origen 4,2023-11-12 00:00:00,810.8672,367.56296,443.169
Origen 4,2023-11-12 01:00:00,810.8672,370.37973,452.43024
Origen 4,2023-11-12 02:00:00,810.8672,355.88583,436.39465
Origen 4,2023-11-12 03:00:00,779.8672,353.30948,436.9652
Origen 4,2023-11-12 04:00:00,554.8672,355.98053,433.00354
Origen 4,2023-11-12 05:00:00,779.8672,355.15448,439.66302
Origen 4,2023-11-12 06:00:00,554.8672,358.83325,438.98282
Origen 4,2023-11-12 07:00:00,554.8672,444.4871,490.47156
Origen 4,2023-11-12 08:00:00,449.8672,521.86786,708.9325
Origen 4,2023-11-12 09:00:00,449.8672,539.3238,707.219
Origen 4,2023-11-12 10:00:00,554.8672,544.78,715.7428
Origen 4,2023-11-12 11:00:00,554.8672,541.2377,717.3148
Origen 4,2023-11-12 12:00:00,554.8672,541.9888,714.76294
Origen 4,2023-11-12 13:00:00,554.8672,544.3534,723.2459
Origen 4,2023-11-12 14:00:00,554.8672,543.8568,724.9129
Origen 4,2023-11-12 15:00:00,554.8672,537.2163,790.5682
Origen 4,2023-11-12 16:00:00,554.8672,536.7797,792.7417
Origen 4,2023-11-12 17:00:00,779.8672,536.45215,791.6953
Origen 4,2023-11-12 18:00:00,811.8672,549.0528,853.9236
Origen 4,2023-11-12 19:00:00,811.8672,549.0528,854.4592
Origen 4,2023-11-12 20:00:00,810.8672,547.5526,854.1976
Origen 4,2023-11-12 21:00:00,810.8672,514.256,725.5768
Origen 4,2023-11-12 22:00:00,554.8672,421.72562,492.4577
Origen 4,2023-11-12 23:00:00,554.8672,366.47232,448.16147
Origen 4,2023-11-13 00:00:00,569.74911,514.69507,804.8091
Origen 4,2023-11-13 01:00:00,569.74911,502.02094,802.0358
Origen 4,2023-11-13 02:00:00,569.74911,500.81827,801.82434
Origen 4,2023-11-13 03:00:00,569.74911,476.12366,736.1899
Origen 4,2023-11-13 04:00:00,569.74911,416.80124,606.3676
Origen 4,2023-11-13 05:00:00,569.74911,488.6321,764.9121
Origen 4,2023-11-13 06:00:00,554.74911,415.62628,607.8649
Origen 4,2023-11-13 07:00:00,569.74911,423.94754,607.8649
Origen 4,2023-11-13 08:00:00,569.74911,420.36563,534.24896
Origen 4,2023-11-13 09:00:00,569.74911,436.00964,554.0236
Origen 4,2023-11-13 10:00:00,569.74911,515.7633,684.70746
Origen 4,2023-11-13 11:00:00,811.74911,518.46625,685.8326
Origen 4,2023-11-13 12:00:00,811.74911,519.4279,685.8326
Origen 4,2023-11-13 13:00:00,811.74911,518.9231,695.9047
Origen 4,2023-11-13 14:00:00,569.74911,520.5307,696.70856
Origen 4,2023-11-13 15:00:00,569.74911,519.8615,697.12933
Origen 4,2023-11-13 16:00:00,569.74911,519.8615,696.35913
Origen 4,2023-11-13 17:00:00,713.87611,612.97485,880.4475
Origen 4,2023-11-13 18:00:00,811.74911,614.77515,928.9615
Origen 4,2023-11-13 19:00:00,812.74911,614.77515,928.9615
Origen 4,2023-11-13 20:00:00,811.74911,613.57,920.67285
Origen 4,2023-11-13 21:00:00,811.74911,612.22943,922.39185
Origen 4,2023-11-13 22:00:00,811.74911,516.2453,690.7951
Origen 4,2023-11-13 23:00:00,713.87611,491.27325,679.6408
Origen 4,2023-11-14 00:00:00,812.1792,455.5914,645.16266
Origen 4,2023-11-14 01:00:00,811.1792,441.44125,629.7546
Origen 4,2023-11-14 02:00:00,746.3752,434.44174,621.00305
Origen 4,2023-11-14 03:00:00,725.3202,434.0057,618.83124
Origen 4,2023-11-14 04:00:00,811.1792,441.56442,637.3593
Origen 4,2023-11-14 05:00:00,812.1792,442.6104,652.477
Origen 4,2023-11-14 06:00:00,812.1792,443.88828,636.8213
Origen 4,2023-11-14 07:00:00,812.1792,460.60843,678.7654
Origen 4,2023-11-14 08:00:00,812.1792,483.78897,698.7997
Origen 4,2023-11-14 09:00:00,812.1792,512.63934,699.5141
Origen 4,2023-11-14 10:00:00,849.1792,514.2728,699.92786
Origen 4,2023-11-14 11:00:00,849.1792,607.2119,909.6928
Origen 4,2023-11-14 12:00:00,849.1792,606.49194,904.8191
Origen 4,2023-11-14 13:00:00,849.1792,605.345,911.893
Origen 4,2023-11-14 14:00:00,849.1792,515.4397,707.5776
Origen 4,2023-11-14 15:00:00,849.1792,514.77704,707.7179
Origen 4,2023-11-14 16:00:00,849.1792,514.77704,707.7179
Origen 4,2023-11-14 17:00:00,849.1792,591.6975,796.5632
Origen 4,2023-11-14 18:00:00,849.1792,615.21796,916.5279
Origen 4,2023-11-14 19:00:00,849.1792,615.765,916.5279
Origen 4,2023-11-14 20:00:00,849.1792,613.8293,909.2805
Origen 4,2023-11-14 21:00:00,849.1792,604.5681,907.5482
Origen 4,2023-11-14 22:00:00,849.1792,563.5581,892.3556
Origen 4,2023-11-14 23:00:00,812.1792,559.67346,773.1777
Origen 4,2023-11-15 00:00:00,772.99925,557.7111,845.86176
Origen 4,2023-11-15 01:00:00,747.56125,539.1309,840.1598
Origen 4,2023-11-15 02:00:00,725.21925,522.9452,742.3822
Origen 4,2023-11-15 03:00:00,772.99925,522.53815,715.618
Origen 4,2023-11-15 04:00:00,799.36525,522.8806,829.1561
Origen 4,2023-11-15 05:00:00,800.36525,541.68304,841.1767
Origen 4,2023-11-15 06:00:00,800.36525,528.918,819.41406
Origen 4,2023-11-15 07:00:00,803.36525,533.558,840.5007
Origen 4,2023-11-15 08:00:00,803.36525,554.01996,873.64246
Origen 4,2023-11-15 09:00:00,803.36525,562.31104,881.723
Origen 4,2023-11-15 10:00:00,803.36525,568.39703,893.79626
Origen 4,2023-11-15 11:00:00,811.36525,572.25244,896.7461
Origen 4,2023-11-15 12:00:00,803.36525,572.25244,896.20447
Origen 4,2023-11-15 13:00:00,803.36525,579.72205,901.9106
Origen 4,2023-11-15 14:00:00,803.36525,576.3042,903.2801
Origen 4,2023-11-15 15:00:00,803.36525,574.0817,902.88824
Origen 4,2023-11-15 16:00:00,803.36525,573.9057,900.2722
Origen 4,2023-11-15 17:00:00,803.36525,577.6352,901.50336
Origen 4,2023-11-15 18:00:00,811.36525,617.6267,901.14276
Origen 4,2023-11-15 19:00:00,811.36525,617.6267,900.6355
Origen 4,2023-11-15 20:00:00,811.36525,613.415,892.92377
Origen 4,2023-11-15 21:00:00,803.36525,597.19684,895.419
Origen 4,2023-11-15 22:00:00,803.36525,562.35254,894.2959
Origen 4,2023-11-15 23:00:00,803.36525,524.5896,861.47534
Origen 4,2023-11-16 00:00:00,471.22673,528.37256,805.2832
Origen 4,2023-11-16 01:00:00,558.49773,520.23145,749.8831
Origen 4,2023-11-16 02:00:00,482.92973,508.96634,722.5469
Origen 4,2023-11-16 03:00:00,405.40473,531.6522,785.652
Origen 4,2023-11-16 04:00:00,482.92973,532.7521,829.5615
Origen 4,2023-11-16 05:00:00,635.40473,528.42523,837.3996
Origen 4,2023-11-16 06:00:00,635.40473,530.5018,840.5624
Origen 4,2023-11-16 07:00:00,705.40473,560.1185,847.5009
Origen 4,2023-11-16 08:00:00,635.40473,567.22003,867.55414
Origen 4,2023-11-16 09:00:00,635.40473,584.8501,878.85815
Origen 4,2023-11-16 10:00:00,729.84073,594.1904,884.8634
Origen 4,2023-11-16 11:00:00,729.84073,608.2227,886.743
Origen 4,2023-11-16 12:00:00,729.84073,609.01263,887.4926
Origen 4,2023-11-16 13:00:00,729.84073,616.9188,896.9172
Origen 4,2023-11-16 14:00:00,804.40473,607.43286,901.33875
Origen 4,2023-11-16 15:00:00,810.40473,606.1323,901.33875
Origen 4,2023-11-16 16:00:00,804.40473,605.92914,908.1802
Origen 4,2023-11-16 17:00:00,804.40473,632.2992,920.67847
Origen 4,2023-11-16 18:00:00,810.40473,636.0347,921.25775
Origen 4,2023-11-16 19:00:00,810.40473,638.3916,924.70123
Origen 4,2023-11-16 20:00:00,804.40473,636.7472,921.24677
Origen 4,2023-11-16 21:00:00,767.92873,632.119,919.6605
Origen 4,2023-11-16 22:00:00,729.84073,627.2198,919.74695
Origen 4,2023-11-16 23:00:00,635.40473,614.74084,917.4697
Origen 4,2023-11-17 00:00:00,552.19812,477.53128,548.13696
Origen 4,2023-11-17 01:00:00,552.19812,493.66333,656.1808
Origen 4,2023-11-17 02:00:00,552.19812,452.6294,552.81366
Origen 4,2023-11-17 03:00:00,552.19812,392.3954,464.25888
Origen 4,2023-11-17 04:00:00,552.19812,460.6159,561.0704
Origen 4,2023-11-17 05:00:00,552.19812,563.6452,757.39197
Origen 4,2023-11-17 06:00:00,552.19812,577.5041,759.62317
Origen 4,2023-11-17 07:00:00,552.19812,581.3315,776.24005
Origen 4,2023-11-17 08:00:00,557.19812,593.43304,761.3475
Origen 4,2023-11-17 09:00:00,627.19812,593.8019,761.5632
Origen 4,2023-11-17 10:00:00,632.19812,631.8821,776.5337
Origen 4,2023-11-17 11:00:00,632.19812,634.6865,777.8096
Origen 4,2023-11-17 12:00:00,717.43612,634.6865,777.8096
Origen 4,2023-11-17 13:00:00,717.43612,633.4312,783.9321
Origen 4,2023-11-17 14:00:00,792.19812,633.5463,902.32697
Origen 4,2023-11-17 15:00:00,792.19812,632.73175,902.32697
Origen 4,2023-11-17 16:00:00,792.19812,632.3698,902.32697
Origen 4,2023-11-17 17:00:00,792.19812,632.3698,902.32697
Origen 4,2023-11-17 18:00:00,803.19812,632.3698,902.06836
Origen 4,2023-11-17 19:00:00,803.19812,632.0153,902.06836
Origen 4,2023-11-17 20:00:00,632.19812,631.8785,895.352
Origen 4,2023-11-17 21:00:00,632.19812,629.2557,849.24286
Origen 4,2023-11-17 22:00:00,632.19812,623.4012,777.1107
Origen 4,2023-11-17 23:00:00,627.19812,581.35834,757.30054
Origen 4,2023-11-18 00:00:00,385.27822,490.10428,648.3397
Origen 4,2023-11-18 01:00:00,350.78922,467.30902,642.5549
Origen 4,2023-11-18 02:00:00,350.78922,461.03165,632.5749
Origen 4,2023-11-18 03:00:00,350.78922,470.6987,623.32416
Origen 4,2023-11-18 04:00:00,350.78922,470.77814,632.16626
Origen 4,2023-11-18 05:00:00,350.78922,478.5495,631.1524
Origen 4,2023-11-18 06:00:00,350.78922,477.3892,629.3463
Origen 4,2023-11-18 07:00:00,385.27822,479.06982,629.2482
Origen 4,2023-11-18 08:00:00,450.78922,488.0497,627.8024
Origen 4,2023-11-18 09:00:00,450.78922,527.45447,717.034
Origen 4,2023-11-18 10:00:00,450.78922,528.1496,717.48517
Origen 4,2023-11-18 11:00:00,450.78922,527.1005,715.4763
Origen 4,2023-11-18 12:00:00,450.78922,542.3605,727.4469
Origen 4,2023-11-18 13:00:00,450.78922,545.074,729.5276
Origen 4,2023-11-18 14:00:00,450.78922,558.8606,839.3265
Origen 4,2023-11-18 15:00:00,450.78922,556.5751,839.3265
Origen 4,2023-11-18 16:00:00,450.78922,556.3649,838.87225
Origen 4,2023-11-18 17:00:00,478.31422,555.87067,837.7299
Origen 4,2023-11-18 18:00:00,750.78922,556.26337,837.7299
Origen 4,2023-11-18 19:00:00,478.31422,556.26337,838.8427
Origen 4,2023-11-18 20:00:00,460.78922,528.0794,713.35565
Origen 4,2023-11-18 21:00:00,450.78922,524.3795,712.90717
Origen 4,2023-11-18 22:00:00,450.78922,522.5384,711.69635
Origen 4,2023-11-18 23:00:00,350.78922,520.8848,709.751
Origen 4,2023-11-19 00:00:00,299.85278,360.03336,432.51944
Origen 4,2023-11-19 01:00:00,299.85278,338.76443,405.04965
Origen 4,2023-11-19 02:00:00,299.85278,336.76395,401.59143
Origen 4,2023-11-19 03:00:00,299.85278,332.72247,397.19296
Origen 4,2023-11-19 04:00:00,299.85278,332.93262,399.51566
Origen 4,2023-11-19 05:00:00,299.85278,340.72708,404.78632
Origen 4,2023-11-19 06:00:00,290.85278,343.31024,409.47617
Origen 4,2023-11-19 07:00:00,290.85278,361.70938,435.6395
Origen 4,2023-11-19 08:00:00,299.85278,403.4655,484.49164
Origen 4,2023-11-19 09:00:00,299.85278,403.429,484.49164
Origen 4,2023-11-19 10:00:00,299.85278,403.429,479.6212
Origen 4,2023-11-19 11:00:00,299.85278,401.74753,480.26788
Origen 4,2023-11-19 12:00:00,299.85278,401.74753,479.07166
Origen 4,2023-11-19 13:00:00,299.85278,400.6983,483.86157
Origen 4,2023-11-19 14:00:00,299.85278,401.41034,485.8937
Origen 4,2023-11-19 15:00:00,299.85278,399.3722,486.1567
Origen 4,2023-11-19 16:00:00,299.85278,399.3722,484.28842
Origen 4,2023-11-19 17:00:00,370.55078,424.82657,496.43652
Origen 4,2023-11-19 18:00:00,650.85278,526.0575,712.24426
Origen 4,2023-11-19 19:00:00,650.85278,423.47235,496.68515
Origen 4,2023-11-19 20:00:00,650.85278,416.81775,484.33527
Origen 4,2023-11-19 21:00:00,650.85278,402.76065,447.7187
Origen 4,2023-11-19 22:00:00,299.85278,399.88483,446.46893
Origen 4,2023-11-19 23:00:00,299.85278,341.58636,377.09836
Origen 4,2023-11-20 00:00:00,103.45265,318.8923,343.12006
Origen 4,2023-11-20 01:00:00,206.19265,309.5108,331.4833
Origen 4,2023-11-20 02:00:00,275.45265,307.44647,327.44165
Origen 4,2023-11-20 03:00:00,261.18165,307.80396,326.41635
Origen 4,2023-11-20 04:00:00,261.18165,308.79907,327.06573
Origen 4,2023-11-20 05:00:00,275.45265,314.45267,336.17688
Origen 4,2023-11-20 06:00:00,275.45265,302.477,328.43008
Origen 4,2023-11-20 07:00:00,275.45265,304.0406,329.31628
Origen 4,2023-11-20 08:00:00,275.45265,329.7413,343.74973
Origen 4,2023-11-20 09:00:00,275.45265,330.95123,348.5643
Origen 4,2023-11-20 10:00:00,275.45265,331.47336,349.30136
Origen 4,2023-11-20 11:00:00,356.19465,332.5689,349.8753
Origen 4,2023-11-20 12:00:00,356.19465,332.5689,349.52948
Origen 4,2023-11-20 13:00:00,356.19465,332.44635,353.39456
Origen 4,2023-11-20 14:00:00,375.15065,332.5296,351.79297
Origen 4,2023-11-20 15:00:00,375.15065,332.10205,350.23184
Origen 4,2023-11-20 16:00:00,356.19465,332.10205,348.7497
Origen 4,2023-11-20 17:00:00,389.94165,367.09897,397.0983
Origen 4,2023-11-20 18:00:00,710.45265,528.853,649.11554
Origen 4,2023-11-20 19:00:00,705.45265,529.01013,650.7252
Origen 4,2023-11-20 20:00:00,389.94165,526.40674,645.36884
Origen 4,2023-11-20 21:00:00,482.97765,520.88824,646.0988
Origen 4,2023-11-20 22:00:00,275.45265,335.46814,346.66425
Origen 4,2023-11-20 23:00:00,275.45265,309.2143,342.569
Origen 4,2023-11-21 00:00:00,106.10716,190.19325,176.23534
Origen 4,2023-11-21 01:00:00,106.10716,244.94922,249.65419
Origen 4,2023-11-21 02:00:00,106.10716,283.557,300.83475
Origen 4,2023-11-21 03:00:00,107.33016,282.1188,282.90793
Origen 4,2023-11-21 04:00:00,107.33016,282.46594,279.85608
Origen 4,2023-11-21 05:00:00,107.33016,280.67593,300.32047
Origen 4,2023-11-21 06:00:00,107.33016,284.31235,305.14194
Origen 4,2023-11-21 07:00:00,211.53816,290.69888,311.89578
Origen 4,2023-11-21 08:00:00,108.79816,300.1441,314.26212
Origen 4,2023-11-21 09:00:00,108.79816,313.58795,314.6109
Origen 4,2023-11-21 10:00:00,211.77816,315.01004,315.71817
Origen 4,2023-11-21 11:00:00,361.48316,367.18826,378.7917
Origen 4,2023-11-21 12:00:00,234.48816,370.6025,380.2271
Origen 4,2023-11-21 13:00:00,211.77816,377.52585,391.09082
Origen 4,2023-11-21 14:00:00,395.28716,384.02838,396.6876
Origen 4,2023-11-21 15:00:00,400.79816,383.8806,396.6876
Origen 4,2023-11-21 16:00:00,400.79816,378.19485,393.25778
Origen 4,2023-11-21 17:00:00,700.79816,383.974,411.91724
Origen 4,2023-11-21 18:00:00,700.79816,536.4573,653.1627
Origen 4,2023-11-21 19:00:00,700.79816,541.9533,655.61945
Origen 4,2023-11-21 20:00:00,700.79816,401.25378,411.1441
Origen 4,2023-11-21 21:00:00,400.79816,456.38763,473.50092
Origen 4,2023-11-21 22:00:00,266.52716,293.9674,319.83328
Origen 4,2023-11-21 23:00:00,108.79816,289.80713,315.4416
Origen 4,2023-11-22 00:00:00,105.28744,188.8879,171.67174
Origen 4,2023-11-22 01:00:00,104.06444,185.025,168.6621
Origen 4,2023-11-22 02:00:00,105.28744,182.79248,166.21786
Origen 4,2023-11-22 03:00:00,105.28744,181.71417,167.72006
Origen 4,2023-11-22 04:00:00,105.28744,177.44917,166.41367
Origen 4,2023-11-22 05:00:00,105.28744,165.34868,166.6469
Origen 4,2023-11-22 06:00:00,105.28744,165.374,166.6469
Origen 4,2023-11-22 07:00:00,105.28744,215.12108,244.57552
Origen 4,2023-11-22 08:00:00,232.44544,175.38535,171.43565
Origen 4,2023-11-22 09:00:00,393.24444,178.71783,172.63232
Origen 4,2023-11-22 10:00:00,398.75544,232.78488,253.55858
Origen 4,2023-11-22 11:00:00,708.75544,337.49445,374.71387
Origen 4,2023-11-22 12:00:00,708.75544,238.47935,269.33585
Origen 4,2023-11-22 13:00:00,708.75544,231.51143,250.7622
Origen 4,2023-11-22 14:00:00,708.75544,342.2705,382.4823
Origen 4,2023-11-22 15:00:00,708.75544,341.9056,383.31528
Origen 4,2023-11-22 16:00:00,708.75544,341.83044,384.13257
Origen 4,2023-11-22 17:00:00,708.75544,480.6262,614.22925
Origen 4,2023-11-22 18:00:00,708.75544,514.1522,618.89795
Origen 4,2023-11-22 19:00:00,708.75544,514.1522,617.053
Origen 4,2023-11-22 20:00:00,708.75544,484.6134,613.16113
Origen 4,2023-11-22 21:00:00,398.75544,345.5445,399.16357
Origen 4,2023-11-22 22:00:00,105.53544,274.23083,301.91342
Origen 4,2023-11-22 23:00:00,105.28744,177.33498,177.5797
Origen 4,2023-11-23 00:00:00,100.7856,172.76704,168.26196
Origen 4,2023-11-23 01:00:00,100.7856,169.83626,169.47778
Origen 4,2023-11-23 02:00:00,100.7856,170.03374,169.10913
Origen 4,2023-11-23 03:00:00,100.7856,170.43985,169.04373
Origen 4,2023-11-23 04:00:00,100.7866,173.0893,171.11844
Origen 4,2023-11-23 05:00:00,100.7866,179.55605,176.20702
Origen 4,2023-11-23 06:00:00,100.7866,181.0722,177.53804
Origen 4,2023-11-23 07:00:00,101.0336,183.33151,175.77095
Origen 4,2023-11-23 08:00:00,388.7426,256.14944,275.83224
Origen 4,2023-11-23 09:00:00,584.2536,370.65588,401.30276
Origen 4,2023-11-23 10:00:00,584.2536,374.0746,401.55527
Origen 4,2023-11-23 11:00:00,584.2536,561.8374,636.93854
Origen 4,2023-11-23 12:00:00,584.2536,582.0671,643.92896
Origen 4,2023-11-23 13:00:00,584.2536,578.485,669.6447
Origen 4,2023-11-23 14:00:00,609.2536,580.80316,672.50476
Origen 4,2023-11-23 15:00:00,609.2536,580.0564,675.011
Origen 4,2023-11-23 16:00:00,609.2536,592.96063,679.84735
Origen 4,2023-11-23 17:00:00,609.2536,592.96063,679.84735
Origen 4,2023-11-23 18:00:00,879.3676,592.96063,679.84735
Origen 4,2023-11-23 19:00:00,609.2536,593.4191,679.84735
Origen 4,2023-11-23 20:00:00,584.2536,592.25586,680.0533
Origen 4,2023-11-23 21:00:00,584.2536,423.36066,428.7972
Origen 4,2023-11-23 22:00:00,519.2536,216.28282,200.34009
Origen 4,2023-11-23 23:00:00,354.2536,201.99554,197.35124
Origen 4,2023-11-24 00:00:00,365.42378,181.95288,187.73584
Origen 4,2023-11-24 01:00:00,365.42378,178.28552,187.3665
Origen 4,2023-11-24 02:00:00,365.42378,177.96497,185.63246
Origen 4,2023-11-24 03:00:00,365.42378,175.99187,184.26807
Origen 4,2023-11-24 04:00:00,365.42378,178.40007,187.04575
Origen 4,2023-11-24 05:00:00,365.42378,182.6764,187.54526
Origen 4,2023-11-24 06:00:00,365.42378,183.60797,188.40538
Origen 4,2023-11-24 07:00:00,405.42378,186.2492,188.77202
Origen 4,2023-11-24 08:00:00,405.42378,417.72983,418.35672
Origen 4,2023-11-24 09:00:00,525.42378,591.96625,591.99304
Origen 4,2023-11-24 10:00:00,585.42378,592.518,593.4031
Origen 4,2023-11-24 11:00:00,585.42378,592.0707,593.33875
Origen 4,2023-11-24 12:00:00,585.42378,594.1352,590.3274
Origen 4,2023-11-24 13:00:00,585.42378,591.69073,593.42487
Origen 4,2023-11-24 14:00:00,585.42378,591.26746,645.0101
Origen 4,2023-11-24 15:00:00,585.42378,578.1861,642.9775
Origen 4,2023-11-24 16:00:00,585.42378,578.1861,640.42163
Origen 4,2023-11-24 17:00:00,585.42378,578.1861,640.42163
Origen 4,2023-11-24 18:00:00,585.42378,607.8014,760.1953
Origen 4,2023-11-24 19:00:00,585.42378,578.1861,640.42163
Origen 4,2023-11-24 20:00:00,585.42378,576.05225,584.1413
Origen 4,2023-11-24 21:00:00,585.42378,575.1413,589.7362
Origen 4,2023-11-24 22:00:00,405.42378,502.28238,554.4851
Origen 4,2023-11-24 23:00:00,405.42378,384.38217,399.81506
Origen 4,2023-11-25 00:00:00,260.47577,375.14148,387.72992
Origen 4,2023-11-25 01:00:00,260.47577,367.33765,380.8537
Origen 4,2023-11-25 02:00:00,258.73477,368.2828,414.33102
Origen 4,2023-11-25 03:00:00,184.74677,365.22327,411.1753
Origen 4,2023-11-25 04:00:00,260.47577,369.75528,418.85895
Origen 4,2023-11-25 05:00:00,360.24677,375.8656,421.32364
Origen 4,2023-11-25 06:00:00,184.74677,380.56796,421.79236
Origen 4,2023-11-25 07:00:00,360.24677,411.79904,461.03958
Origen 4,2023-11-25 08:00:00,360.24677,423.5761,461.922
Origen 4,2023-11-25 09:00:00,360.24677,504.55948,614.04297
Origen 4,2023-11-25 10:00:00,360.24677,585.803,654.48083
Origen 4,2023-11-25 11:00:00,434.74677,583.94946,655.5563
Origen 4,2023-11-25 12:00:00,404.74677,583.94946,655.5563
Origen 4,2023-11-25 13:00:00,360.24677,581.75635,658.2752
Origen 4,2023-11-25 14:00:00,360.24677,582.0932,656.04034
Origen 4,2023-11-25 15:00:00,404.74677,581.3448,655.424
Origen 4,2023-11-25 16:00:00,434.74677,581.3448,655.424
Origen 4,2023-11-25 17:00:00,524.74677,581.3448,655.424
Origen 4,2023-11-25 18:00:00,584.74677,589.08875,653.0385
Origen 4,2023-11-25 19:00:00,584.74677,596.4947,654.3486
Origen 4,2023-11-25 20:00:00,584.74677,596.7129,654.1483
Origen 4,2023-11-25 21:00:00,360.24677,596.32434,654.1483
Origen 4,2023-11-25 22:00:00,360.24677,432.81284,460.30524
Origen 4,2023-11-25 23:00:00,360.24677,412.9836,450.91248
Origen 4,2023-11-26 00:00:00,250.55615,314.33975,338.1523
Origen 4,2023-11-26 01:00:00,250.55615,309.95578,334.37085
Origen 4,2023-11-26 02:00:00,250.55615,303.14423,329.09335
Origen 4,2023-11-26 03:00:00,250.55615,221.30057,248.70876
Origen 4,2023-11-26 04:00:00,250.55615,297.90564,322.74518
Origen 4,2023-11-26 05:00:00,250.55615,361.95212,411.26666
Origen 4,2023-11-26 06:00:00,250.55615,227.20534,254.27164
Origen 4,2023-11-26 07:00:00,250.55615,384.1749,417.0995
Origen 4,2023-11-26 08:00:00,250.55615,395.96228,419.7749
Origen 4,2023-11-26 09:00:00,250.55615,395.0011,386.09973
Origen 4,2023-11-26 10:00:00,250.55615,391.3611,385.701
Origen 4,2023-11-26 11:00:00,390.55615,439.5737,453.01245
Origen 4,2023-11-26 12:00:00,390.55615,404.79575,403.03592
Origen 4,2023-11-26 13:00:00,390.55615,390.3121,387.66318
Origen 4,2023-11-26 14:00:00,390.55615,391.87054,389.93762
Origen 4,2023-11-26 15:00:00,390.55615,399.43127,406.8136
Origen 4,2023-11-26 16:00:00,390.55615,435.60568,457.3342
Origen 4,2023-11-26 17:00:00,400.55615,477.741,543.8568
Origen 4,2023-11-26 18:00:00,520.55615,560.1233,586.23975
Origen 4,2023-11-26 19:00:00,400.55615,554.7596,587.16986
Origen 4,2023-11-26 20:00:00,605.55615,554.9625,586.5492
Origen 4,2023-11-26 21:00:00,400.55615,392.34918,396.4104
Origen 4,2023-11-26 22:00:00,400.55615,390.0553,389.43887
Origen 4,2023-11-26 23:00:00,390.55615,378.368,389.43497
Origen 4,2023-11-27 00:00:00,255.53356,302.41583,306.31082
Origen 4,2023-11-27 01:00:00,255.53356,300.84293,297.19937
Origen 4,2023-11-27 02:00:00,255.53356,297.243,309.59583
Origen 4,2023-11-27 03:00:00,255.53356,297.123,307.5009
Origen 4,2023-11-27 04:00:00,255.53356,298.35974,310.73004
Origen 4,2023-11-27 05:00:00,255.53356,304.69238,316.84113
Origen 4,2023-11-27 06:00:00,261.26256,307.41116,322.8015
Origen 4,2023-11-27 07:00:00,395.53356,312.06763,325.24487
Origen 4,2023-11-27 08:00:00,583.53356,331.7708,325.86737
Origen 4,2023-11-27 09:00:00,583.53356,337.39545,325.52057
Origen 4,2023-11-27 10:00:00,585.53356,339.8159,324.98303
Origen 4,2023-11-27 11:00:00,585.53356,433.53287,426.8661
Origen 4,2023-11-27 12:00:00,585.53356,433.53287,426.8661
Origen 4,2023-11-27 13:00:00,585.53356,432.6649,431.65677
Origen 4,2023-11-27 14:00:00,646.31356,437.6909,438.67813
Origen 4,2023-11-27 15:00:00,646.31356,437.12814,438.67813
Origen 4,2023-11-27 16:00:00,646.31356,438.61896,432.41635
Origen 4,2023-11-27 17:00:00,646.31356,443.39053,438.23807
Origen 4,2023-11-27 18:00:00,755.53356,530.9892,572.7944
Origen 4,2023-11-27 19:00:00,755.53356,431.46603,430.75043
Origen 4,2023-11-27 20:00:00,646.31356,595.8261,650.9806
Origen 4,2023-11-27 21:00:00,646.31356,428.75348,423.64963
Origen 4,2023-11-27 22:00:00,585.53356,430.26822,416.64246
Origen 4,2023-11-27 23:00:00,583.53356,400.9619,415.21426
Origen 4,2023-11-28 00:00:00,430.61505,313.4937,296.59586
Origen 4,2023-11-28 01:00:00,384.53005,309.1245,295.39938
Origen 4,2023-11-28 02:00:00,434.53005,304.4156,292.0346
Origen 4,2023-11-28 03:00:00,384.53005,304.4156,291.80005
Origen 4,2023-11-28 04:00:00,434.53005,304.62918,292.24088
Origen 4,2023-11-28 05:00:00,434.53005,313.33936,295.2079
Origen 4,2023-11-28 06:00:00,453.53005,318.929,299.3243
Origen 4,2023-11-28 07:00:00,453.53005,407.27228,403.7207
Origen 4,2023-11-28 08:00:00,704.53005,560.27527,581.7763
Origen 4,2023-11-28 09:00:00,453.53005,586.0611,585.3473
Origen 4,2023-11-28 10:00:00,587.56905,610.19073,590.9365
Origen 4,2023-11-28 11:00:00,704.53005,623.03357,609.9993
Origen 4,2023-11-28 12:00:00,704.53005,621.3234,614.132
Origen 4,2023-11-28 13:00:00,704.53005,618.76715,615.20886
Origen 4,2023-11-28 14:00:00,704.53005,620.6747,685.6334
Origen 4,2023-11-28 15:00:00,704.53005,619.1955,685.6334
Origen 4,2023-11-28 16:00:00,704.53005,601.71655,689.47217
Origen 4,2023-11-28 17:00:00,704.53005,626.83563,751.00385
Origen 4,2023-11-28 18:00:00,704.53005,659.531,787.5615
Origen 4,2023-11-28 19:00:00,704.53005,672.97314,794.8861
Origen 4,2023-11-28 20:00:00,704.53005,637.3903,757.35657
Origen 4,2023-11-28 21:00:00,704.53005,605.867,758.11096
Origen 4,2023-11-28 22:00:00,453.53005,593.3965,677.8155
Origen 4,2023-11-28 23:00:00,453.53005,574.567,675.69305
Origen 4,2023-11-29 00:00:00,452.10547,437.3844,528.32874
Origen 4,2023-11-29 01:00:00,452.10547,398.45465,475.16223
Origen 4,2023-11-29 02:00:00,452.10547,434.43613,530.25793
Origen 4,2023-11-29 03:00:00,282.10547,383.01526,467.55377
Origen 4,2023-11-29 04:00:00,282.10547,422.19604,528.7181
Origen 4,2023-11-29 05:00:00,452.10547,424.7863,530.5182
Origen 4,2023-11-29 06:00:00,452.10547,432.8349,531.4907
Origen 4,2023-11-29 07:00:00,452.10547,446.5841,533.56964
Origen 4,2023-11-29 08:00:00,452.10547,583.2034,755.70685
Origen 4,2023-11-29 09:00:00,472.10547,472.05945,539.58154
Origen 4,2023-11-29 10:00:00,502.10547,594.7486,686.65485
Origen 4,2023-11-29 11:00:00,532.10547,605.4402,777.42834
Origen 4,2023-11-29 12:00:00,502.10547,606.97455,781.56903
Origen 4,2023-11-29 13:00:00,585.14447,602.89233,788.37085
Origen 4,2023-11-29 14:00:00,685.10547,603.3902,785.71533
Origen 4,2023-11-29 15:00:00,685.10547,602.6144,785.71533
Origen 4,2023-11-29 16:00:00,685.10547,600.8248,785.3591
Origen 4,2023-11-29 17:00:00,685.10547,603.65063,801.8955
Origen 4,2023-11-29 18:00:00,685.10547,642.54785,791.3814
Origen 4,2023-11-29 19:00:00,685.10547,642.54785,791.3814
Origen 4,2023-11-29 20:00:00,685.10547,641.28827,788.6664
Origen 4,2023-11-29 21:00:00,685.10547,608.3918,800.8634
Origen 4,2023-11-29 22:00:00,532.10547,465.6292,549.987
Origen 4,2023-11-29 23:00:00,472.10547,459.50916,544.5058
Origen 4,2023-11-30 00:00:00,591.21098,452.3711,539.2772
Origen 4,2023-11-30 01:00:00,533.21098,440.4039,536.3785
Origen 4,2023-11-30 02:00:00,533.21098,434.23566,528.5159
Origen 4,2023-11-30 03:00:00,533.21098,331.50278,380.98187
Origen 4,2023-11-30 04:00:00,533.21098,340.20856,382.38693
Origen 4,2023-11-30 05:00:00,533.21098,469.33893,536.69604
Origen 4,2023-11-30 06:00:00,591.21098,481.4926,539.1862
Origen 4,2023-11-30 07:00:00,591.21098,487.20056,544.68964
Origen 4,2023-11-30 08:00:00,711.58898,505.196,548.9196
Origen 4,2023-11-30 09:00:00,591.21098,538.0531,549.93555
Origen 4,2023-11-30 10:00:00,725.21098,554.3529,610.9509
Origen 4,2023-11-30 11:00:00,725.21098,554.8747,653.4949
Origen 4,2023-11-30 12:00:00,725.21098,553.90393,611.95483
Origen 4,2023-11-30 13:00:00,725.21098,639.89294,693.2475
Origen 4,2023-11-30 14:00:00,726.21098,641.0183,778.9323
Origen 4,2023-11-30 15:00:00,726.21098,640.19415,778.9323
Origen 4,2023-11-30 16:00:00,726.21098,640.19415,778.9323
Origen 4,2023-11-30 17:00:00,726.21098,640.19415,778.9323
Origen 4,2023-11-30 18:00:00,749.21098,641.85516,778.9323
Origen 4,2023-11-30 19:00:00,749.21098,640.19415,778.9323
Origen 4,2023-11-30 20:00:00,749.21098,638.9392,776.2601
Origen 4,2023-11-30 21:00:00,749.21098,637.71893,775.4111
Origen 4,2023-11-30 22:00:00,591.21098,547.21484,649.95154
Origen 4,2023-11-30 23:00:00,591.21098,520.902,541.40985
Origen 4,2023-12-01 00:00:00,589.37329,619.0514,728.8965
Origen 4,2023-12-01 01:00:00,559.37329,518.87213,627.718
Origen 4,2023-12-01 02:00:00,559.37329,518.2169,625.3244
Origen 4,2023-12-01 03:00:00,559.37329,511.40027,618.4794
Origen 4,2023-12-01 04:00:00,559.37329,519.28625,627.31433
Origen 4,2023-12-01 05:00:00,559.37329,527.1168,632.7876
Origen 4,2023-12-01 06:00:00,656.37329,621.032,738.67804
Origen 4,2023-12-01 07:00:00,656.37329,625.5576,751.4786
Origen 4,2023-12-01 08:00:00,727.60729,638.1886,791.6943
Origen 4,2023-12-01 09:00:00,749.37329,641.99774,764.5103
Origen 4,2023-12-01 10:00:00,755.37329,678.0884,793.79407
Origen 4,2023-12-01 11:00:00,755.37329,677.5392,795.09845
Origen 4,2023-12-01 12:00:00,755.37329,678.1828,800.42206
Origen 4,2023-12-01 13:00:00,755.37329,677.2792,802.5183
Origen 4,2023-12-01 14:00:00,763.37329,678.47034,802.5183
Origen 4,2023-12-01 15:00:00,763.37329,677.598,802.5183
Origen 4,2023-12-01 16:00:00,763.37329,668.38904,802.5183
Origen 4,2023-12-01 17:00:00,763.37329,668.38904,802.5183
Origen 4,2023-12-01 18:00:00,763.37329,668.38904,828.8821
Origen 4,2023-12-01 19:00:00,763.37329,668.38904,828.3819
Origen 4,2023-12-01 20:00:00,763.37329,667.4209,827.2483
Origen 4,2023-12-01 21:00:00,763.37329,666.14624,826.3434
Origen 4,2023-12-01 22:00:00,755.37329,628.1465,770.69934
Origen 4,2023-12-01 23:00:00,749.37329,614.837,770.83636
Origen 4,2023-12-02 00:00:00,742.83258,593.9077,676.02954
Origen 4,2023-12-02 01:00:00,728.87558,518.6992,674.9142
Origen 4,2023-12-02 02:00:00,728.87558,516.2749,631.4342
Origen 4,2023-12-02 03:00:00,728.87558,505.04306,643.14435
Origen 4,2023-12-02 04:00:00,728.87558,515.78046,629.8558
Origen 4,2023-12-02 05:00:00,728.87558,520.135,672.1348
Origen 4,2023-12-02 06:00:00,728.87558,585.7739,737.9218
Origen 4,2023-12-02 07:00:00,728.87558,596.9474,757.0482
Origen 4,2023-12-02 08:00:00,728.87558,630.76526,769.9742
Origen 4,2023-12-02 09:00:00,742.83258,630.0023,796.5085
Origen 4,2023-12-02 10:00:00,763.87558,635.11035,797.0096
Origen 4,2023-12-02 11:00:00,763.87558,637.6514,804.9918
Origen 4,2023-12-02 12:00:00,763.87558,637.6514,804.9918
Origen 4,2023-12-02 13:00:00,763.87558,629.45917,800.4098
Origen 4,2023-12-02 14:00:00,763.87558,630.8621,843.92194
Origen 4,2023-12-02 15:00:00,763.87558,636.9625,850.9757
Origen 4,2023-12-02 16:00:00,763.87558,636.9625,855.1929
Origen 4,2023-12-02 17:00:00,788.37558,636.9625,855.1929
Origen 4,2023-12-02 18:00:00,788.37558,637.41254,854.874
Origen 4,2023-12-02 19:00:00,788.37558,637.41254,856.58905
Origen 4,2023-12-02 20:00:00,788.37558,635.5029,856.58905
Origen 4,2023-12-02 21:00:00,763.87558,627.70636,849.4887
Origen 4,2023-12-02 22:00:00,763.87558,624.58246,803.5196
Origen 4,2023-12-02 23:00:00,742.83258,621.7301,802.9159
Origen 4,2023-12-03 00:00:00,745.77379,619.8454,792.789
Origen 4,2023-12-03 01:00:00,745.77379,604.0261,762.148
Origen 4,2023-12-03 02:00:00,745.77379,596.68616,749.8603
Origen 4,2023-12-03 03:00:00,745.77379,584.522,736.8859
Origen 4,2023-12-03 04:00:00,745.77379,585.5957,746.852
Origen 4,2023-12-03 05:00:00,745.77379,589.87177,751.83044
Origen 4,2023-12-03 06:00:00,715.77379,599.0158,766.5102
Origen 4,2023-12-03 07:00:00,620.77379,613.49567,774.7931
Origen 4,2023-12-03 08:00:00,640.32679,615.39777,774.7931
Origen 4,2023-12-03 09:00:00,745.77379,614.87946,801.0464
Origen 4,2023-12-03 10:00:00,745.77379,614.5705,846.11914
Origen 4,2023-12-03 11:00:00,745.77379,632.12256,861.6463
Origen 4,2023-12-03 12:00:00,745.77379,632.12256,861.6463
Origen 4,2023-12-03 13:00:00,745.77379,628.05396,863.5412
Origen 4,2023-12-03 14:00:00,753.27379,628.8654,863.5412
Origen 4,2023-12-03 15:00:00,753.27379,628.0569,863.5412
Origen 4,2023-12-03 16:00:00,753.27379,628.0569,863.5412
Origen 4,2023-12-03 17:00:00,753.27379,628.0569,850.10095
Origen 4,2023-12-03 18:00:00,760.77379,632.9973,850.4569
Origen 4,2023-12-03 19:00:00,760.77379,632.9973,850.4569
Origen 4,2023-12-03 20:00:00,760.77379,632.1168,850.4569
Origen 4,2023-12-03 21:00:00,760.77379,628.2564,848.6988
Origen 4,2023-12-03 22:00:00,753.27379,629.85486,847.6601
Origen 4,2023-12-03 23:00:00,753.27379,625.7259,802.723
Origen 4,2023-12-04 00:00:00,639.33223,618.3832,807.5253
Origen 4,2023-12-04 01:00:00,619.77923,596.47675,776.6873
Origen 4,2023-12-04 02:00:00,725.21423,588.15936,767.5043
Origen 4,2023-12-04 03:00:00,619.77923,586.11865,724.9941
Origen 4,2023-12-04 04:00:00,725.21423,589.1207,765.7909
Origen 4,2023-12-04 05:00:00,725.21423,597.9557,777.6056
Origen 4,2023-12-04 06:00:00,694.77923,588.503,758.818
Origen 4,2023-12-04 07:00:00,729.77923,589.0443,770.4888
Origen 4,2023-12-04 08:00:00,769.77923,606.7518,784.5416
Origen 4,2023-12-04 09:00:00,769.77923,659.2685,843.3572
Origen 4,2023-12-04 10:00:00,769.77923,671.5114,846.0695
Origen 4,2023-12-04 11:00:00,769.77923,670.21686,847.45966
Origen 4,2023-12-04 12:00:00,799.77923,670.21686,847.45966
Origen 4,2023-12-04 13:00:00,769.77923,669.23895,852.75525
Origen 4,2023-12-04 14:00:00,769.77923,672.3675,852.75525
Origen 4,2023-12-04 15:00:00,805.27923,671.5031,852.75525
Origen 4,2023-12-04 16:00:00,805.27923,671.5031,852.75525
Origen 4,2023-12-04 17:00:00,805.27923,671.5031,849.5503
Origen 4,2023-12-04 18:00:00,814.77923,671.76544,849.8356
Origen 4,2023-12-04 19:00:00,814.77923,671.76544,849.8356
Origen 4,2023-12-04 20:00:00,814.77923,668.71356,845.9259
Origen 4,2023-12-04 21:00:00,799.77923,668.0,844.7912
Origen 4,2023-12-04 22:00:00,799.77923,667.6109,842.4419
Origen 4,2023-12-04 23:00:00,805.27923,652.05676,842.0376
Origen 4,2023-12-05 00:00:00,754.78864,598.1843,771.86444
Origen 4,2023-12-05 01:00:00,753.78864,585.1234,759.32007
Origen 4,2023-12-05 02:00:00,753.78864,603.18567,721.97174
Origen 4,2023-12-05 03:00:00,753.78864,566.12463,694.077
Origen 4,2023-12-05 04:00:00,753.78864,596.90753,709.0069
Origen 4,2023-12-05 05:00:00,753.78864,611.556,725.7557
Origen 4,2023-12-05 06:00:00,753.78864,589.6569,779.8629
Origen 4,2023-12-05 07:00:00,753.78864,645.4076,790.3545
Origen 4,2023-12-05 08:00:00,753.78864,650.2075,877.5927
Origen 4,2023-12-05 09:00:00,754.78864,661.187,879.22705
Origen 4,2023-12-05 10:00:00,817.78864,666.47156,879.22705
Origen 4,2023-12-05 11:00:00,822.78864,668.18994,879.55707
Origen 4,2023-12-05 12:00:00,822.78864,668.18994,926.29785
Origen 4,2023-12-05 13:00:00,822.78864,666.92615,880.79474
Origen 4,2023-12-05 14:00:00,852.78864,668.5618,880.79474
Origen 4,2023-12-05 15:00:00,852.78864,667.7023,927.60126
Origen 4,2023-12-05 16:00:00,852.78864,667.7023,927.60126
Origen 4,2023-12-05 17:00:00,852.78864,667.7023,927.60126
Origen 4,2023-12-05 18:00:00,852.78864,669.36346,934.27576
Origen 4,2023-12-05 19:00:00,852.78864,668.61444,934.27576
Origen 4,2023-12-05 20:00:00,822.78864,667.2592,916.042
Origen 4,2023-12-05 21:00:00,817.78864,665.9849,908.7819
Origen 4,2023-12-05 22:00:00,852.78864,651.1529,907.8607
Origen 4,2023-12-05 23:00:00,822.78864,647.89594,905.02747
Origen 4,2023-12-06 00:00:00,803.77734,641.3763,799.04236
Origen 4,2023-12-06 01:00:00,803.77734,624.7754,740.60724
Origen 4,2023-12-06 02:00:00,803.77734,611.26184,737.24866
Origen 4,2023-12-06 03:00:00,803.77734,593.9389,793.3483
Origen 4,2023-12-06 04:00:00,803.77734,590.13257,791.9854
Origen 4,2023-12-06 05:00:00,803.77734,598.28815,801.93225
Origen 4,2023-12-06 06:00:00,803.77734,598.37976,801.93225
Origen 4,2023-12-06 07:00:00,803.77734,623.5709,806.3241
Origen 4,2023-12-06 08:00:00,804.77734,631.22675,810.8716
Origen 4,2023-12-06 09:00:00,804.77734,640.4653,819.78735
Origen 4,2023-12-06 10:00:00,804.77734,652.3407,923.8267
Origen 4,2023-12-06 11:00:00,824.74534,655.43506,930.589
Origen 4,2023-12-06 12:00:00,824.74534,655.43506,930.589
Origen 4,2023-12-06 13:00:00,824.74534,654.1954,932.12305
Origen 4,2023-12-06 14:00:00,824.74534,654.7799,932.12305
Origen 4,2023-12-06 15:00:00,824.74534,653.9381,931.8987
Origen 4,2023-12-06 16:00:00,824.74534,653.9381,931.8987
Origen 4,2023-12-06 17:00:00,824.74534,653.9381,932.12305
Origen 4,2023-12-06 18:00:00,824.74534,665.5347,932.57074
Origen 4,2023-12-06 19:00:00,824.74534,665.5347,932.57074
Origen 4,2023-12-06 20:00:00,824.74534,664.2301,933.13873
Origen 4,2023-12-06 21:00:00,804.77734,662.96155,932.56714
Origen 4,2023-12-06 22:00:00,803.77734,651.83234,931.5645
Origen 4,2023-12-06 23:00:00,803.77734,645.27094,928.474
Origen 4,2023-12-07 00:00:00,802.55361,639.1126,908.71954
Origen 4,2023-12-07 01:00:00,802.55361,627.05414,904.32043
Origen 4,2023-12-07 02:00:00,802.55361,611.6937,894.6222
Origen 4,2023-12-07 03:00:00,802.55361,611.6937,894.6222
Origen 4,2023-12-07 04:00:00,802.55361,615.3993,895.17053
Origen 4,2023-12-07 05:00:00,802.55361,631.3457,903.89233
Origen 4,2023-12-07 06:00:00,802.55361,643.77295,908.93756
Origen 4,2023-12-07 07:00:00,802.55361,650.10583,924.06024
Origen 4,2023-12-07 08:00:00,811.05361,668.0233,925.42194
Origen 4,2023-12-07 09:00:00,811.05361,666.6807,925.1044
Origen 4,2023-12-07 10:00:00,811.05361,669.97076,925.6863
Origen 4,2023-12-07 11:00:00,811.05361,668.6399,932.8126
Origen 4,2023-12-07 12:00:00,811.05361,664.81085,932.8126
Origen 4,2023-12-07 13:00:00,811.05361,663.23596,935.25555
Origen 4,2023-12-07 14:00:00,819.05361,663.5631,935.25555
Origen 4,2023-12-07 15:00:00,819.05361,663.0273,935.25555
Origen 4,2023-12-07 16:00:00,819.05361,663.0273,935.25555
Origen 4,2023-12-07 17:00:00,819.05361,663.0273,930.72577
Origen 4,2023-12-07 18:00:00,819.05361,663.0273,930.72577
Origen 4,2023-12-07 19:00:00,811.05361,665.24475,930.72577
Origen 4,2023-12-07 20:00:00,811.05361,663.9407,927.5328
Origen 4,2023-12-07 21:00:00,811.05361,662.6727,920.1009
Origen 4,2023-12-07 22:00:00,802.55361,658.93756,918.5903
Origen 4,2023-12-07 23:00:00,802.55361,641.98486,917.90027
Origen 4,2023-12-08 00:00:00,763.63394,638.066,892.1939
Origen 4,2023-12-08 01:00:00,763.63394,633.3442,886.8626
Origen 4,2023-12-08 02:00:00,763.63394,622.34344,883.97815
Origen 4,2023-12-08 03:00:00,763.63394,613.01874,882.38464
Origen 4,2023-12-08 04:00:00,763.63394,622.58185,884.9461
Origen 4,2023-12-08 05:00:00,763.63394,638.5305,890.7804
Origen 4,2023-12-08 06:00:00,763.63394,642.7173,896.1353
Origen 4,2023-12-08 07:00:00,763.63394,655.415,898.05255
Origen 4,2023-12-08 08:00:00,763.63394,663.18823,900.89703
Origen 4,2023-12-08 09:00:00,763.63394,665.0037,901.4638
Origen 4,2023-12-08 10:00:00,763.63394,665.08264,901.4638
Origen 4,2023-12-08 11:00:00,763.63394,664.544,902.1118
Origen 4,2023-12-08 12:00:00,833.43994,664.544,902.1118
Origen 4,2023-12-08 13:00:00,833.43994,663.2873,904.47437
Origen 4,2023-12-08 14:00:00,763.63394,663.6143,910.7828
Origen 4,2023-12-08 15:00:00,833.43994,662.7611,910.7828
Origen 4,2023-12-08 16:00:00,833.43994,662.7611,910.7828
Origen 4,2023-12-08 17:00:00,833.43994,662.7611,910.7828
Origen 4,2023-12-08 18:00:00,853.43994,661.60864,910.7828
Origen 4,2023-12-08 19:00:00,853.43994,661.60864,904.47437
Origen 4,2023-12-08 20:00:00,853.43994,660.30383,900.99414
Origen 4,2023-12-08 21:00:00,853.43994,653.0843,899.33264
Origen 4,2023-12-08 22:00:00,833.43994,653.5518,898.232
Origen 4,2023-12-08 23:00:00,833.43994,653.5553,898.232
Origen 4,2023-12-09 00:00:00,830.07253,625.71515,860.47565
Origen 4,2023-12-09 01:00:00,830.07253,624.76465,859.2116
Origen 4,2023-12-09 02:00:00,830.07253,611.0363,852.82404
Origen 4,2023-12-09 03:00:00,830.07253,604.479,850.78625
Origen 4,2023-12-09 04:00:00,830.07253,608.41846,849.2449
Origen 4,2023-12-09 05:00:00,830.07253,607.4821,838.4317
Origen 4,2023-12-09 06:00:00,830.07253,600.8237,840.39166
Origen 4,2023-12-09 07:00:00,830.07253,614.8079,858.87244
Origen 4,2023-12-09 08:00:00,833.07253,627.5833,859.5821
Origen 4,2023-12-09 09:00:00,898.57253,628.1204,859.7391
Origen 4,2023-12-09 10:00:00,898.57253,628.0207,860.28326
Origen 4,2023-12-09 11:00:00,923.07253,626.8341,860.9017
Origen 4,2023-12-09 12:00:00,923.07253,624.9887,912.97455
Origen 4,2023-12-09 13:00:00,923.07253,622.5144,914.98236
Origen 4,2023-12-09 14:00:00,923.07253,623.54535,862.795
Origen 4,2023-12-09 15:00:00,923.07253,621.59937,914.24194
Origen 4,2023-12-09 16:00:00,923.07253,617.3891,908.19415
Origen 4,2023-12-09 17:00:00,923.18353,615.8695,906.7502
Origen 4,2023-12-09 18:00:00,923.18353,617.82056,904.0988
Origen 4,2023-12-09 19:00:00,923.18353,617.33673,903.67163
Origen 4,2023-12-09 20:00:00,923.18353,616.8974,903.2934
Origen 4,2023-12-09 21:00:00,923.07253,613.3064,901.17456
Origen 4,2023-12-09 22:00:00,898.57253,612.71924,897.1597
Origen 4,2023-12-09 23:00:00,833.07253,611.55255,897.1597
Origen 4,2023-12-10 00:00:00,928.8756,614.6198,894.79926
Origen 4,2023-12-10 01:00:00,928.8756,602.60004,894.0618
Origen 4,2023-12-10 02:00:00,833.3756,600.543,890.90076
Origen 4,2023-12-10 03:00:00,818.8756,595.35724,889.1467
Origen 4,2023-12-10 04:00:00,833.3756,598.7379,891.92426
Origen 4,2023-12-10 05:00:00,833.3756,600.6075,894.47754
Origen 4,2023-12-10 06:00:00,818.8756,604.26984,898.9549
Origen 4,2023-12-10 07:00:00,818.8756,612.12085,905.4612
Origen 4,2023-12-10 08:00:00,833.3756,621.9296,913.67804
Origen 4,2023-12-10 09:00:00,928.8756,623.96204,915.71783
Origen 4,2023-12-10 10:00:00,833.3756,626.7265,917.14856
Origen 4,2023-12-10 11:00:00,928.8756,629.64435,917.80786
Origen 4,2023-12-10 12:00:00,928.8756,622.6941,907.8204
Origen 4,2023-12-10 13:00:00,928.8756,617.26514,902.88477
Origen 4,2023-12-10 14:00:00,928.8756,620.67676,908.63556
Origen 4,2023-12-10 15:00:00,928.8756,616.4125,902.88477
Origen 4,2023-12-10 16:00:00,953.8756,612.6006,901.291
Origen 4,2023-12-10 17:00:00,953.8756,613.1737,901.291
Origen 4,2023-12-10 18:00:00,954.3756,616.4836,901.6685
Origen 4,2023-12-10 19:00:00,954.3756,616.4836,904.4239
Origen 4,2023-12-10 20:00:00,954.3756,617.5333,903.8552
Origen 4,2023-12-10 21:00:00,954.3756,613.2775,903.4769
Origen 4,2023-12-10 22:00:00,953.8756,613.0252,902.6832
Origen 4,2023-12-10 23:00:00,953.8756,611.9831,902.0327
Origen 4,2023-12-11 00:00:00,920.71752,618.2057,932.01996
Origen 4,2023-12-11 01:00:00,920.71752,613.062,910.32465
Origen 4,2023-12-11 02:00:00,920.71752,597.21704,889.58813
Origen 4,2023-12-11 03:00:00,920.71752,594.8612,886.7532
Origen 4,2023-12-11 04:00:00,920.71752,598.09106,889.7697
Origen 4,2023-12-11 05:00:00,920.71752,597.898,890.25183
Origen 4,2023-12-11 06:00:00,920.71752,593.12634,884.3589
Origen 4,2023-12-11 07:00:00,920.71752,603.3968,898.31
Origen 4,2023-12-11 08:00:00,927.71752,624.9349,921.2389
Origen 4,2023-12-11 09:00:00,927.71752,634.4366,946.8005
Origen 4,2023-12-11 10:00:00,962.70752,647.12494,950.6598
Origen 4,2023-12-11 11:00:00,962.70752,659.099,951.34326
Origen 4,2023-12-11 12:00:00,962.70752,659.099,952.22046
Origen 4,2023-12-11 13:00:00,962.70752,658.13745,963.6012
Origen 4,2023-12-11 14:00:00,962.70752,660.0838,965.2967
Origen 4,2023-12-11 15:00:00,962.70752,659.9793,965.1527
Origen 4,2023-12-11 16:00:00,962.70752,659.9793,965.1527
Origen 4,2023-12-11 17:00:00,962.70752,659.9793,965.1527
Origen 4,2023-12-11 18:00:00,972.82852,659.9488,966.0017
Origen 4,2023-12-11 19:00:00,972.82852,663.71875,961.8801
Origen 4,2023-12-11 20:00:00,962.70752,657.9739,953.29767
Origen 4,2023-12-11 21:00:00,962.70752,657.2718,952.00616
Origen 4,2023-12-11 22:00:00,962.70752,659.1993,951.4394
Origen 4,2023-12-11 23:00:00,962.70752,642.41455,948.178
Origen 4,2023-12-12 00:00:00,911.87816,624.037,917.0082
Origen 4,2023-12-12 01:00:00,817.87816,617.96783,901.84564
Origen 4,2023-12-12 02:00:00,817.87816,599.7767,895.5159
Origen 4,2023-12-12 03:00:00,817.87816,599.7767,895.1577
Origen 4,2023-12-12 04:00:00,817.87816,600.428,897.7807
Origen 4,2023-12-12 05:00:00,911.87816,613.4103,915.99994
Origen 4,2023-12-12 06:00:00,911.87816,621.60443,920.653
Origen 4,2023-12-12 07:00:00,911.87816,643.38055,937.261
Origen 4,2023-12-12 08:00:00,911.87816,644.1135,942.4165
Origen 4,2023-12-12 09:00:00,920.37816,659.05725,943.4623
Origen 4,2023-12-12 10:00:00,920.37816,660.2167,943.4623
Origen 4,2023-12-12 11:00:00,920.37816,662.2958,944.1406
Origen 4,2023-12-12 12:00:00,920.37816,662.2958,944.3477
Origen 4,2023-12-12 13:00:00,920.37816,661.9021,949.2928
Origen 4,2023-12-12 14:00:00,921.87816,661.4506,950.96313
Origen 4,2023-12-12 15:00:00,921.87816,660.6002,950.96313
Origen 4,2023-12-12 16:00:00,921.87816,660.6002,950.96313
Origen 4,2023-12-12 17:00:00,921.87816,660.6002,950.96313
Origen 4,2023-12-12 18:00:00,942.87816,662.2437,951.17175
Origen 4,2023-12-12 19:00:00,921.87816,661.5026,951.17175
Origen 4,2023-12-12 20:00:00,921.87816,660.94556,947.82495
Origen 4,2023-12-12 21:00:00,920.37816,658.90106,946.66364
Origen 4,2023-12-12 22:00:00,920.37816,657.73615,946.1
Origen 4,2023-12-12 23:00:00,920.37816,641.09564,942.35895
Origen 4,2023-12-13 00:00:00,854.93984,634.3658,923.8775
Origen 4,2023-12-13 01:00:00,853.93984,624.6902,918.3678
Origen 4,2023-12-13 02:00:00,853.93984,610.0505,907.4258
Origen 4,2023-12-13 03:00:00,852.93984,603.7134,901.09937
Origen 4,2023-12-13 04:00:00,852.93984,606.36536,902.7345
Origen 4,2023-12-13 05:00:00,853.93984,618.1641,903.9924
Origen 4,2023-12-13 06:00:00,853.93984,614.5488,905.3472
Origen 4,2023-12-13 07:00:00,853.93984,621.13,908.5779
Origen 4,2023-12-13 08:00:00,927.83984,628.84235,917.2934
Origen 4,2023-12-13 09:00:00,927.83984,642.0418,928.03174
Origen 4,2023-12-13 10:00:00,927.83984,649.09204,929.6741
Origen 4,2023-12-13 11:00:00,927.83984,650.3592,935.7752
Origen 4,2023-12-13 12:00:00,927.83984,642.30396,936.0006
Origen 4,2023-12-13 13:00:00,927.83984,642.6511,938.47656
Origen 4,2023-12-13 14:00:00,927.83984,641.00757,938.33966
Origen 4,2023-12-13 15:00:00,973.05084,640.1835,938.33966
Origen 4,2023-12-13 16:00:00,973.05084,640.1835,938.11365
Origen 4,2023-12-13 17:00:00,973.05084,641.7419,938.33966
Origen 4,2023-12-13 18:00:00,973.05084,652.83734,938.7903
Origen 4,2023-12-13 19:00:00,973.05084,653.9611,939.6779
Origen 4,2023-12-13 20:00:00,927.83984,652.67926,941.39386
Origen 4,2023-12-13 21:00:00,927.83984,651.43274,940.9114
Origen 4,2023-12-13 22:00:00,927.83984,641.89923,935.5999
Origen 4,2023-12-13 23:00:00,927.83984,636.3824,931.97815
Origen 4,2023-12-14 00:00:00,849.48689,622.39453,911.99
Origen 4,2023-12-14 01:00:00,849.48689,618.8873,909.95013
Origen 4,2023-12-14 02:00:00,848.48689,604.3925,900.7424
Origen 4,2023-12-14 03:00:00,848.48689,601.62415,898.4226
Origen 4,2023-12-14 04:00:00,848.48689,604.3301,906.22107
Origen 4,2023-12-14 05:00:00,848.48689,617.18634,910.325
Origen 4,2023-12-14 06:00:00,848.48689,633.33453,916.4841
Origen 4,2023-12-14 07:00:00,849.48689,640.9712,926.7971
Origen 4,2023-12-14 08:00:00,849.48689,651.79254,927.94147
Origen 4,2023-12-14 09:00:00,849.48689,656.8912,927.78094
Origen 4,2023-12-14 10:00:00,850.48689,658.4246,928.3646
Origen 4,2023-12-14 11:00:00,922.98689,657.8914,928.71313
Origen 4,2023-12-14 12:00:00,922.98689,657.8914,928.71313
Origen 4,2023-12-14 13:00:00,922.98689,656.64716,931.14526
Origen 4,2023-12-14 14:00:00,922.98689,656.971,931.14526
Origen 4,2023-12-14 15:00:00,922.98689,656.12634,930.984
Origen 4,2023-12-14 16:00:00,922.98689,656.12634,930.984
Origen 4,2023-12-14 17:00:00,922.98689,654.9208,935.7119
Origen 4,2023-12-14 18:00:00,923.18689,654.9208,935.4764
Origen 4,2023-12-14 19:00:00,923.18689,656.71857,933.6586
Origen 4,2023-12-14 20:00:00,923.18689,655.4312,934.2273
Origen 4,2023-12-14 21:00:00,922.98689,654.1795,933.0858
Origen 4,2023-12-14 22:00:00,922.98689,652.79224,931.5539
Origen 4,2023-12-14 23:00:00,922.98689,648.7587,930.85406
Origen 4,2023-12-15 00:00:00,863.09077,634.5591,915.67737
Origen 4,2023-12-15 01:00:00,848.09077,631.42633,910.4046
Origen 4,2023-12-15 02:00:00,848.09077,610.5362,905.7027
Origen 4,2023-12-15 03:00:00,848.09077,610.02783,905.7027
Origen 4,2023-12-15 04:00:00,848.09077,610.6903,906.2577
Origen 4,2023-12-15 05:00:00,848.09077,631.2256,909.9071
Origen 4,2023-12-15 06:00:00,848.09077,636.25305,914.442
Origen 4,2023-12-15 07:00:00,848.09077,649.45575,916.54315
Origen 4,2023-12-15 08:00:00,848.09077,652.99207,916.80273
Origen 4,2023-12-15 09:00:00,863.09077,655.62946,912.0057
Origen 4,2023-12-15 10:00:00,863.09077,655.62946,912.0057
Origen 4,2023-12-15 11:00:00,863.09077,654.327,912.34796
Origen 4,2023-12-15 12:00:00,883.09077,654.327,912.34796
Origen 4,2023-12-15 13:00:00,863.09077,653.08954,914.17957
Origen 4,2023-12-15 14:00:00,933.59077,653.4116,914.17957
Origen 4,2023-12-15 15:00:00,933.59077,652.57153,914.17957
Origen 4,2023-12-15 16:00:00,883.09077,651.4613,914.17957
Origen 4,2023-12-15 17:00:00,883.09077,650.29156,914.17957
Origen 4,2023-12-15 18:00:00,933.59077,651.411,916.15686
Origen 4,2023-12-15 19:00:00,883.09077,651.6931,919.4176
Origen 4,2023-12-15 20:00:00,863.09077,651.1793,916.2634
Origen 4,2023-12-15 21:00:00,863.09077,649.14526,915.2613
Origen 4,2023-12-15 22:00:00,848.09077,642.9723,912.66205
Origen 4,2023-12-15 23:00:00,848.09077,642.61523,911.97644
Origen 4,2023-12-16 00:00:00,853.61662,618.67456,905.11554
Origen 4,2023-12-16 01:00:00,853.61662,616.1894,898.4646
Origen 4,2023-12-16 02:00:00,792.71662,600.8501,895.3007
Origen 4,2023-12-16 03:00:00,792.71662,600.78766,892.2565
Origen 4,2023-12-16 04:00:00,792.71662,596.9585,889.7081
Origen 4,2023-12-16 05:00:00,792.71662,608.9737,892.6718
Origen 4,2023-12-16 06:00:00,792.71662,613.9071,895.50867
Origen 4,2023-12-16 07:00:00,853.61662,614.84576,895.89
Origen 4,2023-12-16 08:00:00,853.61662,613.23627,892.40497
Origen 4,2023-12-16 09:00:00,853.61662,615.745,895.4489
Origen 4,2023-12-16 10:00:00,853.61662,616.82825,896.86163
Origen 4,2023-12-16 11:00:00,853.61662,614.5776,894.7587
Origen 4,2023-12-16 12:00:00,853.61662,615.05927,894.8465
Origen 4,2023-12-16 13:00:00,853.61662,616.3705,897.146
Origen 4,2023-12-16 14:00:00,853.61662,611.47845,895.7837
Origen 4,2023-12-16 15:00:00,853.61662,610.6923,895.7837
Origen 4,2023-12-16 16:00:00,853.61662,610.6923,891.01117
Origen 4,2023-12-16 17:00:00,853.61662,610.31964,892.3663
Origen 4,2023-12-16 18:00:00,864.61662,609.33417,891.4536
Origen 4,2023-12-16 19:00:00,864.61662,611.6292,893.30115
Origen 4,2023-12-16 20:00:00,853.61662,612.98486,895.7183
Origen 4,2023-12-16 21:00:00,853.61662,617.8011,900.2155
Origen 4,2023-12-16 22:00:00,853.61662,615.3461,903.21027
Origen 4,2023-12-16 23:00:00,853.61662,618.4946,902.23016
Origen 4,2023-12-17 00:00:00,783.71422,611.9446,895.8691
Origen 4,2023-12-17 01:00:00,783.71422,604.8781,889.68524
Origen 4,2023-12-17 02:00:00,753.91422,592.5791,873.48584
Origen 4,2023-12-17 03:00:00,783.71422,585.297,856.5457
Origen 4,2023-12-17 04:00:00,738.78922,580.02625,860.4802
Origen 4,2023-12-17 05:00:00,738.78922,579.76025,860.33044
Origen 4,2023-12-17 06:00:00,723.91422,584.9103,859.2018
Origen 4,2023-12-17 07:00:00,723.91422,595.8764,866.7037
Origen 4,2023-12-17 08:00:00,738.78922,593.4789,867.3084
Origen 4,2023-12-17 09:00:00,783.71422,593.3221,867.2819
Origen 4,2023-12-17 10:00:00,753.91422,593.3221,867.2253
Origen 4,2023-12-17 11:00:00,783.71422,590.5909,867.84863
Origen 4,2023-12-17 12:00:00,783.71422,583.1236,867.07275
Origen 4,2023-12-17 13:00:00,783.71422,588.86993,872.9991
Origen 4,2023-12-17 14:00:00,783.71422,585.79175,875.91455
Origen 4,2023-12-17 15:00:00,783.71422,588.1482,882.85474
Origen 4,2023-12-17 16:00:00,783.71422,588.1482,883.22614
Origen 4,2023-12-17 17:00:00,804.91422,589.5993,884.3057
Origen 4,2023-12-17 18:00:00,804.91422,598.5758,892.0468
Origen 4,2023-12-17 19:00:00,804.91422,598.16895,891.5641
Origen 4,2023-12-17 20:00:00,804.91422,597.7432,890.0774
Origen 4,2023-12-17 21:00:00,804.91422,593.5989,889.70483
Origen 4,2023-12-17 22:00:00,804.91422,593.80096,887.9484
Origen 4,2023-12-17 23:00:00,804.91422,591.4011,885.937
Origen 4,2023-12-18 00:00:00,741.87591,581.4002,848.1401
Origen 4,2023-12-18 01:00:00,741.87591,564.4136,816.1012
Origen 4,2023-12-18 02:00:00,741.87591,563.3364,767.4773
Origen 4,2023-12-18 03:00:00,741.87591,558.36035,805.6154
Origen 4,2023-12-18 04:00:00,741.87591,560.0955,762.84064
Origen 4,2023-12-18 05:00:00,751.87591,568.69714,780.04224
Origen 4,2023-12-18 06:00:00,751.87591,559.7551,768.0648
Origen 4,2023-12-18 07:00:00,751.87591,574.0946,773.7427
Origen 4,2023-12-18 08:00:00,751.87591,593.2415,798.9601
Origen 4,2023-12-18 09:00:00,751.87591,614.53595,859.40137
Origen 4,2023-12-18 10:00:00,751.87591,626.9375,815.89026
Origen 4,2023-12-18 11:00:00,773.87591,625.6922,861.76996
Origen 4,2023-12-18 12:00:00,773.87591,625.6922,862.7366
Origen 4,2023-12-18 13:00:00,773.87591,624.7793,874.0809
Origen 4,2023-12-18 14:00:00,773.87591,626.968,875.6189
Origen 4,2023-12-18 15:00:00,773.87591,626.1619,875.6189
Origen 4,2023-12-18 16:00:00,773.87591,626.354,877.09314
Origen 4,2023-12-18 17:00:00,773.87591,626.354,923.703
Origen 4,2023-12-18 18:00:00,773.87591,627.09,924.45386
Origen 4,2023-12-18 19:00:00,773.87591,628.2444,926.4427
Origen 4,2023-12-18 20:00:00,773.87591,631.5748,918.99817
Origen 4,2023-12-18 21:00:00,773.87591,630.5118,917.2881
Origen 4,2023-12-18 22:00:00,773.87591,630.5334,915.8148
Origen 4,2023-12-18 23:00:00,751.87591,615.76355,911.5474
Origen 4,2023-12-19 00:00:00,573.00051,596.6679,795.9856
Origen 4,2023-12-19 01:00:00,573.00051,581.96027,770.4344
Origen 4,2023-12-19 02:00:00,623.00051,572.72034,763.1332
Origen 4,2023-12-19 03:00:00,704.00051,571.45953,758.5452
Origen 4,2023-12-19 04:00:00,468.11951,573.5829,761.5584
Origen 4,2023-12-19 05:00:00,704.00051,574.7095,772.3471
Origen 4,2023-12-19 06:00:00,573.00051,586.47375,788.4227
Origen 4,2023-12-19 07:00:00,704.00051,612.7405,804.26746
Origen 4,2023-12-19 08:00:00,704.00051,624.4261,808.75775
Origen 4,2023-12-19 09:00:00,704.00051,624.1391,810.2639
Origen 4,2023-12-19 10:00:00,704.00051,628.6999,810.2639
Origen 4,2023-12-19 11:00:00,704.00051,632.2965,855.8272
Origen 4,2023-12-19 12:00:00,704.00051,632.2965,856.3693
Origen 4,2023-12-19 13:00:00,704.00051,631.4511,862.35693
Origen 4,2023-12-19 14:00:00,704.00051,632.3852,863.8744
Origen 4,2023-12-19 15:00:00,728.00051,631.57214,864.7638
Origen 4,2023-12-19 16:00:00,728.00051,631.1428,864.7638
Origen 4,2023-12-19 17:00:00,728.00051,630.463,864.7638
Origen 4,2023-12-19 18:00:00,739.00051,633.14343,864.9535
Origen 4,2023-12-19 19:00:00,739.00051,633.14343,864.9535
Origen 4,2023-12-19 20:00:00,739.00051,631.1531,858.11395
Origen 4,2023-12-19 21:00:00,728.00051,628.84143,856.8379
Origen 4,2023-12-19 22:00:00,704.00051,613.7084,855.32623
Origen 4,2023-12-19 23:00:00,704.00051,609.1828,807.02997
Origen 4,2023-12-20 00:00:00,105.17116,527.64185,672.4731
Origen 4,2023-12-20 01:00:00,258.99416,512.6789,659.3421
Origen 4,2023-12-20 02:00:00,258.99416,541.68646,714.59326
Origen 4,2023-12-20 03:00:00,283.80716,532.1793,723.9453
Origen 4,2023-12-20 04:00:00,458.26316,446.85614,513.8807
Origen 4,2023-12-20 05:00:00,557.17116,543.20294,739.5507
Origen 4,2023-12-20 06:00:00,557.17116,494.73532,654.41846
Origen 4,2023-12-20 07:00:00,557.17116,559.871,740.2058
Origen 4,2023-12-20 08:00:00,557.17116,568.02826,747.9404
Origen 4,2023-12-20 09:00:00,557.17116,570.48206,761.8276
Origen 4,2023-12-20 10:00:00,557.17116,581.33014,768.2025
Origen 4,2023-12-20 11:00:00,557.17116,586.1729,775.1164
Origen 4,2023-12-20 12:00:00,557.17116,586.1729,775.1164
Origen 4,2023-12-20 13:00:00,557.17116,585.0643,779.25775
Origen 4,2023-12-20 14:00:00,617.17116,587.94824,780.6289
Origen 4,2023-12-20 15:00:00,617.17116,618.7575,780.6289
Origen 4,2023-12-20 16:00:00,617.17116,617.9938,780.6289
Origen 4,2023-12-20 17:00:00,683.37116,617.3281,780.13477
Origen 4,2023-12-20 18:00:00,683.37116,627.9566,806.99457
Origen 4,2023-12-20 19:00:00,683.37116,627.7626,806.99457
Origen 4,2023-12-20 20:00:00,683.37116,626.53204,803.97986
Origen 4,2023-12-20 21:00:00,683.37116,620.9574,776.6051
Origen 4,2023-12-20 22:00:00,617.17116,580.11755,775.5505
Origen 4,2023-12-20 23:00:00,557.17116,574.0018,765.52435
Origen 4,2023-12-21 00:00:00,493.33172,229.97467,218.49904
Origen 4,2023-12-21 01:00:00,493.33172,328.98822,354.73206
Origen 4,2023-12-21 02:00:00,493.33172,325.2101,347.85333
Origen 4,2023-12-21 03:00:00,493.33172,319.71387,360.69748
Origen 4,2023-12-21 04:00:00,493.33172,415.8977,497.58905
Origen 4,2023-12-21 05:00:00,493.33172,478.93988,622.8184
Origen 4,2023-12-21 06:00:00,493.33172,487.46826,632.5531
Origen 4,2023-12-21 07:00:00,493.33172,503.35123,647.59015
Origen 4,2023-12-21 08:00:00,502.33172,506.92352,650.5375
Origen 4,2023-12-21 09:00:00,502.33172,512.9672,650.72174
Origen 4,2023-12-21 10:00:00,543.33172,514.25104,650.72174
Origen 4,2023-12-21 11:00:00,548.33172,512.0914,640.97363
Origen 4,2023-12-21 12:00:00,523.33172,512.0914,640.97363
Origen 4,2023-12-21 13:00:00,548.33172,509.69907,639.48663
Origen 4,2023-12-21 14:00:00,548.33172,571.33636,732.3189
Origen 4,2023-12-21 15:00:00,548.33172,570.6018,732.3189
Origen 4,2023-12-21 16:00:00,548.33172,570.6018,732.3189
Origen 4,2023-12-21 17:00:00,548.33172,569.2729,745.62616
Origen 4,2023-12-21 18:00:00,613.33172,570.6018,746.09534
Origen 4,2023-12-21 19:00:00,613.33172,572.61224,746.09534
Origen 4,2023-12-21 20:00:00,548.33172,571.48975,743.3081
Origen 4,2023-12-21 21:00:00,548.33172,568.457,742.02826
Origen 4,2023-12-21 22:00:00,548.33172,566.7737,727.2367
Origen 4,2023-12-21 23:00:00,523.33172,497.3115,633.7865
Origen 4,2023-12-22 00:00:00,472.68451,476.10385,539.2276
Origen 4,2023-12-22 01:00:00,472.68451,465.44034,535.68787
Origen 4,2023-12-22 02:00:00,472.68451,464.10577,527.2624
Origen 4,2023-12-22 03:00:00,453.77651,464.00833,526.0093
Origen 4,2023-12-22 04:00:00,467.80351,473.48828,527.5264
Origen 4,2023-12-22 05:00:00,472.68451,476.2131,541.7908
Origen 4,2023-12-22 06:00:00,472.68451,484.40665,544.1157
Origen 4,2023-12-22 07:00:00,472.68451,496.2574,546.6695
Origen 4,2023-12-22 08:00:00,472.68451,508.1476,567.4801
Origen 4,2023-12-22 09:00:00,472.68451,507.91412,568.03174
Origen 4,2023-12-22 10:00:00,502.68451,508.0393,607.0463
Origen 4,2023-12-22 11:00:00,502.68451,511.75687,625.71454
Origen 4,2023-12-22 12:00:00,502.68451,510.91696,605.49274
Origen 4,2023-12-22 13:00:00,502.68451,510.96274,631.3222
Origen 4,2023-12-22 14:00:00,512.68451,512.1455,632.8337
Origen 4,2023-12-22 15:00:00,512.68451,511.63687,632.8337
Origen 4,2023-12-22 16:00:00,512.68451,512.82294,633.4852
Origen 4,2023-12-22 17:00:00,512.68451,512.2926,633.0869
Origen 4,2023-12-22 18:00:00,552.68451,593.02936,709.95245
Origen 4,2023-12-22 19:00:00,521.68451,595.40436,709.95245
Origen 4,2023-12-22 20:00:00,512.68451,515.083,632.87384
Origen 4,2023-12-22 21:00:00,502.68451,512.902,632.9816
Origen 4,2023-12-22 22:00:00,502.68451,511.28394,631.8649
Origen 4,2023-12-22 23:00:00,472.68451,500.89374,611.6835
Origen 4,2023-12-23 00:00:00,492.55717,478.72412,504.46494
Origen 4,2023-12-23 01:00:00,492.55717,468.5702,501.41083
Origen 4,2023-12-23 02:00:00,492.55717,465.12238,492.3736
Origen 4,2023-12-23 03:00:00,492.55717,429.6636,487.58984
Origen 4,2023-12-23 04:00:00,492.55717,448.0995,489.55637
Origen 4,2023-12-23 05:00:00,492.55717,467.6432,498.25052
Origen 4,2023-12-23 06:00:00,492.55717,472.79184,501.44052
Origen 4,2023-12-23 07:00:00,492.55717,481.16278,506.82248
Origen 4,2023-12-23 08:00:00,492.55717,484.16232,508.38635
Origen 4,2023-12-23 09:00:00,492.55717,482.83875,510.17633
Origen 4,2023-12-23 10:00:00,496.55717,496.25928,566.47974
Origen 4,2023-12-23 11:00:00,502.55717,497.0363,567.41046
Origen 4,2023-12-23 12:00:00,502.55717,497.0363,567.41046
Origen 4,2023-12-23 13:00:00,502.55717,493.6944,572.0746
Origen 4,2023-12-23 14:00:00,496.55717,493.27155,612.12756
Origen 4,2023-12-23 15:00:00,502.55717,491.81723,612.12756
Origen 4,2023-12-23 16:00:00,521.55717,489.35025,612.12756
Origen 4,2023-12-23 17:00:00,502.55717,488.71597,609.77515
Origen 4,2023-12-23 18:00:00,538.05717,509.39215,633.6327
Origen 4,2023-12-23 19:00:00,538.05717,498.56705,616.2065
Origen 4,2023-12-23 20:00:00,538.05717,496.85403,616.3146
Origen 4,2023-12-23 21:00:00,538.05717,492.95013,579.3269
Origen 4,2023-12-23 22:00:00,502.55717,494.13766,578.982
Origen 4,2023-12-23 23:00:00,496.55717,481.41705,519.80524
Origen 4,2023-12-24 00:00:00,492.05645,487.93384,548.01575
Origen 4,2023-12-24 01:00:00,492.05645,478.81952,545.2497
Origen 4,2023-12-24 02:00:00,492.05645,475.50287,538.2776
Origen 4,2023-12-24 03:00:00,492.05645,464.933,531.69305
Origen 4,2023-12-24 04:00:00,492.05645,467.01834,531.87787
Origen 4,2023-12-24 05:00:00,492.05645,467.43427,535.1168
Origen 4,2023-12-24 06:00:00,492.05645,470.04715,537.6274
Origen 4,2023-12-24 07:00:00,492.05645,483.39764,551.14185
Origen 4,2023-12-24 08:00:00,492.05645,489.76602,553.1599
Origen 4,2023-12-24 09:00:00,492.05645,490.4709,553.1599
Origen 4,2023-12-24 10:00:00,492.05645,492.20978,554.27014
Origen 4,2023-12-24 11:00:00,492.05645,492.2767,574.3736
Origen 4,2023-12-24 12:00:00,500.55645,491.973,574.3736
Origen 4,2023-12-24 13:00:00,500.55645,489.9143,578.22656
Origen 4,2023-12-24 14:00:00,500.55645,491.6623,559.7239
Origen 4,2023-12-24 15:00:00,500.55645,491.03015,579.5729
Origen 4,2023-12-24 16:00:00,500.55645,492.50394,615.93066
Origen 4,2023-12-24 17:00:00,500.55645,491.56125,580.56854
Origen 4,2023-12-24 18:00:00,540.55645,495.7848,623.0915
Origen 4,2023-12-24 19:00:00,502.55645,495.7848,622.8306
Origen 4,2023-12-24 20:00:00,500.55645,493.3092,623.52747
Origen 4,2023-12-24 21:00:00,500.55645,492.9372,625.1151
Origen 4,2023-12-24 22:00:00,500.55645,493.33786,584.6627
Origen 4,2023-12-24 23:00:00,492.05645,490.86816,564.55273
Origen 4,2023-12-25 00:00:00,434.82023,494.85495,564.2871
Origen 4,2023-12-25 01:00:00,434.82023,484.76526,552.615
Origen 4,2023-12-25 02:00:00,433.89323,475.4702,540.2517
Origen 4,2023-12-25 03:00:00,404.64323,469.7052,539.1602
Origen 4,2023-12-25 04:00:00,404.64323,473.3729,539.96326
Origen 4,2023-12-25 05:00:00,404.64323,477.78247,551.70874
Origen 4,2023-12-25 06:00:00,404.64323,484.76852,556.9208
Origen 4,2023-12-25 07:00:00,404.64323,490.42035,571.84656
Origen 4,2023-12-25 08:00:00,404.64323,503.2742,572.8056
Origen 4,2023-12-25 09:00:00,404.64323,515.74585,581.2071
Origen 4,2023-12-25 10:00:00,404.64323,522.5511,581.8013
Origen 4,2023-12-25 11:00:00,404.64323,522.9911,583.4955
Origen 4,2023-12-25 12:00:00,404.64323,526.00146,583.4955
Origen 4,2023-12-25 13:00:00,404.64323,524.6546,586.6491
Origen 4,2023-12-25 14:00:00,404.64323,526.85596,586.6491
Origen 4,2023-12-25 15:00:00,404.64323,526.1786,585.5703
Origen 4,2023-12-25 16:00:00,404.64323,525.9754,585.5703
Origen 4,2023-12-25 17:00:00,404.64323,525.197,585.5703
Origen 4,2023-12-25 18:00:00,504.54323,526.43866,646.0545
Origen 4,2023-12-25 19:00:00,513.54323,524.56854,604.9874
Origen 4,2023-12-25 20:00:00,504.54323,524.6936,579.561
Origen 4,2023-12-25 21:00:00,440.00423,522.6832,577.99554
Origen 4,2023-12-25 22:00:00,434.82023,509.20587,577.06146
Origen 4,2023-12-25 23:00:00,434.82023,481.8599,569.4947
Origen 4,2023-12-26 00:00:00,103.92028,440.85876,513.6717
Origen 4,2023-12-26 01:00:00,106.70028,432.43924,505.3861
Origen 4,2023-12-26 02:00:00,214.23028,432.9767,484.40158
Origen 4,2023-12-26 03:00:00,107.66128,393.50012,435.5417
Origen 4,2023-12-26 04:00:00,107.66128,393.02347,435.0865
Origen 4,2023-12-26 05:00:00,399.92028,391.58218,439.0031
Origen 4,2023-12-26 06:00:00,399.92028,390.14215,438.72522
Origen 4,2023-12-26 07:00:00,399.92028,398.4763,443.5136
Origen 4,2023-12-26 08:00:00,399.92028,402.74106,450.68552
Origen 4,2023-12-26 09:00:00,399.92028,402.87607,451.42044
Origen 4,2023-12-26 10:00:00,399.92028,409.08002,450.35748
Origen 4,2023-12-26 11:00:00,419.92028,409.12253,449.26465
Origen 4,2023-12-26 12:00:00,419.92028,417.08133,453.70245
Origen 4,2023-12-26 13:00:00,459.92028,414.86737,420.18387
Origen 4,2023-12-26 14:00:00,459.92028,416.15228,421.04187
Origen 4,2023-12-26 15:00:00,489.92028,414.83035,416.3088
Origen 4,2023-12-26 16:00:00,489.92028,407.41812,414.95956
Origen 4,2023-12-26 17:00:00,489.92028,408.84268,417.82068
Origen 4,2023-12-26 18:00:00,509.42028,494.00592,523.7332
Origen 4,2023-12-26 19:00:00,489.92028,493.54114,553.735
Origen 4,2023-12-26 20:00:00,489.92028,492.01056,516.6521
Origen 4,2023-12-26 21:00:00,489.92028,452.00046,463.54553
Origen 4,2023-12-26 22:00:00,419.92028,441.83716,463.2695
Origen 4,2023-12-26 23:00:00,408.92028,437.34082,452.7051
Origen 4,2023-12-27 00:00:00,363.90791,218.35345,165.38647
Origen 4,2023-12-27 01:00:00,363.90791,210.81204,179.42517
Origen 4,2023-12-27 02:00:00,363.90791,265.86627,255.89297
Origen 4,2023-12-27 03:00:00,363.90791,206.2569,176.35495
Origen 4,2023-12-27 04:00:00,363.90791,207.41083,179.78377
Origen 4,2023-12-27 05:00:00,394.40791,356.07748,379.4709
Origen 4,2023-12-27 06:00:00,394.40791,342.93164,378.72974
Origen 4,2023-12-27 07:00:00,394.40791,361.14444,382.61948
Origen 4,2023-12-27 08:00:00,433.90791,371.6507,387.87787
Origen 4,2023-12-27 09:00:00,433.90791,374.81036,395.476
Origen 4,2023-12-27 10:00:00,433.90791,380.64798,398.89792
Origen 4,2023-12-27 11:00:00,433.90791,410.0876,433.55826
Origen 4,2023-12-27 12:00:00,433.90791,411.02313,436.8877
Origen 4,2023-12-27 13:00:00,443.90791,423.784,454.89304
Origen 4,2023-12-27 14:00:00,443.90791,424.82214,455.89127
Origen 4,2023-12-27 15:00:00,443.90791,457.48273,490.82437
Origen 4,2023-12-27 16:00:00,443.90791,457.17175,489.87558
Origen 4,2023-12-27 17:00:00,443.90791,456.67932,491.0175
Origen 4,2023-12-27 18:00:00,443.90791,467.42847,508.48456
Origen 4,2023-12-27 19:00:00,443.90791,465.19092,491.34894
Origen 4,2023-12-27 20:00:00,443.90791,456.79538,489.28052
Origen 4,2023-12-27 21:00:00,443.90791,452.46863,487.36948
Origen 4,2023-12-27 22:00:00,443.90791,398.11203,429.60107
Origen 4,2023-12-27 23:00:00,433.90791,381.36978,386.9601
Origen 4,2023-12-28 00:00:00,364.80591,361.06006,352.44476
Origen 4,2023-12-28 01:00:00,364.80591,362.15427,350.31033
Origen 4,2023-12-28 02:00:00,364.80591,355.88513,344.8331
Origen 4,2023-12-28 03:00:00,364.80591,343.4355,343.37018
Origen 4,2023-12-28 04:00:00,364.80591,349.99698,344.16895
Origen 4,2023-12-28 05:00:00,364.80591,357.14963,357.92978
Origen 4,2023-12-28 06:00:00,364.80591,357.76474,358.27826
Origen 4,2023-12-28 07:00:00,364.80591,362.7258,363.35956
Origen 4,2023-12-28 08:00:00,364.80591,406.31268,404.2869
Origen 4,2023-12-28 09:00:00,364.80591,408.954,404.9247
Origen 4,2023-12-28 10:00:00,364.80591,423.2022,406.50626
Origen 4,2023-12-28 11:00:00,364.80591,431.60388,409.04214
Origen 4,2023-12-28 12:00:00,364.80591,431.3358,415.68222
Origen 4,2023-12-28 13:00:00,364.80591,429.67813,426.01492
Origen 4,2023-12-28 14:00:00,384.80591,433.28546,426.766
Origen 4,2023-12-28 15:00:00,384.80591,432.5537,425.68658
Origen 4,2023-12-28 16:00:00,405.80591,429.417,416.00522
Origen 4,2023-12-28 17:00:00,405.80591,429.57855,420.0983
Origen 4,2023-12-28 18:00:00,405.80591,441.89322,433.67053
Origen 4,2023-12-28 19:00:00,405.80591,441.5518,433.775
Origen 4,2023-12-28 20:00:00,405.80591,438.88193,432.0505
Origen 4,2023-12-28 21:00:00,405.80591,433.6563,429.58353
Origen 4,2023-12-28 22:00:00,405.80591,431.4454,424.2381
Origen 4,2023-12-28 23:00:00,384.80591,423.72095,405.95456
Origen 4,2023-12-29 00:00:00,344.2566,370.7328,340.67218
Origen 4,2023-12-29 01:00:00,344.2566,361.92398,335.66367
Origen 4,2023-12-29 02:00:00,294.2566,345.77078,329.326
Origen 4,2023-12-29 03:00:00,262.5376,343.77136,328.74466
Origen 4,2023-12-29 04:00:00,294.2566,344.8464,329.68518
Origen 4,2023-12-29 05:00:00,294.2566,357.38403,332.07404
Origen 4,2023-12-29 06:00:00,294.2566,370.71616,336.00125
Origen 4,2023-12-29 07:00:00,294.2566,378.57358,344.68808
Origen 4,2023-12-29 08:00:00,294.2566,387.54398,352.79166
Origen 4,2023-12-29 09:00:00,344.2566,394.38077,352.79166
Origen 4,2023-12-29 10:00:00,344.2566,394.38077,352.79166
Origen 4,2023-12-29 11:00:00,359.2566,393.59735,356.19598
Origen 4,2023-12-29 12:00:00,359.2566,393.43973,356.4201
Origen 4,2023-12-29 13:00:00,344.2566,383.43057,362.05637
Origen 4,2023-12-29 14:00:00,359.2566,392.1313,376.93118
Origen 4,2023-12-29 15:00:00,359.2566,391.62714,375.91504
Origen 4,2023-12-29 16:00:00,359.2566,397.27216,375.91504
Origen 4,2023-12-29 17:00:00,359.2566,397.16815,375.6787
Origen 4,2023-12-29 18:00:00,359.2566,400.53995,376.07245
Origen 4,2023-12-29 19:00:00,359.2566,400.53995,376.07245
Origen 4,2023-12-29 20:00:00,359.2566,400.02197,372.4636
Origen 4,2023-12-29 21:00:00,359.2566,396.2862,371.3584
Origen 4,2023-12-29 22:00:00,359.2566,396.64316,371.13733
Origen 4,2023-12-29 23:00:00,359.2566,379.85144,370.39615
Origen 4,2023-12-30 00:00:00,99.41605,358.61447,327.2849
Origen 4,2023-12-30 01:00:00,99.41605,351.89566,324.13773
Origen 4,2023-12-30 02:00:00,99.41605,301.4485,276.46957
Origen 4,2023-12-30 03:00:00,99.41605,293.83566,261.8449
Origen 4,2023-12-30 04:00:00,99.41605,297.9838,278.74243
Origen 4,2023-12-30 05:00:00,99.41605,302.11716,280.49225
Origen 4,2023-12-30 06:00:00,99.41605,304.63107,279.94574
Origen 4,2023-12-30 07:00:00,99.41605,310.92792,287.09424
Origen 4,2023-12-30 08:00:00,99.41605,312.10556,287.15475
Origen 4,2023-12-30 09:00:00,100.22905,364.9002,329.90646
Origen 4,2023-12-30 10:00:00,100.22905,365.05142,329.90646
Origen 4,2023-12-30 11:00:00,105.97005,371.80313,339.55914
Origen 4,2023-12-30 12:00:00,105.00905,371.80313,339.96762
Origen 4,2023-12-30 13:00:00,105.00905,362.26184,333.5685
Origen 4,2023-12-30 14:00:00,105.97005,370.0876,343.78348
Origen 4,2023-12-30 15:00:00,105.97005,369.61176,343.78348
Origen 4,2023-12-30 16:00:00,105.97005,369.61176,343.78348
Origen 4,2023-12-30 17:00:00,105.97105,369.61176,340.3051
Origen 4,2023-12-30 18:00:00,238.59705,370.22293,333.5283
Origen 4,2023-12-30 19:00:00,238.22905,362.171,334.19742
Origen 4,2023-12-30 20:00:00,238.22905,360.8688,334.33542
Origen 4,2023-12-30 21:00:00,208.22905,358.9017,334.67245
Origen 4,2023-12-30 22:00:00,105.97005,356.81802,334.4732
Origen 4,2023-12-30 23:00:00,105.97005,356.07764,333.31268
Origen 4,2023-12-31 00:00:00,152.99804,179.25903,148.1678
Origen 6,2026-01-01 00:00:00,327.90985,286.23962,257.82413
Origen 6,2026-01-01 01:00:00,307.90985,286.76627,257.52786
Origen 6,2026-01-01 02:00:00,296.32185,284.4107,257.01947
Origen 6,2026-01-01 03:00:00,296.32185,283.5819,256.4248
Origen 6,2026-01-01 04:00:00,296.32185,283.85544,256.7353
Origen 6,2026-01-01 05:00:00,296.32185,287.71988,257.8853
Origen 6,2026-01-01 06:00:00,296.32185,285.62134,256.83902
Origen 6,2026-01-01 07:00:00,296.32185,288.24524,258.1421
Origen 6,2026-01-01 08:00:00,272.90985,290.16666,256.83472
Origen 6,2026-01-01 09:00:00,104.99185,290.53604,256.8324
Origen 6,2026-01-01 10:00:00,103.53785,290.53604,256.98248
Origen 6,2026-01-01 11:00:00,244.80985,290.5873,256.98248
Origen 6,2026-01-01 12:00:00,272.90985,290.5873,258.19702
Origen 6,2026-01-01 13:00:00,292.90985,290.95807,261.58734
Origen 6,2026-01-01 14:00:00,296.32185,291.19208,263.00266
Origen 6,2026-01-01 15:00:00,296.32185,291.19208,260.9715
Origen 6,2026-01-01 16:00:00,296.32185,292.89758,263.80374
Origen 6,2026-01-01 17:00:00,327.90985,301.8204,282.64853
Origen 6,2026-01-01 18:00:00,332.90985,302.57004,286.96204
Origen 6,2026-01-01 19:00:00,332.90985,302.57004,286.96204
Origen 6,2026-01-01 20:00:00,332.90985,301.7852,285.4495
Origen 6,2026-01-01 21:00:00,332.90985,301.1097,281.0484
Origen 6,2026-01-01 22:00:00,332.90985,298.03583,263.33994
Origen 6,2026-01-01 23:00:00,327.90985,288.05194,255.37173
Origen 6,2026-01-02 00:00:00,329.20101,318.26025,311.667
Origen 6,2026-01-02 01:00:00,326.20101,305.33292,290.62762
Origen 6,2026-01-02 02:00:00,326.20101,300.53122,279.98206
Origen 6,2026-01-02 03:00:00,329.20101,299.44333,278.93762
Origen 6,2026-01-02 04:00:00,326.20101,299.95297,282.5399
Origen 6,2026-01-02 05:00:00,329.20101,300.2602,286.9237
Origen 6,2026-01-02 06:00:00,329.20101,301.73712,289.37314
Origen 6,2026-01-02 07:00:00,329.20101,301.44647,291.22665
Origen 6,2026-01-02 08:00:00,329.20101,292.07904,265.5631
Origen 6,2026-01-02 09:00:00,326.20101,191.69711,146.69423
Origen 6,2026-01-02 10:00:00,326.20101,180.2001,143.45802
Origen 6,2026-01-02 11:00:00,329.20101,270.52634,246.77554
Origen 6,2026-01-02 12:00:00,329.20101,286.94275,259.38596
Origen 6,2026-01-02 13:00:00,329.20101,299.64502,283.88956
Origen 6,2026-01-02 14:00:00,329.20101,301.89514,294.51483
Origen 6,2026-01-02 15:00:00,331.20101,303.60132,298.431
Origen 6,2026-01-02 16:00:00,331.20101,303.5165,299.86157
Origen 6,2026-01-02 17:00:00,352.17901,323.3481,334.74908
Origen 6,2026-01-02 18:00:00,352.17901,324.84158,337.2753
Origen 6,2026-01-02 19:00:00,352.17901,324.84158,337.2753
Origen 6,2026-01-02 20:00:00,352.17901,324.84158,338.26584
Origen 6,2026-01-02 21:00:00,352.17901,324.81384,337.91617
Origen 6,2026-01-02 22:00:00,352.17901,327.21408,333.61432
Origen 6,2026-01-02 23:00:00,331.20101,326.59927,328.12717
Origen 6,2026-01-03 00:00:00,342.48147,323.09164,318.24326
Origen 6,2026-01-03 01:00:00,342.48147,322.02435,321.6294
Origen 6,2026-01-03 02:00:00,327.48147,321.18262,321.51236
Origen 6,2026-01-03 03:00:00,327.48147,319.4111,321.26672
Origen 6,2026-01-03 04:00:00,327.48147,319.55997,321.26672
Origen 6,2026-01-03 05:00:00,327.48147,319.06772,321.38394
Origen 6,2026-01-03 06:00:00,327.48147,316.80847,316.90094
Origen 6,2026-01-03 07:00:00,327.48147,319.2232,317.00613
Origen 6,2026-01-03 08:00:00,327.48147,319.1969,317.61804
Origen 6,2026-01-03 09:00:00,327.48147,324.05872,315.51196
Origen 6,2026-01-03 10:00:00,327.48147,325.2945,316.51553
Origen 6,2026-01-03 11:00:00,327.48147,328.34082,321.2776
Origen 6,2026-01-03 12:00:00,327.48147,326.36514,320.34735
Origen 6,2026-01-03 13:00:00,327.48147,331.95435,323.69116
Origen 6,2026-01-03 14:00:00,332.48147,331.968,324.34366
Origen 6,2026-01-03 15:00:00,342.48147,331.968,324.4091
Origen 6,2026-01-03 16:00:00,352.07947,331.968,324.18457
Origen 6,2026-01-03 17:00:00,354.48147,353.05872,334.54385
Origen 6,2026-01-03 18:00:00,354.48147,353.44498,337.04944
Origen 6,2026-01-03 19:00:00,354.48147,353.44498,337.18893
Origen 6,2026-01-03 20:00:00,354.48147,353.44498,334.54404
Origen 6,2026-01-03 21:00:00,354.48147,353.27158,334.4354
Origen 6,2026-01-03 22:00:00,352.07947,351.74063,333.18512
Origen 6,2026-01-03 23:00:00,352.07947,329.09995,322.77628
Origen 6,2026-01-04 00:00:00,282.47952,328.22623,322.62057
Origen 6,2026-01-04 01:00:00,282.47952,327.18335,322.49167
Origen 6,2026-01-04 02:00:00,282.47952,326.7622,315.4625
Origen 6,2026-01-04 03:00:00,282.47952,326.0195,315.29675
Origen 6,2026-01-04 04:00:00,282.47952,325.69278,314.27097
Origen 6,2026-01-04 05:00:00,282.47952,325.62305,314.27097
Origen 6,2026-01-04 06:00:00,282.47952,322.90558,313.10205
Origen 6,2026-01-04 07:00:00,282.47952,322.88617,312.0356
Origen 6,2026-01-04 08:00:00,282.47952,323.03757,312.74557
Origen 6,2026-01-04 09:00:00,268.11152,319.85602,311.61365
Origen 6,2026-01-04 10:00:00,268.11152,320.34964,312.74557
Origen 6,2026-01-04 11:00:00,282.47952,320.49002,313.06665
Origen 6,2026-01-04 12:00:00,282.47952,320.59888,313.7833
Origen 6,2026-01-04 13:00:00,282.47952,321.03793,317.08444
Origen 6,2026-01-04 14:00:00,282.47952,321.47235,318.18558
Origen 6,2026-01-04 15:00:00,282.47952,321.58154,324.81168
Origen 6,2026-01-04 16:00:00,330.47952,342.0039,325.70145
Origen 6,2026-01-04 17:00:00,334.47952,342.41153,330.04803
Origen 6,2026-01-04 18:00:00,347.07752,345.23767,332.3747
Origen 6,2026-01-04 19:00:00,347.07752,345.82883,332.1157
Origen 6,2026-01-04 20:00:00,347.07752,345.59262,331.4506
Origen 6,2026-01-04 21:00:00,343.47952,344.34607,331.05554
Origen 6,2026-01-04 22:00:00,342.47952,343.28714,329.6086
Origen 6,2026-01-04 23:00:00,334.47952,341.39307,328.31592
Origen 6,2026-01-05 00:00:00,293.94594,309.45428,300.28055
Origen 6,2026-01-05 01:00:00,293.94594,308.2783,298.3838
Origen 6,2026-01-05 02:00:00,269.57794,307.45895,297.04648
Origen 6,2026-01-05 03:00:00,262.43094,307.16107,295.66287
Origen 6,2026-01-05 04:00:00,269.57794,306.768,296.9377
Origen 6,2026-01-05 05:00:00,293.94594,307.3962,300.84894
Origen 6,2026-01-05 06:00:00,334.16294,298.6636,301.27457
Origen 6,2026-01-05 07:00:00,334.16294,299.804,303.04
Origen 6,2026-01-05 08:00:00,334.16294,306.59506,302.6498
Origen 6,2026-01-05 09:00:00,334.16294,298.86334,283.0919
Origen 6,2026-01-05 10:00:00,334.16294,300.17117,292.04907
Origen 6,2026-01-05 11:00:00,334.16294,310.86536,315.51556
Origen 6,2026-01-05 12:00:00,334.16294,311.3993,315.04742
Origen 6,2026-01-05 13:00:00,338.94594,311.05795,320.49002
Origen 6,2026-01-05 14:00:00,338.94594,311.45764,321.71082
Origen 6,2026-01-05 15:00:00,338.94594,311.83646,321.75208
Origen 6,2026-01-05 16:00:00,338.94594,339.86307,354.91562
Origen 6,2026-01-05 17:00:00,338.94594,339.86307,357.3094
Origen 6,2026-01-05 18:00:00,353.94594,360.94418,364.82312
Origen 6,2026-01-05 19:00:00,353.94594,361.2924,364.7125
Origen 6,2026-01-05 20:00:00,353.94594,358.54697,361.81784
Origen 6,2026-01-05 21:00:00,338.94594,354.05743,359.45438
Origen 6,2026-01-05 22:00:00,338.94594,331.52124,356.53928
Origen 6,2026-01-05 23:00:00,338.94594,329.58002,339.3018
Origen 6,2026-01-06 00:00:00,301.18493,308.07413,285.39685
Origen 6,2026-01-06 01:00:00,301.18493,306.25824,274.81155
Origen 6,2026-01-06 02:00:00,301.18493,279.39926,257.5335
Origen 6,2026-01-06 03:00:00,301.18493,272.97708,257.4094
Origen 6,2026-01-06 04:00:00,301.18493,269.23676,258.30685
Origen 6,2026-01-06 05:00:00,312.18493,295.79727,277.78748
Origen 6,2026-01-06 06:00:00,312.18493,310.01965,313.82907
Origen 6,2026-01-06 07:00:00,312.18493,314.26813,307.125
Origen 6,2026-01-06 08:00:00,312.18493,320.30762,311.1296
Origen 6,2026-01-06 09:00:00,312.18493,325.94568,313.93607
Origen 6,2026-01-06 10:00:00,312.18493,327.0537,313.93607
Origen 6,2026-01-06 11:00:00,312.18493,324.77652,316.51978
Origen 6,2026-01-06 12:00:00,312.18493,325.01495,317.763
Origen 6,2026-01-06 13:00:00,312.18493,325.2788,330.328
Origen 6,2026-01-06 14:00:00,312.18493,326.07812,339.58603
Origen 6,2026-01-06 15:00:00,312.18493,326.07812,340.31467
Origen 6,2026-01-06 16:00:00,339.18493,326.07812,338.82986
Origen 6,2026-01-06 17:00:00,339.18493,325.4324,339.18307
Origen 6,2026-01-06 18:00:00,349.60093,341.65268,340.31094
Origen 6,2026-01-06 19:00:00,349.60093,341.65268,340.31094
Origen 6,2026-01-06 20:00:00,339.18493,340.60803,338.22617
Origen 6,2026-01-06 21:00:00,339.18493,321.50916,334.91974
Origen 6,2026-01-06 22:00:00,322.18493,320.85522,330.56213
Origen 6,2026-01-06 23:00:00,312.18493,317.5956,324.21222
Origen 6,2026-01-07 00:00:00,252.71747,300.46344,285.45032
Origen 6,2026-01-07 01:00:00,252.71747,296.404,280.97723
Origen 6,2026-01-07 02:00:00,245.61747,292.02527,280.46017
Origen 6,2026-01-07 03:00:00,245.61747,286.05542,279.94748
Origen 6,2026-01-07 04:00:00,249.61747,281.20996,280.36295
Origen 6,2026-01-07 05:00:00,252.71747,297.13123,288.44272
Origen 6,2026-01-07 06:00:00,252.71747,297.13123,287.5639
Origen 6,2026-01-07 07:00:00,252.71747,297.2365,288.6181
Origen 6,2026-01-07 08:00:00,252.71747,295.59583,290.19547
Origen 6,2026-01-07 09:00:00,245.61747,306.06494,290.73215
Origen 6,2026-01-07 10:00:00,249.61747,310.80014,292.0339
Origen 6,2026-01-07 11:00:00,252.71747,312.70798,295.90424
Origen 6,2026-01-07 12:00:00,252.71747,310.6521,298.27753
Origen 6,2026-01-07 13:00:00,252.71747,309.9629,301.0968
Origen 6,2026-01-07 14:00:00,261.20247,310.35126,303.7993
Origen 6,2026-01-07 15:00:00,292.71747,309.97693,303.70267
Origen 6,2026-01-07 16:00:00,292.71747,309.97693,319.7168
Origen 6,2026-01-07 17:00:00,312.71747,310.8627,322.2594
Origen 6,2026-01-07 18:00:00,328.20947,332.23624,327.72766
Origen 6,2026-01-07 19:00:00,328.20947,332.23624,326.85852
Origen 6,2026-01-07 20:00:00,328.20947,312.695,324.41342
Origen 6,2026-01-07 21:00:00,321.71747,312.03265,323.87427
Origen 6,2026-01-07 22:00:00,312.71747,311.17563,308.48294
Origen 6,2026-01-07 23:00:00,292.71747,306.91785,297.33118
Origen 6,2026-01-08 00:00:00,108.19992,272.1619,253.4336
Origen 6,2026-01-08 01:00:00,108.19992,267.7511,251.73132
Origen 6,2026-01-08 02:00:00,108.19992,258.8105,236.61954
Origen 6,2026-01-08 03:00:00,108.19992,257.957,235.71416
Origen 6,2026-01-08 04:00:00,118.19992,263.45636,248.25153
Origen 6,2026-01-08 05:00:00,156.68492,268.0457,253.4828
Origen 6,2026-01-08 06:00:00,118.19992,271.3163,253.8275
Origen 6,2026-01-08 07:00:00,118.19992,271.19214,260.0329
Origen 6,2026-01-08 08:00:00,118.19992,274.034,259.3319
Origen 6,2026-01-08 09:00:00,108.19992,266.7922,239.89407
Origen 6,2026-01-08 10:00:00,118.19992,273.29214,250.89294
Origen 6,2026-01-08 11:00:00,156.68492,273.66797,260.7579
Origen 6,2026-01-08 12:00:00,228.19992,274.06143,259.3683
Origen 6,2026-01-08 13:00:00,118.19992,274.35025,266.7955
Origen 6,2026-01-08 14:00:00,238.19992,274.82843,270.2981
Origen 6,2026-01-08 15:00:00,270.19992,292.4879,289.21533
Origen 6,2026-01-08 16:00:00,270.19992,292.4879,287.75513
Origen 6,2026-01-08 17:00:00,288.19992,309.20514,316.42532
Origen 6,2026-01-08 18:00:00,288.19992,309.4764,328.34818
Origen 6,2026-01-08 19:00:00,288.19992,307.42654,328.48566
Origen 6,2026-01-08 20:00:00,288.19992,306.35522,324.57184
Origen 6,2026-01-08 21:00:00,288.19992,306.54065,321.57217
Origen 6,2026-01-08 22:00:00,270.19992,307.158,312.461
Origen 6,2026-01-08 23:00:00,270.19992,288.7642,284.4949
Origen 6,2026-01-09 00:00:00,148.95631,160.43983,154.04367
Origen 6,2026-01-09 01:00:00,124.95631,157.69356,154.0932
Origen 6,2026-01-09 02:00:00,124.95631,156.58066,153.61826
Origen 6,2026-01-09 03:00:00,124.95631,154.25198,153.36536
Origen 6,2026-01-09 04:00:00,148.95631,157.25241,161.96843
Origen 6,2026-01-09 05:00:00,148.95631,180.11156,175.15953
Origen 6,2026-01-09 06:00:00,209.95631,160.29546,163.70654
Origen 6,2026-01-09 07:00:00,209.95631,158.76033,164.72589
Origen 6,2026-01-09 08:00:00,148.95631,159.76497,166.17937
Origen 6,2026-01-09 09:00:00,124.95631,158.5516,155.34517
Origen 6,2026-01-09 10:00:00,124.95631,160.1862,164.16508
Origen 6,2026-01-09 11:00:00,148.95631,178.96,175.51434
Origen 6,2026-01-09 12:00:00,148.95631,227.33365,225.4067
Origen 6,2026-01-09 13:00:00,209.95631,159.05206,165.7475
Origen 6,2026-01-09 14:00:00,249.95631,235.55278,240.69899
Origen 6,2026-01-09 15:00:00,249.95631,240.25146,255.06763
Origen 6,2026-01-09 16:00:00,249.95631,240.25146,255.06763
Origen 6,2026-01-09 17:00:00,249.95631,249.8469,271.24863
Origen 6,2026-01-09 18:00:00,279.95631,249.8469,271.24863
Origen 6,2026-01-09 19:00:00,279.95631,249.8469,271.24863
Origen 6,2026-01-09 20:00:00,279.95631,249.8469,270.8693
Origen 6,2026-01-09 21:00:00,249.95631,250.03123,270.46765
Origen 6,2026-01-09 22:00:00,249.95631,241.62482,253.90146
Origen 6,2026-01-09 23:00:00,228.85631,240.13107,248.29544
Origen 6,2026-01-10 00:00:00,176.78564,176.3082,164.37775
Origen 6,2026-01-10 01:00:00,176.78564,160.95714,160.14076
Origen 6,2026-01-10 02:00:00,165.78564,158.45917,159.96515
Origen 6,2026-01-10 03:00:00,165.78564,157.32884,160.97365
Origen 6,2026-01-10 04:00:00,165.78564,173.83205,164.5036
Origen 6,2026-01-10 05:00:00,176.78564,175.52313,164.44595
Origen 6,2026-01-10 06:00:00,176.78564,217.35329,205.17142
Origen 6,2026-01-10 07:00:00,176.78564,219.20795,205.7364
Origen 6,2026-01-10 08:00:00,151.78564,177.98262,165.90152
Origen 6,2026-01-10 09:00:00,113.86764,163.55345,162.92381
Origen 6,2026-01-10 10:00:00,113.86764,163.55345,162.92381
Origen 6,2026-01-10 11:00:00,151.78564,178.28307,165.90152
Origen 6,2026-01-10 12:00:00,151.78564,178.28307,165.90152
Origen 6,2026-01-10 13:00:00,151.78564,221.06369,209.07745
Origen 6,2026-01-10 14:00:00,176.78564,240.20027,247.22697
Origen 6,2026-01-10 15:00:00,176.78564,240.20027,247.64735
Origen 6,2026-01-10 16:00:00,214.78564,240.37866,247.64735
Origen 6,2026-01-10 17:00:00,276.78564,240.55696,247.64735
Origen 6,2026-01-10 18:00:00,276.78564,248.75476,262.03748
Origen 6,2026-01-10 19:00:00,276.78564,248.75476,262.146
Origen 6,2026-01-10 20:00:00,276.78564,248.75476,262.146
Origen 6,2026-01-10 21:00:00,276.78564,240.55696,247.74988
Origen 6,2026-01-10 22:00:00,276.78564,240.55696,247.32932
Origen 6,2026-01-10 23:00:00,214.78564,227.50055,222.80548
Origen 6,2026-01-11 00:00:00,119.10337,185.47797,178.88971
Origen 6,2026-01-11 01:00:00,116.18537,184.24399,178.86343
Origen 6,2026-01-11 02:00:00,116.18537,183.631,177.05548
Origen 6,2026-01-11 03:00:00,116.18537,183.35023,174.84758
Origen 6,2026-01-11 04:00:00,116.18537,182.61154,175.04555
Origen 6,2026-01-11 05:00:00,116.18537,183.97787,176.30803
Origen 6,2026-01-11 06:00:00,116.18537,184.40062,176.3499
Origen 6,2026-01-11 07:00:00,114.73137,185.7108,176.3499
Origen 6,2026-01-11 08:00:00,110.59537,177.71033,155.52625
Origen 6,2026-01-11 09:00:00,110.59537,156.12341,144.05577
Origen 6,2026-01-11 10:00:00,110.59537,156.3812,143.86801
Origen 6,2026-01-11 11:00:00,110.59537,178.55309,154.81474
Origen 6,2026-01-11 12:00:00,112.10337,178.55309,154.81474
Origen 6,2026-01-11 13:00:00,116.17837,178.66687,156.32178
Origen 6,2026-01-11 14:00:00,116.18537,187.3087,179.5105
Origen 6,2026-01-11 15:00:00,116.18537,187.3087,179.87979
Origen 6,2026-01-11 16:00:00,119.10337,222.0106,207.1006
Origen 6,2026-01-11 17:00:00,119.10337,249.13153,250.47264
Origen 6,2026-01-11 18:00:00,154.10337,249.13153,250.36865
Origen 6,2026-01-11 19:00:00,219.10337,249.13153,250.41103
Origen 6,2026-01-11 20:00:00,154.10337,249.13153,250.41103
Origen 6,2026-01-11 21:00:00,154.10337,249.13153,250.41103
Origen 6,2026-01-11 22:00:00,124.10337,248.55795,249.17241
Origen 6,2026-01-11 23:00:00,119.10337,221.1026,200.90854
Origen 6,2026-01-12 00:00:00,117.87734,159.555,155.0791
Origen 6,2026-01-12 01:00:00,113.88434,157.73726,154.37775
Origen 6,2026-01-12 02:00:00,113.88434,156.21716,149.99487
Origen 6,2026-01-12 03:00:00,113.88434,155.6422,148.76105
Origen 6,2026-01-12 04:00:00,113.88434,153.43881,147.43582
Origen 6,2026-01-12 05:00:00,113.88434,156.94887,151.9177
Origen 6,2026-01-12 06:00:00,113.88434,156.07704,161.20915
Origen 6,2026-01-12 07:00:00,113.88434,156.80167,157.1917
Origen 6,2026-01-12 08:00:00,113.46634,160.29248,156.10324
Origen 6,2026-01-12 09:00:00,113.46634,160.29248,156.5119
Origen 6,2026-01-12 10:00:00,113.46634,160.29248,156.5119
Origen 6,2026-01-12 11:00:00,151.38434,159.68987,155.94879
Origen 6,2026-01-12 12:00:00,151.38434,159.68987,158.81174
Origen 6,2026-01-12 13:00:00,196.38434,161.20753,166.33173
Origen 6,2026-01-12 14:00:00,196.38434,161.45056,168.29976
Origen 6,2026-01-12 15:00:00,196.38434,161.45056,168.5669
Origen 6,2026-01-12 16:00:00,206.38434,161.45056,167.57321
Origen 6,2026-01-12 17:00:00,206.38434,161.45056,167.57321
Origen 6,2026-01-12 18:00:00,216.38434,181.90273,180.35425
Origen 6,2026-01-12 19:00:00,216.38434,224.73666,225.55698
Origen 6,2026-01-12 20:00:00,216.38434,177.21547,179.56058
Origen 6,2026-01-12 21:00:00,216.38434,172.67885,178.41801
Origen 6,2026-01-12 22:00:00,206.38434,158.08167,167.06052
Origen 6,2026-01-12 23:00:00,206.38434,151.96173,160.77734
Origen 6,2026-01-13 00:00:00,105.22064,153.5554,148.42357
Origen 6,2026-01-13 01:00:00,105.21064,150.06017,142.96806
Origen 6,2026-01-13 02:00:00,105.21064,147.55194,139.81792
Origen 6,2026-01-13 03:00:00,105.20264,145.35173,138.68051
Origen 6,2026-01-13 04:00:00,105.21064,143.1233,139.63936
Origen 6,2026-01-13 05:00:00,105.22064,143.77304,142.33151
Origen 6,2026-01-13 06:00:00,105.22064,143.49278,142.3819
Origen 6,2026-01-13 07:00:00,105.22064,144.97876,143.55342
Origen 6,2026-01-13 08:00:00,105.22064,151.35355,147.26213
Origen 6,2026-01-13 09:00:00,105.22064,152.41043,150.255
Origen 6,2026-01-13 10:00:00,105.22064,152.90948,150.34639
Origen 6,2026-01-13 11:00:00,105.22064,173.32956,164.00313
Origen 6,2026-01-13 12:00:00,105.22064,174.18137,164.00313
Origen 6,2026-01-13 13:00:00,105.22064,179.95119,198.1618
Origen 6,2026-01-13 14:00:00,188.12064,180.26483,201.07126
Origen 6,2026-01-13 15:00:00,208.12064,181.00307,203.07158
Origen 6,2026-01-13 16:00:00,208.12064,210.87358,216.10942
Origen 6,2026-01-13 17:00:00,208.12064,210.87358,216.20467
Origen 6,2026-01-13 18:00:00,209.12064,225.01234,217.91388
Origen 6,2026-01-13 19:00:00,209.12064,225.32513,217.91388
Origen 6,2026-01-13 20:00:00,209.12064,224.07228,216.5784
Origen 6,2026-01-13 21:00:00,208.12064,223.99419,215.19402
Origen 6,2026-01-13 22:00:00,208.12064,210.5395,211.54059
Origen 6,2026-01-13 23:00:00,188.12064,208.7531,204.07697
Origen 6,2026-01-14 00:00:00,109.65888,151.09604,128.30884
Origen 6,2026-01-14 01:00:00,109.65888,150.07828,125.75042
Origen 6,2026-01-14 02:00:00,109.65888,146.67479,122.97407
Origen 6,2026-01-14 03:00:00,109.65888,143.84436,122.57622
Origen 6,2026-01-14 04:00:00,109.65888,145.11945,123.8808
Origen 6,2026-01-14 05:00:00,109.65888,145.39719,127.02547
Origen 6,2026-01-14 06:00:00,109.65888,144.31168,126.62306
Origen 6,2026-01-14 07:00:00,109.65888,144.90538,127.191414
Origen 6,2026-01-14 08:00:00,109.65888,149.11244,127.76926
Origen 6,2026-01-14 09:00:00,109.65888,152.88339,126.149734
Origen 6,2026-01-14 10:00:00,109.65888,153.25272,127.106346
Origen 6,2026-01-14 11:00:00,109.65888,153.91747,130.4348
Origen 6,2026-01-14 12:00:00,109.65888,153.99513,130.48108
Origen 6,2026-01-14 13:00:00,109.65888,154.37642,131.95349
Origen 6,2026-01-14 14:00:00,138.16688,183.70595,185.64519
Origen 6,2026-01-14 15:00:00,138.16688,207.16225,206.55582
Origen 6,2026-01-14 16:00:00,142.16688,207.63199,206.55582
Origen 6,2026-01-14 17:00:00,213.16688,208.34149,209.73837
Origen 6,2026-01-14 18:00:00,213.16688,219.96866,214.44402
Origen 6,2026-01-14 19:00:00,217.16688,219.96866,214.44402
Origen 6,2026-01-14 20:00:00,213.16688,212.6767,213.57475
Origen 6,2026-01-14 21:00:00,213.16688,202.84543,212.85626
Origen 6,2026-01-14 22:00:00,142.16688,202.00238,207.27213
Origen 6,2026-01-14 23:00:00,138.16688,176.2086,183.05722
Origen 6,2026-01-15 00:00:00,111.95694,133.96509,114.16852
Origen 6,2026-01-15 01:00:00,111.95694,131.60551,114.08412
Origen 6,2026-01-15 02:00:00,111.95694,128.2785,113.1934
Origen 6,2026-01-15 03:00:00,111.95694,127.27453,112.88179
Origen 6,2026-01-15 04:00:00,111.95694,127.67845,112.90781
Origen 6,2026-01-15 05:00:00,111.95694,129.73523,119.48703
Origen 6,2026-01-15 06:00:00,117.54694,129.53995,113.38004
Origen 6,2026-01-15 07:00:00,117.54694,129.67839,114.053825
Origen 6,2026-01-15 08:00:00,117.54694,132.61171,114.70072
Origen 6,2026-01-15 09:00:00,111.95694,135.25389,114.75482
Origen 6,2026-01-15 10:00:00,117.54694,135.7679,116.24517
Origen 6,2026-01-15 11:00:00,117.54694,137.49825,121.82169
Origen 6,2026-01-15 12:00:00,117.54694,154.38196,131.35867
Origen 6,2026-01-15 13:00:00,119.09994,137.87181,117.98038
Origen 6,2026-01-15 14:00:00,190.55694,159.96698,152.91269
Origen 6,2026-01-15 15:00:00,190.55694,160.16083,156.0298
Origen 6,2026-01-15 16:00:00,190.55694,170.84514,153.49821
Origen 6,2026-01-15 17:00:00,190.55694,218.42874,204.09477
Origen 6,2026-01-15 18:00:00,190.55694,218.91129,205.01875
Origen 6,2026-01-15 19:00:00,191.55694,218.91129,205.01875
Origen 6,2026-01-15 20:00:00,190.55694,217.69412,203.99591
Origen 6,2026-01-15 21:00:00,190.55694,217.56813,203.0711
Origen 6,2026-01-15 22:00:00,190.55694,167.30072,152.06474
Origen 6,2026-01-15 23:00:00,117.54694,151.25601,149.29494
Origen 6,2026-01-16 00:00:00,109.64545,126.84732,117.69516
Origen 6,2026-01-16 01:00:00,109.64545,125.720436,114.69974
Origen 6,2026-01-16 02:00:00,109.64545,125.18115,114.66845
Origen 6,2026-01-16 03:00:00,109.64545,123.68602,114.41267
Origen 6,2026-01-16 04:00:00,109.64545,125.2393,117.99309
Origen 6,2026-01-16 05:00:00,109.64545,126.389435,118.77429
Origen 6,2026-01-16 06:00:00,109.64545,145.37065,129.15189
Origen 6,2026-01-16 07:00:00,109.64545,146.512,129.40604
Origen 6,2026-01-16 08:00:00,109.64545,132.18701,123.55438
Origen 6,2026-01-16 09:00:00,109.64545,132.03363,117.020836
Origen 6,2026-01-16 10:00:00,109.64545,132.63908,120.58595
Origen 6,2026-01-16 11:00:00,109.64545,132.78238,123.2125
Origen 6,2026-01-16 12:00:00,109.64545,132.33105,122.649765
Origen 6,2026-01-16 13:00:00,109.64545,149.85146,131.03712
Origen 6,2026-01-16 14:00:00,109.64545,173.74927,169.20308
Origen 6,2026-01-16 15:00:00,109.64545,173.74927,169.65283
Origen 6,2026-01-16 16:00:00,113.78145,173.9328,169.69435
Origen 6,2026-01-16 17:00:00,117.24545,173.74927,170.33423
Origen 6,2026-01-16 18:00:00,168.24545,175.0816,171.8116
Origen 6,2026-01-16 19:00:00,168.24545,175.0816,171.95085
Origen 6,2026-01-16 20:00:00,168.24545,175.0816,171.71036
Origen 6,2026-01-16 21:00:00,117.24545,173.95511,170.00388
Origen 6,2026-01-16 22:00:00,109.64545,173.95511,169.4159
Origen 6,2026-01-16 23:00:00,109.64545,149.09814,131.59673
Origen 6,2026-01-17 00:00:00,100.55036,137.05052,115.02869
Origen 6,2026-01-17 01:00:00,100.55036,136.32256,115.044975
Origen 6,2026-01-17 02:00:00,100.55036,135.9375,115.044975
Origen 6,2026-01-17 03:00:00,100.55036,134.70242,115.034836
Origen 6,2026-01-17 04:00:00,100.55036,135.9375,115.044975
Origen 6,2026-01-17 05:00:00,100.55036,136.61226,115.07856
Origen 6,2026-01-17 06:00:00,104.68636,137.0615,115.53316
Origen 6,2026-01-17 07:00:00,100.55036,138.95468,115.58853
Origen 6,2026-01-17 08:00:00,100.55036,133.14102,115.447685
Origen 6,2026-01-17 09:00:00,100.55036,133.14102,110.509705
Origen 6,2026-01-17 10:00:00,100.55036,133.14102,112.15411
Origen 6,2026-01-17 11:00:00,100.55036,133.28484,117.36467
Origen 6,2026-01-17 12:00:00,100.55036,133.28484,117.3855
Origen 6,2026-01-17 13:00:00,100.55036,131.17935,118.230255
Origen 6,2026-01-17 14:00:00,100.55036,135.30904,118.54265
Origen 6,2026-01-17 15:00:00,100.55036,134.71605,118.92969
Origen 6,2026-01-17 16:00:00,108.15036,142.95932,129.82262
Origen 6,2026-01-17 17:00:00,114.15036,143.70642,139.81538
Origen 6,2026-01-17 18:00:00,126.15036,165.24362,166.44144
Origen 6,2026-01-17 19:00:00,126.15036,165.24362,166.03148
Origen 6,2026-01-17 20:00:00,126.15036,165.24362,166.03148
Origen 6,2026-01-17 21:00:00,126.15036,143.44585,138.98065
Origen 6,2026-01-17 22:00:00,126.15036,142.14873,131.11674
Origen 6,2026-01-17 23:00:00,108.15036,141.05583,124.4004
Origen 6,2026-01-18 00:00:00,105.32193,121.74817,108.06749
Origen 6,2026-01-18 01:00:00,105.32193,121.3066,107.65341
Origen 6,2026-01-18 02:00:00,105.32193,120.48433,107.610405
Origen 6,2026-01-18 03:00:00,103.31193,120.03698,107.59568
Origen 6,2026-01-18 04:00:00,101.85793,120.48433,107.63493
Origen 6,2026-01-18 05:00:00,103.31193,121.17572,107.67795
Origen 6,2026-01-18 06:00:00,97.72193,122.364,108.01767
Origen 6,2026-01-18 07:00:00,97.72193,122.35203,107.74026
Origen 6,2026-01-18 08:00:00,97.72193,123.37999,107.54797
Origen 6,2026-01-18 09:00:00,97.72193,123.63518,107.5788
Origen 6,2026-01-18 10:00:00,97.72193,123.88291,107.65737
Origen 6,2026-01-18 11:00:00,97.72193,124.01672,107.65737
Origen 6,2026-01-18 12:00:00,97.72193,124.01672,107.65737
Origen 6,2026-01-18 13:00:00,97.72193,124.09576,108.663795
Origen 6,2026-01-18 14:00:00,97.72193,124.254326,108.68628
Origen 6,2026-01-18 15:00:00,97.72193,124.254326,108.82235
Origen 6,2026-01-18 16:00:00,105.32193,127.64502,113.20543
Origen 6,2026-01-18 17:00:00,113.32193,127.902016,117.066376
Origen 6,2026-01-18 18:00:00,166.32193,134.20818,130.39842
Origen 6,2026-01-18 19:00:00,171.32193,146.60767,136.99878
Origen 6,2026-01-18 20:00:00,171.32193,134.43164,128.54633
Origen 6,2026-01-18 21:00:00,166.32193,133.65594,128.48929
Origen 6,2026-01-18 22:00:00,166.32193,133.39705,124.84746
Origen 6,2026-01-18 23:00:00,113.32193,125.41896,111.59542
Origen 6,2026-01-19 00:00:00,111.91666,125.54636,110.25602
Origen 6,2026-01-19 01:00:00,107.91666,124.75385,109.34199
Origen 6,2026-01-19 02:00:00,105.90666,123.93248,109.334206
Origen 6,2026-01-19 03:00:00,107.91666,122.90695,109.07905
Origen 6,2026-01-19 04:00:00,107.91666,122.02861,109.39487
Origen 6,2026-01-19 05:00:00,111.91666,123.020706,110.94773
Origen 6,2026-01-19 06:00:00,149.91666,122.64665,108.438065
Origen 6,2026-01-19 07:00:00,149.91666,124.08121,108.91939
Origen 6,2026-01-19 08:00:00,149.91666,125.6151,109.7568
Origen 6,2026-01-19 09:00:00,111.91666,126.56499,109.7568
Origen 6,2026-01-19 10:00:00,149.91666,126.56499,109.7568
Origen 6,2026-01-19 11:00:00,149.91666,126.7017,114.706406
Origen 6,2026-01-19 12:00:00,149.91666,126.7017,114.99825
Origen 6,2026-01-19 13:00:00,149.91666,133.03816,119.16948
Origen 6,2026-01-19 14:00:00,149.91666,131.8801,119.72737
Origen 6,2026-01-19 15:00:00,158.91666,131.74033,120.24126
Origen 6,2026-01-19 16:00:00,173.91666,139.87514,127.17891
Origen 6,2026-01-19 17:00:00,178.91666,143.30994,136.25613
Origen 6,2026-01-19 18:00:00,178.91666,166.93956,179.61084
Origen 6,2026-01-19 19:00:00,178.91666,169.18784,179.61084
Origen 6,2026-01-19 20:00:00,178.91666,169.4676,178.52875
Origen 6,2026-01-19 21:00:00,178.91666,170.1871,178.09901
Origen 6,2026-01-19 22:00:00,178.91666,171.27567,176.82253
Origen 6,2026-01-19 23:00:00,173.91666,144.6027,134.54597
Origen 6,2026-01-20 00:00:00,174.33117,129.14856,118.455414
Origen 6,2026-01-20 01:00:00,174.33117,127.62901,115.20232
Origen 6,2026-01-20 02:00:00,174.33117,124.184425,110.82644
Origen 6,2026-01-20 03:00:00,174.33117,126.75488,113.83703
Origen 6,2026-01-20 04:00:00,174.33117,126.16525,114.22112
Origen 6,2026-01-20 05:00:00,176.23117,127.03011,118.42553
Origen 6,2026-01-20 06:00:00,176.33117,161.42038,141.33679
Origen 6,2026-01-20 07:00:00,176.23117,163.33951,142.15225
Origen 6,2026-01-20 08:00:00,174.33117,165.67543,143.03789
Origen 6,2026-01-20 09:00:00,174.33117,131.16034,120.86214
Origen 6,2026-01-20 10:00:00,174.33117,167.14195,143.67957
Origen 6,2026-01-20 11:00:00,174.33117,167.39505,143.92574
Origen 6,2026-01-20 12:00:00,174.33117,167.39505,144.26868
Origen 6,2026-01-20 13:00:00,176.23117,167.57106,145.08008
Origen 6,2026-01-20 14:00:00,176.33117,169.00441,155.47818
Origen 6,2026-01-20 15:00:00,176.33117,174.95384,166.39082
Origen 6,2026-01-20 16:00:00,176.33117,184.63051,175.80139
Origen 6,2026-01-20 17:00:00,178.33117,189.96791,177.96649
Origen 6,2026-01-20 18:00:00,181.33117,189.96791,178.37524
Origen 6,2026-01-20 19:00:00,191.33117,189.96791,178.37524
Origen 6,2026-01-20 20:00:00,181.33117,189.30591,176.96397
Origen 6,2026-01-20 21:00:00,181.33117,189.92091,176.41728
Origen 6,2026-01-20 22:00:00,178.33117,190.09233,176.01822
Origen 6,2026-01-20 23:00:00,176.33117,184.03535,170.54489
Origen 6,2026-01-21 00:00:00,175.89024,180.88788,161.05763
Origen 6,2026-01-21 01:00:00,175.89024,179.485,159.74721
Origen 6,2026-01-21 02:00:00,175.89024,175.12527,160.8261
Origen 6,2026-01-21 03:00:00,175.89024,173.76045,160.6646
Origen 6,2026-01-21 04:00:00,175.89024,173.61261,163.99077
Origen 6,2026-01-21 05:00:00,175.89024,173.1403,166.06006
Origen 6,2026-01-21 06:00:00,177.89024,172.44243,170.22145
Origen 6,2026-01-21 07:00:00,175.89024,172.73608,168.15056
Origen 6,2026-01-21 08:00:00,175.89024,174.7189,168.92319
Origen 6,2026-01-21 09:00:00,175.89024,180.50394,173.47278
Origen 6,2026-01-21 10:00:00,175.89024,182.16148,175.29045
Origen 6,2026-01-21 11:00:00,175.89024,192.23793,176.43553
Origen 6,2026-01-21 12:00:00,175.89024,192.94614,176.43553
Origen 6,2026-01-21 13:00:00,175.89024,193.30215,181.3941
Origen 6,2026-01-21 14:00:00,175.89024,195.43587,189.9097
Origen 6,2026-01-21 15:00:00,177.89024,195.43587,187.23251
Origen 6,2026-01-21 16:00:00,188.09024,195.30713,187.23251
Origen 6,2026-01-21 17:00:00,188.09024,195.31197,191.7408
Origen 6,2026-01-21 18:00:00,205.89024,195.54839,191.99048
Origen 6,2026-01-21 19:00:00,205.89024,195.54839,196.3233
Origen 6,2026-01-21 20:00:00,195.89024,194.95753,191.41696
Origen 6,2026-01-21 21:00:00,188.09024,193.33415,191.13013
Origen 6,2026-01-21 22:00:00,188.09024,193.32935,186.41446
Origen 6,2026-01-21 23:00:00,180.89024,191.7517,182.98601
Origen 6,2026-01-22 00:00:00,181.84677,190.05626,176.94931
Origen 6,2026-01-22 01:00:00,181.84677,187.01366,174.91429
Origen 6,2026-01-22 02:00:00,181.84677,187.24458,174.80574
Origen 6,2026-01-22 03:00:00,181.84677,186.99634,177.70718
Origen 6,2026-01-22 04:00:00,181.84677,187.353,177.78253
Origen 6,2026-01-22 05:00:00,181.84677,188.19412,180.10896
Origen 6,2026-01-22 06:00:00,181.84677,188.91086,183.0718
Origen 6,2026-01-22 07:00:00,181.84677,191.10963,181.43295
Origen 6,2026-01-22 08:00:00,181.84677,192.00064,181.76651
Origen 6,2026-01-22 09:00:00,181.84677,192.00064,181.61499
Origen 6,2026-01-22 10:00:00,181.84677,192.00064,182.04025
Origen 6,2026-01-22 11:00:00,181.84677,191.55182,182.04025
Origen 6,2026-01-22 12:00:00,181.84677,191.55182,182.04025
Origen 6,2026-01-22 13:00:00,181.84677,191.68988,184.23468
Origen 6,2026-01-22 14:00:00,191.16677,192.43997,189.95596
Origen 6,2026-01-22 15:00:00,191.16677,192.43997,192.44116
Origen 6,2026-01-22 16:00:00,195.84677,192.43997,197.56091
Origen 6,2026-01-22 17:00:00,195.84677,192.4095,198.1451
Origen 6,2026-01-22 18:00:00,210.84677,211.16496,217.43155
Origen 6,2026-01-22 19:00:00,220.84677,211.16496,217.43155
Origen 6,2026-01-22 20:00:00,195.84677,191.73897,203.72655
Origen 6,2026-01-22 21:00:00,195.84677,191.62802,197.27934
Origen 6,2026-01-22 22:00:00,191.16677,191.62802,196.92343
Origen 6,2026-01-22 23:00:00,191.16677,190.50757,185.82181
Origen 6,2026-01-23 00:00:00,196.7875,184.52734,177.493
Origen 6,2026-01-23 01:00:00,196.7875,182.71684,177.21877
Origen 6,2026-01-23 02:00:00,196.7875,181.88062,177.03362
Origen 6,2026-01-23 03:00:00,196.7875,181.88062,177.03362
Origen 6,2026-01-23 04:00:00,196.7875,181.88062,177.2168
Origen 6,2026-01-23 05:00:00,196.7875,183.0073,178.48618
Origen 6,2026-01-23 06:00:00,196.7875,184.75522,178.48618
Origen 6,2026-01-23 07:00:00,196.7875,185.72198,178.7318
Origen 6,2026-01-23 08:00:00,196.7875,185.83783,181.8142
Origen 6,2026-01-23 09:00:00,196.7875,186.0769,181.8142
Origen 6,2026-01-23 10:00:00,196.7875,186.0769,181.8142
Origen 6,2026-01-23 11:00:00,196.7875,189.74794,181.93405
Origen 6,2026-01-23 12:00:00,196.7875,189.7843,181.93405
Origen 6,2026-01-23 13:00:00,196.7875,189.84251,182.90828
Origen 6,2026-01-23 14:00:00,196.7875,190.61806,189.8672
Origen 6,2026-01-23 15:00:00,207.7875,190.61806,189.94038
Origen 6,2026-01-23 16:00:00,211.3075,191.85706,196.49954
Origen 6,2026-01-23 17:00:00,211.3075,191.92851,196.49954
Origen 6,2026-01-23 18:00:00,211.7875,221.61398,211.11102
Origen 6,2026-01-23 19:00:00,220.7875,221.61398,211.80118
Origen 6,2026-01-23 20:00:00,211.7875,192.1316,197.36281
Origen 6,2026-01-23 21:00:00,220.7875,191.92851,196.34042
Origen 6,2026-01-23 22:00:00,211.7875,191.92851,189.8369
Origen 6,2026-01-23 23:00:00,211.3075,190.32318,186.95667
Origen 6,2026-01-24 00:00:00,236.7244,193.11809,187.35765
Origen 6,2026-01-24 01:00:00,231.7244,192.69513,187.35765
Origen 6,2026-01-24 02:00:00,201.7244,190.65752,187.29225
Origen 6,2026-01-24 03:00:00,201.7244,190.3061,187.22646
Origen 6,2026-01-24 04:00:00,201.7244,190.65752,187.29225
Origen 6,2026-01-24 05:00:00,201.7244,192.75276,187.35765
Origen 6,2026-01-24 06:00:00,201.7244,193.28151,187.51154
Origen 6,2026-01-24 07:00:00,201.7244,193.32916,187.28012
Origen 6,2026-01-24 08:00:00,201.7244,194.1836,187.82036
Origen 6,2026-01-24 09:00:00,201.7244,194.1836,187.82036
Origen 6,2026-01-24 10:00:00,201.7244,195.3414,187.60547
Origen 6,2026-01-24 11:00:00,201.7244,195.34113,187.60547
Origen 6,2026-01-24 12:00:00,201.7244,195.34113,187.73854
Origen 6,2026-01-24 13:00:00,201.7244,195.54997,189.27992
Origen 6,2026-01-24 14:00:00,201.7244,196.34885,191.89008
Origen 6,2026-01-24 15:00:00,201.7244,210.60928,204.28873
Origen 6,2026-01-24 16:00:00,206.7244,222.24321,205.80019
Origen 6,2026-01-24 17:00:00,211.7244,222.24321,207.15266
Origen 6,2026-01-24 18:00:00,241.9144,222.24321,209.03528
Origen 6,2026-01-24 19:00:00,241.9144,222.24321,209.12183
Origen 6,2026-01-24 20:00:00,241.9144,222.24321,209.2493
Origen 6,2026-01-24 21:00:00,211.7244,222.24321,209.2493
Origen 6,2026-01-24 22:00:00,211.7244,222.24321,209.16869
Origen 6,2026-01-24 23:00:00,241.9144,221.15184,203.03653
Origen 6,2026-01-25 00:00:00,227.85962,235.19475,220.53873
Origen 6,2026-01-25 01:00:00,227.85962,227.64954,214.13747
Origen 6,2026-01-25 02:00:00,227.85962,205.13562,193.71304
Origen 6,2026-01-25 03:00:00,227.85962,204.51758,193.76183
Origen 6,2026-01-25 04:00:00,227.85962,205.21115,195.18115
Origen 6,2026-01-25 05:00:00,227.85962,207.28763,195.32959
Origen 6,2026-01-25 06:00:00,227.85962,207.71278,195.1004
Origen 6,2026-01-25 07:00:00,217.92962,207.71278,195.1004
Origen 6,2026-01-25 08:00:00,217.92962,207.78333,195.57442
Origen 6,2026-01-25 09:00:00,217.85962,208.07762,195.57442
Origen 6,2026-01-25 10:00:00,217.85962,208.38264,195.93834
Origen 6,2026-01-25 11:00:00,217.85962,207.81454,195.93834
Origen 6,2026-01-25 12:00:00,217.85962,207.81454,195.93834
Origen 6,2026-01-25 13:00:00,217.85962,207.80177,196.75813
Origen 6,2026-01-25 14:00:00,217.92962,208.53302,199.47142
Origen 6,2026-01-25 15:00:00,217.92962,208.53302,203.36066
Origen 6,2026-01-25 16:00:00,217.92962,212.90114,211.58699
Origen 6,2026-01-25 17:00:00,227.85962,223.31902,213.58536
Origen 6,2026-01-25 18:00:00,253.85962,236.96347,235.44621
Origen 6,2026-01-25 19:00:00,253.85962,235.49002,235.31491
Origen 6,2026-01-25 20:00:00,253.85962,235.49002,235.31491
Origen 6,2026-01-25 21:00:00,253.85962,221.7277,214.70432
Origen 6,2026-01-25 22:00:00,232.85962,220.65509,214.6216
Origen 6,2026-01-25 23:00:00,232.85962,236.00565,230.67032
Origen 6,2026-01-26 00:00:00,235.5724,231.28047,236.46254
Origen 6,2026-01-26 01:00:00,235.5724,229.95317,234.41626
Origen 6,2026-01-26 02:00:00,230.5724,232.70584,232.30629
Origen 6,2026-01-26 03:00:00,230.5724,230.06099,232.6811
Origen 6,2026-01-26 04:00:00,230.5724,232.82274,233.12566
Origen 6,2026-01-26 05:00:00,235.5724,234.04523,237.07411
Origen 6,2026-01-26 06:00:00,248.5724,235.31299,238.36272
Origen 6,2026-01-26 07:00:00,235.5724,230.38824,225.47226
Origen 6,2026-01-26 08:00:00,235.5724,231.02454,226.14285
Origen 6,2026-01-26 09:00:00,235.5724,231.23912,227.45326
Origen 6,2026-01-26 10:00:00,235.5724,231.85854,228.77245
Origen 6,2026-01-26 11:00:00,235.5724,231.96016,230.1635
Origen 6,2026-01-26 12:00:00,235.5724,231.96016,230.06693
Origen 6,2026-01-26 13:00:00,235.5724,232.12733,233.08766
Origen 6,2026-01-26 14:00:00,248.5724,233.18393,237.88942
Origen 6,2026-01-26 15:00:00,248.5724,238.9292,238.17923
Origen 6,2026-01-26 16:00:00,248.5724,238.9292,238.17923
Origen 6,2026-01-26 17:00:00,252.5724,247.41742,252.3902
Origen 6,2026-01-26 18:00:00,291.5234,266.7823,277.03558
Origen 6,2026-01-26 19:00:00,291.5234,266.7823,277.03558
Origen 6,2026-01-26 20:00:00,291.5234,265.96658,274.79123
Origen 6,2026-01-26 21:00:00,291.5234,265.81265,274.01376
Origen 6,2026-01-26 22:00:00,252.5724,247.28027,249.0021
Origen 6,2026-01-26 23:00:00,248.5724,245.6972,243.22052
Origen 6,2026-01-27 00:00:00,259.32244,253.56985,237.69115
Origen 6,2026-01-27 01:00:00,254.32244,249.93541,235.25444
Origen 6,2026-01-27 02:00:00,254.32244,237.74747,229.17085
Origen 6,2026-01-27 03:00:00,254.32244,236.38417,229.05986
Origen 6,2026-01-27 04:00:00,259.32244,234.68582,230.03041
Origen 6,2026-01-27 05:00:00,259.32244,248.61626,236.33911
Origen 6,2026-01-27 06:00:00,259.32244,251.15497,243.68835
Origen 6,2026-01-27 07:00:00,259.32244,253.18962,239.9849
Origen 6,2026-01-27 08:00:00,259.32244,256.93347,240.73997
Origen 6,2026-01-27 09:00:00,259.32244,257.3748,240.91267
Origen 6,2026-01-27 10:00:00,259.32244,257.53793,241.05345
Origen 6,2026-01-27 11:00:00,259.32244,257.6508,240.97427
Origen 6,2026-01-27 12:00:00,259.32244,257.7125,240.80061
Origen 6,2026-01-27 13:00:00,259.32244,262.66626,243.65305
Origen 6,2026-01-27 14:00:00,265.32244,266.55618,256.12347
Origen 6,2026-01-27 15:00:00,265.32244,266.55618,255.93994
Origen 6,2026-01-27 16:00:00,267.65544,266.55618,255.93994
Origen 6,2026-01-27 17:00:00,267.65544,271.71478,266.1994
Origen 6,2026-01-27 18:00:00,267.65544,287.6218,282.36658
Origen 6,2026-01-27 19:00:00,285.32244,287.7532,284.0866
Origen 6,2026-01-27 20:00:00,267.65544,286.87338,279.9041
Origen 6,2026-01-27 21:00:00,267.65544,286.70737,278.83746
Origen 6,2026-01-27 22:00:00,265.32244,270.40253,261.74002
Origen 6,2026-01-27 23:00:00,259.32244,261.2342,244.5066
Origen 6,2026-01-28 00:00:00,253.93714,260.74857,248.61365
Origen 6,2026-01-28 01:00:00,253.93714,258.96518,247.38123
Origen 6,2026-01-28 02:00:00,253.93714,253.81781,246.72598
Origen 6,2026-01-28 03:00:00,253.93714,250.08287,246.19376
Origen 6,2026-01-28 04:00:00,253.93714,249.28531,246.81673
Origen 6,2026-01-28 05:00:00,254.86714,250.28844,248.83044
Origen 6,2026-01-28 06:00:00,254.86714,250.37712,248.83044
Origen 6,2026-01-28 07:00:00,254.86714,250.5221,248.83044
Origen 6,2026-01-28 08:00:00,253.93714,256.32635,249.99226
Origen 6,2026-01-28 09:00:00,253.93714,261.73056,250.27197
Origen 6,2026-01-28 10:00:00,254.86714,264.54758,250.70029
Origen 6,2026-01-28 11:00:00,254.86714,266.2366,254.47162
Origen 6,2026-01-28 12:00:00,254.86714,268.47794,252.27158
Origen 6,2026-01-28 13:00:00,254.86714,269.13574,255.58762
Origen 6,2026-01-28 14:00:00,261.93714,270.36075,260.65335
Origen 6,2026-01-28 15:00:00,261.93714,269.56085,261.11227
Origen 6,2026-01-28 16:00:00,264.93714,278.4248,262.26462
Origen 6,2026-01-28 17:00:00,264.93714,279.3805,262.26462
Origen 6,2026-01-28 18:00:00,264.93714,273.1641,266.9093
Origen 6,2026-01-28 19:00:00,266.93714,282.4731,282.44156
Origen 6,2026-01-28 20:00:00,264.93714,271.44882,262.91147
Origen 6,2026-01-28 21:00:00,264.93714,271.29172,262.39948
Origen 6,2026-01-28 22:00:00,264.93714,270.73993,260.9049
Origen 6,2026-01-28 23:00:00,254.86714,265.60718,253.59413
Origen 6,2026-01-29 00:00:00,242.61517,261.12347,245.72989
Origen 6,2026-01-29 01:00:00,242.61517,256.7817,245.36948
Origen 6,2026-01-29 02:00:00,242.61517,251.80418,244.62367
Origen 6,2026-01-29 03:00:00,242.61517,250.84784,244.33514
Origen 6,2026-01-29 04:00:00,242.61517,254.70312,245.0885
Origen 6,2026-01-29 05:00:00,242.73817,262.3258,248.56674
Origen 6,2026-01-29 06:00:00,242.73817,263.97852,251.2908
Origen 6,2026-01-29 07:00:00,242.73817,269.10007,251.64394
Origen 6,2026-01-29 08:00:00,242.61517,270.73398,252.38431
Origen 6,2026-01-29 09:00:00,242.61517,270.73398,252.38431
Origen 6,2026-01-29 10:00:00,242.73817,270.73398,252.38431
Origen 6,2026-01-29 11:00:00,242.73817,270.85263,252.38431
Origen 6,2026-01-29 12:00:00,242.61517,270.59265,252.38431
Origen 6,2026-01-29 13:00:00,242.73817,271.04657,255.70184
Origen 6,2026-01-29 14:00:00,242.73817,272.2803,262.4952
Origen 6,2026-01-29 15:00:00,242.73817,272.2803,262.95737
Origen 6,2026-01-29 16:00:00,255.61517,272.2803,262.95737
Origen 6,2026-01-29 17:00:00,255.61517,272.2803,262.95737
Origen 6,2026-01-29 18:00:00,255.61517,273.16302,266.43854
Origen 6,2026-01-29 19:00:00,264.61517,273.16302,269.13766
Origen 6,2026-01-29 20:00:00,255.61517,271.44778,261.88287
Origen 6,2026-01-29 21:00:00,255.61517,268.6895,261.2656
Origen 6,2026-01-29 22:00:00,255.61517,268.6895,259.91376
Origen 6,2026-01-29 23:00:00,242.73817,266.0707,254.08084
Origen 6,2026-01-30 00:00:00,108.3633,247.4388,228.56744
Origen 6,2026-01-30 01:00:00,112.4993,244.03941,228.64604
Origen 6,2026-01-30 02:00:00,112.4993,243.22586,228.32866
Origen 6,2026-01-30 03:00:00,113.9533,242.92924,228.32866
Origen 6,2026-01-30 04:00:00,113.9533,243.17921,228.66774
Origen 6,2026-01-30 05:00:00,247.0863,246.98012,231.5694
Origen 6,2026-01-30 06:00:00,247.0863,247.69672,231.5694
Origen 6,2026-01-30 07:00:00,247.0863,248.14868,230.7316
Origen 6,2026-01-30 08:00:00,166.9633,248.58377,231.02287
Origen 6,2026-01-30 09:00:00,114.9663,248.7842,231.02287
Origen 6,2026-01-30 10:00:00,247.0863,246.36848,230.85925
Origen 6,2026-01-30 11:00:00,247.0863,244.86034,230.85925
Origen 6,2026-01-30 12:00:00,113.9533,244.86034,230.85925
Origen 6,2026-01-30 13:00:00,247.0863,244.54706,236.24335
Origen 6,2026-01-30 14:00:00,247.0863,245.54611,240.92567
Origen 6,2026-01-30 15:00:00,251.9633,246.20067,242.24501
Origen 6,2026-01-30 16:00:00,251.9633,252.39743,254.6667
Origen 6,2026-01-30 17:00:00,251.9633,252.39743,254.93887
Origen 6,2026-01-30 18:00:00,256.9633,252.39743,255.67538
Origen 6,2026-01-30 19:00:00,251.9633,252.39743,257.78882
Origen 6,2026-01-30 20:00:00,251.9633,252.39743,255.47734
Origen 6,2026-01-30 21:00:00,251.9633,252.39743,256.99377
Origen 6,2026-01-30 22:00:00,247.0863,252.28215,254.79678
Origen 6,2026-01-30 23:00:00,247.0863,244.29987,232.83528
Origen 6,2026-01-31 00:00:00,208.1695,159.89774,141.03001
Origen 6,2026-01-31 01:00:00,208.1695,158.40771,144.36928
Origen 6,2026-01-31 02:00:00,208.1695,150.5207,138.29274
Origen 6,2026-01-31 03:00:00,208.1695,150.04703,138.48325
Origen 6,2026-01-31 04:00:00,208.1695,150.5207,137.1714
Origen 6,2026-01-31 05:00:00,208.1695,236.36436,219.31071
Origen 6,2026-01-31 06:00:00,208.1695,237.03296,218.89386
Origen 6,2026-01-31 07:00:00,208.1695,238.61778,219.08862
Origen 6,2026-01-31 08:00:00,208.1695,197.08942,171.31021
Origen 6,2026-01-31 09:00:00,208.1695,156.89171,135.34349
Origen 6,2026-01-31 10:00:00,208.1695,239.87509,215.99857
Origen 6,2026-01-31 11:00:00,208.1695,239.98022,215.99857
Origen 6,2026-01-31 12:00:00,208.1695,156.85887,134.80952
Origen 6,2026-01-31 13:00:00,208.1695,241.68669,216.50415
Origen 6,2026-01-31 14:00:00,208.1695,235.56908,220.91025
Origen 6,2026-01-31 15:00:00,208.1695,238.79466,229.64528
Origen 6,2026-01-31 16:00:00,218.6695,238.79466,229.3707
Origen 6,2026-01-31 17:00:00,218.6695,238.79466,229.77484
Origen 6,2026-01-31 18:00:00,218.7925,238.10509,229.98816
Origen 6,2026-01-31 19:00:00,218.7925,238.10509,229.99255
Origen 6,2026-01-31 20:00:00,218.6695,237.84282,229.78845
Origen 6,2026-01-31 21:00:00,218.6695,244.83037,226.12257
Origen 6,2026-01-31 22:00:00,218.6695,241.86607,216.45605
Origen 6,2026-01-31 23:00:00,208.1695,233.10222,214.23419
Origen 6,2026-02-01 00:00:00,165.00424,213.61185,187.5408
Origen 6,2026-02-01 01:00:00,165.00424,213.39133,187.24306
Origen 6,2026-02-01 02:00:00,165.00424,212.1051,186.62134
Origen 6,2026-02-01 03:00:00,165.00424,208.11919,188.1464
Origen 6,2026-02-01 04:00:00,165.00424,213.05824,188.32086
Origen 6,2026-02-01 05:00:00,165.00424,214.59938,189.75066
Origen 6,2026-02-01 06:00:00,122.36124,216.93137,190.38733
Origen 6,2026-02-01 07:00:00,124.98524,211.18158,188.97574
Origen 6,2026-02-01 08:00:00,165.00424,211.18158,189.93568
Origen 6,2026-02-01 09:00:00,165.00424,211.50066,189.81021
Origen 6,2026-02-01 10:00:00,165.00424,210.15514,189.76556
Origen 6,2026-02-01 11:00:00,165.00424,210.69054,189.70969
Origen 6,2026-02-01 12:00:00,165.00424,210.74127,190.59534
Origen 6,2026-02-01 13:00:00,165.00424,210.7876,193.93486
Origen 6,2026-02-01 14:00:00,165.00424,209.54875,198.43831
Origen 6,2026-02-01 15:00:00,165.00424,210.17168,199.02441
Origen 6,2026-02-01 16:00:00,165.00424,222.6981,200.05666
Origen 6,2026-02-01 17:00:00,165.00424,222.57399,199.98228
Origen 6,2026-02-01 18:00:00,215.50424,223.29175,199.99037
Origen 6,2026-02-01 19:00:00,215.50424,223.09285,200.07318
Origen 6,2026-02-01 20:00:00,215.50424,223.09285,199.87874
Origen 6,2026-02-01 21:00:00,215.50424,222.6467,199.58415
Origen 6,2026-02-01 22:00:00,190.50424,221.98648,196.7089
Origen 6,2026-02-01 23:00:00,165.00424,204.5524,188.9751
Origen 6,2026-02-02 00:00:00,105.56538,186.07938,173.46971
Origen 6,2026-02-02 01:00:00,105.56538,181.10909,170.62483
Origen 6,2026-02-02 02:00:00,105.56538,178.33382,167.58711
Origen 6,2026-02-02 03:00:00,105.56538,173.30392,167.46324
Origen 6,2026-02-02 04:00:00,105.56538,176.96365,169.49896
Origen 6,2026-02-02 05:00:00,109.70438,181.70595,175.84901
Origen 6,2026-02-02 06:00:00,111.06838,164.04575,154.56926
Origen 6,2026-02-02 07:00:00,111.06838,164.96107,154.77983
Origen 6,2026-02-02 08:00:00,109.70438,186.7367,178.94518
Origen 6,2026-02-02 09:00:00,109.70438,188.21574,179.52556
Origen 6,2026-02-02 10:00:00,111.06838,189.71754,179.51
Origen 6,2026-02-02 11:00:00,111.06838,189.92247,179.51
Origen 6,2026-02-02 12:00:00,109.70438,189.92247,179.45822
Origen 6,2026-02-02 13:00:00,111.06838,190.12215,181.11366
Origen 6,2026-02-02 14:00:00,111.06838,191.06325,188.01912
Origen 6,2026-02-02 15:00:00,194.33438,191.06325,189.63034
Origen 6,2026-02-02 16:00:00,194.33438,191.06325,188.8653
Origen 6,2026-02-02 17:00:00,194.33438,190.95866,188.81117
Origen 6,2026-02-02 18:00:00,204.21138,232.16289,227.78896
Origen 6,2026-02-02 19:00:00,204.21138,232.553,227.78896
Origen 6,2026-02-02 20:00:00,204.21138,231.66391,226.16013
Origen 6,2026-02-02 21:00:00,194.33438,231.52986,224.71451
Origen 6,2026-02-02 22:00:00,194.33438,190.49368,197.18297
Origen 6,2026-02-02 23:00:00,111.06838,186.02466,176.70503
Origen 6,2026-02-03 00:00:00,119.29749,150.43344,132.49257
Origen 6,2026-02-03 01:00:00,119.29749,147.03395,128.20425
Origen 6,2026-02-03 02:00:00,119.29749,144.97578,126.278404
Origen 6,2026-02-03 03:00:00,119.29749,141.57901,125.76473
Origen 6,2026-02-03 04:00:00,119.29749,141.41339,127.43108
Origen 6,2026-02-03 05:00:00,119.29749,149.42961,133.422
Origen 6,2026-02-03 06:00:00,119.29749,152.1186,135.66908
Origen 6,2026-02-03 07:00:00,119.29749,153.72977,137.72627
Origen 6,2026-02-03 08:00:00,119.29849,156.93248,137.28677
Origen 6,2026-02-03 09:00:00,119.29749,159.41727,139.23491
Origen 6,2026-02-03 10:00:00,119.29749,160.81882,140.73886
Origen 6,2026-02-03 11:00:00,119.29749,160.7926,140.82109
Origen 6,2026-02-03 12:00:00,119.29749,159.99825,139.37128
Origen 6,2026-02-03 13:00:00,119.29749,160.16649,142.8747
Origen 6,2026-02-03 14:00:00,123.43349,158.51532,145.02254
Origen 6,2026-02-03 15:00:00,123.43449,187.30914,196.90756
Origen 6,2026-02-03 16:00:00,126.43949,187.30914,196.90756
Origen 6,2026-02-03 17:00:00,187.94349,187.48975,196.90756
Origen 6,2026-02-03 18:00:00,187.94349,210.81454,209.7996
Origen 6,2026-02-03 19:00:00,187.94349,212.0136,209.7996
Origen 6,2026-02-03 20:00:00,187.94349,209.6424,208.78593
Origen 6,2026-02-03 21:00:00,187.94349,186.30302,194.82205
Origen 6,2026-02-03 22:00:00,124.80049,184.57928,190.27261
Origen 6,2026-02-03 23:00:00,123.43349,149.38608,138.09387
Origen 6,2026-02-04 00:00:00,120.65612,146.27675,138.34538
Origen 6,2026-02-04 01:00:00,120.65512,139.87134,138.09895
Origen 6,2026-02-04 02:00:00,120.65512,138.76736,137.5673
Origen 6,2026-02-04 03:00:00,120.65512,139.80685,137.01367
Origen 6,2026-02-04 04:00:00,120.75212,141.06572,138.29724
Origen 6,2026-02-04 05:00:00,143.24912,145.00891,141.02753
Origen 6,2026-02-04 06:00:00,143.24912,146.14009,141.04622
Origen 6,2026-02-04 07:00:00,143.24912,146.57411,141.55695
Origen 6,2026-02-04 08:00:00,120.65612,146.79745,141.78061
Origen 6,2026-02-04 09:00:00,115.24912,150.09618,142.52039
Origen 6,2026-02-04 10:00:00,120.65512,152.21375,143.49243
Origen 6,2026-02-04 11:00:00,120.65512,155.93211,143.5986
Origen 6,2026-02-04 12:00:00,120.65512,155.93211,144.09618
Origen 6,2026-02-04 13:00:00,143.24912,156.09608,145.82033
Origen 6,2026-02-04 14:00:00,143.24912,156.55237,150.84387
Origen 6,2026-02-04 15:00:00,162.99512,156.55237,152.14438
Origen 6,2026-02-04 16:00:00,162.99512,156.60538,153.64146
Origen 6,2026-02-04 17:00:00,173.99512,177.05463,186.87575
Origen 6,2026-02-04 18:00:00,173.99512,182.7497,190.02475
Origen 6,2026-02-04 19:00:00,203.89512,180.24626,192.2988
Origen 6,2026-02-04 20:00:00,173.99512,179.29347,188.9269
Origen 6,2026-02-04 21:00:00,173.99512,177.10251,188.52444
Origen 6,2026-02-04 22:00:00,162.99512,154.09555,150.56276
Origen 6,2026-02-04 23:00:00,162.99512,148.25629,147.0282
Origen 6,2026-02-05 00:00:00,116.19335,141.05214,140.46626
Origen 6,2026-02-05 01:00:00,116.19335,140.56602,139.58722
Origen 6,2026-02-05 02:00:00,116.19335,138.51997,139.17549
Origen 6,2026-02-05 03:00:00,116.19335,137.66016,139.23564
Origen 6,2026-02-05 04:00:00,116.19335,139.43555,140.10684
Origen 6,2026-02-05 05:00:00,121.69635,156.86522,151.73315
Origen 6,2026-02-05 06:00:00,123.83935,161.90187,152.2133
Origen 6,2026-02-05 07:00:00,123.83935,163.36545,153.32574
Origen 6,2026-02-05 08:00:00,121.59935,152.92445,147.11095
Origen 6,2026-02-05 09:00:00,116.19335,152.53903,141.57355
Origen 6,2026-02-05 10:00:00,116.19335,155.40436,148.52878
Origen 6,2026-02-05 11:00:00,121.59935,151.59018,148.52744
Origen 6,2026-02-05 12:00:00,121.59935,151.40509,150.13663
Origen 6,2026-02-05 13:00:00,121.60035,168.75058,160.38889
Origen 6,2026-02-05 14:00:00,142.95035,169.63998,161.66164
Origen 6,2026-02-05 15:00:00,142.95035,176.6133,178.42712
Origen 6,2026-02-05 16:00:00,143.83935,176.96112,179.95813
Origen 6,2026-02-05 17:00:00,143.83935,182.64073,186.71266
Origen 6,2026-02-05 18:00:00,143.83935,182.64073,185.76164
Origen 6,2026-02-05 19:00:00,204.83935,205.56432,211.2797
Origen 6,2026-02-05 20:00:00,143.83935,181.51802,185.17018
Origen 6,2026-02-05 21:00:00,143.83935,181.13351,184.78473
Origen 6,2026-02-05 22:00:00,142.95035,172.07709,175.69388
Origen 6,2026-02-05 23:00:00,142.95035,165.90445,169.37415
Origen 6,2026-02-06 00:00:00,121.47377,125.86835,122.71399
Origen 6,2026-02-06 01:00:00,121.47377,125.08402,122.65345
Origen 6,2026-02-06 02:00:00,121.47377,123.99301,122.11143
Origen 6,2026-02-06 03:00:00,121.37777,123.52281,122.06137
Origen 6,2026-02-06 04:00:00,121.47377,124.97075,122.78038
Origen 6,2026-02-06 05:00:00,129.61677,145.66118,142.10121
Origen 6,2026-02-06 06:00:00,129.61677,151.57825,142.46114
Origen 6,2026-02-06 07:00:00,129.61677,153.881,142.50809
Origen 6,2026-02-06 08:00:00,129.61677,142.65309,131.51561
Origen 6,2026-02-06 09:00:00,129.61677,136.54791,122.42079
Origen 6,2026-02-06 10:00:00,129.61677,151.6036,137.83429
Origen 6,2026-02-06 11:00:00,129.61677,151.85367,140.51657
Origen 6,2026-02-06 12:00:00,129.61677,137.08875,123.87169
Origen 6,2026-02-06 13:00:00,129.61677,149.45483,140.06107
Origen 6,2026-02-06 14:00:00,129.61677,164.6356,147.20013
Origen 6,2026-02-06 15:00:00,129.61677,164.6356,147.49341
Origen 6,2026-02-06 16:00:00,129.61677,166.09142,147.49341
Origen 6,2026-02-06 17:00:00,129.61677,162.9319,147.2712
Origen 6,2026-02-06 18:00:00,144.72777,162.62894,147.78282
Origen 6,2026-02-06 19:00:00,144.72777,191.51851,189.07265
Origen 6,2026-02-06 20:00:00,144.72777,162.36108,146.54071
Origen 6,2026-02-06 21:00:00,144.72777,161.8216,146.23392
Origen 6,2026-02-06 22:00:00,129.61677,159.85802,144.65518
Origen 6,2026-02-06 23:00:00,129.61677,155.69453,143.02853
Origen 6,2026-02-07 00:00:00,114.18896,137.48029,126.36785
Origen 6,2026-02-07 01:00:00,114.18896,135.57027,126.782196
Origen 6,2026-02-07 02:00:00,114.18896,133.06728,126.35418
Origen 6,2026-02-07 03:00:00,114.18896,132.95248,126.578995
Origen 6,2026-02-07 04:00:00,114.18896,135.76027,127.007774
Origen 6,2026-02-07 05:00:00,114.18896,142.67079,130.96141
Origen 6,2026-02-07 06:00:00,114.18896,143.31677,131.03499
Origen 6,2026-02-07 07:00:00,114.18896,145.03963,131.0978
Origen 6,2026-02-07 08:00:00,114.18896,146.14525,132.02312
Origen 6,2026-02-07 09:00:00,114.18896,146.50996,132.02312
Origen 6,2026-02-07 10:00:00,114.18896,146.31804,132.02312
Origen 6,2026-02-07 11:00:00,114.18896,146.47607,132.04652
Origen 6,2026-02-07 12:00:00,114.18896,146.47607,132.15268
Origen 6,2026-02-07 13:00:00,114.18896,146.56944,133.43414
Origen 6,2026-02-07 14:00:00,114.18896,147.1682,133.78226
Origen 6,2026-02-07 15:00:00,114.18896,147.1682,133.93086
Origen 6,2026-02-07 16:00:00,114.18896,147.18282,137.1336
Origen 6,2026-02-07 17:00:00,117.18896,146.33403,137.18376
Origen 6,2026-02-07 18:00:00,117.18896,157.16779,143.2716
Origen 6,2026-02-07 19:00:00,117.18896,156.85828,143.23021
Origen 6,2026-02-07 20:00:00,117.18896,156.85828,143.23021
Origen 6,2026-02-07 21:00:00,117.18896,156.85828,143.23021
Origen 6,2026-02-07 22:00:00,114.68896,145.28,137.04105
Origen 6,2026-02-07 23:00:00,114.18896,143.82132,133.53166
Origen 6,2026-02-08 00:00:00,109.22942,128.26675,121.570305
Origen 6,2026-02-08 01:00:00,109.22942,127.70719,121.534836
Origen 6,2026-02-08 02:00:00,109.22942,125.31392,121.466576
Origen 6,2026-02-08 03:00:00,109.22942,124.964134,121.49172
Origen 6,2026-02-08 04:00:00,109.22942,125.28399,121.549614
Origen 6,2026-02-08 05:00:00,109.22942,127.23945,121.58509
Origen 6,2026-02-08 06:00:00,109.22942,122.56037,118.72367
Origen 6,2026-02-08 07:00:00,103.82342,123.73598,119.939995
Origen 6,2026-02-08 08:00:00,103.82342,130.52626,123.2263
Origen 6,2026-02-08 09:00:00,103.82342,130.52626,123.22148
Origen 6,2026-02-08 10:00:00,103.82342,130.8601,122.97144
Origen 6,2026-02-08 11:00:00,103.82342,131.30376,122.97144
Origen 6,2026-02-08 12:00:00,103.82342,131.30376,122.97144
Origen 6,2026-02-08 13:00:00,103.82342,131.12468,123.68838
Origen 6,2026-02-08 14:00:00,103.82342,131.62045,123.381165
Origen 6,2026-02-08 15:00:00,109.22942,131.66037,123.53253
Origen 6,2026-02-08 16:00:00,110.66942,131.62045,123.53253
Origen 6,2026-02-08 17:00:00,110.66942,133.28465,126.318214
Origen 6,2026-02-08 18:00:00,113.58042,140.66753,133.61674
Origen 6,2026-02-08 19:00:00,122.58042,140.39052,133.67207
Origen 6,2026-02-08 20:00:00,122.58042,140.39052,133.67207
Origen 6,2026-02-08 21:00:00,122.36942,140.10979,133.67207
Origen 6,2026-02-08 22:00:00,110.66942,131.60652,125.017944
Origen 6,2026-02-08 23:00:00,110.66942,130.69472,123.87636
Origen 6,2026-02-09 00:00:00,111.65248,125.541855,117.21093
Origen 6,2026-02-09 01:00:00,111.65248,123.214134,115.69347
Origen 6,2026-02-09 02:00:00,111.65248,121.52938,115.80601
Origen 6,2026-02-09 03:00:00,113.53648,119.674576,115.92562
Origen 6,2026-02-09 04:00:00,113.69548,121.20034,114.14887
Origen 6,2026-02-09 05:00:00,113.69548,123.57005,117.78616
Origen 6,2026-02-09 06:00:00,113.69548,124.79722,118.344185
Origen 6,2026-02-09 07:00:00,113.69548,123.807976,114.80392
Origen 6,2026-02-09 08:00:00,113.69548,124.88902,114.56849
Origen 6,2026-02-09 09:00:00,111.65248,125.40024,114.868416
Origen 6,2026-02-09 10:00:00,113.53648,126.07367,115.154144
Origen 6,2026-02-09 11:00:00,113.69548,125.99896,115.154144
Origen 6,2026-02-09 12:00:00,111.65248,125.99896,114.92946
Origen 6,2026-02-09 13:00:00,113.69548,126.13145,116.67822
Origen 6,2026-02-09 14:00:00,113.69548,127.08218,116.8856
Origen 6,2026-02-09 15:00:00,113.69548,135.88565,129.53111
Origen 6,2026-02-09 16:00:00,116.90648,136.3866,130.57014
Origen 6,2026-02-09 17:00:00,116.90648,136.26349,130.57014
Origen 6,2026-02-09 18:00:00,118.79548,142.6155,136.48602
Origen 6,2026-02-09 19:00:00,118.79548,153.58916,144.04224
Origen 6,2026-02-09 20:00:00,118.79548,152.59883,143.11436
Origen 6,2026-02-09 21:00:00,118.79548,146.11404,140.25737
Origen 6,2026-02-09 22:00:00,116.90648,134.53424,128.15482
Origen 6,2026-02-09 23:00:00,116.90648,127.03424,119.10017
Origen 6,2026-02-10 00:00:00,113.62716,124.01442,118.347015
Origen 6,2026-02-10 01:00:00,113.62716,122.95601,118.15873
Origen 6,2026-02-10 02:00:00,113.62716,122.12506,117.96423
Origen 6,2026-02-10 03:00:00,113.62716,120.645584,118.79202
Origen 6,2026-02-10 04:00:00,113.62716,121.20623,119.152596
Origen 6,2026-02-10 05:00:00,113.62716,124.05605,120.68919
Origen 6,2026-02-10 06:00:00,113.62716,124.26043,120.82423
Origen 6,2026-02-10 07:00:00,113.62716,125.34035,121.97078
Origen 6,2026-02-10 08:00:00,113.62716,126.40853,123.44214
Origen 6,2026-02-10 09:00:00,113.62716,127.16781,122.84818
Origen 6,2026-02-10 10:00:00,113.62716,127.8272,123.909966
Origen 6,2026-02-10 11:00:00,113.62716,128.01161,125.76648
Origen 6,2026-02-10 12:00:00,113.62716,128.01161,125.08098
Origen 6,2026-02-10 13:00:00,113.62716,128.10388,126.69288
Origen 6,2026-02-10 14:00:00,113.62716,128.60341,128.61697
Origen 6,2026-02-10 15:00:00,113.62716,128.54468,128.9578
Origen 6,2026-02-10 16:00:00,119.03316,130.86597,133.22485
Origen 6,2026-02-10 17:00:00,119.13016,137.28781,138.33173
Origen 6,2026-02-10 18:00:00,132.27316,137.28781,138.41255
Origen 6,2026-02-10 19:00:00,132.27316,137.28781,138.41255
Origen 6,2026-02-10 20:00:00,132.27316,138.40497,137.82549
Origen 6,2026-02-10 21:00:00,122.27416,138.16263,137.35167
Origen 6,2026-02-10 22:00:00,119.13016,131.26074,130.70795
Origen 6,2026-02-10 23:00:00,113.62716,128.52126,129.55904
Origen 6,2026-02-11 00:00:00,126.72728,124.645996,123.097404
Origen 6,2026-02-11 01:00:00,126.72728,122.744774,122.79231
Origen 6,2026-02-11 02:00:00,126.72728,121.604225,122.47286
Origen 6,2026-02-11 03:00:00,126.72728,121.604225,122.420715
Origen 6,2026-02-11 04:00:00,126.72728,122.20305,122.02878
Origen 6,2026-02-11 05:00:00,132.13328,123.67674,127.81665
Origen 6,2026-02-11 06:00:00,132.23028,123.77928,127.78614
Origen 6,2026-02-11 07:00:00,132.13328,123.85097,127.93752
Origen 6,2026-02-11 08:00:00,126.72728,125.02975,123.8688
Origen 6,2026-02-11 09:00:00,126.72728,127.07732,123.18958
Origen 6,2026-02-11 10:00:00,126.72728,127.37058,124.30624
Origen 6,2026-02-11 11:00:00,126.72728,128.10655,125.03142
Origen 6,2026-02-11 12:00:00,126.72728,128.6547,125.88276
Origen 6,2026-02-11 13:00:00,126.72728,124.5858,131.52672
Origen 6,2026-02-11 14:00:00,132.23028,125.15288,131.70274
Origen 6,2026-02-11 15:00:00,132.23028,130.30412,132.37979
Origen 6,2026-02-11 16:00:00,134.37328,133.65594,135.88423
Origen 6,2026-02-11 17:00:00,134.37328,130.64613,136.25815
Origen 6,2026-02-11 18:00:00,147.48428,140.37279,150.35707
Origen 6,2026-02-11 19:00:00,147.48428,145.52025,153.89795
Origen 6,2026-02-11 20:00:00,147.48428,139.44705,149.90585
Origen 6,2026-02-11 21:00:00,135.37328,141.70734,140.0749
Origen 6,2026-02-11 22:00:00,134.37328,131.60596,135.02924
Origen 6,2026-02-11 23:00:00,134.37328,130.32388,129.27603
Origen 6,2026-02-12 00:00:00,127.02862,136.40747,131.65598
Origen 6,2026-02-12 01:00:00,126.02862,134.85802,131.48521
Origen 6,2026-02-12 02:00:00,126.02862,133.52574,131.09886
Origen 6,2026-02-12 03:00:00,126.02862,133.4255,131.11186
Origen 6,2026-02-12 04:00:00,127.02862,136.48874,131.76294
Origen 6,2026-02-12 05:00:00,128.02862,138.46529,141.49216
Origen 6,2026-02-12 06:00:00,128.02862,139.10701,143.59654
Origen 6,2026-02-12 07:00:00,128.02862,140.01767,143.9917
Origen 6,2026-02-12 08:00:00,126.02862,140.72604,136.89853
Origen 6,2026-02-12 09:00:00,125.88562,141.10461,135.77199
Origen 6,2026-02-12 10:00:00,125.88562,141.10461,135.77199
Origen 6,2026-02-12 11:00:00,126.02862,141.16646,137.31544
Origen 6,2026-02-12 12:00:00,126.02862,141.16646,137.31544
Origen 6,2026-02-12 13:00:00,127.02862,141.26822,137.965
Origen 6,2026-02-12 14:00:00,128.02862,141.91122,150.175
Origen 6,2026-02-12 15:00:00,128.02862,141.91122,150.57295
Origen 6,2026-02-12 16:00:00,129.02862,141.91122,150.69771
Origen 6,2026-02-12 17:00:00,134.02962,142.02739,150.69771
Origen 6,2026-02-12 18:00:00,134.02962,167.24712,156.94319
Origen 6,2026-02-12 19:00:00,139.02862,171.66476,160.46492
Origen 6,2026-02-12 20:00:00,139.02862,166.14418,156.32426
Origen 6,2026-02-12 21:00:00,134.02962,140.84372,150.08392
Origen 6,2026-02-12 22:00:00,134.02962,140.84372,149.7676
Origen 6,2026-02-12 23:00:00,128.02862,139.16083,149.02806
Origen 6,2026-02-13 00:00:00,118.63686,133.25186,131.50157
Origen 6,2026-02-13 01:00:00,118.63686,132.4114,131.00551
Origen 6,2026-02-13 02:00:00,118.63686,132.20096,130.93382
Origen 6,2026-02-13 03:00:00,118.63686,131.9914,130.88152
Origen 6,2026-02-13 04:00:00,118.63686,132.44066,131.13075
Origen 6,2026-02-13 05:00:00,118.63686,133.19577,136.97911
Origen 6,2026-02-13 06:00:00,118.63686,133.27544,136.97911
Origen 6,2026-02-13 07:00:00,118.63686,133.35356,137.1676
Origen 6,2026-02-13 08:00:00,118.63686,133.68979,137.33954
Origen 6,2026-02-13 09:00:00,118.63686,133.88577,137.33954
Origen 6,2026-02-13 10:00:00,118.63686,133.88577,137.33954
Origen 6,2026-02-13 11:00:00,118.63686,133.94444,137.33954
Origen 6,2026-02-13 12:00:00,118.63686,133.94444,137.33954
Origen 6,2026-02-13 13:00:00,118.63686,133.98553,137.7597
Origen 6,2026-02-13 14:00:00,118.83586,134.5329,137.94704
Origen 6,2026-02-13 15:00:00,119.77286,134.3614,138.11627
Origen 6,2026-02-13 16:00:00,119.83686,134.31137,138.11627
Origen 6,2026-02-13 17:00:00,121.93786,134.20908,144.21901
Origen 6,2026-02-13 18:00:00,121.93786,134.20908,144.64297
Origen 6,2026-02-13 19:00:00,121.93786,134.20908,144.64297
Origen 6,2026-02-13 20:00:00,121.93786,134.20908,144.44067
Origen 6,2026-02-13 21:00:00,121.93786,134.15181,144.29137
Origen 6,2026-02-13 22:00:00,119.83686,134.15181,143.69217
Origen 6,2026-02-13 23:00:00,118.83586,133.07489,137.29935
Origen 6,2026-02-14 00:00:00,116.55786,124.15908,124.1128
Origen 6,2026-02-14 01:00:00,116.55786,123.78484,124.06949
Origen 6,2026-02-14 02:00:00,114.75686,123.50255,123.75355
Origen 6,2026-02-14 03:00:00,114.75686,123.164795,123.629105
Origen 6,2026-02-14 04:00:00,114.75686,123.330765,123.543884
Origen 6,2026-02-14 05:00:00,116.55786,124.108116,123.66655
Origen 6,2026-02-14 06:00:00,116.55786,124.19172,123.40394
Origen 6,2026-02-14 07:00:00,116.55786,124.50936,123.13386
Origen 6,2026-02-14 08:00:00,116.55786,124.7297,123.289314
Origen 6,2026-02-14 09:00:00,114.75686,124.7297,123.114296
Origen 6,2026-02-14 10:00:00,114.75686,124.7297,122.76662
Origen 6,2026-02-14 11:00:00,114.75686,124.879486,122.715096
Origen 6,2026-02-14 12:00:00,114.75686,124.879486,122.715096
Origen 6,2026-02-14 13:00:00,114.75686,125.077225,123.11547
Origen 6,2026-02-14 14:00:00,114.75686,125.5882,122.99536
Origen 6,2026-02-14 15:00:00,116.55786,125.65961,123.14625
Origen 6,2026-02-14 16:00:00,116.55786,125.65961,123.14625
Origen 6,2026-02-14 17:00:00,119.85886,134.01396,125.91667
Origen 6,2026-02-14 18:00:00,168.75786,134.01396,125.91667
Origen 6,2026-02-14 19:00:00,168.75786,134.01396,126.406006
Origen 6,2026-02-14 20:00:00,119.85886,134.01396,126.54374
Origen 6,2026-02-14 21:00:00,168.75786,134.01396,126.54374
Origen 6,2026-02-14 22:00:00,119.85886,125.65961,123.45262
Origen 6,2026-02-14 23:00:00,116.55786,124.58003,123.50425
Origen 6,2026-02-15 00:00:00,112.70936,124.468864,122.23517
Origen 6,2026-02-15 01:00:00,112.70936,123.917656,122.192505
Origen 6,2026-02-15 02:00:00,112.70936,121.7538,119.42096
Origen 6,2026-02-15 03:00:00,112.70936,121.7538,119.42096
Origen 6,2026-02-15 04:00:00,112.70936,121.7538,119.42096
Origen 6,2026-02-15 05:00:00,112.70936,124.414345,122.23517
Origen 6,2026-02-15 06:00:00,112.70936,124.44502,122.184586
Origen 6,2026-02-15 07:00:00,110.66936,124.833176,121.42692
Origen 6,2026-02-15 08:00:00,110.66936,124.875565,121.58022
Origen 6,2026-02-15 09:00:00,105.26336,123.2481,118.89902
Origen 6,2026-02-15 10:00:00,105.26336,123.46621,118.89902
Origen 6,2026-02-15 11:00:00,105.26336,123.520325,118.796555
Origen 6,2026-02-15 12:00:00,110.66936,123.552086,118.75753
Origen 6,2026-02-15 13:00:00,110.66936,123.62857,119.44989
Origen 6,2026-02-15 14:00:00,112.70936,124.133644,119.4716
Origen 6,2026-02-15 15:00:00,112.70936,126.54031,123.07879
Origen 6,2026-02-15 16:00:00,112.70936,126.54031,123.322525
Origen 6,2026-02-15 17:00:00,116.00836,126.61224,123.322525
Origen 6,2026-02-15 18:00:00,164.90936,164.9138,156.61246
Origen 6,2026-02-15 19:00:00,164.90936,165.28989,157.92082
Origen 6,2026-02-15 20:00:00,164.90936,126.61224,124.377625
Origen 6,2026-02-15 21:00:00,164.90936,165.28989,157.92082
Origen 6,2026-02-15 22:00:00,116.00836,126.06614,122.75368
Origen 6,2026-02-15 23:00:00,116.00836,125.48188,122.671585
Origen 6,2026-02-16 00:00:00,109.05489,128.70464,123.05637
Origen 6,2026-02-16 01:00:00,109.05489,128.01172,122.53326
Origen 6,2026-02-16 02:00:00,109.05489,126.89959,120.91735
Origen 6,2026-02-16 03:00:00,109.05489,126.40607,121.2112
Origen 6,2026-02-16 04:00:00,109.15189,126.193535,122.53754
Origen 6,2026-02-16 05:00:00,111.09489,128.60262,125.045074
Origen 6,2026-02-16 06:00:00,111.09489,129.0492,125.13031
Origen 6,2026-02-16 07:00:00,111.09489,130.29735,123.207565
Origen 6,2026-02-16 08:00:00,111.09489,130.61597,123.686066
Origen 6,2026-02-16 09:00:00,109.15189,128.03432,118.30571
Origen 6,2026-02-16 10:00:00,111.09489,128.03432,118.66685
Origen 6,2026-02-16 11:00:00,111.09489,128.09044,118.66685
Origen 6,2026-02-16 12:00:00,111.09489,130.94804,123.309654
Origen 6,2026-02-16 13:00:00,111.09489,131.04243,125.3199
Origen 6,2026-02-16 14:00:00,111.09489,131.6389,127.89787
Origen 6,2026-02-16 15:00:00,111.09489,131.6389,128.28468
Origen 6,2026-02-16 16:00:00,112.29489,131.6389,128.28969
Origen 6,2026-02-16 17:00:00,112.29489,133.92375,132.86685
Origen 6,2026-02-16 18:00:00,117.30589,174.33884,166.59303
Origen 6,2026-02-16 19:00:00,117.30589,174.64735,166.59303
Origen 6,2026-02-16 20:00:00,117.30589,173.89125,165.61894
Origen 6,2026-02-16 21:00:00,117.30589,172.89676,165.06203
Origen 6,2026-02-16 22:00:00,112.29489,132.80763,131.24886
Origen 6,2026-02-16 23:00:00,111.09489,132.00221,130.55731
Origen 6,2026-02-17 00:00:00,105.34535,128.51299,119.56678
Origen 6,2026-02-17 01:00:00,105.34535,127.32934,118.76178
Origen 6,2026-02-17 02:00:00,105.34535,126.26154,117.593124
Origen 6,2026-02-17 03:00:00,105.34535,125.86319,117.52171
Origen 6,2026-02-17 04:00:00,105.34535,125.934875,117.91822
Origen 6,2026-02-17 05:00:00,110.84835,127.852196,120.44428
Origen 6,2026-02-17 06:00:00,112.99135,128.08829,121.23884
Origen 6,2026-02-17 07:00:00,112.99135,129.20012,122.353905
Origen 6,2026-02-17 08:00:00,112.99135,130.19879,122.884514
Origen 6,2026-02-17 09:00:00,110.84835,130.6161,121.65857
Origen 6,2026-02-17 10:00:00,110.84835,131.37584,123.044525
Origen 6,2026-02-17 11:00:00,110.84835,131.43343,123.044525
Origen 6,2026-02-17 12:00:00,110.84835,131.46489,123.044525
Origen 6,2026-02-17 13:00:00,110.84835,131.55965,123.68583
Origen 6,2026-02-17 14:00:00,112.99135,132.12685,123.90472
Origen 6,2026-02-17 15:00:00,112.99135,132.12685,124.233055
Origen 6,2026-02-17 16:00:00,116.99235,132.12685,126.97404
Origen 6,2026-02-17 17:00:00,116.99235,132.08267,126.97404
Origen 6,2026-02-17 18:00:00,117.99135,134.45235,136.94704
Origen 6,2026-02-17 19:00:00,119.99135,134.45235,136.94704
Origen 6,2026-02-17 20:00:00,116.99235,133.56567,135.77303
Origen 6,2026-02-17 21:00:00,116.99235,133.33182,130.3723
Origen 6,2026-02-17 22:00:00,112.99135,130.52414,124.23779
Origen 6,2026-02-17 23:00:00,110.84835,128.61076,120.46939
Origen 6,2026-02-18 00:00:00,129.11559,124.4271,117.218475
Origen 6,2026-02-18 01:00:00,129.11559,123.85131,116.968
Origen 6,2026-02-18 02:00:00,123.96959,120.946884,116.549225
Origen 6,2026-02-18 03:00:00,123.97059,120.0987,115.991745
Origen 6,2026-02-18 04:00:00,129.11559,120.847145,116.44889
Origen 6,2026-02-18 05:00:00,129.47259,124.74933,122.95349
Origen 6,2026-02-18 06:00:00,131.61559,124.79353,125.27467
Origen 6,2026-02-18 07:00:00,129.47259,124.82341,125.98111
Origen 6,2026-02-18 08:00:00,129.47259,127.9903,126.140175
Origen 6,2026-02-18 09:00:00,129.11559,128.27007,123.22678
Origen 6,2026-02-18 10:00:00,129.11559,128.86638,123.24271
Origen 6,2026-02-18 11:00:00,129.11559,129.7136,125.92874
Origen 6,2026-02-18 12:00:00,129.11559,129.8483,126.170975
Origen 6,2026-02-18 13:00:00,129.11559,129.9419,127.59853
Origen 6,2026-02-18 14:00:00,129.47259,130.39792,131.44984
Origen 6,2026-02-18 15:00:00,129.47259,130.39792,132.46603
Origen 6,2026-02-18 16:00:00,131.61559,132.73737,135.49258
Origen 6,2026-02-18 17:00:00,132.61559,132.6785,136.34692
Origen 6,2026-02-18 18:00:00,134.61459,133.78749,136.86368
Origen 6,2026-02-18 19:00:00,134.61459,133.86354,134.79065
Origen 6,2026-02-18 20:00:00,134.61459,132.9052,134.16005
Origen 6,2026-02-18 21:00:00,132.61559,132.40263,133.31674
Origen 6,2026-02-18 22:00:00,131.61559,129.59822,128.32022
Origen 6,2026-02-18 23:00:00,131.61559,127.093124,122.45669
Origen 6,2026-02-19 00:00:00,125.63308,136.86205,132.96332
Origen 6,2026-02-19 01:00:00,125.63308,134.8006,128.36514
Origen 6,2026-02-19 02:00:00,125.63308,133.60815,125.29833
Origen 6,2026-02-19 03:00:00,125.63308,133.60815,125.134254
Origen 6,2026-02-19 04:00:00,125.63308,134.82118,131.47362
Origen 6,2026-02-19 05:00:00,131.13608,138.2379,133.21602
Origen 6,2026-02-19 06:00:00,131.13608,139.16832,140.26184
Origen 6,2026-02-19 07:00:00,131.13608,139.9901,134.5841
Origen 6,2026-02-19 08:00:00,125.63308,140.78806,132.56297
Origen 6,2026-02-19 09:00:00,131.13608,141.1668,132.40176
Origen 6,2026-02-19 10:00:00,131.13608,141.1668,132.40176
Origen 6,2026-02-19 11:00:00,131.13608,141.22867,132.53326
Origen 6,2026-02-19 12:00:00,131.13608,141.01328,132.59496
Origen 6,2026-02-19 13:00:00,134.27908,133.19798,137.05164
Origen 6,2026-02-19 14:00:00,134.27908,130.81812,138.19116
Origen 6,2026-02-19 15:00:00,134.27908,130.80527,139.19467
Origen 6,2026-02-19 16:00:00,134.27908,130.75394,145.10637
Origen 6,2026-02-19 17:00:00,134.27908,130.67896,145.81892
Origen 6,2026-02-19 18:00:00,135.79008,130.67896,145.81892
Origen 6,2026-02-19 19:00:00,135.79008,130.67896,145.95227
Origen 6,2026-02-19 20:00:00,135.79008,129.99797,145.50304
Origen 6,2026-02-19 21:00:00,134.27908,129.77037,146.12971
Origen 6,2026-02-19 22:00:00,134.27908,129.77037,145.60916
Origen 6,2026-02-19 23:00:00,133.27908,128.09457,144.40013
Origen 6,2026-02-20 00:00:00,120.37685,122.16757,126.040115
Origen 6,2026-02-20 01:00:00,120.37685,121.7217,125.8809
Origen 6,2026-02-20 02:00:00,120.37685,121.39763,125.77655
Origen 6,2026-02-20 03:00:00,120.37685,121.31042,125.523125
Origen 6,2026-02-20 04:00:00,120.37685,121.68358,125.9168
Origen 6,2026-02-20 05:00:00,120.37685,122.447586,132.7545
Origen 6,2026-02-20 06:00:00,120.37685,122.578606,132.7545
Origen 6,2026-02-20 07:00:00,120.37685,122.65047,132.9372
Origen 6,2026-02-20 08:00:00,120.37685,122.95971,127.29426
Origen 6,2026-02-20 09:00:00,120.37685,123.13997,133.10384
Origen 6,2026-02-20 10:00:00,120.37685,123.13997,132.9772
Origen 6,2026-02-20 11:00:00,120.37685,123.27297,132.93048
Origen 6,2026-02-20 12:00:00,120.37685,123.27297,132.93048
Origen 6,2026-02-20 13:00:00,120.37685,123.351524,132.06253
Origen 6,2026-02-20 14:00:00,120.37685,123.85545,132.33308
Origen 6,2026-02-20 15:00:00,127.52285,123.94797,132.96382
Origen 6,2026-02-20 16:00:00,129.02285,126.7773,132.91135
Origen 6,2026-02-20 17:00:00,129.02285,132.17497,133.67883
Origen 6,2026-02-20 18:00:00,129.02285,134.54521,133.67883
Origen 6,2026-02-20 19:00:00,131.02385,134.54521,133.67883
Origen 6,2026-02-20 20:00:00,131.02385,134.39151,133.49187
Origen 6,2026-02-20 21:00:00,129.02285,133.73103,133.29393
Origen 6,2026-02-20 22:00:00,129.02285,133.73103,132.14467
Origen 6,2026-02-20 23:00:00,127.52285,130.43355,130.91122
Origen 6,2026-02-21 00:00:00,107.25893,123.007515,118.87509
Origen 6,2026-02-21 01:00:00,107.25893,122.78077,118.84041
Origen 6,2026-02-21 02:00:00,107.25893,122.23226,118.87078
Origen 6,2026-02-21 03:00:00,107.25893,122.23226,118.9339
Origen 6,2026-02-21 04:00:00,107.25893,122.64829,118.9339
Origen 6,2026-02-21 05:00:00,107.25893,123.34759,119.037094
Origen 6,2026-02-21 06:00:00,107.25893,123.4518,118.98784
Origen 6,2026-02-21 07:00:00,107.25893,123.49372,119.044876
Origen 6,2026-02-21 08:00:00,107.25893,123.986565,119.19517
Origen 6,2026-02-21 09:00:00,107.25893,123.986565,119.15232
Origen 6,2026-02-21 10:00:00,107.25893,123.986565,119.15232
Origen 6,2026-02-21 11:00:00,107.25893,123.94785,119.15232
Origen 6,2026-02-21 12:00:00,107.25893,123.94785,120.77947
Origen 6,2026-02-21 13:00:00,107.25893,124.02684,121.607124
Origen 6,2026-02-21 14:00:00,107.25893,124.533516,121.736565
Origen 6,2026-02-21 15:00:00,107.25893,129.96098,126.13164
Origen 6,2026-02-21 16:00:00,112.76193,129.76276,126.188
Origen 6,2026-02-21 17:00:00,116.90493,127.67149,126.542786
Origen 6,2026-02-21 18:00:00,120.90493,128.44688,132.20102
Origen 6,2026-02-21 19:00:00,165.90493,128.44688,138.20685
Origen 6,2026-02-21 20:00:00,120.90493,122.45774,132.29156
Origen 6,2026-02-21 21:00:00,116.90493,128.44688,132.29585
Origen 6,2026-02-21 22:00:00,116.90493,119.7248,126.42578
Origen 6,2026-02-21 23:00:00,114.70493,118.7637,126.12055
Origen 6,2026-02-22 00:00:00,114.40661,111.39207,112.63103
Origen 6,2026-02-22 01:00:00,113.50361,110.812325,112.21665
Origen 6,2026-02-22 02:00:00,114.40661,110.492424,112.21665
Origen 6,2026-02-22 03:00:00,113.50361,110.31728,112.17181
Origen 6,2026-02-22 04:00:00,113.50361,110.692764,112.21665
Origen 6,2026-02-22 05:00:00,114.40661,110.72803,112.18866
Origen 6,2026-02-22 06:00:00,113.50361,113.33912,112.03582
Origen 6,2026-02-22 07:00:00,113.36061,113.36705,111.89322
Origen 6,2026-02-22 08:00:00,113.36061,113.40555,112.03448
Origen 6,2026-02-22 09:00:00,107.85761,113.41849,111.17249
Origen 6,2026-02-22 10:00:00,107.85761,113.32317,111.12081
Origen 6,2026-02-22 11:00:00,107.85761,116.78165,111.12081
Origen 6,2026-02-22 12:00:00,107.85761,117.23435,111.92721
Origen 6,2026-02-22 13:00:00,107.85761,117.30906,112.67696
Origen 6,2026-02-22 14:00:00,113.36061,118.7414,112.70029
Origen 6,2026-02-22 15:00:00,113.50361,120.19597,112.89419
Origen 6,2026-02-22 16:00:00,114.40661,120.52817,117.25325
Origen 6,2026-02-22 17:00:00,116.50361,122.31727,120.26334
Origen 6,2026-02-22 18:00:00,117.00361,128.37248,126.87147
Origen 6,2026-02-22 19:00:00,117.00361,154.21413,158.68146
Origen 6,2026-02-22 20:00:00,117.00361,128.52304,126.80245
Origen 6,2026-02-22 21:00:00,117.00361,128.45,125.93043
Origen 6,2026-02-22 22:00:00,116.50361,122.244385,120.05065
Origen 6,2026-02-22 23:00:00,116.50361,120.22619,117.0407
Origen 6,2026-02-23 00:00:00,106.00391,126.1362,120.935936
Origen 6,2026-02-23 01:00:00,111.64991,125.32761,119.60772
Origen 6,2026-02-23 02:00:00,106.00391,124.99215,118.58552
Origen 6,2026-02-23 03:00:00,106.00391,123.28091,118.489525
Origen 6,2026-02-23 04:00:00,111.50691,123.5317,118.993
Origen 6,2026-02-23 05:00:00,111.64991,125.43881,122.66784
Origen 6,2026-02-23 06:00:00,111.64991,124.68897,120.679474
Origen 6,2026-02-23 07:00:00,111.64991,125.20505,121.06022
Origen 6,2026-02-23 08:00:00,111.64991,127.01983,121.61755
Origen 6,2026-02-23 09:00:00,112.40991,127.696526,117.017426
Origen 6,2026-02-23 10:00:00,112.40991,127.696526,117.24917
Origen 6,2026-02-23 11:00:00,112.40991,127.777054,117.24917
Origen 6,2026-02-23 12:00:00,112.40991,127.777054,117.16231
Origen 6,2026-02-23 13:00:00,112.41091,127.91141,118.99952
Origen 6,2026-02-23 14:00:00,112.64991,128.88237,123.979004
Origen 6,2026-02-23 15:00:00,112.64991,128.88237,124.91135
Origen 6,2026-02-23 16:00:00,112.64991,129.08717,124.91135
Origen 6,2026-02-23 17:00:00,112.64991,130.4695,128.21808
Origen 6,2026-02-23 18:00:00,114.64991,131.10507,128.60948
Origen 6,2026-02-23 19:00:00,115.62991,131.10507,128.60948
Origen 6,2026-02-23 20:00:00,114.64991,130.24046,127.781006
Origen 6,2026-02-23 21:00:00,112.64991,129.75244,127.19116
Origen 6,2026-02-23 22:00:00,112.64991,129.32672,125.85761
Origen 6,2026-02-23 23:00:00,112.40991,128.54242,124.551285
Origen 6,2026-02-24 00:00:00,120.44202,122.87555,110.19557
Origen 6,2026-02-24 01:00:00,120.44202,124.59417,115.78755
Origen 6,2026-02-24 02:00:00,120.44202,119.91523,107.95979
Origen 6,2026-02-24 03:00:00,120.44202,119.24246,107.95979
Origen 6,2026-02-24 04:00:00,120.44202,123.08924,114.595314
Origen 6,2026-02-24 05:00:00,120.44202,124.187744,116.680725
Origen 6,2026-02-24 06:00:00,120.44202,124.34412,117.76757
Origen 6,2026-02-24 07:00:00,120.44202,125.12101,118.8662
Origen 6,2026-02-24 08:00:00,120.44202,126.683685,119.38168
Origen 6,2026-02-24 09:00:00,120.44202,128.00488,118.782845
Origen 6,2026-02-24 10:00:00,120.44202,128.34782,118.386406
Origen 6,2026-02-24 11:00:00,120.44202,128.42877,118.12696
Origen 6,2026-02-24 12:00:00,120.44202,128.52046,118.05432
Origen 6,2026-02-24 13:00:00,120.44202,128.65561,119.16817
Origen 6,2026-02-24 14:00:00,120.44202,129.24121,120.088394
Origen 6,2026-02-24 15:00:00,120.44202,129.24121,121.01675
Origen 6,2026-02-24 16:00:00,125.94502,129.24121,121.01675
Origen 6,2026-02-24 17:00:00,125.94602,129.16708,121.01675
Origen 6,2026-02-24 18:00:00,127.78802,129.48375,121.9752
Origen 6,2026-02-24 19:00:00,129.08802,130.94542,125.56113
Origen 6,2026-02-24 20:00:00,126.84902,128.5747,121.31423
Origen 6,2026-02-24 21:00:00,126.84802,128.03572,119.73211
Origen 6,2026-02-24 22:00:00,125.94502,128.03572,118.744225
Origen 6,2026-02-24 23:00:00,125.44202,126.158516,116.98524
Origen 6,2026-02-25 00:00:00,120.8945,126.84588,125.354034
Origen 6,2026-02-25 01:00:00,120.8945,126.134155,124.08275
Origen 6,2026-02-25 02:00:00,120.8945,125.02385,120.872284
Origen 6,2026-02-25 03:00:00,120.8945,123.09281,120.51541
Origen 6,2026-02-25 04:00:00,120.8945,123.74311,124.149925
Origen 6,2026-02-25 05:00:00,120.8945,124.45285,124.807396
Origen 6,2026-02-25 06:00:00,120.8945,124.58585,124.87925
Origen 6,2026-02-25 07:00:00,120.8945,124.62815,124.93912
Origen 6,2026-02-25 08:00:00,120.8945,128.36601,125.54642
Origen 6,2026-02-25 09:00:00,120.8945,128.66222,125.744354
Origen 6,2026-02-25 10:00:00,120.8945,128.78346,125.82246
Origen 6,2026-02-25 11:00:00,120.8945,129.39851,127.29826
Origen 6,2026-02-25 12:00:00,120.8945,129.72626,127.671196
Origen 6,2026-02-25 13:00:00,120.8945,129.86267,128.94862
Origen 6,2026-02-25 14:00:00,120.8945,130.45377,129.74167
Origen 6,2026-02-25 15:00:00,126.3975,130.45377,130.66942
Origen 6,2026-02-25 16:00:00,129.5405,135.75935,135.76453
Origen 6,2026-02-25 17:00:00,129.5405,135.8295,136.16365
Origen 6,2026-02-25 18:00:00,129.5405,136.3485,137.03372
Origen 6,2026-02-25 19:00:00,130.2605,136.3485,137.1179
Origen 6,2026-02-25 20:00:00,129.5405,135.39127,136.75694
Origen 6,2026-02-25 21:00:00,129.5405,135.1542,136.21729
Origen 6,2026-02-25 22:00:00,128.0305,134.68251,134.83397
Origen 6,2026-02-25 23:00:00,126.3975,132.66574,133.04305
Origen 6,2026-02-26 00:00:00,120.62002,126.5359,122.92959
Origen 6,2026-02-26 01:00:00,120.62002,126.21641,122.44641
Origen 6,2026-02-26 02:00:00,120.62002,123.91843,122.228714
Origen 6,2026-02-26 03:00:00,120.62002,123.46181,122.16671
Origen 6,2026-02-26 04:00:00,120.62002,126.02048,122.67579
Origen 6,2026-02-26 05:00:00,120.62002,128.23459,127.19159
Origen 6,2026-02-26 06:00:00,120.62002,128.66524,127.9936
Origen 6,2026-02-26 07:00:00,120.62002,129.02527,128.2834
Origen 6,2026-02-26 08:00:00,120.62002,129.90689,125.95072
Origen 6,2026-02-26 09:00:00,120.62002,129.90689,128.30849
Origen 6,2026-02-26 10:00:00,120.62002,129.90689,128.30849
Origen 6,2026-02-26 11:00:00,120.62002,129.9888,128.29466
Origen 6,2026-02-26 12:00:00,120.62002,129.9888,128.38484
Origen 6,2026-02-26 13:00:00,120.62002,130.12549,130.04845
Origen 6,2026-02-26 14:00:00,120.62002,130.71779,130.70688
Origen 6,2026-02-26 15:00:00,120.62102,136.03412,136.97813
Origen 6,2026-02-26 16:00:00,129.26602,136.03412,137.30936
Origen 6,2026-02-26 17:00:00,129.26602,135.95612,137.30936
Origen 6,2026-02-26 18:00:00,129.26602,135.95612,137.30936
Origen 6,2026-02-26 19:00:00,129.98602,135.95612,137.30936
Origen 6,2026-02-26 20:00:00,129.98602,135.00162,136.83269
Origen 6,2026-02-26 21:00:00,129.26602,134.76524,136.45583
Origen 6,2026-02-26 22:00:00,129.26602,134.76524,135.36247
Origen 6,2026-02-26 23:00:00,126.12302,133.03835,133.97708
Origen 6,2026-02-27 00:00:00,112.71828,122.10404,117.843025
Origen 6,2026-02-27 01:00:00,112.71828,121.60028,117.66255
Origen 6,2026-02-27 02:00:00,112.71828,121.272995,117.607414
Origen 6,2026-02-27 03:00:00,112.71828,121.19305,117.5036
Origen 6,2026-02-27 04:00:00,112.71828,121.42269,117.835045
Origen 6,2026-02-27 05:00:00,118.22128,122.06981,118.784325
Origen 6,2026-02-27 06:00:00,118.22128,122.18996,118.784325
Origen 6,2026-02-27 07:00:00,112.71928,122.18996,119.14573
Origen 6,2026-02-27 08:00:00,112.71828,122.53963,119.53303
Origen 6,2026-02-27 09:00:00,112.71828,122.78517,119.53605
Origen 6,2026-02-27 10:00:00,112.71828,122.78517,119.82007
Origen 6,2026-02-27 11:00:00,112.71828,122.8626,119.85944
Origen 6,2026-02-27 12:00:00,112.71828,122.8626,120.150085
Origen 6,2026-02-27 13:00:00,112.71828,122.940895,121.62319
Origen 6,2026-02-27 14:00:00,112.71928,123.44314,123.52705
Origen 6,2026-02-27 15:00:00,118.22128,123.44314,128.65254
Origen 6,2026-02-27 16:00:00,121.36428,128.46361,133.67805
Origen 6,2026-02-27 17:00:00,121.36428,128.46361,133.67805
Origen 6,2026-02-27 18:00:00,121.36428,128.16704,133.67805
Origen 6,2026-02-27 19:00:00,122.08428,128.16704,133.91904
Origen 6,2026-02-27 20:00:00,121.36428,128.10912,133.86183
Origen 6,2026-02-27 21:00:00,121.36428,128.10912,133.48283
Origen 6,2026-02-27 22:00:00,121.36428,128.10912,133.31929
Origen 6,2026-02-27 23:00:00,119.12528,127.153015,132.64056
Origen 6,2026-02-28 00:00:00,122.28435,118.970474,115.533424
Origen 6,2026-02-28 01:00:00,116.78235,118.437675,115.10837
Origen 6,2026-02-28 02:00:00,116.78235,118.13918,114.81054
Origen 6,2026-02-28 03:00:00,116.78235,118.04104,114.664406
Origen 6,2026-02-28 04:00:00,122.18935,118.36304,114.35651
Origen 6,2026-02-28 05:00:00,122.18935,120.6362,118.11756
Origen 6,2026-02-28 06:00:00,122.28435,120.72465,118.06867
Origen 6,2026-02-28 07:00:00,116.78235,119.15494,114.59105
Origen 6,2026-02-28 08:00:00,116.78235,119.694725,114.735725
Origen 6,2026-02-28 09:00:00,116.78235,119.694725,114.735725
Origen 6,2026-02-28 10:00:00,116.78235,119.694725,114.735725
Origen 6,2026-02-28 11:00:00,116.78235,119.7702,114.735725
Origen 6,2026-02-28 12:00:00,116.78235,119.7702,114.735725
Origen 6,2026-02-28 13:00:00,116.78235,119.84652,115.16358
Origen 6,2026-02-28 14:00:00,116.78235,120.47806,115.187416
Origen 6,2026-02-28 15:00:00,116.78235,122.36924,118.77015
Origen 6,2026-02-28 16:00:00,122.28435,122.91345,120.887794
Origen 6,2026-02-28 17:00:00,122.28535,123.32323,120.887794
Origen 6,2026-02-28 18:00:00,122.28635,123.32323,121.48999
Origen 6,2026-02-28 19:00:00,124.78235,135.04257,128.83363
Origen 6,2026-02-28 20:00:00,122.28635,123.36916,121.65678
Origen 6,2026-02-28 21:00:00,122.28635,123.36916,121.30956
Origen 6,2026-02-28 22:00:00,122.28535,123.36916,121.311455
Origen 6,2026-02-28 23:00:00,122.28435,122.55184,120.39663
Origen 6,2026-03-01 00:00:00,103.13361,127.39663,122.71025
Origen 6,2026-03-01 01:00:00,103.13361,121.5535,119.881676
Origen 6,2026-03-01 02:00:00,103.13361,121.33159,119.80459
Origen 6,2026-03-01 03:00:00,103.13361,121.10416,119.80459
Origen 6,2026-03-01 04:00:00,103.13361,126.96296,122.66024
Origen 6,2026-03-01 05:00:00,103.13361,127.68046,122.78202
Origen 6,2026-03-01 06:00:00,103.13361,125.24081,122.784584
Origen 6,2026-03-01 07:00:00,103.13361,119.98644,119.92605
Origen 6,2026-03-01 08:00:00,103.13361,120.02719,120.077446
Origen 6,2026-03-01 09:00:00,103.13361,120.357086,119.078995
Origen 6,2026-03-01 10:00:00,103.13361,120.357086,119.078995
Origen 6,2026-03-01 11:00:00,103.13361,120.432976,119.078995
Origen 6,2026-03-01 12:00:00,103.13361,117.56604,119.078995
Origen 6,2026-03-01 13:00:00,103.13361,117.909294,119.52305
Origen 6,2026-03-01 14:00:00,103.13361,118.55374,120.66739
Origen 6,2026-03-01 15:00:00,103.13361,118.51671,120.81541
Origen 6,2026-03-01 16:00:00,103.13361,126.27551,123.575005
Origen 6,2026-03-01 17:00:00,107.63261,126.27551,123.575005
Origen 6,2026-03-01 18:00:00,108.35261,126.84576,123.575005
Origen 6,2026-03-01 19:00:00,108.35261,126.81316,123.62616
Origen 6,2026-03-01 20:00:00,108.35261,126.14883,123.62616
Origen 6,2026-03-01 21:00:00,108.35261,126.14883,123.62616
Origen 6,2026-03-01 22:00:00,107.63261,126.14883,123.474686
Origen 6,2026-03-01 23:00:00,107.63261,125.219795,123.39211
Origen 6,2026-03-02 00:00:00,101.84342,117.30845,112.57691
Origen 6,2026-03-02 01:00:00,101.84342,117.0566,113.03154
Origen 6,2026-03-02 02:00:00,101.84342,115.77287,110.51303
Origen 6,2026-03-02 03:00:00,101.84342,115.34846,110.28125
Origen 6,2026-03-02 04:00:00,104.47142,116.10452,112.35243
Origen 6,2026-03-02 05:00:00,105.49242,118.12787,114.66447
Origen 6,2026-03-02 06:00:00,105.49242,117.066376,114.66447
Origen 6,2026-03-02 07:00:00,105.43642,118.46281,115.09903
Origen 6,2026-03-02 08:00:00,104.47142,121.41667,115.546036
Origen 6,2026-03-02 09:00:00,101.84342,121.41667,115.546036
Origen 6,2026-03-02 10:00:00,101.84342,124.21713,115.26638
Origen 6,2026-03-02 11:00:00,104.47142,125.07317,115.26638
Origen 6,2026-03-02 12:00:00,104.47142,126.331406,115.26638
Origen 6,2026-03-02 13:00:00,104.47142,126.38027,116.54505
Origen 6,2026-03-02 14:00:00,105.49242,126.89258,116.75219
Origen 6,2026-03-02 15:00:00,105.49242,126.8408,117.15903
Origen 6,2026-03-02 16:00:00,106.34242,126.92441,117.15903
Origen 6,2026-03-02 17:00:00,107.06242,130.0335,121.258545
Origen 6,2026-03-02 18:00:00,108.40842,130.85417,121.62871
Origen 6,2026-03-02 19:00:00,108.40842,130.85417,121.62871
Origen 6,2026-03-02 20:00:00,108.40742,130.17235,121.40289
Origen 6,2026-03-02 21:00:00,108.40742,129.88899,120.62643
Origen 6,2026-03-02 22:00:00,107.06242,129.46758,122.00474
Origen 6,2026-03-02 23:00:00,105.49242,128.76743,121.48187
Origen 6,2026-03-03 00:00:00,111.27833,125.052055,115.95358
Origen 6,2026-03-03 01:00:00,111.27833,124.44929,115.83715
Origen 6,2026-03-03 02:00:00,111.27833,123.70318,114.98153
Origen 6,2026-03-03 03:00:00,111.27833,122.84309,113.874054
Origen 6,2026-03-03 04:00:00,113.90633,123.958954,114.731026
Origen 6,2026-03-03 05:00:00,114.77733,125.16547,117.10807
Origen 6,2026-03-03 06:00:00,114.77733,125.39695,117.44462
Origen 6,2026-03-03 07:00:00,114.77733,126.44103,118.140305
Origen 6,2026-03-03 08:00:00,113.90633,127.12756,118.73778
Origen 6,2026-03-03 09:00:00,111.27833,126.49639,118.47394
Origen 6,2026-03-03 10:00:00,111.27833,126.75319,118.47394
Origen 6,2026-03-03 11:00:00,111.27833,125.79209,118.779
Origen 6,2026-03-03 12:00:00,111.27833,125.79209,118.779
Origen 6,2026-03-03 13:00:00,113.90633,125.83643,119.294556
Origen 6,2026-03-03 14:00:00,114.77733,126.96073,119.456795
Origen 6,2026-03-03 15:00:00,116.49733,126.82616,119.30508
Origen 6,2026-03-03 16:00:00,116.49733,126.88018,122.2568
Origen 6,2026-03-03 17:00:00,117.84233,128.4679,125.280815
Origen 6,2026-03-03 18:00:00,125.77733,128.85649,128.15164
Origen 6,2026-03-03 19:00:00,195.77733,128.85649,128.15164
Origen 6,2026-03-03 20:00:00,117.84333,128.06624,127.51915
Origen 6,2026-03-03 21:00:00,117.84333,127.842026,127.09035
Origen 6,2026-03-03 22:00:00,117.84333,126.8835,123.91494
Origen 6,2026-03-03 23:00:00,116.49733,122.584915,119.43206
Origen 6,2026-03-04 00:00:00,113.48755,123.72824,121.76721
Origen 6,2026-03-04 01:00:00,113.48755,124.5264,120.05404
Origen 6,2026-03-04 02:00:00,113.48755,124.24591,119.93158
Origen 6,2026-03-04 03:00:00,113.48755,124.15666,119.77603
Origen 6,2026-03-04 04:00:00,113.48755,123.151,122.69001
Origen 6,2026-03-04 05:00:00,116.11555,124.65889,123.5092
Origen 6,2026-03-04 06:00:00,116.11555,124.1749,123.24869
Origen 6,2026-03-04 07:00:00,113.48755,125.09983,123.5092
Origen 6,2026-03-04 08:00:00,113.48755,126.4341,123.81778
Origen 6,2026-03-04 09:00:00,113.48755,126.780754,121.050514
Origen 6,2026-03-04 10:00:00,113.48755,126.917206,121.849045
Origen 6,2026-03-04 11:00:00,113.48755,127.246735,122.83442
Origen 6,2026-03-04 12:00:00,113.48755,127.66305,122.83442
Origen 6,2026-03-04 13:00:00,113.48755,128.28474,126.37804
Origen 6,2026-03-04 14:00:00,116.11555,129.11174,126.5499
Origen 6,2026-03-04 15:00:00,116.11555,131.02156,132.61487
Origen 6,2026-03-04 16:00:00,116.48655,131.02156,135.1381
Origen 6,2026-03-04 17:00:00,120.68655,131.13776,135.46068
Origen 6,2026-03-04 18:00:00,120.68655,140.10524,142.80951
Origen 6,2026-03-04 19:00:00,127.98655,171.00873,184.58324
Origen 6,2026-03-04 20:00:00,120.68655,130.73586,135.25298
Origen 6,2026-03-04 21:00:00,120.68655,130.50697,135.0503
Origen 6,2026-03-04 22:00:00,120.05155,129.78584,134.61472
Origen 6,2026-03-04 23:00:00,116.48655,128.68922,131.27866
Origen 6,2026-03-05 00:00:00,115.21316,125.26428,123.68936
Origen 6,2026-03-05 01:00:00,115.21316,124.911415,122.87876
Origen 6,2026-03-05 02:00:00,115.21316,124.8674,122.6765
Origen 6,2026-03-05 03:00:00,115.21316,124.70442,122.6765
Origen 6,2026-03-05 04:00:00,115.21316,125.211426,123.06318
Origen 6,2026-03-05 05:00:00,115.21316,129.00706,128.70905
Origen 6,2026-03-05 06:00:00,115.21316,129.26846,128.73636
Origen 6,2026-03-05 07:00:00,115.21316,127.60504,125.50176
Origen 6,2026-03-05 08:00:00,115.21316,128.10796,125.79749
Origen 6,2026-03-05 09:00:00,115.21316,128.10796,125.87099
Origen 6,2026-03-05 10:00:00,115.21316,128.10796,125.87099
Origen 6,2026-03-05 11:00:00,115.21316,130.41066,125.87099
Origen 6,2026-03-05 12:00:00,115.21316,130.66331,125.87099
Origen 6,2026-03-05 13:00:00,115.21316,130.70937,126.3637
Origen 6,2026-03-05 14:00:00,115.21316,133.58466,129.82162
Origen 6,2026-03-05 15:00:00,115.21316,133.58466,130.07729
Origen 6,2026-03-05 16:00:00,115.21316,133.58466,134.83911
Origen 6,2026-03-05 17:00:00,119.71216,133.58395,136.11794
Origen 6,2026-03-05 18:00:00,121.77716,133.58395,136.11794
Origen 6,2026-03-05 19:00:00,121.77716,142.46515,141.94722
Origen 6,2026-03-05 20:00:00,121.77716,133.69508,136.18521
Origen 6,2026-03-05 21:00:00,120.21216,133.51797,136.01335
Origen 6,2026-03-05 22:00:00,119.71216,132.91776,135.74603
Origen 6,2026-03-05 23:00:00,115.21316,131.98453,131.79723
Origen 6,2026-03-06 00:00:00,110.28468,124.0143,120.22458
Origen 6,2026-03-06 01:00:00,110.28468,123.98527,120.29752
Origen 6,2026-03-06 02:00:00,110.28468,123.74046,120.1432
Origen 6,2026-03-06 03:00:00,110.28468,123.607414,119.991425
Origen 6,2026-03-06 04:00:00,110.28468,124.08914,120.38411
Origen 6,2026-03-06 05:00:00,110.28468,124.2128,121.24652
Origen 6,2026-03-06 06:00:00,110.28468,124.2128,121.24652
Origen 6,2026-03-06 07:00:00,110.28468,124.39245,121.491325
Origen 6,2026-03-06 08:00:00,110.28468,124.695564,121.64471
Origen 6,2026-03-06 09:00:00,110.28468,124.695564,121.64471
Origen 6,2026-03-06 10:00:00,110.28468,124.72227,122.08814
Origen 6,2026-03-06 11:00:00,110.28468,124.77693,122.08814
Origen 6,2026-03-06 12:00:00,110.28468,124.77693,122.08814
Origen 6,2026-03-06 13:00:00,110.28468,125.33269,122.162056
Origen 6,2026-03-06 14:00:00,110.28468,125.773735,122.34766
Origen 6,2026-03-06 15:00:00,110.28468,125.773735,122.73196
Origen 6,2026-03-06 16:00:00,114.78368,125.773735,123.70607
Origen 6,2026-03-06 17:00:00,114.78368,127.78972,126.57247
Origen 6,2026-03-06 18:00:00,116.78368,136.2857,129.95769
Origen 6,2026-03-06 19:00:00,116.84868,136.2857,130.431
Origen 6,2026-03-06 20:00:00,116.78368,136.2857,129.91953
Origen 6,2026-03-06 21:00:00,116.78368,127.78972,127.2798
Origen 6,2026-03-06 22:00:00,114.78368,127.21525,126.39334
Origen 6,2026-03-06 23:00:00,110.28468,124.58662,123.10514
Origen 6,2026-03-07 00:00:00,114.4743,123.72972,119.62238
Origen 6,2026-03-07 01:00:00,114.4743,123.64979,118.249756
Origen 6,2026-03-07 02:00:00,114.4743,123.281204,118.249756
Origen 6,2026-03-07 03:00:00,114.4743,123.01555,118.01774
Origen 6,2026-03-07 04:00:00,114.4743,123.33753,119.50618
Origen 6,2026-03-07 05:00:00,114.4743,123.46044,119.50618
Origen 6,2026-03-07 06:00:00,114.4743,123.46044,119.66413
Origen 6,2026-03-07 07:00:00,114.4733,123.75887,118.291046
Origen 6,2026-03-07 08:00:00,114.4733,123.827095,119.235535
Origen 6,2026-03-07 09:00:00,114.3813,123.05714,119.235535
Origen 6,2026-03-07 10:00:00,114.3813,123.05714,119.235535
Origen 6,2026-03-07 11:00:00,114.4733,123.50507,119.357254
Origen 6,2026-03-07 12:00:00,114.3813,123.50507,119.357254
Origen 6,2026-03-07 13:00:00,114.4743,123.49748,119.64611
Origen 6,2026-03-07 14:00:00,114.4733,123.1857,119.614784
Origen 6,2026-03-07 15:00:00,114.4743,123.1857,119.625336
Origen 6,2026-03-07 16:00:00,114.4753,123.4877,124.07008
Origen 6,2026-03-07 17:00:00,115.7523,123.4877,124.07008
Origen 6,2026-03-07 18:00:00,116.2523,125.39575,126.8679
Origen 6,2026-03-07 19:00:00,116.2523,125.39575,128.2207
Origen 6,2026-03-07 20:00:00,116.2523,125.39575,126.61321
Origen 6,2026-03-07 21:00:00,116.2523,124.83204,126.73632
Origen 6,2026-03-07 22:00:00,115.9083,122.93257,123.93048
Origen 6,2026-03-07 23:00:00,115.7523,122.023026,120.853546
Origen 6,2026-03-08 00:00:00,108.18068,121.56348,120.7611
Origen 6,2026-03-08 01:00:00,108.18068,121.51618,120.72511
Origen 6,2026-03-08 02:00:00,108.18068,122.00644,120.682976
Origen 6,2026-03-08 03:00:00,108.18068,122.91087,120.64057
Origen 6,2026-03-08 04:00:00,108.18068,123.44726,121.01803
Origen 6,2026-03-08 05:00:00,108.18068,123.57029,120.894585
Origen 6,2026-03-08 06:00:00,108.18068,123.57029,120.0387
Origen 6,2026-03-08 07:00:00,108.17768,123.57029,119.83064
Origen 6,2026-03-08 08:00:00,101.70468,123.74901,119.98193
Origen 6,2026-03-08 09:00:00,101.70468,124.004906,119.98193
Origen 6,2026-03-08 10:00:00,101.70468,123.58815,119.92976
Origen 6,2026-03-08 11:00:00,101.70468,123.6423,119.81698
Origen 6,2026-03-08 12:00:00,101.70468,123.88226,119.705
Origen 6,2026-03-08 13:00:00,101.70468,123.92025,120.15134
Origen 6,2026-03-08 14:00:00,108.17768,124.426506,120.11427
Origen 6,2026-03-08 15:00:00,108.18068,124.426506,120.12486
Origen 6,2026-03-08 16:00:00,108.18068,124.426506,120.12486
Origen 6,2026-03-08 17:00:00,109.94868,126.34905,123.190056
Origen 6,2026-03-08 18:00:00,110.04868,126.83885,123.11295
Origen 6,2026-03-08 19:00:00,110.04868,126.83885,123.16392
Origen 6,2026-03-08 20:00:00,110.04868,126.83885,123.16392
Origen 6,2026-03-08 21:00:00,110.04868,126.83885,123.16392
Origen 6,2026-03-08 22:00:00,110.04868,126.00202,123.08449
Origen 6,2026-03-08 23:00:00,109.94868,125.13126,123.06248
Origen 6,2026-03-09 00:00:00,102.03342,126.71699,118.87481
Origen 6,2026-03-09 01:00:00,102.03342,125.89259,118.66962
Origen 6,2026-03-09 02:00:00,102.03342,125.29193,117.996124
Origen 6,2026-03-09 03:00:00,102.03342,124.851685,116.6844
Origen 6,2026-03-09 04:00:00,102.03342,127.034966,118.47874
Origen 6,2026-03-09 05:00:00,102.03342,128.85974,120.37579
Origen 6,2026-03-09 06:00:00,102.03342,128.8071,120.74537
Origen 6,2026-03-09 07:00:00,102.03342,129.15718,120.83199
Origen 6,2026-03-09 08:00:00,102.03342,126.170784,116.72787
Origen 6,2026-03-09 09:00:00,102.03342,125.01502,116.58379
Origen 6,2026-03-09 10:00:00,102.03342,125.15055,116.45689
Origen 6,2026-03-09 11:00:00,102.03342,126.57229,116.60375
Origen 6,2026-03-09 12:00:00,102.03342,126.57229,116.642075
Origen 6,2026-03-09 13:00:00,102.03342,126.66352,118.06085
Origen 6,2026-03-09 14:00:00,111.37742,130.52937,122.547
Origen 6,2026-03-09 15:00:00,111.37742,130.52937,122.83418
Origen 6,2026-03-09 16:00:00,113.37742,130.52937,122.83418
Origen 6,2026-03-09 17:00:00,114.37742,130.84918,123.81949
Origen 6,2026-03-09 18:00:00,116.37742,131.92545,124.18888
Origen 6,2026-03-09 19:00:00,140.37742,131.92545,124.3242
Origen 6,2026-03-09 20:00:00,116.37742,131.05542,123.67393
Origen 6,2026-03-09 21:00:00,116.37742,130.63448,123.25805
Origen 6,2026-03-09 22:00:00,113.37742,129.75868,122.6041
Origen 6,2026-03-09 23:00:00,111.37742,128.94612,122.07044
Origen 6,2026-03-10 00:00:00,107.66054,124.25704,115.1414
Origen 6,2026-03-10 01:00:00,107.66054,123.53206,114.93531
Origen 6,2026-03-10 02:00:00,107.66054,122.31774,113.91599
Origen 6,2026-03-10 03:00:00,107.66054,122.14427,113.16943
Origen 6,2026-03-10 04:00:00,107.66054,122.57136,114.00858
Origen 6,2026-03-10 05:00:00,107.66054,123.59981,115.78209
Origen 6,2026-03-10 06:00:00,107.66054,123.73278,116.114815
Origen 6,2026-03-10 07:00:00,114.29354,124.81882,116.75147
Origen 6,2026-03-10 08:00:00,107.66054,125.86547,117.341896
Origen 6,2026-03-10 09:00:00,107.66054,126.05016,117.05315
Origen 6,2026-03-10 10:00:00,107.66054,126.30605,117.05315
Origen 6,2026-03-10 11:00:00,107.66054,126.36142,117.05315
Origen 6,2026-03-10 12:00:00,107.66054,126.39167,117.28322
Origen 6,2026-03-10 13:00:00,107.66054,126.3458,118.12865
Origen 6,2026-03-10 14:00:00,121.00454,130.59587,125.86458
Origen 6,2026-03-10 15:00:00,121.00454,130.59587,126.0546
Origen 6,2026-03-10 16:00:00,166.00454,130.59587,127.052956
Origen 6,2026-03-10 17:00:00,166.00454,130.84094,127.052956
Origen 6,2026-03-10 18:00:00,758.85354,132.86263,133.6984
Origen 6,2026-03-10 19:00:00,805.09154,148.7104,151.61395
Origen 6,2026-03-10 20:00:00,166.00454,131.98642,129.57368
Origen 6,2026-03-10 21:00:00,166.00454,131.75533,129.13797
Origen 6,2026-03-10 22:00:00,166.00454,129.4332,125.54448
Origen 6,2026-03-10 23:00:00,166.00454,127.78936,123.761345
Origen 6,2026-03-11 00:00:00,118.17152,126.34471,119.4826
Origen 6,2026-03-11 01:00:00,118.08252,125.46502,117.93369
Origen 6,2026-03-11 02:00:00,118.08252,124.9934,117.7682
Origen 6,2026-03-11 03:00:00,118.08252,124.822815,117.60608
Origen 6,2026-03-11 04:00:00,118.17152,124.46389,117.86117
Origen 6,2026-03-11 05:00:00,126.95052,125.85958,118.56125
Origen 6,2026-03-11 06:00:00,126.95052,125.25204,118.501114
Origen 6,2026-03-11 07:00:00,118.17152,126.801,122.708786
Origen 6,2026-03-11 08:00:00,118.17152,128.35774,118.857475
Origen 6,2026-03-11 09:00:00,118.08252,128.65395,118.66605
Origen 6,2026-03-11 10:00:00,118.08252,129.04718,118.66605
Origen 6,2026-03-11 11:00:00,118.17152,129.64816,119.79213
Origen 6,2026-03-11 12:00:00,118.08252,129.7828,120.44894
Origen 6,2026-03-11 13:00:00,118.17152,130.08783,121.042435
Origen 6,2026-03-11 14:00:00,126.95052,133.38556,129.93327
Origen 6,2026-03-11 15:00:00,126.95052,133.38556,130.12947
Origen 6,2026-03-11 16:00:00,139.95052,173.53217,166.27518
Origen 6,2026-03-11 17:00:00,149.95052,173.73253,167.59486
Origen 6,2026-03-11 18:00:00,1135.36452,336.72107,486.2863
Origen 6,2026-03-11 19:00:00,761.95052,334.46347,515.8954
Origen 6,2026-03-11 20:00:00,761.95052,189.01233,182.78543
Origen 6,2026-03-11 21:00:00,189.95052,188.7847,182.32292
Origen 6,2026-03-11 22:00:00,139.95052,187.64313,181.8306
Origen 6,2026-03-11 23:00:00,126.95052,183.96252,177.43352
Origen 6,2026-03-12 00:00:00,138.33999,140.49117,134.79366
Origen 6,2026-03-12 01:00:00,138.33999,136.94586,134.57178
Origen 6,2026-03-12 02:00:00,138.33999,135.35318,134.39317
Origen 6,2026-03-12 03:00:00,138.33999,134.19409,134.27327
Origen 6,2026-03-12 04:00:00,138.33999,137.12595,135.00272
Origen 6,2026-03-12 05:00:00,138.46299,152.51154,144.19315
Origen 6,2026-03-12 06:00:00,138.46299,153.20032,145.10236
Origen 6,2026-03-12 07:00:00,138.46299,144.56554,142.31578
Origen 6,2026-03-12 08:00:00,138.46299,145.50484,142.57742
Origen 6,2026-03-12 09:00:00,138.33999,145.50484,142.57742
Origen 6,2026-03-12 10:00:00,138.33999,145.50484,142.57742
Origen 6,2026-03-12 11:00:00,138.46299,145.56862,142.57742
Origen 6,2026-03-12 12:00:00,138.46299,145.56862,142.57742
Origen 6,2026-03-12 13:00:00,143.33999,147.10162,143.75002
Origen 6,2026-03-12 14:00:00,158.33999,157.5857,152.67963
Origen 6,2026-03-12 15:00:00,158.33999,157.5857,153.03444
Origen 6,2026-03-12 16:00:00,158.33999,157.48189,160.17007
Origen 6,2026-03-12 17:00:00,198.33999,184.76834,167.45602
Origen 6,2026-03-12 18:00:00,291.23999,346.3163,613.7136
Origen 6,2026-03-12 19:00:00,807.42699,349.52863,531.35645
Origen 6,2026-03-12 20:00:00,807.42699,348.84515,540.52814
Origen 6,2026-03-12 21:00:00,188.33999,186.59659,201.3255
Origen 6,2026-03-12 22:00:00,158.33999,154.65094,165.84032
Origen 6,2026-03-12 23:00:00,143.33999,152.66267,155.33546
Origen 6,2026-03-13 00:00:00,142.33338,145.6025,153.09158
Origen 6,2026-03-13 01:00:00,142.33338,144.80223,152.67706
Origen 6,2026-03-13 02:00:00,142.33338,144.40956,152.33653
Origen 6,2026-03-13 03:00:00,142.33338,144.29893,152.26514
Origen 6,2026-03-13 04:00:00,152.33338,144.67622,152.72594
Origen 6,2026-03-13 05:00:00,156.33338,145.62291,154.33028
Origen 6,2026-03-13 06:00:00,156.33338,145.62291,154.43414
Origen 6,2026-03-13 07:00:00,156.33338,146.21106,154.64526
Origen 6,2026-03-13 08:00:00,152.33338,146.4698,154.8405
Origen 6,2026-03-13 09:00:00,142.33338,146.63191,154.8405
Origen 6,2026-03-13 10:00:00,142.33338,146.63191,154.94333
Origen 6,2026-03-13 11:00:00,142.33338,146.69618,154.94333
Origen 6,2026-03-13 12:00:00,109.61438,147.83513,155.49487
Origen 6,2026-03-13 13:00:00,142.33338,175.18591,158.81636
Origen 6,2026-03-13 14:00:00,152.33338,176.91353,177.1754
Origen 6,2026-03-13 15:00:00,156.33338,180.18422,177.33507
Origen 6,2026-03-13 16:00:00,161.45638,180.18422,177.87639
Origen 6,2026-03-13 17:00:00,180.33338,188.58192,200.49884
Origen 6,2026-03-13 18:00:00,284.23338,240.67982,262.4433
Origen 6,2026-03-13 19:00:00,800.42038,350.1572,532.8888
Origen 6,2026-03-13 20:00:00,284.23338,349.85062,532.4021
Origen 6,2026-03-13 21:00:00,180.33338,183.4626,189.74677
Origen 6,2026-03-13 22:00:00,181.33338,175.87117,173.18556
Origen 6,2026-03-13 23:00:00,161.45638,174.19774,156.05934
Origen 6,2026-03-14 00:00:00,185.07122,167.28636,152.07555
Origen 6,2026-03-14 01:00:00,185.07122,167.4237,152.07555
Origen 6,2026-03-14 02:00:00,185.07122,166.46431,151.96906
Origen 6,2026-03-14 03:00:00,185.07122,166.28026,152.10403
Origen 6,2026-03-14 04:00:00,185.07122,172.02162,160.11044
Origen 6,2026-03-14 05:00:00,185.07122,173.17879,162.88443
Origen 6,2026-03-14 06:00:00,165.97122,173.17879,162.21336
Origen 6,2026-03-14 07:00:00,165.97122,175.28342,162.89786
Origen 6,2026-03-14 08:00:00,157.07122,175.15977,160.41942
Origen 6,2026-03-14 09:00:00,157.07122,169.02406,152.4813
Origen 6,2026-03-14 10:00:00,157.07122,169.02406,152.4813
Origen 6,2026-03-14 11:00:00,165.97122,169.09816,152.4813
Origen 6,2026-03-14 12:00:00,165.97122,136.49063,130.9711
Origen 6,2026-03-14 13:00:00,165.97122,166.68321,152.51788
Origen 6,2026-03-14 14:00:00,165.97122,174.26736,162.75998
Origen 6,2026-03-14 15:00:00,165.97122,174.81534,165.94852
Origen 6,2026-03-14 16:00:00,186.07122,174.81534,169.0846
Origen 6,2026-03-14 17:00:00,266.07122,181.37163,179.9148
Origen 6,2026-03-14 18:00:00,332.19422,230.41295,249.5515
Origen 6,2026-03-14 19:00:00,332.19422,344.03098,488.50327
Origen 6,2026-03-14 20:00:00,332.19422,234.0255,251.00769
Origen 6,2026-03-14 21:00:00,266.07122,183.64325,181.25241
Origen 6,2026-03-14 22:00:00,266.07122,182.81769,181.51024
Origen 6,2026-03-14 23:00:00,201.07122,174.08131,168.09525
Origen 6,2026-03-15 00:00:00,229.49337,181.34619,180.72845
Origen 6,2026-03-15 01:00:00,229.49337,181.49509,180.93646
Origen 6,2026-03-15 02:00:00,229.49337,180.45505,181.21118
Origen 6,2026-03-15 03:00:00,229.49337,180.45505,181.21118
Origen 6,2026-03-15 04:00:00,229.49337,180.72623,182.67783
Origen 6,2026-03-15 05:00:00,229.49337,181.71434,182.37215
Origen 6,2026-03-15 06:00:00,194.49337,181.6576,176.57835
Origen 6,2026-03-15 07:00:00,170.49337,181.8187,176.42558
Origen 6,2026-03-15 08:00:00,117.71437,172.60402,164.84903
Origen 6,2026-03-15 09:00:00,117.62437,173.21594,164.84903
Origen 6,2026-03-15 10:00:00,117.62437,173.21594,164.84903
Origen 6,2026-03-15 11:00:00,170.49337,181.83856,177.3672
Origen 6,2026-03-15 12:00:00,170.49337,181.70638,178.10472
Origen 6,2026-03-15 13:00:00,170.49337,181.6952,178.45401
Origen 6,2026-03-15 14:00:00,171.49337,182.76572,181.62668
Origen 6,2026-03-15 15:00:00,171.49337,182.76572,181.73793
Origen 6,2026-03-15 16:00:00,229.49337,182.76572,187.05263
Origen 6,2026-03-15 17:00:00,272.41637,226.82411,240.55112
Origen 6,2026-03-15 18:00:00,299.49337,249.98,289.34387
Origen 6,2026-03-15 19:00:00,344.49337,251.00949,300.26224
Origen 6,2026-03-15 20:00:00,339.49337,249.88109,300.26224
Origen 6,2026-03-15 21:00:00,279.49337,228.97424,249.60172
Origen 6,2026-03-15 22:00:00,272.41637,228.63908,249.44891
Origen 6,2026-03-15 23:00:00,272.41637,192.14828,200.86171
Origen 6,2026-03-16 00:00:00,279.95154,226.39575,236.02522
Origen 6,2026-03-16 01:00:00,269.95154,225.09435,234.87906
Origen 6,2026-03-16 02:00:00,219.95154,223.58206,232.93188
Origen 6,2026-03-16 03:00:00,219.95154,225.49733,233.50894
Origen 6,2026-03-16 04:00:00,269.95154,226.7484,235.6011
Origen 6,2026-03-16 05:00:00,279.95154,231.58032,239.58026
Origen 6,2026-03-16 06:00:00,299.07454,194.7418,210.97314
Origen 6,2026-03-16 07:00:00,279.95154,195.63763,197.22499
Origen 6,2026-03-16 08:00:00,231.91454,155.99178,153.1081
Origen 6,2026-03-16 09:00:00,219.95154,155.99178,153.1081
Origen 6,2026-03-16 10:00:00,269.95154,155.99178,153.1081
Origen 6,2026-03-16 11:00:00,279.95154,198.73024,197.7413
Origen 6,2026-03-16 12:00:00,279.95154,198.86124,197.7413
Origen 6,2026-03-16 13:00:00,279.95154,198.93132,200.74976
Origen 6,2026-03-16 14:00:00,299.07454,200.49835,205.73308
Origen 6,2026-03-16 15:00:00,299.07454,200.49835,207.89136
Origen 6,2026-03-16 16:00:00,319.95154,238.52019,253.13107
Origen 6,2026-03-16 17:00:00,336.95154,261.0057,277.84882
Origen 6,2026-03-16 18:00:00,336.95154,272.56726,302.4996
Origen 6,2026-03-16 19:00:00,799.03854,296.7192,340.43155
Origen 6,2026-03-16 20:00:00,339.95154,284.195,336.65298
Origen 6,2026-03-16 21:00:00,339.95154,268.00732,289.53946
Origen 6,2026-03-16 22:00:00,336.95154,266.45428,274.60458
Origen 6,2026-03-16 23:00:00,319.95154,265.1396,268.57803
Origen 6,2026-03-17 00:00:00,306.49125,263.5335,278.4552
Origen 6,2026-03-17 01:00:00,306.49125,253.98444,262.14722
Origen 6,2026-03-17 02:00:00,280.36825,228.58347,223.50233
Origen 6,2026-03-17 03:00:00,280.36825,228.24051,221.77182
Origen 6,2026-03-17 04:00:00,306.49125,251.91273,259.79382
Origen 6,2026-03-17 05:00:00,306.49125,262.50424,278.2219
Origen 6,2026-03-17 06:00:00,306.49125,272.10184,287.00336
Origen 6,2026-03-17 07:00:00,306.49125,265.67123,281.70972
Origen 6,2026-03-17 08:00:00,306.49125,247.64807,241.8208
Origen 6,2026-03-17 09:00:00,280.36825,240.21515,228.33826
Origen 6,2026-03-17 10:00:00,280.36825,264.04547,266.2164
Origen 6,2026-03-17 11:00:00,306.49125,274.33914,282.6151
Origen 6,2026-03-17 12:00:00,280.36825,277.04855,282.32297
Origen 6,2026-03-17 13:00:00,306.49125,284.6736,283.47415
Origen 6,2026-03-17 14:00:00,330.36825,297.75385,297.95398
Origen 6,2026-03-17 15:00:00,332.36825,304.70792,300.90173
Origen 6,2026-03-17 16:00:00,332.36825,314.42642,322.90128
Origen 6,2026-03-17 17:00:00,335.36825,314.2461,335.99036
Origen 6,2026-03-17 18:00:00,335.36825,322.19806,357.27667
Origen 6,2026-03-17 19:00:00,794.45525,452.46432,630.9884
Origen 6,2026-03-17 20:00:00,335.36825,319.72195,346.78842
Origen 6,2026-03-17 21:00:00,332.36825,319.1622,345.62228
Origen 6,2026-03-17 22:00:00,332.36825,317.7274,337.73074
Origen 6,2026-03-17 23:00:00,306.49125,315.1905,321.6438
Origen 6,2026-03-18 00:00:00,311.84308,307.59283,309.337
Origen 6,2026-03-18 01:00:00,311.84308,305.52615,305.96002
Origen 6,2026-03-18 02:00:00,311.84308,287.60382,286.846
Origen 6,2026-03-18 03:00:00,311.84308,287.60382,285.73358
Origen 6,2026-03-18 04:00:00,311.84308,297.1781,302.11212
Origen 6,2026-03-18 05:00:00,334.84308,300.15613,305.8925
Origen 6,2026-03-18 06:00:00,334.84308,299.20102,305.08173
Origen 6,2026-03-18 07:00:00,334.84308,300.84708,304.1286
Origen 6,2026-03-18 08:00:00,334.84308,305.87408,304.8496
Origen 6,2026-03-18 09:00:00,311.84308,303.25494,287.93298
Origen 6,2026-03-18 10:00:00,311.84308,303.48117,289.30994
Origen 6,2026-03-18 11:00:00,334.84308,316.04877,307.46027
Origen 6,2026-03-18 12:00:00,311.84308,301.86676,289.39645
Origen 6,2026-03-18 13:00:00,334.84308,314.9226,309.0009
Origen 6,2026-03-18 14:00:00,338.84308,318.51422,333.69882
Origen 6,2026-03-18 15:00:00,339.96608,318.51422,335.5683
Origen 6,2026-03-18 16:00:00,339.96608,320.36,335.3594
Origen 6,2026-03-18 17:00:00,339.96608,320.49188,335.38803
Origen 6,2026-03-18 18:00:00,341.84308,325.99994,361.7894
Origen 6,2026-03-18 19:00:00,389.84308,463.04208,625.79364
Origen 6,2026-03-18 20:00:00,353.84308,324.95792,355.97086
Origen 6,2026-03-18 21:00:00,339.96608,319.05963,334.79236
Origen 6,2026-03-18 22:00:00,339.96608,319.05963,330.7728
Origen 6,2026-03-18 23:00:00,334.84308,303.29745,306.58493
Origen 6,2026-03-19 00:00:00,347.22084,312.3612,306.20068
Origen 6,2026-03-19 01:00:00,347.22084,310.14548,303.8264
Origen 6,2026-03-19 02:00:00,347.22084,304.96332,304.6899
Origen 6,2026-03-19 03:00:00,347.22084,304.96332,304.00433
Origen 6,2026-03-19 04:00:00,347.22084,310.479,305.26913
Origen 6,2026-03-19 05:00:00,354.19084,316.277,326.12927
Origen 6,2026-03-19 06:00:00,354.19084,317.46768,326.90247
Origen 6,2026-03-19 07:00:00,347.22084,327.42883,327.75873
Origen 6,2026-03-19 08:00:00,347.22084,328.69797,328.7152
Origen 6,2026-03-19 09:00:00,308.99084,328.69797,315.2231
Origen 6,2026-03-19 10:00:00,347.22084,330.28433,315.2231
Origen 6,2026-03-19 11:00:00,347.22084,330.82452,329.19284
Origen 6,2026-03-19 12:00:00,347.22084,330.82452,321.35266
Origen 6,2026-03-19 13:00:00,347.22084,331.31024,338.72775
Origen 6,2026-03-19 14:00:00,354.19084,332.60825,341.20236
Origen 6,2026-03-19 15:00:00,354.19084,332.60825,348.98907
Origen 6,2026-03-19 16:00:00,360.09084,332.60825,348.98907
Origen 6,2026-03-19 17:00:00,360.09084,331.08963,351.4791
Origen 6,2026-03-19 18:00:00,415.09084,328.91357,359.17017
Origen 6,2026-03-19 19:00:00,415.09084,352.47705,389.0124
Origen 6,2026-03-19 20:00:00,390.09084,348.04214,364.1642
Origen 6,2026-03-19 21:00:00,375.09084,321.81314,343.31876
Origen 6,2026-03-19 22:00:00,360.09084,321.07297,341.24597
Origen 6,2026-03-19 23:00:00,354.19084,318.9562,333.1535
Origen 6,2026-03-20 00:00:00,347.8728,316.74158,329.4589
Origen 6,2026-03-20 01:00:00,347.8728,317.58624,329.42258
Origen 6,2026-03-20 02:00:00,347.8728,319.43988,330.4597
Origen 6,2026-03-20 03:00:00,330.1428,318.36526,329.18973
Origen 6,2026-03-20 04:00:00,330.1428,319.43988,331.0554
Origen 6,2026-03-20 05:00:00,347.8728,319.87308,333.30588
Origen 6,2026-03-20 06:00:00,347.8728,320.09506,333.70358
Origen 6,2026-03-20 07:00:00,339.1428,321.48553,334.0653
Origen 6,2026-03-20 08:00:00,330.1428,321.7972,334.4871
Origen 6,2026-03-20 09:00:00,330.1428,292.39392,305.15692
Origen 6,2026-03-20 10:00:00,330.1428,322.00995,343.6553
Origen 6,2026-03-20 11:00:00,330.1428,322.15106,343.88187
Origen 6,2026-03-20 12:00:00,330.1428,322.15106,341.89893
Origen 6,2026-03-20 13:00:00,330.1428,322.13126,346.2227
Origen 6,2026-03-20 14:00:00,347.8728,324.72467,353.9084
Origen 6,2026-03-20 15:00:00,347.8728,332.10526,354.22733
Origen 6,2026-03-20 16:00:00,354.1428,332.10526,356.56186
Origen 6,2026-03-20 17:00:00,379.1428,332.10526,356.74197
Origen 6,2026-03-20 18:00:00,384.1428,390.40253,407.6169
Origen 6,2026-03-20 19:00:00,384.1428,397.5928,407.31128
Origen 6,2026-03-20 20:00:00,384.1428,336.2237,379.42386
Origen 6,2026-03-20 21:00:00,379.1428,331.59634,364.88907
Origen 6,2026-03-20 22:00:00,379.1428,330.10562,354.91544
Origen 6,2026-03-20 23:00:00,354.1428,328.41235,356.62137
Origen 6,2026-03-21 00:00:00,346.45843,322.57394,347.6676
Origen 6,2026-03-21 01:00:00,346.45843,322.74243,347.6676
Origen 6,2026-03-21 02:00:00,325.45843,321.4546,347.27213
Origen 6,2026-03-21 03:00:00,325.45843,302.0905,338.89838
Origen 6,2026-03-21 04:00:00,346.45843,302.148,339.16592
Origen 6,2026-03-21 05:00:00,346.45843,322.85168,347.6676
Origen 6,2026-03-21 06:00:00,346.45843,323.03848,347.52374
Origen 6,2026-03-21 07:00:00,325.45843,303.80508,346.5743
Origen 6,2026-03-21 08:00:00,229.92343,304.30063,338.1507
Origen 6,2026-03-21 09:00:00,229.92343,304.66113,339.0665
Origen 6,2026-03-21 10:00:00,278.35843,304.66113,338.1507
Origen 6,2026-03-21 11:00:00,304.35843,304.7947,338.1507
Origen 6,2026-03-21 12:00:00,260.50443,304.7947,338.1507
Origen 6,2026-03-21 13:00:00,278.35843,304.7759,338.99536
Origen 6,2026-03-21 14:00:00,325.45843,327.44226,347.67056
Origen 6,2026-03-21 15:00:00,346.45843,327.44226,347.8835
Origen 6,2026-03-21 16:00:00,346.45843,327.44226,347.8835
Origen 6,2026-03-21 17:00:00,350.45843,329.34122,374.55292
Origen 6,2026-03-21 18:00:00,375.45843,332.01166,377.14383
Origen 6,2026-03-21 19:00:00,375.45843,334.59634,377.3
Origen 6,2026-03-21 20:00:00,375.45843,335.4709,377.3
Origen 6,2026-03-21 21:00:00,350.45843,334.07996,374.70798
Origen 6,2026-03-21 22:00:00,346.45843,334.44977,374.4786
Origen 6,2026-03-21 23:00:00,346.45843,333.7814,348.27356
Origen 6,2026-03-22 00:00:00,331.85997,333.44052,347.35956
Origen 6,2026-03-22 01:00:00,331.85997,332.20105,346.92157
Origen 6,2026-03-22 02:00:00,366.85997,310.2743,337.20004
Origen 6,2026-03-22 03:00:00,331.85997,308.82983,336.79608
Origen 6,2026-03-22 04:00:00,331.85997,330.16296,345.6422
Origen 6,2026-03-22 05:00:00,331.85997,333.29108,346.6178
Origen 6,2026-03-22 06:00:00,331.85997,329.613,345.8963
Origen 6,2026-03-22 07:00:00,261.85997,309.9725,334.94656
Origen 6,2026-03-22 08:00:00,110.08097,258.78442,250.70029
Origen 6,2026-03-22 09:00:00,110.08097,258.3731,244.01195
Origen 6,2026-03-22 10:00:00,110.08097,277.06375,281.7871
Origen 6,2026-03-22 11:00:00,259.70797,289.1173,301.51016
Origen 6,2026-03-22 12:00:00,261.85997,268.2871,268.216
Origen 6,2026-03-22 13:00:00,261.85997,276.94012,284.27252
Origen 6,2026-03-22 14:00:00,261.85997,300.91205,323.62744
Origen 6,2026-03-22 15:00:00,331.85997,320.4772,332.51724
Origen 6,2026-03-22 16:00:00,366.85997,321.66678,335.21646
Origen 6,2026-03-22 17:00:00,366.85997,321.2817,337.5659
Origen 6,2026-03-22 18:00:00,383.85997,320.4685,348.40063
Origen 6,2026-03-22 19:00:00,383.85997,320.4685,349.83496
Origen 6,2026-03-22 20:00:00,383.85997,320.4685,349.83496
Origen 6,2026-03-22 21:00:00,383.85997,320.73236,336.81293
Origen 6,2026-03-22 22:00:00,366.85997,320.39987,336.5097
Origen 6,2026-03-22 23:00:00,366.85997,319.27637,335.38287
Origen 6,2026-03-23 00:00:00,376.5061,318.06485,343.6601
Origen 6,2026-03-23 01:00:00,376.5061,314.48685,340.12616
Origen 6,2026-03-23 02:00:00,376.5061,331.44397,345.0178
Origen 6,2026-03-23 03:00:00,336.5061,310.46048,330.38184
Origen 6,2026-03-23 04:00:00,336.5061,313.34488,338.27325
Origen 6,2026-03-23 05:00:00,336.5061,319.9437,347.344
Origen 6,2026-03-23 06:00:00,336.5061,318.05316,350.13568
Origen 6,2026-03-23 07:00:00,266.5061,282.18808,296.4601
Origen 6,2026-03-23 08:00:00,114.7271,194.2413,170.30159
Origen 6,2026-03-23 09:00:00,114.7271,195.59296,170.30159
Origen 6,2026-03-23 10:00:00,114.7271,194.86852,177.25603
Origen 6,2026-03-23 11:00:00,289.4061,284.17618,297.5008
Origen 6,2026-03-23 12:00:00,266.5061,284.17618,297.7516
Origen 6,2026-03-23 13:00:00,266.5061,284.38098,304.01117
Origen 6,2026-03-23 14:00:00,266.5061,285.42798,308.35367
Origen 6,2026-03-23 15:00:00,315.4061,318.07468,366.9334
Origen 6,2026-03-23 16:00:00,376.5061,339.76178,387.48093
Origen 6,2026-03-23 17:00:00,392.4261,339.56693,387.48093
Origen 6,2026-03-23 18:00:00,393.5061,342.39258,406.27045
Origen 6,2026-03-23 19:00:00,407.6171,345.0798,411.51636
Origen 6,2026-03-23 20:00:00,393.5061,339.42624,404.16238
Origen 6,2026-03-23 21:00:00,393.5061,338.83197,402.62222
Origen 6,2026-03-23 22:00:00,392.4261,335.7128,382.98605
Origen 6,2026-03-23 23:00:00,392.4261,334.48135,380.64197
Origen 6,2026-03-24 00:00:00,114.49924,337.42908,362.286
Origen 6,2026-03-24 01:00:00,114.49924,334.29446,361.44092
Origen 6,2026-03-24 02:00:00,114.49924,330.83667,351.85706
Origen 6,2026-03-24 03:00:00,114.49924,308.82104,332.63126
Origen 6,2026-03-24 04:00:00,114.59024,308.2865,336.39948
Origen 6,2026-03-24 05:00:00,266.36924,311.0802,340.37943
Origen 6,2026-03-24 06:00:00,266.36924,311.38074,340.7294
Origen 6,2026-03-24 07:00:00,270.62924,284.39072,287.0396
Origen 6,2026-03-24 08:00:00,271.41524,197.40685,183.34338
Origen 6,2026-03-24 09:00:00,266.36924,197.99162,177.71236
Origen 6,2026-03-24 10:00:00,266.36924,198.26776,177.8162
Origen 6,2026-03-24 11:00:00,266.36924,299.85303,311.0891
Origen 6,2026-03-24 12:00:00,264.21724,288.37985,287.17258
Origen 6,2026-03-24 13:00:00,266.36924,288.58768,296.552
Origen 6,2026-03-24 14:00:00,381.36924,289.7183,297.8247
Origen 6,2026-03-24 15:00:00,388.07724,324.2575,344.34445
Origen 6,2026-03-24 16:00:00,388.07724,344.43472,376.58124
Origen 6,2026-03-24 17:00:00,388.36924,346.7894,390.0626
Origen 6,2026-03-24 18:00:00,429.36924,347.01865,390.0626
Origen 6,2026-03-24 19:00:00,516.36924,348.926,397.9006
Origen 6,2026-03-24 20:00:00,396.36924,344.01227,387.9498
Origen 6,2026-03-24 21:00:00,388.36924,343.40994,383.83685
Origen 6,2026-03-24 22:00:00,388.07724,342.82797,382.75256
Origen 6,2026-03-24 23:00:00,381.36924,339.469,374.37006
Origen 6,2026-03-25 00:00:00,186.70675,192.00209,176.77954
Origen 6,2026-03-25 01:00:00,254.55475,187.97607,174.87352
Origen 6,2026-03-25 02:00:00,254.55475,180.91756,172.09538
Origen 6,2026-03-25 03:00:00,261.75275,175.34303,168.55959
Origen 6,2026-03-25 04:00:00,279.60675,165.1876,166.4982
Origen 6,2026-03-25 05:00:00,305.70675,254.26639,266.7207
Origen 6,2026-03-25 06:00:00,325.62675,245.71301,266.57806
Origen 6,2026-03-25 07:00:00,304.70675,247.39761,267.00488
Origen 6,2026-03-25 08:00:00,304.70675,262.9877,269.03998
Origen 6,2026-03-25 09:00:00,186.70675,271.62903,272.70544
Origen 6,2026-03-25 10:00:00,304.70675,277.70163,276.18497
Origen 6,2026-03-25 11:00:00,304.70675,280.0101,280.05124
Origen 6,2026-03-25 12:00:00,261.75275,281.3918,280.25375
Origen 6,2026-03-25 13:00:00,304.70675,281.59467,283.33835
Origen 6,2026-03-25 14:00:00,325.62675,337.1605,376.87976
Origen 6,2026-03-25 15:00:00,326.70675,340.73636,377.41733
Origen 6,2026-03-25 16:00:00,381.70675,341.43314,377.41733
Origen 6,2026-03-25 17:00:00,384.70675,340.65692,377.41733
Origen 6,2026-03-25 18:00:00,406.70675,400.77878,409.65387
Origen 6,2026-03-25 19:00:00,406.70675,450.9486,468.603
Origen 6,2026-03-25 20:00:00,406.70675,339.72403,384.63885
Origen 6,2026-03-25 21:00:00,384.70675,339.04208,384.06244
Origen 6,2026-03-25 22:00:00,381.70675,338.1865,382.91684
Origen 6,2026-03-25 23:00:00,325.62675,334.20935,376.69293
Origen 6,2026-03-26 00:00:00,290.73411,210.09,219.61545
Origen 6,2026-03-26 01:00:00,290.73411,274.03976,279.02127
Origen 6,2026-03-26 02:00:00,290.73411,270.1927,278.562
Origen 6,2026-03-26 03:00:00,290.73411,266.5177,277.4126
Origen 6,2026-03-26 04:00:00,290.73411,275.42957,292.00342
Origen 6,2026-03-26 05:00:00,292.72711,290.57095,314.62964
Origen 6,2026-03-26 06:00:00,290.73411,307.96796,334.66415
Origen 6,2026-03-26 07:00:00,290.73411,300.7771,315.4568
Origen 6,2026-03-26 08:00:00,262.72711,306.5082,317.3071
Origen 6,2026-03-26 09:00:00,260.57511,216.45462,222.31624
Origen 6,2026-03-26 10:00:00,262.72711,312.81476,322.7732
Origen 6,2026-03-26 11:00:00,290.73411,314.5665,325.4574
Origen 6,2026-03-26 12:00:00,285.62711,293.10403,290.1618
Origen 6,2026-03-26 13:00:00,290.73411,315.33765,330.2437
Origen 6,2026-03-26 14:00:00,290.73411,328.84174,352.19562
Origen 6,2026-03-26 15:00:00,331.72711,323.16235,353.06378
Origen 6,2026-03-26 16:00:00,332.72711,345.3529,389.27365
Origen 6,2026-03-26 17:00:00,367.72711,345.57678,389.27365
Origen 6,2026-03-26 18:00:00,367.72711,345.57678,389.50107
Origen 6,2026-03-26 19:00:00,462.72711,343.47153,389.50107
Origen 6,2026-03-26 20:00:00,367.72711,340.49585,388.14987
Origen 6,2026-03-26 21:00:00,367.72711,340.05334,387.56818
Origen 6,2026-03-26 22:00:00,332.72711,340.05334,386.99313
Origen 6,2026-03-26 23:00:00,320.72711,313.71835,345.12836
Origen 6,2026-03-27 00:00:00,265.74992,279.49133,292.0105
Origen 6,2026-03-27 01:00:00,265.74992,277.40268,290.17896
Origen 6,2026-03-27 02:00:00,265.74992,274.56595,289.15784
Origen 6,2026-03-27 03:00:00,263.75092,274.36975,288.4376
Origen 6,2026-03-27 04:00:00,265.74992,282.0322,289.48477
Origen 6,2026-03-27 05:00:00,265.74992,281.15848,294.29037
Origen 6,2026-03-27 06:00:00,265.74992,279.85382,294.2132
Origen 6,2026-03-27 07:00:00,265.74992,280.48798,295.11343
Origen 6,2026-03-27 08:00:00,265.74992,265.5431,276.1497
Origen 6,2026-03-27 09:00:00,265.74992,266.17963,276.47525
Origen 6,2026-03-27 10:00:00,265.74992,266.17963,276.3735
Origen 6,2026-03-27 11:00:00,265.74992,280.47342,294.4104
Origen 6,2026-03-27 12:00:00,263.75092,275.1283,292.9346
Origen 6,2026-03-27 13:00:00,265.74992,281.33505,298.10928
Origen 6,2026-03-27 14:00:00,270.79692,281.70557,298.8927
Origen 6,2026-03-27 15:00:00,294.75092,297.8872,335.92032
Origen 6,2026-03-27 16:00:00,305.75092,297.8872,336.04404
Origen 6,2026-03-27 17:00:00,305.75092,317.25568,349.81308
Origen 6,2026-03-27 18:00:00,333.75092,317.25568,346.29648
Origen 6,2026-03-27 19:00:00,335.75092,389.6506,390.77557
Origen 6,2026-03-27 20:00:00,305.75092,316.8245,344.30997
Origen 6,2026-03-27 21:00:00,305.75092,316.8245,342.87323
Origen 6,2026-03-27 22:00:00,305.75092,297.48236,328.9368
Origen 6,2026-03-27 23:00:00,294.75092,296.07626,321.44815
Origen 6,2026-03-28 00:00:00,198.48526,259.4348,261.62164
Origen 6,2026-03-28 01:00:00,198.48526,258.8811,261.70758
Origen 6,2026-03-28 02:00:00,198.48526,257.6679,260.551
Origen 6,2026-03-28 03:00:00,198.48526,256.24805,260.3345
Origen 6,2026-03-28 04:00:00,212.48526,257.8054,260.89734
Origen 6,2026-03-28 05:00:00,213.48526,259.47122,261.78073
Origen 6,2026-03-28 06:00:00,198.48526,259.47122,261.6724
Origen 6,2026-03-28 07:00:00,198.48526,260.78912,262.69794
Origen 6,2026-03-28 08:00:00,116.70626,260.47147,259.5858
Origen 6,2026-03-28 09:00:00,116.70626,260.47147,259.5858
Origen 6,2026-03-28 10:00:00,116.70626,261.04068,260.01666
Origen 6,2026-03-28 11:00:00,116.70626,261.1551,263.02963
Origen 6,2026-03-28 12:00:00,116.70626,261.1551,260.09552
Origen 6,2026-03-28 13:00:00,117.32926,261.2352,264.03995
Origen 6,2026-03-28 14:00:00,198.48526,262.30243,267.47983
Origen 6,2026-03-28 15:00:00,212.48526,278.63928,291.39807
Origen 6,2026-03-28 16:00:00,215.48626,280.62842,300.78094
Origen 6,2026-03-28 17:00:00,288.48526,280.62842,300.78094
Origen 6,2026-03-28 18:00:00,288.48526,291.31024,320.91943
Origen 6,2026-03-28 19:00:00,313.48526,292.84116,322.18796
Origen 6,2026-03-28 20:00:00,288.48526,281.30234,302.8135
Origen 6,2026-03-28 21:00:00,288.48526,276.94382,300.47577
Origen 6,2026-03-28 22:00:00,288.48526,274.84955,300.20523
Origen 6,2026-03-28 23:00:00,215.48626,270.01495,288.4694
Origen 6,2026-03-29 00:00:00,170.45135,206.24333,209.17546
Origen 6,2026-03-29 01:00:00,108.67235,204.82176,209.37126
Origen 6,2026-03-29 02:00:00,170.45135,203.55127,208.10597
Origen 6,2026-03-29 03:00:00,170.45135,200.99612,203.63527
Origen 6,2026-03-29 04:00:00,170.45135,227.80623,219.21767
Origen 6,2026-03-29 05:00:00,170.45135,228.5244,219.121
Origen 6,2026-03-29 06:00:00,108.03435,201.94257,204.44638
Origen 6,2026-03-29 07:00:00,108.03435,199.88199,202.41971
Origen 6,2026-03-29 08:00:00,108.03435,152.4573,148.44225
Origen 6,2026-03-29 09:00:00,102.10735,153.77193,148.30449
Origen 6,2026-03-29 10:00:00,102.10735,154.71808,148.20157
Origen 6,2026-03-29 11:00:00,102.10735,168.10118,163.32137
Origen 6,2026-03-29 12:00:00,108.03135,165.04976,163.32137
Origen 6,2026-03-29 13:00:00,108.03435,166.62163,163.23502
Origen 6,2026-03-29 14:00:00,108.03435,199.9531,204.24965
Origen 6,2026-03-29 15:00:00,110.10735,223.45056,219.43375
Origen 6,2026-03-29 16:00:00,189.95135,223.6163,223.26236
Origen 6,2026-03-29 17:00:00,203.45135,249.57088,275.52612
Origen 6,2026-03-29 18:00:00,207.45235,248.30244,274.43912
Origen 6,2026-03-29 19:00:00,207.45235,267.1991,295.91013
Origen 6,2026-03-29 20:00:00,207.45235,248.58652,274.55273
Origen 6,2026-03-29 21:00:00,207.45235,248.58652,274.55273
Origen 6,2026-03-29 22:00:00,207.45235,248.58652,274.30554
Origen 6,2026-03-29 23:00:00,203.45135,221.32188,219.03464
Origen 6,2026-03-30 00:00:00,184.66957,187.37523,210.68892
Origen 6,2026-03-30 01:00:00,171.66257,164.16548,170.57765
Origen 6,2026-03-30 02:00:00,184.66957,184.23433,207.4131
Origen 6,2026-03-30 03:00:00,184.66957,182.36493,202.7374
Origen 6,2026-03-30 04:00:00,184.66957,184.02632,205.44984
Origen 6,2026-03-30 05:00:00,184.66957,188.08833,210.45236
Origen 6,2026-03-30 06:00:00,184.66957,166.95557,169.231
Origen 6,2026-03-30 07:00:00,184.66957,169.43909,163.32994
Origen 6,2026-03-30 08:00:00,184.66957,156.3563,144.18993
Origen 6,2026-03-30 09:00:00,184.66957,153.39183,139.22316
Origen 6,2026-03-30 10:00:00,184.66957,154.1217,139.07605
Origen 6,2026-03-30 11:00:00,186.06257,167.32051,157.97081
Origen 6,2026-03-30 12:00:00,186.06257,170.10014,163.64519
Origen 6,2026-03-30 13:00:00,186.06257,170.00179,162.93864
Origen 6,2026-03-30 14:00:00,186.06257,171.2314,165.5798
Origen 6,2026-03-30 15:00:00,186.06257,171.74951,173.8032
Origen 6,2026-03-30 16:00:00,206.66257,191.1955,228.64714
Origen 6,2026-03-30 17:00:00,216.66257,210.85014,249.24014
Origen 6,2026-03-30 18:00:00,216.66257,212.75359,242.62962
Origen 6,2026-03-30 19:00:00,386.66257,212.85669,239.86316
Origen 6,2026-03-30 20:00:00,216.66257,211.01257,236.87048
Origen 6,2026-03-30 21:00:00,216.66257,210.64313,235.96783
Origen 6,2026-03-30 22:00:00,206.66257,208.81255,234.82228
Origen 6,2026-03-30 23:00:00,186.06257,206.47783,232.0261
Origen 6,2026-03-31 00:00:00,195.01362,174.66992,180.18344
Origen 6,2026-03-31 01:00:00,195.01362,173.1195,173.5911
Origen 6,2026-03-31 02:00:00,195.01362,171.67819,177.97914
Origen 6,2026-03-31 03:00:00,195.01362,169.71652,176.87895
Origen 6,2026-03-31 04:00:00,195.01362,170.07458,177.65524
Origen 6,2026-03-31 05:00:00,195.01362,177.08156,190.70862
Origen 6,2026-03-31 06:00:00,195.01362,176.91522,192.52083
Origen 6,2026-03-31 07:00:00,195.01362,179.76363,196.14296
Origen 6,2026-03-31 08:00:00,189.41362,181.75075,198.75905
Origen 6,2026-03-31 09:00:00,189.41362,182.41739,201.93266
Origen 6,2026-03-31 10:00:00,189.41362,186.09721,202.66182
Origen 6,2026-03-31 11:00:00,195.01362,186.58572,203.11101
Origen 6,2026-03-31 12:00:00,195.01362,186.58572,203.17262
Origen 6,2026-03-31 13:00:00,195.01362,186.72021,208.9698
Origen 6,2026-03-31 14:00:00,195.01362,187.57011,218.82259
Origen 6,2026-03-31 15:00:00,197.42062,187.57011,219.50626
Origen 6,2026-03-31 16:00:00,199.41362,209.01883,241.61734
Origen 6,2026-03-31 17:00:00,274.45962,219.45813,243.30937
Origen 6,2026-03-31 18:00:00,239.41362,219.45813,243.30937
Origen 6,2026-03-31 19:00:00,399.41362,287.3687,363.26184
Origen 6,2026-03-31 20:00:00,199.41362,216.73099,242.13577
Origen 6,2026-03-31 21:00:00,199.41362,216.35152,241.21306
Origen 6,2026-03-31 22:00:00,197.42062,205.94183,238.98022
Origen 6,2026-03-31 23:00:00,197.42062,182.91037,211.69142
Origen 6,2026-04-01 00:00:00,166.41431,179.93582,203.50566
Origen 6,2026-04-01 01:00:00,166.41431,178.12848,206.1521
Origen 6,2026-04-01 02:00:00,166.41431,176.47842,203.7623
Origen 6,2026-04-01 03:00:00,166.41431,170.77983,203.6809
Origen 6,2026-04-01 04:00:00,166.41431,170.80034,203.8238
Origen 6,2026-04-01 05:00:00,166.41431,170.10825,207.03792
Origen 6,2026-04-01 06:00:00,166.41431,167.70807,206.60901
Origen 6,2026-04-01 07:00:00,166.41431,171.862,207.16382
Origen 6,2026-04-01 08:00:00,111.36131,176.71355,202.1848
Origen 6,2026-04-01 09:00:00,111.36131,176.92409,197.20044
Origen 6,2026-04-01 10:00:00,111.36131,180.58487,206.4412
Origen 6,2026-04-01 11:00:00,113.79731,181.68878,213.0223
Origen 6,2026-04-01 12:00:00,115.56331,181.80466,210.43893
Origen 6,2026-04-01 13:00:00,166.41431,182.58064,218.49738
Origen 6,2026-04-01 14:00:00,176.41431,183.95131,223.30666
Origen 6,2026-04-01 15:00:00,176.41431,188.59657,224.04546
Origen 6,2026-04-01 16:00:00,176.41431,192.27138,230.95229
Origen 6,2026-04-01 17:00:00,192.41431,244.29076,279.79324
Origen 6,2026-04-01 18:00:00,256.41431,231.95885,264.7346
Origen 6,2026-04-01 19:00:00,256.41431,282.48938,365.35718
Origen 6,2026-04-01 20:00:00,192.41431,190.42676,230.36827
Origen 6,2026-04-01 21:00:00,192.41431,190.09334,229.91963
Origen 6,2026-04-01 22:00:00,186.91431,186.17293,224.3648
Origen 6,2026-04-01 23:00:00,176.41431,183.13902,214.47652
Origen 6,2026-04-02 00:00:00,155.6678,176.03668,193.88605
Origen 6,2026-04-02 01:00:00,155.6678,173.99751,191.53896
Origen 6,2026-04-02 02:00:00,155.6678,169.4159,190.6577
Origen 6,2026-04-02 03:00:00,155.6678,167.82983,190.32335
Origen 6,2026-04-02 04:00:00,155.6678,168.37144,191.02971
Origen 6,2026-04-02 05:00:00,155.6678,175.22183,192.18182
Origen 6,2026-04-02 06:00:00,155.6678,177.99467,193.45589
Origen 6,2026-04-02 07:00:00,125.6678,181.00108,194.78296
Origen 6,2026-04-02 08:00:00,123.0508,158.08469,158.2383
Origen 6,2026-04-02 09:00:00,120.6148,155.52008,157.70123
Origen 6,2026-04-02 10:00:00,123.0508,156.92838,157.57353
Origen 6,2026-04-02 11:00:00,125.6678,157.42114,161.34482
Origen 6,2026-04-02 12:00:00,125.6678,160.04718,162.48462
Origen 6,2026-04-02 13:00:00,125.6678,182.72408,195.42747
Origen 6,2026-04-02 14:00:00,155.6678,183.11774,202.18875
Origen 6,2026-04-02 15:00:00,155.6678,186.13866,205.29384
Origen 6,2026-04-02 16:00:00,155.6678,186.13866,205.16858
Origen 6,2026-04-02 17:00:00,165.5678,186.0319,213.60744
Origen 6,2026-04-02 18:00:00,180.7788,240.32033,269.40213
Origen 6,2026-04-02 19:00:00,180.7788,237.08473,267.9327
Origen 6,2026-04-02 20:00:00,180.7788,181.11865,212.41835
Origen 6,2026-04-02 21:00:00,165.5678,180.80156,209.2821
Origen 6,2026-04-02 22:00:00,165.5678,180.66333,204.3272
Origen 6,2026-04-02 23:00:00,165.5678,180.61647,195.31087
Origen 6,2026-04-03 00:00:00,146.09312,166.76804,163.45833
Origen 6,2026-04-03 01:00:00,146.09312,166.14163,162.76083
Origen 6,2026-04-03 02:00:00,146.09312,163.04684,162.02643
Origen 6,2026-04-03 03:00:00,146.09312,157.92601,161.99043
Origen 6,2026-04-03 04:00:00,146.09312,161.18227,162.48183
Origen 6,2026-04-03 05:00:00,146.09312,161.70111,164.04865
Origen 6,2026-04-03 06:00:00,123.47612,162.17848,164.54967
Origen 6,2026-04-03 07:00:00,117.24212,150.77312,149.96355
Origen 6,2026-04-03 08:00:00,117.24212,152.54544,150.32875
Origen 6,2026-04-03 09:00:00,117.24212,146.57411,150.36703
Origen 6,2026-04-03 10:00:00,117.24212,153.82135,151.62437
Origen 6,2026-04-03 11:00:00,117.24212,153.64952,152.5538
Origen 6,2026-04-03 12:00:00,117.24212,153.64952,152.5538
Origen 6,2026-04-03 13:00:00,117.24212,153.00627,152.8457
Origen 6,2026-04-03 14:00:00,121.04012,164.88016,168.48283
Origen 6,2026-04-03 15:00:00,123.47612,165.32544,170.43343
Origen 6,2026-04-03 16:00:00,146.09312,168.07153,173.06363
Origen 6,2026-04-03 17:00:00,147.09312,171.17801,184.59662
Origen 6,2026-04-03 18:00:00,176.09312,171.90092,186.26724
Origen 6,2026-04-03 19:00:00,176.20412,172.10457,186.33963
Origen 6,2026-04-03 20:00:00,176.20412,172.10457,186.72806
Origen 6,2026-04-03 21:00:00,176.20412,171.2594,185.83287
Origen 6,2026-04-03 22:00:00,176.09312,171.2594,185.71878
Origen 6,2026-04-03 23:00:00,161.09312,167.34157,180.70435
Origen 6,2026-04-04 00:00:00,143.28764,163.6413,151.46265
Origen 6,2026-04-04 01:00:00,143.28764,161.67682,151.3566
Origen 6,2026-04-04 02:00:00,143.28764,160.34914,151.29504
Origen 6,2026-04-04 03:00:00,143.28764,156.38196,151.23459
Origen 6,2026-04-04 04:00:00,143.28764,160.21614,151.60043
Origen 6,2026-04-04 05:00:00,143.28764,162.93399,151.74799
Origen 6,2026-04-04 06:00:00,132.28764,144.3155,139.66307
Origen 6,2026-04-04 07:00:00,132.28764,137.88766,136.50716
Origen 6,2026-04-04 08:00:00,132.28764,132.22018,129.76053
Origen 6,2026-04-04 09:00:00,132.28764,133.58383,129.76053
Origen 6,2026-04-04 10:00:00,132.28764,134.16728,129.76053
Origen 6,2026-04-04 11:00:00,132.28764,131.45166,129.6345
Origen 6,2026-04-04 12:00:00,132.28764,131.50056,129.6345
Origen 6,2026-04-04 13:00:00,132.28764,131.68266,130.20325
Origen 6,2026-04-04 14:00:00,143.28764,138.76617,139.07513
Origen 6,2026-04-04 15:00:00,147.28764,153.9006,146.51338
Origen 6,2026-04-04 16:00:00,160.28764,167.11281,154.33366
Origen 6,2026-04-04 17:00:00,162.28764,167.39073,157.57368
Origen 6,2026-04-04 18:00:00,178.28764,175.97726,178.04332
Origen 6,2026-04-04 19:00:00,178.28764,179.87158,183.0312
Origen 6,2026-04-04 20:00:00,162.28764,176.08295,178.11702
Origen 6,2026-04-04 21:00:00,162.28764,176.70605,178.11702
Origen 6,2026-04-04 22:00:00,162.28764,177.97421,177.7176
Origen 6,2026-04-04 23:00:00,162.28764,167.77509,163.88406
Origen 6,2026-04-05 00:00:00,134.15781,160.59506,148.91647
Origen 6,2026-04-05 01:00:00,133.15781,151.2822,142.03091
Origen 6,2026-04-05 02:00:00,133.15781,149.18207,148.72244
Origen 6,2026-04-05 03:00:00,122.15781,146.10143,148.22305
Origen 6,2026-04-05 04:00:00,122.15781,146.10143,148.22305
Origen 6,2026-04-05 05:00:00,133.15781,146.18748,148.07188
Origen 6,2026-04-05 06:00:00,122.15781,127.812386,138.48366
Origen 6,2026-04-05 07:00:00,122.15781,128.66891,137.95764
Origen 6,2026-04-05 08:00:00,122.15781,131.57227,138.4484
Origen 6,2026-04-05 09:00:00,110.28781,130.5689,137.99336
Origen 6,2026-04-05 10:00:00,122.15781,133.419,138.04851
Origen 6,2026-04-05 11:00:00,122.15781,134.59558,138.18556
Origen 6,2026-04-05 12:00:00,122.15781,136.16196,138.60771
Origen 6,2026-04-05 13:00:00,122.15781,136.60999,139.45291
Origen 6,2026-04-05 14:00:00,122.15781,156.46333,141.80028
Origen 6,2026-04-05 15:00:00,133.15781,156.56088,143.70279
Origen 6,2026-04-05 16:00:00,134.15781,157.54018,161.22954
Origen 6,2026-04-05 17:00:00,142.15781,164.32867,164.4519
Origen 6,2026-04-05 18:00:00,142.15781,171.02975,171.9857
Origen 6,2026-04-05 19:00:00,157.15781,169.54958,171.88977
Origen 6,2026-04-05 20:00:00,142.15781,163.74704,162.36867
Origen 6,2026-04-05 21:00:00,142.15781,163.55565,162.52654
Origen 6,2026-04-05 22:00:00,142.15781,161.4424,162.2477
Origen 6,2026-04-05 23:00:00,142.15781,160.45972,161.802
Origen 6,2026-04-06 00:00:00,140.80127,146.25421,149.70134
Origen 6,2026-04-06 01:00:00,131.80127,140.68591,148.65637
Origen 6,2026-04-06 02:00:00,131.80127,137.23128,148.5843
Origen 6,2026-04-06 03:00:00,131.80127,136.43883,138.74527
Origen 6,2026-04-06 04:00:00,140.80127,135.7751,138.8956
Origen 6,2026-04-06 05:00:00,140.80127,136.97455,150.21117
Origen 6,2026-04-06 06:00:00,140.80127,136.92133,140.21945
Origen 6,2026-04-06 07:00:00,140.80127,137.96033,140.3823
Origen 6,2026-04-06 08:00:00,140.80127,141.04561,141.55687
Origen 6,2026-04-06 09:00:00,140.80127,135.40701,130.23381
Origen 6,2026-04-06 10:00:00,140.80127,145.65742,142.43825
Origen 6,2026-04-06 11:00:00,140.80127,149.20042,142.88744
Origen 6,2026-04-06 12:00:00,140.80127,145.72794,144.02116
Origen 6,2026-04-06 13:00:00,140.80127,144.65201,146.03784
Origen 6,2026-04-06 14:00:00,150.80127,144.751,146.65633
Origen 6,2026-04-06 15:00:00,151.80127,144.22603,157.42084
Origen 6,2026-04-06 16:00:00,195.80127,148.27742,159.9168
Origen 6,2026-04-06 17:00:00,195.80127,156.67587,161.75578
Origen 6,2026-04-06 18:00:00,200.80127,158.00684,163.55992
Origen 6,2026-04-06 19:00:00,195.80127,165.24615,194.6824
Origen 6,2026-04-06 20:00:00,1175.43727,157.0149,162.28886
Origen 6,2026-04-06 21:00:00,570.80127,156.58319,161.21509
Origen 6,2026-04-06 22:00:00,195.80127,155.32755,157.977
Origen 6,2026-04-06 23:00:00,151.80127,147.96014,154.0588
Origen 6,2026-04-07 00:00:00,137.09785,137.72548,150.41544
Origen 6,2026-04-07 01:00:00,137.09785,134.84213,149.91835
Origen 6,2026-04-07 02:00:00,137.09785,132.38452,148.51886
Origen 6,2026-04-07 03:00:00,137.09785,131.62955,148.51886
Origen 6,2026-04-07 04:00:00,137.09785,132.48512,149.49062
Origen 6,2026-04-07 05:00:00,149.98685,133.28058,150.91797
Origen 6,2026-04-07 06:00:00,149.98685,133.28058,150.12852
Origen 6,2026-04-07 07:00:00,149.98685,134.09494,151.42696
Origen 6,2026-04-07 08:00:00,137.09785,138.56786,152.1411
Origen 6,2026-04-07 09:00:00,137.09785,140.08812,153.19077
Origen 6,2026-04-07 10:00:00,137.09785,141.70235,153.9643
Origen 6,2026-04-07 11:00:00,149.98685,142.41312,154.59035
Origen 6,2026-04-07 12:00:00,149.98685,145.28964,154.86848
Origen 6,2026-04-07 13:00:00,149.98685,145.9836,155.43481
Origen 6,2026-04-07 14:00:00,158.98685,162.49353,161.49791
Origen 6,2026-04-07 15:00:00,158.98685,166.19638,161.78981
Origen 6,2026-04-07 16:00:00,398.98685,174.65494,192.95038
Origen 6,2026-04-07 17:00:00,398.98685,184.85127,200.10818
Origen 6,2026-04-07 18:00:00,1091.02085,196.55258,203.44589
Origen 6,2026-04-07 19:00:00,1091.02085,189.91313,208.36195
Origen 6,2026-04-07 20:00:00,274.03285,337.9316,659.28827
Origen 6,2026-04-07 21:00:00,189.48685,335.89023,433.24707
Origen 6,2026-04-07 22:00:00,158.98685,185.0594,203.29974
Origen 6,2026-04-07 23:00:00,158.98685,176.1141,167.16054
Origen 6,2026-04-08 00:00:00,207.3678,157.14598,157.70064
Origen 6,2026-04-08 01:00:00,187.3678,155.83498,156.14879
Origen 6,2026-04-08 02:00:00,187.3678,150.97275,155.89177
Origen 6,2026-04-08 03:00:00,187.3678,145.07213,155.47633
Origen 6,2026-04-08 04:00:00,207.3678,144.9738,155.38812
Origen 6,2026-04-08 05:00:00,207.3678,159.93816,162.11446
Origen 6,2026-04-08 06:00:00,237.3678,160.18504,161.03958
Origen 6,2026-04-08 07:00:00,237.3678,160.16344,161.97513
Origen 6,2026-04-08 08:00:00,207.3678,144.64711,152.97198
Origen 6,2026-04-08 09:00:00,207.3678,148.29332,153.01416
Origen 6,2026-04-08 10:00:00,207.3678,148.56717,154.02356
Origen 6,2026-04-08 11:00:00,237.3678,170.72284,162.17831
Origen 6,2026-04-08 12:00:00,207.3678,171.57753,162.0963
Origen 6,2026-04-08 13:00:00,207.3678,171.9397,165.74521
Origen 6,2026-04-08 14:00:00,237.3678,173.81398,177.66328
Origen 6,2026-04-08 15:00:00,237.3678,173.81398,178.07617
Origen 6,2026-04-08 16:00:00,237.3678,260.66754,320.53406
Origen 6,2026-04-08 17:00:00,272.4138,259.54233,322.06967
Origen 6,2026-04-08 18:00:00,397.3678,353.43686,637.4529
Origen 6,2026-04-08 19:00:00,1161.9998,357.291,666.9481
Origen 6,2026-04-08 20:00:00,397.3678,247.7969,256.90616
Origen 6,2026-04-08 21:00:00,237.3678,178.54713,200.49394
Origen 6,2026-04-08 22:00:00,237.3678,173.18597,182.53728
Origen 6,2026-04-08 23:00:00,207.3678,169.99814,176.52936
Origen 6,2026-04-09 00:00:00,202.13742,194.49672,204.8837
Origen 6,2026-04-09 01:00:00,202.13742,168.46967,186.80296
Origen 6,2026-04-09 02:00:00,202.13742,168.53644,186.48007
Origen 6,2026-04-09 03:00:00,202.13742,165.5464,186.67204
Origen 6,2026-04-09 04:00:00,202.13742,195.53383,206.0714
Origen 6,2026-04-09 05:00:00,255.13742,201.78731,209.85162
Origen 6,2026-04-09 06:00:00,255.13742,233.77278,231.81773
Origen 6,2026-04-09 07:00:00,236.63742,245.85657,236.01398
Origen 6,2026-04-09 08:00:00,236.63742,218.1838,217.41577
Origen 6,2026-04-09 09:00:00,202.13742,218.1838,217.78839
Origen 6,2026-04-09 10:00:00,236.63742,218.94638,220.19911
Origen 6,2026-04-09 11:00:00,255.13742,255.40926,242.29909
Origen 6,2026-04-09 12:00:00,255.13742,219.45193,223.2846
Origen 6,2026-04-09 13:00:00,255.13742,219.538,226.44878
Origen 6,2026-04-09 14:00:00,255.13742,254.51726,250.67744
Origen 6,2026-04-09 15:00:00,255.13742,254.00221,250.90335
Origen 6,2026-04-09 16:00:00,255.13742,253.92822,251.03032
Origen 6,2026-04-09 17:00:00,268.13742,268.17328,264.30206
Origen 6,2026-04-09 18:00:00,1079.17142,280.46432,334.9239
Origen 6,2026-04-09 19:00:00,457.13742,348.9368,613.6686
Origen 6,2026-04-09 20:00:00,372.11742,293.73422,336.05157
Origen 6,2026-04-09 21:00:00,268.13742,248.93608,242.68633
Origen 6,2026-04-09 22:00:00,255.13742,251.31657,242.46783
Origen 6,2026-04-09 23:00:00,255.13742,216.22878,218.9233
Origen 6,2026-04-10 00:00:00,256.01145,200.8233,206.64162
Origen 6,2026-04-10 01:00:00,256.01145,200.08575,207.37721
Origen 6,2026-04-10 02:00:00,256.01145,199.90504,206.9333
Origen 6,2026-04-10 03:00:00,256.01145,199.9265,208.68593
Origen 6,2026-04-10 04:00:00,256.01145,206.392,209.26945
Origen 6,2026-04-10 05:00:00,267.45145,243.844,251.90878
Origen 6,2026-04-10 06:00:00,266.01145,245.68724,251.90878
Origen 6,2026-04-10 07:00:00,256.01145,242.20586,235.48148
Origen 6,2026-04-10 08:00:00,256.01145,242.20586,235.77876
Origen 6,2026-04-10 09:00:00,256.01145,210.77486,213.68143
Origen 6,2026-04-10 10:00:00,256.01145,242.20586,235.77876
Origen 6,2026-04-10 11:00:00,266.01145,246.9893,251.85364
Origen 6,2026-04-10 12:00:00,266.01145,246.9893,254.2921
Origen 6,2026-04-10 13:00:00,268.01145,247.25067,257.38596
Origen 6,2026-04-10 14:00:00,268.01145,248.46436,261.05276
Origen 6,2026-04-10 15:00:00,268.01145,249.4663,261.49603
Origen 6,2026-04-10 16:00:00,279.01145,249.4663,261.84814
Origen 6,2026-04-10 17:00:00,279.01145,249.16945,261.99042
Origen 6,2026-04-10 18:00:00,1090.04545,360.2724,622.2473
Origen 6,2026-04-10 19:00:00,468.01145,333.64154,368.54755
Origen 6,2026-04-10 20:00:00,318.01145,287.8557,331.5026
Origen 6,2026-04-10 21:00:00,279.01145,248.59753,261.13046
Origen 6,2026-04-10 22:00:00,268.01145,249.8974,261.11636
Origen 6,2026-04-10 23:00:00,268.01145,248.8625,258.06332
Origen 6,2026-04-11 00:00:00,279.47077,242.8726,244.96593
Origen 6,2026-04-11 01:00:00,279.47077,242.56578,244.96593
Origen 6,2026-04-11 02:00:00,279.47077,241.06656,244.88043
Origen 6,2026-04-11 03:00:00,279.47077,240.84561,244.68726
Origen 6,2026-04-11 04:00:00,279.47077,241.79749,244.80453
Origen 6,2026-04-11 05:00:00,279.47077,242.10114,244.30963
Origen 6,2026-04-11 06:00:00,279.47077,242.49178,243.2102
Origen 6,2026-04-11 07:00:00,279.47077,243.33406,242.99979
Origen 6,2026-04-11 08:00:00,279.47077,244.403,243.30656
Origen 6,2026-04-11 09:00:00,279.47077,246.6593,243.17297
Origen 6,2026-04-11 10:00:00,279.47077,247.4329,243.04092
Origen 6,2026-04-11 11:00:00,279.47077,247.5685,242.91974
Origen 6,2026-04-11 12:00:00,279.47077,247.5685,242.72649
Origen 6,2026-04-11 13:00:00,266.47077,247.72626,244.62102
Origen 6,2026-04-11 14:00:00,266.47077,249.52577,245.7681
Origen 6,2026-04-11 15:00:00,279.47077,249.52577,245.77126
Origen 6,2026-04-11 16:00:00,279.47077,257.8016,258.56528
Origen 6,2026-04-11 17:00:00,290.47077,257.8016,258.56528
Origen 6,2026-04-11 18:00:00,354.97077,397.78146,578.1455
Origen 6,2026-04-11 19:00:00,355.27077,366.6702,346.103
Origen 6,2026-04-11 20:00:00,354.97077,279.84006,283.6283
Origen 6,2026-04-11 21:00:00,290.47077,259.68967,259.90475
Origen 6,2026-04-11 22:00:00,280.47077,250.86937,246.68492
Origen 6,2026-04-11 23:00:00,280.47077,248.62933,245.42014
Origen 6,2026-04-12 00:00:00,281.96721,255.41777,255.07895
Origen 6,2026-04-12 01:00:00,278.96721,255.56752,255.26096
Origen 6,2026-04-12 02:00:00,278.96721,254.77396,255.61163
Origen 6,2026-04-12 03:00:00,277.96721,253.82655,255.61163
Origen 6,2026-04-12 04:00:00,277.96721,255.13356,255.61163
Origen 6,2026-04-12 05:00:00,277.96721,255.82722,255.32144
Origen 6,2026-04-12 06:00:00,277.96721,255.86917,255.03748
Origen 6,2026-04-12 07:00:00,200.46721,255.87906,254.95528
Origen 6,2026-04-12 08:00:00,200.46721,256.16714,255.41742
Origen 6,2026-04-12 09:00:00,200.46721,258.26782,254.69135
Origen 6,2026-04-12 10:00:00,200.46721,257.86603,256.33737
Origen 6,2026-04-12 11:00:00,242.43621,255.81013,256.33737
Origen 6,2026-04-12 12:00:00,277.96721,253.86661,256.63934
Origen 6,2026-04-12 13:00:00,277.96721,247.02605,246.54816
Origen 6,2026-04-12 14:00:00,277.96721,253.0519,248.49063
Origen 6,2026-04-12 15:00:00,278.96721,261.44467,262.35107
Origen 6,2026-04-12 16:00:00,281.96721,261.44467,262.95676
Origen 6,2026-04-12 17:00:00,308.96721,268.13965,266.11996
Origen 6,2026-04-12 18:00:00,353.46721,299.37524,322.97348
Origen 6,2026-04-12 19:00:00,353.76721,300.7973,320.4558
Origen 6,2026-04-12 20:00:00,353.76721,304.7024,321.8067
Origen 6,2026-04-12 21:00:00,353.76721,270.38705,282.97095
Origen 6,2026-04-12 22:00:00,338.96721,264.36484,281.6286
Origen 6,2026-04-12 23:00:00,308.96721,263.0088,282.7271
Origen 6,2026-04-13 00:00:00,298.56081,284.9129,298.6132
Origen 6,2026-04-13 01:00:00,298.56081,284.7867,294.4855
Origen 6,2026-04-13 02:00:00,284.56081,282.90634,293.9772
Origen 6,2026-04-13 03:00:00,284.56081,282.2391,294.42947
Origen 6,2026-04-13 04:00:00,284.56081,284.18823,295.3208
Origen 6,2026-04-13 05:00:00,304.56081,287.28696,299.3159
Origen 6,2026-04-13 06:00:00,304.56081,287.01404,299.02545
Origen 6,2026-04-13 07:00:00,298.56081,224.36813,230.88889
Origen 6,2026-04-13 08:00:00,304.56081,224.11075,231.02884
Origen 6,2026-04-13 09:00:00,304.56081,224.04054,229.01671
Origen 6,2026-04-13 10:00:00,304.56081,222.34349,226.25468
Origen 6,2026-04-13 11:00:00,304.56081,265.21295,261.7443
Origen 6,2026-04-13 12:00:00,304.56081,279.44965,287.62167
Origen 6,2026-04-13 13:00:00,314.56081,279.01767,292.64545
Origen 6,2026-04-13 14:00:00,330.56081,281.33734,297.5919
Origen 6,2026-04-13 15:00:00,333.56081,284.34842,298.29486
Origen 6,2026-04-13 16:00:00,345.06081,286.09622,303.98767
Origen 6,2026-04-13 17:00:00,345.06081,298.28577,322.2062
Origen 6,2026-04-13 18:00:00,1081.59481,330.8671,352.37418
Origen 6,2026-04-13 19:00:00,1081.59481,329.16428,347.38226
Origen 6,2026-04-13 20:00:00,459.56081,329.3824,376.76584
Origen 6,2026-04-13 21:00:00,330.56081,331.84402,376.0612
Origen 6,2026-04-13 22:00:00,314.56081,309.3494,345.78036
Origen 6,2026-04-13 23:00:00,314.56081,295.69476,314.65665
Origen 6,2026-04-14 00:00:00,335.71938,292.59338,291.82858
Origen 6,2026-04-14 01:00:00,323.71938,290.89413,293.03
Origen 6,2026-04-14 02:00:00,323.71938,278.63184,285.11703
Origen 6,2026-04-14 03:00:00,323.71938,276.67322,283.107
Origen 6,2026-04-14 04:00:00,323.71938,276.41803,286.47913
Origen 6,2026-04-14 05:00:00,328.71938,291.86713,306.3923
Origen 6,2026-04-14 06:00:00,328.71938,294.62482,308.18066
Origen 6,2026-04-14 07:00:00,323.71938,296.40356,302.05338
Origen 6,2026-04-14 08:00:00,323.71938,301.11386,313.01425
Origen 6,2026-04-14 09:00:00,323.71938,302.4937,313.01425
Origen 6,2026-04-14 10:00:00,323.71938,305.17264,313.01425
Origen 6,2026-04-14 11:00:00,328.71938,305.30637,313.01425
Origen 6,2026-04-14 12:00:00,328.71938,305.30637,313.01425
Origen 6,2026-04-14 13:00:00,328.71938,316.57486,324.69943
Origen 6,2026-04-14 14:00:00,335.71938,318.0158,338.36618
Origen 6,2026-04-14 15:00:00,335.71938,318.0158,338.67108
Origen 6,2026-04-14 16:00:00,378.71938,340.10654,366.74136
Origen 6,2026-04-14 17:00:00,378.71938,339.9115,366.74136
Origen 6,2026-04-14 18:00:00,1150.80138,475.63528,756.53107
Origen 6,2026-04-14 19:00:00,1150.74838,476.59335,783.6353
Origen 6,2026-04-14 20:00:00,563.71938,418.66266,445.1032
Origen 6,2026-04-14 21:00:00,378.71938,327.53485,356.1797
Origen 6,2026-04-14 22:00:00,335.71938,327.53485,340.84363
Origen 6,2026-04-14 23:00:00,335.71938,323.0676,339.57907
Origen 6,2026-04-15 00:00:00,330.20876,322.95825,354.1944
Origen 6,2026-04-15 01:00:00,327.40876,318.65808,349.78824
Origen 6,2026-04-15 02:00:00,340.40876,316.37115,348.01874
Origen 6,2026-04-15 03:00:00,330.20876,311.10037,346.82565
Origen 6,2026-04-15 04:00:00,355.40876,312.0099,347.8827
Origen 6,2026-04-15 05:00:00,355.40876,312.0416,350.848
Origen 6,2026-04-15 06:00:00,355.40876,310.6591,350.1235
Origen 6,2026-04-15 07:00:00,355.40876,312.38623,349.7737
Origen 6,2026-04-15 08:00:00,355.40876,320.07983,348.64658
Origen 6,2026-04-15 09:00:00,355.40876,323.69476,349.87115
Origen 6,2026-04-15 10:00:00,355.40876,327.01398,352.6275
Origen 6,2026-04-15 11:00:00,355.40876,328.11655,354.03165
Origen 6,2026-04-15 12:00:00,340.40876,329.13635,355.9712
Origen 6,2026-04-15 13:00:00,355.40876,321.60376,362.7652
Origen 6,2026-04-15 14:00:00,355.40876,324.40985,365.89697
Origen 6,2026-04-15 15:00:00,355.40876,324.40985,366.48944
Origen 6,2026-04-15 16:00:00,375.40876,345.0178,399.72772
Origen 6,2026-04-15 17:00:00,385.40876,343.3685,400.94873
Origen 6,2026-04-15 18:00:00,390.40876,460.73825,779.7696
Origen 6,2026-04-15 19:00:00,1087.44276,465.79227,791.21796
Origen 6,2026-04-15 20:00:00,385.40876,455.5134,526.9655
Origen 6,2026-04-15 21:00:00,385.40876,342.14813,394.6093
Origen 6,2026-04-15 22:00:00,375.40876,322.10483,360.85626
Origen 6,2026-04-15 23:00:00,355.40876,317.1062,353.48898
Origen 6,2026-04-16 00:00:00,357.42949,314.90686,348.31674
Origen 6,2026-04-16 01:00:00,357.42949,312.27524,344.9265
Origen 6,2026-04-16 02:00:00,357.42949,309.90244,347.1971
Origen 6,2026-04-16 03:00:00,357.42949,308.51917,337.65555
Origen 6,2026-04-16 04:00:00,357.42949,331.78156,341.5624
Origen 6,2026-04-16 05:00:00,371.92949,349.1069,348.392
Origen 6,2026-04-16 06:00:00,371.92949,349.76556,343.1418
Origen 6,2026-04-16 07:00:00,371.92949,353.3499,339.20557
Origen 6,2026-04-16 08:00:00,371.92949,354.61774,328.13138
Origen 6,2026-04-16 09:00:00,357.42949,354.61774,323.6909
Origen 6,2026-04-16 10:00:00,357.42949,354.61774,324.32077
Origen 6,2026-04-16 11:00:00,357.42949,355.97867,326.1727
Origen 6,2026-04-16 12:00:00,357.42949,335.12518,318.72495
Origen 6,2026-04-16 13:00:00,371.92949,357.78577,326.96234
Origen 6,2026-04-16 14:00:00,381.92949,360.5522,331.57498
Origen 6,2026-04-16 15:00:00,381.92949,360.5522,329.60327
Origen 6,2026-04-16 16:00:00,402.92949,360.5522,338.28
Origen 6,2026-04-16 17:00:00,458.92949,362.53043,349.89417
Origen 6,2026-04-16 18:00:00,458.92949,355.513,368.9458
Origen 6,2026-04-16 19:00:00,1083.96349,453.6765,731.4298
Origen 6,2026-04-16 20:00:00,458.92949,343.4689,363.4864
Origen 6,2026-04-16 21:00:00,458.92949,342.8311,348.50815
Origen 6,2026-04-16 22:00:00,401.92949,347.2877,333.49948
Origen 6,2026-04-16 23:00:00,381.92949,343.93466,318.20895
Origen 6,2026-04-17 00:00:00,374.7422,326.2931,299.6832
Origen 6,2026-04-17 01:00:00,374.7422,325.26767,299.0993
Origen 6,2026-04-17 02:00:00,374.7422,323.11133,296.7966
Origen 6,2026-04-17 03:00:00,374.7422,310.85083,295.9457
Origen 6,2026-04-17 04:00:00,374.7422,312.35107,299.67474
Origen 6,2026-04-17 05:00:00,374.7422,314.372,311.0013
Origen 6,2026-04-17 06:00:00,384.7422,304.51025,311.0013
Origen 6,2026-04-17 07:00:00,374.7422,300.09662,313.13428
Origen 6,2026-04-17 08:00:00,374.7422,295.21646,315.01572
Origen 6,2026-04-17 09:00:00,374.7422,295.21646,306.45032
Origen 6,2026-04-17 10:00:00,374.7422,293.5868,306.45032
Origen 6,2026-04-17 11:00:00,374.7422,289.6197,306.45032
Origen 6,2026-04-17 12:00:00,374.7422,289.6197,306.45032
Origen 6,2026-04-17 13:00:00,384.7422,289.80423,319.85068
Origen 6,2026-04-17 14:00:00,386.7422,294.2765,336.26266
Origen 6,2026-04-17 15:00:00,386.7422,294.2765,337.5208
Origen 6,2026-04-17 16:00:00,386.7422,294.2765,337.5612
Origen 6,2026-04-17 17:00:00,414.7422,353.2664,364.54208
Origen 6,2026-04-17 18:00:00,554.7422,370.5142,384.6181
Origen 6,2026-04-17 19:00:00,554.7422,388.82837,702.8362
Origen 6,2026-04-17 20:00:00,414.7422,360.06406,369.93585
Origen 6,2026-04-17 21:00:00,404.7422,353.2664,360.86127
Origen 6,2026-04-17 22:00:00,386.7422,294.2135,331.88992
Origen 6,2026-04-17 23:00:00,384.7422,291.58667,327.28662
Origen 6,2026-04-18 00:00:00,307.44404,280.1192,296.2891
Origen 6,2026-04-18 01:00:00,257.44404,287.3997,296.09958
Origen 6,2026-04-18 02:00:00,257.44404,286.81238,294.50418
Origen 6,2026-04-18 03:00:00,257.44404,284.14175,294.0961
Origen 6,2026-04-18 04:00:00,307.44404,285.86865,295.71887
Origen 6,2026-04-18 05:00:00,307.44404,287.4127,295.6901
Origen 6,2026-04-18 06:00:00,307.44404,289.91095,304.80936
Origen 6,2026-04-18 07:00:00,262.49004,288.2505,295.63232
Origen 6,2026-04-18 08:00:00,257.44404,288.6835,296.00555
Origen 6,2026-04-18 09:00:00,257.44404,288.6835,294.9452
Origen 6,2026-04-18 10:00:00,257.44404,288.6835,294.9452
Origen 6,2026-04-18 11:00:00,257.44404,288.9953,294.9452
Origen 6,2026-04-18 12:00:00,257.44404,288.9953,294.0626
Origen 6,2026-04-18 13:00:00,257.44404,291.40503,310.0383
Origen 6,2026-04-18 14:00:00,307.44404,294.1637,313.98727
Origen 6,2026-04-18 15:00:00,362.44404,294.1637,314.70554
Origen 6,2026-04-18 16:00:00,367.44404,294.1637,314.70554
Origen 6,2026-04-18 17:00:00,381.64404,345.95187,327.7445
Origen 6,2026-04-18 18:00:00,555.74404,393.2657,399.65646
Origen 6,2026-04-18 19:00:00,305.64104,381.29086,420.2243
Origen 6,2026-04-18 20:00:00,537.44404,343.2415,354.52338
Origen 6,2026-04-18 21:00:00,405.44404,286.72748,333.96942
Origen 6,2026-04-18 22:00:00,381.64404,284.47604,332.32367
Origen 6,2026-04-18 23:00:00,381.64404,282.7476,327.83533
Origen 6,2026-04-19 00:00:00,176.31917,254.32458,276.97736
Origen 6,2026-04-19 01:00:00,176.31917,236.25809,246.53453
Origen 6,2026-04-19 02:00:00,176.31917,235.05754,246.06006
Origen 6,2026-04-19 03:00:00,176.31917,234.93214,244.458
Origen 6,2026-04-19 04:00:00,176.31917,253.60564,275.49194
Origen 6,2026-04-19 05:00:00,176.31917,254.21063,274.87286
Origen 6,2026-04-19 06:00:00,124.12817,254.21063,274.68195
Origen 6,2026-04-19 07:00:00,124.12817,235.6248,237.43205
Origen 6,2026-04-19 08:00:00,124.12517,235.90552,236.2156
Origen 6,2026-04-19 09:00:00,124.12517,235.89818,233.0293
Origen 6,2026-04-19 10:00:00,124.12517,236.18092,232.60347
Origen 6,2026-04-19 11:00:00,124.12817,236.92053,237.31071
Origen 6,2026-04-19 12:00:00,124.12817,234.25728,235.48552
Origen 6,2026-04-19 13:00:00,176.31917,234.09691,240.79567
Origen 6,2026-04-19 14:00:00,176.31917,252.42546,272.73288
Origen 6,2026-04-19 15:00:00,176.31917,277.81238,296.49347
Origen 6,2026-04-19 16:00:00,176.31917,277.81238,300.53268
Origen 6,2026-04-19 17:00:00,326.31917,285.45425,321.9456
Origen 6,2026-04-19 18:00:00,331.31917,371.3793,405.62796
Origen 6,2026-04-19 19:00:00,556.31917,254.53401,285.2816
Origen 6,2026-04-19 20:00:00,331.31917,371.68506,393.78
Origen 6,2026-04-19 21:00:00,331.31917,285.6893,326.50864
Origen 6,2026-04-19 22:00:00,326.31917,285.34732,325.38522
Origen 6,2026-04-19 23:00:00,240.79917,284.13278,323.03925
Origen 6,2026-04-20 00:00:00,227.71794,189.63838,204.33403
Origen 6,2026-04-20 01:00:00,227.71794,188.20775,203.98132
Origen 6,2026-04-20 02:00:00,227.71794,183.88054,201.52057
Origen 6,2026-04-20 03:00:00,227.71794,182.23717,199.39458
Origen 6,2026-04-20 04:00:00,227.71794,181.45087,203.00623
Origen 6,2026-04-20 05:00:00,243.21794,187.39284,214.87228
Origen 6,2026-04-20 06:00:00,243.21794,170.00697,183.47145
Origen 6,2026-04-20 07:00:00,243.21794,172.84485,179.9577
Origen 6,2026-04-20 08:00:00,243.21794,175.50514,183.64886
Origen 6,2026-04-20 09:00:00,227.71794,174.71565,182.03316
Origen 6,2026-04-20 10:00:00,227.71794,169.92561,179.74948
Origen 6,2026-04-20 11:00:00,243.21794,168.2396,179.74948
Origen 6,2026-04-20 12:00:00,227.71794,168.5648,179.74948
Origen 6,2026-04-20 13:00:00,243.21794,186.78407,218.67685
Origen 6,2026-04-20 14:00:00,249.71794,187.51584,223.2331
Origen 6,2026-04-20 15:00:00,249.71794,187.51584,224.415
Origen 6,2026-04-20 16:00:00,249.71794,184.11208,224.415
Origen 6,2026-04-20 17:00:00,319.71794,276.80966,345.24097
Origen 6,2026-04-20 18:00:00,379.71794,283.9042,356.89853
Origen 6,2026-04-20 19:00:00,549.71794,395.28635,486.7865
Origen 6,2026-04-20 20:00:00,549.71794,275.97675,347.24063
Origen 6,2026-04-20 21:00:00,319.71794,275.49353,341.33188
Origen 6,2026-04-20 22:00:00,249.71794,274.71735,337.68985
Origen 6,2026-04-20 23:00:00,249.71794,239.00836,263.4741
Origen 6,2026-04-21 00:00:00,254.85568,229.78264,235.04608
Origen 6,2026-04-21 01:00:00,254.85568,228.03012,234.02336
Origen 6,2026-04-21 02:00:00,254.85568,224.9393,229.6144
Origen 6,2026-04-21 03:00:00,254.85568,220.96568,229.73761
Origen 6,2026-04-21 04:00:00,254.85568,223.4283,231.5717
Origen 6,2026-04-21 05:00:00,254.85568,231.6837,243.20718
Origen 6,2026-04-21 06:00:00,254.85568,233.25441,245.19055
Origen 6,2026-04-21 07:00:00,254.85568,235.20027,248.94818
Origen 6,2026-04-21 08:00:00,254.85568,243.25891,252.809
Origen 6,2026-04-21 09:00:00,254.85568,238.25009,243.23975
Origen 6,2026-04-21 10:00:00,254.85568,238.80865,243.38768
Origen 6,2026-04-21 11:00:00,254.85568,248.02281,253.55617
Origen 6,2026-04-21 12:00:00,254.85568,239.34653,243.45488
Origen 6,2026-04-21 13:00:00,254.85568,249.94484,258.15417
Origen 6,2026-04-21 14:00:00,274.85568,255.2522,275.86514
Origen 6,2026-04-21 15:00:00,354.85568,259.65945,276.8416
Origen 6,2026-04-21 16:00:00,364.85568,259.85468,280.65323
Origen 6,2026-04-21 17:00:00,364.85568,289.9241,323.86038
Origen 6,2026-04-21 18:00:00,364.85568,314.01407,370.42725
Origen 6,2026-04-21 19:00:00,614.85568,404.83536,454.41916
Origen 6,2026-04-21 20:00:00,364.85568,412.38657,457.92227
Origen 6,2026-04-21 21:00:00,364.85568,294.93506,327.55066
Origen 6,2026-04-21 22:00:00,254.85568,262.02277,280.11856
Origen 6,2026-04-21 23:00:00,254.85568,260.65472,271.32278
Origen 6,2026-04-22 00:00:00,206.59557,258.07245,265.54535
Origen 6,2026-04-22 01:00:00,206.59557,254.82375,260.26562
Origen 6,2026-04-22 02:00:00,206.59557,248.12465,259.4863
Origen 6,2026-04-22 03:00:00,206.59557,242.39256,260.98767
Origen 6,2026-04-22 04:00:00,206.59557,245.54611,261.94083
Origen 6,2026-04-22 05:00:00,238.59557,247.5351,264.00656
Origen 6,2026-04-22 06:00:00,246.45257,247.45944,265.22256
Origen 6,2026-04-22 07:00:00,246.45257,247.63615,266.19205
Origen 6,2026-04-22 08:00:00,238.59557,254.67958,268.1279
Origen 6,2026-04-22 09:00:00,223.07557,259.11227,268.42786
Origen 6,2026-04-22 10:00:00,238.59557,262.16214,272.8783
Origen 6,2026-04-22 11:00:00,223.07557,263.60028,275.6834
Origen 6,2026-04-22 12:00:00,206.59557,263.97534,279.65305
Origen 6,2026-04-22 13:00:00,238.59557,264.25293,284.4881
Origen 6,2026-04-22 14:00:00,328.69557,272.73044,286.63803
Origen 6,2026-04-22 15:00:00,348.59557,313.8817,353.59988
Origen 6,2026-04-22 16:00:00,348.59557,313.8817,359.4189
Origen 6,2026-04-22 17:00:00,348.59557,314.85837,362.71317
Origen 6,2026-04-22 18:00:00,598.59557,315.55396,364.65112
Origen 6,2026-04-22 19:00:00,305.73557,416.51138,522.6296
Origen 6,2026-04-22 20:00:00,305.73557,311.91913,363.53564
Origen 6,2026-04-22 21:00:00,328.69557,310.5412,362.99084
Origen 6,2026-04-22 22:00:00,328.69557,262.07474,294.26373
Origen 6,2026-04-22 23:00:00,277.59557,258.4048,284.75546
Origen 6,2026-04-23 00:00:00,250.81233,215.43665,237.19633
Origen 6,2026-04-23 01:00:00,250.81233,213.08781,234.57327
Origen 6,2026-04-23 02:00:00,250.81233,207.97136,233.86562
Origen 6,2026-04-23 03:00:00,250.81233,208.88364,233.66241
Origen 6,2026-04-23 04:00:00,250.81233,209.84302,231.60019
Origen 6,2026-04-23 05:00:00,250.81233,255.56334,261.9343
Origen 6,2026-04-23 06:00:00,250.81233,256.11575,268.45193
Origen 6,2026-04-23 07:00:00,250.81233,257.84293,268.8848
Origen 6,2026-04-23 08:00:00,250.81233,260.25906,267.99088
Origen 6,2026-04-23 09:00:00,237.81233,241.54097,242.82953
Origen 6,2026-04-23 10:00:00,250.81233,260.25906,265.26706
Origen 6,2026-04-23 11:00:00,250.81233,241.80186,242.82953
Origen 6,2026-04-23 12:00:00,250.81233,222.92938,239.06615
Origen 6,2026-04-23 13:00:00,250.81233,260.81412,269.982
Origen 6,2026-04-23 14:00:00,255.66933,297.75327,349.13553
Origen 6,2026-04-23 15:00:00,296.22233,314.9402,358.2489
Origen 6,2026-04-23 16:00:00,317.81233,314.9402,356.44016
Origen 6,2026-04-23 17:00:00,317.81233,314.75955,356.44016
Origen 6,2026-04-23 18:00:00,357.81233,406.4762,512.2219
Origen 6,2026-04-23 19:00:00,357.81233,296.8085,331.73837
Origen 6,2026-04-23 20:00:00,317.81233,281.13608,322.17963
Origen 6,2026-04-23 21:00:00,316.81233,290.42123,341.89322
Origen 6,2026-04-23 22:00:00,296.22233,291.94214,341.61633
Origen 6,2026-04-23 23:00:00,250.81233,269.95007,298.9335
Origen 6,2026-04-24 00:00:00,274.13793,245.27858,264.51932
Origen 6,2026-04-24 01:00:00,274.13793,244.69484,264.51932
Origen 6,2026-04-24 02:00:00,274.13793,243.29163,264.29764
Origen 6,2026-04-24 03:00:00,274.13793,242.05566,263.59637
Origen 6,2026-04-24 04:00:00,274.13793,243.55617,265.29248
Origen 6,2026-04-24 05:00:00,274.13793,244.8717,268.7424
Origen 6,2026-04-24 06:00:00,274.13793,245.01334,268.7424
Origen 6,2026-04-24 07:00:00,251.34993,243.05496,269.6498
Origen 6,2026-04-24 08:00:00,251.34993,243.3849,269.99023
Origen 6,2026-04-24 09:00:00,251.34993,240.73781,254.31879
Origen 6,2026-04-24 10:00:00,251.99493,243.3849,273.7571
Origen 6,2026-04-24 11:00:00,274.13793,243.24068,273.7571
Origen 6,2026-04-24 12:00:00,274.13793,242.06099,273.96542
Origen 6,2026-04-24 13:00:00,279.13793,242.21523,277.95587
Origen 6,2026-04-24 14:00:00,279.13793,243.05124,279.50214
Origen 6,2026-04-24 15:00:00,279.13793,257.8819,302.07123
Origen 6,2026-04-24 16:00:00,294.13793,271.2955,319.9451
Origen 6,2026-04-24 17:00:00,314.13793,271.29614,319.9451
Origen 6,2026-04-24 18:00:00,354.13793,289.39548,337.60385
Origen 6,2026-04-24 19:00:00,604.13793,292.35632,341.23636
Origen 6,2026-04-24 20:00:00,314.13793,272.2312,317.9179
Origen 6,2026-04-24 21:00:00,314.13793,272.3165,317.58926
Origen 6,2026-04-24 22:00:00,306.13793,258.1112,296.08615
Origen 6,2026-04-24 23:00:00,279.13793,241.70146,268.23517
Origen 6,2026-04-25 00:00:00,246.00735,239.55412,253.15546
Origen 6,2026-04-25 01:00:00,246.00735,234.46266,246.64024
Origen 6,2026-04-25 02:00:00,246.00735,234.3746,248.82547
Origen 6,2026-04-25 03:00:00,246.00735,233.46829,248.38733
Origen 6,2026-04-25 04:00:00,246.00735,239.9895,252.25543
Origen 6,2026-04-25 05:00:00,246.00735,240.65941,252.96384
Origen 6,2026-04-25 06:00:00,246.00735,241.02519,252.85916
Origen 6,2026-04-25 07:00:00,246.00735,230.29579,246.186
Origen 6,2026-04-25 08:00:00,246.00735,230.4846,246.02145
Origen 6,2026-04-25 09:00:00,246.00735,230.6084,247.52141
Origen 6,2026-04-25 10:00:00,246.00735,230.6084,247.34335
Origen 6,2026-04-25 11:00:00,246.00735,237.05183,247.34335
Origen 6,2026-04-25 12:00:00,246.00735,239.36583,247.04312
Origen 6,2026-04-25 13:00:00,246.00735,240.56189,262.79202
Origen 6,2026-04-25 14:00:00,246.00735,246.19197,272.7867
Origen 6,2026-04-25 15:00:00,246.00735,246.19257,278.40143
Origen 6,2026-04-25 16:00:00,266.21935,253.62257,282.30344
Origen 6,2026-04-25 17:00:00,306.00735,265.59512,303.66357
Origen 6,2026-04-25 18:00:00,316.00735,285.17905,322.0677
Origen 6,2026-04-25 19:00:00,336.00735,365.67914,447.2115
Origen 6,2026-04-25 20:00:00,316.00735,268.14325,305.33014
Origen 6,2026-04-25 21:00:00,306.00735,264.3917,303.89145
Origen 6,2026-04-25 22:00:00,286.00735,254.53305,295.55618
Origen 6,2026-04-25 23:00:00,266.21935,243.36111,274.92358
Origen 6,2026-04-26 00:00:00,258.12799,225.7818,229.24419
Origen 6,2026-04-26 01:00:00,257.12799,225.24446,229.24419
Origen 6,2026-04-26 02:00:00,250.42799,224.09985,229.24419
Origen 6,2026-04-26 03:00:00,238.12799,223.98032,229.07698
Origen 6,2026-04-26 04:00:00,238.12799,224.29816,229.24419
Origen 6,2026-04-26 05:00:00,238.12799,226.10857,229.24419
Origen 6,2026-04-26 06:00:00,238.12799,226.10857,225.99626
Origen 6,2026-04-26 07:00:00,227.12799,226.58453,226.10458
Origen 6,2026-04-26 08:00:00,227.12799,226.83598,226.39006
Origen 6,2026-04-26 09:00:00,227.12799,227.17674,226.39006
Origen 6,2026-04-26 10:00:00,227.12799,227.17674,226.39006
Origen 6,2026-04-26 11:00:00,227.12799,227.42268,225.64952
Origen 6,2026-04-26 12:00:00,227.12799,227.42268,225.64952
Origen 6,2026-04-26 13:00:00,238.12799,227.56758,229.2164
Origen 6,2026-04-26 14:00:00,238.12799,228.35307,230.89151
Origen 6,2026-04-26 15:00:00,257.12799,228.35307,226.49617
Origen 6,2026-04-26 16:00:00,258.33999,231.59798,236.02254
Origen 6,2026-04-26 17:00:00,268.12799,255.32266,284.83383
Origen 6,2026-04-26 18:00:00,278.12799,265.2119,288.67865
Origen 6,2026-04-26 19:00:00,308.12799,270.27698,295.4674
Origen 6,2026-04-26 20:00:00,308.12799,266.47156,282.28525
Origen 6,2026-04-26 21:00:00,308.12799,257.62994,275.5002
Origen 6,2026-04-26 22:00:00,268.12799,247.0978,260.1165
Origen 6,2026-04-26 23:00:00,258.33999,232.94154,233.012
Origen 6,2026-04-27 00:00:00,251.80531,251.57951,248.84398
Origen 6,2026-04-27 01:00:00,245.80531,249.61253,247.9119
Origen 6,2026-04-27 02:00:00,245.80531,248.13045,245.32092
Origen 6,2026-04-27 03:00:00,245.80531,239.57513,229.14638
Origen 6,2026-04-27 04:00:00,251.80531,240.65242,233.39873
Origen 6,2026-04-27 05:00:00,251.80531,243.27257,241.00508
Origen 6,2026-04-27 06:00:00,251.80531,240.38792,240.97737
Origen 6,2026-04-27 07:00:00,251.80531,230.70674,236.09975
Origen 6,2026-04-27 08:00:00,251.80531,234.84926,240.03114
Origen 6,2026-04-27 09:00:00,251.80531,234.60112,238.04399
Origen 6,2026-04-27 10:00:00,251.80531,234.29738,239.3058
Origen 6,2026-04-27 11:00:00,251.80531,233.6456,241.44446
Origen 6,2026-04-27 12:00:00,251.80531,233.55304,239.3058
Origen 6,2026-04-27 13:00:00,251.80531,244.02544,255.00352
Origen 6,2026-04-27 14:00:00,277.01731,243.61806,260.75293
Origen 6,2026-04-27 15:00:00,277.01731,250.27019,277.99615
Origen 6,2026-04-27 16:00:00,281.80531,250.27019,277.99615
Origen 6,2026-04-27 17:00:00,306.80531,253.78188,292.82617
Origen 6,2026-04-27 18:00:00,346.80531,262.81973,311.2268
Origen 6,2026-04-27 19:00:00,596.80531,283.8882,334.49106
Origen 6,2026-04-27 20:00:00,306.80531,282.02963,331.4324
Origen 6,2026-04-27 21:00:00,306.80531,272.20694,322.56134
Origen 6,2026-04-27 22:00:00,281.80531,246.86462,271.8404
Origen 6,2026-04-27 23:00:00,277.01731,245.7661,265.34436
Origen 6,2026-04-28 00:00:00,98.19155,244.31665,251.58333
Origen 6,2026-04-28 01:00:00,103.40455,238.01028,240.55603
Origen 6,2026-04-28 02:00:00,98.19155,236.05089,237.78444
Origen 6,2026-04-28 03:00:00,98.19155,232.05885,235.9251
Origen 6,2026-04-28 04:00:00,101.98955,237.00394,247.99738
Origen 6,2026-04-28 05:00:00,257.04255,236.598,250.86601
Origen 6,2026-04-28 06:00:00,257.04255,238.0843,252.8811
Origen 6,2026-04-28 07:00:00,257.04255,242.89612,255.24197
Origen 6,2026-04-28 08:00:00,105.34955,247.3266,258.80814
Origen 6,2026-04-28 09:00:00,98.19155,247.62538,258.95935
Origen 6,2026-04-28 10:00:00,98.19155,249.23051,256.43225
Origen 6,2026-04-28 11:00:00,101.98955,251.71774,256.43225
Origen 6,2026-04-28 12:00:00,101.98955,251.71774,256.43225
Origen 6,2026-04-28 13:00:00,257.04255,251.98242,260.862
Origen 6,2026-04-28 14:00:00,257.04255,261.37985,279.17166
Origen 6,2026-04-28 15:00:00,267.04255,266.40942,289.5175
Origen 6,2026-04-28 16:00:00,267.04255,271.00937,297.07623
Origen 6,2026-04-28 17:00:00,272.04255,282.3228,315.12872
Origen 6,2026-04-28 18:00:00,597.04255,308.7278,339.36783
Origen 6,2026-04-28 19:00:00,1134.59455,411.85678,492.47226
Origen 6,2026-04-28 20:00:00,307.04255,285.1293,317.19742
Origen 6,2026-04-28 21:00:00,307.04255,284.63004,315.5401
Origen 6,2026-04-28 22:00:00,257.04255,267.91214,281.8448
Origen 6,2026-04-28 23:00:00,257.04255,265.20584,272.5409
Origen 6,2026-04-29 00:00:00,121.41992,161.83224,131.25325
Origen 6,2026-04-29 01:00:00,121.41992,152.44255,130.7593
Origen 6,2026-04-29 02:00:00,115.33292,145.14346,126.75929
Origen 6,2026-04-29 03:00:00,115.33292,144.94434,125.4698
Origen 6,2026-04-29 04:00:00,115.33292,141.67336,129.27437
Origen 6,2026-04-29 05:00:00,122.49092,229.05252,239.01701
Origen 6,2026-04-29 06:00:00,121.41992,228.70056,238.07281
Origen 6,2026-04-29 07:00:00,122.49092,230.63194,238.70985
Origen 6,2026-04-29 08:00:00,122.49092,148.4138,134.83629
Origen 6,2026-04-29 09:00:00,115.33292,150.67882,130.77576
Origen 6,2026-04-29 10:00:00,115.33292,149.12111,132.49637
Origen 6,2026-04-29 11:00:00,115.33292,150.86588,136.41833
Origen 6,2026-04-29 12:00:00,115.33292,150.92159,130.50851
Origen 6,2026-04-29 13:00:00,122.49092,241.24493,245.75952
Origen 6,2026-04-29 14:00:00,274.18392,247.50322,261.88025
Origen 6,2026-04-29 15:00:00,279.18392,247.45238,264.04083
Origen 6,2026-04-29 16:00:00,282.18392,247.2087,262.87775
Origen 6,2026-04-29 17:00:00,364.18392,255.25232,263.15176
Origen 6,2026-04-29 18:00:00,364.18392,386.2321,465.1204
Origen 6,2026-04-29 19:00:00,614.18392,359.2575,656.5379
Origen 6,2026-04-29 20:00:00,614.18392,248.53995,295.69492
Origen 6,2026-04-29 21:00:00,284.18392,248.10478,294.3544
Origen 6,2026-04-29 22:00:00,274.18392,230.65942,260.61395
Origen 6,2026-04-29 23:00:00,274.18392,222.99149,243.48265
Origen 6,2026-04-30 00:00:00,123.9943,154.22581,151.60507
Origen 6,2026-04-30 01:00:00,123.9943,152.46733,149.7054
Origen 6,2026-04-30 02:00:00,123.9943,147.35907,147.43877
Origen 6,2026-04-30 03:00:00,123.9943,147.29535,147.41466
Origen 6,2026-04-30 04:00:00,123.9943,151.08136,148.7014
Origen 6,2026-04-30 05:00:00,225.6873,159.16365,155.74902
Origen 6,2026-04-30 06:00:00,225.6873,156.44595,155.66988
Origen 6,2026-04-30 07:00:00,123.9943,157.7183,158.69145
Origen 6,2026-04-30 08:00:00,116.8363,161.23953,159.49323
Origen 6,2026-04-30 09:00:00,116.8363,158.00977,153.84233
Origen 6,2026-04-30 10:00:00,120.6343,158.00977,157.09705
Origen 6,2026-04-30 11:00:00,225.6873,158.18044,158.59055
Origen 6,2026-04-30 12:00:00,225.6873,158.18044,158.59055
Origen 6,2026-04-30 13:00:00,225.6873,159.4876,164.2379
Origen 6,2026-04-30 14:00:00,225.6873,236.81595,263.8471
Origen 6,2026-04-30 15:00:00,265.6873,238.49004,282.2314
Origen 6,2026-04-30 16:00:00,265.6873,242.5703,292.08795
Origen 6,2026-04-30 17:00:00,274.6873,283.0919,338.55872
Origen 6,2026-04-30 18:00:00,285.6873,277.95325,341.30176
Origen 6,2026-04-30 19:00:00,285.6873,380.43002,476.0297
Origen 6,2026-04-30 20:00:00,285.6873,380.09167,476.33572
Origen 6,2026-04-30 21:00:00,265.6873,252.31175,291.5155
Origen 6,2026-04-30 22:00:00,265.6873,247.1401,270.30508
Origen 6,2026-04-30 23:00:00,225.6873,245.2351,259.87177
Origen 6,2026-05-01 00:00:00,183.43366,149.76952,156.74179
Origen 6,2026-05-01 01:00:00,183.43366,149.51486,156.98969
Origen 6,2026-05-01 02:00:00,148.43366,148.9252,157.54813
Origen 6,2026-05-01 03:00:00,129.44266,148.86081,157.35263
Origen 6,2026-05-01 04:00:00,129.44266,149.30952,158.10458
Origen 6,2026-05-01 05:00:00,129.44266,204.16797,210.34593
Origen 6,2026-05-01 06:00:00,127.43366,204.16797,210.66904
Origen 6,2026-05-01 07:00:00,121.75366,149.17531,157.30582
Origen 6,2026-05-01 08:00:00,121.62366,146.23462,155.35088
Origen 6,2026-05-01 09:00:00,121.62366,146.23462,155.35088
Origen 6,2026-05-01 10:00:00,121.62366,146.31776,156.58461
Origen 6,2026-05-01 11:00:00,127.43366,205.33516,211.16888
Origen 6,2026-05-01 12:00:00,127.43366,209.066,211.09047
Origen 6,2026-05-01 13:00:00,127.43366,210.11957,214.10234
Origen 6,2026-05-01 14:00:00,129.44266,210.74107,218.37498
Origen 6,2026-05-01 15:00:00,183.43366,226.00455,256.82504
Origen 6,2026-05-01 16:00:00,183.43366,226.6149,258.98355
Origen 6,2026-05-01 17:00:00,233.43366,236.961,264.02646
Origen 6,2026-05-01 18:00:00,262.43366,233.67334,280.5483
Origen 6,2026-05-01 19:00:00,623.43366,244.45111,283.03412
Origen 6,2026-05-01 20:00:00,233.43366,235.18285,276.03424
Origen 6,2026-05-01 21:00:00,233.43366,227.71794,260.34033
Origen 6,2026-05-01 22:00:00,233.43366,227.71794,260.64728
Origen 6,2026-05-01 23:00:00,233.43366,207.3007,211.51547
Origen 6,2026-05-02 00:00:00,143.40286,166.09727,182.84488
Origen 6,2026-05-02 01:00:00,168.40286,165.56685,181.55983
Origen 6,2026-05-02 02:00:00,143.40286,157.0668,160.39706
Origen 6,2026-05-02 03:00:00,143.40286,147.62878,152.18523
Origen 6,2026-05-02 04:00:00,143.40286,149.05315,152.17876
Origen 6,2026-05-02 05:00:00,143.40286,149.5426,151.93848
Origen 6,2026-05-02 06:00:00,143.40286,149.69812,151.78235
Origen 6,2026-05-02 07:00:00,143.40286,147.16843,150.64807
Origen 6,2026-05-02 08:00:00,143.40286,147.16843,150.83826
Origen 6,2026-05-02 09:00:00,198.90286,147.16843,150.77966
Origen 6,2026-05-02 10:00:00,168.40286,147.33174,150.5204
Origen 6,2026-05-02 11:00:00,168.40286,150.757,149.7191
Origen 6,2026-05-02 12:00:00,168.40286,151.10585,148.83029
Origen 6,2026-05-02 13:00:00,168.40286,151.20215,150.4701
Origen 6,2026-05-02 14:00:00,168.40286,151.81985,153.53351
Origen 6,2026-05-02 15:00:00,198.90286,169.19365,181.13351
Origen 6,2026-05-02 16:00:00,208.40286,169.59177,182.4673
Origen 6,2026-05-02 17:00:00,208.40286,221.16754,225.42023
Origen 6,2026-05-02 18:00:00,238.40286,229.36444,242.86276
Origen 6,2026-05-02 19:00:00,238.40286,356.12976,421.8624
Origen 6,2026-05-02 20:00:00,238.40286,220.56598,224.82263
Origen 6,2026-05-02 21:00:00,208.40286,220.56598,223.20796
Origen 6,2026-05-02 22:00:00,208.40286,216.40189,216.85068
Origen 6,2026-05-02 23:00:00,198.90286,214.07855,211.46565
Origen 6,2026-05-03 00:00:00,206.23212,159.38786,147.48222
Origen 6,2026-05-03 01:00:00,206.23212,167.51706,167.90132
Origen 6,2026-05-03 02:00:00,206.23212,158.40779,147.00899
Origen 6,2026-05-03 03:00:00,183.73212,157.77306,146.55286
Origen 6,2026-05-03 04:00:00,206.23212,158.33931,148.21768
Origen 6,2026-05-03 05:00:00,206.23212,158.40205,148.19444
Origen 6,2026-05-03 06:00:00,183.73212,158.40205,148.47807
Origen 6,2026-05-03 07:00:00,183.73212,159.3067,147.85252
Origen 6,2026-05-03 08:00:00,183.73212,159.37561,148.03918
Origen 6,2026-05-03 09:00:00,183.73212,180.01443,178.39838
Origen 6,2026-05-03 10:00:00,183.73212,168.5919,169.17897
Origen 6,2026-05-03 11:00:00,183.73212,168.38437,169.21608
Origen 6,2026-05-03 12:00:00,183.73212,168.30829,169.21608
Origen 6,2026-05-03 13:00:00,183.73212,168.48228,171.671
Origen 6,2026-05-03 14:00:00,206.23212,169.0638,175.1773
Origen 6,2026-05-03 15:00:00,206.23212,180.71596,187.51216
Origen 6,2026-05-03 16:00:00,213.23212,193.2043,199.55104
Origen 6,2026-05-03 17:00:00,213.23212,193.2043,199.78221
Origen 6,2026-05-03 18:00:00,238.23212,221.09131,220.40996
Origen 6,2026-05-03 19:00:00,238.23212,226.45331,231.25226
Origen 6,2026-05-03 20:00:00,238.23212,226.2548,231.89911
Origen 6,2026-05-03 21:00:00,238.23212,198.20009,209.76526
Origen 6,2026-05-03 22:00:00,213.23212,193.18292,203.56535
Origen 6,2026-05-03 23:00:00,213.23212,179.91823,187.5831
Origen 6,2026-05-04 00:00:00,214.6534,200.98087,216.7348
Origen 6,2026-05-04 01:00:00,214.6534,200.46872,216.16643
Origen 6,2026-05-04 02:00:00,214.6534,198.57082,218.15414
Origen 6,2026-05-04 03:00:00,214.6534,170.18468,192.68173
Origen 6,2026-05-04 04:00:00,214.6534,194.72852,215.17166
Origen 6,2026-05-04 05:00:00,248.6534,194.38536,217.63132
Origen 6,2026-05-04 06:00:00,248.6534,164.39954,194.28427
Origen 6,2026-05-04 07:00:00,214.6534,171.2688,192.93538
Origen 6,2026-05-04 08:00:00,214.6534,174.7405,196.97142
Origen 6,2026-05-04 09:00:00,214.6534,175.1541,197.18521
Origen 6,2026-05-04 10:00:00,223.6534,175.88634,198.98607
Origen 6,2026-05-04 11:00:00,248.6534,176.07631,199.10233
Origen 6,2026-05-04 12:00:00,248.6534,176.07631,199.10233
Origen 6,2026-05-04 13:00:00,248.6534,176.9213,202.64124
Origen 6,2026-05-04 14:00:00,248.6534,204.19913,235.01976
Origen 6,2026-05-04 15:00:00,258.6534,204.29144,236.93692
Origen 6,2026-05-04 16:00:00,294.1534,221.14613,238.59618
Origen 6,2026-05-04 17:00:00,294.1534,225.27225,248.214
Origen 6,2026-05-04 18:00:00,508.6534,244.04231,270.97665
Origen 6,2026-05-04 19:00:00,558.6534,256.9412,279.5576
Origen 6,2026-05-04 20:00:00,508.6534,242.85905,269.2311
Origen 6,2026-05-04 21:00:00,558.6534,242.43382,267.94485
Origen 6,2026-05-04 22:00:00,294.1534,219.74263,233.80363
Origen 6,2026-05-04 23:00:00,248.6534,217.44896,226.9484
Origen 6,2026-05-05 00:00:00,231.43242,213.38023,200.83995
Origen 6,2026-05-05 01:00:00,231.43242,212.44215,200.28879
Origen 6,2026-05-05 02:00:00,231.43242,210.51581,197.59332
Origen 6,2026-05-05 03:00:00,231.43242,208.88632,197.4707
Origen 6,2026-05-05 04:00:00,265.93242,209.06946,198.50786
Origen 6,2026-05-05 05:00:00,265.93242,227.71707,234.29425
Origen 6,2026-05-05 06:00:00,265.93242,227.60449,235.35902
Origen 6,2026-05-05 07:00:00,231.43242,214.90219,216.97998
Origen 6,2026-05-05 08:00:00,231.43242,216.42393,206.05223
Origen 6,2026-05-05 09:00:00,231.43242,217.4246,206.2505
Origen 6,2026-05-05 10:00:00,231.43242,217.51866,206.84393
Origen 6,2026-05-05 11:00:00,265.93242,235.63467,231.6615
Origen 6,2026-05-05 12:00:00,265.93242,235.63467,233.05185
Origen 6,2026-05-05 13:00:00,265.93242,237.96704,250.39934
Origen 6,2026-05-05 14:00:00,280.93242,239.05022,256.78146
Origen 6,2026-05-05 15:00:00,285.93242,243.2357,269.37286
Origen 6,2026-05-05 16:00:00,315.93242,258.329,287.22458
Origen 6,2026-05-05 17:00:00,315.93242,261.75464,287.22458
Origen 6,2026-05-05 18:00:00,515.93242,368.29193,441.3213
Origen 6,2026-05-05 19:00:00,1118.61742,369.95084,469.08322
Origen 6,2026-05-05 20:00:00,515.93242,367.44833,427.32535
Origen 6,2026-05-05 21:00:00,495.93242,373.45117,463.0586
Origen 6,2026-05-05 22:00:00,315.93242,270.0367,291.6989
Origen 6,2026-05-05 23:00:00,280.93242,247.68375,255.4956
Origen 6,2026-05-06 00:00:00,230.28631,234.75835,228.94998
Origen 6,2026-05-06 01:00:00,230.28631,233.70366,226.11665
Origen 6,2026-05-06 02:00:00,230.28631,229.67267,225.30717
Origen 6,2026-05-06 03:00:00,230.28631,228.94365,225.1083
Origen 6,2026-05-06 04:00:00,230.28631,239.77892,247.20624
Origen 6,2026-05-06 05:00:00,264.28631,241.22261,249.41658
Origen 6,2026-05-06 06:00:00,230.28631,241.05737,249.41658
Origen 6,2026-05-06 07:00:00,230.28631,228.90273,227.39319
Origen 6,2026-05-06 08:00:00,230.28631,233.88983,228.25423
Origen 6,2026-05-06 09:00:00,230.28631,238.43057,227.92761
Origen 6,2026-05-06 10:00:00,230.28631,239.71785,230.29698
Origen 6,2026-05-06 11:00:00,230.28631,254.93765,253.339
Origen 6,2026-05-06 12:00:00,230.28631,255.98499,253.339
Origen 6,2026-05-06 13:00:00,230.28631,256.25415,258.12115
Origen 6,2026-05-06 14:00:00,264.28631,267.72888,288.65073
Origen 6,2026-05-06 15:00:00,279.78631,267.72888,289.96072
Origen 6,2026-05-06 16:00:00,314.78631,290.21426,315.5827
Origen 6,2026-05-06 17:00:00,314.78631,295.72635,334.33896
Origen 6,2026-05-06 18:00:00,504.78631,400.57532,452.82712
Origen 6,2026-05-06 19:00:00,1117.47131,411.8811,716.07324
Origen 6,2026-05-06 20:00:00,504.78631,407.48322,454.22006
Origen 6,2026-05-06 21:00:00,504.78631,360.73584,420.6778
Origen 6,2026-05-06 22:00:00,284.78631,286.22858,313.96243
Origen 6,2026-05-06 23:00:00,230.28631,261.43457,281.5047
Origen 6,2026-05-07 00:00:00,225.7132,237.4724,226.81749
Origen 6,2026-05-07 01:00:00,251.8442,236.36559,224.28563
Origen 6,2026-05-07 02:00:00,225.7132,235.36574,224.28563
Origen 6,2026-05-07 03:00:00,225.7132,232.41142,224.27121
Origen 6,2026-05-07 04:00:00,225.7132,236.5346,225.05508
Origen 6,2026-05-07 05:00:00,251.8442,254.43875,258.29736
Origen 6,2026-05-07 06:00:00,225.7132,241.48373,236.45938
Origen 6,2026-05-07 07:00:00,225.7132,240.94325,230.6383
Origen 6,2026-05-07 08:00:00,225.7132,241.36769,230.50429
Origen 6,2026-05-07 09:00:00,221.2132,241.4768,230.50429
Origen 6,2026-05-07 10:00:00,225.7132,240.36479,231.64978
Origen 6,2026-05-07 11:00:00,225.7132,239.34996,239.90723
Origen 6,2026-05-07 12:00:00,225.7132,241.25755,239.90723
Origen 6,2026-05-07 13:00:00,225.7132,241.21996,244.2203
Origen 6,2026-05-07 14:00:00,251.8442,256.26086,271.6328
Origen 6,2026-05-07 15:00:00,251.8442,264.84204,295.24377
Origen 6,2026-05-07 16:00:00,280.7132,287.2068,322.49197
Origen 6,2026-05-07 17:00:00,315.7132,287.0421,322.3848
Origen 6,2026-05-07 18:00:00,495.7132,363.51395,433.5773
Origen 6,2026-05-07 19:00:00,1118.3982,393.48175,657.803
Origen 6,2026-05-07 20:00:00,495.7132,360.9981,433.6923
Origen 6,2026-05-07 21:00:00,475.7132,360.36603,433.04236
Origen 6,2026-05-07 22:00:00,280.7132,262.50937,295.76627
Origen 6,2026-05-07 23:00:00,251.8442,239.50853,246.59178
Origen 6,2026-05-08 00:00:00,244.22873,220.56534,212.34119
Origen 6,2026-05-08 01:00:00,244.22873,237.41327,250.25134
Origen 6,2026-05-08 02:00:00,244.22873,219.59966,211.51414
Origen 6,2026-05-08 03:00:00,244.22873,219.44159,210.86139
Origen 6,2026-05-08 04:00:00,244.22873,219.74126,211.73305
Origen 6,2026-05-08 05:00:00,244.22873,237.40092,252.01451
Origen 6,2026-05-08 06:00:00,244.22873,220.42635,213.80515
Origen 6,2026-05-08 07:00:00,244.22873,221.04747,213.80322
Origen 6,2026-05-08 08:00:00,244.22873,221.04747,214.07314
Origen 6,2026-05-08 09:00:00,244.22873,220.61465,213.71587
Origen 6,2026-05-08 10:00:00,244.22873,221.04747,214.07314
Origen 6,2026-05-08 11:00:00,244.22873,221.18683,214.07314
Origen 6,2026-05-08 12:00:00,244.22873,221.18683,214.93948
Origen 6,2026-05-08 13:00:00,244.22873,221.57278,217.42065
Origen 6,2026-05-08 14:00:00,244.22873,239.92838,258.50967
Origen 6,2026-05-08 15:00:00,251.22873,244.18607,260.74136
Origen 6,2026-05-08 16:00:00,307.72873,251.98459,277.05765
Origen 6,2026-05-08 17:00:00,307.72873,274.3457,306.42563
Origen 6,2026-05-08 18:00:00,1110.41373,339.57892,417.8778
Origen 6,2026-05-08 19:00:00,1122.29073,390.35672,681.8173
Origen 6,2026-05-08 20:00:00,457.72873,339.65112,409.15393
Origen 6,2026-05-08 21:00:00,307.72873,339.65112,375.75055
Origen 6,2026-05-08 22:00:00,252.72873,252.36143,279.85632
Origen 6,2026-05-08 23:00:00,244.22873,243.49402,261.43283
Origen 6,2026-05-09 00:00:00,163.73167,228.85231,228.99008
Origen 6,2026-05-09 01:00:00,163.73167,228.60233,228.99008
Origen 6,2026-05-09 02:00:00,163.73167,228.41307,228.99008
Origen 6,2026-05-09 03:00:00,163.73167,228.39105,229.80519
Origen 6,2026-05-09 04:00:00,163.73167,228.38638,230.59036
Origen 6,2026-05-09 05:00:00,163.73167,228.65454,230.12418
Origen 6,2026-05-09 06:00:00,163.73167,228.9046,229.0886
Origen 6,2026-05-09 07:00:00,148.73167,229.5461,228.87762
Origen 6,2026-05-09 08:00:00,148.73167,229.7443,229.16658
Origen 6,2026-05-09 09:00:00,148.73167,229.7443,230.87721
Origen 6,2026-05-09 10:00:00,148.73167,230.78177,229.64877
Origen 6,2026-05-09 11:00:00,148.73167,231.3727,229.64877
Origen 6,2026-05-09 12:00:00,148.73167,230.72093,229.64877
Origen 6,2026-05-09 13:00:00,148.73167,230.3354,231.95561
Origen 6,2026-05-09 14:00:00,163.73167,231.07487,232.93245
Origen 6,2026-05-09 15:00:00,163.73167,234.42445,247.07741
Origen 6,2026-05-09 16:00:00,218.73167,253.84348,277.7733
Origen 6,2026-05-09 17:00:00,308.73167,253.51808,278.0907
Origen 6,2026-05-09 18:00:00,438.73167,368.33212,611.6356
Origen 6,2026-05-09 19:00:00,458.73167,368.33212,618.96814
Origen 6,2026-05-09 20:00:00,308.73167,336.82144,370.93967
Origen 6,2026-05-09 21:00:00,308.73167,253.38539,286.22232
Origen 6,2026-05-09 22:00:00,246.05567,234.56262,255.26033
Origen 6,2026-05-09 23:00:00,238.73167,228.83441,241.86113
Origen 6,2026-05-10 00:00:00,276.57911,174.2215,185.3619
Origen 6,2026-05-10 01:00:00,276.57911,174.10547,184.83514
Origen 6,2026-05-10 02:00:00,267.46811,174.4383,184.83514
Origen 6,2026-05-10 03:00:00,229.46811,171.76328,183.55061
Origen 6,2026-05-10 04:00:00,267.46811,172.56386,184.83514
Origen 6,2026-05-10 05:00:00,229.46811,172.66368,184.46146
Origen 6,2026-05-10 06:00:00,147.46811,171.74516,182.35521
Origen 6,2026-05-10 07:00:00,147.46811,166.38329,169.48369
Origen 6,2026-05-10 08:00:00,147.46811,166.0443,169.63698
Origen 6,2026-05-10 09:00:00,147.46811,166.13347,169.83682
Origen 6,2026-05-10 10:00:00,147.46811,166.13347,169.83682
Origen 6,2026-05-10 11:00:00,147.46811,165.13264,169.83682
Origen 6,2026-05-10 12:00:00,147.46811,165.30786,167.4999
Origen 6,2026-05-10 13:00:00,147.46811,167.1862,168.94656
Origen 6,2026-05-10 14:00:00,147.46811,174.59898,183.03784
Origen 6,2026-05-10 15:00:00,218.46811,173.64789,181.04407
Origen 6,2026-05-10 16:00:00,267.46811,214.61053,212.8116
Origen 6,2026-05-10 17:00:00,276.57911,246.01079,277.4003
Origen 6,2026-05-10 18:00:00,358.46811,316.49384,341.127
Origen 6,2026-05-10 19:00:00,358.46811,323.4892,353.03583
Origen 6,2026-05-10 20:00:00,358.46811,239.98732,283.39413
Origen 6,2026-05-10 21:00:00,358.46811,239.37267,283.39413
Origen 6,2026-05-10 22:00:00,358.46811,218.92737,236.92122
Origen 6,2026-05-10 23:00:00,353.46811,220.07294,228.77667
Origen 6,2026-05-11 00:00:00,276.39693,246.04834,268.947
Origen 6,2026-05-11 01:00:00,278.39693,245.04877,267.99393
Origen 6,2026-05-11 02:00:00,276.39693,237.45888,269.9085
Origen 6,2026-05-11 03:00:00,268.39693,225.64522,244.62708
Origen 6,2026-05-11 04:00:00,276.39693,238.17786,270.11346
Origen 6,2026-05-11 05:00:00,292.39693,229.80653,254.9605
Origen 6,2026-05-11 06:00:00,278.39693,170.96788,188.8454
Origen 6,2026-05-11 07:00:00,307.39693,172.07848,184.10373
Origen 6,2026-05-11 08:00:00,278.39693,172.7879,184.47026
Origen 6,2026-05-11 09:00:00,276.39693,172.7879,184.47026
Origen 6,2026-05-11 10:00:00,278.39693,172.71417,186.87761
Origen 6,2026-05-11 11:00:00,307.39693,172.89157,189.32578
Origen 6,2026-05-11 12:00:00,307.39693,172.89157,189.32578
Origen 6,2026-05-11 13:00:00,307.39693,173.00966,193.44011
Origen 6,2026-05-11 14:00:00,458.39693,173.58952,196.83621
Origen 6,2026-05-11 15:00:00,468.39693,224.69318,258.54517
Origen 6,2026-05-11 16:00:00,488.50793,251.87372,301.9537
Origen 6,2026-05-11 17:00:00,488.50793,254.24956,302.58514
Origen 6,2026-05-11 18:00:00,699.99193,297.35812,382.6184
Origen 6,2026-05-11 19:00:00,699.99193,302.69153,382.6184
Origen 6,2026-05-11 20:00:00,488.50793,294.93326,379.30396
Origen 6,2026-05-11 21:00:00,488.50793,299.69748,378.02844
Origen 6,2026-05-11 22:00:00,468.39693,294.42288,362.38574
Origen 6,2026-05-11 23:00:00,463.39693,291.30774,348.11038
Origen 6,2026-05-12 00:00:00,495.64994,248.42514,269.13058
Origen 6,2026-05-12 01:00:00,495.64994,253.94966,280.4813
Origen 6,2026-05-12 02:00:00,495.64994,252.18102,266.26224
Origen 6,2026-05-12 03:00:00,469.53894,244.49763,263.86572
Origen 6,2026-05-12 04:00:00,495.64994,251.78798,269.39496
Origen 6,2026-05-12 05:00:00,495.64994,260.3293,289.1875
Origen 6,2026-05-12 06:00:00,495.64994,253.41487,287.52606
Origen 6,2026-05-12 07:00:00,469.53894,265.93375,303.1584
Origen 6,2026-05-12 08:00:00,482.53894,260.53632,286.41318
Origen 6,2026-05-12 09:00:00,469.53894,266.17468,272.24835
Origen 6,2026-05-12 10:00:00,482.53894,273.16223,289.57617
Origen 6,2026-05-12 11:00:00,482.53894,288.9749,318.35434
Origen 6,2026-05-12 12:00:00,482.53894,288.86786,319.55917
Origen 6,2026-05-12 13:00:00,495.64994,284.8711,328.03067
Origen 6,2026-05-12 14:00:00,508.45494,375.3215,411.87796
Origen 6,2026-05-12 15:00:00,803.53894,380.36548,414.42526
Origen 6,2026-05-12 16:00:00,824.53894,392.1939,435.17902
Origen 6,2026-05-12 17:00:00,824.53894,391.96902,431.80664
Origen 6,2026-05-12 18:00:00,834.53894,435.81674,599.17633
Origen 6,2026-05-12 19:00:00,834.53894,437.4284,616.1248
Origen 6,2026-05-12 20:00:00,829.53894,399.14148,454.48694
Origen 6,2026-05-12 21:00:00,824.53894,399.87628,453.37335
Origen 6,2026-05-12 22:00:00,824.53894,399.87628,439.4239
Origen 6,2026-05-12 23:00:00,503.53894,390.32806,427.13852
Origen 6,2026-05-13 00:00:00,660.78986,387.1683,450.35507
Origen 6,2026-05-13 01:00:00,654.55886,386.4012,450.60794
Origen 6,2026-05-13 02:00:00,654.55886,384.79092,446.8557
Origen 6,2026-05-13 03:00:00,654.55886,392.76044,408.6472
Origen 6,2026-05-13 04:00:00,703.44786,394.6165,445.72318
Origen 6,2026-05-13 05:00:00,770.97986,393.94925,454.39658
Origen 6,2026-05-13 06:00:00,703.44786,387.14612,449.24283
Origen 6,2026-05-13 07:00:00,654.55886,394.26755,421.4615
Origen 6,2026-05-13 08:00:00,654.55886,402.48267,424.08456
Origen 6,2026-05-13 09:00:00,489.44786,407.5176,429.11426
Origen 6,2026-05-13 10:00:00,654.55886,409.40845,430.5461
Origen 6,2026-05-13 11:00:00,654.55886,410.93988,435.33676
Origen 6,2026-05-13 12:00:00,654.55886,411.22958,437.93494
Origen 6,2026-05-13 13:00:00,703.44786,410.1736,481.0155
Origen 6,2026-05-13 14:00:00,703.44786,442.0599,496.36862
Origen 6,2026-05-13 15:00:00,770.97986,452.2385,676.39453
Origen 6,2026-05-13 16:00:00,823.44786,461.94772,741.16644
Origen 6,2026-05-13 17:00:00,833.44786,462.18372,740.8397
Origen 6,2026-05-13 18:00:00,1083.44786,463.3201,755.4183
Origen 6,2026-05-13 19:00:00,1093.44786,471.54767,760.7447
Origen 6,2026-05-13 20:00:00,903.44786,459.32825,752.3634
Origen 6,2026-05-13 21:00:00,833.44786,457.81726,751.23596
Origen 6,2026-05-13 22:00:00,823.44786,448.91495,705.85925
Origen 6,2026-05-13 23:00:00,703.44786,407.82144,492.05206
Origen 6,2026-05-14 00:00:00,822.47869,441.9141,590.1163
Origen 6,2026-05-14 01:00:00,822.47869,440.57,589.3348
Origen 6,2026-05-14 02:00:00,801.47869,434.67154,581.66644
Origen 6,2026-05-14 03:00:00,771.75269,434.64542,581.2517
Origen 6,2026-05-14 04:00:00,801.47869,438.54932,594.3854
Origen 6,2026-05-14 05:00:00,822.47869,446.3312,655.69666
Origen 6,2026-05-14 06:00:00,822.47869,448.36496,603.2984
Origen 6,2026-05-14 07:00:00,704.47869,450.92883,601.47015
Origen 6,2026-05-14 08:00:00,704.47869,451.72833,602.5814
Origen 6,2026-05-14 09:00:00,704.47869,412.8263,466.70554
Origen 6,2026-05-14 10:00:00,704.47869,451.72833,605.66077
Origen 6,2026-05-14 11:00:00,801.47869,452.01318,605.5961
Origen 6,2026-05-14 12:00:00,771.75269,452.01318,605.252
Origen 6,2026-05-14 13:00:00,822.47869,452.4885,624.40607
Origen 6,2026-05-14 14:00:00,832.47869,454.4263,632.1367
Origen 6,2026-05-14 15:00:00,832.47869,454.4263,682.62665
Origen 6,2026-05-14 16:00:00,913.23569,454.50363,731.81415
Origen 6,2026-05-14 17:00:00,913.23569,462.98373,764.48334
Origen 6,2026-05-14 18:00:00,1082.47869,463.10275,858.77704
Origen 6,2026-05-14 19:00:00,1094.47869,472.63287,867.00995
Origen 6,2026-05-14 20:00:00,1082.47869,459.25616,804.1773
Origen 6,2026-05-14 21:00:00,913.23569,458.4521,770.71185
Origen 6,2026-05-14 22:00:00,832.47869,449.79684,728.7189
Origen 6,2026-05-14 23:00:00,832.47869,447.9653,626.9602
Origen 6,2026-05-15 00:00:00,792.65294,424.14706,689.4945
Origen 6,2026-05-15 01:00:00,792.65294,428.7514,694.58954
Origen 6,2026-05-15 02:00:00,774.53594,428.13177,665.23303
Origen 6,2026-05-15 03:00:00,774.53594,426.3553,656.3344
Origen 6,2026-05-15 04:00:00,792.65294,428.13177,669.10815
Origen 6,2026-05-15 05:00:00,792.65294,425.82602,701.47516
Origen 6,2026-05-15 06:00:00,792.65294,425.61813,706.3471
Origen 6,2026-05-15 07:00:00,666.05494,426.5629,620.25665
Origen 6,2026-05-15 08:00:00,644.65294,426.5629,621.4189
Origen 6,2026-05-15 09:00:00,642.65294,426.08603,627.48126
Origen 6,2026-05-15 10:00:00,666.05494,428.01016,627.862
Origen 6,2026-05-15 11:00:00,698.50794,428.28003,685.10657
Origen 6,2026-05-15 12:00:00,792.65294,428.28003,679.96173
Origen 6,2026-05-15 13:00:00,792.65294,437.6794,735.50146
Origen 6,2026-05-15 14:00:00,792.65294,439.09775,736.6425
Origen 6,2026-05-15 15:00:00,792.65294,439.09775,737.1717
Origen 6,2026-05-15 16:00:00,801.65294,439.00436,809.72046
Origen 6,2026-05-15 17:00:00,822.65294,439.00436,811.7071
Origen 6,2026-05-15 18:00:00,902.65294,452.83017,881.117
Origen 6,2026-05-15 19:00:00,1082.65294,452.83017,881.117
Origen 6,2026-05-15 20:00:00,902.65294,439.00436,870.51
Origen 6,2026-05-15 21:00:00,902.65294,439.00436,829.6081
Origen 6,2026-05-15 22:00:00,822.65294,437.12378,758.3445
Origen 6,2026-05-15 23:00:00,792.65294,435.866,758.2675
Origen 6,2026-05-16 00:00:00,691.8236,418.51254,671.5832
Origen 6,2026-05-16 01:00:00,693.1876,418.5944,673.5854
Origen 6,2026-05-16 02:00:00,798.6876,420.147,665.0005
Origen 6,2026-05-16 03:00:00,691.8236,418.43634,664.76843
Origen 6,2026-05-16 04:00:00,798.6876,420.147,672.643
Origen 6,2026-05-16 05:00:00,798.6876,418.7118,671.2832
Origen 6,2026-05-16 06:00:00,691.8236,419.16962,670.6826
Origen 6,2026-05-16 07:00:00,442.8236,417.98447,613.5267
Origen 6,2026-05-16 08:00:00,442.8236,417.98447,588.2045
Origen 6,2026-05-16 09:00:00,442.8236,417.34497,588.2045
Origen 6,2026-05-16 10:00:00,509.8466,414.0405,599.14777
Origen 6,2026-05-16 11:00:00,442.8236,414.79993,598.7205
Origen 6,2026-05-16 12:00:00,442.8236,416.76767,650.38153
Origen 6,2026-05-16 13:00:00,442.8236,417.15457,657.84503
Origen 6,2026-05-16 14:00:00,691.8236,418.3583,656.28845
Origen 6,2026-05-16 15:00:00,798.6876,413.1339,656.7599
Origen 6,2026-05-16 16:00:00,798.6876,415.62015,674.2464
Origen 6,2026-05-16 17:00:00,802.8236,415.69095,747.4531
Origen 6,2026-05-16 18:00:00,832.8236,416.30704,778.6579
Origen 6,2026-05-16 19:00:00,822.8236,416.30704,834.471
Origen 6,2026-05-16 20:00:00,822.8236,417.2403,782.4427
Origen 6,2026-05-16 21:00:00,802.8236,417.2403,782.4427
Origen 6,2026-05-16 22:00:00,798.6876,407.8747,713.7735
Origen 6,2026-05-16 23:00:00,798.6876,404.87277,680.77704
Origen 6,2026-05-17 00:00:00,759.4927,404.81235,615.6129
Origen 6,2026-05-17 01:00:00,759.4927,403.7342,609.14075
Origen 6,2026-05-17 02:00:00,759.4927,404.5268,669.0542
Origen 6,2026-05-17 03:00:00,759.4927,404.17935,588.1524
Origen 6,2026-05-17 04:00:00,759.4927,402.73917,665.3649
Origen 6,2026-05-17 05:00:00,759.4927,403.10513,650.67804
Origen 6,2026-05-17 06:00:00,759.4927,400.71402,574.64014
Origen 6,2026-05-17 07:00:00,413.8287,351.55017,416.97873
Origen 6,2026-05-17 08:00:00,408.8287,352.3127,417.21982
Origen 6,2026-05-17 09:00:00,408.8287,352.02286,415.1913
Origen 6,2026-05-17 10:00:00,408.8287,393.44348,463.3526
Origen 6,2026-05-17 11:00:00,408.8287,352.68854,411.77585
Origen 6,2026-05-17 12:00:00,413.8287,352.68854,401.50812
Origen 6,2026-05-17 13:00:00,652.8287,353.4416,406.7141
Origen 6,2026-05-17 14:00:00,759.4927,403.27432,554.6747
Origen 6,2026-05-17 15:00:00,759.4927,405.7013,639.95154
Origen 6,2026-05-17 16:00:00,803.8287,403.8239,653.21844
Origen 6,2026-05-17 17:00:00,824.3287,402.48727,652.4097
Origen 6,2026-05-17 18:00:00,824.3287,410.23215,716.8197
Origen 6,2026-05-17 19:00:00,824.3287,410.23215,721.96136
Origen 6,2026-05-17 20:00:00,824.3287,410.23215,723.08594
Origen 6,2026-05-17 21:00:00,824.3287,410.23215,691.9321
Origen 6,2026-05-17 22:00:00,824.3287,410.23215,690.3311
Origen 6,2026-05-17 23:00:00,823.8287,407.45657,683.94165
Origen 6,2026-05-18 00:00:00,821.81402,394.61984,663.174
Origen 6,2026-05-18 01:00:00,821.81402,392.81082,656.9948
Origen 6,2026-05-18 02:00:00,706.22402,391.0975,653.6915
Origen 6,2026-05-18 03:00:00,583.14002,390.88144,654.9783
Origen 6,2026-05-18 04:00:00,821.81402,392.75705,658.3351
Origen 6,2026-05-18 05:00:00,821.81402,393.7507,681.84064
Origen 6,2026-05-18 06:00:00,821.81402,388.47314,693.2326
Origen 6,2026-05-18 07:00:00,553.14002,370.83038,469.4249
Origen 6,2026-05-18 08:00:00,553.14002,314.62604,439.71964
Origen 6,2026-05-18 09:00:00,553.14002,314.62604,442.7377
Origen 6,2026-05-18 10:00:00,553.14002,314.2776,442.29922
Origen 6,2026-05-18 11:00:00,553.14002,319.61618,458.70242
Origen 6,2026-05-18 12:00:00,583.14002,367.96893,477.70752
Origen 6,2026-05-18 13:00:00,583.14002,405.06726,681.1651
Origen 6,2026-05-18 14:00:00,821.81402,407.0785,765.6478
Origen 6,2026-05-18 15:00:00,821.81402,407.0785,766.89923
Origen 6,2026-05-18 16:00:00,822.14002,407.0785,775.87335
Origen 6,2026-05-18 17:00:00,833.14002,406.84503,809.63513
Origen 6,2026-05-18 18:00:00,903.14002,420.1047,812.46497
Origen 6,2026-05-18 19:00:00,903.14002,420.1047,812.46497
Origen 6,2026-05-18 20:00:00,903.14002,404.4155,806.831
Origen 6,2026-05-18 21:00:00,903.14002,403.70743,804.1179
Origen 6,2026-05-18 22:00:00,833.14002,403.22415,802.8057
Origen 6,2026-05-18 23:00:00,823.14002,400.83057,798.9334
Origen 6,2026-05-19 00:00:00,829.28103,438.69528,773.442
Origen 6,2026-05-19 01:00:00,829.28103,437.1423,771.0548
Origen 6,2026-05-19 02:00:00,829.28103,434.64542,658.5559
Origen 6,2026-05-19 03:00:00,822.42803,431.5043,584.8651
Origen 6,2026-05-19 04:00:00,829.28103,429.14066,757.65234
Origen 6,2026-05-19 05:00:00,829.28103,427.71448,761.67426
Origen 6,2026-05-19 06:00:00,829.28103,422.8595,761.30505
Origen 6,2026-05-19 07:00:00,822.42803,436.09616,561.2909
Origen 6,2026-05-19 08:00:00,822.42803,437.49854,561.4371
Origen 6,2026-05-19 09:00:00,707.42803,436.60657,561.0273
Origen 6,2026-05-19 10:00:00,822.42803,433.50827,560.1415
Origen 6,2026-05-19 11:00:00,822.42803,434.37527,556.81006
Origen 6,2026-05-19 12:00:00,822.42803,440.63474,588.7329
Origen 6,2026-05-19 13:00:00,822.42803,429.05734,600.6585
Origen 6,2026-05-19 14:00:00,829.28103,429.52676,793.0593
Origen 6,2026-05-19 15:00:00,832.42803,437.38107,786.35504
Origen 6,2026-05-19 16:00:00,891.42803,437.38107,785.8228
Origen 6,2026-05-19 17:00:00,905.42803,434.29675,785.8228
Origen 6,2026-05-19 18:00:00,905.42803,434.29675,816.7202
Origen 6,2026-05-19 19:00:00,907.42803,434.29675,811.48145
Origen 6,2026-05-19 20:00:00,907.42803,431.09396,806.1784
Origen 6,2026-05-19 21:00:00,905.42803,430.6151,804.88354
Origen 6,2026-05-19 22:00:00,905.42803,430.6151,766.4419
Origen 6,2026-05-19 23:00:00,852.42803,420.72534,752.2601
Origen 6,2026-05-20 00:00:00,832.39948,428.47183,711.13556
Origen 6,2026-05-20 01:00:00,822.39948,426.9687,712.1702
Origen 6,2026-05-20 02:00:00,822.39948,422.68008,707.7456
Origen 6,2026-05-20 03:00:00,822.39948,416.92487,706.46094
Origen 6,2026-05-20 04:00:00,822.39948,412.92987,703.72284
Origen 6,2026-05-20 05:00:00,832.39948,414.1635,708.3652
Origen 6,2026-05-20 06:00:00,822.39948,404.80408,715.1362
Origen 6,2026-05-20 07:00:00,752.39948,415.00525,721.25226
Origen 6,2026-05-20 08:00:00,752.39948,437.65976,742.70447
Origen 6,2026-05-20 09:00:00,752.39948,434.75903,641.0895
Origen 6,2026-05-20 10:00:00,752.39948,444.4203,763.4979
Origen 6,2026-05-20 11:00:00,822.39948,445.20212,775.65955
Origen 6,2026-05-20 12:00:00,820.04448,446.58585,791.08136
Origen 6,2026-05-20 13:00:00,822.39948,443.62128,804.34985
Origen 6,2026-05-20 14:00:00,832.39948,445.0457,827.096
Origen 6,2026-05-20 15:00:00,881.39948,445.8148,827.79987
Origen 6,2026-05-20 16:00:00,905.89948,446.1478,863.1209
Origen 6,2026-05-20 17:00:00,905.89948,446.33142,866.1335
Origen 6,2026-05-20 18:00:00,951.39948,446.42126,868.13605
Origen 6,2026-05-20 19:00:00,952.39948,444.6679,868.13605
Origen 6,2026-05-20 20:00:00,907.39948,441.18915,865.38745
Origen 6,2026-05-20 21:00:00,905.89948,449.71173,860.6694
Origen 6,2026-05-20 22:00:00,905.89948,447.6901,858.9291
Origen 6,2026-05-20 23:00:00,881.39948,444.88208,810.4818
Origen 6,2026-05-21 00:00:00,633.75144,444.3184,792.49084
Origen 6,2026-05-21 01:00:00,633.75144,439.56845,786.72565
Origen 6,2026-05-21 02:00:00,633.75144,431.71704,784.0666
Origen 6,2026-05-21 03:00:00,633.75144,431.71704,780.72876
Origen 6,2026-05-21 04:00:00,633.75144,432.4953,782.376
Origen 6,2026-05-21 05:00:00,653.75144,428.6668,786.1121
Origen 6,2026-05-21 06:00:00,653.75144,428.12668,785.7512
Origen 6,2026-05-21 07:00:00,653.75144,436.52036,745.51953
Origen 6,2026-05-21 08:00:00,653.75144,446.19394,750.5087
Origen 6,2026-05-21 09:00:00,653.75144,448.47675,757.608
Origen 6,2026-05-21 10:00:00,653.75144,450.97266,761.72363
Origen 6,2026-05-21 11:00:00,653.75144,453.52036,813.576
Origen 6,2026-05-21 12:00:00,633.75144,453.68173,814.05133
Origen 6,2026-05-21 13:00:00,653.75144,452.0776,824.5585
Origen 6,2026-05-21 14:00:00,802.75144,453.27347,826.3525
Origen 6,2026-05-21 15:00:00,823.75144,453.27347,861.5605
Origen 6,2026-05-21 16:00:00,823.75144,453.27347,866.852
Origen 6,2026-05-21 17:00:00,823.75144,453.01352,866.852
Origen 6,2026-05-21 18:00:00,902.75144,453.01352,878.27167
Origen 6,2026-05-21 19:00:00,902.75144,453.01352,878.27167
Origen 6,2026-05-21 20:00:00,823.75144,450.42297,864.7844
Origen 6,2026-05-21 21:00:00,823.75144,452.27405,862.62134
Origen 6,2026-05-21 22:00:00,705.37444,450.24084,856.7402
Origen 6,2026-05-21 23:00:00,653.75144,447.30576,853.39844
Origen 6,2026-05-22 00:00:00,390.96186,430.38785,639.6229
Origen 6,2026-05-22 01:00:00,390.96186,422.964,619.5904
Origen 6,2026-05-22 02:00:00,390.96186,424.34818,613.56824
Origen 6,2026-05-22 03:00:00,390.96186,420.76767,611.51117
Origen 6,2026-05-22 04:00:00,390.96186,424.09634,606.46045
Origen 6,2026-05-22 05:00:00,395.96186,423.75854,645.4845
Origen 6,2026-05-22 06:00:00,395.96186,422.71173,638.8776
Origen 6,2026-05-22 07:00:00,390.96186,417.32306,643.80615
Origen 6,2026-05-22 08:00:00,390.96186,416.70544,633.5176
Origen 6,2026-05-22 09:00:00,390.96186,416.70544,630.2009
Origen 6,2026-05-22 10:00:00,390.96186,416.70544,613.0488
Origen 6,2026-05-22 11:00:00,395.96186,417.15677,608.13824
Origen 6,2026-05-22 12:00:00,395.96186,417.15677,575.2641
Origen 6,2026-05-22 13:00:00,644.96186,416.19788,611.4481
Origen 6,2026-05-22 14:00:00,670.96186,414.56598,712.0459
Origen 6,2026-05-22 15:00:00,689.34086,414.56598,739.47943
Origen 6,2026-05-22 16:00:00,715.96186,412.85645,729.2135
Origen 6,2026-05-22 17:00:00,810.96186,412.85645,725.8634
Origen 6,2026-05-22 18:00:00,911.96186,413.64697,748.12946
Origen 6,2026-05-22 19:00:00,911.96186,413.64697,746.0473
Origen 6,2026-05-22 20:00:00,904.96186,413.64697,713.6943
Origen 6,2026-05-22 21:00:00,810.96186,413.64697,711.4052
Origen 6,2026-05-22 22:00:00,715.96186,414.57425,591.72266
Origen 6,2026-05-22 23:00:00,670.96186,413.32977,568.81433
Origen 6,2026-05-23 00:00:00,691.64388,310.73895,363.7949
Origen 6,2026-05-23 01:00:00,691.64388,309.49576,360.7556
Origen 6,2026-05-23 02:00:00,691.64388,308.41486,363.53598
Origen 6,2026-05-23 03:00:00,667.64388,308.2161,360.71054
Origen 6,2026-05-23 04:00:00,667.64388,308.6994,361.141
Origen 6,2026-05-23 05:00:00,667.64388,308.0797,360.7656
Origen 6,2026-05-23 06:00:00,667.64388,308.5768,360.5501
Origen 6,2026-05-23 07:00:00,592.64388,302.42834,358.5268
Origen 6,2026-05-23 08:00:00,592.64388,302.42834,358.97943
Origen 6,2026-05-23 09:00:00,592.64388,302.42834,353.60074
Origen 6,2026-05-23 10:00:00,592.64388,302.42834,355.63834
Origen 6,2026-05-23 11:00:00,592.64388,302.25003,354.12735
Origen 6,2026-05-23 12:00:00,592.64388,302.25003,355.33423
Origen 6,2026-05-23 13:00:00,667.64388,397.1278,531.61194
Origen 6,2026-05-23 14:00:00,695.89388,403.88226,556.36285
Origen 6,2026-05-23 15:00:00,722.64388,403.70782,559.3938
Origen 6,2026-05-23 16:00:00,802.64388,403.70782,567.94543
Origen 6,2026-05-23 17:00:00,807.64388,403.70782,673.30664
Origen 6,2026-05-23 18:00:00,908.64388,403.6412,702.8154
Origen 6,2026-05-23 19:00:00,908.64388,402.859,716.2809
Origen 6,2026-05-23 20:00:00,901.64388,402.859,719.79517
Origen 6,2026-05-23 21:00:00,807.64388,402.859,690.3394
Origen 6,2026-05-23 22:00:00,722.64388,402.859,580.794
Origen 6,2026-05-23 23:00:00,695.89388,401.8232,580.4213
Origen 6,2026-05-24 00:00:00,669.81899,402.2668,568.9128
Origen 6,2026-05-24 01:00:00,669.81899,401.45914,566.5751
Origen 6,2026-05-24 02:00:00,669.81899,400.42615,568.33716
Origen 6,2026-05-24 03:00:00,669.81899,400.31982,577.55475
Origen 6,2026-05-24 04:00:00,669.81899,400.42615,577.55475
Origen 6,2026-05-24 05:00:00,653.81899,401.30426,579.48413
Origen 6,2026-05-24 06:00:00,554.81899,401.50128,577.365
Origen 6,2026-05-24 07:00:00,554.81899,393.93155,508.67053
Origen 6,2026-05-24 08:00:00,98.71499,394.72714,510.70477
Origen 6,2026-05-24 09:00:00,246.00899,395.08865,510.70477
Origen 6,2026-05-24 10:00:00,253.29899,397.66635,513.2704
Origen 6,2026-05-24 11:00:00,554.81899,399.05225,513.7623
Origen 6,2026-05-24 12:00:00,554.81899,397.2731,521.4126
Origen 6,2026-05-24 13:00:00,554.81899,404.60992,604.72784
Origen 6,2026-05-24 14:00:00,554.81899,405.65295,613.46295
Origen 6,2026-05-24 15:00:00,554.81899,405.65295,615.5569
Origen 6,2026-05-24 16:00:00,669.81899,405.65295,696.673
Origen 6,2026-05-24 17:00:00,724.81899,405.65295,729.2518
Origen 6,2026-05-24 18:00:00,724.81899,405.65295,760.43463
Origen 6,2026-05-24 19:00:00,809.81899,405.65295,763.00696
Origen 6,2026-05-24 20:00:00,809.81899,405.65295,764.8115
Origen 6,2026-05-24 21:00:00,809.81899,405.65295,734.35443
Origen 6,2026-05-24 22:00:00,724.81899,405.65295,621.02936
Origen 6,2026-05-24 23:00:00,724.81899,404.16315,618.51886
Origen 6,2026-05-25 00:00:00,455.51831,423.21576,640.5292
Origen 6,2026-05-25 01:00:00,455.51831,421.90442,629.545
Origen 6,2026-05-25 02:00:00,455.51831,418.8917,627.29846
Origen 6,2026-05-25 03:00:00,455.51831,418.68683,625.74347
Origen 6,2026-05-25 04:00:00,455.51831,420.48566,631.16144
Origen 6,2026-05-25 05:00:00,670.51831,418.845,628.2864
Origen 6,2026-05-25 06:00:00,670.51831,407.5009,539.58563
Origen 6,2026-05-25 07:00:00,549.84831,414.2909,540.522
Origen 6,2026-05-25 08:00:00,644.51831,185.32556,259.77365
Origen 6,2026-05-25 09:00:00,455.51831,284.96277,341.6261
Origen 6,2026-05-25 10:00:00,644.51831,288.6477,342.57208
Origen 6,2026-05-25 11:00:00,670.51831,418.7409,534.5394
Origen 6,2026-05-25 12:00:00,670.51831,418.7409,536.0832
Origen 6,2026-05-25 13:00:00,705.51831,417.7784,553.0014
Origen 6,2026-05-25 14:00:00,720.51831,419.46353,558.18207
Origen 6,2026-05-25 15:00:00,720.51831,419.46353,560.2288
Origen 6,2026-05-25 16:00:00,720.51831,424.04172,675.4216
Origen 6,2026-05-25 17:00:00,720.51831,423.79852,688.3852
Origen 6,2026-05-25 18:00:00,725.51831,424.3065,680.10095
Origen 6,2026-05-25 19:00:00,725.51831,424.3065,788.7002
Origen 6,2026-05-25 20:00:00,723.51831,421.89737,782.4427
Origen 6,2026-05-25 21:00:00,720.51831,421.4287,779.461
Origen 6,2026-05-25 22:00:00,720.51831,421.4287,666.3187
Origen 6,2026-05-25 23:00:00,705.51831,419.2722,661.1214
Origen 6,2026-05-26 00:00:00,465.8808,395.73047,447.1062
Origen 6,2026-05-26 01:00:00,465.8808,394.18997,444.57715
Origen 6,2026-05-26 02:00:00,465.8808,392.01462,438.978
Origen 6,2026-05-26 03:00:00,465.8808,390.5444,438.6681
Origen 6,2026-05-26 04:00:00,465.8808,391.449,452.77014
Origen 6,2026-05-26 05:00:00,644.8808,430.74304,636.1776
Origen 6,2026-05-26 06:00:00,644.8808,430.0813,636.1776
Origen 6,2026-05-26 07:00:00,465.8808,429.2626,544.4399
Origen 6,2026-05-26 08:00:00,465.8808,439.52002,643.34125
Origen 6,2026-05-26 09:00:00,465.8808,401.74713,479.13815
Origen 6,2026-05-26 10:00:00,465.8808,440.69797,658.1804
Origen 6,2026-05-26 11:00:00,644.8808,441.57935,670.6378
Origen 6,2026-05-26 12:00:00,644.8808,441.57935,670.6378
Origen 6,2026-05-26 13:00:00,670.8808,440.56436,679.462
Origen 6,2026-05-26 14:00:00,685.8808,441.70004,681.4601
Origen 6,2026-05-26 15:00:00,685.8808,441.70004,682.8376
Origen 6,2026-05-26 16:00:00,685.8808,438.8369,686.737
Origen 6,2026-05-26 17:00:00,685.8808,438.58527,686.31244
Origen 6,2026-05-26 18:00:00,904.8808,438.58527,695.5242
Origen 6,2026-05-26 19:00:00,904.8808,439.23532,695.4403
Origen 6,2026-05-26 20:00:00,904.8808,436.74146,690.0593
Origen 6,2026-05-26 21:00:00,685.8808,436.25632,673.7932
Origen 6,2026-05-26 22:00:00,685.8808,433.70197,670.43896
Origen 6,2026-05-26 23:00:00,670.8808,432.385,661.21375
Origen 6,2026-05-27 00:00:00,446.08831,398.0904,460.9356
Origen 6,2026-05-27 01:00:00,436.08831,389.3967,460.30414
Origen 6,2026-05-27 02:00:00,436.08831,386.04504,453.20926
Origen 6,2026-05-27 03:00:00,436.08831,383.60873,450.03162
Origen 6,2026-05-27 04:00:00,446.08831,378.79077,443.78714
Origen 6,2026-05-27 05:00:00,456.08831,412.04633,596.55414
Origen 6,2026-05-27 06:00:00,446.08831,404.04465,587.671
Origen 6,2026-05-27 07:00:00,446.08831,381.47488,416.9897
Origen 6,2026-05-27 08:00:00,446.08831,387.22107,419.0933
Origen 6,2026-05-27 09:00:00,446.08831,390.7689,422.26532
Origen 6,2026-05-27 10:00:00,446.08831,392.8434,424.3672
Origen 6,2026-05-27 11:00:00,446.08831,425.689,569.41705
Origen 6,2026-05-27 12:00:00,446.08831,426.00986,566.63916
Origen 6,2026-05-27 13:00:00,446.08831,425.44955,582.86615
Origen 6,2026-05-27 14:00:00,456.08831,426.73056,594.5841
Origen 6,2026-05-27 15:00:00,456.08831,426.81644,601.61523
Origen 6,2026-05-27 16:00:00,671.08831,426.81644,601.61523
Origen 6,2026-05-27 17:00:00,671.08831,426.57166,601.61523
Origen 6,2026-05-27 18:00:00,905.08831,425.9404,761.6746
Origen 6,2026-05-27 19:00:00,1126.08831,425.9404,761.6746
Origen 6,2026-05-27 20:00:00,905.08831,423.52203,758.49274
Origen 6,2026-05-27 21:00:00,691.08831,423.0515,605.35846
Origen 6,2026-05-27 22:00:00,630.08831,422.872,601.10315
Origen 6,2026-05-27 23:00:00,456.08831,421.17456,587.4752
Origen 6,2026-05-28 00:00:00,265.41213,378.95102,394.54834
Origen 6,2026-05-28 01:00:00,265.41213,378.54214,389.47305
Origen 6,2026-05-28 02:00:00,265.41213,375.6952,384.64124
Origen 6,2026-05-28 03:00:00,265.41213,375.26636,382.62534
Origen 6,2026-05-28 04:00:00,265.41213,376.113,393.33282
Origen 6,2026-05-28 05:00:00,435.41213,388.0064,397.76932
Origen 6,2026-05-28 06:00:00,267.18413,380.5505,393.928
Origen 6,2026-05-28 07:00:00,265.41213,381.7109,400.68747
Origen 6,2026-05-28 08:00:00,265.41213,381.92996,401.4277
Origen 6,2026-05-28 09:00:00,265.41213,381.92996,401.4277
Origen 6,2026-05-28 10:00:00,265.41213,391.33405,401.4277
Origen 6,2026-05-28 11:00:00,265.41213,392.1167,400.7335
Origen 6,2026-05-28 12:00:00,265.41213,392.1167,400.7335
Origen 6,2026-05-28 13:00:00,435.41213,391.2154,408.09146
Origen 6,2026-05-28 14:00:00,450.41213,400.12918,420.68124
Origen 6,2026-05-28 15:00:00,450.41213,400.12918,423.98895
Origen 6,2026-05-28 16:00:00,636.41213,435.57928,593.45026
Origen 6,2026-05-28 17:00:00,680.41213,435.02133,593.45026
Origen 6,2026-05-28 18:00:00,705.41213,435.02133,743.6896
Origen 6,2026-05-28 19:00:00,1095.41213,435.02133,790.96936
Origen 6,2026-05-28 20:00:00,705.41213,432.5514,736.5646
Origen 6,2026-05-28 21:00:00,680.41213,432.0709,587.8574
Origen 6,2026-05-28 22:00:00,450.41213,433.14377,537.8263
Origen 6,2026-05-28 23:00:00,450.41213,394.52448,411.45557
Origen 6,2026-05-29 00:00:00,331.58546,257.76474,279.56076
Origen 6,2026-05-29 01:00:00,336.58546,257.34952,276.6708
Origen 6,2026-05-29 02:00:00,331.58546,256.55957,274.64005
Origen 6,2026-05-29 03:00:00,331.58546,257.3479,269.61252
Origen 6,2026-05-29 04:00:00,331.58546,257.75146,267.3458
Origen 6,2026-05-29 05:00:00,336.58546,359.70816,366.72055
Origen 6,2026-05-29 06:00:00,336.58546,258.2071,270.4914
Origen 6,2026-05-29 07:00:00,336.58546,258.78122,270.70648
Origen 6,2026-05-29 08:00:00,336.58546,258.78122,271.04825
Origen 6,2026-05-29 09:00:00,331.58546,258.78122,271.04825
Origen 6,2026-05-29 10:00:00,336.58546,258.78122,272.00272
Origen 6,2026-05-29 11:00:00,336.58546,257.9376,275.90356
Origen 6,2026-05-29 12:00:00,336.58546,257.9376,275.90356
Origen 6,2026-05-29 13:00:00,336.58546,370.56348,390.81714
Origen 6,2026-05-29 14:00:00,336.58546,373.02237,400.8675
Origen 6,2026-05-29 15:00:00,411.58546,373.02237,402.7791
Origen 6,2026-05-29 16:00:00,412.58546,415.79382,554.94824
Origen 6,2026-05-29 17:00:00,412.58546,415.79382,570.4128
Origen 6,2026-05-29 18:00:00,676.58546,415.79382,574.48645
Origen 6,2026-05-29 19:00:00,676.58546,415.79382,762.6657
Origen 6,2026-05-29 20:00:00,632.58546,415.79382,557.55347
Origen 6,2026-05-29 21:00:00,412.58546,415.79382,552.44086
Origen 6,2026-05-29 22:00:00,336.58546,373.02237,389.10605
Origen 6,2026-05-29 23:00:00,336.58546,370.65497,384.01758
Origen 6,2026-05-30 00:00:00,338.71689,286.55893,305.32925
Origen 6,2026-05-30 01:00:00,338.71689,286.2107,303.6106
Origen 6,2026-05-30 02:00:00,270.62789,285.14832,303.6106
Origen 6,2026-05-30 03:00:00,262.19689,285.14832,312.37146
Origen 6,2026-05-30 04:00:00,262.19689,285.59546,315.1299
Origen 6,2026-05-30 05:00:00,265.48889,285.63943,314.4426
Origen 6,2026-05-30 06:00:00,265.48889,286.1003,316.015
Origen 6,2026-05-30 07:00:00,262.19689,286.55716,316.31955
Origen 6,2026-05-30 08:00:00,262.19689,286.55716,327.0659
Origen 6,2026-05-30 09:00:00,260.71689,286.48636,329.72293
Origen 6,2026-05-30 10:00:00,260.71689,285.93118,333.85654
Origen 6,2026-05-30 11:00:00,262.19689,287.17462,334.58694
Origen 6,2026-05-30 12:00:00,260.71689,287.17462,338.37115
Origen 6,2026-05-30 13:00:00,260.71689,286.51453,343.2533
Origen 6,2026-05-30 14:00:00,260.71689,287.67023,346.59482
Origen 6,2026-05-30 15:00:00,338.71689,306.19327,379.0405
Origen 6,2026-05-30 16:00:00,338.71689,306.19327,371.9031
Origen 6,2026-05-30 17:00:00,413.71689,306.19327,372.55313
Origen 6,2026-05-30 18:00:00,678.71689,403.33163,563.7167
Origen 6,2026-05-30 19:00:00,678.71689,385.36435,579.92944
Origen 6,2026-05-30 20:00:00,678.71689,383.4953,542.2022
Origen 6,2026-05-30 21:00:00,414.71689,293.97955,388.73734
Origen 6,2026-05-30 22:00:00,338.71689,275.94263,354.62653
Origen 6,2026-05-30 23:00:00,338.71689,275.23315,349.15134
Origen 6,2026-05-31 00:00:00,335.48873,275.56262,343.4006
Origen 6,2026-05-31 01:00:00,310.48873,274.98376,343.0293
Origen 6,2026-05-31 02:00:00,260.48873,253.1079,286.13675
Origen 6,2026-05-31 03:00:00,260.48873,252.8746,286.13675
Origen 6,2026-05-31 04:00:00,260.48873,253.1079,283.04572
Origen 6,2026-05-31 05:00:00,260.48873,253.87473,282.70068
Origen 6,2026-05-31 06:00:00,255.48873,253.87473,279.165
Origen 6,2026-05-31 07:00:00,255.48873,253.62341,276.3959
Origen 6,2026-05-31 08:00:00,255.48873,236.59021,253.43457
Origen 6,2026-05-31 09:00:00,255.48873,238.58319,260.837
Origen 6,2026-05-31 10:00:00,255.48873,238.58319,258.38617
Origen 6,2026-05-31 11:00:00,255.48873,253.725,274.14456
Origen 6,2026-05-31 12:00:00,255.48873,254.0273,270.9176
Origen 6,2026-05-31 13:00:00,255.48873,253.44339,277.12598
Origen 6,2026-05-31 14:00:00,255.48873,254.09671,278.03738
Origen 6,2026-05-31 15:00:00,260.48873,276.9886,334.51578
Origen 6,2026-05-31 16:00:00,336.48873,273.4817,334.8637
Origen 6,2026-05-31 17:00:00,410.48873,341.7291,365.42203
Origen 6,2026-05-31 18:00:00,480.48873,382.56586,539.70917
Origen 6,2026-05-31 19:00:00,675.48873,382.56586,542.19653
Origen 6,2026-05-31 20:00:00,480.48873,382.56586,546.2904
Origen 6,2026-05-31 21:00:00,480.48873,341.7291,385.92725
Origen 6,2026-05-31 22:00:00,410.48873,273.4817,339.06732
Origen 6,2026-05-31 23:00:00,410.48873,272.4773,337.94513
Origen 6,2026-06-01 00:00:00,352.26015,293.25824,372.18982
Origen 6,2026-06-01 01:00:00,352.26015,281.03662,353.00452
Origen 6,2026-06-01 02:00:00,352.26015,261.1997,306.67386
Origen 6,2026-06-01 03:00:00,352.26015,260.44775,306.5183
Origen 6,2026-06-01 04:00:00,352.26015,260.25943,307.37994
Origen 6,2026-06-01 05:00:00,402.26015,273.22583,313.9593
Origen 6,2026-06-01 06:00:00,402.26015,271.12128,318.27573
Origen 6,2026-06-01 07:00:00,352.26015,275.27606,319.14056
Origen 6,2026-06-01 08:00:00,352.26015,275.8449,321.25537
Origen 6,2026-06-01 09:00:00,328.26015,263.72974,318.82086
Origen 6,2026-06-01 10:00:00,352.26015,275.8449,321.25537
Origen 6,2026-06-01 11:00:00,402.26015,275.9249,315.1277
Origen 6,2026-06-01 12:00:00,402.26015,275.9249,314.62616
Origen 6,2026-06-01 13:00:00,402.26015,275.29065,323.2326
Origen 6,2026-06-01 14:00:00,402.26015,276.00027,325.21616
Origen 6,2026-06-01 15:00:00,667.26015,275.6357,326.07843
Origen 6,2026-06-01 16:00:00,667.26015,301.11343,381.75003
Origen 6,2026-06-01 17:00:00,682.26015,319.2876,416.20245
Origen 6,2026-06-01 18:00:00,1082.26015,381.88623,450.5989
Origen 6,2026-06-01 19:00:00,1112.26015,414.44168,610.8062
Origen 6,2026-06-01 20:00:00,901.26015,376.3624,447.15756
Origen 6,2026-06-01 21:00:00,682.26015,379.8583,446.195
Origen 6,2026-06-01 22:00:00,672.26015,317.68845,410.0678
Origen 6,2026-06-01 23:00:00,472.26015,316.9011,407.37848
Origen 6,2026-06-02 00:00:00,399.80252,308.69116,356.3861
Origen 6,2026-06-02 01:00:00,399.80252,308.27206,352.6889
Origen 6,2026-06-02 02:00:00,399.80252,306.45355,351.3467
Origen 6,2026-06-02 03:00:00,399.80252,304.9152,346.72473
Origen 6,2026-06-02 04:00:00,404.80252,303.55948,354.29742
Origen 6,2026-06-02 05:00:00,469.80252,318.74652,385.582
Origen 6,2026-06-02 06:00:00,404.80252,318.94308,388.74774
Origen 6,2026-06-02 07:00:00,399.80252,312.35242,369.24713
Origen 6,2026-06-02 08:00:00,354.80252,316.34235,377.4027
Origen 6,2026-06-02 09:00:00,354.80252,299.46063,368.36972
Origen 6,2026-06-02 10:00:00,399.80252,316.75665,377.47165
Origen 6,2026-06-02 11:00:00,399.80252,323.90536,409.13446
Origen 6,2026-06-02 12:00:00,399.80252,325.52847,412.4613
Origen 6,2026-06-02 13:00:00,399.80252,324.03958,417.44644
Origen 6,2026-06-02 14:00:00,469.80252,324.87488,420.96716
Origen 6,2026-06-02 15:00:00,664.80252,420.59937,623.2207
Origen 6,2026-06-02 16:00:00,669.80252,440.3291,623.2207
Origen 6,2026-06-02 17:00:00,679.80252,439.09232,622.9459
Origen 6,2026-06-02 18:00:00,897.80252,436.36407,822.1431
Origen 6,2026-06-02 19:00:00,1079.80252,435.96472,823.11285
Origen 6,2026-06-02 20:00:00,898.80252,433.4894,769.1533
Origen 6,2026-06-02 21:00:00,679.80252,432.87268,635.9995
Origen 6,2026-06-02 22:00:00,664.80252,432.76144,648.0801
Origen 6,2026-06-02 23:00:00,659.80252,394.29254,473.4901
Origen 6,2026-06-03 00:00:00,422.63257,318.61917,420.1596
Origen 6,2026-06-03 01:00:00,477.63257,316.8165,415.0449
Origen 6,2026-06-03 02:00:00,477.63257,313.73032,410.76962
Origen 6,2026-06-03 03:00:00,422.63257,309.00705,410.85956
Origen 6,2026-06-03 04:00:00,422.63257,309.74557,411.61313
Origen 6,2026-06-03 05:00:00,552.63257,366.40366,448.98282
Origen 6,2026-06-03 06:00:00,477.63257,305.0331,414.5474
Origen 6,2026-06-03 07:00:00,422.63257,312.57886,416.69073
Origen 6,2026-06-03 08:00:00,477.63257,315.79993,392.44666
Origen 6,2026-06-03 09:00:00,422.63257,318.1519,395.79803
Origen 6,2026-06-03 10:00:00,477.63257,322.03006,426.23944
Origen 6,2026-06-03 11:00:00,477.63257,321.7473,426.23944
Origen 6,2026-06-03 12:00:00,477.63257,321.7473,426.23944
Origen 6,2026-06-03 13:00:00,552.63257,321.00775,431.06848
Origen 6,2026-06-03 14:00:00,552.63257,387.5695,466.57452
Origen 6,2026-06-03 15:00:00,552.63257,422.04648,641.3393
Origen 6,2026-06-03 16:00:00,667.63257,434.83533,652.04865
Origen 6,2026-06-03 17:00:00,667.63257,435.1018,653.434
Origen 6,2026-06-03 18:00:00,901.63257,434.7178,789.12384
Origen 6,2026-06-03 19:00:00,1082.63257,434.7178,839.9126
Origen 6,2026-06-03 20:00:00,901.63257,432.24957,786.3885
Origen 6,2026-06-03 21:00:00,692.63257,425.53616,650.5732
Origen 6,2026-06-03 22:00:00,552.63257,425.53616,649.7265
Origen 6,2026-06-03 23:00:00,477.63257,410.35162,631.8709
Origen 6,2026-06-04 00:00:00,414.08495,360.12485,424.63013
Origen 6,2026-06-04 01:00:00,414.08495,367.76126,431.6436
Origen 6,2026-06-04 02:00:00,414.08495,364.64377,430.21613
Origen 6,2026-06-04 03:00:00,414.08495,352.1785,417.56592
Origen 6,2026-06-04 04:00:00,414.08495,356.39597,419.74786
Origen 6,2026-06-04 05:00:00,414.08495,413.00784,519.3932
Origen 6,2026-06-04 06:00:00,414.08495,376.38232,438.87775
Origen 6,2026-06-04 07:00:00,414.08495,367.3135,433.39832
Origen 6,2026-06-04 08:00:00,414.08495,377.86697,445.41635
Origen 6,2026-06-04 09:00:00,414.08495,375.45428,434.19904
Origen 6,2026-06-04 10:00:00,414.08495,385.4805,445.41635
Origen 6,2026-06-04 11:00:00,414.08495,385.76553,445.41635
Origen 6,2026-06-04 12:00:00,414.08495,386.1189,445.41635
Origen 6,2026-06-04 13:00:00,414.08495,422.91693,535.4458
Origen 6,2026-06-04 14:00:00,414.08495,424.00717,536.6119
Origen 6,2026-06-04 15:00:00,483.08495,424.83102,536.9973
Origen 6,2026-06-04 16:00:00,613.08495,437.3617,654.7259
Origen 6,2026-06-04 17:00:00,613.08495,437.1109,654.7259
Origen 6,2026-06-04 18:00:00,902.08495,437.1109,784.24384
Origen 6,2026-06-04 19:00:00,1083.08495,437.1109,840.86993
Origen 6,2026-06-04 20:00:00,902.08495,434.62906,781.5254
Origen 6,2026-06-04 21:00:00,693.08495,434.14624,651.4787
Origen 6,2026-06-04 22:00:00,613.08495,421.7077,533.4025
Origen 6,2026-06-04 23:00:00,483.08495,390.04733,468.66266
Origen 6,2026-06-05 00:00:00,481.29214,363.6945,429.7677
Origen 6,2026-06-05 01:00:00,481.29214,362.93045,416.46588
Origen 6,2026-06-05 02:00:00,481.29214,362.60648,414.6267
Origen 6,2026-06-05 03:00:00,481.29214,362.97687,410.7604
Origen 6,2026-06-05 04:00:00,512.29214,362.40283,411.18546
Origen 6,2026-06-05 05:00:00,512.29214,362.91507,414.54977
Origen 6,2026-06-05 06:00:00,512.29214,363.0435,414.092
Origen 6,2026-06-05 07:00:00,512.29214,363.5195,413.05927
Origen 6,2026-06-05 08:00:00,512.29214,363.9552,411.60138
Origen 6,2026-06-05 09:00:00,512.29214,358.1649,410.10245
Origen 6,2026-06-05 10:00:00,512.29214,358.36884,409.52692
Origen 6,2026-06-05 11:00:00,512.29214,358.6338,408.87268
Origen 6,2026-06-05 12:00:00,512.29214,358.6338,408.87268
Origen 6,2026-06-05 13:00:00,666.29214,357.80945,410.69794
Origen 6,2026-06-05 14:00:00,900.29214,358.62643,412.6533
Origen 6,2026-06-05 15:00:00,712.29214,370.27274,436.4356
Origen 6,2026-06-05 16:00:00,712.29214,401.41547,537.2104
Origen 6,2026-06-05 17:00:00,900.29214,401.41547,537.2104
Origen 6,2026-06-05 18:00:00,961.29214,409.70154,736.59296
Origen 6,2026-06-05 19:00:00,961.29214,409.70154,784.00085
Origen 6,2026-06-05 20:00:00,941.29214,409.70154,734.6693
Origen 6,2026-06-05 21:00:00,900.29214,402.34433,600.4359
Origen 6,2026-06-05 22:00:00,691.29214,402.34433,521.72797
Origen 6,2026-06-05 23:00:00,666.29214,369.7048,420.3882
Origen 6,2026-06-06 00:00:00,382.8563,364.29587,395.8513
Origen 6,2026-06-06 01:00:00,382.8563,363.5306,393.66116
Origen 6,2026-06-06 02:00:00,496.8563,356.9431,385.5421
Origen 6,2026-06-06 03:00:00,496.8563,356.7712,385.5421
Origen 6,2026-06-06 04:00:00,496.8563,382.25406,425.11026
Origen 6,2026-06-06 05:00:00,496.8563,382.8712,424.25085
Origen 6,2026-06-06 06:00:00,496.8563,382.8712,423.90665
Origen 6,2026-06-06 07:00:00,591.8563,383.87534,425.56076
Origen 6,2026-06-06 08:00:00,591.8563,384.80414,426.098
Origen 6,2026-06-06 09:00:00,591.8563,384.80414,426.098
Origen 6,2026-06-06 10:00:00,496.8563,384.80414,426.098
Origen 6,2026-06-06 11:00:00,591.8563,385.08862,426.098
Origen 6,2026-06-06 12:00:00,591.8563,385.08862,425.14148
Origen 6,2026-06-06 13:00:00,496.8563,388.8551,528.6649
Origen 6,2026-06-06 14:00:00,591.8563,389.74295,641.961
Origen 6,2026-06-06 15:00:00,591.8563,397.24258,569.8185
Origen 6,2026-06-06 16:00:00,591.8563,397.24258,565.3351
Origen 6,2026-06-06 17:00:00,666.8563,397.17703,719.6088
Origen 6,2026-06-06 18:00:00,711.8563,403.28668,738.8676
Origen 6,2026-06-06 19:00:00,721.8563,403.65607,742.51495
Origen 6,2026-06-06 20:00:00,711.8563,403.65607,744.01904
Origen 6,2026-06-06 21:00:00,666.8563,396.40738,731.40674
Origen 6,2026-06-06 22:00:00,711.8563,396.40738,578.4345
Origen 6,2026-06-06 23:00:00,666.8563,394.70718,558.8108
Origen 6,2026-06-07 00:00:00,416.49967,299.58676,363.2168
Origen 6,2026-06-07 01:00:00,416.49967,299.0581,361.19662
Origen 6,2026-06-07 02:00:00,416.49967,355.2863,417.60394
Origen 6,2026-06-07 03:00:00,416.49967,355.2863,415.69986
Origen 6,2026-06-07 04:00:00,416.49967,355.43997,415.69986
Origen 6,2026-06-07 05:00:00,376.49967,355.132,413.43658
Origen 6,2026-06-07 06:00:00,376.49967,355.70496,413.41925
Origen 6,2026-06-07 07:00:00,254.97967,387.50592,463.69275
Origen 6,2026-06-07 08:00:00,376.49967,387.50592,464.92795
Origen 6,2026-06-07 09:00:00,201.49967,387.82367,464.92795
Origen 6,2026-06-07 10:00:00,254.97967,356.59827,414.62372
Origen 6,2026-06-07 11:00:00,247.68967,388.5756,464.92795
Origen 6,2026-06-07 12:00:00,296.49967,388.5756,464.92795
Origen 6,2026-06-07 13:00:00,296.49967,356.04163,422.37262
Origen 6,2026-06-07 14:00:00,376.49967,388.9235,477.57907
Origen 6,2026-06-07 15:00:00,416.49967,388.45792,480.3948
Origen 6,2026-06-07 16:00:00,666.49967,395.93283,496.44788
Origen 6,2026-06-07 17:00:00,671.49967,395.93283,572.92255
Origen 6,2026-06-07 18:00:00,701.49967,397.17703,566.16406
Origen 6,2026-06-07 19:00:00,701.49967,404.50653,573.64935
Origen 6,2026-06-07 20:00:00,701.49967,397.8314,570.8323
Origen 6,2026-06-07 21:00:00,701.49967,395.9092,576.21375
Origen 6,2026-06-07 22:00:00,671.49967,395.5848,572.0359
Origen 6,2026-06-07 23:00:00,666.49967,394.68362,566.3663
Origen 6,2026-06-08 00:00:00,293.68127,359.919,389.81284
Origen 6,2026-06-08 01:00:00,293.68127,356.22455,385.591
Origen 6,2026-06-08 02:00:00,293.68127,348.56662,380.46558
Origen 6,2026-06-08 03:00:00,293.68127,345.6699,374.62653
Origen 6,2026-06-08 04:00:00,293.68127,345.05283,383.91214
Origen 6,2026-06-08 05:00:00,303.68127,297.6241,366.79016
Origen 6,2026-06-08 06:00:00,303.68127,297.75287,355.85886
Origen 6,2026-06-08 07:00:00,293.68127,256.1465,291.82925
Origen 6,2026-06-08 08:00:00,293.68127,307.5654,359.9343
Origen 6,2026-06-08 09:00:00,293.68127,221.17314,253.80852
Origen 6,2026-06-08 10:00:00,293.68127,274.9219,287.69217
Origen 6,2026-06-08 11:00:00,253.68127,272.4655,284.00613
Origen 6,2026-06-08 12:00:00,303.68127,291.77777,315.25543
Origen 6,2026-06-08 13:00:00,363.68127,291.10712,327.75565
Origen 6,2026-06-08 14:00:00,363.68127,325.59198,379.62836
Origen 6,2026-06-08 15:00:00,363.68127,383.83215,416.69153
Origen 6,2026-06-08 16:00:00,652.68127,409.9734,603.5298
Origen 6,2026-06-08 17:00:00,652.68127,409.7383,603.5298
Origen 6,2026-06-08 18:00:00,703.68127,410.06683,608.7543
Origen 6,2026-06-08 19:00:00,703.68127,410.06683,608.7543
Origen 6,2026-06-08 20:00:00,703.68127,407.2505,605.16516
Origen 6,2026-06-08 21:00:00,668.68127,406.95935,596.97076
Origen 6,2026-06-08 22:00:00,652.68127,407.3321,590.1526
Origen 6,2026-06-08 23:00:00,652.68127,399.23535,571.2342
Origen 6,2026-06-09 00:00:00,205.07529,284.85886,289.57715
Origen 6,2026-06-09 01:00:00,205.07529,278.27734,288.78647
Origen 6,2026-06-09 02:00:00,205.07529,270.0227,283.05853
Origen 6,2026-06-09 03:00:00,205.07529,267.2302,278.4605
Origen 6,2026-06-09 04:00:00,205.07529,266.0154,280.2519
Origen 6,2026-06-09 05:00:00,245.07529,271.85376,299.29816
Origen 6,2026-06-09 06:00:00,245.07529,270.7492,303.3352
Origen 6,2026-06-09 07:00:00,245.07529,279.46548,289.99915
Origen 6,2026-06-09 08:00:00,245.07529,291.09393,291.8493
Origen 6,2026-06-09 09:00:00,229.55529,294.23874,291.8493
Origen 6,2026-06-09 10:00:00,245.07529,294.6143,296.52457
Origen 6,2026-06-09 11:00:00,245.07529,278.87323,279.66956
Origen 6,2026-06-09 12:00:00,245.07529,298.61295,313.03772
Origen 6,2026-06-09 13:00:00,245.07529,327.785,349.2864
Origen 6,2026-06-09 14:00:00,255.07529,328.6754,356.78708
Origen 6,2026-06-09 15:00:00,670.07529,334.99115,363.7947
Origen 6,2026-06-09 16:00:00,673.07529,439.3562,571.0863
Origen 6,2026-06-09 17:00:00,695.07529,439.10425,571.8856
Origen 6,2026-06-09 18:00:00,715.07529,439.819,589.5858
Origen 6,2026-06-09 19:00:00,1275.07529,439.819,590.39575
Origen 6,2026-06-09 20:00:00,1275.07529,437.3218,586.7806
Origen 6,2026-06-09 21:00:00,1054.07529,436.31308,579.24963
Origen 6,2026-06-09 22:00:00,670.07529,435.14166,547.49414
Origen 6,2026-06-09 23:00:00,268.10729,433.13077,534.09326
Origen 6,2026-06-10 00:00:00,176.82348,230.74072,225.40454
Origen 6,2026-06-10 01:00:00,176.82348,220.00044,220.74925
Origen 6,2026-06-10 02:00:00,196.82348,211.89908,219.1068
Origen 6,2026-06-10 03:00:00,196.82348,207.02458,217.1081
Origen 6,2026-06-10 04:00:00,196.82348,209.30467,218.16447
Origen 6,2026-06-10 05:00:00,196.82348,262.88217,243.28116
Origen 6,2026-06-10 06:00:00,196.82348,245.5159,242.13486
Origen 6,2026-06-10 07:00:00,196.82348,245.96785,243.9903
Origen 6,2026-06-10 08:00:00,196.82348,256.68747,251.91394
Origen 6,2026-06-10 09:00:00,196.82348,254.14737,243.88898
Origen 6,2026-06-10 10:00:00,196.82348,263.22696,257.86603
Origen 6,2026-06-10 11:00:00,196.82348,264.5502,262.84155
Origen 6,2026-06-10 12:00:00,196.82348,265.02396,264.63034
Origen 6,2026-06-10 13:00:00,196.82348,279.55133,276.3598
Origen 6,2026-06-10 14:00:00,196.82348,278.5693,293.8407
Origen 6,2026-06-10 15:00:00,516.82348,416.4218,575.7178
Origen 6,2026-06-10 16:00:00,546.82348,415.88162,579.1587
Origen 6,2026-06-10 17:00:00,671.82348,415.51038,580.3886
Origen 6,2026-06-10 18:00:00,1276.82348,416.3172,594.21423
Origen 6,2026-06-10 19:00:00,1276.82348,435.32242,858.0968
Origen 6,2026-06-10 20:00:00,742.02048,432.85077,856.81616
Origen 6,2026-06-10 21:00:00,742.02048,431.71915,777.24493
Origen 6,2026-06-10 22:00:00,516.82348,431.394,581.65393
Origen 6,2026-06-10 23:00:00,196.82348,268.2738,293.87262
Origen 6,2026-06-11 00:00:00,138.83873,195.81824,220.52432
Origen 6,2026-06-11 01:00:00,138.83873,186.36736,219.11234
Origen 6,2026-06-11 02:00:00,138.83873,192.83705,225.70891
Origen 6,2026-06-11 03:00:00,138.83873,192.1513,234.38788
Origen 6,2026-06-11 04:00:00,138.83873,193.76477,237.98042
Origen 6,2026-06-11 05:00:00,208.83873,197.50253,239.9255
Origen 6,2026-06-11 06:00:00,148.83873,197.29477,236.70462
Origen 6,2026-06-11 07:00:00,138.83873,197.81439,239.29337
Origen 6,2026-06-11 08:00:00,138.83873,202.89862,241.16786
Origen 6,2026-06-11 09:00:00,118.83873,208.83066,244.09793
Origen 6,2026-06-11 10:00:00,138.83873,209.97093,248.36829
Origen 6,2026-06-11 11:00:00,208.83873,210.67949,249.01184
Origen 6,2026-06-11 12:00:00,208.83873,210.48146,249.53387
Origen 6,2026-06-11 13:00:00,208.83873,209.99765,257.26398
Origen 6,2026-06-11 14:00:00,548.83873,210.78278,257.65817
Origen 6,2026-06-11 15:00:00,548.83873,417.5709,500.83545
Origen 6,2026-06-11 16:00:00,608.83873,417.83463,516.6708
Origen 6,2026-06-11 17:00:00,673.83873,418.43814,626.26404
Origen 6,2026-06-11 18:00:00,1157.83873,438.0596,884.1674
Origen 6,2026-06-11 19:00:00,1278.83873,437.86163,887.46375
Origen 6,2026-06-11 20:00:00,1157.83873,416.368,643.2029
Origen 6,2026-06-11 21:00:00,743.96573,416.71182,637.27423
Origen 6,2026-06-11 22:00:00,608.83873,413.9913,502.94745
Origen 6,2026-06-11 23:00:00,233.31873,201.69122,254.80482
Origen 6,2026-06-12 00:00:00,135.79209,174.97813,209.88684
Origen 6,2026-06-12 01:00:00,227.79209,172.07019,203.95837
Origen 6,2026-06-12 02:00:00,135.79209,169.09937,203.51886
Origen 6,2026-06-12 03:00:00,227.79209,168.967,203.43204
Origen 6,2026-06-12 04:00:00,227.79209,174.80591,203.48404
Origen 6,2026-06-12 05:00:00,307.79209,238.72612,258.13116
Origen 6,2026-06-12 06:00:00,227.79209,190.81923,209.87193
Origen 6,2026-06-12 07:00:00,227.79209,179.77562,206.50352
Origen 6,2026-06-12 08:00:00,227.79209,180.21309,204.14343
Origen 6,2026-06-12 09:00:00,135.79209,179.79295,210.15024
Origen 6,2026-06-12 10:00:00,227.79209,179.8636,201.15894
Origen 6,2026-06-12 11:00:00,227.79209,242.61781,254.44397
Origen 6,2026-06-12 12:00:00,227.79209,242.61781,254.44397
Origen 6,2026-06-12 13:00:00,227.79209,258.37927,257.37183
Origen 6,2026-06-12 14:00:00,515.79209,402.47766,507.15976
Origen 6,2026-06-12 15:00:00,515.79209,402.47766,504.10883
Origen 6,2026-06-12 16:00:00,545.79209,403.5673,545.86096
Origen 6,2026-06-12 17:00:00,670.79209,403.5673,614.3945
Origen 6,2026-06-12 18:00:00,740.00009,403.5673,780.1765
Origen 6,2026-06-12 19:00:00,1275.79209,402.81232,858.2305
Origen 6,2026-06-12 20:00:00,1204.79209,403.5673,788.7142
Origen 6,2026-06-12 21:00:00,670.79209,403.5673,629.593
Origen 6,2026-06-12 22:00:00,545.79209,401.75308,553.3084
Origen 6,2026-06-12 23:00:00,505.79209,270.77386,292.14032
Origen 6,2026-06-13 00:00:00,500.46301,170.14223,211.84946
Origen 6,2026-06-13 01:00:00,500.46301,237.86765,274.72574
Origen 6,2026-06-13 02:00:00,490.46301,168.55307,210.4848
Origen 6,2026-06-13 03:00:00,490.46301,236.11708,274.22168
Origen 6,2026-06-13 04:00:00,490.46301,245.31848,274.74786
Origen 6,2026-06-13 05:00:00,490.46301,261.94107,331.3913
Origen 6,2026-06-13 06:00:00,440.46301,246.69095,274.4607
Origen 6,2026-06-13 07:00:00,349.46301,268.34738,275.20468
Origen 6,2026-06-13 08:00:00,349.46301,268.53973,275.98328
Origen 6,2026-06-13 09:00:00,222.46301,179.68547,212.81445
Origen 6,2026-06-13 10:00:00,332.92001,247.71184,275.02206
Origen 6,2026-06-13 11:00:00,349.46301,269.66562,275.98328
Origen 6,2026-06-13 12:00:00,349.46301,269.66562,275.98328
Origen 6,2026-06-13 13:00:00,440.46301,246.972,277.08224
Origen 6,2026-06-13 14:00:00,440.46301,391.94904,469.65643
Origen 6,2026-06-13 15:00:00,502.46301,391.94904,470.07962
Origen 6,2026-06-13 16:00:00,550.46301,392.72803,482.21774
Origen 6,2026-06-13 17:00:00,550.46301,397.0513,581.29626
Origen 6,2026-06-13 18:00:00,1249.46301,394.0411,590.033
Origen 6,2026-06-13 19:00:00,1249.46301,394.0411,816.51306
Origen 6,2026-06-13 20:00:00,665.46301,393.6869,818.167
Origen 6,2026-06-13 21:00:00,1270.46301,379.7169,585.6136
Origen 6,2026-06-13 22:00:00,665.46301,378.69165,486.5025
Origen 6,2026-06-13 23:00:00,550.46301,385.2093,469.5787
Origen 6,2026-06-14 00:00:00,501.97868,350.28662,460.12836
Origen 6,2026-06-14 01:00:00,501.97868,351.96732,471.19208
Origen 6,2026-06-14 02:00:00,501.97868,351.24353,440.00485
Origen 6,2026-06-14 03:00:00,501.97868,351.13904,439.65042
Origen 6,2026-06-14 04:00:00,441.97868,357.93094,440.8773
Origen 6,2026-06-14 05:00:00,441.97868,355.62186,440.51102
Origen 6,2026-06-14 06:00:00,226.97868,345.15222,423.64417
Origen 6,2026-06-14 07:00:00,226.97868,287.34625,362.2657
Origen 6,2026-06-14 08:00:00,223.97868,292.79492,381.71524
Origen 6,2026-06-14 09:00:00,222.47868,231.20673,276.90814
Origen 6,2026-06-14 10:00:00,223.97868,271.37442,356.99588
Origen 6,2026-06-14 11:00:00,223.97868,287.42435,359.85876
Origen 6,2026-06-14 12:00:00,223.97868,287.14603,368.06317
Origen 6,2026-06-14 13:00:00,223.97868,342.12494,422.67282
Origen 6,2026-06-14 14:00:00,226.97868,349.6902,434.38434
Origen 6,2026-06-14 15:00:00,501.97868,361.0549,483.4105
Origen 6,2026-06-14 16:00:00,503.47868,408.7111,501.59976
Origen 6,2026-06-14 17:00:00,503.47868,408.35034,501.59976
Origen 6,2026-06-14 18:00:00,503.97868,414.69647,846.07074
Origen 6,2026-06-14 19:00:00,600.97868,411.71048,849.8955
Origen 6,2026-06-14 20:00:00,503.97868,411.72385,607.72314
Origen 6,2026-06-14 21:00:00,600.97868,409.85965,851.60785
Origen 6,2026-06-14 22:00:00,552.97868,401.24957,606.8434
Origen 6,2026-06-14 23:00:00,503.97868,394.0054,501.3984
Origen 6,2026-06-15 00:00:00,340.96241,345.02847,503.77045
Origen 6,2026-06-15 01:00:00,340.96241,344.5762,493.96805
Origen 6,2026-06-15 02:00:00,340.96241,344.5634,492.96613
Origen 6,2026-06-15 03:00:00,340.96241,344.3868,493.01688
Origen 6,2026-06-15 04:00:00,340.96241,338.40555,448.52084
Origen 6,2026-06-15 05:00:00,340.96241,343.05823,465.79468
Origen 6,2026-06-15 06:00:00,338.16241,247.77919,336.35086
Origen 6,2026-06-15 07:00:00,227.46241,247.17934,329.3189
Origen 6,2026-06-15 08:00:00,227.46241,234.14056,312.31458
Origen 6,2026-06-15 09:00:00,227.46241,234.14056,311.98624
Origen 6,2026-06-15 10:00:00,243.94241,235.2283,312.8695
Origen 6,2026-06-15 11:00:00,338.16241,233.27524,306.01242
Origen 6,2026-06-15 12:00:00,338.16241,248.54102,321.14462
Origen 6,2026-06-15 13:00:00,338.16241,248.10725,334.0908
Origen 6,2026-06-15 14:00:00,340.96241,260.34445,346.64392
Origen 6,2026-06-15 15:00:00,340.96241,377.13324,543.70074
Origen 6,2026-06-15 16:00:00,494.46241,389.89798,543.8763
Origen 6,2026-06-15 17:00:00,505.46241,389.6744,543.8763
Origen 6,2026-06-15 18:00:00,506.46241,390.1621,543.8763
Origen 6,2026-06-15 19:00:00,505.46241,428.59564,591.7817
Origen 6,2026-06-15 20:00:00,505.46241,388.48276,530.0294
Origen 6,2026-06-15 21:00:00,494.46241,408.4724,586.39984
Origen 6,2026-06-15 22:00:00,340.96241,407.35208,543.96576
Origen 6,2026-06-15 23:00:00,340.96241,374.4261,523.721
Origen 6,2026-06-16 00:00:00,246.4869,288.07254,366.2171
Origen 6,2026-06-16 01:00:00,246.4869,287.91132,365.58078
Origen 6,2026-06-16 02:00:00,233.0069,288.04425,359.45493
Origen 6,2026-06-16 03:00:00,258.0069,287.4837,356.1632
Origen 6,2026-06-16 04:00:00,269.0069,285.65308,353.86148
Origen 6,2026-06-16 05:00:00,269.0069,283.94278,363.03363
Origen 6,2026-06-16 06:00:00,269.0069,279.34317,355.25037
Origen 6,2026-06-16 07:00:00,269.0069,249.46057,272.73016
Origen 6,2026-06-16 08:00:00,269.0069,250.54326,273.43002
Origen 6,2026-06-16 09:00:00,258.0069,251.53656,270.3462
Origen 6,2026-06-16 10:00:00,269.0069,256.39154,287.5764
Origen 6,2026-06-16 11:00:00,269.0069,291.84793,364.34277
Origen 6,2026-06-16 12:00:00,269.0069,292.00464,367.0941
Origen 6,2026-06-16 13:00:00,269.0069,291.06992,371.45862
Origen 6,2026-06-16 14:00:00,458.0069,291.78973,386.54477
Origen 6,2026-06-16 15:00:00,508.0069,304.93323,404.35092
Origen 6,2026-06-16 16:00:00,559.0069,386.96802,510.11288
Origen 6,2026-06-16 17:00:00,673.0069,384.99957,513.66113
Origen 6,2026-06-16 18:00:00,1256.0069,413.17548,513.66113
Origen 6,2026-06-16 19:00:00,1257.0069,385.3232,517.2356
Origen 6,2026-06-16 20:00:00,1257.0069,383.3136,511.29932
Origen 6,2026-06-16 21:00:00,1256.0069,383.82043,503.2303
Origen 6,2026-06-16 22:00:00,509.0069,300.98856,391.01807
Origen 6,2026-06-16 23:00:00,508.0059,287.7026,367.20523
Origen 6,2026-06-17 00:00:00,271.7723,251.39664,269.11917
Origen 6,2026-06-17 01:00:00,271.7723,251.2049,264.49573
Origen 6,2026-06-17 02:00:00,271.7723,244.9414,249.40979
Origen 6,2026-06-17 03:00:00,271.7723,249.57147,273.7057
Origen 6,2026-06-17 04:00:00,271.7723,248.06303,273.4938
Origen 6,2026-06-17 05:00:00,310.7723,245.55092,270.44803
Origen 6,2026-06-17 06:00:00,310.7723,240.32285,270.22647
Origen 6,2026-06-17 07:00:00,271.7723,247.02959,270.44803
Origen 6,2026-06-17 08:00:00,271.7723,256.00146,271.1707
Origen 6,2026-06-17 09:00:00,271.7723,257.3711,273.5777
Origen 6,2026-06-17 10:00:00,271.7723,258.09198,281.672
Origen 6,2026-06-17 11:00:00,271.7723,257.37933,276.56625
Origen 6,2026-06-17 12:00:00,271.7723,260.52054,277.85675
Origen 6,2026-06-17 13:00:00,310.7723,260.09143,280.59167
Origen 6,2026-06-17 14:00:00,510.7713,368.72668,395.59882
Origen 6,2026-06-17 15:00:00,510.7723,416.2161,483.62726
Origen 6,2026-06-17 16:00:00,675.7723,422.64786,513.486
Origen 6,2026-06-17 17:00:00,675.7723,425.89386,605.394
Origen 6,2026-06-17 18:00:00,680.7723,424.57263,882.7104
Origen 6,2026-06-17 19:00:00,1258.7723,440.7152,887.281
Origen 6,2026-06-17 20:00:00,675.7723,441.5606,904.7448
Origen 6,2026-06-17 21:00:00,511.7723,450.25116,905.56354
Origen 6,2026-06-17 22:00:00,510.7723,431.40634,521.8611
Origen 6,2026-06-17 23:00:00,510.7713,408.58133,470.23233
Origen 6,2026-06-18 00:00:00,341.70205,278.0855,301.66833
Origen 6,2026-06-18 01:00:00,341.70205,272.05554,297.12
Origen 6,2026-06-18 02:00:00,341.70205,266.31418,297.12
Origen 6,2026-06-18 03:00:00,341.70205,264.7896,296.24728
Origen 6,2026-06-18 04:00:00,341.70205,267.8285,296.04846
Origen 6,2026-06-18 05:00:00,341.70205,288.5306,339.953
Origen 6,2026-06-18 06:00:00,341.70205,288.31976,338.0112
Origen 6,2026-06-18 07:00:00,341.70205,270.11682,295.23547
Origen 6,2026-06-18 08:00:00,341.70205,275.47366,295.38516
Origen 6,2026-06-18 09:00:00,341.70205,277.09268,301.07727
Origen 6,2026-06-18 10:00:00,341.70205,277.6214,298.29233
Origen 6,2026-06-18 11:00:00,341.70205,280.16394,303.13843
Origen 6,2026-06-18 12:00:00,341.70205,280.16394,303.31552
Origen 6,2026-06-18 13:00:00,341.70205,303.82898,351.45245
Origen 6,2026-06-18 14:00:00,355.70205,436.20035,519.716
Origen 6,2026-06-18 15:00:00,436.70205,436.48538,520.08936
Origen 6,2026-06-18 16:00:00,456.70205,444.6026,644.0905
Origen 6,2026-06-18 17:00:00,456.70205,444.21204,653.5235
Origen 6,2026-06-18 18:00:00,676.70205,444.21204,644.2032
Origen 6,2026-06-18 19:00:00,1254.70205,444.21204,901.1978
Origen 6,2026-06-18 20:00:00,671.70205,441.68997,639.55896
Origen 6,2026-06-18 21:00:00,456.70205,436.3208,496.12482
Origen 6,2026-06-18 22:00:00,426.70205,433.96844,494.0078
Origen 6,2026-06-18 23:00:00,341.70205,412.75388,457.032
Origen 6,2026-06-19 00:00:00,304.76006,283.31915,344.12073
Origen 6,2026-06-19 01:00:00,423.76006,281.0445,342.19543
Origen 6,2026-06-19 02:00:00,423.76006,280.38647,346.0712
Origen 6,2026-06-19 03:00:00,339.76006,280.6409,344.0257
Origen 6,2026-06-19 04:00:00,423.76006,280.6409,351.82315
Origen 6,2026-06-19 05:00:00,431.76006,289.38196,367.5407
Origen 6,2026-06-19 06:00:00,431.76006,286.48965,353.20993
Origen 6,2026-06-19 07:00:00,431.76006,286.88147,354.7285
Origen 6,2026-06-19 08:00:00,304.76006,288.25598,355.30814
Origen 6,2026-06-19 09:00:00,304.76006,286.53162,353.78003
Origen 6,2026-06-19 10:00:00,304.76006,288.25598,355.3566
Origen 6,2026-06-19 11:00:00,339.76006,288.33957,355.3566
Origen 6,2026-06-19 12:00:00,339.76006,288.33957,355.95114
Origen 6,2026-06-19 13:00:00,431.76006,287.6768,357.47165
Origen 6,2026-06-19 14:00:00,431.76006,319.16614,383.7948
Origen 6,2026-06-19 15:00:00,668.76006,376.4053,421.278
Origen 6,2026-06-19 16:00:00,668.76006,386.89294,429.41757
Origen 6,2026-06-19 17:00:00,670.76006,386.75162,418.25342
Origen 6,2026-06-19 18:00:00,673.76006,426.66583,577.231
Origen 6,2026-06-19 19:00:00,1252.76006,426.15326,836.58057
Origen 6,2026-06-19 20:00:00,673.76006,425.83902,579.80475
Origen 6,2026-06-19 21:00:00,670.76006,386.69022,415.13553
Origen 6,2026-06-19 22:00:00,670.76006,377.72766,403.94293
Origen 6,2026-06-19 23:00:00,431.76006,292.09937,356.5665
Origen 6,2026-06-20 00:00:00,452.51934,270.8426,305.0055
Origen 6,2026-06-20 01:00:00,352.51934,352.24432,371.1647
Origen 6,2026-06-20 02:00:00,452.51934,350.88297,373.7328
Origen 6,2026-06-20 03:00:00,452.51934,278.38977,330.62015
Origen 6,2026-06-20 04:00:00,452.51934,350.9899,373.7661
Origen 6,2026-06-20 05:00:00,452.51934,352.60144,374.97748
Origen 6,2026-06-20 06:00:00,352.51934,355.53116,373.28998
Origen 6,2026-06-20 07:00:00,352.51934,356.06897,381.20795
Origen 6,2026-06-20 08:00:00,352.51934,274.3737,315.4584
Origen 6,2026-06-20 09:00:00,352.51934,269.25098,294.09988
Origen 6,2026-06-20 10:00:00,352.51934,274.3737,307.01373
Origen 6,2026-06-20 11:00:00,352.51934,286.6963,330.70938
Origen 6,2026-06-20 12:00:00,352.51934,286.6963,330.8097
Origen 6,2026-06-20 13:00:00,352.51934,357.28638,393.03076
Origen 6,2026-06-20 14:00:00,352.51934,358.52524,394.19803
Origen 6,2026-06-20 15:00:00,452.51934,405.28015,561.9373
Origen 6,2026-06-20 16:00:00,667.51934,416.9324,562.60016
Origen 6,2026-06-20 17:00:00,668.31934,416.9324,577.02655
Origen 6,2026-06-20 18:00:00,669.51934,421.97302,582.49493
Origen 6,2026-06-20 19:00:00,669.51934,421.97302,833.872
Origen 6,2026-06-20 20:00:00,669.51934,421.97302,582.07043
Origen 6,2026-06-20 21:00:00,669.51934,421.97302,591.09235
Origen 6,2026-06-20 22:00:00,668.31934,420.07605,586.3582
Origen 6,2026-06-20 23:00:00,667.51934,365.9064,413.07245
Origen 6,2026-06-21 00:00:00,451.97153,364.60483,418.63153
Origen 6,2026-06-21 01:00:00,351.97153,301.6183,359.09875
Origen 6,2026-06-21 02:00:00,351.97153,365.33804,412.6354
Origen 6,2026-06-21 03:00:00,351.97153,363.9387,413.65393
Origen 6,2026-06-21 04:00:00,351.97153,365.0751,416.6248
Origen 6,2026-06-21 05:00:00,351.97153,362.13388,419.13586
Origen 6,2026-06-21 06:00:00,351.97153,294.2187,343.0096
Origen 6,2026-06-21 07:00:00,336.97153,294.77267,342.6673
Origen 6,2026-06-21 08:00:00,336.97153,295.12723,346.21988
Origen 6,2026-06-21 09:00:00,301.97153,297.05045,345.08936
Origen 6,2026-06-21 10:00:00,301.97153,297.05045,344.87604
Origen 6,2026-06-21 11:00:00,301.97153,297.1366,344.62796
Origen 6,2026-06-21 12:00:00,301.97153,297.1366,344.62796
Origen 6,2026-06-21 13:00:00,336.97153,296.34448,348.59357
Origen 6,2026-06-21 14:00:00,336.97153,298.06906,347.1918
Origen 6,2026-06-21 15:00:00,351.97153,365.11356,425.40228
Origen 6,2026-06-21 16:00:00,351.97153,401.21765,586.486
Origen 6,2026-06-21 17:00:00,487.47053,399.293,586.1276
Origen 6,2026-06-21 18:00:00,666.97153,397.97134,585.7448
Origen 6,2026-06-21 19:00:00,667.77153,409.74396,603.6074
Origen 6,2026-06-21 20:00:00,667.77153,401.6073,604.04224
Origen 6,2026-06-21 21:00:00,667.77153,409.74396,601.3242
Origen 6,2026-06-21 22:00:00,550.97153,409.74396,599.86505
Origen 6,2026-06-21 23:00:00,550.97153,397.3009,599.42413
Origen 6,2026-06-22 00:00:00,450.6114,378.50424,444.55237
Origen 6,2026-06-22 01:00:00,450.6114,325.82043,382.68118
Origen 6,2026-06-22 02:00:00,450.6114,323.79663,378.5981
Origen 6,2026-06-22 03:00:00,450.6114,317.46692,375.72562
Origen 6,2026-06-22 04:00:00,451.6114,316.58813,378.57086
Origen 6,2026-06-22 05:00:00,451.6114,317.9837,387.78207
Origen 6,2026-06-22 06:00:00,451.6114,318.41385,392.15973
Origen 6,2026-06-22 07:00:00,450.6114,300.74527,368.88388
Origen 6,2026-06-22 08:00:00,450.6114,306.29956,370.31656
Origen 6,2026-06-22 09:00:00,450.6114,292.52002,351.34238
Origen 6,2026-06-22 10:00:00,451.6114,292.52002,355.53387
Origen 6,2026-06-22 11:00:00,550.6114,298.4629,375.3845
Origen 6,2026-06-22 12:00:00,550.6114,298.4629,376.57492
Origen 6,2026-06-22 13:00:00,650.6114,311.80405,406.24643
Origen 6,2026-06-22 14:00:00,665.6114,312.6078,408.31314
Origen 6,2026-06-22 15:00:00,666.6114,330.68982,418.88754
Origen 6,2026-06-22 16:00:00,666.6114,332.01468,415.18463
Origen 6,2026-06-22 17:00:00,667.6114,388.37183,491.71268
Origen 6,2026-06-22 18:00:00,1248.6114,423.58643,656.2193
Origen 6,2026-06-22 19:00:00,1270.6114,423.51654,656.2193
Origen 6,2026-06-22 20:00:00,1249.6114,421.30774,651.3293
Origen 6,2026-06-22 21:00:00,712.9964,420.33414,647.72205
Origen 6,2026-06-22 22:00:00,666.6114,415.1337,532.7541
Origen 6,2026-06-22 23:00:00,666.6114,411.129,529.0505
Origen 6,2026-06-23 00:00:00,661.21518,375.30396,416.90918
Origen 6,2026-06-23 01:00:00,666.21518,377.6144,415.18973
Origen 6,2026-06-23 02:00:00,666.21518,376.34747,404.5428
Origen 6,2026-06-23 03:00:00,666.21518,370.77875,405.61423
Origen 6,2026-06-23 04:00:00,666.21518,371.1911,407.16583
Origen 6,2026-06-23 05:00:00,666.41518,368.5495,407.67133
Origen 6,2026-06-23 06:00:00,666.21518,371.04813,409.06635
Origen 6,2026-06-23 07:00:00,666.21518,375.18375,416.6091
Origen 6,2026-06-23 08:00:00,666.21518,381.10437,422.3569
Origen 6,2026-06-23 09:00:00,661.21518,382.3268,408.4259
Origen 6,2026-06-23 10:00:00,666.21518,382.3268,399.70715
Origen 6,2026-06-23 11:00:00,666.41518,408.3811,459.18063
Origen 6,2026-06-23 12:00:00,666.21518,409.31824,454.5247
Origen 6,2026-06-23 13:00:00,667.21518,412.87296,536.4243
Origen 6,2026-06-23 14:00:00,667.21518,421.90244,605.7218
Origen 6,2026-06-23 15:00:00,667.21518,421.90244,613.9344
Origen 6,2026-06-23 16:00:00,668.71518,429.69476,612.0914
Origen 6,2026-06-23 17:00:00,668.71518,429.44833,614.54443
Origen 6,2026-06-23 18:00:00,672.21518,424.31256,892.1808
Origen 6,2026-06-23 19:00:00,711.58518,423.9243,884.3792
Origen 6,2026-06-23 20:00:00,672.21518,421.51733,888.9017
Origen 6,2026-06-23 21:00:00,668.71518,421.23102,601.7154
Origen 6,2026-06-23 22:00:00,667.21518,408.97583,589.8524
Origen 6,2026-06-23 23:00:00,667.21518,405.2879,580.16705
Origen 6,2026-06-24 00:00:00,451.52262,397.4002,522.37775
Origen 6,2026-06-24 01:00:00,473.52262,392.6756,516.81226
Origen 6,2026-06-24 02:00:00,651.52262,386.3139,512.72906
Origen 6,2026-06-24 03:00:00,651.52262,385.47644,527.9494
Origen 6,2026-06-24 04:00:00,666.52262,377.9765,529.07446
Origen 6,2026-06-24 05:00:00,666.52262,387.19818,565.80786
Origen 6,2026-06-24 06:00:00,666.52262,387.2436,566.1519
Origen 6,2026-06-24 07:00:00,651.52262,390.89468,546.93933
Origen 6,2026-06-24 08:00:00,666.52262,400.42633,548.81256
Origen 6,2026-06-24 09:00:00,666.52262,407.18933,553.7822
Origen 6,2026-06-24 10:00:00,666.52262,409.94995,562.86334
Origen 6,2026-06-24 11:00:00,666.72262,414.71802,568.5371
Origen 6,2026-06-24 12:00:00,666.72262,422.4969,600.62463
Origen 6,2026-06-24 13:00:00,666.72262,429.39957,652.1246
Origen 6,2026-06-24 14:00:00,671.52262,431.81116,669.9893
Origen 6,2026-06-24 15:00:00,701.52262,431.67322,670.47064
Origen 6,2026-06-24 16:00:00,701.52262,439.8981,682.2306
Origen 6,2026-06-24 17:00:00,701.52262,440.93234,685.8149
Origen 6,2026-06-24 18:00:00,713.97062,451.7266,687.52734
Origen 6,2026-06-24 19:00:00,1271.52262,452.39612,693.43365
Origen 6,2026-06-24 20:00:00,1271.52262,446.60883,683.1991
Origen 6,2026-06-24 21:00:00,713.97062,438.82147,680.669
Origen 6,2026-06-24 22:00:00,701.52262,431.53555,680.6089
Origen 6,2026-06-24 23:00:00,701.52262,430.20993,667.2678
Origen 6,2026-06-25 00:00:00,662.90216,384.58566,470.23837
Origen 6,2026-06-25 01:00:00,662.70216,390.3033,472.18463
Origen 6,2026-06-25 02:00:00,662.70216,425.6742,627.71674
Origen 6,2026-06-25 03:00:00,662.90216,420.92804,628.6424
Origen 6,2026-06-25 04:00:00,662.90216,426.14758,643.052
Origen 6,2026-06-25 05:00:00,666.70216,428.9211,648.6706
Origen 6,2026-06-25 06:00:00,662.70216,425.71417,654.6032
Origen 6,2026-06-25 07:00:00,662.70216,424.83813,650.4529
Origen 6,2026-06-25 08:00:00,652.70216,426.0383,665.29895
Origen 6,2026-06-25 09:00:00,652.70216,426.0383,665.8557
Origen 6,2026-06-25 10:00:00,662.90216,426.0383,667.09125
Origen 6,2026-06-25 11:00:00,662.90216,428.08627,667.73926
Origen 6,2026-06-25 12:00:00,662.90216,428.08627,667.73926
Origen 6,2026-06-25 13:00:00,663.16616,426.9451,672.90735
Origen 6,2026-06-25 14:00:00,669.70216,427.80426,673.94775
Origen 6,2026-06-25 15:00:00,677.70216,427.80426,684.74176
Origen 6,2026-06-25 16:00:00,697.70216,428.40503,684.74176
Origen 6,2026-06-25 17:00:00,701.41616,428.15933,686.86804
Origen 6,2026-06-25 18:00:00,707.70216,434.83136,689.26874
Origen 6,2026-06-25 19:00:00,1246.70216,437.42548,974.5424
Origen 6,2026-06-25 20:00:00,1245.70216,435.14417,964.5942
Origen 6,2026-06-25 21:00:00,707.70216,421.97223,687.01935
Origen 6,2026-06-25 22:00:00,697.70216,421.86942,688.6094
Origen 6,2026-06-25 23:00:00,697.70216,420.33856,676.28973
Origen 6,2026-06-26 00:00:00,669.473,405.5013,660.6251
Origen 6,2026-06-26 01:00:00,669.473,409.1838,667.03754
Origen 6,2026-06-26 02:00:00,669.473,410.1791,667.03754
Origen 6,2026-06-26 03:00:00,669.473,410.80075,655.2094
Origen 6,2026-06-26 04:00:00,669.473,410.80075,667.7278
Origen 6,2026-06-26 05:00:00,669.473,409.33075,670.6583
Origen 6,2026-06-26 06:00:00,669.473,409.2328,670.6583
Origen 6,2026-06-26 07:00:00,669.473,412.89383,674.1451
Origen 6,2026-06-26 08:00:00,669.473,412.89383,651.68195
Origen 6,2026-06-26 09:00:00,669.473,412.89383,651.888
Origen 6,2026-06-26 10:00:00,669.473,414.7584,665.5652
Origen 6,2026-06-26 11:00:00,669.473,415.40125,665.5652
Origen 6,2026-06-26 12:00:00,669.473,415.40125,665.5652
Origen 6,2026-06-26 13:00:00,669.473,414.29388,679.64734
Origen 6,2026-06-26 14:00:00,691.334,415.12756,680.0969
Origen 6,2026-06-26 15:00:00,695.473,423.99844,682.7673
Origen 6,2026-06-26 16:00:00,697.473,424.8217,682.7673
Origen 6,2026-06-26 17:00:00,707.473,424.8217,682.7673
Origen 6,2026-06-26 18:00:00,712.473,424.8217,682.7673
Origen 6,2026-06-26 19:00:00,1246.473,424.7921,960.468
Origen 6,2026-06-26 20:00:00,712.473,425.07217,952.71967
Origen 6,2026-06-26 21:00:00,712.473,425.07217,680.94653
Origen 6,2026-06-26 22:00:00,707.473,423.16125,680.65405
Origen 6,2026-06-26 23:00:00,697.473,413.47586,677.8349
Origen 6,2026-06-27 00:00:00,709.58972,401.98322,652.0095
Origen 6,2026-06-27 01:00:00,697.58972,401.37277,640.753
Origen 6,2026-06-27 02:00:00,697.58972,402.15518,648.59296
Origen 6,2026-06-27 03:00:00,693.58972,402.11646,648.59296
Origen 6,2026-06-27 04:00:00,693.58972,402.11646,648.59296
Origen 6,2026-06-27 05:00:00,693.58972,404.1903,647.20306
Origen 6,2026-06-27 06:00:00,693.58972,402.0043,636.2392
Origen 6,2026-06-27 07:00:00,687.58972,403.09824,639.03735
Origen 6,2026-06-27 08:00:00,687.58972,403.09824,638.41724
Origen 6,2026-06-27 09:00:00,682.58972,403.09824,638.41724
Origen 6,2026-06-27 10:00:00,687.58972,404.91855,638.41724
Origen 6,2026-06-27 11:00:00,691.20372,405.19632,635.5757
Origen 6,2026-06-27 12:00:00,691.20372,404.84457,635.0444
Origen 6,2026-06-27 13:00:00,691.20372,403.76538,640.22894
Origen 6,2026-06-27 14:00:00,692.58972,404.57788,637.9458
Origen 6,2026-06-27 15:00:00,693.58972,404.57788,646.93304
Origen 6,2026-06-27 16:00:00,697.58972,412.74246,649.19415
Origen 6,2026-06-27 17:00:00,709.58972,412.1774,648.8887
Origen 6,2026-06-27 18:00:00,712.58972,412.1774,649.1607
Origen 6,2026-06-27 19:00:00,712.58972,412.1774,912.43097
Origen 6,2026-06-27 20:00:00,712.58972,412.7883,656.3119
Origen 6,2026-06-27 21:00:00,712.58972,412.7883,656.3119
Origen 6,2026-06-27 22:00:00,712.58972,410.93262,655.8774
Origen 6,2026-06-27 23:00:00,709.58972,410.1073,655.006
Origen 6,2026-06-28 00:00:00,727.38783,402.1184,645.22174
Origen 6,2026-06-28 01:00:00,717.38783,401.50775,632.6219
Origen 6,2026-06-28 02:00:00,717.38783,408.48746,632.25916
Origen 6,2026-06-28 03:00:00,717.38783,410.38882,632.25916
Origen 6,2026-06-28 04:00:00,717.38783,408.73605,632.25916
Origen 6,2026-06-28 05:00:00,706.38783,408.95654,629.63354
Origen 6,2026-06-28 06:00:00,692.38783,408.95654,630.35455
Origen 6,2026-06-28 07:00:00,690.97283,409.42444,630.62177
Origen 6,2026-06-28 08:00:00,682.38783,407.86713,632.2854
Origen 6,2026-06-28 09:00:00,682.38783,408.47986,630.7379
Origen 6,2026-06-28 10:00:00,682.38783,408.47986,627.94196
Origen 6,2026-06-28 11:00:00,682.38783,406.1672,627.3083
Origen 6,2026-06-28 12:00:00,692.38783,404.58948,625.4801
Origen 6,2026-06-28 13:00:00,692.38783,403.6595,629.85126
Origen 6,2026-06-28 14:00:00,692.38783,404.7,631.9134
Origen 6,2026-06-28 15:00:00,692.38783,404.7,632.0963
Origen 6,2026-06-28 16:00:00,706.38783,404.7,630.8116
Origen 6,2026-06-28 17:00:00,727.38783,404.7,640.2247
Origen 6,2026-06-28 18:00:00,750.03883,411.79276,643.871
Origen 6,2026-06-28 19:00:00,802.38783,410.0379,661.3626
Origen 6,2026-06-28 20:00:00,802.38783,410.0379,660.56055
Origen 6,2026-06-28 21:00:00,802.38783,410.0379,659.9453
Origen 6,2026-06-28 22:00:00,750.03883,410.0379,657.57245
Origen 6,2026-06-28 23:00:00,750.03883,408.2742,655.807
Origen 6,2026-06-29 00:00:00,747.35582,390.44833,680.5434
Origen 6,2026-06-29 01:00:00,747.35582,389.8606,666.8457
Origen 6,2026-06-29 02:00:00,747.35582,390.54144,654.79083
Origen 6,2026-06-29 03:00:00,747.35582,390.69156,654.13336
Origen 6,2026-06-29 04:00:00,747.35582,391.12604,656.63556
Origen 6,2026-06-29 05:00:00,747.35582,392.4942,661.8144
Origen 6,2026-06-29 06:00:00,706.35582,381.83105,661.8144
Origen 6,2026-06-29 07:00:00,705.35582,387.61142,676.36847
Origen 6,2026-06-29 08:00:00,705.35582,393.37634,678.5988
Origen 6,2026-06-29 09:00:00,705.35582,393.37634,678.5988
Origen 6,2026-06-29 10:00:00,705.35582,393.37634,678.5988
Origen 6,2026-06-29 11:00:00,709.35582,409.1877,681.8114
Origen 6,2026-06-29 12:00:00,709.35582,409.1877,681.8114
Origen 6,2026-06-29 13:00:00,709.35582,408.459,701.42596
Origen 6,2026-06-29 14:00:00,709.35582,409.6742,704.9726
Origen 6,2026-06-29 15:00:00,727.35582,409.6742,706.1248
Origen 6,2026-06-29 16:00:00,747.35582,409.6742,706.1248
Origen 6,2026-06-29 17:00:00,767.35582,409.43927,716.1177
Origen 6,2026-06-29 18:00:00,777.35582,409.55508,722.7998
Origen 6,2026-06-29 19:00:00,811.30782,409.1405,783.0041
Origen 6,2026-06-29 20:00:00,811.30782,407.6665,779.4097
Origen 6,2026-06-29 21:00:00,811.30782,407.01132,769.7583
Origen 6,2026-06-29 22:00:00,777.35582,401.41223,711.4483
Origen 6,2026-06-29 23:00:00,767.35582,399.47223,707.97986
Origen 6,2026-06-30 00:00:00,792.29531,437.5736,683.5784
Origen 6,2026-06-30 01:00:00,792.29531,436.76642,667.12976
Origen 6,2026-06-30 02:00:00,797.29531,435.46924,666.5084
Origen 6,2026-06-30 03:00:00,784.67031,435.4204,664.45215
Origen 6,2026-06-30 04:00:00,792.29531,437.6243,667.3808
Origen 6,2026-06-30 05:00:00,792.29531,439.93353,669.9638
Origen 6,2026-06-30 06:00:00,792.29531,431.42032,664.2054
Origen 6,2026-06-30 07:00:00,706.29531,439.72632,665.1873
Origen 6,2026-06-30 08:00:00,706.29531,441.9377,678.3002
Origen 6,2026-06-30 09:00:00,706.29531,442.50177,677.7076
Origen 6,2026-06-30 10:00:00,792.29531,442.7166,676.6801
Origen 6,2026-06-30 11:00:00,802.29531,444.2419,670.09125
Origen 6,2026-06-30 12:00:00,802.29531,441.89133,670.09125
Origen 6,2026-06-30 13:00:00,802.29531,440.87558,682.72687
Origen 6,2026-06-30 14:00:00,817.29531,439.57245,688.0225
Origen 6,2026-06-30 15:00:00,827.29531,439.57245,700.278
Origen 6,2026-06-30 16:00:00,847.29531,439.37378,695.78625
Origen 6,2026-06-30 17:00:00,847.29531,439.12183,744.7386
Origen 6,2026-06-30 18:00:00,897.79531,439.12183,743.9485
Origen 6,2026-06-30 19:00:00,911.29531,430.23706,787.6997
Origen 6,2026-06-30 20:00:00,911.29531,428.687,784.6923
Origen 6,2026-06-30 21:00:00,847.29531,428.21082,781.42145
Origen 6,2026-06-30 22:00:00,847.29531,428.21082,733.6268
Origen 6,2026-06-30 23:00:00,827.29531,426.2323,722.2741
Origen 6,2026-07-01 00:00:00,812.1992,421.63293,692.5765
Origen 6,2026-07-01 01:00:00,812.1992,420.6756,692.5765
Origen 6,2026-07-01 02:00:00,812.1992,423.87555,695.9777
Origen 6,2026-07-01 03:00:00,812.1992,430.83792,692.46875
Origen 6,2026-07-01 04:00:00,812.1992,430.2988,691.3174
Origen 6,2026-07-01 05:00:00,812.1992,425.1277,693.19135
Origen 6,2026-07-01 06:00:00,792.1992,416.22604,690.56354
Origen 6,2026-07-01 07:00:00,792.1992,425.78033,631.0056
Origen 6,2026-07-01 08:00:00,787.1992,434.19778,638.2203
Origen 6,2026-07-01 09:00:00,787.1992,440.49924,644.00757
Origen 6,2026-07-01 10:00:00,792.1992,445.7916,724.02716
Origen 6,2026-07-01 11:00:00,812.1992,445.66745,725.70966
Origen 6,2026-07-01 12:00:00,792.1992,443.2485,731.36664
Origen 6,2026-07-01 13:00:00,792.1992,442.18008,746.9838
Origen 6,2026-07-01 14:00:00,792.1992,443.4696,781.9676
Origen 6,2026-07-01 15:00:00,812.1992,443.02072,784.16833
Origen 6,2026-07-01 16:00:00,812.1992,443.45734,784.9858
Origen 6,2026-07-01 17:00:00,892.6992,442.76663,782.3431
Origen 6,2026-07-01 18:00:00,906.1992,443.15338,827.3082
Origen 6,2026-07-01 19:00:00,892.6992,443.91922,834.41656
Origen 6,2026-07-01 20:00:00,906.1992,441.7285,832.022
Origen 6,2026-07-01 21:00:00,892.6992,441.23776,791.20856
Origen 6,2026-07-01 22:00:00,812.1992,441.23776,791.1915
Origen 6,2026-07-01 23:00:00,812.1992,440.1442,788.2765
Origen 6,2026-07-02 00:00:00,792.59321,440.1096,771.27136
Origen 6,2026-07-02 01:00:00,792.59321,439.6347,770.1328
Origen 6,2026-07-02 02:00:00,782.59321,435.3853,760.5746
Origen 6,2026-07-02 03:00:00,782.59321,432.92468,758.0531
Origen 6,2026-07-02 04:00:00,782.59321,432.75134,753.3359
Origen 6,2026-07-02 05:00:00,782.59321,429.84863,755.86365
Origen 6,2026-07-02 06:00:00,782.59321,428.87796,720.58704
Origen 6,2026-07-02 07:00:00,782.59321,434.05887,722.2575
Origen 6,2026-07-02 08:00:00,774.46621,439.57913,729.6643
Origen 6,2026-07-02 09:00:00,782.59321,442.02658,736.0179
Origen 6,2026-07-02 10:00:00,782.59321,442.01227,745.5672
Origen 6,2026-07-02 11:00:00,782.59321,443.42203,781.8822
Origen 6,2026-07-02 12:00:00,782.59321,446.2757,748.3115
Origen 6,2026-07-02 13:00:00,782.59321,445.24985,760.95264
Origen 6,2026-07-02 14:00:00,792.59321,446.54834,753.6111
Origen 6,2026-07-02 15:00:00,792.59321,446.54834,788.4468
Origen 6,2026-07-02 16:00:00,892.59321,446.7413,776.2027
Origen 6,2026-07-02 17:00:00,892.59321,441.21927,808.74457
Origen 6,2026-07-02 18:00:00,892.59321,441.21927,808.74457
Origen 6,2026-07-02 19:00:00,893.09321,441.21927,811.54846
Origen 6,2026-07-02 20:00:00,893.09321,428.30557,803.45526
Origen 6,2026-07-02 21:00:00,892.59321,427.69574,795.5777
Origen 6,2026-07-02 22:00:00,892.59321,427.69574,758.9136
Origen 6,2026-07-02 23:00:00,792.59321,426.26788,747.2539
Origen 6,2026-07-03 00:00:00,792.40976,412.15778,689.0728
Origen 6,2026-07-03 01:00:00,761.05376,412.09427,684.71014
Origen 6,2026-07-03 02:00:00,752.40976,412.0143,666.4646
Origen 6,2026-07-03 03:00:00,752.40976,411.71774,663.0437
Origen 6,2026-07-03 04:00:00,752.40976,412.0143,659.8402
Origen 6,2026-07-03 05:00:00,761.05376,412.4261,666.74426
Origen 6,2026-07-03 06:00:00,792.40976,411.6573,666.74426
Origen 6,2026-07-03 07:00:00,752.40976,410.43192,673.5719
Origen 6,2026-07-03 08:00:00,752.40976,410.43192,673.9484
Origen 6,2026-07-03 09:00:00,752.40976,410.43192,673.9484
Origen 6,2026-07-03 10:00:00,752.40976,410.43192,672.96027
Origen 6,2026-07-03 11:00:00,792.40976,411.25272,672.96027
Origen 6,2026-07-03 12:00:00,752.40976,409.5037,672.016
Origen 6,2026-07-03 13:00:00,752.40976,408.56244,682.5505
Origen 6,2026-07-03 14:00:00,792.40976,409.93097,710.372
Origen 6,2026-07-03 15:00:00,877.40976,409.93097,711.9705
Origen 6,2026-07-03 16:00:00,877.40976,409.93097,777.05554
Origen 6,2026-07-03 17:00:00,877.40976,409.93097,777.05554
Origen 6,2026-07-03 18:00:00,882.40976,409.93097,777.05554
Origen 6,2026-07-03 19:00:00,892.90976,409.93097,781.0061
Origen 6,2026-07-03 20:00:00,892.90976,409.93097,771.9377
Origen 6,2026-07-03 21:00:00,877.40976,409.93097,768.6349
Origen 6,2026-07-03 22:00:00,822.40976,409.93097,768.77454
Origen 6,2026-07-03 23:00:00,822.40976,413.83185,696.4461
Origen 6,2026-07-04 00:00:00,754.09592,401.2019,676.4603
Origen 6,2026-07-04 01:00:00,752.33192,400.55563,650.47766
Origen 6,2026-07-04 02:00:00,747.33192,399.69458,650.47766
Origen 6,2026-07-04 03:00:00,747.33192,400.10287,651.09424
Origen 6,2026-07-04 04:00:00,747.33192,400.10287,650.2655
Origen 6,2026-07-04 05:00:00,747.33192,399.69458,651.4998
Origen 6,2026-07-04 06:00:00,747.33192,399.75613,669.7293
Origen 6,2026-07-04 07:00:00,742.33192,401.0405,647.62286
Origen 6,2026-07-04 08:00:00,742.33192,401.0405,648.1391
Origen 6,2026-07-04 09:00:00,742.33192,401.0405,648.1391
Origen 6,2026-07-04 10:00:00,742.33192,401.22067,648.0844
Origen 6,2026-07-04 11:00:00,742.33192,401.84256,666.49414
Origen 6,2026-07-04 12:00:00,742.33192,401.84256,648.0844
Origen 6,2026-07-04 13:00:00,742.33192,400.91888,657.8638
Origen 6,2026-07-04 14:00:00,742.33192,402.2618,684.21173
Origen 6,2026-07-04 15:00:00,747.33192,402.92932,746.6235
Origen 6,2026-07-04 16:00:00,752.33192,402.92932,746.6235
Origen 6,2026-07-04 17:00:00,792.33192,402.66385,746.6235
Origen 6,2026-07-04 18:00:00,802.33192,402.19547,746.6235
Origen 6,2026-07-04 19:00:00,892.83192,402.08694,746.8898
Origen 6,2026-07-04 20:00:00,892.83192,402.08694,746.8898
Origen 6,2026-07-04 21:00:00,802.33192,402.45523,746.8898
Origen 6,2026-07-04 22:00:00,792.33192,402.45523,715.60596
Origen 6,2026-07-04 23:00:00,792.33192,401.1116,707.9623
Origen 6,2026-07-05 00:00:00,744.81769,401.5918,649.5425
Origen 6,2026-07-05 01:00:00,744.81769,400.7482,646.74677
Origen 6,2026-07-05 02:00:00,742.31769,400.06638,594.1579
Origen 6,2026-07-05 03:00:00,742.31769,400.73328,594.1579
Origen 6,2026-07-05 04:00:00,744.81769,400.06638,594.8147
Origen 6,2026-07-05 05:00:00,744.81769,399.76187,599.2932
Origen 6,2026-07-05 06:00:00,737.81769,399.76187,601.514
Origen 6,2026-07-05 07:00:00,701.81769,400.60336,603.5087
Origen 6,2026-07-05 08:00:00,332.81769,400.4447,616.6844
Origen 6,2026-07-05 09:00:00,332.81769,401.7117,617.43384
Origen 6,2026-07-05 10:00:00,332.81769,401.7117,621.95013
Origen 6,2026-07-05 11:00:00,332.81769,402.33435,621.95013
Origen 6,2026-07-05 12:00:00,692.81769,402.33435,625.9652
Origen 6,2026-07-05 13:00:00,701.81769,401.40958,641.0024
Origen 6,2026-07-05 14:00:00,737.81769,402.58017,644.3006
Origen 6,2026-07-05 15:00:00,737.81769,405.20673,635.6236
Origen 6,2026-07-05 16:00:00,742.31769,404.5355,707.6916
Origen 6,2026-07-05 17:00:00,755.31769,404.5355,721.3589
Origen 6,2026-07-05 18:00:00,798.31769,404.906,721.3589
Origen 6,2026-07-05 19:00:00,872.81769,404.906,784.7904
Origen 6,2026-07-05 20:00:00,872.81769,404.906,784.7904
Origen 6,2026-07-05 21:00:00,798.31769,404.906,722.0134
Origen 6,2026-07-05 22:00:00,798.31769,404.906,721.83057
Origen 6,2026-07-05 23:00:00,755.31769,403.2828,719.8926
Origen 6,2026-07-06 00:00:00,742.51853,417.57608,684.79694
Origen 6,2026-07-06 01:00:00,742.51853,417.26157,670.67334
Origen 6,2026-07-06 02:00:00,702.22553,415.6864,669.0692
Origen 6,2026-07-06 03:00:00,702.22553,415.30338,664.96344
Origen 6,2026-07-06 04:00:00,702.22553,411.9198,671.424
Origen 6,2026-07-06 05:00:00,744.22553,412.03476,680.6716
Origen 6,2026-07-06 06:00:00,742.51853,406.692,683.88556
Origen 6,2026-07-06 07:00:00,702.22553,412.89798,685.20325
Origen 6,2026-07-06 08:00:00,701.22553,313.7614,428.15854
Origen 6,2026-07-06 09:00:00,701.22553,312.16223,428.08585
Origen 6,2026-07-06 10:00:00,702.22553,312.16223,428.76514
Origen 6,2026-07-06 11:00:00,744.22553,312.78656,428.76514
Origen 6,2026-07-06 12:00:00,742.51853,421.33466,688.50037
Origen 6,2026-07-06 13:00:00,744.22553,420.36618,699.4421
Origen 6,2026-07-06 14:00:00,747.72553,421.32605,711.7187
Origen 6,2026-07-06 15:00:00,747.72553,421.28683,712.882
Origen 6,2026-07-06 16:00:00,887.22553,421.28683,712.882
Origen 6,2026-07-06 17:00:00,892.22553,421.04526,762.3712
Origen 6,2026-07-06 18:00:00,892.22553,421.5499,772.03925
Origen 6,2026-07-06 19:00:00,982.22553,420.78537,840.1032
Origen 6,2026-07-06 20:00:00,1062.22553,418.3962,834.0188
Origen 6,2026-07-06 21:00:00,1062.22553,417.93146,764.3467
Origen 6,2026-07-06 22:00:00,892.22553,417.93146,762.6239
Origen 6,2026-07-06 23:00:00,887.22553,416.51892,750.88605
Origen 6,2026-07-07 00:00:00,702.205,432.47473,679.5459
Origen 6,2026-07-07 01:00:00,701.705,434.4608,669.52466
Origen 6,2026-07-07 02:00:00,701.705,432.97235,658.8068
Origen 6,2026-07-07 03:00:00,701.705,430.24976,650.6594
Origen 6,2026-07-07 04:00:00,701.705,429.77423,653.0893
Origen 6,2026-07-07 05:00:00,701.705,432.25552,668.5252
Origen 6,2026-07-07 06:00:00,701.705,429.92676,669.88776
Origen 6,2026-07-07 07:00:00,701.705,434.78763,667.06165
Origen 6,2026-07-07 08:00:00,701.205,437.69757,680.1463
Origen 6,2026-07-07 09:00:00,701.205,438.2562,681.37335
Origen 6,2026-07-07 10:00:00,701.705,440.07996,681.37335
Origen 6,2026-07-07 11:00:00,701.705,439.06506,693.157
Origen 6,2026-07-07 12:00:00,701.705,439.06506,694.6591
Origen 6,2026-07-07 13:00:00,701.705,438.05588,704.10114
Origen 6,2026-07-07 14:00:00,701.705,439.33337,705.29736
Origen 6,2026-07-07 15:00:00,701.705,439.33337,705.93695
Origen 6,2026-07-07 16:00:00,702.205,439.33337,831.1186
Origen 6,2026-07-07 17:00:00,742.205,439.81,831.7443
Origen 6,2026-07-07 18:00:00,743.705,439.42636,835.619
Origen 6,2026-07-07 19:00:00,887.205,440.14966,846.62726
Origen 6,2026-07-07 20:00:00,887.205,439.74124,877.52234
Origen 6,2026-07-07 21:00:00,742.584,445.96594,870.5751
Origen 6,2026-07-07 22:00:00,743.705,443.1001,831.9617
Origen 6,2026-07-07 23:00:00,702.205,441.86877,826.99146
Origen 6,2026-07-08 00:00:00,737.74955,442.4176,672.36816
Origen 6,2026-07-08 01:00:00,737.74955,441.2491,668.8054
Origen 6,2026-07-08 02:00:00,701.74955,437.55316,664.06067
Origen 6,2026-07-08 03:00:00,701.74955,430.7835,661.2466
Origen 6,2026-07-08 04:00:00,701.74955,431.72943,660.9068
Origen 6,2026-07-08 05:00:00,737.74955,427.1308,663.71594
Origen 6,2026-07-08 06:00:00,737.74955,426.00656,661.7399
Origen 6,2026-07-08 07:00:00,701.34955,427.92667,663.71594
Origen 6,2026-07-08 08:00:00,701.34955,441.26282,667.8182
Origen 6,2026-07-08 09:00:00,701.34955,444.92917,671.17145
Origen 6,2026-07-08 10:00:00,701.34955,449.41074,677.7289
Origen 6,2026-07-08 11:00:00,701.74955,448.38312,671.6709
Origen 6,2026-07-08 12:00:00,701.74955,448.4881,680.864
Origen 6,2026-07-08 13:00:00,704.24955,447.29257,689.44885
Origen 6,2026-07-08 14:00:00,737.74955,448.30527,692.35657
Origen 6,2026-07-08 15:00:00,737.74955,448.3955,692.61316
Origen 6,2026-07-08 16:00:00,738.24955,448.3955,691.94464
Origen 6,2026-07-08 17:00:00,742.74955,448.1384,706.70325
Origen 6,2026-07-08 18:00:00,742.74955,448.8026,707.11615
Origen 6,2026-07-08 19:00:00,887.24955,448.8026,832.3204
Origen 6,2026-07-08 20:00:00,887.24955,447.4628,828.90906
Origen 6,2026-07-08 21:00:00,887.24955,443.64536,702.67236
Origen 6,2026-07-08 22:00:00,742.32155,441.65097,697.0059
Origen 6,2026-07-08 23:00:00,738.24955,439.65613,685.37286
Origen 6,2026-07-09 00:00:00,702.28966,439.73114,675.0256
Origen 6,2026-07-09 01:00:00,702.28966,440.22083,675.0256
Origen 6,2026-07-09 02:00:00,702.28966,437.0375,658.2956
Origen 6,2026-07-09 03:00:00,702.28966,435.07193,657.1318
Origen 6,2026-07-09 04:00:00,702.28966,438.25894,659.28357
Origen 6,2026-07-09 05:00:00,702.68966,436.75253,679.588
Origen 6,2026-07-09 06:00:00,702.68966,437.17194,679.34955
Origen 6,2026-07-09 07:00:00,702.68966,437.70886,677.069
Origen 6,2026-07-09 08:00:00,702.68966,437.96002,677.5945
Origen 6,2026-07-09 09:00:00,702.28966,437.6331,677.5945
Origen 6,2026-07-09 10:00:00,702.28966,436.8781,676.44806
Origen 6,2026-07-09 11:00:00,702.68966,436.05496,675.02875
Origen 6,2026-07-09 12:00:00,702.28966,434.65204,673.71967
Origen 6,2026-07-09 13:00:00,702.68966,424.59796,682.48706
Origen 6,2026-07-09 14:00:00,708.18966,425.83615,693.31995
Origen 6,2026-07-09 15:00:00,738.78966,426.02875,693.1556
Origen 6,2026-07-09 16:00:00,743.28966,426.02875,697.9644
Origen 6,2026-07-09 17:00:00,738.78966,425.78442,697.03125
Origen 6,2026-07-09 18:00:00,743.28966,428.29205,697.03125
Origen 6,2026-07-09 19:00:00,743.28966,428.29205,823.08966
Origen 6,2026-07-09 20:00:00,888.18966,423.0999,820.2366
Origen 6,2026-07-09 21:00:00,888.18966,422.6299,815.9747
Origen 6,2026-07-09 22:00:00,738.78966,422.6299,682.7149
Origen 6,2026-07-09 23:00:00,738.18966,421.40097,668.0297
Origen 6,2026-07-10 00:00:00,703.12464,408.27167,630.6164
Origen 6,2026-07-10 01:00:00,703.12464,407.45193,630.8837
Origen 6,2026-07-10 02:00:00,703.12464,406.6387,629.71344
Origen 6,2026-07-10 03:00:00,703.12464,404.81894,632.26184
Origen 6,2026-07-10 04:00:00,703.12464,404.1452,634.7537
Origen 6,2026-07-10 05:00:00,703.12464,404.69522,638.28424
Origen 6,2026-07-10 06:00:00,703.12464,406.92557,639.3021
Origen 6,2026-07-10 07:00:00,703.07464,407.57535,645.0322
Origen 6,2026-07-10 08:00:00,703.07464,407.57535,647.67474
Origen 6,2026-07-10 09:00:00,699.07464,407.44803,647.4043
Origen 6,2026-07-10 10:00:00,703.07464,407.34335,648.11993
Origen 6,2026-07-10 11:00:00,703.12464,414.7566,648.4918
Origen 6,2026-07-10 12:00:00,703.12464,417.4626,649.89075
Origen 6,2026-07-10 13:00:00,707.07464,416.50302,668.35626
Origen 6,2026-07-10 14:00:00,707.57464,417.71768,670.69507
Origen 6,2026-07-10 15:00:00,740.57464,417.71768,685.6913
Origen 6,2026-07-10 16:00:00,740.57464,417.71768,686.427
Origen 6,2026-07-10 17:00:00,739.86164,417.71768,687.09375
Origen 6,2026-07-10 18:00:00,744.17464,417.71768,687.09375
Origen 6,2026-07-10 19:00:00,889.07464,416.14883,688.0911
Origen 6,2026-07-10 20:00:00,744.17464,416.14883,809.76794
Origen 6,2026-07-10 21:00:00,889.07464,416.14883,808.9309
Origen 6,2026-07-10 22:00:00,740.57464,416.14883,681.52374
Origen 6,2026-07-10 23:00:00,707.57464,414.93878,679.3052
Origen 6,2026-07-11 00:00:00,742.40661,401.50793,648.3144
Origen 6,2026-07-11 01:00:00,738.26961,400.5327,648.2792
Origen 6,2026-07-11 02:00:00,702.80661,399.25974,649.64813
Origen 6,2026-07-11 03:00:00,701.35661,399.1982,649.64813
Origen 6,2026-07-11 04:00:00,701.35661,399.25974,649.64813
Origen 6,2026-07-11 05:00:00,701.35661,399.73325,650.1353
Origen 6,2026-07-11 06:00:00,701.35661,399.92947,650.7528
Origen 6,2026-07-11 07:00:00,698.30661,399.89227,650.9642
Origen 6,2026-07-11 08:00:00,697.30661,400.37155,651.7861
Origen 6,2026-07-11 09:00:00,697.30661,400.37155,651.7861
Origen 6,2026-07-11 10:00:00,698.30661,400.37155,651.7861
Origen 6,2026-07-11 11:00:00,698.30661,401.1723,652.3936
Origen 6,2026-07-11 12:00:00,698.30661,401.1723,652.3936
Origen 6,2026-07-11 13:00:00,701.35661,400.25012,660.2381
Origen 6,2026-07-11 14:00:00,701.35661,401.41742,660.9395
Origen 6,2026-07-11 15:00:00,701.35661,401.6305,670.7744
Origen 6,2026-07-11 16:00:00,742.40661,401.76993,670.7744
Origen 6,2026-07-11 17:00:00,738.26961,402.07007,670.73413
Origen 6,2026-07-11 18:00:00,922.30661,402.07007,670.73413
Origen 6,2026-07-11 19:00:00,922.30661,402.40588,797.39276
Origen 6,2026-07-11 20:00:00,922.30661,402.07007,677.74146
Origen 6,2026-07-11 21:00:00,942.30661,402.07007,792.20026
Origen 6,2026-07-11 22:00:00,922.30661,403.78732,672.5481
Origen 6,2026-07-11 23:00:00,742.40661,403.3938,663.7479
Origen 6,2026-07-12 00:00:00,832.19518,403.87668,665.47003
Origen 6,2026-07-12 01:00:00,832.19518,403.67856,665.154
Origen 6,2026-07-12 02:00:00,832.19518,401.61688,653.40106
Origen 6,2026-07-12 03:00:00,832.19518,402.22443,652.03
Origen 6,2026-07-12 04:00:00,832.19518,401.55508,652.03
Origen 6,2026-07-12 05:00:00,832.19518,404.7226,650.9185
Origen 6,2026-07-12 06:00:00,652.69518,405.37564,651.2349
Origen 6,2026-07-12 07:00:00,632.19518,405.5746,651.4464
Origen 6,2026-07-12 08:00:00,632.19518,399.8271,636.5915
Origen 6,2026-07-12 09:00:00,632.19518,400.00748,636.20306
Origen 6,2026-07-12 10:00:00,632.19518,400.00748,636.20306
Origen 6,2026-07-12 11:00:00,640.75718,401.2333,636.20306
Origen 6,2026-07-12 12:00:00,640.75718,407.03036,649.27686
Origen 6,2026-07-12 13:00:00,652.69518,406.09476,658.07404
Origen 6,2026-07-12 14:00:00,682.19518,407.27905,659.0868
Origen 6,2026-07-12 15:00:00,832.19518,407.27905,659.5603
Origen 6,2026-07-12 16:00:00,832.19518,407.27905,668.022
Origen 6,2026-07-12 17:00:00,832.19518,406.944,667.22614
Origen 6,2026-07-12 18:00:00,922.19518,407.85138,786.01166
Origen 6,2026-07-12 19:00:00,922.19518,407.85138,791.38354
Origen 6,2026-07-12 20:00:00,922.19518,407.85138,783.31104
Origen 6,2026-07-12 21:00:00,933.19518,406.27045,786.26697
Origen 6,2026-07-12 22:00:00,933.19518,407.01038,776.2582
Origen 6,2026-07-12 23:00:00,922.19518,407.77905,654.1845
Origen 6,2026-07-13 00:00:00,804.52814,403.96777,775.292
Origen 6,2026-07-13 01:00:00,804.52814,403.66354,762.3676
Origen 6,2026-07-13 02:00:00,804.52814,402.6032,762.2327
Origen 6,2026-07-13 03:00:00,804.52814,402.38498,756.44995
Origen 6,2026-07-13 04:00:00,794.52814,403.4126,765.09924
Origen 6,2026-07-13 05:00:00,804.52814,405.71713,771.1334
Origen 6,2026-07-13 06:00:00,794.52814,399.3848,659.52
Origen 6,2026-07-13 07:00:00,504.52814,406.78317,635.69666
Origen 6,2026-07-13 08:00:00,504.52814,407.01657,638.1566
Origen 6,2026-07-13 09:00:00,504.52814,404.78244,638.616
Origen 6,2026-07-13 10:00:00,504.52814,403.87704,639.0111
Origen 6,2026-07-13 11:00:00,504.52814,404.68478,674.82697
Origen 6,2026-07-13 12:00:00,664.52814,404.68478,675.1163
Origen 6,2026-07-13 13:00:00,655.02814,403.63235,686.5615
Origen 6,2026-07-13 14:00:00,804.52814,404.39218,701.951
Origen 6,2026-07-13 15:00:00,924.52814,400.95767,805.5163
Origen 6,2026-07-13 16:00:00,933.02814,400.95767,812.4591
Origen 6,2026-07-13 17:00:00,933.02814,400.54666,812.2666
Origen 6,2026-07-13 18:00:00,944.52814,400.86783,847.39307
Origen 6,2026-07-13 19:00:00,1074.52814,400.86783,847.9836
Origen 6,2026-07-13 20:00:00,1197.52814,398.59183,844.63617
Origen 6,2026-07-13 21:00:00,1198.52814,398.92093,841.7959
Origen 6,2026-07-13 22:00:00,944.52814,398.60135,843.3523
Origen 6,2026-07-13 23:00:00,933.02814,397.78677,839.96185
Origen 6,2026-07-14 00:00:00,673.9051,441.70425,746.155
Origen 6,2026-07-14 01:00:00,673.9051,440.937,734.20044
Origen 6,2026-07-14 02:00:00,673.9051,439.8989,733.41626
Origen 6,2026-07-14 03:00:00,673.9051,433.2359,730.6155
Origen 6,2026-07-14 04:00:00,673.9051,429.77423,733.0806
Origen 6,2026-07-14 05:00:00,673.9051,430.24277,740.4501
Origen 6,2026-07-14 06:00:00,673.9051,438.57254,743.0976
Origen 6,2026-07-14 07:00:00,654.4051,409.97635,543.9188
Origen 6,2026-07-14 08:00:00,643.9051,414.98822,552.8419
Origen 6,2026-07-14 09:00:00,643.9051,414.98822,553.5013
Origen 6,2026-07-14 10:00:00,663.9051,415.18973,553.5013
Origen 6,2026-07-14 11:00:00,673.9051,416.0201,552.8814
Origen 6,2026-07-14 12:00:00,673.9051,455.3631,687.58276
Origen 6,2026-07-14 13:00:00,943.9051,454.287,685.1879
Origen 6,2026-07-14 14:00:00,975.4051,455.20117,771.1971
Origen 6,2026-07-14 15:00:00,975.4051,455.74673,841.5141
Origen 6,2026-07-14 16:00:00,1073.9051,454.73865,841.5141
Origen 6,2026-07-14 17:00:00,989.4051,450.93076,841.5141
Origen 6,2026-07-14 18:00:00,1073.9051,450.53748,851.4665
Origen 6,2026-07-14 19:00:00,1197.9051,452.57202,900.7085
Origen 6,2026-07-14 20:00:00,1196.9051,451.96365,995.4153
Origen 6,2026-07-14 21:00:00,1197.9051,449.43198,985.2122
Origen 6,2026-07-14 22:00:00,989.4051,449.43198,850.1285
Origen 6,2026-07-14 23:00:00,975.4051,447.0697,836.6672
Origen 6,2026-07-15 00:00:00,843.61336,448.16913,674.8489
Origen 6,2026-07-15 01:00:00,726.92736,447.09695,672.8108
Origen 6,2026-07-15 02:00:00,692.69036,441.2405,661.2091
Origen 6,2026-07-15 03:00:00,672.69036,437.6333,657.16656
Origen 6,2026-07-15 04:00:00,726.92736,438.79547,656.6838
Origen 6,2026-07-15 05:00:00,927.69036,434.65723,660.05615
Origen 6,2026-07-15 06:00:00,726.92736,427.1542,656.61053
Origen 6,2026-07-15 07:00:00,643.69036,427.44925,646.0181
Origen 6,2026-07-15 08:00:00,643.69036,437.64935,649.87524
Origen 6,2026-07-15 09:00:00,643.69036,440.80707,652.8118
Origen 6,2026-07-15 10:00:00,643.69036,442.9394,676.74396
Origen 6,2026-07-15 11:00:00,653.19036,446.62457,677.2779
Origen 6,2026-07-15 12:00:00,672.69036,446.62457,677.73956
Origen 6,2026-07-15 13:00:00,792.69036,445.93387,849.2315
Origen 6,2026-07-15 14:00:00,927.69036,446.7466,843.3181
Origen 6,2026-07-15 15:00:00,927.69036,446.41318,843.3997
Origen 6,2026-07-15 16:00:00,942.69036,445.87964,886.1174
Origen 6,2026-07-15 17:00:00,1182.69036,443.28714,852.01434
Origen 6,2026-07-15 18:00:00,1196.69036,443.81335,922.9013
Origen 6,2026-07-15 19:00:00,1197.69036,443.81335,1021.5528
Origen 6,2026-07-15 20:00:00,1197.69036,439.87372,1018.62103
Origen 6,2026-07-15 21:00:00,1197.69036,430.21036,1016.6375
Origen 6,2026-07-15 22:00:00,1196.69036,429.56284,869.4584
Origen 6,2026-07-15 23:00:00,942.69036,428.0844,852.55853
Origen 6,2026-07-16 00:00:00,733.91903,426.13397,784.00574
Origen 6,2026-07-16 01:00:00,733.91903,422.96133,669.1793
Origen 6,2026-07-16 02:00:00,693.91903,415.43512,657.20764
Origen 6,2026-07-16 03:00:00,693.91903,407.68225,656.3645
Origen 6,2026-07-16 04:00:00,733.91903,417.8623,683.41284
Origen 6,2026-07-16 05:00:00,733.91903,419.79456,858.5711
Origen 6,2026-07-16 06:00:00,733.91903,419.79456,729.0032
Origen 6,2026-07-16 07:00:00,654.41903,429.5425,706.04944
Origen 6,2026-07-16 08:00:00,644.91903,437.0446,712.1688
Origen 6,2026-07-16 09:00:00,644.91903,441.89554,720.586
Origen 6,2026-07-16 10:00:00,644.91903,441.9714,724.7808
Origen 6,2026-07-16 11:00:00,693.91903,443.1891,732.31195
Origen 6,2026-07-16 12:00:00,693.91903,441.11722,748.7212
Origen 6,2026-07-16 13:00:00,733.91903,439.90436,792.39557
Origen 6,2026-07-16 14:00:00,733.91903,443.5197,866.2479
Origen 6,2026-07-16 15:00:00,733.91903,443.5197,867.3767
Origen 6,2026-07-16 16:00:00,923.88903,443.5984,878.1385
Origen 6,2026-07-16 17:00:00,943.91903,443.27087,1016.19403
Origen 6,2026-07-16 18:00:00,1198.91903,442.7383,1067.4624
Origen 6,2026-07-16 19:00:00,1203.91903,442.7383,1067.4624
Origen 6,2026-07-16 20:00:00,1198.91903,440.22458,1074.4362
Origen 6,2026-07-16 21:00:00,1203.91903,439.73553,1073.5739
Origen 6,2026-07-16 22:00:00,1066.26703,439.73553,1064.955
Origen 6,2026-07-16 23:00:00,923.88903,437.94476,918.87585
Origen 6,2026-07-17 00:00:00,923.52112,422.16788,743.18933
Origen 6,2026-07-17 01:00:00,743.51912,423.30292,741.47015
Origen 6,2026-07-17 02:00:00,730.06412,418.28912,727.88885
Origen 6,2026-07-17 03:00:00,730.06412,418.14096,726.8975
Origen 6,2026-07-17 04:00:00,730.06412,420.88306,740.33295
Origen 6,2026-07-17 05:00:00,923.52112,422.66595,713.5493
Origen 6,2026-07-17 06:00:00,743.51912,421.8131,713.5493
Origen 6,2026-07-17 07:00:00,643.52112,423.2335,690.70325
Origen 6,2026-07-17 08:00:00,643.52112,423.2335,691.0719
Origen 6,2026-07-17 09:00:00,643.52112,432.55923,691.0719
Origen 6,2026-07-17 10:00:00,642.52112,434.67255,693.518
Origen 6,2026-07-17 11:00:00,643.52112,435.5419,744.74493
Origen 6,2026-07-17 12:00:00,643.52112,435.5419,745.33795
Origen 6,2026-07-17 13:00:00,643.52112,434.38083,728.8454
Origen 6,2026-07-17 14:00:00,923.52112,435.255,729.62885
Origen 6,2026-07-17 15:00:00,923.52112,435.255,730.15295
Origen 6,2026-07-17 16:00:00,923.52112,435.255,860.5803
Origen 6,2026-07-17 17:00:00,923.52112,435.255,870.7582
Origen 6,2026-07-17 18:00:00,1196.52112,435.255,1005.4859
Origen 6,2026-07-17 19:00:00,1197.52112,435.255,1012.86707
Origen 6,2026-07-17 20:00:00,1196.52112,435.255,1003.3474
Origen 6,2026-07-17 21:00:00,1197.52112,435.255,1009.6682
Origen 6,2026-07-17 22:00:00,942.52112,436.09448,888.0378
Origen 6,2026-07-17 23:00:00,923.52112,433.26215,834.1671
Origen 6,2026-07-18 00:00:00,942.49543,421.21954,815.07214
Origen 6,2026-07-18 01:00:00,854.20243,420.70068,690.6957
Origen 6,2026-07-18 02:00:00,932.49543,418.9882,690.6957
Origen 6,2026-07-18 03:00:00,727.39843,419.93066,690.6957
Origen 6,2026-07-18 04:00:00,727.39843,417.2047,690.0254
Origen 6,2026-07-18 05:00:00,727.39843,417.72522,810.7393
Origen 6,2026-07-18 06:00:00,647.49543,417.57922,684.5896
Origen 6,2026-07-18 07:00:00,647.49543,420.0254,660.1181
Origen 6,2026-07-18 08:00:00,647.49543,420.84094,660.95154
Origen 6,2026-07-18 09:00:00,643.49543,420.84094,660.9884
Origen 6,2026-07-18 10:00:00,643.49543,425.2832,660.9884
Origen 6,2026-07-18 11:00:00,643.49543,426.50574,660.6093
Origen 6,2026-07-18 12:00:00,643.49543,426.7487,659.9831
Origen 6,2026-07-18 13:00:00,647.49543,425.61105,667.6628
Origen 6,2026-07-18 14:00:00,647.49543,415.63168,815.6421
Origen 6,2026-07-18 15:00:00,743.49343,415.80807,816.228
Origen 6,2026-07-18 16:00:00,952.49543,414.1963,815.4084
Origen 6,2026-07-18 17:00:00,952.49543,414.1963,815.076
Origen 6,2026-07-18 18:00:00,952.49543,414.38358,962.8906
Origen 6,2026-07-18 19:00:00,952.49543,416.87598,967.64386
Origen 6,2026-07-18 20:00:00,952.49543,416.87598,969.60406
Origen 6,2026-07-18 21:00:00,952.49543,416.06927,969.60406
Origen 6,2026-07-18 22:00:00,952.49543,416.06927,835.7872
Origen 6,2026-07-18 23:00:00,743.49343,414.99954,815.3081
Origen 6,2026-07-19 00:00:00,943.72728,415.95563,814.6471
Origen 6,2026-07-19 01:00:00,932.72728,415.29248,772.90784
Origen 6,2026-07-19 02:00:00,932.72728,413.34354,839.8441
Origen 6,2026-07-19 03:00:00,932.72728,412.88535,677.1726
Origen 6,2026-07-19 04:00:00,724.75628,413.12427,676.542
Origen 6,2026-07-19 05:00:00,724.75628,413.79083,676.50195
Origen 6,2026-07-19 06:00:00,652.72728,413.9939,648.91626
Origen 6,2026-07-19 07:00:00,648.72728,413.9939,646.0992
Origen 6,2026-07-19 08:00:00,648.72728,414.45157,636.5305
Origen 6,2026-07-19 09:00:00,648.72728,414.45157,634.5077
Origen 6,2026-07-19 10:00:00,652.72728,414.45157,629.8891
Origen 6,2026-07-19 11:00:00,652.72728,415.28043,621.709
Origen 6,2026-07-19 12:00:00,652.72728,415.28043,620.633
Origen 6,2026-07-19 13:00:00,652.72728,414.3259,622.68634
Origen 6,2026-07-19 14:00:00,724.75628,410.847,627.1298
Origen 6,2026-07-19 15:00:00,942.72728,410.847,638.2805
Origen 6,2026-07-19 16:00:00,942.72728,410.847,780.1541
Origen 6,2026-07-19 17:00:00,942.72728,410.847,798.62714
Origen 6,2026-07-19 18:00:00,943.72728,410.847,784.475
Origen 6,2026-07-19 19:00:00,952.72728,410.847,788.3475
Origen 6,2026-07-19 20:00:00,944.72728,411.2233,773.1441
Origen 6,2026-07-19 21:00:00,943.72728,408.4742,771.0
Origen 6,2026-07-19 22:00:00,944.72728,408.4742,766.38165
Origen 6,2026-07-19 23:00:00,932.72728,406.9741,599.29266
Origen 6,2026-07-20 00:00:00,752.71069,410.38452,760.43823
Origen 6,2026-07-20 01:00:00,752.71069,409.7668,748.718
Origen 6,2026-07-20 02:00:00,747.71069,408.64096,733.43445
Origen 6,2026-07-20 03:00:00,747.71069,408.4187,751.3137
Origen 6,2026-07-20 04:00:00,747.71069,409.0954,618.20953
Origen 6,2026-07-20 05:00:00,747.71069,411.87326,631.9427
Origen 6,2026-07-20 06:00:00,747.71069,405.58832,606.67706
Origen 6,2026-07-20 07:00:00,677.71069,405.40076,615.46027
Origen 6,2026-07-20 08:00:00,677.71069,405.6334,616.2373
Origen 6,2026-07-20 09:00:00,677.71069,405.6334,616.2373
Origen 6,2026-07-20 10:00:00,677.71069,405.6334,616.8215
Origen 6,2026-07-20 11:00:00,677.71069,416.45236,619.7721
Origen 6,2026-07-20 12:00:00,677.71069,423.60358,626.24194
Origen 6,2026-07-20 13:00:00,747.71069,422.6299,648.8049
Origen 6,2026-07-20 14:00:00,747.71069,423.61972,686.5219
Origen 6,2026-07-20 15:00:00,752.71069,423.61972,874.7817
Origen 6,2026-07-20 16:00:00,926.71069,423.61972,874.7817
Origen 6,2026-07-20 17:00:00,926.71069,423.3768,874.7817
Origen 6,2026-07-20 18:00:00,943.71069,421.33105,876.3156
Origen 6,2026-07-20 19:00:00,943.71069,418.9598,877.2462
Origen 6,2026-07-20 20:00:00,943.71069,416.5811,861.3111
Origen 6,2026-07-20 21:00:00,942.71069,416.1183,855.9252
Origen 6,2026-07-20 22:00:00,926.71069,415.62015,854.1268
Origen 6,2026-07-20 23:00:00,752.71069,414.8134,845.95624
Origen 6,2026-07-21 00:00:00,691.59804,436.4161,706.19684
Origen 6,2026-07-21 01:00:00,642.48704,436.16562,705.78455
Origen 6,2026-07-21 02:00:00,642.48704,437.18488,642.01495
Origen 6,2026-07-21 03:00:00,642.48704,436.62756,636.31683
Origen 6,2026-07-21 04:00:00,642.48704,433.14728,639.7209
Origen 6,2026-07-21 05:00:00,691.59804,433.76608,645.60333
Origen 6,2026-07-21 06:00:00,733.48504,427.21716,657.40564
Origen 6,2026-07-21 07:00:00,691.59804,440.18433,655.13
Origen 6,2026-07-21 08:00:00,642.48704,441.41916,657.0246
Origen 6,2026-07-21 09:00:00,642.48704,441.6101,657.42413
Origen 6,2026-07-21 10:00:00,642.48704,442.28806,657.42413
Origen 6,2026-07-21 11:00:00,642.48704,443.17258,657.42413
Origen 6,2026-07-21 12:00:00,642.48704,443.17258,657.70734
Origen 6,2026-07-21 13:00:00,642.48704,442.15393,694.43195
Origen 6,2026-07-21 14:00:00,942.48704,443.2937,699.46173
Origen 6,2026-07-21 15:00:00,942.48704,443.2937,760.2739
Origen 6,2026-07-21 16:00:00,942.48704,443.2937,852.9538
Origen 6,2026-07-21 17:00:00,947.48704,443.0395,852.9538
Origen 6,2026-07-21 18:00:00,962.48704,443.76068,863.0415
Origen 6,2026-07-21 19:00:00,962.48704,443.76068,864.11127
Origen 6,2026-07-21 20:00:00,962.48704,441.24112,859.9478
Origen 6,2026-07-21 21:00:00,962.48704,440.75095,856.6708
Origen 6,2026-07-21 22:00:00,947.48704,443.4961,845.8759
Origen 6,2026-07-21 23:00:00,942.48704,444.107,754.48083
Origen 6,2026-07-22 00:00:00,932.12121,444.14407,652.9737
Origen 6,2026-07-22 01:00:00,932.12121,443.34464,636.6443
Origen 6,2026-07-22 02:00:00,932.12121,435.33344,636.05536
Origen 6,2026-07-22 03:00:00,932.12121,430.37103,636.35144
Origen 6,2026-07-22 04:00:00,932.12121,435.79745,636.005
Origen 6,2026-07-22 05:00:00,932.12121,431.8952,661.20526
Origen 6,2026-07-22 06:00:00,932.12121,420.5272,663.11743
Origen 6,2026-07-22 07:00:00,926.12121,429.4936,656.9463
Origen 6,2026-07-22 08:00:00,932.12121,438.069,647.3636
Origen 6,2026-07-22 09:00:00,691.00121,440.26422,653.78094
Origen 6,2026-07-22 10:00:00,926.12121,441.93115,657.2502
Origen 6,2026-07-22 11:00:00,932.12121,445.03278,656.3395
Origen 6,2026-07-22 12:00:00,932.12121,445.3682,662.6474
Origen 6,2026-07-22 13:00:00,932.12121,444.78244,672.8412
Origen 6,2026-07-22 14:00:00,932.12121,443.31802,841.5125
Origen 6,2026-07-22 15:00:00,941.12121,443.34213,842.11694
Origen 6,2026-07-22 16:00:00,942.12121,445.50027,842.11694
Origen 6,2026-07-22 17:00:00,1042.12121,448.92136,842.96356
Origen 6,2026-07-22 18:00:00,1042.12121,456.68372,843.4561
Origen 6,2026-07-22 19:00:00,1047.12121,456.68372,843.4561
Origen 6,2026-07-22 20:00:00,1047.12121,453.6473,841.6084
Origen 6,2026-07-22 21:00:00,1042.12121,453.14334,840.82947
Origen 6,2026-07-22 22:00:00,942.12121,451.10626,839.7352
Origen 6,2026-07-22 23:00:00,941.12121,448.53625,827.0483
Origen 6,2026-07-23 00:00:00,932.13321,448.2484,799.11017
Origen 6,2026-07-23 01:00:00,932.13321,435.41708,797.2533
Origen 6,2026-07-23 02:00:00,932.13321,429.21307,798.1912
Origen 6,2026-07-23 03:00:00,932.13321,424.3824,796.00543
Origen 6,2026-07-23 04:00:00,932.13321,425.66446,816.7369
Origen 6,2026-07-23 05:00:00,932.13321,429.25284,815.2979
Origen 6,2026-07-23 06:00:00,932.13321,411.2971,811.348
Origen 6,2026-07-23 07:00:00,932.13321,416.42398,840.95294
Origen 6,2026-07-23 08:00:00,932.13321,424.16528,833.72766
Origen 6,2026-07-23 09:00:00,932.13321,429.08316,677.6423
Origen 6,2026-07-23 10:00:00,932.13321,429.765,823.3848
Origen 6,2026-07-23 11:00:00,932.13321,431.58987,820.75385
Origen 6,2026-07-23 12:00:00,922.13321,428.27148,826.93195
Origen 6,2026-07-23 13:00:00,932.13321,427.7753,846.2422
Origen 6,2026-07-23 14:00:00,932.13321,427.54138,854.2261
Origen 6,2026-07-23 15:00:00,952.13321,427.54138,870.2535
Origen 6,2026-07-23 16:00:00,1012.13321,427.54138,876.9142
Origen 6,2026-07-23 17:00:00,1012.13321,425.79962,919.1428
Origen 6,2026-07-23 18:00:00,1092.13321,426.8313,919.9702
Origen 6,2026-07-23 19:00:00,1097.13321,426.8313,919.9702
Origen 6,2026-07-23 20:00:00,1092.13321,424.40784,916.12714
Origen 6,2026-07-23 21:00:00,952.13321,423.93637,910.7336
Origen 6,2026-07-23 22:00:00,937.13321,423.29828,869.14044
Origen 6,2026-07-23 23:00:00,932.13321,423.19235,841.531
Origen 6,2026-07-24 00:00:00,883.4134,409.42816,791.1897
Origen 6,2026-07-24 01:00:00,842.4134,407.62683,770.92426
Origen 6,2026-07-24 02:00:00,842.4134,406.37854,767.19
Origen 6,2026-07-24 03:00:00,842.4134,401.7408,763.8762
Origen 6,2026-07-24 04:00:00,842.4134,406.6691,774.5024
Origen 6,2026-07-24 05:00:00,883.4134,409.0562,804.8444
Origen 6,2026-07-24 06:00:00,853.5724,409.50058,806.4206
Origen 6,2026-07-24 07:00:00,842.4134,408.9628,807.9363
Origen 6,2026-07-24 08:00:00,688.0954,410.31488,814.41986
Origen 6,2026-07-24 09:00:00,642.4134,409.089,814.9027
Origen 6,2026-07-24 10:00:00,642.4134,409.5035,814.9027
Origen 6,2026-07-24 11:00:00,842.4134,410.32248,814.9027
Origen 6,2026-07-24 12:00:00,688.0954,409.90717,814.9027
Origen 6,2026-07-24 13:00:00,692.4134,408.96494,830.8924
Origen 6,2026-07-24 14:00:00,883.4134,409.3077,850.11957
Origen 6,2026-07-24 15:00:00,883.4134,415.92487,863.38226
Origen 6,2026-07-24 16:00:00,912.4134,415.92487,864.0396
Origen 6,2026-07-24 17:00:00,937.4134,415.92487,864.0396
Origen 6,2026-07-24 18:00:00,952.4134,415.05038,907.69226
Origen 6,2026-07-24 19:00:00,1012.4134,415.05038,907.69226
Origen 6,2026-07-24 20:00:00,1012.4134,415.05038,904.6758
Origen 6,2026-07-24 21:00:00,952.4134,415.05038,859.15594
Origen 6,2026-07-24 22:00:00,912.4134,415.05038,855.96313
Origen 6,2026-07-24 23:00:00,883.4134,414.2449,830.96643
Origen 6,2026-07-25 00:00:00,692.47061,401.08273,800.20416
Origen 6,2026-07-25 01:00:00,685.99961,401.57477,762.23816
Origen 6,2026-07-25 02:00:00,685.99961,401.1826,765.26965
Origen 6,2026-07-25 03:00:00,685.99961,400.89386,760.4089
Origen 6,2026-07-25 04:00:00,695.99961,401.4413,774.8621
Origen 6,2026-07-25 05:00:00,645.99961,402.36963,810.529
Origen 6,2026-07-25 06:00:00,645.99961,402.36963,780.5996
Origen 6,2026-07-25 07:00:00,635.99961,403.21664,782.5069
Origen 6,2026-07-25 08:00:00,313.71361,406.9729,655.5212
Origen 6,2026-07-25 09:00:00,295.99961,406.06262,631.18164
Origen 6,2026-07-25 10:00:00,295.99961,405.46164,636.4403
Origen 6,2026-07-25 11:00:00,626.74361,406.27255,766.38306
Origen 6,2026-07-25 12:00:00,635.99961,406.27255,661.168
Origen 6,2026-07-25 13:00:00,635.99961,404.96777,677.254
Origen 6,2026-07-25 14:00:00,635.99961,407.51797,857.1897
Origen 6,2026-07-25 15:00:00,645.99961,407.51797,860.48224
Origen 6,2026-07-25 16:00:00,775.99961,407.89124,869.2237
Origen 6,2026-07-25 17:00:00,775.99961,407.89124,880.9989
Origen 6,2026-07-25 18:00:00,935.99961,408.49582,840.2322
Origen 6,2026-07-25 19:00:00,935.99961,408.49582,847.17487
Origen 6,2026-07-25 20:00:00,935.99961,407.74252,849.9291
Origen 6,2026-07-25 21:00:00,880.99961,408.40546,849.9291
Origen 6,2026-07-25 22:00:00,775.99961,408.40546,838.85986
Origen 6,2026-07-25 23:00:00,775.99961,409.28952,830.6151
Origen 6,2026-07-26 00:00:00,656.43802,409.5785,693.20685
Origen 6,2026-07-26 01:00:00,656.43802,408.9187,689.462
Origen 6,2026-07-26 02:00:00,646.43802,408.54315,670.0462
Origen 6,2026-07-26 03:00:00,646.43802,407.67563,669.24756
Origen 6,2026-07-26 04:00:00,646.43802,404.86734,663.05164
Origen 6,2026-07-26 05:00:00,646.43802,404.50867,636.9859
Origen 6,2026-07-26 06:00:00,616.43802,405.16135,632.8696
Origen 6,2026-07-26 07:00:00,156.43802,406.15018,586.0334
Origen 6,2026-07-26 08:00:00,156.43802,286.5696,366.82077
Origen 6,2026-07-26 09:00:00,156.43802,278.32672,346.90353
Origen 6,2026-07-26 10:00:00,156.43802,278.23978,346.13965
Origen 6,2026-07-26 11:00:00,156.43802,407.3412,574.3358
Origen 6,2026-07-26 12:00:00,301.17402,407.3412,574.3358
Origen 6,2026-07-26 13:00:00,616.43802,406.4049,582.14734
Origen 6,2026-07-26 14:00:00,646.43802,406.90323,583.0432
Origen 6,2026-07-26 15:00:00,656.43802,406.5995,622.22595
Origen 6,2026-07-26 16:00:00,656.43802,406.5995,689.27167
Origen 6,2026-07-26 17:00:00,694.83502,406.4584,689.43896
Origen 6,2026-07-26 18:00:00,786.43802,406.2427,772.21454
Origen 6,2026-07-26 19:00:00,796.43802,405.16885,775.7054
Origen 6,2026-07-26 20:00:00,786.43802,407.0987,790.7688
Origen 6,2026-07-26 21:00:00,786.43802,407.0987,780.0043
Origen 6,2026-07-26 22:00:00,776.43802,407.0987,706.35724
Origen 6,2026-07-26 23:00:00,656.43802,406.70306,699.7153
Origen 6,2026-07-27 00:00:00,593.78592,418.97144,668.23804
Origen 6,2026-07-27 01:00:00,593.78592,418.0921,666.8807
Origen 6,2026-07-27 02:00:00,592.78592,415.84497,644.7023
Origen 6,2026-07-27 03:00:00,592.78592,415.5229,642.3076
Origen 6,2026-07-27 04:00:00,593.78592,416.739,650.0565
Origen 6,2026-07-27 05:00:00,593.78592,421.8306,666.7707
Origen 6,2026-07-27 06:00:00,593.78592,415.85352,610.5269
Origen 6,2026-07-27 07:00:00,593.78592,208.35094,285.91333
Origen 6,2026-07-27 08:00:00,593.78592,208.40688,286.75247
Origen 6,2026-07-27 09:00:00,593.78592,208.40688,287.29694
Origen 6,2026-07-27 10:00:00,593.78592,208.40688,287.29694
Origen 6,2026-07-27 11:00:00,593.78592,208.82368,282.97473
Origen 6,2026-07-27 12:00:00,593.78592,306.7066,403.02557
Origen 6,2026-07-27 13:00:00,593.78592,421.97043,628.7973
Origen 6,2026-07-27 14:00:00,593.78592,423.47815,689.79047
Origen 6,2026-07-27 15:00:00,643.78592,423.47815,704.04443
Origen 6,2026-07-27 16:00:00,643.78592,432.28418,711.59753
Origen 6,2026-07-27 17:00:00,683.78592,432.0363,710.8891
Origen 6,2026-07-27 18:00:00,713.78592,432.21533,778.78345
Origen 6,2026-07-27 19:00:00,713.78592,432.21533,778.78345
Origen 6,2026-07-27 20:00:00,713.78592,432.27304,772.98004
Origen 6,2026-07-27 21:00:00,683.78592,431.79288,770.9503
Origen 6,2026-07-27 22:00:00,673.78592,431.2375,761.2934
Origen 6,2026-07-27 23:00:00,613.78592,431.57816,693.0915
Origen 6,2026-07-28 00:00:00,644.01838,448.9449,595.349
Origen 6,2026-07-28 01:00:00,644.01838,447.29214,586.469
Origen 6,2026-07-28 02:00:00,644.01838,443.42563,585.6024
Origen 6,2026-07-28 03:00:00,644.01838,441.36234,585.2465
Origen 6,2026-07-28 04:00:00,644.01838,448.78293,587.7918
Origen 6,2026-07-28 05:00:00,644.51838,450.94128,590.3704
Origen 6,2026-07-28 06:00:00,644.01838,446.5703,592.93066
Origen 6,2026-07-28 07:00:00,604.01838,448.27878,592.93066
Origen 6,2026-07-28 08:00:00,604.01838,451.7615,601.26654
Origen 6,2026-07-28 09:00:00,604.01838,452.37088,602.81696
Origen 6,2026-07-28 10:00:00,604.01838,452.3948,615.2836
Origen 6,2026-07-28 11:00:00,604.01838,456.0215,616.2808
Origen 6,2026-07-28 12:00:00,604.01838,452.0427,616.58325
Origen 6,2026-07-28 13:00:00,644.01838,451.47076,621.53625
Origen 6,2026-07-28 14:00:00,654.01838,451.39932,628.06256
Origen 6,2026-07-28 15:00:00,654.01838,451.39932,686.2555
Origen 6,2026-07-28 16:00:00,654.01838,451.39932,686.2555
Origen 6,2026-07-28 17:00:00,691.02838,451.14044,701.38556
Origen 6,2026-07-28 18:00:00,954.01838,451.14044,701.0177
Origen 6,2026-07-28 19:00:00,984.01838,450.2445,701.3832
Origen 6,2026-07-28 20:00:00,1164.01838,447.126,697.9252
Origen 6,2026-07-28 21:00:00,943.01838,433.18448,694.907
Origen 6,2026-07-28 22:00:00,674.01838,431.23706,694.0278
Origen 6,2026-07-28 23:00:00,654.01838,431.0763,620.968
Origen 6,2026-07-29 00:00:00,662.76372,430.3825,663.9056
Origen 6,2026-07-29 01:00:00,643.26372,429.04468,663.9056
Origen 6,2026-07-29 02:00:00,642.96372,426.26608,658.0436
Origen 6,2026-07-29 03:00:00,643.26372,428.03543,653.61914
Origen 6,2026-07-29 04:00:00,643.26372,428.4949,654.60016
Origen 6,2026-07-29 05:00:00,662.76372,429.13965,658.756
Origen 6,2026-07-29 06:00:00,643.26372,424.96173,654.57074
Origen 6,2026-07-29 07:00:00,642.96372,429.89825,602.2553
Origen 6,2026-07-29 08:00:00,642.96372,449.00616,604.6728
Origen 6,2026-07-29 09:00:00,642.96372,449.83014,603.6342
Origen 6,2026-07-29 10:00:00,642.96372,451.35434,611.37787
Origen 6,2026-07-29 11:00:00,642.96372,455.34534,611.37787
Origen 6,2026-07-29 12:00:00,642.96372,457.1454,616.36896
Origen 6,2026-07-29 13:00:00,642.96372,455.9267,678.4393
Origen 6,2026-07-29 14:00:00,642.96372,456.39175,679.7939
Origen 6,2026-07-29 15:00:00,662.76372,456.39175,680.2822
Origen 6,2026-07-29 16:00:00,672.76372,456.39175,679.97864
Origen 6,2026-07-29 17:00:00,742.76372,456.6532,694.96893
Origen 6,2026-07-29 18:00:00,1002.76372,459.8294,840.5864
Origen 6,2026-07-29 19:00:00,1002.76372,461.2223,838.72906
Origen 6,2026-07-29 20:00:00,1002.76372,457.4312,884.86597
Origen 6,2026-07-29 21:00:00,991.76372,456.9231,838.2702
Origen 6,2026-07-29 22:00:00,742.76372,454.63196,692.20044
Origen 6,2026-07-29 23:00:00,689.73572,453.51904,666.31616
Origen 6,2026-07-30 00:00:00,893.34505,452.10416,663.19684
Origen 6,2026-07-30 01:00:00,893.34505,449.69412,646.4844
Origen 6,2026-07-30 02:00:00,893.34505,448.04904,642.7617
Origen 6,2026-07-30 03:00:00,893.34505,442.17905,643.657
Origen 6,2026-07-30 04:00:00,992.84505,448.048,647.6547
Origen 6,2026-07-30 05:00:00,992.84505,456.50583,673.5282
Origen 6,2026-07-30 06:00:00,992.84505,457.88904,663.99194
Origen 6,2026-07-30 07:00:00,893.34505,459.8114,669.5138
Origen 6,2026-07-30 08:00:00,743.34505,459.29865,672.36786
Origen 6,2026-07-30 09:00:00,743.34505,459.29865,672.36786
Origen 6,2026-07-30 10:00:00,893.34505,451.32874,672.36786
Origen 6,2026-07-30 11:00:00,893.34505,451.54422,672.36786
Origen 6,2026-07-30 12:00:00,893.34505,451.54422,672.36786
Origen 6,2026-07-30 13:00:00,893.34505,450.34045,680.349
Origen 6,2026-07-30 14:00:00,992.84505,450.11444,681.50494
Origen 6,2026-07-30 15:00:00,992.84505,450.11444,697.0306
Origen 6,2026-07-30 16:00:00,1003.34505,450.11444,697.0306
Origen 6,2026-07-30 17:00:00,1003.34505,446.75854,706.8946
Origen 6,2026-07-30 18:00:00,1199.34505,443.60965,844.6377
Origen 6,2026-07-30 19:00:00,1208.34505,443.60965,844.8625
Origen 6,2026-07-30 20:00:00,1199.34505,440.3382,842.44
Origen 6,2026-07-30 21:00:00,1208.34505,439.84903,841.1775
Origen 6,2026-07-30 22:00:00,1003.34505,439.84903,705.549
Origen 6,2026-07-30 23:00:00,992.84505,439.21838,693.7975
Origen 6,2026-07-31 00:00:00,982.09867,421.9406,796.87964
Origen 6,2026-07-31 01:00:00,892.09867,423.16772,790.0749
Origen 6,2026-07-31 02:00:00,972.59867,423.53067,788.1017
Origen 6,2026-07-31 03:00:00,972.59867,423.8913,786.07947
Origen 6,2026-07-31 04:00:00,982.09867,426.9862,803.04694
Origen 6,2026-07-31 05:00:00,982.09867,426.66342,813.8426
Origen 6,2026-07-31 06:00:00,982.09867,426.66342,830.98395
Origen 6,2026-07-31 07:00:00,892.09867,427.5689,834.47626
Origen 6,2026-07-31 08:00:00,892.09867,427.5689,711.3279
Origen 6,2026-07-31 09:00:00,892.09867,427.5689,711.3279
Origen 6,2026-07-31 10:00:00,892.09867,427.5689,837.6672
Origen 6,2026-07-31 11:00:00,892.09867,431.91452,863.09454
Origen 6,2026-07-31 12:00:00,892.09867,434.5244,863.05707
Origen 6,2026-07-31 13:00:00,892.09867,433.36606,874.6041
Origen 6,2026-07-31 14:00:00,982.09867,434.62717,940.8293
Origen 6,2026-07-31 15:00:00,982.09867,434.62717,941.5052
Origen 6,2026-07-31 16:00:00,991.59867,435.6015,958.7448
Origen 6,2026-07-31 17:00:00,991.59867,433.43488,960.29675
Origen 6,2026-07-31 18:00:00,1106.09867,435.74817,1112.0271
Origen 6,2026-07-31 19:00:00,1162.09867,435.10327,1113.4678
Origen 6,2026-07-31 20:00:00,1106.09867,435.10327,1109.3557
Origen 6,2026-07-31 21:00:00,1107.09867,435.10327,1108.2089
Origen 6,2026-07-31 22:00:00,991.59867,433.14728,955.89087
Origen 6,2026-07-31 23:00:00,982.09867,435.09018,955.3281
Origen 6,2026-08-01 00:00:00,989.5918,430.27274,904.4541
Origen 6,2026-08-01 01:00:00,989.5918,429.92612,891.6015
Origen 6,2026-08-01 02:00:00,989.5918,429.47253,903.3472
Origen 6,2026-08-01 03:00:00,985.0918,429.47253,903.3472
Origen 6,2026-08-01 04:00:00,989.5918,436.1348,903.3472
Origen 6,2026-08-01 05:00:00,989.5918,437.85727,902.1879
Origen 6,2026-08-01 06:00:00,989.5918,438.11267,898.1918
Origen 6,2026-08-01 07:00:00,985.0918,438.15173,885.7461
Origen 6,2026-08-01 08:00:00,650.0918,428.0891,872.71564
Origen 6,2026-08-01 09:00:00,890.5918,424.20212,855.65546
Origen 6,2026-08-01 10:00:00,890.5918,426.1177,856.55835
Origen 6,2026-08-01 11:00:00,890.5918,444.3987,891.79675
Origen 6,2026-08-01 12:00:00,890.5918,446.50003,892.828
Origen 6,2026-08-01 13:00:00,890.5918,445.30978,902.2279
Origen 6,2026-08-01 14:00:00,985.0918,445.0862,917.91376
Origen 6,2026-08-01 15:00:00,989.5918,445.0862,918.3083
Origen 6,2026-08-01 16:00:00,989.5918,444.4002,918.3083
Origen 6,2026-08-01 17:00:00,990.0918,445.26367,918.3083
Origen 6,2026-08-01 18:00:00,1015.0918,445.60312,987.4697
Origen 6,2026-08-01 19:00:00,1050.0918,445.60312,989.58057
Origen 6,2026-08-01 20:00:00,1040.0918,444.83673,991.58527
Origen 6,2026-08-01 21:00:00,1050.0918,429.71356,992.1466
Origen 6,2026-08-01 22:00:00,1015.0918,427.78183,931.01874
Origen 6,2026-08-01 23:00:00,990.0918,427.99664,929.05676
Origen 6,2026-08-02 00:00:00,942.6046,428.62692,921.1369
Origen 6,2026-08-02 01:00:00,942.6046,456.09085,921.5947
Origen 6,2026-08-02 02:00:00,722.6046,456.626,920.9042
Origen 6,2026-08-02 03:00:00,893.1046,456.36197,920.9042
Origen 6,2026-08-02 04:00:00,893.1046,456.626,920.9042
Origen 6,2026-08-02 05:00:00,942.6046,457.14838,921.8598
Origen 6,2026-08-02 06:00:00,652.6046,457.14838,922.8041
Origen 6,2026-08-02 07:00:00,622.6046,448.4295,867.1534
Origen 6,2026-08-02 08:00:00,492.6046,453.5327,701.45105
Origen 6,2026-08-02 09:00:00,241.0846,454.07623,847.4734
Origen 6,2026-08-02 10:00:00,369.8146,454.07623,847.4734
Origen 6,2026-08-02 11:00:00,492.6046,456.8664,847.4734
Origen 6,2026-08-02 12:00:00,492.6046,465.66702,893.39355
Origen 6,2026-08-02 13:00:00,622.6046,472.8583,915.30585
Origen 6,2026-08-02 14:00:00,622.6046,472.62097,927.9773
Origen 6,2026-08-02 15:00:00,642.6046,481.2419,928.37616
Origen 6,2026-08-02 16:00:00,942.6046,484.26743,928.37616
Origen 6,2026-08-02 17:00:00,992.1046,484.09818,928.37616
Origen 6,2026-08-02 18:00:00,992.1046,485.28888,967.5723
Origen 6,2026-08-02 19:00:00,992.1046,484.91925,969.6407
Origen 6,2026-08-02 20:00:00,1017.6046,484.91925,971.6048
Origen 6,2026-08-02 21:00:00,1017.6046,487.61215,971.931
Origen 6,2026-08-02 22:00:00,992.1046,488.1987,971.51355
Origen 6,2026-08-02 23:00:00,992.1046,488.8598,933.7962
Origen 6,2026-08-03 00:00:00,989.52102,511.2486,969.08356
Origen 6,2026-08-03 01:00:00,989.52102,513.8207,965.5057
Origen 6,2026-08-03 02:00:00,989.52102,512.5787,788.9131
Origen 6,2026-08-03 03:00:00,989.52102,511.3081,938.9237
Origen 6,2026-08-03 04:00:00,995.02102,513.14874,942.0917
Origen 6,2026-08-03 05:00:00,989.52102,516.76373,964.2267
Origen 6,2026-08-03 06:00:00,989.52102,516.23004,784.39795
Origen 6,2026-08-03 07:00:00,989.52102,519.1308,743.301
Origen 6,2026-08-03 08:00:00,989.52102,468.03314,614.10364
Origen 6,2026-08-03 09:00:00,989.52102,323.5321,400.99957
Origen 6,2026-08-03 10:00:00,989.52102,379.76123,484.68576
Origen 6,2026-08-03 11:00:00,989.52102,465.2646,600.13544
Origen 6,2026-08-03 12:00:00,989.52102,462.01074,589.4658
Origen 6,2026-08-03 13:00:00,989.52102,510.18143,682.57654
Origen 6,2026-08-03 14:00:00,995.02102,511.86282,684.4874
Origen 6,2026-08-03 15:00:00,1001.02102,511.86282,711.1179
Origen 6,2026-08-03 16:00:00,1020.02102,511.90848,875.56793
Origen 6,2026-08-03 17:00:00,1020.02102,512.2281,875.56793
Origen 6,2026-08-03 18:00:00,1025.02102,511.17966,875.56793
Origen 6,2026-08-03 19:00:00,1050.02102,513.48804,874.7184
Origen 6,2026-08-03 20:00:00,1025.02102,509.69513,902.5744
Origen 6,2026-08-03 21:00:00,1025.02102,507.87973,898.6711
Origen 6,2026-08-03 22:00:00,1020.02102,507.87973,863.0785
Origen 6,2026-08-03 23:00:00,995.02102,505.45212,861.70996
Origen 6,2026-08-04 00:00:00,1024.02798,505.47626,833.643
Origen 6,2026-08-04 01:00:00,1021.02798,504.6721,830.6515
Origen 6,2026-08-04 02:00:00,1021.02798,503.09308,823.2141
Origen 6,2026-08-04 03:00:00,980.02798,500.83688,822.7138
Origen 6,2026-08-04 04:00:00,1018.22798,500.8708,846.22845
Origen 6,2026-08-04 05:00:00,1024.02798,505.17868,851.82715
Origen 6,2026-08-04 06:00:00,1024.02798,506.5988,865.8031
Origen 6,2026-08-04 07:00:00,980.02798,510.3834,866.30615
Origen 6,2026-08-04 08:00:00,686.89998,514.46094,899.6916
Origen 6,2026-08-04 09:00:00,816.13198,517.1875,946.4339
Origen 6,2026-08-04 10:00:00,980.02798,519.894,963.33887
Origen 6,2026-08-04 11:00:00,1021.02798,523.0684,963.33887
Origen 6,2026-08-04 12:00:00,980.02798,523.0684,963.9215
Origen 6,2026-08-04 13:00:00,1021.02798,521.50165,972.31116
Origen 6,2026-08-04 14:00:00,1024.02798,521.2398,973.41754
Origen 6,2026-08-04 15:00:00,1024.02798,517.5037,973.8358
Origen 6,2026-08-04 16:00:00,1049.52798,515.3478,1011.78687
Origen 6,2026-08-04 17:00:00,1024.02798,515.2132,1011.78687
Origen 6,2026-08-04 18:00:00,1050.02798,516.3095,1020.17957
Origen 6,2026-08-04 19:00:00,1060.02798,516.04175,1020.17957
Origen 6,2026-08-04 20:00:00,1060.02798,513.299,1027.3654
Origen 6,2026-08-04 21:00:00,1060.02798,512.7288,1023.91064
Origen 6,2026-08-04 22:00:00,1024.02798,511.47076,1015.0511
Origen 6,2026-08-04 23:00:00,1024.02798,511.40463,975.29736
Origen 6,2026-08-05 00:00:00,1024.0,501.80862,987.3813
