fecha_hora,real,v4 (referencia),v1 (NNLS global),Persistencia,nivel v4 + forma persistencia,nivel v4 + forma v1,nivel v4 + forma ajustada (pesos suman 1),nivel v4 + forma ajustada (escala libre)
2026-01-01 01:00:00,307.90985,313.13636551386907,305.7768002231219,271.30327,298.89502042719096,301.6779318891687,307.92506890722984,308.28679303359206
2026-01-01 02:00:00,296.32185,306.23306201023047,300.21394801512145,271.30327,298.89502042719096,296.11507968116825,302.4021723592877,302.81043740254694
2026-01-01 03:00:00,296.32185,298.4866569296685,297.7500945002356,271.30327,298.89502042719096,293.6512261662824,296.9331560116527,297.8033417653843
2026-01-01 04:00:00,296.32185,292.95904745150153,294.2415903701311,271.30327,298.89502042719096,290.14272203617793,292.7267861928491,293.6886461546772
2026-01-01 05:00:00,296.32185,299.1918421605416,299.42700394542624,271.30327,298.89502042719096,295.32813561147304,297.8056684736413,298.671020859141
2026-01-01 06:00:00,296.32185,293.96788172988425,300.76702077620854,271.30327,298.89502042719096,296.66815244225535,294.94488004555467,295.71071649456565
2026-01-01 07:00:00,296.32185,297.08107514124544,303.5144031831549,271.30327,298.89502042719096,299.4155348492017,297.46534603879735,298.2087231264912
2026-01-01 08:00:00,272.90985,298.2228748856744,304.5377609002256,270.30327,297.89502042719096,300.4388925662724,298.3005763831508,298.9365141812692
2026-01-01 09:00:00,104.99185,298.12346029225324,304.6182560897097,270.30327,297.89502042719096,300.5193877557565,298.31467991642035,298.8004768904064
2026-01-01 10:00:00,103.53785,302.3855307102864,308.3972761242667,270.30327,297.89502042719096,304.2984077903135,301.76409684599037,302.2345213652696
2026-01-01 11:00:00,244.80985,299.4730973071057,306.3564919427788,270.30327,297.89502042719096,302.2576236088256,299.61270661920724,299.80629302735116
2026-01-01 12:00:00,272.90985,298.47249142014704,308.84773995099414,270.30327,297.89502042719096,304.74887161704095,299.70262362261195,299.5960481243478
2026-01-01 13:00:00,292.90985,297.68783341777004,306.1046712182333,271.30327,298.89502042719096,302.0058028842801,299.06848358231014,298.3851160265776
2026-01-01 14:00:00,296.32185,299.3277610011049,306.847985488187,271.30327,298.89502042719096,302.74911715423383,300.3992165513783,299.4193840440809
2026-01-01 15:00:00,296.32185,300.55213807953936,307.3955448352161,271.30327,298.89502042719096,303.29667650126294,301.1531200294392,300.1980503601095
2026-01-01 16:00:00,296.32185,303.2837608346468,311.690146369527,271.30327,298.89502042719096,307.5912780355738,303.9091792648951,303.0071650381294
2026-01-01 17:00:00,327.90985,308.1923875502048,315.2175591089769,285.30327,312.89502042719096,311.1186907750237,310.2264152177396,308.49805431429365
2026-01-01 18:00:00,332.90985,315.0185719535762,317.6564741470402,285.30327,312.89502042719096,313.55760581308704,315.20595857734713,313.32921822262176
2026-01-01 19:00:00,332.90985,315.7678869186758,318.7303831269603,285.30327,312.89502042719096,314.6315147930071,315.93704885780977,314.07556599895344
2026-01-01 20:00:00,332.90985,313.7146983432361,316.4746414641646,285.30327,312.89502042719096,312.3757731302114,314.0753122017086,312.3648452212006
2026-01-01 21:00:00,332.90985,312.36196820625105,313.5278309233662,285.30327,312.89502042719096,309.428962589413,312.4190535716853,310.7120518512304
2026-01-01 22:00:00,332.90985,308.00747513328827,312.7556072969233,273.59227,301.18402042719094,308.6567389629701,307.3322206520731,306.51508930649425
2026-01-01 23:00:00,327.90985,306.59400700228235,314.653898390957,271.30327,298.89502042719096,310.5550300570038,306.08955175599993,306.10782532227097
2026-01-02 00:00:00,329.20101,319.13419625960034,320.2457818765331,327.90985,355.50160042719097,316.1469135425799,325.2503156336475,328.07308481227926
2026-01-02 01:00:00,326.20101,325.9507371274173,324.72182738417274,307.90985,338.4807504637273,321.7306694466497,327.3554605812049,326.78087410826623
2026-01-02 02:00:00,326.20101,323.55095994070564,321.0150324503959,296.32185,326.8927504637273,318.02387451287285,323.1493533733354,321.6868576359236
2026-01-02 03:00:00,329.20101,320.2826539842804,319.5589377365303,296.32185,326.8927504637273,316.56777979900727,320.54384445029945,318.8442094859321
2026-01-02 04:00:00,326.20101,317.9112724566058,317.12739847159384,296.32185,326.8927504637273,314.1362405340708,318.63246879678434,317.52267248237604
2026-01-02 05:00:00,329.20101,318.30126805986873,317.1524201649213,296.32185,326.8927504637273,314.16126222739825,318.9417270269257,318.34107498918587
2026-01-02 06:00:00,329.20101,308.1586776589463,317.48395270116924,296.32185,326.8927504637273,314.4927947636462,311.7959685374561,311.67856094313004
2026-01-02 07:00:00,329.20101,305.32914175969563,315.69902563095866,296.32185,326.8927504637273,312.7078676934356,309.75852096091074,310.02587497526287
2026-01-02 08:00:00,329.20101,301.1769702882224,311.33219119966003,272.90985,303.4807504637273,308.341033262137,302.287598203062,301.04128068327816
2026-01-02 09:00:00,326.20101,270.6867650187228,277.8598848297189,104.99185,135.5627504637273,274.86872689219587,247.6950692422142,243.02875688171014
2026-01-02 10:00:00,326.20101,270.9383873183544,278.59192794322337,103.53785,134.1087504637273,275.6007700057003,247.7884542211219,242.92819605716755
2026-01-02 11:00:00,329.20101,294.5344887020568,306.0436821557108,244.80985,275.3807504637273,303.0525242181878,292.4056239592943,290.8621751929141
2026-01-02 12:00:00,329.20101,304.8963154035093,314.7025824727103,272.90985,303.4807504637273,311.71142453518723,305.72759088780896,303.85665531354823
2026-01-02 13:00:00,329.20101,311.2312909147517,319.93746245758103,292.90985,323.4807504637273,316.946304520058,314.3477831400155,314.0416509054819
2026-01-02 14:00:00,329.20101,314.711085958592,323.5343457009306,296.32185,326.8927504637273,320.54318776340756,317.82469633122406,318.69031329784906
2026-01-02 15:00:00,331.20101,316.08725851147256,325.6155145347824,296.32185,326.8927504637273,322.62435659725935,318.975947828646,320.3271897694365
2026-01-02 16:00:00,331.20101,317.3968037265963,327.96769632220634,296.32185,326.8927504637273,324.9765383846833,320.07150509360883,321.72605156264063
2026-01-02 17:00:00,352.17901,326.8037419578563,334.7025857386034,327.90985,358.4807504637273,331.71142780108033,333.1838579439479,337.068077749727
2026-01-02 18:00:00,352.17901,344.11141748158,338.5065334704519,332.90985,363.4807504637273,335.5153755329289,346.6128421381762,349.9839540715221
2026-01-02 19:00:00,352.17901,344.855074676457,339.4603937687696,332.90985,363.4807504637273,336.4692358312466,347.2391854152302,350.6771096639401
2026-01-02 20:00:00,352.17901,345.02295121809857,340.0943066026068,332.90985,363.4807504637273,337.1031486650838,347.3587244165755,350.97952870075113
2026-01-02 21:00:00,352.17901,345.47153561489404,340.25300297340584,332.90985,363.4807504637273,337.2618450358828,347.7626788946742,351.43440029344805
2026-01-02 22:00:00,352.17901,344.79208597459694,339.411404693673,332.90985,363.4807504637273,336.42024675614994,347.1964973893131,350.5135101604335
2026-01-02 23:00:00,331.20101,340.680352777632,336.3377669430237,327.90985,358.4807504637273,333.3466090055007,342.9295759995803,345.74838158062516
2026-01-03 00:00:00,342.48147,337.26593459854263,334.82508528320795,329.20101,359.7719104637273,331.8339273456849,339.2142307697977,338.66041224048047
2026-01-03 01:00:00,342.48147,343.8856893957453,341.7123398448233,326.20101,333.4462340222791,335.09552396183193,340.66900527721987,340.3298249806274
2026-01-03 02:00:00,327.48147,343.90972983962,342.2695234935828,326.20101,333.4462340222791,335.65270761059145,340.74319677585004,340.5174662164278
2026-01-03 03:00:00,327.48147,343.64163244663274,342.42276073089084,329.20101,336.4462340222791,335.80594484789947,340.96859376866706,340.73418153664613
2026-01-03 04:00:00,327.48147,342.3968961279793,339.83034435843075,326.20101,333.4462340222791,333.2135284754394,339.38574682394716,338.9211674496987
2026-01-03 05:00:00,327.48147,339.98504497624384,337.50289234953675,329.20101,336.4462340222791,330.8860764665454,337.65783753482583,337.1839102110786
2026-01-03 06:00:00,327.48147,322.84469389908,335.7475223646765,329.20101,336.4462340222791,329.13070648168514,326.85543290977216,326.1810873003166
2026-01-03 07:00:00,327.48147,322.18891549983414,334.8944752746272,329.20101,336.4462340222791,328.27765939163584,326.1979762325586,325.57822538326207
2026-01-03 08:00:00,327.48147,323.976865796047,336.19816747938114,329.20101,336.4462340222791,329.58135159638977,327.5758523411803,326.9684671469278
2026-01-03 09:00:00,327.48147,320.8662187906432,333.4609082192856,326.20101,333.4462340222791,326.84409233629424,324.706546235892,323.9007252574395
2026-01-03 10:00:00,327.48147,320.6392657175027,333.2804491255323,326.20101,333.4462340222791,326.6636332425409,324.62443420684247,323.6450967714605
2026-01-03 11:00:00,327.48147,324.23544585589684,336.4677368098232,329.20101,336.4462340222791,329.8509209268318,327.8711244184542,326.97246938810576
2026-01-03 12:00:00,327.48147,331.0735556416395,339.7969157336162,329.20101,336.4462340222791,333.1800998506248,332.55299237537474,331.9678399882926
2026-01-03 13:00:00,327.48147,334.3224278656666,344.2420815514223,329.20101,336.4462340222791,337.6252656684309,335.59197951918577,335.03317042187876
2026-01-03 14:00:00,332.48147,335.09365895408047,344.98234962016056,329.20101,336.4462340222791,338.3655337371692,336.3953973667205,335.6411954583103
2026-01-03 15:00:00,342.48147,338.315039557119,349.3774611357565,331.20101,338.4462340222791,342.76064525276513,339.46237719104073,338.9688187594082
2026-01-03 16:00:00,352.07947,342.53442095029624,355.1439067206655,331.20101,338.4462340222791,348.5270908376741,343.3082513378587,342.99767934647343
2026-01-03 17:00:00,354.48147,352.30498934821804,365.8736654475305,352.17901,359.4242340222791,359.25684956453915,354.18269298482505,354.20928365196346
2026-01-03 18:00:00,354.48147,363.3403052921144,367.3395264677966,352.17901,359.4242340222791,360.7227105848052,361.42829576151064,361.32033236939156
2026-01-03 19:00:00,354.48147,364.1568265308514,368.5406719881231,352.17901,359.4242340222791,361.92385610513173,362.2131800959253,362.1399610524933
2026-01-03 20:00:00,354.48147,363.08754376261953,366.95075870121246,352.17901,359.4242340222791,360.3339428182211,361.07014131355174,361.1013679172209
2026-01-03 21:00:00,354.48147,363.05659639833954,366.5557855540085,352.17901,359.4242340222791,359.9389696710171,360.9897800959865,360.9839212494638
2026-01-03 22:00:00,352.07947,363.4499815335803,367.32217253744943,352.17901,359.4242340222791,360.70535665445806,361.3074887281443,361.44028667915114
2026-01-03 23:00:00,352.07947,356.1846621396462,362.7831296796333,331.20101,338.4462340222791,356.16631379664193,353.31752671470605,353.35930742656114
2026-01-04 00:00:00,282.47952,361.36767021530255,362.9661125385277,342.48147,349.7266940222791,356.3492966555363,357.78222652465934,358.2411396956045
2026-01-04 01:00:00,282.47952,282.8617291487495,298.28605399575,342.48147,312.05208671834833,290.7756626217113,289.1165975826,289.18166878551324
2026-01-04 02:00:00,282.47952,283.57489183516,295.9822421220069,327.48147,297.05208671834833,288.4718507479682,287.1966067989819,287.2611512560126
2026-01-04 03:00:00,282.47952,283.88762631963715,296.0846112769054,327.48147,297.05208671834833,288.5742199028667,287.39854127994175,287.4629617530847
2026-01-04 04:00:00,282.47952,283.0928470777307,293.5454675338444,327.48147,297.05208671834833,286.03507615980567,286.3362874242267,286.24195897399096
2026-01-04 05:00:00,282.47952,283.2226644261348,292.6029668834124,327.48147,297.05208671834833,285.0925755093737,286.2257681003029,286.0040823279726
2026-01-04 06:00:00,282.47952,272.76561002566604,290.0985131714358,327.48147,297.05208671834833,282.5881217973971,279.31424578718463,278.87229738826227
2026-01-04 07:00:00,282.47952,273.7869700280949,291.10803115381606,327.48147,297.05208671834833,283.59763977977735,280.10191786719946,279.649974311019
2026-01-04 08:00:00,282.47952,274.47162255013234,291.91823013297113,327.48147,297.05208671834833,284.4078387589324,280.6952583968753,280.1463478376907
2026-01-04 09:00:00,268.11152,273.68921359714034,291.9480715117164,327.48147,297.05208671834833,284.4376801376777,280.3010326660004,279.44193598294925
2026-01-04 10:00:00,268.11152,277.6593254644422,295.5472997108351,327.48147,297.05208671834833,288.0369083367964,283.5803011162833,282.6270340202788
2026-01-04 11:00:00,282.47952,276.1265982200304,294.9587766507619,327.48147,297.05208671834833,287.4483852767232,282.6921817010296,281.3188920413319
2026-01-04 12:00:00,282.47952,297.7599369557897,298.9125720038838,327.48147,297.05208671834833,291.4021806298451,296.5365553657207,295.5295978990073
2026-01-04 13:00:00,282.47952,303.08064380876044,305.8516710400555,327.48147,297.05208671834833,298.3412796660168,301.55161637328433,300.4580852534387
2026-01-04 14:00:00,282.47952,306.81451228885106,309.2488657404792,332.48147,302.05208671834833,301.73847436644047,305.1216273514372,304.0811805541557
2026-01-04 15:00:00,282.47952,313.2653191683796,316.06617099973954,342.48147,312.05208671834833,308.55577962570084,311.94282697062056,310.872338335016
2026-01-04 16:00:00,330.47952,321.9987587265838,326.69129600880166,352.07947,321.65008671834835,319.18090463476295,320.492685698131,320.0363306826884
2026-01-04 17:00:00,334.47952,330.5883539911534,339.0162519996731,354.48147,324.05208671834833,331.5058606256344,328.8910190816708,328.77242086317966
2026-01-04 18:00:00,347.07752,348.0599188853468,347.986229783285,354.48147,324.05208671834833,340.4758384092463,341.53617875939005,341.76800092350015
2026-01-04 19:00:00,347.07752,350.9611184938326,351.2441316121973,354.48147,324.05208671834833,343.7337402381586,344.1317910611787,344.2686422698042
2026-01-04 20:00:00,347.07752,349.3333313572787,347.80579115187646,354.48147,324.05208671834833,340.29539977783776,342.3921349423583,342.3643287886532
2026-01-04 21:00:00,343.47952,347.2007144497235,345.1783381275609,354.48147,324.05208671834833,337.6679467535222,340.4687330934846,340.5084785468669
2026-01-04 22:00:00,342.47952,342.2272754150528,340.2782366685712,352.07947,321.65008671834835,332.7678452945325,335.9444857341268,336.1887468219352
2026-01-04 23:00:00,334.47952,336.7653947216833,336.0584378211458,352.07947,321.65008671834835,328.5480464471071,331.3503160007545,332.21419440999364
2026-01-05 00:00:00,293.94594,314.8477542850062,311.8732671165648,282.47952,252.0501367183483,304.3628757425261,304.72342208757703,304.2503303375206
2026-01-05 01:00:00,293.94594,294.6252342746916,292.784275975855,282.47952,304.2881866380065,288.4016151232878,294.77773503137894,295.2227253254447
2026-01-05 02:00:00,269.57794,294.8367125620272,293.0229016312686,282.47952,304.2881866380065,288.6402407787014,294.84493530728895,295.41237061190236
2026-01-05 03:00:00,262.43094,295.7533204005653,293.66795373045306,282.47952,304.2881866380065,289.28529287788587,295.4013644116038,296.1033381949709
2026-01-05 04:00:00,269.57794,299.6547996004256,297.5264005942712,282.47952,304.2881866380065,293.143739741704,298.675812364869,299.4018169999117
2026-01-05 05:00:00,293.94594,305.4582057261852,303.9386829086057,282.47952,304.2881866380065,299.5560220560385,303.8831942499399,304.5129333675302
2026-01-05 06:00:00,334.16294,295.8421870158101,303.9743550189534,282.47952,304.2881866380065,299.5916941663862,298.1739798647282,298.54762450526357
2026-01-05 07:00:00,334.16294,301.69452325395,309.09338467504807,282.47952,304.2881866380065,304.7107238224809,302.9788488636135,303.2732864186174
2026-01-05 08:00:00,334.16294,303.89925341278706,311.5828255906152,282.47952,304.2881866380065,307.200164738048,304.930885576444,305.01094816877185
2026-01-05 09:00:00,334.16294,307.337526010844,313.05607513317227,268.11152,289.9201866380065,308.6734142806051,304.7259029573519,305.59682125401554
2026-01-05 10:00:00,334.16294,311.11060124433374,316.9425187332783,268.11152,289.9201866380065,312.5598578807111,308.6166748929248,308.6219170030894
2026-01-05 11:00:00,334.16294,316.5291461783908,323.10890264152715,282.47952,304.2881866380065,318.72624178895995,316.2165481997203,315.1497036940455
2026-01-05 12:00:00,334.16294,317.6406339867889,329.2871299049423,282.47952,304.2881866380065,324.9044690523751,318.18028183370524,317.1616991877421
2026-01-05 13:00:00,338.94594,320.5478837910134,332.71274792471536,282.47952,304.2881866380065,328.33008707214816,321.14033000409415,319.71073388004316
2026-01-05 14:00:00,338.94594,324.4841945083283,336.74314982616374,282.47952,304.2881866380065,332.36048897359655,324.7150815396046,322.97421469986756
2026-01-05 15:00:00,338.94594,326.8942205628639,339.8553769809819,282.47952,304.2881866380065,335.4727161284147,326.87374222009413,325.1992892224025
2026-01-05 16:00:00,338.94594,340.38917797769875,353.1312618062482,330.47952,352.2881866380065,348.748600953681,344.24573889647195,342.643814952995
2026-01-05 17:00:00,338.94594,341.7454769703804,354.3169040545069,334.47952,356.2881866380065,349.9342432019397,345.82432237455475,344.25249169749725
2026-01-05 18:00:00,353.94594,360.3651976968732,360.9355040660309,347.07752,368.8861866380065,356.5528432134637,360.1294853816229,358.82947239218163
2026-01-05 19:00:00,353.94594,363.02282094273136,362.1923330346861,347.07752,368.8861866380065,357.8096721821189,362.23555379920487,360.52941601450857
2026-01-05 20:00:00,353.94594,361.0904504912087,360.69976453255657,347.07752,368.8861866380065,356.3171036799894,360.50982935833065,359.11819766399043
2026-01-05 21:00:00,338.94594,355.91359395099295,357.3448002760153,343.47952,365.2881866380065,352.9621394234481,355.9581315084656,355.0413430705702
2026-01-05 22:00:00,338.94594,349.914218546742,350.8995236877752,342.47952,364.2881866380065,346.516862835208,350.50985726120246,349.90139977174255
2026-01-05 23:00:00,338.94594,339.53836169568564,341.4518694520619,334.47952,356.2881866380065,337.0692085994947,339.8637482827431,340.4488696591243
2026-01-06 00:00:00,301.18493,324.1531585108376,319.3561175940365,293.94594,315.7546066380065,314.9734567414693,320.0226762427146,317.3565716586305
2026-01-06 01:00:00,301.18493,299.6353921543985,297.85657551373447,293.94594,287.10989503395956,294.6747693863751,296.81461212747473,295.0413122266931
2026-01-06 02:00:00,301.18493,295.58488802335563,290.2099748983041,269.57794,262.74189503395957,287.0281687709447,288.18894615336853,286.0132079126738
2026-01-06 03:00:00,301.18493,292.84809424424304,286.5894225503311,262.43094,255.59489503395957,283.4076164229717,284.68823123056393,282.7680005414891
2026-01-06 04:00:00,301.18493,293.1666960933169,289.1200981803533,269.57794,262.74189503395957,285.9382920529939,286.25879470028485,284.0001251795019
2026-01-06 05:00:00,312.18493,295.6545053505236,296.10655046219205,293.94594,287.10989503395956,292.92474433483267,293.69396856000856,291.93898083628574
2026-01-06 06:00:00,312.18493,293.7155380905989,307.7632205329832,334.16294,327.32689503395954,304.58141440562383,302.22019113370294,301.5666249161913
2026-01-06 07:00:00,312.18493,296.48440672149275,310.666813337511,334.16294,327.32689503395954,307.4850072101516,304.1609458156987,303.2196476246988
2026-01-06 08:00:00,312.18493,299.99622152696696,314.25016468596306,334.16294,327.32689503395954,311.0683585586037,307.07802407286664,306.5028172770063
2026-01-06 09:00:00,312.18493,306.5107044839125,319.767703980611,334.16294,327.32689503395954,316.5858978532516,312.00130554812426,311.6113976806307
2026-01-06 10:00:00,312.18493,308.8648357021186,322.90387062013514,334.16294,327.32689503395954,319.72206449277576,314.1059525991994,313.9683116142809
2026-01-06 11:00:00,312.18493,313.6886911570679,327.53642144332264,334.16294,327.32689503395954,324.35461531596326,318.04215082637575,318.3173530708971
2026-01-06 12:00:00,312.18493,321.9998661852351,329.679511912675,334.16294,327.32689503395954,326.49770578531565,323.5886586954001,323.8338416281374
2026-01-06 13:00:00,312.18493,325.7602563316897,333.3955720789493,338.94594,332.10989503395956,330.2137659515899,327.80658522516586,328.80543172737094
2026-01-06 14:00:00,312.18493,328.24356988958857,336.2836666145939,338.94594,332.10989503395956,333.10186048723455,330.231763891588,331.98908722368304
2026-01-06 15:00:00,312.18493,331.1542288423,339.99620912879044,338.94594,332.10989503395956,336.81440300143106,332.4907079282767,334.19974078185106
2026-01-06 16:00:00,339.18493,331.2289804781859,340.44042292249094,338.94594,332.10989503395956,337.25861679513156,332.40406992010685,333.9470064789374
2026-01-06 17:00:00,339.18493,330.3540828331737,339.606862571374,338.94594,332.10989503395956,336.4250564440146,331.6434384371133,333.1104762304976
2026-01-06 18:00:00,349.60093,350.98082406595944,344.8496645030803,353.94594,347.10989503395956,341.6678583757209,347.9913489606866,348.6590729562384
2026-01-06 19:00:00,349.60093,354.34813391488115,349.1084748119473,353.94594,347.10989503395956,345.9266686845879,350.9672604040004,351.80192073786907
2026-01-06 20:00:00,339.18493,354.0025235116391,348.50732382961513,353.94594,347.10989503395956,345.32551770225575,350.7239234543604,351.4908248741944
2026-01-06 21:00:00,339.18493,343.5887527681268,339.0445035218518,338.94594,332.10989503395956,335.86269739449244,340.0525332214239,341.05448598640544
2026-01-06 22:00:00,322.18493,336.48749959737125,328.9542528484056,338.94594,332.10989503395956,325.7724467210462,333.9911107072238,334.6724591681294
2026-01-06 23:00:00,312.18493,329.0573815082526,319.60775536325724,338.94594,332.10989503395956,316.42594923589786,327.5345477048604,327.60571598530856
2026-01-07 00:00:00,252.71747,305.78839734063183,303.262781559184,301.18493,294.34888503395956,300.08097543182464,302.2901184416123,301.54874742982634
2026-01-07 01:00:00,252.71747,252.27303885860903,261.6964630136277,301.18493,263.7817944641844,258.36690685977476,256.1549974043515,255.53348094265283
2026-01-07 02:00:00,245.61747,251.79594808947425,261.54620543300126,301.18493,263.7817944641844,258.2166492791483,255.8315841176887,255.2012375666963
2026-01-07 03:00:00,245.61747,251.5933059216747,261.0428862963024,301.18493,263.7817944641844,257.7133301424495,255.50274165184175,254.85647837743304
2026-01-07 04:00:00,249.61747,250.67635431695703,260.46764153689537,301.18493,263.7817944641844,257.13808538304244,254.87597672845095,254.2562350250923
2026-01-07 05:00:00,252.71747,254.0740237820454,265.6776453784603,312.18493,274.7817944641844,262.34808922460735,259.5147807454327,258.909196158097
2026-01-07 06:00:00,252.71747,250.38683400104404,266.3479079278764,312.18493,274.7817944641844,263.0183517740235,257.10601107030067,256.4961143623022
2026-01-07 07:00:00,252.71747,251.32092050748827,267.40806040332893,312.18493,274.7817944641844,264.078504249476,257.871318986016,257.3146297571459
2026-01-07 08:00:00,252.71747,253.12183242706263,269.3713114250409,312.18493,274.7817944641844,266.041755271188,259.30242689825207,258.80328178828455
2026-01-07 09:00:00,245.61747,257.7204872899248,273.66916444472366,312.18493,274.7817944641844,270.33960829087073,263.01588125874946,262.55011823147095
2026-01-07 10:00:00,249.61747,262.57024051793127,278.1999325556868,312.18493,274.7817944641844,274.8703764018339,266.98768074135876,266.57266804866464
2026-01-07 11:00:00,252.71747,264.23198101661785,280.02017563396214,312.18493,274.7817944641844,276.6906194801092,268.4980404017569,268.1984340235665
2026-01-07 12:00:00,252.71747,281.41360505231813,282.8700868305638,312.18493,274.7817944641844,279.5405306767109,279.671899260701,279.34224155582797
2026-01-07 13:00:00,252.71747,284.2574234233622,286.6403295575818,312.18493,274.7817944641844,283.3107734037289,282.67801401961697,282.5050070720125
2026-01-07 14:00:00,261.20247,288.1058500600544,290.9483458457829,312.18493,274.7817944641844,287.61878969193,286.20918217396115,286.143305349017
2026-01-07 15:00:00,292.71747,290.8012798724605,293.50988887069224,312.18493,274.7817944641844,290.1803327168393,288.299317701652,288.22362758176513
2026-01-07 16:00:00,292.71747,299.2844484817112,301.5813162005329,339.18493,301.7817944641844,298.25176004668,298.69618408904853,298.52643207810564
2026-01-07 17:00:00,312.71747,299.44489622582165,302.4097334466676,339.18493,301.7817944641844,299.08017729281465,299.3788036971037,299.31989437988943
2026-01-07 18:00:00,328.20947,322.99598777092604,309.33361070070833,349.60093,312.19779446418437,306.0040545468554,316.49453818307984,316.27570798064
2026-01-07 19:00:00,328.20947,327.4574643611374,315.1694075049485,349.60093,312.19779446418437,311.83985135109555,320.5053066274551,320.31175069261735
2026-01-07 20:00:00,328.20947,323.65219419771023,311.88761787878246,339.18493,301.7817944641844,308.55806172492953,316.47131515654223,316.4182846329754
2026-01-07 21:00:00,321.71747,318.6670882271819,306.0309246331859,339.18493,301.7817944641844,302.701368479333,312.1006462932103,311.9586760283068
2026-01-07 22:00:00,312.71747,302.15956059512433,289.2013907310713,322.18493,284.7817944641844,285.87183457721835,295.50463189267134,295.1613743310584
2026-01-07 23:00:00,292.71747,287.6452582747996,274.0267048377696,312.18493,274.7817944641844,270.6971486839167,281.7910918385103,281.28069293458464
2026-01-08 00:00:00,108.19992,258.4775838689881,254.980203745702,252.71747,215.31433446418436,251.65064759184907,251.70759716919704,251.05124319037262
2026-01-08 01:00:00,108.19992,107.75845204873474,138.31282125137434,252.71747,191.97488854395777,134.22703787120795,125.18436525135793,124.74670100925064
2026-01-08 02:00:00,108.19992,108.02096082477608,136.13470880876105,245.61747,184.87488854395778,132.04892542859466,123.54880512892,122.70570955429794
2026-01-08 03:00:00,108.19992,105.66369662810467,132.50919136001852,245.61747,184.87488854395778,128.42340797985213,121.62833606490287,120.81657024622822
2026-01-08 04:00:00,118.19992,116.24900707557173,141.9008113543832,249.61747,188.87488854395778,137.8150279742168,131.50731401977802,131.1592547000004
2026-01-08 05:00:00,156.68492,144.7095815325372,170.05682788166433,252.71747,191.97488854395777,165.97104450149794,155.04134481883426,154.683406799396
2026-01-08 06:00:00,118.19992,170.35370959782455,181.85149408159305,252.71747,191.97488854395777,177.76571070142666,174.92074117834477,174.48175070979607
2026-01-08 07:00:00,118.19992,176.09606289608266,188.75578566330444,252.71747,191.97488854395777,184.67000228313805,180.1790797237471,180.11256177011353
2026-01-08 08:00:00,118.19992,181.58761872641747,195.51217891435175,252.71747,191.97488854395777,191.42639553418536,184.76667705462853,184.78306982565283
2026-01-08 09:00:00,108.19992,186.51626078275496,200.57256781919432,245.61747,184.87488854395778,196.48678443902793,186.77227012082633,186.26477155285002
2026-01-08 10:00:00,118.19992,194.1490466433578,207.6763672849909,249.61747,188.87488854395778,203.5905839048245,194.21621175880856,194.14085578308072
2026-01-08 11:00:00,156.68492,205.76493854864145,216.0738082259344,252.71747,191.97488854395777,211.98802484576802,204.1114108471333,204.1359300148051
2026-01-08 12:00:00,228.19992,215.7340153392052,220.63347035489767,252.71747,191.97488854395777,216.54768697473128,211.84147871005808,211.84667258240952
2026-01-08 13:00:00,118.19992,224.76136583771267,231.2041565486703,252.71747,191.97488854395777,227.11837316850392,219.75238819316468,220.07677304765875
2026-01-08 14:00:00,238.19992,235.34222856140568,243.0813714164928,261.20247,200.4598885439578,238.9955880363264,229.6695242468328,229.96068173383375
2026-01-08 15:00:00,270.19992,249.20048367552957,255.501739615212,292.71747,231.97488854395777,251.4159562350456,245.55393760060818,245.7653159679038
2026-01-08 16:00:00,270.19992,251.95389250178428,258.3292708517597,292.71747,231.97488854395777,254.2434874715933,247.7894530717092,247.97786447207363
2026-01-08 17:00:00,288.19992,255.7223755933981,260.21744373097465,312.71747,251.97488854395777,256.13166035080826,254.95149491195235,255.80770084815927
2026-01-08 18:00:00,288.19992,295.91385527051455,274.40391968283734,328.20947,267.4668885439578,270.31813630267095,287.7338203304679,288.00463303133165
2026-01-08 19:00:00,288.19992,299.5421705737074,279.69661512696257,328.20947,267.4668885439578,275.6108317467962,290.9531469115663,291.29486450031004
2026-01-08 20:00:00,288.19992,297.8360974410364,275.37095182740006,328.20947,267.4668885439578,271.2851684472337,289.4923866947481,289.8214563108413
2026-01-08 21:00:00,288.19992,289.37358310977265,267.18681595857146,321.71747,260.9748885439578,263.10103257840507,281.63476487292235,281.864818218867
2026-01-08 22:00:00,270.19992,270.8490764254684,242.5114876752253,312.71747,251.97488854395777,238.42570429505892,264.5279827001687,264.44589167308635
2026-01-08 23:00:00,270.19992,238.97860716973187,209.8249234754868,292.71747,231.97488854395777,205.7391400953204,234.0866103501486,232.9729045140087
2026-01-09 00:00:00,148.95631,157.26368825091714,150.08084726891877,108.19992,47.4573385439578,145.99506388875238,140.13686110764692,142.13434238775227
2026-01-09 01:00:00,124.95631,148.7671247900853,139.43632031260347,108.19992,114.46972646880936,137.23694049882954,143.63415614095203,142.9045225123165
2026-01-09 02:00:00,124.95631,143.69131567757182,137.76219251689886,108.19992,114.46972646880936,135.56281270312493,139.9870860432376,139.6092909683446
2026-01-09 03:00:00,124.95631,139.3652569130242,136.78532913065467,108.19992,114.46972646880936,134.58594931688074,137.0094745761359,136.93433477631427
2026-01-09 04:00:00,148.95631,141.377129806813,141.34916048872049,118.19992,124.46972646880936,139.14978067494656,140.6984392341439,140.49620622860385
2026-01-09 05:00:00,148.95631,148.6000329988555,158.04259473350848,156.68492,162.95472646880935,155.84321491973455,153.00929353582913,153.64453325827668
2026-01-09 06:00:00,209.95631,151.03221432105485,149.51637052105323,118.19992,124.46972646880936,147.3169907072793,148.49810439967337,148.35826088097755
2026-01-09 07:00:00,209.95631,156.40725349115124,153.4529922807794,118.19992,124.46972646880936,151.25361246700547,152.59272901603933,152.73264307228183
2026-01-09 08:00:00,148.95631,162.41087543947825,157.9894322103892,118.19992,124.46972646880936,155.79005239661527,157.21052002387057,157.6191768035789
2026-01-09 09:00:00,124.95631,165.53160078775798,159.78736144833653,108.19992,114.46972646880936,157.5879816345626,157.93447669896392,158.6545925648789
2026-01-09 10:00:00,124.95631,175.4516995564399,169.99310723014665,118.19992,124.46972646880936,167.79372741637272,167.84184867175384,168.24162901626954
2026-01-09 11:00:00,148.95631,184.03362736703343,183.81037962275136,156.68492,162.95472646880935,181.61099980897743,180.48929056642436,180.95900093652256
2026-01-09 12:00:00,148.95631,197.1000021042444,209.13926718547765,228.19992,234.46972646880934,206.93988737170372,203.87905621508813,203.5701938519816
2026-01-09 13:00:00,209.95631,177.06203077290093,194.6078407636848,118.19992,124.46972646880936,192.40846094991088,175.10126921671423,174.43931534086877
2026-01-09 14:00:00,249.95631,214.4492210449773,227.9542086786533,238.19992,244.46972646880934,225.75482886487936,220.6366970840916,219.6855622851062
2026-01-09 15:00:00,249.95631,232.91559567006584,245.88785581707165,270.19992,276.46972646880937,243.68847600329772,239.71697287957255,238.92920780006293
2026-01-09 16:00:00,249.95631,235.7013838357061,249.35536183381527,270.19992,276.46972646880937,247.15598202004134,242.2004909187636,241.47738077820367
2026-01-09 17:00:00,249.95631,240.56967399632063,251.47687363929668,288.19992,294.46972646880937,249.27749382552275,248.37529747535262,246.91795932181685
2026-01-09 18:00:00,279.95631,276.6214369715758,279.64992183894395,288.19992,294.46972646880937,277.45054202517,276.7362640352224,275.52013495979776
2026-01-09 19:00:00,279.95631,287.3888493247588,290.6022927315507,288.19992,294.46972646880937,288.40291291777675,286.1116594906831,284.3098163311253
2026-01-09 20:00:00,279.95631,277.69931710739286,276.9992419139394,288.19992,294.46972646880937,274.79986210016546,277.12830809351306,275.18633325445103
2026-01-09 21:00:00,249.95631,261.8619442490716,259.3828364054161,288.19992,294.46972646880937,257.1834565916422,263.149263928903,261.8186704890794
2026-01-09 22:00:00,249.95631,238.4662775573568,236.73974425982055,270.19992,276.46972646880937,234.54036444604662,240.8573634448952,240.44787932642157
2026-01-09 23:00:00,228.85631,221.6512912063538,218.15945732271825,270.19992,276.46972646880937,215.96007750894432,225.71711401686048,226.22509103055697
2026-01-10 00:00:00,176.78564,164.8446702614341,167.90479789576773,148.95631,155.22611646880935,165.7054180819938,163.60272375469847,162.59289467781224
2026-01-10 01:00:00,176.78564,174.68438143333918,164.6556626960156,124.95631,119.03865461345703,164.94314118147588,166.16103884020893,165.9322387213168
2026-01-10 02:00:00,165.78564,173.17078504003973,162.97050916770058,124.95631,119.03865461345703,163.25798765316085,164.91906795173003,164.68666499450578
2026-01-10 03:00:00,165.78564,172.9671322925638,163.2407249655006,124.95631,119.03865461345703,163.52820345096086,164.83063706143002,164.62819759208537
2026-01-10 04:00:00,165.78564,172.0169179794534,167.62794574395056,148.95631,143.03865461345703,167.91542422941083,167.28320128131884,166.5885368693552
2026-01-10 05:00:00,176.78564,169.29045077416714,165.8541502187923,148.95631,143.03865461345703,166.14162870425258,165.0956508686273,164.38898369419303
2026-01-10 06:00:00,176.78564,168.35939777156554,177.04625237070323,209.95631,204.03865461345703,177.3337308561635,175.05422513705224,174.7583778183102
2026-01-10 07:00:00,176.78564,161.59993180567415,172.46197087776457,209.95631,204.03865461345703,172.74944936322484,169.8292430488676,169.6555736983462
2026-01-10 08:00:00,151.78564,154.3547018770731,159.7600470621418,148.95631,143.03865461345703,160.04752554760208,153.9090362579121,153.55921780926047
2026-01-10 09:00:00,113.86764,152.50126947600043,155.68835074652765,124.95631,119.03865461345703,155.97582923198792,149.42818086235678,149.63533670715978
2026-01-10 10:00:00,113.86764,159.4854177916006,160.41503261089747,124.95631,119.03865461345703,160.70251109635774,154.80459101590634,154.91460705657556
2026-01-10 11:00:00,151.78564,164.29500963839274,168.2812806991347,148.95631,143.03865461345703,168.56875918459497,161.81438832785602,161.4794505243599
2026-01-10 12:00:00,151.78564,163.19415491045584,171.46871027031182,148.95631,143.03865461345703,171.7561887557721,161.21779640494034,160.9403805130293
2026-01-10 13:00:00,151.78564,182.43142174401584,187.85909000168252,209.95631,204.03865461345703,188.1465684871428,186.4036401600415,186.36508875221827
2026-01-10 14:00:00,176.78564,196.28995644217096,200.90053588042284,249.95631,244.03865461345703,201.1880143658831,204.37583896192046,204.74571923929074
2026-01-10 15:00:00,176.78564,199.8453363936181,206.08194763039572,249.95631,244.03865461345703,206.369426115856,207.2692575856658,207.5787660973394
2026-01-10 16:00:00,214.78564,204.82632135541093,212.66287759825863,249.95631,244.03865461345703,212.9503560837189,211.326299409207,211.57872617517145
2026-01-10 17:00:00,276.78564,209.25868317913253,217.7337382187173,249.95631,244.03865461345703,218.02121670417756,215.00071506625707,215.2734611786684
2026-01-10 18:00:00,276.78564,248.74216207359012,239.33185954152296,279.95631,274.03865461345697,239.61933802698323,249.74472998955557,249.429353200282
2026-01-10 19:00:00,276.78564,254.84845649607985,248.10889338080605,279.95631,274.03865461345697,248.39637186626632,255.07899239355393,254.9083659288833
2026-01-10 20:00:00,276.78564,256.92163876339407,249.6443265853014,279.95631,274.03865461345697,249.93180507076167,256.9143064571901,256.8464673711959
2026-01-10 21:00:00,276.78564,238.4505921893675,235.492749031988,249.95631,244.03865461345703,235.78022751744828,238.05757971929793,238.25184558098778
2026-01-10 22:00:00,276.78564,230.5022816830882,221.2578741451056,249.95631,244.03865461345703,221.54535263056587,231.1624680718994,231.25307315257504
2026-01-10 23:00:00,214.78564,211.40238893364,204.10949166239223,228.85631,222.93865461345703,204.3969701478525,211.88151519622787,211.53300601082623
2026-01-11 00:00:00,119.10337,183.218250679135,183.10353596588763,176.78564,170.86798461345703,183.3910144513479,181.29716684170901,180.22776270443762
2026-01-11 01:00:00,116.18537,117.96639845204986,129.1418051456767,176.78564,146.7215764352154,120.38540360483219,124.30557338747195,124.55750058078338
2026-01-11 02:00:00,116.18537,122.59580565313313,134.25264790383036,165.78564,135.7215764352154,125.49624636298586,125.90544858153609,126.59781593653287
2026-01-11 03:00:00,116.18537,122.80989688343632,135.24204222031543,165.78564,135.7215764352154,126.48564067947092,126.09013609703658,126.36317615131345
2026-01-11 04:00:00,116.18537,118.49719466153802,128.3607586201748,165.78564,135.7215764352154,119.6043570793303,122.57577730943831,122.94973962547766
2026-01-11 05:00:00,116.18537,117.99902634004884,129.45885612929538,176.78564,146.7215764352154,120.70245458845088,124.33749920553399,124.12266777970358
2026-01-11 06:00:00,116.18537,124.84049363322936,130.313122522657,176.78564,146.7215764352154,121.5567209818125,129.2454044498546,128.82247283097988
2026-01-11 07:00:00,114.73137,125.8742646556882,130.6053248963487,176.78564,146.7215764352154,121.84892335550418,129.90247648558844,129.30470786753546
2026-01-11 08:00:00,110.59537,118.30901035557234,123.3926085164492,151.78564,121.72157643521541,114.6362069756047,119.4959518189873,118.1861593200895
2026-01-11 09:00:00,110.59537,116.2018188286714,119.51477251798786,113.86764,83.8035764352154,110.75837097714336,110.79865963688245,110.94757479347004
2026-01-11 10:00:00,110.59537,121.79775730107023,123.6205562683253,113.86764,83.8035764352154,114.8641547274808,115.00776409287847,114.96209816186183
2026-01-11 11:00:00,110.59537,125.36457611615144,130.29734046753066,151.78564,121.72157643521541,121.54093892668615,125.28516029255444,124.03323410609077
2026-01-11 12:00:00,112.10337,130.3793956171262,137.6625715973076,151.78564,121.72157643521541,128.90617005646308,129.5206354814162,128.34257245188593
2026-01-11 13:00:00,116.17837,134.23068358793915,144.95121329040293,151.78564,121.72157643521541,136.19481174955843,132.7439494813368,131.7022930392152
2026-01-11 14:00:00,116.18537,147.8699608015209,160.81457441776334,176.78564,146.7215764352154,152.05817287691883,148.30533532212536,148.40790382587096
2026-01-11 15:00:00,116.18537,157.94094893373895,172.77461037735827,176.78564,146.7215764352154,164.01820883651376,156.72727763026725,157.21725481248043
2026-01-11 16:00:00,119.10337,175.5011001345005,193.53063094025904,214.78564,184.7215764352154,184.77422939941454,177.7287351444159,178.7612394282941
2026-01-11 17:00:00,119.10337,198.6017475670369,219.6317627684277,276.78564,246.7215764352154,210.8753612275832,207.3525865192728,208.9078137017753
2026-01-11 18:00:00,154.10337,239.7192193864752,244.9788278996265,276.78564,246.7215764352154,236.222426358782,238.76279629287671,240.09666071323073
2026-01-11 19:00:00,219.10337,256.0852247865425,263.40428639380445,276.78564,246.7215764352154,254.64788485295995,252.62478635189785,254.848832630223
2026-01-11 20:00:00,154.10337,258.4499410417035,266.13722823475086,276.78564,246.7215764352154,257.38082669390633,254.6254416756551,256.9905569862322
2026-01-11 21:00:00,154.10337,253.6344237908944,260.79472642221816,276.78564,246.7215764352154,252.03832488137365,250.5448775744203,252.65479168481863
2026-01-11 22:00:00,124.10337,238.44630186207712,240.77784193319368,276.78564,246.7215764352154,232.02144039234918,237.85309056910023,239.54764447649256
2026-01-11 23:00:00,119.10337,197.5962186414952,203.8933252359258,214.78564,184.7215764352154,195.1369236950813,194.0797186907243,193.9790516247657
2026-01-12 00:00:00,117.87734,160.08815541353033,167.4017667058083,119.10337,89.03930643521541,158.6453651649638,146.98048235389848,148.1474530336468
2026-01-12 01:00:00,113.88434,118.91079695683057,118.72307097142864,116.18537,117.19108525987976,116.55334311595276,118.28795353753003,117.81929539974104
2026-01-12 02:00:00,113.88434,118.25048609970482,118.75910770497951,116.18537,117.19108525987976,116.58937984950363,117.76675242714887,116.68357106319522
2026-01-12 03:00:00,113.88434,116.60170883046506,116.7795685845151,116.18537,117.19108525987976,114.60984072903922,116.43332409445127,115.28172863731847
2026-01-12 04:00:00,113.88434,115.72303843382922,115.38063911773074,116.18537,117.19108525987976,113.21091126225485,115.71762063759326,114.30001438178732
2026-01-12 05:00:00,113.88434,118.6249826229747,117.84248584597523,116.18537,117.19108525987976,115.67275799049935,118.04963065810438,117.14562165117044
2026-01-12 06:00:00,113.88434,113.99137494639773,118.60768586673588,116.18537,117.19108525987976,116.43795801126,114.92328047181658,115.55123845615168
2026-01-12 07:00:00,113.88434,111.85371087970378,116.38207508436692,114.73137,115.73708525987975,114.21234722889103,112.89508730890877,112.86195239806406
2026-01-12 08:00:00,113.46634,110.36105712691496,114.22440185623933,110.59537,111.60108525987975,112.05467400076344,110.78215195091448,110.83432742043442
2026-01-12 09:00:00,113.46634,114.07121948462928,117.07963839072232,110.59537,111.60108525987975,114.90991053524644,113.61130512719964,113.6082562067251
2026-01-12 10:00:00,113.46634,113.43656847775854,115.88264105306015,110.59537,111.60108525987975,113.71291319758427,112.94120661482333,112.75685798856148
2026-01-12 11:00:00,151.38434,112.25664241658056,115.6358977588461,110.59537,111.60108525987975,113.46616990337021,112.22785276183812,112.2138370251346
2026-01-12 12:00:00,151.38434,109.7297537311444,115.34884140103082,112.10337,113.10908525987975,113.17911354555494,110.83413249462852,111.2537091125287
2026-01-12 13:00:00,196.38434,112.47041156772583,117.11183780625332,116.17837,117.18408525987975,114.94210995077744,113.80259328921714,115.31751112611953
2026-01-12 14:00:00,196.38434,115.0732810147763,119.77038521831888,116.18537,117.19108525987976,117.600657362843,115.98033982878285,117.90695520423169
2026-01-12 15:00:00,196.38434,119.61389490929324,124.04232803301056,116.18537,117.19108525987976,121.87260017753468,119.77665442097488,121.98205901655601
2026-01-12 16:00:00,206.38434,122.25352580971249,125.58949030206055,119.10337,120.10908525987975,123.41976244658467,122.46793089569705,124.41897406505215
2026-01-12 17:00:00,206.38434,128.84895877569133,133.39375350829812,119.10337,120.10908525987975,131.22402565282223,127.98327470908211,130.15762017643772
2026-01-12 18:00:00,216.38434,161.14264844601416,162.78440188157705,154.10337,155.10908525987975,160.61467402610117,159.86739129048203,161.01085869329506
2026-01-12 19:00:00,216.38434,189.45847012930847,186.17510199886345,219.10337,220.10908525987975,184.00537414338757,193.4035983291031,194.87895603836398
2026-01-12 20:00:00,216.38434,160.4065321472422,163.66717550814218,154.10337,155.10908525987975,161.4974476526663,159.1467050711069,159.90268346200776
2026-01-12 21:00:00,216.38434,152.15425916945054,152.41762657755874,154.10337,155.10908525987975,150.24789872208285,152.2724431962289,152.7373306550122
2026-01-12 22:00:00,206.38434,134.5406895081014,136.29946851301202,124.10337,125.10908525987975,134.12974065753613,132.95227183378253,134.26267246241187
2026-01-12 23:00:00,206.38434,125.60906021791256,127.53264803537536,119.10337,120.10908525987975,125.36292017989948,124.61789677989053,124.94189689835103
2026-01-13 00:00:00,105.22064,124.33594453495178,122.36221375043432,117.87734,118.88305525987975,120.19248589495844,121.91141686076014,122.55136768998373
2026-01-13 01:00:00,105.21064,107.53720517477804,107.95769422714056,113.88434,108.21597116123841,104.49468286512831,107.97399584531414,108.55863976788777
2026-01-13 02:00:00,105.21064,107.41214927556456,108.50552560872556,113.88434,108.21597116123841,105.04251424671331,107.84901416951692,108.65929664925594
2026-01-13 03:00:00,105.20264,104.3819100839592,106.58703275810018,113.88434,108.21597116123841,103.12402139608793,105.4298633227485,106.40982108351255
2026-01-13 04:00:00,105.21064,104.46856091777984,106.2191143546742,113.88434,108.21597116123841,102.75610299266195,105.47620361180574,106.34074067611272
2026-01-13 05:00:00,105.22064,113.68382900590863,113.43481996878346,113.88434,108.21597116123841,109.9718086067712,112.94640152627352,113.59003857090677
2026-01-13 06:00:00,105.22064,108.72830845769356,113.3165606133392,113.88434,108.21597116123841,109.85354925132695,110.08459095190571,110.32988298335991
2026-01-13 07:00:00,105.22064,105.47760819147216,111.70152684095106,113.88434,108.21597116123841,108.23851547893881,108.11051653115152,107.65223096950459
2026-01-13 08:00:00,105.22064,105.65847340691462,112.56137735546956,113.46634,107.79797116123842,109.0983659934573,108.74494354662454,107.71672662859153
2026-01-13 09:00:00,105.22064,110.93557674568504,117.0938296390752,113.46634,107.79797116123842,113.63081827706294,113.127009092525,112.01013823875287
2026-01-13 10:00:00,105.22064,122.8290097540339,127.52535205874312,113.46634,107.79797116123842,124.06234069673087,122.71686863527185,121.7172642593683
2026-01-13 11:00:00,105.22064,132.83517653595428,141.19927733877046,151.38434,145.71597116123843,137.7362659767582,136.14623662774733,135.47342288353872
2026-01-13 12:00:00,105.22064,146.6595395048837,149.19701737947534,151.38434,145.71597116123843,145.7340060174631,146.34114484755204,145.7495373229642
2026-01-13 13:00:00,105.22064,166.67582237967252,169.90209437669418,196.38434,190.71597116123843,166.43908301468193,169.34867819220497,168.3798767465561
2026-01-13 14:00:00,188.12064,176.66364185897132,182.61374334469693,196.38434,190.71597116123843,179.15073198268468,178.48169186118778,177.56159482684382
2026-01-13 15:00:00,208.12064,188.73735974255428,196.54949389018745,196.38434,190.71597116123843,193.0864825281752,189.20572498698562,188.17623406270033
2026-01-13 16:00:00,208.12064,198.50201066856496,208.94016039959104,206.38434,200.71597116123843,205.47714903757878,199.66670486202975,198.4576243730261
2026-01-13 17:00:00,208.12064,201.4484668282115,211.8953005256025,206.38434,200.71597116123843,208.43228916359024,202.18602352832607,200.91004279747693
2026-01-13 18:00:00,209.12064,234.84218877702975,242.09316212294743,216.38434,210.71597116123843,238.63015076093518,230.31127019661486,229.5559497834966
2026-01-13 19:00:00,209.12064,243.0984374855377,252.25508635887843,216.38434,210.71597116123843,248.79207499686618,237.78765572379098,236.8946246932731
2026-01-13 20:00:00,209.12064,224.60921611328425,228.27210386917204,216.38434,210.71597116123843,224.8090925071598,220.86634864302107,220.10526825490848
2026-01-13 21:00:00,208.12064,208.18187338157645,208.3873258476073,216.38434,210.71597116123843,204.92431448559503,206.06474336393364,205.67518384071562
2026-01-13 22:00:00,208.12064,186.74344118284483,181.4989868090075,206.38434,200.71597116123843,178.03597544699525,185.82768538893134,185.0782552451339
2026-01-13 23:00:00,188.12064,167.3265879346834,159.09828974121604,206.38434,200.71597116123843,155.63527837920378,168.15540956138364,168.31710410918865
2026-01-14 00:00:00,109.65888,122.32921446216405,116.07300512916748,105.22064,99.55227116123842,112.60999376715523,117.06242222914139,115.6521655510061
2026-01-14 01:00:00,109.65888,110.84374537268008,108.50020215232756,105.21064,112.99007237663942,106.37973917882319,111.45683099822477,110.34488069528612
2026-01-14 02:00:00,109.65888,109.31743018864366,108.14832207729968,105.21064,112.99007237663942,106.02785910379531,110.15092597501551,108.72690609902708
2026-01-14 03:00:00,109.65888,109.17711459833342,108.80019560782408,105.20264,112.98207237663942,106.6797326343197,109.9875357934512,108.42342419787548
2026-01-14 04:00:00,109.65888,108.48775870230928,109.8430319023148,105.21064,112.99007237663942,107.72256892881043,109.4236804262223,107.69894006923138
2026-01-14 05:00:00,109.65888,116.46060411148416,116.7329209935366,105.22064,113.00007237663942,114.61245802003222,115.53694190519171,113.93211681148176
2026-01-14 06:00:00,109.65888,119.9261954245748,119.47115390797065,105.22064,113.00007237663942,117.35069093446627,118.22933828048667,116.69146250496834
2026-01-14 07:00:00,109.65888,116.32217809490464,118.67356591949442,105.22064,113.00007237663942,116.55310294599005,116.42917861496382,115.50653293705044
2026-01-14 08:00:00,109.65888,115.88345812641684,119.24155359022676,105.22064,113.00007237663942,117.12109061672238,116.47874181281347,115.8274491996032
2026-01-14 09:00:00,109.65888,121.45505372507732,123.75838737950184,105.22064,113.00007237663942,121.63792440599747,120.51336082769106,119.68583652345356
2026-01-14 10:00:00,109.65888,129.52573690898086,131.50343272988218,105.22064,113.00007237663942,129.3829697563778,126.9703318262418,126.3654388912745
2026-01-14 11:00:00,109.65888,136.30498417659655,137.88633774511948,105.22064,113.00007237663942,135.7658747716151,132.45458115209874,132.18360799338456
2026-01-14 12:00:00,109.65888,136.33444562777322,146.28484152518294,105.22064,113.00007237663942,144.16437855167857,133.9558404193355,134.0921094661848
2026-01-14 13:00:00,109.65888,143.51292973425578,154.3476408997431,105.22064,113.00007237663942,152.22717792623874,140.0095556586671,140.5208498642312
2026-01-14 14:00:00,138.16688,177.71771808013435,182.9498712123336,188.12064,195.90007237663943,180.82940823882922,181.2502428709742,181.91765155728345
2026-01-14 15:00:00,138.16688,193.0172516444508,197.9517734595913,208.12064,215.90007237663943,195.83131048608692,197.31828206913747,198.70867107943945
2026-01-14 16:00:00,142.16688,199.18458994684107,206.84338616389013,208.12064,215.90007237663943,204.72292319038576,201.80937775004833,202.6253231710915
2026-01-14 17:00:00,213.16688,196.1468673281268,201.632269378204,208.12064,215.90007237663943,199.51180640469963,200.14932335157522,201.93201598805342
2026-01-14 18:00:00,213.16688,218.98454088769347,218.6727439016732,209.12064,216.90007237663943,216.5522809281688,218.0300535269024,220.45888557287554
2026-01-14 19:00:00,217.16688,232.51392838896143,242.6458964781741,209.12064,216.90007237663943,240.52543350466973,229.3020576488721,231.21579692666563
2026-01-14 20:00:00,213.16688,226.15734446743087,235.44254215305887,209.12064,216.90007237663943,233.3220791795545,223.74068002192857,225.1469872487005
2026-01-14 21:00:00,213.16688,210.6825579016901,213.33927250871687,208.12064,215.90007237663943,211.2188095352125,210.42319601671153,211.5173713781799
2026-01-14 22:00:00,142.16688,191.38509033310757,182.56109033177972,208.12064,215.90007237663943,180.44062735827535,194.17421773740546,195.16636387762173
2026-01-14 23:00:00,138.16688,164.1111260865341,155.13485587307696,188.12064,195.90007237663943,153.01439289957258,168.05381726793263,167.54804662973612
2026-01-15 00:00:00,111.95694,124.93932718234542,118.91780051252864,109.65888,117.43831237663942,116.79733753902427,120.35714037628108,119.03234781743791
2026-01-15 01:00:00,111.95694,111.32819851136873,110.16607052152123,109.65888,101.49974744742961,107.51657418735614,108.49309792103013,107.66975706216873
2026-01-15 02:00:00,111.95694,107.7658942152441,107.51988971338145,109.65888,101.49974744742961,104.87039337921635,105.61717592971797,104.73929131935563
2026-01-15 03:00:00,111.95694,106.45043269387908,106.1218192085872,109.65888,101.49974744742961,103.4723228744221,104.40666414760503,103.50498115545221
2026-01-15 04:00:00,111.95694,104.77046066737866,103.92468738255496,109.65888,101.49974744742961,101.27519104838987,102.73102339933303,101.8032733857174
2026-01-15 05:00:00,111.95694,108.24623234049244,109.11336654818322,109.65888,101.49974744742961,106.46387021401813,107.02756122222135,106.38849029847054
2026-01-15 06:00:00,117.54694,107.39455773766365,111.92975334959652,109.65888,101.49974744742961,109.28025701543143,106.67398961034303,105.8764802289912
2026-01-15 07:00:00,117.54694,108.1211409157072,112.61914072979803,109.65888,101.49974744742961,109.96964439563294,107.32479018418206,106.55602922007347
2026-01-15 08:00:00,117.54694,107.51714672225798,112.17333233551211,109.65888,101.49974744742961,109.52383600134702,106.84245507927155,106.09606074976169
2026-01-15 09:00:00,111.95694,107.27203866051856,111.90688701325224,109.65888,101.49974744742961,109.25739067908715,106.63165419204284,105.88199658401976
2026-01-15 10:00:00,117.54694,107.48787014600688,112.16807831289124,109.65888,101.49974744742961,109.51858197872615,106.89212729780178,106.18460359718127
2026-01-15 11:00:00,117.54694,109.89855134958653,114.39402709378454,109.65888,101.49974744742961,111.74453075961945,109.44438795417143,108.9397290794224
2026-01-15 12:00:00,117.54694,109.4622682199266,117.16043470976754,109.65888,101.49974744742961,114.51093837560245,110.7221627759848,110.59707549339649
2026-01-15 13:00:00,119.09994,111.57987322191408,119.77922986287594,109.65888,101.49974744742961,117.12973352871084,111.3496269380239,110.75413252565545
2026-01-15 14:00:00,190.55694,121.66309698727846,128.14308500468283,138.16688,130.0077474474296,125.49358867051774,124.7280826076659,124.75073786384681
2026-01-15 15:00:00,190.55694,126.65725906354292,133.4762307873906,138.16688,130.0077474474296,130.8267344532255,129.19688121557118,129.33609211978285
2026-01-15 16:00:00,190.55694,135.2007951732822,144.50890470560043,142.16688,134.0077474474296,141.85940837143534,137.32142994527334,137.36135472896873
2026-01-15 17:00:00,190.55694,156.32165254719592,157.02934966708298,213.16688,205.0077474474296,154.3798533329179,161.772908415642,161.8289797040944
2026-01-15 18:00:00,190.55694,184.4212133077407,174.5746080054524,213.16688,205.0077474474296,171.9251116712873,182.91624010157793,182.95438206175135
2026-01-15 19:00:00,191.55694,205.1906200096074,209.09358091581413,217.16688,209.0077474474296,206.44408458164904,205.61618397206402,205.887720749467
2026-01-15 20:00:00,190.55694,203.95949328746636,212.43838719668017,213.16688,205.0077474474296,209.78889086251507,206.63743398099763,207.1109022801938
2026-01-15 21:00:00,190.55694,185.65267354085137,183.34476622816757,213.16688,205.0077474474296,180.69526989400248,187.58351664295907,187.76451437492375
2026-01-15 22:00:00,190.55694,140.06267884588664,140.27584377161224,142.16688,134.0077474474296,137.62634743744715,139.19013121964042,139.06946069185338
2026-01-15 23:00:00,117.54694,129.71716419095844,127.19193275652437,138.16688,130.0077474474296,124.54243642235927,129.2424271040138,129.02636878763377
2026-01-16 00:00:00,109.64545,114.23068638255522,114.90650493755884,111.95694,103.79780744742962,112.25700860339374,112.01004688117604,111.3127176311891
2026-01-16 01:00:00,109.64545,109.46172606148332,110.3839593646364,111.95694,94.21776994694734,109.25716369855637,107.49143164278185,106.87196483638341
2026-01-16 02:00:00,109.64545,108.18559910923152,109.62113288610314,111.95694,94.21776994694734,108.49433722002311,106.58870084495359,105.97256686270222
2026-01-16 03:00:00,109.64545,106.43294281215334,108.34453092806616,111.95694,94.21776994694734,107.21773526198614,105.2481022669125,104.63011806169334
2026-01-16 04:00:00,109.64545,106.4082067883072,109.09105269175092,111.95694,94.21776994694734,107.96425702567089,105.8545782241971,105.37670662433037
2026-01-16 05:00:00,109.64545,108.311273684187,111.2778921476082,111.95694,94.21776994694734,110.15109648152817,107.66956773503333,107.23091964530897
2026-01-16 06:00:00,109.64545,108.290955631913,113.36755049830516,117.54694,99.80776994694735,112.24075483222514,109.66244623213306,109.5055010455348
2026-01-16 07:00:00,109.64545,107.95709267038583,112.9305296197579,117.54694,99.80776994694735,111.80373395367788,109.50979263831675,109.3797269379252
2026-01-16 08:00:00,109.64545,107.84794474896744,112.6476656279429,117.54694,99.80776994694735,111.52086996186287,108.75805055491523,108.39412852096237
2026-01-16 09:00:00,109.64545,106.46471429134628,110.90025579449414,111.95694,94.21776994694734,109.77346012841411,106.32205405962448,105.82559724302408
2026-01-16 10:00:00,109.64545,108.97886466831568,113.83009183335471,117.54694,99.80776994694735,112.70329616727469,109.22775646421923,108.75027123745988
2026-01-16 11:00:00,109.64545,109.56910034489437,114.80741686148832,117.54694,99.80776994694735,113.68062119540829,109.8557335710675,109.4896685763227
2026-01-16 12:00:00,109.64545,109.32594665162304,116.12135362879776,117.54694,99.80776994694735,114.99455796271774,109.97340013696896,109.62586359613053
2026-01-16 13:00:00,109.64545,112.72944633460912,119.98030682260568,119.09994,101.36076994694734,118.85351115652566,113.90281871530662,113.85413568414117
2026-01-16 14:00:00,109.64545,135.30719113150545,136.51768465258036,190.55694,172.81776994694735,135.39088898650033,139.53120317857073,139.1637621985569
2026-01-16 15:00:00,109.64545,141.13510417685814,143.41638239555408,190.55694,172.81776994694735,142.28958672947405,144.79182719036487,144.48643888073573
2026-01-16 16:00:00,113.78145,143.03286511919256,145.98754671723168,190.55694,172.81776994694735,144.86075105115165,146.61826536867235,146.32693140060834
2026-01-16 17:00:00,117.24545,146.62631449756591,149.55866372157726,190.55694,172.81776994694735,148.43186805549723,149.54068911357822,149.25165113668268
2026-01-16 18:00:00,168.24545,166.04018116323272,161.49827911628665,190.55694,172.81776994694735,160.37148345020663,164.18387886004166,163.9235562520753
2026-01-16 19:00:00,168.24545,168.9726513344931,163.813545017712,191.55694,173.81776994694735,162.68674935163196,166.13229594955652,165.8199077649843
2026-01-16 20:00:00,168.24545,162.79897704454874,154.47624253017418,190.55694,172.81776994694735,153.34944686409415,159.88413265447363,159.51019911709844
2026-01-16 21:00:00,117.24545,157.33465278105808,148.9183946945235,190.55694,172.81776994694735,147.79159902844347,155.52257472220154,155.07472584842907
2026-01-16 22:00:00,109.64545,150.71159728889,140.83237750282754,190.55694,172.81776994694735,139.7055818367475,149.81243138202564,149.30310740263266
2026-01-16 23:00:00,109.64545,119.16300833539702,119.8162534188456,117.54694,99.80776994694735,118.68945775276558,117.6703487676673,117.56073230484832
2026-01-17 00:00:00,100.55036,112.50163205657742,112.4919762404329,109.64545,91.90627994694734,111.36518057435288,109.8359084531536,109.2829405032264
2026-01-17 01:00:00,100.55036,99.96833728259718,102.58142313238122,109.64545,95.42442984031463,100.96738191119687,99.23511066753832,98.69825575741821
2026-01-17 02:00:00,100.55036,98.63266107740765,101.5409520112822,109.64545,95.42442984031463,99.92691079009785,98.2048936940557,97.66778576350914
2026-01-17 03:00:00,100.55036,98.18520487832946,101.46823452887836,109.64545,95.42442984031463,99.854193307694,97.96598374679463,97.43330346022364
2026-01-17 04:00:00,100.55036,96.905436574343,100.75133619007708,109.64545,95.42442984031463,99.13729496889273,97.08169332666425,96.55634933264948
2026-01-17 05:00:00,100.55036,96.96150338941844,100.75060784376326,109.64545,95.42442984031463,99.13656662257891,97.1043990997112,96.57748322540054
2026-01-17 06:00:00,104.68636,96.32441250285666,101.61702845807774,109.64545,95.42442984031463,100.00298723689339,97.04398355875014,96.54287836404554
2026-01-17 07:00:00,100.55036,95.54103638451056,100.98710125699944,109.64545,95.42442984031463,99.37306003581509,96.35591308251135,95.8523529009578
2026-01-17 08:00:00,100.55036,96.12080472950008,101.5635798272418,109.64545,95.42442984031463,99.94953860605744,96.77298409681325,96.26241737602338
2026-01-17 09:00:00,100.55036,96.1879045091204,101.51600617873564,109.64545,95.42442984031463,99.90196495755129,96.30451586392303,95.6135830851764
2026-01-17 10:00:00,100.55036,96.73402179839532,102.09122235616351,109.64545,95.42442984031463,100.47718113497916,96.91442324959894,96.29199497930487
2026-01-17 11:00:00,100.55036,96.20622015474645,101.74758694170008,109.64545,95.42442984031463,100.13354572051573,96.99852152192014,96.56450091997966
2026-01-17 12:00:00,100.55036,95.96188987086684,101.51021086857186,109.64545,95.42442984031463,99.89616964738751,96.700578217199,96.26380739801056
2026-01-17 13:00:00,100.55036,96.96387765792235,102.58895616100662,109.64545,95.42442984031463,100.97491493982227,97.62155928017688,97.21694958613541
2026-01-17 14:00:00,100.55036,96.75727912710984,102.35611271073796,109.64545,95.42442984031463,100.74207148955361,97.47626883627555,97.08183877310958
2026-01-17 15:00:00,100.55036,96.9143415183328,103.05880257844186,109.64545,95.42442984031463,101.4447613572575,97.87103321583446,97.50037252991804
2026-01-17 16:00:00,108.15036,98.58223923846512,104.09186944776138,113.78145,99.56042984031464,102.47782822657703,100.41222805045616,100.33881438041388
2026-01-17 17:00:00,114.15036,100.98321542680742,106.40239736627808,117.24545,103.02442984031464,104.78835614509373,103.57440885290342,103.77136628571822
2026-01-17 18:00:00,126.15036,130.5836707309296,118.49933860291522,168.24545,154.02442984031464,116.88529738173087,130.17274185200557,129.95307134562555
2026-01-17 19:00:00,126.15036,131.96891913172374,120.46025080972883,168.24545,154.02442984031464,118.84620958854448,131.43823645637656,131.209935628202
2026-01-17 20:00:00,126.15036,132.3802301552176,120.7610554998772,168.24545,154.02442984031464,119.14701427869285,131.70369438482282,131.4644721469499
2026-01-17 21:00:00,126.15036,113.18019459006776,108.81791592599276,117.24545,103.02442984031464,107.20387470480841,111.36745773610399,111.44142470136866
2026-01-17 22:00:00,126.15036,108.18851452619847,105.063812877227,109.64545,95.42442984031463,103.44977165604264,106.18442388064261,106.15398262376631
2026-01-17 23:00:00,108.15036,105.44219134126529,103.8674631334428,109.64545,95.42442984031463,102.25342191225845,103.7988788217998,103.53922090897198
2026-01-18 00:00:00,105.32193,100.55311957141969,100.8709507686939,100.55036,86.32933984031463,99.25690954750955,97.97606617494341,97.48463389794908
2026-01-18 01:00:00,105.32193,104.70881443768054,104.51097588652604,100.55036,96.71456299796802,102.17342705392545,102.98839785108038,103.03030004190393
2026-01-18 02:00:00,105.32193,104.43482252923494,104.2678340611898,100.55036,96.71456299796802,101.93028522858921,102.7679226285925,102.80791593736524
2026-01-18 03:00:00,103.31193,103.82834905128868,104.16421313817064,100.55036,96.71456299796802,101.82666430557005,102.28690097449709,102.30487546844482
2026-01-18 04:00:00,101.85793,103.6533759112166,103.68533961776616,100.55036,96.71456299796802,101.34779078516557,102.14123197662566,102.17688211350574
2026-01-18 05:00:00,103.31193,102.6508165796256,102.57958972081492,100.55036,96.71456299796802,100.24204088821433,101.33187670607835,101.37013194384949
2026-01-18 06:00:00,97.72193,100.09911275959648,103.4855772506323,104.68636,100.85056299796801,101.14802841803171,100.32360875512724,100.10324697505001
2026-01-18 07:00:00,97.72193,99.20059971413151,102.5889767671841,100.55036,96.71456299796802,100.25142793458352,98.87968487371704,99.00297526304178
2026-01-18 08:00:00,97.72193,98.69373371898816,102.29253645193916,100.55036,96.71456299796802,99.95498761933857,98.52165730275148,98.63925407630511
2026-01-18 09:00:00,97.72193,98.62134160782809,102.2129976715443,100.55036,96.71456299796802,99.87544883894371,98.46246252598341,98.56661391980245
2026-01-18 10:00:00,97.72193,98.5674428083602,102.24154452130055,100.55036,96.71456299796802,99.90399568869996,98.44269777196529,98.55666897615372
2026-01-18 11:00:00,97.72193,99.62768700073048,103.12203525619364,100.55036,96.71456299796802,100.78448642359305,99.26901565184443,99.36766278643692
2026-01-18 12:00:00,97.72193,97.11100914265528,103.55349565680078,100.55036,96.71456299796802,101.21594682420019,97.54388542056424,97.72294883926077
2026-01-18 13:00:00,97.72193,97.2904264473398,102.87450375723937,100.55036,96.71456299796802,100.53695492463878,97.69324766818139,98.05120182199624
2026-01-18 14:00:00,97.72193,97.8369570550518,104.1845103530159,100.55036,96.71456299796802,101.8469615204153,98.15081587655904,98.53189075278202
2026-01-18 15:00:00,97.72193,97.9635959550904,104.45238620986136,100.55036,96.71456299796802,102.11483737726077,98.25670646042573,98.67071402757936
2026-01-18 16:00:00,105.32193,100.65152457027672,107.06127823331528,108.15036,104.31456299796803,104.72372940071469,101.76670052969912,102.1372360026034
2026-01-18 17:00:00,113.32193,102.5965585276214,108.8643576449716,114.15036,110.31456299796803,106.52680881237102,104.38953759536982,104.82707821804827
2026-01-18 18:00:00,166.32193,112.62856971479442,111.91188189834553,126.15036,122.31456299796803,109.57433306574494,113.900607114732,115.18264207263243
2026-01-18 19:00:00,171.32193,113.60248083517529,113.07196207824832,126.15036,122.31456299796803,110.73441324564773,114.72019675793196,117.14837466907083
2026-01-18 20:00:00,171.32193,114.27223870989198,114.28885500672166,126.15036,122.31456299796803,111.95130617412107,115.26710313913891,116.26679663591017
2026-01-18 21:00:00,166.32193,113.87824515821276,113.28274548387564,126.15036,122.31456299796803,110.94519665127505,114.9680030372217,116.05590282789251
2026-01-18 22:00:00,166.32193,113.03825558705545,111.97284766246536,126.15036,122.31456299796803,109.63529882986477,114.28120985827225,114.90909993989304
2026-01-18 23:00:00,113.32193,105.96015967801657,107.16526043480776,108.15036,104.31456299796803,104.82771160220717,105.58874843377045,105.69423085256747
2026-01-19 00:00:00,111.91666,105.94096445136913,105.1225491707166,105.32193,101.48613299796801,102.785000338116,105.21282522537787,104.9666991930306
2026-01-19 01:00:00,107.91666,112.20835126178054,110.29920378524628,105.32193,112.73910659068791,109.58820028007779,111.26267766089731,109.80358200080778
2026-01-19 02:00:00,105.90666,112.8188052173608,110.88267616431892,105.32193,112.73910659068791,110.17167265915043,111.72294895815728,110.2395813061411
2026-01-19 03:00:00,107.91666,111.28674066641835,108.89357201892729,103.31193,110.72910659068792,108.1825685137588,110.1745817517227,108.81002685132972
2026-01-19 04:00:00,107.91666,112.12905667327465,109.187021393911,101.85793,109.27510659068791,108.4760178887425,110.52853085234331,109.24927727078884
2026-01-19 05:00:00,111.91666,114.0842141045332,110.94592037748272,103.31193,110.72910659068792,110.23491687231423,112.37306780677606,111.17930710957543
2026-01-19 06:00:00,149.91666,105.64814514033908,109.39080645104951,97.72193,105.13910659068792,108.67980294588102,106.0087419128322,105.27314993806571
2026-01-19 07:00:00,149.91666,107.3713288834429,111.06845924858791,97.72193,105.13910659068792,110.35745574341942,107.39715856186804,106.74057981213346
2026-01-19 08:00:00,149.91666,109.89584788531783,113.11134171168317,97.72193,105.13910659068792,112.40033820651468,109.25644800723992,108.59112677850139
2026-01-19 09:00:00,111.91666,111.78193608644668,114.9589960754888,97.72193,105.13910659068792,114.2479925703203,110.75717004142018,110.14546449030412
2026-01-19 10:00:00,149.91666,113.52861799570374,116.46769527998524,97.72193,105.13910659068792,115.75669177481674,112.0655700020819,111.45550355336199
2026-01-19 11:00:00,149.91666,115.44730702138638,118.40173699799249,97.72193,105.13910659068792,117.690733492824,113.8534779898006,113.6863395372205
2026-01-19 12:00:00,149.91666,113.4667536657122,120.84147708197924,97.72193,105.13910659068792,120.13047357681074,112.97185273695406,112.93108075315646
2026-01-19 13:00:00,149.91666,114.74517809957489,122.8176773094871,97.72193,105.13910659068792,122.1066738043186,114.06606640900111,114.2093988913941
2026-01-19 14:00:00,149.91666,116.89541318701431,125.14732586057464,97.72193,105.13910659068792,124.43632235540615,115.95202677559034,116.31136255535745
2026-01-19 15:00:00,158.91666,118.1782897230118,126.17391961510066,97.72193,105.13910659068792,125.46291610993217,117.18033941809753,117.77071380320758
2026-01-19 16:00:00,173.91666,122.67619446943633,130.74895763964727,105.32193,112.73910659068791,130.03795413447878,122.12672034830088,122.73963995524772
2026-01-19 17:00:00,178.91666,124.33835737968047,131.68503173600328,113.32193,120.73910659068791,130.9740282308348,124.99476245016193,125.80793745489858
2026-01-19 18:00:00,178.91666,153.93431587688943,146.93080874517352,166.32193,173.73910659068792,146.21980524000503,156.71505196609007,157.95823073904137
2026-01-19 19:00:00,178.91666,161.79463410129333,155.95862883575316,171.32193,178.73910659068792,155.24762533058467,164.1665708561502,165.50063026255748
2026-01-19 20:00:00,178.91666,162.05915712890848,156.07103811665385,171.32193,178.73910659068792,155.36003461148536,164.45798195799816,165.73650384355125
2026-01-19 21:00:00,178.91666,157.5537653707009,150.18033331921816,166.32193,173.73910659068792,149.46932981404967,160.1111315583072,161.69456864228565
2026-01-19 22:00:00,178.91666,151.11393589518164,141.3244159806666,166.32193,173.73910659068792,140.6134124754981,154.5961980941624,155.91587422973066
2026-01-19 23:00:00,173.91666,119.847319890981,120.7114795204566,113.32193,120.73910659068791,120.00047601528811,120.57492345812331,121.00819626986687
2026-01-20 00:00:00,174.33117,117.04562245212108,114.71484903516668,111.91666,119.33383659068791,114.00384552999819,115.84763869585048,115.13820110569239
2026-01-20 01:00:00,174.33117,171.71892256370293,159.1962045555278,107.91666,128.23780165160798,158.55895131461168,162.40776122529266,161.6742057470627
2026-01-20 02:00:00,174.33117,169.73477476821543,155.55344373067922,105.90666,126.227801651608,154.9161904897631,159.5441626461784,158.65862686987094
2026-01-20 03:00:00,174.33117,169.15975430219393,154.7133904390085,107.91666,128.23780165160798,154.07613719809237,159.3008754672133,158.45698709630318
2026-01-20 04:00:00,174.33117,170.21288312627834,156.0856973743349,107.91666,128.23780165160798,155.44844413341877,160.36942481769353,159.5517016356109
2026-01-20 05:00:00,176.23117,172.44062616660275,160.31718858959252,111.91666,132.23780165160798,159.6799353486764,163.6032769321153,162.8756732056995
2026-01-20 06:00:00,176.33117,163.54015826614275,168.32959803717776,149.91666,170.237801651608,167.69234479626164,164.8172657245032,164.15776183628418
2026-01-20 07:00:00,176.23117,164.09716099007707,168.88275183912793,149.91666,170.237801651608,168.2454985982118,165.32983771209967,164.70488209047835
2026-01-20 08:00:00,174.33117,165.12798488731448,169.83927253664396,149.91666,170.237801651608,169.20201929572784,166.1755185093819,165.5655216003084
2026-01-20 09:00:00,174.33117,160.43370298190186,161.56813209814555,111.91666,132.23780165160798,160.93087885722943,156.52938252470665,155.98757352740802
2026-01-20 10:00:00,174.33117,163.64175817221226,168.59363125067466,149.91666,170.237801651608,167.95637800975854,164.91715014922787,164.32441144787484
2026-01-20 11:00:00,174.33117,164.80638379722194,169.59213239574498,149.91666,170.237801651608,168.95487915482886,165.8964942090373,165.3150742491961
2026-01-20 12:00:00,174.33117,162.92437526931607,170.84677157427527,149.91666,170.237801651608,170.20951833335914,165.09767793251837,164.57209107355908
2026-01-20 13:00:00,176.23117,163.2209192078056,170.4167874805062,149.91666,170.237801651608,169.77953423959008,165.12296981134634,164.6193653272283
2026-01-20 14:00:00,176.33117,163.60874569140725,171.59506810902292,149.91666,170.237801651608,170.9578148681068,166.8674675361325,166.7960347754513
2026-01-20 15:00:00,176.33117,165.6826934803904,173.04098193139276,158.91666,179.237801651608,172.40372869047664,170.12551374707917,170.21852428934062
2026-01-20 16:00:00,176.33117,170.17620055577137,176.65978120876972,173.91666,194.237801651608,176.0225279678536,175.74191606946067,175.84051997245703
2026-01-20 17:00:00,178.33117,172.94213066866442,178.91596308971236,178.91666,199.237801651608,178.27870984879624,178.47035157460223,178.53195041401543
2026-01-20 18:00:00,181.33117,183.3122804162693,186.16867036698645,178.91666,199.237801651608,185.53141712607032,186.8987587335744,186.98335211616342
2026-01-20 19:00:00,191.33117,186.6162397657211,191.3981477793635,178.91666,199.237801651608,190.7608945384474,190.32021818106867,190.4447340520175
2026-01-20 20:00:00,181.33117,184.26347944151104,187.45584347176415,178.91666,199.237801651608,186.81859023084803,187.64177295899842,187.68640000951586
2026-01-20 21:00:00,181.33117,180.82446076401328,182.5811885458649,178.91666,199.237801651608,181.94393530494878,184.21060705145803,184.1732754124523
2026-01-20 22:00:00,178.33117,178.96633989794492,180.3888459262328,178.91666,199.237801651608,179.75159268531667,182.6933678842771,182.6451549967224
2026-01-20 23:00:00,176.33117,174.5187402859679,176.06235501467285,173.91666,194.237801651608,175.42510177375672,178.08341743165383,177.95302309630665
2026-01-21 00:00:00,175.89024,173.14103417194588,172.20398007535758,174.33117,194.652311651608,171.56672683444145,176.1210358463751,175.8352628969734
2026-01-21 01:00:00,175.89024,176.45300942286627,176.10388808918466,174.33117,186.57333241510494,169.68480823033127,176.8644700549561,175.87706014676098
2026-01-21 02:00:00,175.89024,175.56984731714329,175.60699203175932,174.33117,186.57333241510494,169.18791217290592,176.24385986544894,175.294175092424
2026-01-21 03:00:00,175.89024,176.35074801852437,175.64440925357457,174.33117,186.57333241510494,169.22532939472117,176.8789245858928,175.96041590482247
2026-01-21 04:00:00,175.89024,178.18189656491398,177.1070302672122,174.33117,186.57333241510494,170.6879504083588,178.58472599301996,177.82304804372748
2026-01-21 05:00:00,175.89024,181.6446106778776,181.43024883780325,176.23117,188.47333241510495,175.01116897894985,181.80200398272038,181.08582449066753
2026-01-21 06:00:00,177.89024,179.9077570046376,183.6712369485533,176.33117,188.57333241510494,177.2521570896999,180.96010483019353,180.47777336163708
2026-01-21 07:00:00,175.89024,182.39280181115944,186.43165188519535,176.23117,188.47333241510495,180.01257202634196,182.88219503455454,182.3711981303663
2026-01-21 08:00:00,175.89024,183.09770607448112,187.30028166574928,174.33117,186.57333241510494,180.8812018068959,183.30805466536617,182.91358742757393
2026-01-21 09:00:00,175.89024,188.37118171968623,190.88737280603888,174.33117,186.57333241510494,184.4682929471855,187.68194591332556,187.41754443990223
2026-01-21 10:00:00,175.89024,190.5751495465778,192.46674397899352,174.33117,186.57333241510494,186.04766412014013,189.50182792395753,189.29651946395552
2026-01-21 11:00:00,175.89024,194.5261580507471,194.83240194859,174.33117,186.57333241510494,188.4133220897366,192.59339564081722,192.37935151763406
2026-01-21 12:00:00,175.89024,187.12542978383848,197.2155039873062,174.33117,186.57333241510494,190.7964241284528,187.4169864584464,187.4204580188743
2026-01-21 13:00:00,175.89024,188.2881965751462,198.24978562238468,176.23117,188.47333241510495,191.83070576353128,188.8463253409799,188.98381469958122
2026-01-21 14:00:00,175.89024,190.6784959858944,201.3107992818934,176.33117,188.57333241510494,194.89171942304,191.31076976981342,191.74392771602672
2026-01-21 15:00:00,177.89024,191.17082631696505,201.69376615742945,176.33117,188.57333241510494,195.27468629857606,191.51943785095818,191.84018289974722
2026-01-21 16:00:00,188.09024,193.6357133506207,204.63688319285905,176.33117,188.57333241510494,198.21780333400565,193.55397548260783,193.87463833751247
2026-01-21 17:00:00,188.09024,195.8096316542964,207.29874533622592,178.33117,190.57333241510494,200.87966547737253,195.88600864769384,196.33247777651547
2026-01-21 18:00:00,205.89024,199.8383083011185,212.92499634580244,181.33117,193.57333241510494,206.50591648694905,199.64237224646757,200.03414644668433
2026-01-21 19:00:00,205.89024,206.46825167220305,218.6849006813568,191.33117,203.57333241510494,212.2658208225034,206.44162727001867,206.75116803507083
2026-01-21 20:00:00,195.89024,201.47808893227372,215.92868138662956,181.33117,193.57333241510494,209.50960152777617,201.11473920821118,201.50628861865346
2026-01-21 21:00:00,188.09024,200.19969961717703,214.21465111376176,181.33117,193.57333241510494,207.79557125490837,200.01272487253334,200.3491092154977
2026-01-21 22:00:00,188.09024,195.27509244142655,208.03948306108376,178.33117,190.57333241510494,201.62040320223036,195.30677756700098,195.50991409753703
2026-01-21 23:00:00,180.89024,189.1372738554917,198.8302767604631,176.33117,188.57333241510494,192.4111969016097,189.7499577010953,189.86388366926923
2026-01-22 00:00:00,181.84677,194.8431732674515,194.56623393514965,175.89024,188.13240241510496,188.14715407629626,192.71878968029716,192.76662750976735
2026-01-22 01:00:00,181.84677,181.74239291654965,181.54359914341296,175.89024,193.2264785642041,176.1194041697728,183.16453383895512,181.5175868292328
2026-01-22 02:00:00,181.84677,181.18359869040108,181.1771305709993,175.89024,193.2264785642041,175.75293559735914,182.71714551727405,180.98642871749666
2026-01-22 03:00:00,181.84677,181.22288659351244,180.93503758698188,175.89024,193.2264785642041,175.5108426133417,182.74454007275313,181.44349484855036
2026-01-22 04:00:00,181.84677,183.2882062751657,182.42433255852728,175.89024,193.2264785642041,177.0001375848871,184.40010522070176,183.19223740757297
2026-01-22 05:00:00,181.84677,187.3170923868979,186.83686229195249,175.89024,193.2264785642041,181.41266731831232,187.65282830400733,186.7336498707087
2026-01-22 06:00:00,181.84677,182.60951962840625,188.9865095187404,177.89024,195.2264785642041,183.56231454510024,185.0539510217862,184.77460054543423
2026-01-22 07:00:00,181.84677,185.81311892275716,192.46678058490065,175.89024,193.2264785642041,187.04258561126048,187.43130637514975,187.12641989595986
2026-01-22 08:00:00,181.84677,185.99396416584852,193.41909639984925,175.89024,193.2264785642041,187.99490142620908,187.79582722194056,187.70422377739672
2026-01-22 09:00:00,181.84677,192.85386368936145,199.33277826847305,175.89024,193.2264785642041,193.90858329483288,193.19504826410085,193.29462126299867
2026-01-22 10:00:00,181.84677,196.64715224700464,202.67482255083436,175.89024,193.2264785642041,197.2506275771942,196.20268885064638,196.34952960839536
2026-01-22 11:00:00,181.84677,199.68371510231637,205.3322158686269,175.89024,193.2264785642041,199.90802089498672,198.60602692462209,198.74282658781462
2026-01-22 12:00:00,181.84677,197.26863204452007,208.10606641186013,175.89024,193.2264785642041,202.68187143821996,197.27126249142415,197.66025735933076
2026-01-22 13:00:00,181.84677,198.37556609832328,208.935409563115,175.89024,193.2264785642041,203.51121458947483,198.19686860377257,198.84935213895875
2026-01-22 14:00:00,191.16677,200.3371177812239,212.0094877939221,175.89024,193.2264785642041,206.58529282028192,199.8380145559756,201.26647579944347
2026-01-22 15:00:00,191.16677,202.10722846633928,213.78160271246497,177.89024,195.2264785642041,208.3574077388248,201.65042270573747,203.28725161293755
2026-01-22 16:00:00,195.84677,207.67565999506095,219.4388809550006,188.09024,205.42647856420407,214.01468598136043,208.00135052044297,209.68136368679245
2026-01-22 17:00:00,195.84677,208.35597005640295,219.7313899324699,188.09024,205.42647856420407,214.30719495882974,208.56952991473855,210.3995752780255
2026-01-22 18:00:00,210.84677,225.1099880424703,227.8738948836139,205.89024,223.2264785642041,222.44969990997373,224.36742846079096,227.24886037091292
2026-01-22 19:00:00,220.84677,227.3794019234542,230.27481752659247,205.89024,223.2264785642041,224.8506225529523,226.30032866823552,229.35247917466884
2026-01-22 20:00:00,195.84677,222.35926481493527,227.081711444757,195.89024,213.2264785642041,221.65751647111682,220.5148651039206,222.3336466991715
2026-01-22 21:00:00,195.84677,216.70298413646,222.7504896459413,188.09024,205.42647856420407,217.32629467230112,214.51939000798262,215.96117503009785
2026-01-22 22:00:00,191.16677,210.67193011162007,215.7835812242815,188.09024,205.42647856420407,210.35938625064134,209.42401529831054,210.60501751057126
2026-01-22 23:00:00,191.16677,202.4085696620488,207.85100871132124,180.89024,198.2264785642041,202.42681373768107,201.34442639861027,201.41352801132624
2026-01-23 00:00:00,196.7875,204.0841917898176,202.62518875962328,181.84677,199.18300856420407,197.20099378598312,201.06022788168323,200.3132832507021
2026-01-23 01:00:00,196.7875,196.90806419636127,194.23013290631,181.84677,195.32822552989074,189.0993976530469,194.67874364259887,194.0526822480923
2026-01-23 02:00:00,196.7875,196.9918114085759,194.2600511277202,181.84677,195.32822552989074,189.12931587445712,194.63985741248905,193.97612998974338
2026-01-23 03:00:00,196.7875,196.5376538576517,193.87349624787717,181.84677,195.32822552989074,188.7427609946141,194.27265369696494,193.60820647254064
2026-01-23 04:00:00,196.7875,197.44262343935117,195.0869766570297,181.84677,195.32822552989074,189.95624140376663,195.23238819939985,194.60327402532909
2026-01-23 05:00:00,196.7875,199.7739785538111,197.9805192086781,181.84677,195.32822552989074,192.849783955415,197.60078356294468,197.05031504172248
2026-01-23 06:00:00,196.7875,192.8642734430956,198.5339199607997,181.84677,195.32822552989074,193.4031847075366,193.49337253278566,193.01516140584764
2026-01-23 07:00:00,196.7875,193.96588066802133,199.67855962739463,181.84677,195.32822552989074,194.54782437413155,194.3211290633172,193.85029886620282
2026-01-23 08:00:00,196.7875,193.4159634912746,199.44381045552612,181.84677,195.32822552989074,194.31307520226304,193.89936238742732,193.48333610579536
2026-01-23 09:00:00,196.7875,195.95212484372396,201.7787747038964,181.84677,195.32822552989074,196.64803945063332,195.9418204629483,195.5355812679594
2026-01-23 10:00:00,196.7875,198.5011145493465,204.0387759014976,181.84677,195.32822552989074,198.9080406482345,198.03743376304374,197.643030234054
2026-01-23 11:00:00,196.7875,201.03187942278004,206.21350763755788,181.84677,195.32822552989074,201.0827723842948,200.1536183718162,199.77223932460663
2026-01-23 12:00:00,196.7875,196.7637458843785,206.8004114498076,181.84677,195.32822552989074,201.66967619654451,197.65402720267426,197.3209293948213
2026-01-23 13:00:00,196.7875,197.50742676575396,208.31050176475583,181.84677,195.32822552989074,203.17976651149274,198.66505709643926,198.38844216487428
2026-01-23 14:00:00,196.7875,201.11964395788857,211.73905510977423,191.16677,204.64822552989077,206.60831985651114,202.95308453998558,202.6973414036045
2026-01-23 15:00:00,207.7875,201.8811617066288,212.76738934731657,191.16677,204.64822552989077,207.63665409405348,203.68704860853583,203.4393805847186
2026-01-23 16:00:00,211.3075,205.1653844874136,215.97875392673404,195.84677,209.32822552989074,210.84801867347096,207.3170962562197,207.18061934261397
2026-01-23 17:00:00,211.3075,205.673447154,215.8862292777974,195.84677,209.32822552989074,210.75549402453433,207.48981279968893,207.33764086421425
2026-01-23 18:00:00,211.7875,219.70011484940076,222.77479679583465,210.84677,224.32822552989074,217.64406154257156,220.00989398636636,219.95602980507005
2026-01-23 19:00:00,220.7875,222.8675361733914,224.94903592313383,220.84677,234.32822552989074,219.81830066987075,222.9000658233147,222.5823779953481
2026-01-23 20:00:00,211.7875,213.83602610977616,220.7811908320628,195.84677,209.32822552989074,215.65045557879972,213.67863447198238,213.49884881343553
2026-01-23 21:00:00,220.7875,213.0368738782544,220.5911454164729,195.84677,209.32822552989074,215.46041016320981,213.43049870897627,213.2643964837248
2026-01-23 22:00:00,211.7875,207.94543043387264,216.3183331150888,191.16677,204.64822552989077,211.1875978618257,208.5908293639296,208.31533463885387
2026-01-23 23:00:00,211.3075,204.93766893579573,213.21640205880172,191.16677,204.64822552989077,208.08566680553864,205.99975702140003,205.6410255176021
2026-01-24 00:00:00,236.7244,210.2783145068308,212.0040193438249,196.7875,210.26895552989075,206.8732840905618,209.4511737421295,208.90865368166405
2026-01-24 01:00:00,231.7244,236.6131656372627,228.52073541441573,196.7875,219.4446786691197,224.84804608168903,231.06004172196623,230.44522797820196
2026-01-24 02:00:00,201.7244,236.37424741521377,228.0781397033698,196.7875,219.4446786691197,224.4054503706431,230.7800585358006,230.1584699914123
2026-01-24 03:00:00,201.7244,235.9130108543574,227.980050724077,196.7875,219.4446786691197,224.3073613913503,230.47115212393004,229.83664845978927
2026-01-24 04:00:00,201.7244,235.9426575434368,228.2345945813572,196.7875,219.4446786691197,224.5619052486305,230.63337945403254,230.02586921155748
2026-01-24 05:00:00,201.7244,235.6117752715932,227.84337350629744,196.7875,219.4446786691197,224.17068417357075,230.3146258537222,229.7076475457964
2026-01-24 06:00:00,201.7244,222.2615167767065,227.3968418069925,196.7875,219.4446786691197,223.72415247426582,222.1429853844786,221.66024267409782
2026-01-24 07:00:00,201.7244,222.73341940780787,227.8207976291904,196.7875,219.4446786691197,224.1481082964637,222.50066918296096,222.0204981843316
2026-01-24 08:00:00,201.7244,223.18543258077767,228.20557565057308,196.7875,219.4446786691197,224.5328863178464,222.86969515614106,222.39954665644265
2026-01-24 09:00:00,201.7244,222.81665922735644,227.9049130789192,196.7875,219.4446786691197,224.23222374619252,222.52651243236443,222.05999600813132
2026-01-24 10:00:00,201.7244,224.33264312503084,229.16577946714048,196.7875,219.4446786691197,225.4930901344138,223.78982589158898,223.33074438310558
2026-01-24 11:00:00,201.7244,224.23280956882428,229.07748202302355,196.7875,219.4446786691197,225.40479269029686,223.68629388392063,223.2314448511124
2026-01-24 12:00:00,201.7244,217.902426329414,228.8572526709896,196.7875,219.4446786691197,225.1845633382629,219.78405374395655,219.39174225042288
2026-01-24 13:00:00,201.7244,218.1581955828256,229.1932686218892,196.7875,219.4446786691197,225.5205792891625,220.08931486775612,219.7293305185073
2026-01-24 14:00:00,201.7244,218.2484173134591,228.77684756062436,196.7875,219.4446786691197,225.10415822789767,220.13934969601618,219.84167454211172
2026-01-24 15:00:00,201.7244,221.5652328209987,231.5038867213735,207.7875,230.4446786691197,227.8311973886468,224.77874740720543,224.67894781108706
2026-01-24 16:00:00,206.7244,223.38560497986057,233.01816686731948,211.3075,233.9646786691197,229.3454775345928,226.6096868406993,226.48503703870568
2026-01-24 17:00:00,211.7244,223.992771614982,233.70757302953007,211.3075,233.9646786691197,230.03488369680338,227.24502013065472,227.15576681755158
2026-01-24 18:00:00,241.9144,228.9305115843922,235.2734454406472,211.7875,234.4446786691197,231.60075610792052,230.7215376902298,230.5976162766067
2026-01-24 19:00:00,241.9144,231.0484754523141,236.80451005441893,220.7875,243.4446786691197,233.13182072169224,232.96563403627948,232.6168680391396
2026-01-24 20:00:00,241.9144,228.4951556259413,234.8056961804159,211.7875,234.4446786691197,231.13300684768922,230.46359329178995,230.33700428863474
2026-01-24 21:00:00,211.7244,230.49148940082492,235.9924674433861,220.7875,243.4446786691197,232.3197781106594,232.51795224003257,232.16163325280948
2026-01-24 22:00:00,211.7244,227.893455132642,233.9565167488556,211.7875,234.4446786691197,230.2838274161289,229.95671478079967,229.8169294077609
2026-01-24 23:00:00,241.9144,226.6182264929854,232.9896210592264,211.3075,233.9646786691197,229.31693172649972,228.5853933117173,228.3323531344771
2026-01-25 00:00:00,227.85962,237.4218883198648,237.20619606028032,236.7244,259.3815786691197,233.53350672755363,240.80527501965517,240.7243440245641
2026-01-25 01:00:00,227.85962,227.64264715400876,228.1315412886982,231.7244,243.18430477817475,224.767302374502,229.56689945581974,229.22406987394547
2026-01-25 02:00:00,227.85962,227.8341825203354,222.2383634837424,201.7244,213.18430477817475,218.8741245695462,224.4900219813137,224.01187983685446
2026-01-25 03:00:00,227.85962,227.32344892126795,221.811090435156,201.7244,213.18430477817475,218.4468515209598,224.08717702899884,223.6117156429462
2026-01-25 04:00:00,227.85962,227.14244457952253,221.60277514742583,201.7244,213.18430477817475,218.23853623322964,223.92557209618707,223.4476389275749
2026-01-25 05:00:00,227.85962,225.78268509999668,220.5296044194021,201.7244,213.18430477817475,217.1653655052059,222.8284752688889,222.35443418622887
2026-01-25 06:00:00,227.85962,215.30233774716817,220.15565406066628,201.7244,213.18430477817475,216.7914151464701,215.08324226636532,214.76299729360807
2026-01-25 07:00:00,217.92962,214.54431385399923,219.95832488904185,201.7244,213.18430477817475,216.59408597484565,214.5254477034734,214.24756893251862
2026-01-25 08:00:00,217.92962,216.66749445538989,221.19425223155207,201.7244,213.18430477817475,217.83001331735588,216.1365688932944,215.83705199619143
2026-01-25 09:00:00,217.85962,217.4164960844076,221.67229174631564,201.7244,213.18430477817475,218.30805283211944,216.67983750976683,216.37183854622
2026-01-25 10:00:00,217.85962,217.22654700813428,221.63512394156777,201.7244,213.18430477817475,218.27088502737158,216.5455508920192,216.26874788428808
2026-01-25 11:00:00,217.85962,220.58325136230616,223.51289961598275,201.7244,213.18430477817475,220.14866070178655,219.04365670336963,218.6871992288559
2026-01-25 12:00:00,217.85962,213.16179499353763,222.92737121571747,201.7244,213.18430477817475,219.56313230152128,213.57787866093156,213.36045472200365
2026-01-25 13:00:00,217.85962,212.24518017204883,221.5432711743831,201.7244,213.18430477817475,218.17903226018691,212.87891097697099,212.71920987198664
2026-01-25 14:00:00,217.92962,212.88678066425615,222.4410953151625,201.7244,213.18430477817475,219.0768564009663,213.52915145358145,213.44347209759266
2026-01-25 15:00:00,217.92962,213.9886017169572,223.99027667293117,201.7244,213.18430477817475,220.62603775873498,214.64988754762226,214.68401616888457
2026-01-25 16:00:00,217.92962,215.99405928769588,225.3681222546596,206.7244,218.18430477817475,222.0038833404634,217.42621408849453,217.70948765323203
2026-01-25 17:00:00,227.85962,220.08584564020217,229.9236753234511,211.7244,223.18430477817475,226.55943640925491,221.43256388236122,221.62508644004245
2026-01-25 18:00:00,253.85962,239.3989942745152,238.48791430957917,241.9144,253.37430477817475,235.12367539538297,241.0451033275642,241.09652873984714
2026-01-25 19:00:00,253.85962,240.72989446204832,241.71492296167403,241.9144,253.37430477817475,238.35068404747784,242.22954140532894,242.2484811395944
2026-01-25 20:00:00,253.85962,240.2787517762012,241.3950274087367,241.9144,253.37430477817475,238.0307884945405,241.87839955648744,241.86539754216676
2026-01-25 21:00:00,253.85962,225.93076691094737,235.07676691464616,211.7244,223.18430477817475,231.71252800044996,226.17141514067785,226.27557618677434
2026-01-25 22:00:00,232.85962,224.78025673450213,232.8258106896476,211.7244,223.18430477817475,229.4615717754514,225.20666646048915,225.30032087868761
2026-01-25 23:00:00,232.85962,238.1611822277308,237.15943068704615,241.9144,253.37430477817475,233.79519177284996,240.08399384616894,240.00502930184535
2026-01-26 00:00:00,235.5724,233.2105770290144,233.76466242971645,227.85962,239.31952477817475,230.40042351552026,235.2963585300184,235.89868285573473
2026-01-26 01:00:00,235.5724,236.02915508823597,234.1436451238685,227.85962,246.26260460679623,230.0217049756464,237.2711220702771,236.62550447927532
2026-01-26 02:00:00,230.5724,235.75185513148875,233.90287780311712,227.85962,246.26260460679623,229.780937654895,236.8774193554725,236.1290617575495
2026-01-26 03:00:00,230.5724,236.0231874279155,233.77757742750407,227.85962,246.26260460679623,229.65563727928196,237.08802087175556,236.3609144506535
2026-01-26 04:00:00,230.5724,237.00271253603464,235.01116919718064,227.85962,246.26260460679623,230.88922904895853,237.86957076606004,237.14207513468958
2026-01-26 05:00:00,235.5724,239.7708589518747,237.89248766366276,227.85962,246.26260460679623,233.77054751544065,240.35722382858907,239.79976677433507
2026-01-26 06:00:00,248.5724,231.8765360569032,238.50315460017129,227.85962,246.26260460679623,234.38121445194918,234.66305543041275,234.3091666047017
2026-01-26 07:00:00,235.5724,233.13662428691543,239.11835400062432,217.92962,236.33260460679622,234.9964138524022,233.57901633105794,232.9538899647651
2026-01-26 08:00:00,235.5724,236.17326818510088,242.3373804901373,217.92962,236.33260460679622,238.21544034191518,236.04399355912065,235.460505957787
2026-01-26 09:00:00,235.5724,237.91399803490037,244.24677110213315,217.85962,236.26260460679623,240.12483095391104,237.63182018467876,237.20238892445568
2026-01-26 10:00:00,235.5724,239.2732315127057,246.47068303513825,217.85962,236.26260460679623,242.34874288691614,238.8613605541437,238.5319287058398
2026-01-26 11:00:00,235.5724,242.54785000655403,249.32869367483812,217.85962,236.26260460679623,245.206753526616,241.54911170395343,241.28939018146977
2026-01-26 12:00:00,235.5724,242.30164184509744,252.0030880206424,217.85962,236.26260460679623,247.88114787242029,241.6216330992772,241.46987673093932
2026-01-26 13:00:00,235.5724,243.9624874374572,254.26355960822715,217.85962,236.26260460679623,250.14161946000505,243.11264996206026,243.04885631765137
2026-01-26 14:00:00,248.5724,245.71233988003289,256.48677675189253,217.92962,236.33260460679622,252.36483660367043,244.8495455169374,244.97439379561519
2026-01-26 15:00:00,248.5724,245.8526785813024,256.4353354681286,217.92962,236.33260460679622,252.31339531990648,244.99074299855695,245.15128284764756
2026-01-26 16:00:00,248.5724,248.21929459363284,259.0828644807631,217.92962,236.33260460679622,254.96092433254097,246.94007071127416,247.1154629707614
2026-01-26 17:00:00,252.5724,252.8810619649489,263.8306688774565,227.85962,246.26260460679623,259.7087287292344,252.81423283164094,253.3173067516964
2026-01-26 18:00:00,291.5234,270.5674038254815,271.49515330368587,253.85962,272.26260460679623,267.37321315546376,270.98361506474345,271.66574753371265
2026-01-26 19:00:00,291.5234,271.77144319225,272.38673964507103,253.85962,272.26260460679623,268.2647994968489,272.03989691594154,272.7768190387608
2026-01-26 20:00:00,291.5234,271.5209212387558,272.0404304701609,253.85962,272.26260460679623,267.9184903219388,271.7578448876637,272.4315827187918
2026-01-26 21:00:00,291.5234,269.428740299653,269.02780012307534,253.85962,272.26260460679623,264.90585997485323,269.92259458168587,270.51362558545065
2026-01-26 22:00:00,252.5724,254.76880897801095,259.8456896606019,232.85962,251.26260460679623,255.7237495123798,254.34369915373924,254.47497030376724
2026-01-26 23:00:00,248.5724,250.9980044426872,255.8971817489862,232.85962,251.26260460679623,251.7752416007641,250.81796357117162,250.6348115740865
2026-01-27 00:00:00,259.32244,258.8811870651697,253.76377184337304,235.5724,253.9753846067962,249.64183169515093,256.37908661289515,255.7243127301365
2026-01-27 01:00:00,254.32244,258.99575076128895,254.2558722755005,235.5724,252.37770113019536,251.87683281720246,257.1151176613441,256.3180290076562
2026-01-27 02:00:00,254.32244,259.51337051382126,253.34200355639203,230.5724,247.37770113019536,250.96296409809398,256.4479043997404,255.5091584066115
2026-01-27 03:00:00,254.32244,259.53523931082725,252.8993599044312,230.5724,247.37770113019536,250.52032044613316,256.4429310059098,255.51468306328707
2026-01-27 04:00:00,259.32244,260.5658422409994,253.692860294167,230.5724,247.37770113019536,251.31382083586894,257.3412112725884,256.47404742139406
2026-01-27 05:00:00,259.32244,262.60785523116255,255.88797790445776,235.5724,252.37770113019536,253.5089384461597,260.0414752361781,259.3596381421154
2026-01-27 06:00:00,259.32244,249.90832560595885,259.37611993817205,248.5724,265.37770113019536,256.997080479874,253.08277673413835,252.72722997282625
2026-01-27 07:00:00,259.32244,249.22523753434132,258.295508474255,235.5724,252.37770113019536,255.91646901595692,250.80795682880492,250.6971301473818
2026-01-27 08:00:00,259.32244,251.24856619113083,260.43661147843954,235.5724,252.37770113019536,258.0575720201415,252.47373709608794,252.41446321876018
2026-01-27 09:00:00,259.32244,254.73271631592368,263.1983632277378,235.5724,252.37770113019536,260.81932376943973,255.19256164886752,255.12525271131665
2026-01-27 10:00:00,259.32244,255.1124713721978,264.4765298607076,235.5724,252.37770113019536,262.09749040240956,255.62423569123214,255.64866956492955
2026-01-27 11:00:00,259.32244,254.6895884504408,264.19447917902585,235.5724,252.37770113019536,261.8154397207278,255.26184943540974,255.30007134365317
2026-01-27 12:00:00,259.32244,258.10139446996925,266.8820251305906,235.5724,252.37770113019536,264.50298567229254,257.9920058783623,258.0658514348408
2026-01-27 13:00:00,259.32244,260.25694463649006,269.78104458896985,235.5724,252.37770113019536,267.4020051306718,259.9207226365595,260.0959088469343
2026-01-27 14:00:00,265.32244,265.3862571398739,274.4284665750666,248.5724,265.37770113019536,272.0494271167685,266.2733346736861,266.5929188835746
2026-01-27 15:00:00,265.32244,265.13198641254144,274.2806250206784,248.5724,265.37770113019536,271.9015855623803,266.0416837376551,266.3430948218401
2026-01-27 16:00:00,267.65544,265.97046708659343,275.4799757055322,248.5724,265.37770113019536,273.10093624723413,266.72213085992894,267.00471339311645
2026-01-27 17:00:00,267.65544,269.43059449055954,279.6849353462067,252.5724,269.37770113019536,277.30589588790866,270.81848872818915,271.4743100871767
2026-01-27 18:00:00,267.65544,294.0560080913601,290.5350756161908,291.5234,308.3287011301953,288.15603615789274,295.0464537502751,295.050269813847
2026-01-27 19:00:00,285.32244,294.622450846171,290.5841919189611,291.5234,308.3287011301953,288.20515246066304,295.6908123502313,295.8033754894489
2026-01-27 20:00:00,267.65544,292.5092166508589,287.79145355856224,291.5234,308.3287011301953,285.4124141002642,293.66793084553944,293.5810009116358
2026-01-27 21:00:00,267.65544,289.9938568179607,283.8061566369506,291.5234,308.3287011301953,281.42711717865257,291.46116598499793,291.28454678873226
2026-01-27 22:00:00,265.32244,271.8001674762904,273.96772225175465,252.5724,269.37770113019536,271.5886827934566,272.02199510401925,272.38307967796237
2026-01-27 23:00:00,259.32244,267.10599859780655,270.778153537241,248.5724,265.37770113019536,268.39911407894294,266.8070040992328,266.6165784811076
2026-01-28 00:00:00,253.93714,278.11856088011984,267.66030214385137,259.32244,276.1277411301953,265.2812626855533,274.39350564679427,274.0971356074684
2026-01-28 01:00:00,253.93714,254.165678282971,254.367459998877,254.32244,258.5978939918275,251.02908295033302,254.02895556008934,254.64598440688755
2026-01-28 02:00:00,253.93714,254.251343399633,254.5777516711572,254.32244,258.5978939918275,251.2393746226132,254.10117003587203,254.75934095623654
2026-01-28 03:00:00,253.93714,254.1107881367742,253.542671488432,254.32244,258.5978939918275,250.20429443988803,253.76608900449827,254.361195635698
2026-01-28 04:00:00,253.93714,255.46200317111223,255.32655339480195,259.32244,263.5978939918275,251.98817634625797,255.45269979122375,256.16179530782733
2026-01-28 05:00:00,254.86714,257.6200190153169,256.9073673752541,259.32244,263.5978939918275,253.56899032671015,257.24848130183983,257.8051743852481
2026-01-28 06:00:00,254.86714,248.50782707107027,258.4865318614447,259.32244,263.5978939918275,255.1481548129007,252.2507096791466,252.42715595808298
2026-01-28 07:00:00,254.86714,249.53849282944864,259.77310621510816,259.32244,263.5978939918275,256.4347291665642,253.22304882284277,253.2176605767614
2026-01-28 08:00:00,253.93714,250.06062784457689,260.70758979909425,259.32244,263.5978939918275,257.3692127505503,253.91889625963688,253.58767011194325
2026-01-28 09:00:00,253.93714,253.63201091037385,263.93365758586856,259.32244,263.5978939918275,260.5952805373246,256.8245107054246,256.45013113194636
2026-01-28 10:00:00,254.86714,255.3384727289876,265.6463377809889,259.32244,263.5978939918275,262.30796073244494,258.3341927915764,257.7894532647836
2026-01-28 11:00:00,254.86714,255.86267995741332,266.33849461498016,259.32244,263.5978939918275,263.0001175664362,259.0677201490987,258.1672135180705
2026-01-28 12:00:00,254.86714,264.3948350392517,269.10281775953985,259.32244,263.5978939918275,265.76444071099587,264.7056014200161,263.9741655274111
2026-01-28 13:00:00,254.86714,267.4147901280367,272.8949599590619,259.32244,263.5978939918275,269.55658291051793,267.66247414372145,266.7089946305457
2026-01-28 14:00:00,261.93714,270.8178620817457,276.62174120652185,265.32244,269.5978939918275,273.28336415797787,271.36386122634434,270.3997026014816
2026-01-28 15:00:00,261.93714,271.73224001482623,277.39327132092285,265.32244,269.5978939918275,274.0548942723789,272.140640495825,271.1001128721163
2026-01-28 16:00:00,264.93714,273.900241001879,279.9141736446508,267.65544,271.93089399182753,276.57579659610684,274.3312394109201,273.32299739462314
2026-01-28 17:00:00,264.93714,276.02470500775127,283.6078110817244,267.65544,271.93089399182753,280.2694340331804,276.3901127669775,275.6356264662734
2026-01-28 18:00:00,264.93714,287.0243478589812,286.94936267599,267.65544,271.93089399182753,283.61098562744604,284.0428260016506,283.180366924363
2026-01-28 19:00:00,266.93714,294.40853255613683,291.64302234668577,285.32244,289.5978939918275,288.3046452981418,292.11587617482456,290.94779229036544
2026-01-28 20:00:00,264.93714,285.66535816451494,285.45350117069773,267.65544,271.93089399182753,282.11512412215376,282.705541732707,282.04681675879834
2026-01-28 21:00:00,264.93714,283.0184801876448,282.27522273515166,267.65544,271.93089399182753,278.9368456866077,280.3171815674221,279.74715208895606
2026-01-28 22:00:00,264.93714,279.0042936236808,277.5719532733442,265.32244,269.5978939918275,274.23357622480023,276.57003051527,275.95778156176004
2026-01-28 23:00:00,254.86714,273.1259326940663,271.677087667266,259.32244,263.5978939918275,268.338710618722,270.66463301017166,270.28294028576033
2026-01-29 00:00:00,242.61517,276.5475940976668,267.03775834135155,253.93714,258.21259399182753,263.6993812928076,270.40266323676053,270.4307802714249
2026-01-29 01:00:00,242.61517,242.95688902418956,244.9547619973252,253.93714,249.8385542999095,240.55450352570375,243.22602754316995,243.58942785162634
2026-01-29 02:00:00,242.61517,242.57843221887447,244.80700256878183,253.93714,249.8385542999095,240.40674409716038,242.91972246110686,243.33905708933986
2026-01-29 03:00:00,242.61517,242.1744534403411,244.3343861431628,253.93714,249.8385542999095,239.93412767154135,242.55794154857978,242.96741063279282
2026-01-29 04:00:00,242.61517,242.495566106002,244.67161925495355,253.93714,249.8385542999095,240.2713607833321,242.8862101524557,243.23199387673526
2026-01-29 05:00:00,242.73817,244.31549260339585,246.3597962756168,254.86714,250.7685542999095,241.95953780399535,244.6702489010081,244.82063698160803
2026-01-29 06:00:00,242.73817,237.76323201256392,246.8699676492795,254.86714,250.7685542999095,242.46970917765805,241.06586335877162,240.81505576772526
2026-01-29 07:00:00,242.73817,238.3519165505437,247.65447804211232,254.86714,250.7685542999095,243.25421957049087,241.64640535944625,241.24557669793626
2026-01-29 08:00:00,242.61517,238.5882085436549,248.05253797998807,253.93714,249.8385542999095,243.65227950836663,241.87002783062596,241.24770892107335
2026-01-29 09:00:00,242.61517,242.57813970161095,251.63864591504117,253.93714,249.8385542999095,247.23838744341973,245.10549359309422,244.45473289766866
2026-01-29 10:00:00,242.73817,244.49762291061305,253.5856255003557,254.86714,250.7685542999095,249.18536702873425,246.80126391012658,246.10553380370112
2026-01-29 11:00:00,242.73817,247.64867244795397,256.31602047969056,254.86714,250.7685542999095,251.91576200806912,249.31299486950604,248.63343407502796
2026-01-29 12:00:00,242.61517,251.6843829516449,258.63773737494006,254.86714,250.7685542999095,254.23747890331862,252.26743102674723,251.60498595502176
2026-01-29 13:00:00,242.73817,253.5701885849224,260.8245407640286,254.86714,250.7685542999095,256.42428229240716,254.173600437834,253.24128550161535
2026-01-29 14:00:00,242.73817,257.41690369422093,264.9617809290688,261.93714,257.8385542999095,260.5615224574474,258.46929550253043,257.417284092578
2026-01-29 15:00:00,242.73817,259.1416897189539,266.83408339668307,261.93714,257.8385542999095,262.43382492506163,259.98110879544873,258.88772455094767
2026-01-29 16:00:00,255.61517,261.25933145990166,269.33791350976145,264.93714,260.8385542999095,264.93765503814,262.06257549640327,261.16346852815974
2026-01-29 17:00:00,255.61517,262.20941095237066,270.76511902347374,264.93714,260.8385542999095,266.3648605518523,262.95368751248134,262.1286946232534
2026-01-29 18:00:00,255.61517,275.1461434540594,274.40806801280445,264.93714,260.8385542999095,270.007809541183,271.7485304423262,270.9938403101507
2026-01-29 19:00:00,264.61517,277.2743017125741,276.5515018298864,266.93714,262.8385542999095,272.15124335826494,273.8536595252926,273.04438240291853
2026-01-29 20:00:00,255.61517,275.25503362309854,275.42908924328884,264.93714,260.8385542999095,271.0288307716674,271.81272365574085,271.39410282654296
2026-01-29 21:00:00,255.61517,271.83997633102564,271.63906007522576,264.93714,260.8385542999095,267.2388016036043,268.78429269443257,268.52666179654756
2026-01-29 22:00:00,255.61517,266.75391757915105,265.1966733590352,264.93714,260.8385542999095,260.79641488741373,264.2202449881899,263.9890284224782
2026-01-29 23:00:00,242.73817,258.7577671755742,257.67495000489686,254.86714,250.7685542999095,253.27469153327542,256.4330511384947,256.22900050300683
2026-01-30 00:00:00,108.3633,252.98566040058648,251.3441771873412,242.61517,238.5165842999095,246.94391871571975,248.42093245401423,249.65115421287666
2026-01-30 01:00:00,112.4993,108.42633112606178,138.97952767036043,242.61517,202.21184691970615,130.17099045928708,127.9116863494474,128.1869606715514
2026-01-30 02:00:00,112.4993,113.12996091919814,139.4837323024945,242.61517,202.21184691970615,130.67519509142116,130.96569447597508,130.94394567839788
2026-01-30 03:00:00,113.9533,120.10993338858876,141.10288824010837,242.61517,202.21184691970615,132.29435102903503,135.78114643351483,135.28275073584433
2026-01-30 04:00:00,113.9533,134.53940052475622,152.33844170156522,242.61517,202.21184691970615,143.52990449049187,147.23922130075766,146.63063058408338
2026-01-30 05:00:00,247.0863,161.96218315348074,177.98767349633346,242.73817,202.33484691970614,169.1791362852601,169.90037060167205,169.50594034632843
2026-01-30 06:00:00,247.0863,179.12101239965222,191.494039024224,242.73817,202.33484691970614,182.68550181315067,183.49884759359088,183.02825665174265
2026-01-30 07:00:00,247.0863,191.8867486586374,203.03750257611009,242.73817,202.33484691970614,194.22896536503674,193.87808180769082,193.4481544844409
2026-01-30 08:00:00,166.9633,204.77317565215304,214.35156762305976,242.61517,202.21184691970615,205.54303041198642,204.2665903392084,203.94387299604432
2026-01-30 09:00:00,114.9663,215.13527828074484,223.44441859911703,242.61517,202.21184691970615,214.63588138804369,212.61577837507068,212.39121264613865
2026-01-30 10:00:00,247.0863,220.2428535914796,227.90540201701685,242.73817,202.33484691970614,219.0968648059435,216.69920381029561,216.5598581711481
2026-01-30 11:00:00,247.0863,218.85707826044344,226.81080804500303,242.73817,202.33484691970614,218.00227083392969,215.624465626165,215.4040666489108
2026-01-30 12:00:00,113.9533,220.6049452031555,227.56581809774573,242.61517,202.21184691970615,218.7572808866724,216.95111207746842,216.46827251768232
2026-01-30 13:00:00,247.0863,223.27209448377693,231.67129028498704,242.73817,202.33484691970614,222.8627530739137,219.8577253829239,219.18037170021418
2026-01-30 14:00:00,247.0863,225.6734782684027,235.29610282812317,242.73817,202.33484691970614,226.48756561704982,222.39367316595448,221.5921478251803
2026-01-30 15:00:00,251.9633,225.60354290009823,235.4495514486581,242.73817,202.33484691970614,226.64101423758476,222.49294894183782,221.62728538818268
2026-01-30 16:00:00,251.9633,231.66172139028865,241.73167946960896,255.61517,215.21184691970615,232.92314225853562,229.6248398393208,228.40402771628797
2026-01-30 17:00:00,251.9633,232.34751486961437,242.55028247356773,255.61517,215.21184691970615,233.7417452624944,230.24981040224137,229.05290326731415
2026-01-30 18:00:00,256.9633,250.4087493530339,251.61870572396023,255.61517,215.21184691970615,242.8101685128869,243.11993657935986,242.4238687327811
2026-01-30 19:00:00,251.9633,256.72838470157785,258.4813180370753,264.61517,224.21184691970612,249.67278082600197,249.37230265260408,249.03622927641857
2026-01-30 20:00:00,251.9633,251.7517742122183,253.61471043756592,255.61517,215.21184691970615,244.80617322649258,244.46295784012642,243.80878573881253
2026-01-30 21:00:00,251.9633,244.16004125920028,243.6865922343613,255.61517,215.21184691970615,234.87805502328797,237.6174987827266,236.9365615556517
2026-01-30 22:00:00,247.0863,229.87626846615427,225.37820867663424,255.61517,215.21184691970615,216.5696714655609,224.56471556639733,224.05492077780104
2026-01-30 23:00:00,247.0863,202.9032650495217,197.41869711313427,242.73817,202.33484691970614,188.61015990206093,198.86640229898015,199.85991157794382
2026-01-31 00:00:00,208.1695,156.76371996070847,149.94539101789212,108.3633,67.95997691970615,141.13685380681878,142.88246149036362,141.92422273278902
2026-01-31 01:00:00,208.1695,208.19307198228225,190.0290706375432,112.4993,112.70690229118517,190.69061222053327,193.30323520198627,193.0756014242701
2026-01-31 02:00:00,208.1695,207.1063864275887,188.61200686089336,112.4993,112.70690229118517,189.2735484438834,191.6057588192924,191.13393523592958
2026-01-31 03:00:00,208.1695,206.9499340404247,188.7886936918244,113.9533,114.16090229118517,189.45023527481445,191.66060897922182,191.16446748084851
2026-01-31 04:00:00,208.1695,205.94965351915573,188.41650026900075,113.9533,114.16090229118517,189.0780418519908,190.92151565626344,190.39727736746661
2026-01-31 05:00:00,208.1695,203.7268146206501,211.15225221741736,247.0863,247.29390229118516,211.8137938004074,211.3177645185663,210.81811284807517
2026-01-31 06:00:00,208.1695,197.40109155282357,210.2132892990818,247.0863,247.29390229118516,210.87483088207185,207.19192084904228,206.75019499579258
2026-01-31 07:00:00,208.1695,196.15007324973325,209.23729447856124,247.0863,247.29390229118516,209.8988360615513,206.10960656689366,205.691424295165
2026-01-31 08:00:00,208.1695,192.39746524115367,196.94754552086675,166.9633,167.17090229118517,197.6090871038568,191.3610931394408,191.07091223735992
2026-01-31 09:00:00,208.1695,187.60653982762145,187.01533862932175,114.9663,115.17390229118517,187.6768802123118,179.09509906350556,178.6743853648897
2026-01-31 10:00:00,208.1695,203.4725465802659,215.5374161855884,247.0863,247.29390229118516,216.19895776857845,211.8540344209813,211.39722725648775
2026-01-31 11:00:00,208.1695,207.06181124896747,218.54041055091292,247.0863,247.29390229118516,219.20195213390298,214.87886022852035,214.44605288917958
2026-01-31 12:00:00,208.1695,176.83300107426768,191.29024382566547,113.9533,114.16090229118517,191.95178540865552,173.52648825536056,173.27092687195142
2026-01-31 13:00:00,208.1695,212.27951706695163,215.12789377269576,247.0863,247.29390229118516,215.7894353556858,216.87829018044172,216.37481279600775
2026-01-31 14:00:00,208.1695,213.0997468923561,216.3239457926418,247.0863,247.29390229118516,216.98548737563186,218.0597281032434,217.7130177682046
2026-01-31 15:00:00,208.1695,214.72931236847668,217.4504937768456,251.9633,252.17090229118517,218.11203535983566,220.54081959074935,220.44015095856975
2026-01-31 16:00:00,218.6695,217.29130299745765,220.0102259300514,251.9633,252.17090229118517,220.67176751304146,222.61382514219568,222.51948700729093
2026-01-31 17:00:00,218.6695,221.7439672541898,225.86446541074892,251.9633,252.17090229118517,226.52600699373897,226.85229298435547,226.81121596209442
2026-01-31 18:00:00,218.7925,236.3699686790628,231.54409517379048,256.9633,257.17090229118514,232.20563675678054,237.2078667141202,236.94163158622646
2026-01-31 19:00:00,218.7925,236.11525915380685,231.316156708123,251.9633,252.17090229118517,231.97769829111306,236.5242166708366,236.36719424608498
2026-01-31 20:00:00,218.6695,234.41328709819675,229.013380931293,251.9633,252.17090229118517,229.67492251428305,234.95312113821493,234.7741104640079
2026-01-31 21:00:00,218.6695,230.99232410606265,225.71650525596243,251.9633,252.17090229118517,226.37804683895249,232.0829311908282,231.80983493004376
2026-01-31 22:00:00,218.6695,223.00509690842856,217.62688350270545,247.0863,247.29390229118516,218.2884250856955,223.80765207344623,223.22052049423203
2026-01-31 23:00:00,208.1695,218.12265618492432,211.5677983356114,247.0863,247.29390229118516,212.22933991860145,219.17332946806602,218.45571737764433
2026-02-01 00:00:00,165.00424,203.44902691359607,201.2409502395362,208.1695,208.37710229118517,201.90249182252626,202.93979603287167,202.16477608568232
2026-02-01 01:00:00,165.00424,166.16373886574112,174.75722092654473,208.1695,181.40813653060619,169.69500483266336,169.67484226559054,169.12774131366976
2026-02-01 02:00:00,165.00424,166.40510041509646,175.21272216163135,208.1695,181.40813653060619,170.15050606774997,169.9301605663868,169.37878034455267
2026-02-01 03:00:00,165.00424,165.7705088901995,175.49859781951488,208.1695,181.40813653060619,170.4363817256335,169.86237126474,169.381718767199
2026-02-01 04:00:00,165.00424,165.4020359913379,175.16073123224322,208.1695,181.40813653060619,170.09851513836185,169.55834424582136,169.0884974686675
2026-02-01 05:00:00,165.00424,164.5201989181417,173.14990413280455,208.1695,181.40813653060619,168.08768803892318,168.4156630390202,167.95277749289102
2026-02-01 06:00:00,122.36124,163.4133034518355,174.46705647849302,208.1695,181.40813653060619,169.40484038461165,167.9872493339322,167.55248467933112
2026-02-01 07:00:00,124.98524,163.5884956809988,174.94656938656223,208.1695,181.40813653060619,169.88435329268086,167.88592964615228,167.43286060037772
2026-02-01 08:00:00,165.00424,165.85102408183909,177.21785735877188,208.1695,181.40813653060619,172.1556412648905,169.66945257672234,169.2468341538622
2026-02-01 09:00:00,165.00424,170.23063491527654,181.24228471696577,208.1695,181.40813653060619,176.1800686230844,173.18066455327792,172.76858889113402
2026-02-01 10:00:00,165.00424,171.11739529856968,182.3115738524924,208.1695,181.40813653060619,177.249357758611,173.7456725182787,173.33745236955397
2026-02-01 11:00:00,165.00424,173.97627511879915,184.92946267027463,208.1695,181.40813653060619,179.86724657639326,176.04151615051634,175.64530177327924
2026-02-01 12:00:00,165.00424,183.90309585207643,185.99218396732712,208.1695,181.40813653060619,180.92996787344575,182.35161678258325,181.9128487610886
2026-02-01 13:00:00,165.00424,183.8402607350365,186.53821091725771,208.1695,181.40813653060619,181.47599482337634,182.85347066272203,182.55329859748738
2026-02-01 14:00:00,165.00424,184.57764896132025,187.2101524847831,208.1695,181.40813653060619,182.14793639090172,183.8113496910296,183.66580052208042
2026-02-01 15:00:00,165.00424,187.4131771590672,190.2898771718708,208.1695,181.40813653060619,185.22766107798944,186.26280609805372,186.15172165483057
2026-02-01 16:00:00,165.00424,192.63379377445227,195.31963087598805,218.6695,191.90813653060619,190.25741478210668,191.3596311248875,191.0363735573098
2026-02-01 17:00:00,165.00424,196.1984933623751,201.3500078830812,218.6695,191.90813653060619,196.28779178919982,195.2552201150497,194.98162124708762
2026-02-01 18:00:00,215.50424,209.6362768284033,209.774142764393,218.7925,192.03113653060618,204.71192667051162,205.535584945747,205.25868265558597
2026-02-01 19:00:00,215.50424,214.25462565735307,215.0896327463717,218.7925,192.03113653060618,210.02741665249033,209.292112391614,209.02371726797261
2026-02-01 20:00:00,215.50424,212.662243792828,211.81815736793783,218.6695,191.90813653060619,206.75594127405645,207.26072345659102,206.94955665948115
2026-02-01 21:00:00,215.50424,209.9412010889963,208.158715211395,218.6695,191.90813653060619,203.09649911751362,204.69044770616486,204.3318445619439
2026-02-01 22:00:00,190.50424,203.3477009450579,200.1062711721224,218.6695,191.90813653060619,195.04405507824103,198.62776774922753,198.12644553968124
2026-02-01 23:00:00,165.00424,191.5696109632116,189.2352713695877,208.1695,181.40813653060619,184.17305527570633,188.13855493695203,187.62845470621812
2026-02-02 00:00:00,105.56538,177.95917598653472,176.09296831928688,165.00424,138.2428765306062,171.0307522254055,171.76534095562374,171.6299011407777
2026-02-02 01:00:00,105.56538,105.42302880520168,119.10480756744336,165.00424,155.88522379166224,114.78129630294414,115.10361209814374,115.84940575405653
2026-02-02 02:00:00,105.56538,104.28852058561256,117.29207134993112,165.00424,155.88522379166224,112.9685600854319,113.894973604503,114.66882137165044
2026-02-02 03:00:00,105.56538,104.5349225497672,116.61820033052057,165.00424,155.88522379166224,112.29468906602135,113.90325188237607,114.58780971881777
2026-02-02 04:00:00,105.56538,114.45833811657144,126.09741783799151,165.00424,155.88522379166224,121.7739065734923,122.18244272479774,122.90571628955212
2026-02-02 05:00:00,109.70438,133.08928698091336,142.80929575189757,165.00424,155.88522379166224,138.48578448739835,137.6461505522742,138.20243398430623
2026-02-02 06:00:00,111.06838,136.61851282214374,138.19228842929448,122.36124,113.24222379166223,133.86877716479526,133.76578628912043,133.95709225661176
2026-02-02 07:00:00,111.06838,141.99936987262794,143.6513176651125,124.98524,115.86622379166224,139.32780640061327,138.54622015994278,138.7096233980925
2026-02-02 08:00:00,109.70438,152.9698502342316,157.90677377338687,165.00424,155.88522379166224,153.58326250888766,153.51702785451045,153.4637612638498
2026-02-02 09:00:00,109.70438,162.21702262595537,166.08286661991713,165.00424,155.88522379166224,161.7593553554179,160.98628089170052,160.98004576470055
2026-02-02 10:00:00,111.06838,164.66386255844395,168.6795521170079,165.00424,155.88522379166224,164.35604085250867,163.09423529776157,162.93545306011376
2026-02-02 11:00:00,111.06838,163.62190566957813,168.1374327018566,165.00424,155.88522379166224,163.81392143735738,162.39368702471623,162.0401722404365
2026-02-02 12:00:00,109.70438,163.3304168805135,169.845679352737,165.00424,155.88522379166224,165.52216808823778,162.6598481782736,162.12951361353512
2026-02-02 13:00:00,111.06838,166.2214477802117,173.79867829668916,165.00424,155.88522379166224,169.47516703218994,165.47324575434737,164.8585878055696
2026-02-02 14:00:00,111.06838,170.66028481552294,179.73360495617868,165.00424,155.88522379166224,175.41009369167946,170.06424449144257,169.02232629498272
2026-02-02 15:00:00,194.33438,174.13725679196756,182.86300341791983,165.00424,155.88522379166224,178.5394921534206,173.0685155414424,171.76119401880973
2026-02-02 16:00:00,194.33438,177.94960555728224,188.9617527839985,165.00424,155.88522379166224,184.63824151949927,176.56286843540138,175.69407459613262
2026-02-02 17:00:00,194.33438,179.2309879325566,191.02599375095508,165.00424,155.88522379166224,186.70248248645586,177.77437691774173,177.02319338504165
2026-02-02 18:00:00,204.21138,211.7299420898662,211.67050730958331,215.50424,206.38522379166224,207.3469960450841,208.93468050376362,207.79530174849728
2026-02-02 19:00:00,204.21138,217.9790918994105,218.37584274005263,215.50424,206.38522379166224,214.05233147555342,214.42301914379976,213.00681786602908
2026-02-02 20:00:00,204.21138,214.07876161745543,211.27948576796985,215.50424,206.38522379166224,206.95597450347063,210.46509334202074,208.7659375669102
2026-02-02 21:00:00,194.33438,204.81133167106407,199.40877271713416,215.50424,206.38522379166224,195.08526145263494,201.97825988644652,200.39566849843
2026-02-02 22:00:00,194.33438,179.78518036758658,172.92076173179424,190.50424,181.38522379166224,168.59725046729503,176.8696511519149,175.87224785068915
2026-02-02 23:00:00,111.06838,153.6501614570111,147.87729266980566,165.00424,155.88522379166224,143.55378140530644,151.5325419557692,151.3138324006484
2026-02-03 00:00:00,119.29749,129.19542131839762,118.07538170869688,105.56538,96.44636379166224,113.75187044419766,121.80449731768256,122.18432937593462
2026-02-03 01:00:00,119.29749,118.72150932021384,114.2524035754022,105.56538,106.47096557548136,112.88512291575886,115.84639006347292,116.35997158220063
2026-02-03 02:00:00,119.29749,116.53633786911028,111.75314119701628,105.56538,106.47096557548136,110.38586053737293,113.8644952391638,114.41179995891353
2026-02-03 03:00:00,119.29749,116.28986571969446,111.89956249453088,105.56538,106.47096557548136,110.53228183488754,113.6685047208575,114.32978326863594
2026-02-03 04:00:00,119.29749,119.47087603820526,114.30751751768722,105.56538,106.47096557548136,112.94023685804387,116.31707276120238,116.81532588448822
2026-02-03 05:00:00,119.29749,124.07952338732188,119.36931988183784,109.70438,110.60996557548135,118.0020392221945,121.04860793504861,121.3210846764882
2026-02-03 06:00:00,119.29749,115.29012894119992,118.70361441193174,111.06838,111.97396557548136,117.3363337522884,115.99317951448278,115.82081382798896
2026-02-03 07:00:00,119.29749,115.1338424756244,119.12494914963035,111.06838,111.97396557548136,117.75766848998701,116.18432153514429,115.6899424266688
2026-02-03 08:00:00,119.29849,113.02145632719026,117.70349201191806,109.70438,110.60996557548135,116.33621135227472,114.56155133214921,113.7583165889223
2026-02-03 09:00:00,119.29749,116.80244498328972,120.60729683765302,109.70438,110.60996557548135,119.24001617800968,117.57598604686765,116.84396059099016
2026-02-03 10:00:00,119.29749,123.18667914052304,126.05151948867096,111.06838,111.97396557548136,124.68423882902762,122.85652738260372,122.25876969159995
2026-02-03 11:00:00,119.29749,127.1312991652584,129.17509046781024,111.06838,111.97396557548136,127.8078098081669,125.89970897502894,125.48158637838144
2026-02-03 12:00:00,119.29749,122.97634742914052,127.76651255123868,109.70438,110.60996557548135,126.39923189159533,123.05414250104639,122.18730750171419
2026-02-03 13:00:00,119.29749,129.7784925044766,137.10212772495288,111.06838,111.97396557548136,135.73484706530954,129.6132286123276,128.8615116620727
2026-02-03 14:00:00,123.43349,133.5503071530467,141.57906808799595,111.06838,111.97396557548136,140.2117874283526,133.08543425607002,132.22837787447685
2026-02-03 15:00:00,123.43449,160.53695154262013,166.73371057810908,194.33438,195.23996557548136,165.36642991846574,165.6358853029782,164.6596616838976
2026-02-03 16:00:00,126.43949,169.09322581293725,175.6345760659889,194.33438,195.23996557548136,174.26729540634557,172.99145801326432,171.87502425753127
2026-02-03 17:00:00,187.94349,174.62335162375413,180.5007776655113,194.33438,195.23996557548136,179.13349700586795,177.61945671687224,176.24994089209656
2026-02-03 18:00:00,187.94349,205.84686585667052,208.03068701589575,204.21138,205.11696557548134,206.6634063562524,204.43434077754412,203.3034701619116
2026-02-03 19:00:00,187.94349,208.48292516722137,214.4074548105245,204.21138,205.11696557548134,213.04017415088117,207.34607456478489,206.73916648878398
2026-02-03 20:00:00,187.94349,190.2790092095925,191.8347372818032,204.21138,205.11696557548134,190.46745662215986,190.8692320251833,190.57847297669466
2026-02-03 21:00:00,187.94349,169.57924535669247,166.4790715497072,194.33438,195.23996557548136,165.11179089006384,170.74112572049125,170.74829652899302
2026-02-03 22:00:00,124.80049,157.60303291290506,148.65686469960923,194.33438,195.23996557548136,147.2895840399659,159.2064950049207,159.07206675791824
2026-02-03 23:00:00,123.43349,119.7995706493462,120.13974142397008,111.06838,111.97396557548136,118.77246076432674,119.21003113042357,119.23254619381655
2026-02-04 00:00:00,120.65612,116.08199522551796,114.8967831535972,119.29749,120.20307557548135,113.52950249395386,115.86250642948795,115.1057912268414
2026-02-04 01:00:00,120.65512,115.93624481346544,116.2185338037466,119.29749,113.14232038416232,114.23938827367883,115.08633077714892,114.48556291293647
2026-02-04 02:00:00,120.65512,114.54818389289224,114.44298366621682,119.29749,113.14232038416232,112.46383813614905,113.67789636845262,113.03669979262243
2026-02-04 03:00:00,120.65512,114.84340195762316,114.87973511630985,119.29749,113.14232038416232,112.90058958624208,113.9081118977645,113.23922218235418
2026-02-04 04:00:00,120.75212,116.9859559086702,116.78758595237224,119.29749,113.14232038416232,114.80844042230447,115.80191786067736,115.18619031651207
2026-02-04 05:00:00,143.24912,120.4382248463512,119.7968426582038,119.29749,113.14232038416232,117.81769712813603,118.80413851245456,118.26571458047268
2026-02-04 06:00:00,143.24912,116.03267250711392,121.67304681801494,119.29749,113.14232038416232,119.69390128794717,116.53856544973041,116.05955503909428
2026-02-04 07:00:00,143.24912,113.26235656711376,119.3220564439747,119.29749,113.14232038416232,117.34291091390693,114.24628135134616,113.78060072946997
2026-02-04 08:00:00,120.65612,113.41989495216578,119.32354647081392,119.29849,113.14332038416232,117.34440094074616,114.45659728649487,114.00443909849017
2026-02-04 09:00:00,115.24912,114.3963154367632,120.01263253244788,119.29749,113.14232038416232,118.03348700238011,115.42498826536213,115.0093847842841
2026-02-04 10:00:00,120.65512,115.17534475076933,120.46953424991442,119.29749,113.14232038416232,118.49038871984665,116.28130469978608,115.91071493461425
2026-02-04 11:00:00,120.65512,114.8485300637249,120.2931121501288,119.29749,113.14232038416232,118.31396662006104,115.96804980220469,115.60205349549017
2026-02-04 12:00:00,120.65512,113.42187743295602,118.93523889885287,119.29749,113.14232038416232,116.9560933687851,114.50956978313503,114.13881229914328
2026-02-04 13:00:00,143.24912,117.31924531047628,124.40492269345884,119.29749,113.14232038416232,122.42577716339107,118.5178265004062,118.26020332388532
2026-02-04 14:00:00,143.24912,120.02180023476532,126.2864743690618,123.43349,117.27832038416233,124.30732883899404,121.29269961530339,121.13835854113833
2026-02-04 15:00:00,162.99512,123.80128903335893,129.86599517263352,123.43449,117.27932038416232,127.88684964256575,124.40693089019533,124.30026977627769
2026-02-04 16:00:00,162.99512,127.10702896220096,134.71677837281612,126.43949,120.28432038416233,132.73763284274835,128.30269050392545,128.27705595185415
2026-02-04 17:00:00,173.99512,145.74517802892433,145.67846327197384,187.94349,181.78832038416232,143.69931774190607,148.7002016304642,148.31306715244972
2026-02-04 18:00:00,173.99512,170.63533891255526,161.0057161974432,187.94349,181.78832038416232,159.02657066737544,167.33446387822622,166.98128154827182
2026-02-04 19:00:00,203.89512,184.5981143618755,185.6416515757473,187.94349,181.78832038416232,183.66250604567952,183.48207524693868,183.4808344478473
2026-02-04 20:00:00,173.99512,180.26724793984664,183.52908591135167,187.94349,181.78832038416232,181.5499403812839,180.93113191813632,180.8678753570948
2026-02-04 21:00:00,173.99512,164.71140842141352,159.13443436382707,187.94349,181.78832038416232,157.1552888337593,164.93916462628255,164.64157767578556
2026-02-04 22:00:00,162.99512,129.5692317356902,126.945101262546,124.80049,118.64532038416232,124.96595573247824,127.32238322128893,127.02521126338821
2026-02-04 23:00:00,162.99512,122.76735392100213,118.73553689755958,123.43349,117.27832038416233,116.75639136749182,120.85442764081756,120.41383790278152
2026-02-05 00:00:00,116.19335,115.20707922817748,114.45980309210678,120.65612,114.50095038416232,112.48065756203901,114.27157149335366,113.66392906869825
2026-02-05 01:00:00,116.19335,115.55249214873488,116.32371085835364,120.65512,111.68642187518098,111.66043715465743,113.67315360211973,112.97411245607385
2026-02-05 02:00:00,116.19335,113.94632710959048,115.71701667966008,120.65512,111.68642187518098,111.05374297596387,112.62717834655285,111.92177331412056
2026-02-05 03:00:00,116.19335,113.32604310657756,115.35964725720576,120.65512,111.68642187518098,110.69637355350956,112.19516006164571,111.49120081449162
2026-02-05 04:00:00,116.19335,113.79841325405332,116.48981767796748,120.75212,111.78342187518099,111.82654397427127,112.95206595957221,112.29510712820972
2026-02-05 05:00:00,121.69635,118.02506287299424,125.18567339760784,143.24912,134.280421875181,120.52239969391164,120.33411670332413,119.65977387540993
2026-02-05 06:00:00,123.83935,119.81573028874352,127.07549701661476,143.24912,134.280421875181,122.41222331291856,121.87567325579741,121.22059497437613
2026-02-05 07:00:00,123.83935,118.95325373824448,126.38384553069992,143.24912,134.280421875181,121.72057182700371,121.2450178187878,120.63026968470615
2026-02-05 08:00:00,121.59935,117.73178410748584,122.79047979167136,120.65612,111.68742187518099,118.12720608797515,117.51087858418649,117.11752891778495
2026-02-05 09:00:00,116.19335,116.41938050421444,121.02373195931828,115.24912,106.28042187518099,116.36045825562208,115.44484606395332,114.99960226969381
2026-02-05 10:00:00,116.19335,119.40794900948389,124.18295530724052,120.65512,111.68642187518098,119.51968160354431,119.10447635863238,118.77984215580028
2026-02-05 11:00:00,121.59935,121.80250415200382,126.4874626297228,120.65512,111.68642187518098,121.8241889260266,121.00616357178843,120.68783860334284
2026-02-05 12:00:00,121.59935,120.40311453212954,130.57952188783858,120.65512,111.68642187518098,125.91624818414238,121.43617603916353,121.26760505325097
2026-02-05 13:00:00,121.60035,129.9300908979123,139.61965402626686,143.24912,134.280421875181,134.95638032257065,132.0519949546026,131.79602952624737
2026-02-05 14:00:00,142.95035,132.9750146282503,143.7557707999056,143.24912,134.280421875181,139.0924970962094,135.1135607062844,134.9361295757927
2026-02-05 15:00:00,142.95035,143.2367497512713,153.92267686923833,162.99512,154.02642187518097,149.25940316554212,146.6522760793775,146.61366677616985
2026-02-05 16:00:00,143.83935,147.66073524556478,161.30353141262034,162.99512,154.02642187518097,156.64025770892414,151.6488803115336,151.74025006674214
2026-02-05 17:00:00,143.83935,150.1521559268524,160.99129182901623,173.99512,165.02642187518097,156.32801812532003,154.0832553980182,154.09304814842267
2026-02-05 18:00:00,143.83935,173.52754775791277,176.69168185021027,173.99512,165.02642187518097,172.02840814651407,172.1250287447375,172.07398695033493
2026-02-05 19:00:00,204.83935,196.98647649987103,199.5676915866877,203.89512,194.92642187518098,194.90441788299148,196.73724479317104,197.00458502866013
2026-02-05 20:00:00,143.83935,181.68257852649708,188.7048487941202,173.99512,165.02642187518097,184.041575090424,180.1129917053196,180.1353414384835
2026-02-05 21:00:00,143.83935,169.52821020268215,168.78647633014856,173.99512,165.02642187518097,164.12320262645235,167.11932804345886,166.91969872736152
2026-02-05 22:00:00,142.95035,152.57830605612003,146.80934541781264,162.99512,154.02642187518097,142.14607171411643,149.47526763891275,149.0661098534486
2026-02-05 23:00:00,142.95035,143.6190930592789,136.69555434012508,162.99512,154.02642187518097,132.03228063642888,141.38404633803043,140.73636427296927
2026-02-06 00:00:00,121.47377,118.57534162787424,117.10504064299931,116.19335,107.22465187518098,112.44176693930311,113.72557392537284,112.49702834751072
2026-02-06 01:00:00,121.47377,121.63869979137772,121.02600976002628,116.19335,110.68484883161574,120.00666087469027,119.8680843382852,119.20346805242721
2026-02-06 02:00:00,121.47377,120.86145793266832,120.02898617528297,116.19335,110.68484883161574,119.00963728994695,119.07120931937959,118.38622344663649
2026-02-06 03:00:00,121.37777,120.54861086401826,119.83070577519987,116.19335,110.68484883161574,118.81135688986386,118.82682032851932,118.1407442781689
2026-02-06 04:00:00,121.47377,119.77068807819413,119.14477426672994,116.19335,110.68484883161574,118.12542538139392,118.17115725603045,117.48335042576025
2026-02-06 05:00:00,129.61677,120.58412615483044,121.1684894735271,121.69635,116.18784883161574,120.14914058819109,121.49926976031097,121.43712069076074
2026-02-06 06:00:00,129.61677,116.81679231189142,122.72061604681625,123.83935,118.33084883161574,121.70126716148023,119.71851239669247,119.6755755845083
2026-02-06 07:00:00,129.61677,117.04588814192203,122.99163513472672,123.83935,118.33084883161574,121.9722862493907,119.88206464709062,119.85208073584903
2026-02-06 08:00:00,129.61677,117.35480158337798,122.98196378547452,121.59935,116.09084883161574,121.9626149001385,118.62364665708913,118.21843702099497
2026-02-06 09:00:00,129.61677,116.96435802844825,122.02365519516744,116.19335,110.68484883161574,121.00430630983142,116.79589413338893,116.17467956977403
2026-02-06 10:00:00,129.61677,117.7869458472062,123.12679460496965,116.19335,110.68484883161574,122.10744571963363,119.02358987705138,118.96918987162883
2026-02-06 11:00:00,129.61677,118.652392314079,124.5289178430628,121.59935,116.09084883161574,123.50956895772678,120.52976440300701,120.48715214974577
2026-02-06 12:00:00,129.61677,119.6559126982815,124.57508017083302,121.59935,116.09084883161574,123.555731285497,119.37609802452283,118.70446685407926
2026-02-06 13:00:00,129.61677,120.03841960909593,124.91334376480378,121.60035,116.09184883161575,123.89399487946777,121.28908044907836,121.2328562252846
2026-02-06 14:00:00,129.61677,126.52777770373606,129.86157672499004,142.95035,137.44184883161574,128.84222783965402,128.43730543183625,128.1386113332407
2026-02-06 15:00:00,129.61677,127.8374680422004,131.46196914370245,142.95035,137.44184883161574,130.44262025836645,129.650578369252,129.376352874251
2026-02-06 16:00:00,129.61677,129.91595928528093,132.78974607152708,143.83935,138.33084883161575,131.77039718619108,131.09577473730056,130.7891709205694
2026-02-06 17:00:00,129.61677,132.35465798013834,135.62863265296525,143.83935,138.33084883161575,134.60928376762922,133.19890077363007,132.88925550588598
2026-02-06 18:00:00,144.72777,141.7974525858944,140.42636217148475,143.83935,138.33084883161575,139.40701328614875,140.14485040989996,139.84475371982933
2026-02-06 19:00:00,144.72777,165.6413687652048,152.06475266912153,204.83935,199.33084883161575,151.0454037837855,164.72236153823366,164.32042642699656
2026-02-06 20:00:00,144.72777,140.03812726662153,136.23330515372828,143.83935,138.33084883161575,135.21395626839228,137.36357605039962,136.9392742290692
2026-02-06 21:00:00,144.72777,137.46369203184628,133.70298542250595,143.83935,138.33084883161575,132.68363653716995,135.45302912647585,135.02125438884886
2026-02-06 22:00:00,129.61677,134.40618162539533,130.7324156690523,142.95035,137.44184883161574,129.71306678371627,133.042877166245,132.60845984793474
2026-02-06 23:00:00,129.61677,131.21517699563293,128.33870992110445,142.95035,137.44184883161574,127.31936103576844,130.73732697968697,130.24213687581803
2026-02-07 00:00:00,114.18896,123.12383632143572,122.20373761004006,121.47377,115.96526883161575,121.18438872470405,121.42569740858244,120.90339410307259
2026-02-07 01:00:00,114.18896,114.14162046554604,115.749495164969,121.47377,107.77686259477183,114.04270140705398,113.11550839485196,112.89566934984379
2026-02-07 02:00:00,114.18896,113.76020122239323,115.27139641850532,121.47377,107.77686259477183,113.5646026605903,112.79826192077783,112.56918390193455
2026-02-07 03:00:00,114.18896,113.58300794005396,115.20037506018151,121.37777,107.68086259477182,113.49358130226649,112.66362814201058,112.44023493855258
2026-02-07 04:00:00,114.18896,112.70318518529292,114.63300546202667,121.47377,107.77686259477183,112.92621170411165,112.0029785350218,111.79028454850021
2026-02-07 05:00:00,114.18896,112.962373103451,116.5327206779775,129.61677,115.91986259477183,114.82592692006247,113.51833922830967,113.29497463288291
2026-02-07 06:00:00,114.18896,112.93451044761176,117.08325227558052,129.61677,115.91986259477183,115.3764585176655,113.53218431759805,113.31988734379087
2026-02-07 07:00:00,114.18896,112.4435136129665,117.00825559716831,129.61677,115.91986259477183,115.30146183925329,113.18538011823479,113.00377893582073
2026-02-07 08:00:00,114.18896,112.48867843629012,117.33742716939317,129.61677,115.91986259477183,115.63063341147814,113.30970148691529,113.18687729860365
2026-02-07 09:00:00,114.18896,112.21323433067244,117.2174046213264,129.61677,115.91986259477183,115.51061086341137,113.0950682303628,112.98441710737796
2026-02-07 10:00:00,114.18896,113.01859852549153,117.96862200669932,129.61677,115.91986259477183,116.2618282487843,113.73979361957502,113.63706711162479
2026-02-07 11:00:00,114.18896,112.43890871604808,117.763023708762,129.61677,115.91986259477183,116.05622995084698,113.32362762298682,113.25333171325595
2026-02-07 12:00:00,114.18896,112.77593097110666,117.37518458576272,129.61677,115.91986259477183,115.6683908278477,113.52641526004341,113.43996150531162
2026-02-07 13:00:00,114.18896,112.93173545727748,117.63599109799584,129.61677,115.91986259477183,115.92919734008082,113.71652109907744,113.66715275953644
2026-02-07 14:00:00,114.18896,113.05455829782127,117.90781503628986,129.61677,115.91986259477183,116.20102127837484,113.86416421477412,113.8359019920291
2026-02-07 15:00:00,114.18896,112.87730791141264,117.92699784201116,129.61677,115.91986259477183,116.22020408409614,113.73543280149957,113.70014734228268
2026-02-07 16:00:00,114.18896,113.24567351292492,117.9972361077709,129.61677,115.91986259477183,116.29044234985588,114.30617073403452,114.4458789983689
2026-02-07 17:00:00,117.18896,114.42548170875877,119.17548891511422,129.61677,115.91986259477183,117.46869515719919,115.30900133764469,115.46796539405916
2026-02-07 18:00:00,117.18896,129.17196894546606,123.5858148236946,144.72777,131.0308625947718,121.87902106577958,128.4494804585509,128.23750580844904
2026-02-07 19:00:00,117.18896,129.77527845056983,124.15059093222322,144.72777,131.0308625947718,122.4437971743082,128.99902001925713,128.80891931902443
2026-02-07 20:00:00,117.18896,129.8672605350638,124.31788231370396,144.72777,131.0308625947718,122.61108855578894,129.10783063278984,128.9130929543862
2026-02-07 21:00:00,117.18896,129.07752862054355,123.42049150602872,144.72777,131.0308625947718,121.7136977481137,128.45289993199913,128.2236835297325
2026-02-07 22:00:00,114.68896,121.65176831085324,119.16038162951229,129.61677,115.91986259477183,117.45358787159726,120.68169824973057,120.67306431165545
2026-02-07 23:00:00,114.18896,119.51828251130792,117.50581459571376,129.61677,115.91986259477183,115.79902083779874,118.63735050745316,118.38816254487827
2026-02-08 00:00:00,109.22942,113.3642850556004,113.4632749160739,114.18896,100.49205259477182,111.75648115815888,111.3544354110251,110.98610020405279
2026-02-08 01:00:00,109.22942,109.19082251507088,110.21017339011294,114.18896,107.58067137806232,107.8421051291732,108.61146756614798,108.31664204197776
2026-02-08 02:00:00,109.22942,109.0699028063444,110.10307691992114,114.18896,107.58067137806232,107.7350086589814,108.50965559464517,108.20629177459055
2026-02-08 03:00:00,109.22942,108.5601745425294,109.80390218080515,114.18896,107.58067137806232,107.43583391986542,108.10691040147842,107.79972985523534
2026-02-08 04:00:00,109.22942,107.99265152674649,109.30553109301786,114.18896,107.58067137806232,106.93746283207813,107.66443358100753,107.36742152111519
2026-02-08 05:00:00,109.22942,107.74002517360776,109.13039975692328,114.18896,107.58067137806232,106.76233149598355,107.4656446119688,107.17451838932587
2026-02-08 06:00:00,109.22942,106.38844408772336,109.40272066547844,114.18896,107.58067137806232,107.0346524045387,106.29599331278898,105.91499167282723
2026-02-08 07:00:00,103.82342,106.62881211986036,109.76284319476588,114.18896,107.58067137806232,107.39477493382614,106.57498447510852,106.25445448731709
2026-02-08 08:00:00,103.82342,106.01385349200515,109.47408381335497,114.18896,107.58067137806232,107.10601555241523,106.33554880892778,106.17897960728294
2026-02-08 09:00:00,103.82342,106.17935504716996,109.47229159450085,114.18896,107.58067137806232,107.10422333356111,106.42940166539405,106.26372707072572
2026-02-08 10:00:00,103.82342,106.19685188116576,109.44379714844132,114.18896,107.58067137806232,107.07572888750158,106.40679301461662,106.23068864332791
2026-02-08 11:00:00,103.82342,105.86824184061022,109.20856710344408,114.18896,107.58067137806232,106.84049884250435,106.1391141783349,105.96932053763376
2026-02-08 12:00:00,103.82342,104.10012658732148,109.4947775194557,114.18896,107.58067137806232,107.12670925851596,104.85490655537953,104.71818130920019
2026-02-08 13:00:00,103.82342,104.07261810418292,109.41653805177134,114.18896,107.58067137806232,107.0484697908316,104.86143789651598,104.74943152977039
2026-02-08 14:00:00,103.82342,104.13529722471004,109.67529217537756,114.18896,107.58067137806232,107.30722391443783,104.931959117755,104.82345745652783
2026-02-08 15:00:00,109.22942,104.09157707809467,109.688830686184,114.18896,107.58067137806232,107.32076242524427,104.90988819202266,104.80382563530107
2026-02-08 16:00:00,110.66942,104.65061405245116,110.18316005556083,114.18896,107.58067137806232,107.8150917946211,105.38928805188024,105.29818195674166
2026-02-08 17:00:00,110.66942,106.98801332472918,112.42474324829078,117.18896,110.58067137806232,110.05667498735104,107.84132474374375,107.8054576832874
2026-02-08 18:00:00,113.58042,113.56083676001636,112.65162414094058,117.18896,110.58067137806232,110.28355588000085,113.26289773755991,113.4820435045205
2026-02-08 19:00:00,122.58042,113.84866468950212,113.01879888145316,117.18896,110.58067137806232,110.65073062051343,113.53456046107411,113.76074636331808
2026-02-08 20:00:00,122.58042,113.72289853858054,113.0588660528295,117.18896,110.58067137806232,110.69079779188976,113.44646941190844,113.65658695414784
2026-02-08 21:00:00,122.36942,113.59874996152016,112.8045145363355,117.18896,110.58067137806232,110.43644627539577,113.360188204741,113.56645800797595
2026-02-08 22:00:00,110.66942,111.02818658455992,111.79890746785192,114.68896,108.08067137806232,109.43083920691218,110.50635581751348,110.40744868534365
2026-02-08 23:00:00,110.66942,109.75377087800815,110.7556609265342,114.18896,107.58067137806232,108.38759266559447,109.28382315607749,109.08859353120198
2026-02-09 00:00:00,111.65248,109.09608425698514,109.0211107326985,109.22942,102.62113137806233,106.65304247175877,107.52815223108027,107.0736073764613
2026-02-09 01:00:00,111.65248,111.9968306695508,111.38481268166343,109.22942,112.51216948332272,108.66870293342983,111.3657442295144,110.68468607938564
2026-02-09 02:00:00,111.65248,111.8240590376936,111.13778293059669,109.22942,112.51216948332272,108.42167318236308,111.2332487464119,110.54629652268302
2026-02-09 03:00:00,113.53648,111.56485384170875,110.99599805350437,109.22942,112.51216948332272,108.27988830527076,111.03375239380001,110.3400164292299
2026-02-09 04:00:00,113.69548,111.5137024943062,111.19168407926134,109.22942,112.51216948332272,108.47557433102773,110.88750589867304,110.02257135197722
2026-02-09 05:00:00,113.69548,110.3722934764868,109.98534258098186,109.22942,112.51216948332272,107.26923283274826,110.19820109088974,109.65467965896114
2026-02-09 06:00:00,113.69548,107.11102508995776,110.56692990546584,109.22942,112.51216948332272,107.85082015723223,108.24175754085309,107.8298377289076
2026-02-09 07:00:00,113.69548,105.66206301081468,109.1073887000494,103.82342,107.10616948332272,106.39127895181579,106.15037770509629,105.80067051225164
2026-02-09 08:00:00,113.69548,107.62286922766734,110.59538688365,103.82342,107.10616948332272,107.87927713541639,107.53158846564945,107.13063402705184
2026-02-09 09:00:00,111.65248,107.67241082703552,110.62303809639243,103.82342,107.10616948332272,107.90692834815883,107.54049027625332,107.1462028234054
2026-02-09 10:00:00,113.53648,108.2696068340333,111.02691422230114,103.82342,107.10616948332272,108.31080447406754,107.93743510397401,107.54022535867222
2026-02-09 11:00:00,113.69548,110.0836612308229,112.37048876150796,103.82342,107.10616948332272,109.65437901327435,109.20607657128969,108.75767011072075
2026-02-09 12:00:00,111.65248,107.1297275541357,113.46632358326856,103.82342,107.10616948332272,110.75021383503496,107.51876689125812,107.18292553947141
2026-02-09 13:00:00,113.69548,107.47247427567493,113.93985803655625,103.82342,107.10616948332272,111.22374828832264,107.82930033530727,107.58027448066979
2026-02-09 14:00:00,113.69548,108.5075763063037,115.24496464576777,103.82342,107.10616948332272,112.52885489753416,108.68467645592574,108.49190099856672
2026-02-09 15:00:00,113.69548,110.76991006195246,117.1131309553398,109.22942,112.51216948332272,114.39702120710619,111.89565193468526,112.46503864418368
2026-02-09 16:00:00,116.90648,112.60895687872872,118.92089843765108,110.66942,113.95216948332272,116.20478868941747,113.69272372847607,114.34241563868835
2026-02-09 17:00:00,116.90648,113.6409117299516,120.07272796124352,110.66942,113.95216948332272,117.35661821300991,114.5672125184255,115.2508604746502
2026-02-09 18:00:00,118.79548,122.47360366031788,126.4228376048044,113.58042,116.86316948332272,123.7067278565708,121.68896006553629,122.48230309737609
2026-02-09 19:00:00,118.79548,128.9333600055558,132.01227558429036,122.58042,125.86316948332272,129.29616583605676,128.3900912748695,129.29306252949843
2026-02-09 20:00:00,118.79548,127.41606390250644,128.71051182173176,122.58042,125.86316948332272,125.99440207349815,127.20925582295791,128.23937410991724
2026-02-09 21:00:00,118.79548,124.46564950123836,124.6512092702159,122.36942,125.65216948332272,121.9350995219823,124.66890065738258,125.51718813079111
2026-02-09 22:00:00,116.90648,116.3236685119027,118.10095333837386,110.66942,113.95216948332272,115.38484359014025,116.19333203483966,116.7661755556265
2026-02-09 23:00:00,116.90648,112.19941325394576,114.28377913136066,110.66942,113.95216948332272,111.56766938312705,112.4877640750725,112.22591627353238
2026-02-10 00:00:00,113.62716,113.78543621745364,112.68152429137362,111.65248,114.93522948332271,109.96541454314001,113.52926295007019,112.97074448776183
2026-02-10 01:00:00,113.62716,113.9071841331871,113.88698859064525,111.65248,114.24324567664691,110.49333193786507,113.54452116923397,112.46695817450181
2026-02-10 02:00:00,113.62716,113.4280830036522,113.42867205213406,111.65248,114.24324567664691,110.03501539935388,113.15860189552802,112.07752447981872
2026-02-10 03:00:00,113.62716,113.14277889181704,113.30096309905764,113.53648,116.12724567664691,109.90730644627746,113.29718969168893,112.22754171183372
2026-02-10 04:00:00,113.62716,113.43862623950471,113.6239737206594,113.69548,116.28624567664691,110.23031706787921,113.56691253343863,112.57789322545325
2026-02-10 05:00:00,113.62716,114.63578091445704,115.50110216518136,113.69548,116.28624567664691,112.10744551240118,114.54215451653617,113.74717053109018
2026-02-10 06:00:00,113.62716,112.0606988557472,115.8905109374623,113.69548,116.28624567664691,112.49685428468212,112.81973900659958,112.16688901643055
2026-02-10 07:00:00,113.62716,112.45013900019784,116.6721279035484,113.69548,116.28624567664691,113.27847125076822,113.2493178613213,112.8637806155415
2026-02-10 08:00:00,113.62716,113.3443227635364,117.7172550221972,113.69548,116.28624567664691,114.32359836941701,114.0294332610345,113.87030449397204
2026-02-10 09:00:00,113.62716,116.00284834081812,119.50285210587492,111.65248,114.24324567664691,116.10919545309474,115.63553975242299,115.38248303687263
2026-02-10 10:00:00,113.62716,115.40769067958335,119.3987136109279,113.53648,116.12724567664691,116.00505695814772,115.60327325524405,115.49137056187737
2026-02-10 11:00:00,113.62716,117.41577002689635,121.31123660421466,113.69548,116.28624567664691,117.91757995143448,117.26060290543607,117.54255979252171
2026-02-10 12:00:00,113.62716,114.86761039506892,121.6430721110583,111.65248,114.24324567664691,118.24941545827812,115.21893400397808,115.68519802443984
2026-02-10 13:00:00,113.62716,116.33546819087658,122.76082457837134,113.69548,116.28624567664691,119.36716792559116,116.78548907132546,117.39615533325595
2026-02-10 14:00:00,113.62716,117.33945984312685,124.53802073294514,113.69548,116.28624567664691,121.14436408016496,117.62554256516654,118.63754185602588
2026-02-10 15:00:00,113.62716,117.16666751077756,123.77423124455838,113.69548,116.28624567664691,120.3805745917782,117.48046289125541,118.57073196027723
2026-02-10 16:00:00,119.03316,118.20161851273733,125.0967924359618,116.90648,119.49724567664691,121.70313578318162,118.87939712810453,120.15457675518964
2026-02-10 17:00:00,119.13016,118.82902633516214,125.79195427466786,116.90648,119.49724567664691,122.39829762188768,119.40368947841326,121.61958871210015
2026-02-10 18:00:00,132.27316,126.64500281389846,129.69026228036006,118.79548,121.38624567664691,126.29660562757988,125.60506984392288,127.59996966397212
2026-02-10 19:00:00,132.27316,129.05343581539418,132.56313519014935,118.79548,121.38624567664691,129.16947853736917,127.63715355820261,129.75626841858062
2026-02-10 20:00:00,132.27316,128.07543046254798,131.23098931071797,118.79548,121.38624567664691,127.8373326579378,126.82432230286051,128.88390136974888
2026-02-10 21:00:00,122.27416,125.12587721567164,127.68878069853496,118.79548,121.38624567664691,124.29512404575478,124.34133104000256,126.22376562654277
2026-02-10 22:00:00,119.13016,119.74509726137056,121.58887027058756,116.90648,119.49724567664691,118.19521361780738,119.52689290345384,120.43851165239928
2026-02-10 23:00:00,113.62716,115.82294170784786,117.36129832303745,116.90648,119.49724567664691,113.96764167025727,116.19650497055112,116.74493004879155
2026-02-11 00:00:00,126.72728,113.11401732564812,113.04070864339693,113.62716,116.21792567664691,109.64705199061675,112.54644237161983,112.01170072288352
2026-02-11 01:00:00,126.72728,126.71612475979384,124.41019282915832,113.62716,120.18065493244846,121.72832461062593,124.11373947438344,123.46111110161254
2026-02-11 02:00:00,126.72728,126.19634675374296,124.0615594466544,113.62716,120.18065493244846,121.37969122812201,123.67823940577348,123.00540300328696
2026-02-11 03:00:00,126.72728,125.07706707044332,122.44157973189698,113.62716,120.18065493244846,119.75971151336459,122.50572816402438,121.81302243974811
2026-02-11 04:00:00,126.72728,125.3713500651602,122.96588947306545,113.62716,120.18065493244846,120.28402125453306,122.83483495304432,122.1448671005835
2026-02-11 05:00:00,132.13328,125.6924735993591,123.79494564086036,113.62716,120.18065493244846,121.11307742232798,123.8589221234647,123.38984385892046
2026-02-11 06:00:00,132.23028,119.23830194896163,123.73668397286724,113.62716,120.18065493244846,121.05481575433485,119.86206785394343,119.4466730416868
2026-02-11 07:00:00,132.13328,118.76548136243596,123.39584933659994,113.62716,120.18065493244846,120.71398111806755,119.44064446883291,119.03139074660041
2026-02-11 08:00:00,126.72728,118.44036068456477,123.1096467574274,113.62716,120.18065493244846,120.42777853889501,118.68409244007516,118.12285403411342
2026-02-11 09:00:00,126.72728,119.17598781499238,123.70141918017896,113.62716,120.18065493244846,121.01955096164657,119.30212821483957,118.7448562827754
2026-02-11 10:00:00,126.72728,119.92624013630524,124.3238562620426,113.62716,120.18065493244846,121.64198804351021,119.99240152858611,119.46070797790235
2026-02-11 11:00:00,126.72728,120.346950069125,124.79299852259652,113.62716,120.18065493244846,122.11113030406413,120.38165780693755,119.88303782404212
2026-02-11 12:00:00,126.72728,118.58679061462392,125.72649941277932,113.62716,120.18065493244846,123.04463119424693,119.6134701982251,119.17694741675983
2026-02-11 13:00:00,126.72728,119.6165078978698,126.82328985086474,113.62716,120.18065493244846,124.14142163233235,121.0245457129638,120.79962131845723
2026-02-11 14:00:00,132.23028,119.48963254058124,126.38146247448832,113.62716,120.18065493244846,123.69959425595593,120.84596791834127,120.63622404468059
2026-02-11 15:00:00,132.23028,119.92392446394727,127.12999687526084,113.62716,120.18065493244846,124.44812865672846,121.38468502609048,121.20258828194538
2026-02-11 16:00:00,134.37328,121.4055335490412,128.69656622955569,119.03316,125.58665493244845,126.0146980110233,123.43016204760274,123.24718757044093
2026-02-11 17:00:00,134.37328,122.39235777669263,129.40967614393844,119.13016,125.68365493244846,126.72780792540605,124.13936472226438,123.9502086005707
2026-02-11 18:00:00,147.48428,134.54229938579147,133.32618098328751,132.27316,138.82665493244843,130.6443127647551,134.6955739506514,134.63242752862539
2026-02-11 19:00:00,147.48428,136.91788223972594,136.30104013126078,132.27316,138.82665493244843,133.6191719127284,137.50581726282266,137.62377868827872
2026-02-11 20:00:00,147.48428,135.7788019218184,136.03810857593248,132.27316,138.82665493244843,133.3562403574001,136.36826213767887,136.3315973633178
2026-02-11 21:00:00,135.37328,130.17516955709408,132.51432203528844,122.27416,128.82765493244847,129.83245381675607,130.41473436008536,130.2411241889963
2026-02-11 22:00:00,134.37328,126.55795183705024,128.99379997327995,119.13016,125.68365493244846,126.31193175474756,126.72535058785425,126.4537720006915
2026-02-11 23:00:00,134.37328,121.9776148825914,124.82068084743489,113.62716,120.18065493244846,122.1388126289025,121.98802998810203,121.62666325820676
2026-02-12 00:00:00,127.02862,126.12168744705107,125.90143093682092,126.72728,133.28077493244845,123.21956271828853,127.00028363039193,126.49620483262052
2026-02-12 01:00:00,126.02862,127.04866728583582,127.42198619796838,126.72728,124.86100490897117,124.62711226062027,126.26707270883317,125.28237189494786
2026-02-12 02:00:00,126.02862,126.57215123198348,127.0063995250027,126.72728,124.86100490897117,124.21152558765459,125.88392272160097,124.82443122580521
2026-02-12 03:00:00,126.02862,126.67295077907204,126.86883311564944,126.72728,124.86100490897117,124.07395917830132,125.96146660499275,124.91931547802554
2026-02-12 04:00:00,127.02862,127.34609477028728,127.64925302993836,126.72728,124.86100490897117,124.85437909259025,126.50563846720323,125.58937769407899
2026-02-12 05:00:00,128.02862,128.2616647061111,129.39244425806817,132.13328,130.2670049089712,126.59757032072005,128.3070912327386,128.37100398249953
2026-02-12 06:00:00,128.02862,124.2866803578868,129.30765848324748,132.23028,130.36400490897117,126.51278454589936,125.59519719250129,126.1316359795199
2026-02-12 07:00:00,128.02862,124.60932424420464,129.90921359111917,132.13328,130.2670049089712,127.11433965377105,125.92364632532686,126.53406411782588
2026-02-12 08:00:00,126.02862,123.95089883270408,129.27453638486332,126.72728,124.86100490897117,126.47966244751521,124.46671694654881,124.4268435176831
2026-02-12 09:00:00,125.88562,124.80984932402556,130.28603985638088,126.72728,124.86100490897117,127.49116591903277,125.21948949508189,125.06219060121826
2026-02-12 10:00:00,125.88562,125.60703063381824,130.9312162494731,126.72728,124.86100490897117,128.13634231212498,125.83848311168906,125.65667748073217
2026-02-12 11:00:00,126.02862,125.52060414267233,131.09557447148168,126.72728,124.86100490897117,128.30070053413357,125.83867579601859,125.88529844588257
2026-02-12 12:00:00,126.02862,126.47496196980134,131.68825159192286,126.72728,124.86100490897117,128.89337765457475,126.62611248893458,126.72475654625744
2026-02-12 13:00:00,127.02862,127.98287002393155,133.66660615311844,126.72728,124.86100490897117,130.87173221577032,127.8874306848453,128.08095385169116
2026-02-12 14:00:00,128.02862,129.759694655332,135.3822441620671,132.23028,130.36400490897117,132.587370224719,130.2877025112583,131.8592255030533
2026-02-12 15:00:00,128.02862,130.01530994998157,135.7125384796085,132.23028,130.36400490897117,132.91766454226038,130.50144492175778,132.1179032967436
2026-02-12 16:00:00,129.02862,131.43646119809273,137.17022472528043,134.37328,132.50700490897117,134.37535078793232,132.04571169819238,133.53103505308633
2026-02-12 17:00:00,134.02962,132.42945150918405,138.33258076025936,134.37328,132.50700490897117,135.53770682291125,132.87580137085445,134.40805449227
2026-02-12 18:00:00,134.02962,143.50537624588955,142.68558558491296,147.48428,145.6180049089712,139.89071164756484,143.42457832983916,144.50010182491712
2026-02-12 19:00:00,139.02862,144.1853821213535,143.4443894235992,147.48428,145.6180049089712,140.6495154862511,144.00020817719758,145.89312016716394
2026-02-12 20:00:00,139.02862,142.6356454538291,141.54530513841485,147.48428,145.6180049089712,138.75043120106673,142.70104063602193,143.7684852939034
2026-02-12 21:00:00,134.02962,137.267226235251,137.98249510971382,135.37328,133.50700490897117,135.1876211723657,136.3197713047891,137.53426314858294
2026-02-12 22:00:00,134.02962,134.27939705187066,134.94625861648336,134.37328,132.50700490897117,132.15138467913525,133.63221414138224,134.76854247022038
2026-02-12 23:00:00,128.02862,131.77945887125992,132.2599520699111,134.37328,132.50700490897117,129.46507813256298,131.5095164378662,132.39718586008098
2026-02-13 00:00:00,118.63686,129.3503062209292,128.90484533317826,127.02862,125.16234490897118,126.10997139583014,128.1685245098335,127.172271006718
2026-02-13 01:00:00,118.63686,118.61602634201488,120.4041236955508,126.02862,122.35931220731304,118.02409772496408,118.918736267048,118.00800937492146
2026-02-13 02:00:00,118.63686,118.37618770507966,120.15480485774836,126.02862,122.35931220731304,117.77477888716165,118.72524471919287,117.79758313717853
2026-02-13 03:00:00,118.63686,118.6955838751944,120.12547617854013,126.02862,122.35931220731304,117.74545020795341,118.97726112984523,118.0827641162468
2026-02-13 04:00:00,118.63686,119.67829511099976,121.18105308267393,127.02862,123.35931220731304,118.80102711208721,119.96474568195171,119.07050026414981
2026-02-13 05:00:00,118.63686,121.32039448003192,122.32004184336824,128.02862,124.35931220731302,119.94001587278153,121.47478666287871,121.48413621354635
2026-02-13 06:00:00,118.63686,118.9033944583964,123.953366550625,128.02862,124.35931220731302,121.57334058003829,120.01826639029,120.23645828095326
2026-02-13 07:00:00,118.63686,120.0753513967952,125.52344896092156,128.02862,124.35931220731302,123.14342299033484,121.09539593373614,121.45008118983363
2026-02-13 08:00:00,118.63686,120.1140172213031,126.20364959550568,126.02862,122.35931220731304,123.82362362491897,120.96326908013506,121.64626203607902
2026-02-13 09:00:00,118.63686,120.99271815817504,127.38755093677788,125.88562,122.21631220731304,125.00752496619117,121.74954859873363,122.53571508748168
2026-02-13 10:00:00,118.63686,121.6928562510265,128.44547982946685,125.88562,122.21631220731304,126.06545385888013,122.42734381323355,123.31042713368227
2026-02-13 11:00:00,118.63686,120.82267692130158,128.077444966237,126.02862,122.35931220731304,125.6974189956503,121.87502656688783,122.8246873409997
2026-02-13 12:00:00,118.63686,125.71698989870686,129.13161230519796,126.02862,122.35931220731304,126.75158633461125,125.43573458796364,126.29108598118785
2026-02-13 13:00:00,118.63686,125.6911479458548,129.38288006527395,127.02862,123.35931220731304,127.00285409468724,125.58080356411982,126.34810406719632
2026-02-13 14:00:00,118.83586,125.91228061531284,129.43910186140215,128.02862,124.35931220731302,127.05907589081544,125.93188636618207,126.69247597270832
2026-02-13 15:00:00,119.77286,126.08424110597711,130.01048441079314,128.02862,124.35931220731302,127.63045844020643,126.07599196159627,126.83944297583007
2026-02-13 16:00:00,119.83686,127.49216267547725,131.7504978378003,129.02862,125.35931220731302,129.3704718672136,127.41950764573977,128.11776213038095
2026-02-13 17:00:00,121.93786,129.26821613711195,133.40636839403226,134.02962,130.36031220731303,131.02634242344556,129.73536988131906,130.91712156691244
2026-02-13 18:00:00,121.93786,135.95506572866128,135.01738734039174,134.02962,130.36031220731303,132.63736136980503,134.65852544251285,135.8702154731073
2026-02-13 19:00:00,121.93786,138.64603946223968,136.4681536527301,139.02862,135.35931220731302,134.0881276821434,137.72932921627418,138.86645938126819
2026-02-13 20:00:00,121.93786,137.6374275338107,135.11349090865744,139.02862,135.35931220731302,132.7334649380707,136.89017376466495,137.80253888487346
2026-02-13 21:00:00,121.93786,133.41231810669808,131.6802217949742,134.02962,130.36031220731303,129.30019582438746,132.5373866273405,133.6869969362036
2026-02-13 22:00:00,119.83686,130.18934523601507,128.4853474517719,134.02962,130.36031220731303,126.10532148118519,129.78466759783754,130.62875719857414
2026-02-13 23:00:00,118.83586,125.5781167876182,125.51521332822624,128.02862,124.35931220731302,123.13518735763952,124.9151442292403,125.03170667361893
2026-02-14 00:00:00,116.55786,123.07887982171042,121.8931564209272,118.63686,114.96755220731303,119.51313045034048,121.08105327179902,120.42506460392131
2026-02-14 01:00:00,116.55786,116.31509930144918,117.33636918053612,118.63686,115.73440257831967,114.26929856731284,116.12007115323195,115.73643993749376
2026-02-14 02:00:00,114.75686,116.14059834300822,116.88265844005676,118.63686,115.73440257831967,113.81558782683348,115.79945613045113,115.38479222066627
2026-02-14 03:00:00,114.75686,116.11553112377229,117.31631470983524,118.63686,115.73440257831967,114.24924409661196,115.94328262278981,115.53474738313128
2026-02-14 04:00:00,114.75686,116.02445195256072,117.28252847960415,118.63686,115.73440257831967,114.21545786638087,115.87297293882878,115.46306324216
2026-02-14 05:00:00,116.55786,115.68093426199148,116.50528162794018,118.63686,115.73440257831967,113.4382110147169,115.43757214638164,115.03261571573597
2026-02-14 06:00:00,116.55786,111.73920082499208,117.17944283548591,118.63686,115.73440257831967,114.11237222226264,113.19453266220319,112.83283923320906
2026-02-14 07:00:00,116.55786,112.40373241261231,117.88967792688288,118.63686,115.73440257831967,114.8226073136596,113.63086786779022,113.25702754138695
2026-02-14 08:00:00,116.55786,113.16447817840816,118.72507296276052,118.63686,115.73440257831967,115.65800234953724,114.17584058373465,113.80545934599992
2026-02-14 09:00:00,114.75686,112.92853077080738,118.72134131173992,118.63686,115.73440257831967,115.65427069851664,113.86505253133484,113.4922350769683
2026-02-14 10:00:00,114.75686,114.86449441370772,120.49692001159558,118.63686,115.73440257831967,117.4298493983723,115.40394000640686,115.03023786446504
2026-02-14 11:00:00,114.75686,114.57564365610205,120.33359293254236,118.63686,115.73440257831967,117.26652231931908,115.10042945616765,114.7248428693891
2026-02-14 12:00:00,114.75686,115.53570392699422,120.24870782534988,118.63686,115.73440257831967,117.1816372121266,115.677288297572,115.29564332728489
2026-02-14 13:00:00,114.75686,115.48538007313532,120.30483680079335,118.63686,115.73440257831967,117.23776618757007,115.70165125276999,115.33448493118465
2026-02-14 14:00:00,114.75686,115.7404485740609,120.81316012530525,118.83586,115.93340257831967,117.74608951208197,116.05417327815205,115.69922141510861
2026-02-14 15:00:00,116.55786,115.76170186844476,121.06939195548765,119.77286,116.87040257831967,118.00232134226437,116.2714375883768,115.9077571668681
2026-02-14 16:00:00,116.55786,116.24142081977656,121.25186932391108,119.83686,116.93440257831968,118.1847987106878,116.54491494926296,116.1731726805701
2026-02-14 17:00:00,119.85886,117.62543725187152,122.43607725156588,121.93786,119.03540257831968,119.3690066383426,118.0695807171179,117.75591836884351
2026-02-14 18:00:00,168.75786,122.16172947482748,123.0822141543317,121.93786,119.03540257831968,120.01514354110842,120.92662767199157,120.57533421989724
2026-02-14 19:00:00,168.75786,122.29164046824444,122.83224409695848,121.93786,119.03540257831968,119.7651734837352,120.91287963430352,120.56577500018791
2026-02-14 20:00:00,119.85886,121.74311508083991,122.39047415954354,121.93786,119.03540257831968,119.32340354632026,120.61213756967192,120.2741517738263
2026-02-14 21:00:00,168.75786,120.81156900306414,121.68828341255283,121.93786,119.03540257831968,118.62121279932956,120.06034824785495,119.72775072790593
2026-02-14 22:00:00,119.85886,118.39686953431378,119.72491592082906,119.83686,116.93440257831968,116.65784530760578,117.75759423717005,117.35935137206927
2026-02-14 23:00:00,116.55786,116.7836152538183,118.13578669886437,118.83586,115.93340257831967,115.06871608564109,116.39992991698205,116.00484815027285
2026-02-15 00:00:00,112.70936,117.45433531086896,116.94819445255791,116.55786,113.65540257831968,113.88112383933463,116.18977352390037,115.86310609768958
2026-02-15 01:00:00,112.70936,112.41948084748606,113.66709703587196,116.55786,109.48078672442041,111.83927480894165,111.93644695977855,111.77018623150695
2026-02-15 02:00:00,112.70936,112.59949642721894,113.26939666788944,114.75686,107.67978672442041,111.44157444095913,111.59002799870362,111.29016034576048
2026-02-15 03:00:00,112.70936,112.41695508562836,113.23843386720546,114.75686,107.67978672442041,111.41061164027515,111.44047014813549,111.12327885631846
2026-02-15 04:00:00,112.70936,112.18867334857812,112.751314945283,114.75686,107.67978672442041,110.92349271835269,111.28539306257248,111.03544660628742
2026-02-15 05:00:00,112.70936,110.91162627055502,111.57579555227382,116.55786,109.48078672442041,109.74797332534351,110.81481669513812,110.78899246195594
2026-02-15 06:00:00,112.70936,106.80002388733772,111.57731709745852,116.55786,109.48078672442041,109.74949487052821,108.19734216583184,108.26444665794918
2026-02-15 07:00:00,110.66936,107.24550913089467,112.104387951516,116.55786,109.48078672442041,110.2765657245857,108.53694012447754,108.5991547313808
2026-02-15 08:00:00,110.66936,108.79167861575176,113.4135423912947,116.55786,109.48078672442041,111.58572016436439,109.67385460883142,109.73793568997759
2026-02-15 09:00:00,105.26336,109.54503218079542,113.67268339591038,114.75686,107.67978672442041,111.84486116898007,109.70087782871977,109.60735063808603
2026-02-15 10:00:00,105.26336,110.60954857363174,114.5946797160114,114.75686,107.67978672442041,112.76685748908109,110.48134627619007,110.39290248773669
2026-02-15 11:00:00,105.26336,113.20691410895304,116.40508914748996,114.75686,107.67978672442041,114.57726692055965,112.25363588675236,112.05880024217976
2026-02-15 12:00:00,110.66936,111.24378171720974,116.94100289126114,114.75686,107.67978672442041,115.11318066433083,111.02378806173195,110.84830781343692
2026-02-15 13:00:00,110.66936,110.56309168149826,115.99290654840688,114.75686,107.67978672442041,114.16508432147657,110.5237637071072,110.43511087525377
2026-02-15 14:00:00,112.70936,110.6052882233474,116.22076438553448,114.75686,107.67978672442041,114.39294215860417,110.50994482993733,110.38855670198141
2026-02-15 15:00:00,112.70936,111.14764105992852,116.50697254657578,116.55786,109.48078672442041,114.67915031964547,111.38778894081294,111.4799561382112
2026-02-15 16:00:00,112.70936,111.49890026222975,116.5970463411488,116.55786,109.48078672442041,114.76922411421849,111.80087710550639,112.04504213299381
2026-02-15 17:00:00,116.00836,114.61577544686408,119.97522868822936,119.85886,112.78178672442041,118.14740646129906,114.73073359730705,114.76267255717195
2026-02-15 18:00:00,164.90936,140.96397113140134,133.48082382698178,168.75786,161.6807867244204,131.65300160005148,142.6188148499083,142.5416769022579
2026-02-15 19:00:00,164.90936,141.92649916783373,134.38201546509987,168.75786,161.6807867244204,132.55419323816955,143.51625060130817,143.59445676812084
2026-02-15 20:00:00,164.90936,119.309181346341,121.76452954357065,119.85886,112.78178672442041,119.93670731664034,118.03078923161804,118.02227993874334
2026-02-15 21:00:00,164.90936,139.99739384932303,131.53593754341563,168.75786,161.6807867244204,129.7081153164853,141.93519726408974,141.968884079999
2026-02-15 22:00:00,116.00836,117.16389192955418,118.89141498898732,119.85886,112.78178672442041,117.06359276205701,116.21916780950849,116.06514403563519
2026-02-15 23:00:00,116.00836,114.09743968411306,115.25034980139333,116.55786,109.48078672442041,113.42252757446302,113.24279262121514,113.2133490628331
2026-02-16 00:00:00,109.05489,114.11658740961477,114.04338449360728,112.70936,105.63228672442041,112.21556226667697,112.99980843268413,112.92214280513336
2026-02-16 01:00:00,109.05489,109.25081239438678,110.02982220306043,112.70936,117.24787341104404,106.86735076415034,110.5727110932987,110.13364773359544
2026-02-16 02:00:00,109.05489,109.18032330479312,109.99606506459364,112.70936,117.24787341104404,106.83359362568355,110.41325968821621,109.90821190923062
2026-02-16 03:00:00,109.05489,109.11473168524644,110.4632743430135,112.70936,117.24787341104404,107.3008029041034,110.35753814968959,109.83167063701259
2026-02-16 04:00:00,109.15189,109.7648457521969,111.02829118068476,112.70936,117.24787341104404,107.86581974177467,110.96793447572297,110.50322100492222
2026-02-16 05:00:00,111.09489,112.47595059844414,113.57357124967686,112.70936,117.24787341104404,110.41109981076677,113.29595916386788,112.92695686849132
2026-02-16 06:00:00,111.09489,110.74839074133524,113.5111268086103,112.70936,117.24787341104404,110.34865536970021,112.11786003806438,111.85792354764003
2026-02-16 07:00:00,111.09489,111.17658306423118,114.03425284036572,110.66936,115.20787341104403,110.87178140145564,112.13648830932783,111.8879986469762
2026-02-16 08:00:00,111.09489,112.6006429728268,115.5930228803954,110.66936,115.20787341104403,112.4305514414853,113.3226963449967,113.11015577258281
2026-02-16 09:00:00,109.15189,116.8611789812442,118.59573788927322,105.26336,109.80187341104404,115.43326645036313,115.67129265123057,115.35809722484557
2026-02-16 10:00:00,111.09489,118.34848881860462,120.18582943316532,105.26336,109.80187341104404,117.02335799425524,116.9168085477708,116.64434050566798
2026-02-16 11:00:00,111.09489,121.7228054909398,123.03507910013865,105.26336,109.80187341104404,119.87260766122856,119.59577306409679,119.32038961026923
2026-02-16 12:00:00,111.09489,119.40260927503346,126.45302180031987,110.66936,115.20787341104403,123.29055036140979,119.14188062144788,119.0600096271753
2026-02-16 13:00:00,111.09489,121.33612700476668,129.1360453703606,110.66936,115.20787341104403,125.9735739314505,120.80347812885495,120.75800652360599
2026-02-16 14:00:00,111.09489,126.11244545384432,134.48560814096064,112.70936,117.24787341104404,131.32313670205053,125.15585212855511,125.20083652488714
2026-02-16 15:00:00,111.09489,128.01671914211062,136.5790648105511,112.70936,117.24787341104404,133.416593371641,126.75661362044316,126.83595128051114
2026-02-16 16:00:00,112.29489,130.86628456900013,140.3414646592796,112.70936,117.24787341104404,137.17899322036953,129.07566718479225,129.12297136991185
2026-02-16 17:00:00,112.29489,133.6177539591974,143.86719986412388,116.00836,120.54687341104403,140.70472842521377,131.98773499731203,132.09829452887018
2026-02-16 18:00:00,117.30589,157.82154696596965,159.3778703123332,164.90936,169.44787341104404,156.2153988734231,158.72509590087628,158.82083823621232
2026-02-16 19:00:00,117.30589,161.2866233751217,161.92134786912067,164.90936,169.44787341104404,158.7588764302106,161.74720091300298,162.02414085163173
2026-02-16 20:00:00,117.30589,159.45239940446467,158.03516979399058,164.90936,169.44787341104404,154.8726983550805,160.12561825193941,160.3759351438133
2026-02-16 21:00:00,117.30589,155.3510184634488,151.7752097722979,164.90936,169.44787341104404,148.61273833338782,156.55646045940577,156.6983560815802
2026-02-16 22:00:00,112.29489,125.5184177237616,131.63422441560246,116.00836,120.54687341104403,128.47175297669236,125.33677381866933,125.50269705867942
2026-02-16 23:00:00,111.09489,119.60568247296187,123.76504687564776,116.00836,120.54687341104403,120.60257543673767,120.15352131683127,120.10761106201623
2026-02-17 00:00:00,105.34535,118.86111025112704,116.97545972133317,109.05489,113.59340341104404,113.81298828242308,116.59333289315364,115.99688950512568
2026-02-17 01:00:00,105.34535,105.20870621658808,106.282735108862,109.05489,110.43438254553786,102.29342724402812,105.2105678076387,104.64764256245346
2026-02-17 02:00:00,105.34535,105.38545100956227,106.19601020436238,109.05489,110.43438254553786,102.2067023395285,105.14706027725583,104.53582681189621
2026-02-17 03:00:00,105.34535,103.7738529280524,104.8786536057078,109.05489,110.43438254553786,100.88934574087392,103.85217723372322,103.23578694664683
2026-02-17 04:00:00,105.34535,104.97262903615938,105.87151579970472,109.15189,110.53138254553785,101.88220793487085,104.85672066049557,104.25801562572575
2026-02-17 05:00:00,110.84835,106.98972487622608,108.692331028846,111.09489,112.47438254553786,104.70302316401212,107.22881117742293,106.70116910143076
2026-02-17 06:00:00,112.99135,104.01011674339694,109.27501797710552,111.09489,112.47438254553786,105.28571011227164,105.59418527865157,105.13066932871273
2026-02-17 07:00:00,112.99135,105.3983568488911,110.6631167672884,111.09489,112.47438254553786,106.67380890245452,106.76206752899304,106.33567033080762
2026-02-17 08:00:00,112.99135,107.68610501572633,112.84227175918058,111.09489,112.47438254553786,108.8529638943467,108.59828535082397,108.18572668098756
2026-02-17 09:00:00,110.84835,111.27988018442574,115.68538208072545,109.15189,110.53138254553785,111.69607421589157,111.33292369573732,110.93779556075326
2026-02-17 10:00:00,110.84835,112.58540372426856,117.1757666120712,111.09489,112.47438254553786,113.18645874723732,112.65632085206285,112.26959515640243
2026-02-17 11:00:00,110.84835,114.88817936537944,119.30173952111524,111.09489,112.47438254553786,115.31243165628136,114.51453434519729,114.135103917304
2026-02-17 12:00:00,110.84835,113.7029641246868,120.809238865998,111.09489,112.47438254553786,116.81993100116412,114.04905268797818,113.69663828545805
2026-02-17 13:00:00,110.84835,114.50136823488,121.67104936186853,111.09489,112.47438254553786,117.68174149703465,114.77525543383989,114.44952014035462
2026-02-17 14:00:00,112.99135,115.55984237215483,123.29399617906176,111.09489,112.47438254553786,119.30468831422789,115.9145221892287,115.62239160101541
2026-02-17 15:00:00,112.99135,115.15860940045047,122.3022306752069,111.09489,112.47438254553786,118.31292281037302,115.35982113957476,115.06124790561643
2026-02-17 16:00:00,116.99235,115.4817323480106,123.35521003322538,112.29489,113.67438254553785,119.3659021683915,116.18610330004275,115.93271583582758
2026-02-17 17:00:00,116.99235,115.45283347002618,124.92650704715771,112.29489,113.67438254553785,120.93719918232384,116.83728201962911,116.61852449838898
2026-02-17 18:00:00,117.99135,127.41574577203092,131.4016172520083,117.30589,118.68538254553786,127.41230938717442,126.98325692977636,126.98443978932139
2026-02-17 19:00:00,119.99135,129.51785033561492,133.16243997992635,117.30589,118.68538254553786,129.17313211509247,128.35178537311012,128.3355277788081
2026-02-17 20:00:00,116.99235,127.45853683797527,130.2704878043738,117.30589,118.68538254553786,126.28117993953992,126.22653667257326,126.14307653673043
2026-02-17 21:00:00,116.99235,122.14791331142888,124.01182337896464,117.30589,118.68538254553786,120.02251551413076,121.01937072374774,120.72420211274442
2026-02-17 22:00:00,112.99135,114.96019385887814,116.53284121214529,112.29489,113.67438254553785,112.54353334731141,113.94008955811482,113.49998891578821
2026-02-17 23:00:00,110.84835,111.17546521375064,112.84087404053304,111.09489,112.47438254553786,108.85156617569916,110.645160747854,110.1366101541407
2026-02-18 00:00:00,129.11559,107.36217986434428,106.3741735534828,105.34535,106.72484254553785,102.38486568864893,106.5790311350508,106.25739250906848
2026-02-18 01:00:00,129.11559,127.93577374123026,122.82626075015868,105.34535,115.73012561420981,120.5495101613947,124.2210997107665,123.37525967301474
2026-02-18 02:00:00,123.96959,127.2405484130155,122.06802395124444,105.34535,115.73012561420981,119.79127336248047,123.68826824973145,122.85752785758707
2026-02-18 03:00:00,123.97059,126.90834134826429,121.47813342117718,105.34535,115.73012561420981,119.2013828324132,123.41530044508858,122.5954258851358
2026-02-18 04:00:00,129.11559,126.70466228900072,121.09567277423136,105.34535,115.73012561420981,118.81892218546739,123.27381113943301,122.52489954910376
2026-02-18 05:00:00,129.47259,127.7388244529512,123.57589654835508,110.84835,121.23312561420981,121.2991459595911,125.34096030672642,124.7600812074487
2026-02-18 06:00:00,131.61559,121.7509206997392,124.71525518427256,112.99135,123.37612561420981,122.43850459550859,122.14769427114167,121.80154473262465
2026-02-18 07:00:00,129.47259,121.65486531748972,124.75437079670203,112.99135,123.37612561420981,122.47762020793806,122.1210435588918,121.86993594223071
2026-02-18 08:00:00,129.47259,119.19039313928953,123.43546928379313,112.99135,123.37612561420981,121.15871869502915,120.55482253525975,120.54975112701358
2026-02-18 09:00:00,129.11559,120.28748751560472,123.90632506604877,110.84835,121.23312561420981,121.62957447728479,120.7512315913848,120.57594997745676
2026-02-18 10:00:00,129.11559,120.34865850733055,124.0684302309532,110.84835,121.23312561420981,121.79167964218922,120.80890149490642,120.67914759094622
2026-02-18 11:00:00,129.11559,120.84166672104672,124.69996333024758,110.84835,121.23312561420981,122.42321274148361,121.33622151425732,121.43308832676375
2026-02-18 12:00:00,129.11559,118.3694129360396,124.7015634302898,110.84835,121.23312561420981,122.42481284152582,119.80575359416794,120.01935195942075
2026-02-18 13:00:00,129.11559,119.56590854578022,126.23736664105186,110.84835,121.23312561420981,123.96061605228789,120.77404294880252,121.05825353879037
2026-02-18 14:00:00,129.47259,119.92548027760688,126.19393586555093,112.99135,123.37612561420981,123.91718527678695,121.56528571649,122.1040598979026
2026-02-18 15:00:00,129.47259,121.083945731578,127.87739816838868,112.99135,123.37612561420981,125.6006475796247,122.42578355196659,122.91713920773738
2026-02-18 16:00:00,131.61559,121.80845995204368,128.30201123957025,116.99235,127.37712561420982,126.02526065080627,123.6251852605276,124.09094222715382
2026-02-18 17:00:00,132.61559,121.69184619885618,128.001315199893,116.99235,127.37712561420982,125.72456461112904,123.61546934195219,124.19324871641797
2026-02-18 18:00:00,134.61459,126.8775863103723,129.3662589115446,117.99135,128.3761256142098,127.08950832278063,127.28461677653328,127.76709950803027
2026-02-18 19:00:00,134.61459,127.22424040432192,129.97472976871387,119.99135,130.3761256142098,127.6979791799499,127.75248713877701,127.94573180870486
2026-02-18 20:00:00,134.61459,125.82790683139754,128.8199938792311,116.99235,127.37712561420982,126.54324329046713,126.23491143710878,126.55342290151438
2026-02-18 21:00:00,132.61559,125.52131994856532,128.27598589534017,116.99235,127.37712561420982,125.9992353065762,125.99199390147378,126.29591333224921
2026-02-18 22:00:00,131.61559,123.1992341451264,127.49264457100786,112.99135,123.37612561420981,125.21589398224388,123.44341390828103,123.50375807055424
2026-02-18 23:00:00,131.61559,120.20833066639877,124.9608102256682,110.84835,121.23312561420981,122.68405963690422,120.54401242589117,120.24804013134282
2026-02-19 00:00:00,125.63308,127.6644406479864,127.38445373793616,129.11559,139.5003656142098,125.10770314917218,127.87739666855414,127.36762374857096
2026-02-19 01:00:00,125.63308,125.33900428555054,126.09706398679182,129.11559,123.87218750930116,123.4545482565506,124.03852318225532,123.41321856193217
2026-02-19 02:00:00,125.63308,124.94021895249102,124.70135023845904,123.96959,118.72618750930116,122.05883450821781,122.80241455470481,122.15551487733804
2026-02-19 03:00:00,125.63308,124.81540571615471,124.5492684119918,123.97059,118.72718750930116,121.90675268175058,122.64319122131798,121.97476842372063
2026-02-19 04:00:00,125.63308,125.05406789327628,125.91103309798449,129.11559,123.87218750930116,123.26851736774326,124.16025250922702,123.64254625437836
2026-02-19 05:00:00,131.13608,125.4801010290892,126.23543475978788,129.47259,124.22918750930116,123.59291902954665,124.64351623532305,124.16802892174388
2026-02-19 06:00:00,131.13608,120.50128631818336,126.7854770979274,131.61559,126.37218750930116,124.14296136768617,122.55500233323863,122.32853289620678
2026-02-19 07:00:00,131.13608,120.14855359483528,126.1667782431463,129.47259,124.22918750930116,123.52426251290507,121.44066642043498,121.04218344301522
2026-02-19 08:00:00,125.63308,120.40287549184096,126.353926368454,129.47259,124.22918750930116,123.71141063821277,121.32769055662145,120.82191101793374
2026-02-19 09:00:00,131.13608,120.52790114529006,126.44253816211771,129.11559,123.87218750930116,123.80002243187649,121.36950064315184,120.86634488283681
2026-02-19 10:00:00,131.13608,120.96585899436135,126.813652691125,129.11559,123.87218750930116,124.17113696088377,121.73678249159387,121.23633428764508
2026-02-19 11:00:00,131.13608,120.72452360103348,126.71469165464973,129.11559,123.87218750930116,124.0721759244085,121.48473550397178,120.98347215934024
2026-02-19 12:00:00,131.13608,121.53623771182754,126.8369189544944,129.11559,123.87218750930116,124.19440322425316,121.9764350750692,121.46965013544241
2026-02-19 13:00:00,134.27908,122.4398041243434,127.9748338785757,129.11559,123.87218750930116,125.33231814833447,123.24713948127305,122.91006322806624
2026-02-19 14:00:00,134.27908,122.96345968164076,128.58114790783475,129.47259,124.22918750930116,125.93863217759352,123.87814243049374,123.58462979770191
2026-02-19 15:00:00,134.27908,123.1160566548742,128.85591086737028,129.47259,124.22918750930116,126.21339513712906,124.13817246101486,123.87347371156442
2026-02-19 16:00:00,134.27908,123.70630505225122,129.20723078994226,131.61559,126.37218750930116,126.56471505970103,125.32854169243943,125.23718662855156
2026-02-19 17:00:00,134.27908,124.03269329893544,129.55982599109595,132.61559,127.37218750930116,126.91731026085472,125.7700599556202,125.67622734799353
2026-02-19 18:00:00,135.79008,131.9805391112186,130.76377326948528,134.61459,129.37118750930114,128.12125753924406,131.01220239571535,130.80612513623197
2026-02-19 19:00:00,135.79008,132.1813247207083,131.14235298787716,134.61459,129.37118750930114,128.49983725763593,131.28310443457553,131.07848662040539
2026-02-19 20:00:00,135.79008,131.370653534287,130.0341926208661,134.61459,129.37118750930114,127.39167689062486,130.5485301628563,130.3291523826547
2026-02-19 21:00:00,134.27908,130.27268509400312,128.77397063308595,132.61559,127.37218750930116,126.13145490284472,129.58760773363161,129.4312136873564
2026-02-19 22:00:00,134.27908,129.2026880112436,127.81951662571076,131.61559,126.37218750930116,125.17700089546953,128.725156447346,128.57819485005845
2026-02-19 23:00:00,133.27908,128.09938946439314,126.82075117572468,131.61559,126.37218750930116,124.17823544548345,127.77169458094177,127.57383817673139
2026-02-20 00:00:00,120.37685,124.63935674139545,124.71972733451868,125.63308,120.38967750930117,122.07721160427745,123.39041452606727,122.83021005085514
2026-02-20 01:00:00,120.37685,120.46197789721236,121.54510466282296,125.63308,117.36476310744902,119.00442654727938,119.76388323626799,119.37307096975633
2026-02-20 02:00:00,120.37685,120.04680492005625,121.1537563778666,125.63308,117.36476310744902,118.61307826232301,119.41932896830022,119.02196781665442
2026-02-20 03:00:00,120.37685,120.41596261035605,121.43876249669349,125.63308,117.36476310744902,118.8980843811499,119.71094485486456,119.31530194610365
2026-02-20 04:00:00,120.37685,120.78351511713475,121.77117909020292,125.63308,117.36476310744902,119.23050097465934,120.01791382423134,119.63634159004319
2026-02-20 05:00:00,120.37685,121.2339232725998,122.93301536383308,131.13608,122.86776310744901,120.3923372482895,121.5711313293781,121.39406291946072
2026-02-20 06:00:00,120.37685,118.78569765327622,123.54648833837832,131.13608,122.86776310744901,121.00581022283474,119.8437500319065,119.74642570920585
2026-02-20 07:00:00,120.37685,119.00160700578591,124.24996286136518,131.13608,122.86776310744901,121.70928474582159,120.08728053275678,120.03985842833751
2026-02-20 08:00:00,120.37685,118.56950778421088,123.864492305238,125.63308,117.36476310744902,121.32381418969442,118.75375141239824,118.6425569341231
2026-02-20 09:00:00,120.37685,118.71986491429888,125.02022729280836,131.13608,122.86776310744901,122.47954917726477,119.9867403169925,120.03359081522086
2026-02-20 10:00:00,120.37685,119.3569151158856,125.88701737902645,131.13608,122.86776310744901,123.34633926348286,120.52741403201661,120.60428712093074
2026-02-20 11:00:00,120.37685,119.10104039252904,125.95306752164667,131.13608,122.86776310744901,123.41238940610309,120.34919935212514,120.4534524175953
2026-02-20 12:00:00,120.37685,121.8483220759418,126.19155210619192,131.13608,122.86776310744901,123.65087399064834,122.37558992383855,122.45249023619678
2026-02-20 13:00:00,120.37685,122.62991529854897,126.85339273252586,134.27908,126.01076310744901,124.31271461698228,123.23493322497183,123.16913058549925
2026-02-20 14:00:00,120.37685,122.66537713031336,126.92065598969997,134.27908,126.01076310744901,124.37997787415638,123.30724200869419,123.2736481318038
2026-02-20 15:00:00,127.52285,122.57287537704435,126.98966605531054,134.27908,126.01076310744901,124.44898793976695,123.23664805326783,123.19971594450206
2026-02-20 16:00:00,129.02285,123.45250135455758,128.0724915289531,134.27908,126.01076310744901,125.53181341340951,123.9537908334935,123.91039894925217
2026-02-20 17:00:00,129.02285,124.11896887798844,128.90211375742263,134.27908,126.01076310744901,126.36143564187904,124.59368000673712,124.6003613081531
2026-02-20 18:00:00,129.02285,130.68035431902103,130.3644549885479,135.79008,127.521763107449,127.8237768730043,129.69643558588865,129.5846040900441
2026-02-20 19:00:00,131.02385,131.1781646966205,130.3952901079004,135.79008,127.521763107449,127.85461199235681,130.14253132681353,130.06833003861126
2026-02-20 20:00:00,131.02385,130.6295678700349,129.33965858611174,135.79008,127.521763107449,126.79898047056815,129.67830048106774,129.5957792072742
2026-02-20 21:00:00,129.02285,128.6062741197066,127.50014499262454,134.27908,126.01076310744901,124.95946687708096,127.82168310312125,127.71858305610611
2026-02-20 22:00:00,129.02285,127.00390562173205,125.92662572249075,134.27908,126.01076310744901,123.38594760694717,126.367802139788,126.14600342535118
2026-02-20 23:00:00,127.52285,125.09127850875376,124.41185657175087,133.27908,125.01076310744901,121.87117845620729,124.60074230931724,124.3041083765992
2026-02-21 00:00:00,107.25893,121.7037626451678,120.40338252241028,120.37685,112.10853310744902,117.8627044068667,119.39329458994516,119.74119683754672
2026-02-21 01:00:00,107.25893,107.30437462342331,110.43656036784556,120.37685,108.1639808412154,107.97419865395862,107.46676043833287,107.49904912242802
2026-02-21 02:00:00,107.25893,107.08338798477618,110.13048568093222,120.37685,108.1639808412154,107.66812396704529,107.25736475331692,107.29080325765811
2026-02-21 03:00:00,107.25893,107.16322643288316,110.49669447855617,120.37685,108.1639808412154,108.03433276466923,107.38225246886587,107.44818155429587
2026-02-21 04:00:00,107.25893,107.01641542362742,110.36565400980524,120.37685,108.1639808412154,107.9032922959183,107.26607388521784,107.325823253692
2026-02-21 05:00:00,107.25893,106.45651704915656,109.33896711251045,120.37685,108.1639808412154,106.87660539862351,106.71555843314634,106.70047434820519
2026-02-21 06:00:00,107.25893,106.18281885775107,110.53007435974035,120.37685,108.1639808412154,108.06771264585342,106.8100765508207,106.80957512764968
2026-02-21 07:00:00,107.25893,106.080113767202,110.75908279996544,120.37685,108.1639808412154,108.2967210860785,106.85368104534027,106.70927042257942
2026-02-21 08:00:00,107.25893,106.88588106231065,111.69889694697278,120.37685,108.1639808412154,109.23653523308585,107.59762786859223,107.34979707380498
2026-02-21 09:00:00,107.25893,106.84473723310516,111.90329197981691,120.37685,108.1639808412154,109.44093026592998,107.64835973471587,107.29691474466503
2026-02-21 10:00:00,107.25893,108.76452959256868,113.65525050509056,120.37685,108.1639808412154,111.19288879120363,109.2188468390282,108.84887068369612
2026-02-21 11:00:00,107.25893,109.11665061915755,113.97326105543378,120.37685,108.1639808412154,111.51089934154685,109.50151939562222,109.12082426110929
2026-02-21 12:00:00,107.25893,108.83885838334756,113.50048037017297,120.37685,108.1639808412154,111.03811865628603,109.34504902138599,108.82618382140376
2026-02-21 13:00:00,107.25893,109.03938648798317,113.82625086564168,120.37685,108.1639808412154,111.36388915175475,109.57962740788277,109.02926160501393
2026-02-21 14:00:00,107.25893,109.3143993222663,114.21727758895136,120.37685,108.1639808412154,111.75491587506443,109.86818021995353,109.29536265230774
2026-02-21 15:00:00,107.25893,110.80557193824822,115.56150594184876,127.52285,115.3099808412154,113.09914422796183,111.9371572290304,111.4148688411745
2026-02-21 16:00:00,112.76193,111.52072261266365,116.1085496620563,129.02285,116.8099808412154,113.64618794816937,112.65801158489856,112.15296341478471
2026-02-21 17:00:00,116.90493,112.70591564462508,117.34967147486928,129.02285,116.8099808412154,114.88730976098235,113.68390514723131,113.16547784261586
2026-02-21 18:00:00,120.90493,120.36134966628272,118.01516106925688,129.02285,116.8099808412154,115.55279935536994,118.8921856278394,118.01206276198609
2026-02-21 19:00:00,165.90493,121.61459017755816,118.2746993155704,131.02385,118.81098084121541,115.81233760168347,120.34278971882273,119.06411723861112
2026-02-21 20:00:00,120.90493,120.65137591575224,118.103522964516,131.02385,118.81098084121541,115.64116125062907,119.24725489272242,118.48997004950479
2026-02-21 21:00:00,116.90493,118.95478771429056,116.98116164929286,129.02285,116.8099808412154,114.51879993540592,117.79044402661484,117.05502692443032
2026-02-21 22:00:00,116.90493,116.80080256151554,115.30082879363496,129.02285,116.8099808412154,112.83846707974803,115.61876804638192,115.41163734849982
2026-02-21 23:00:00,114.70493,114.13909963472508,112.61729855152916,127.52285,115.3099808412154,110.15493683764223,113.17775381532692,113.04598795451008
2026-02-22 00:00:00,114.40661,107.98810748395016,107.58567377844643,107.25893,95.04606084121541,105.1233120645595,105.77437203808002,105.74996500804876
2026-02-22 01:00:00,113.50361,114.1090388259205,112.96951203946702,107.25893,106.59858972879707,110.8342897903382,112.19635981050544,112.08044627181499
2026-02-22 02:00:00,114.40661,114.24711408377138,112.95282228674762,107.25893,106.59858972879707,110.8176000376188,112.28121796586407,112.15467496383216
2026-02-22 03:00:00,113.50361,113.85377831339108,112.90812288358072,107.25893,106.59858972879707,110.7729006344519,112.01263316616468,111.92468688998846
2026-02-22 04:00:00,113.50361,113.69926285386742,112.71804858700224,107.25893,106.59858972879707,110.58282633787343,111.88091210721502,111.77811486886516
2026-02-22 05:00:00,114.40661,113.27934035388832,112.29154364442198,107.25893,106.59858972879707,110.15632139529316,111.54489497178086,111.41046272405148
2026-02-22 06:00:00,113.50361,108.58054893188726,111.67782270347728,107.25893,106.59858972879707,109.54260045434846,108.57859171635968,108.34792073817023
2026-02-22 07:00:00,113.36061,108.98363112408094,112.03716054952758,107.25893,106.59858972879707,109.90193830039877,108.90017583500608,108.65903746638098
2026-02-22 08:00:00,113.36061,108.76594425915503,111.97581060965824,107.25893,106.59858972879707,109.84058836052942,108.77529332789955,108.4606107362858
2026-02-22 09:00:00,107.85761,109.2145265058604,112.23624102192764,107.25893,106.59858972879707,110.10101877279882,109.02150013704467,108.80617707123584
2026-02-22 10:00:00,107.85761,110.52196919701332,113.22143241850932,107.25893,106.59858972879707,111.08621016938051,110.00281505029368,109.85521097251771
2026-02-22 11:00:00,107.85761,110.32414569752896,113.03687367424706,107.25893,106.59858972879707,110.90165142511825,109.83306623556032,109.67546381412359
2026-02-22 12:00:00,107.85761,106.67145297320042,113.6041495105363,107.25893,106.59858972879707,111.46892726140749,107.82723544560154,107.56384397538905
2026-02-22 13:00:00,107.85761,106.20978221308376,112.75426029969027,107.25893,106.59858972879707,110.61903805056146,107.41297145873584,107.04041943581255
2026-02-22 14:00:00,113.36061,106.20457548491945,112.95049089819965,107.25893,106.59858972879707,110.81526864907083,107.46402809850349,107.1020124501713
2026-02-22 15:00:00,113.50361,106.26517585205146,113.16831403259116,107.25893,106.59858972879707,111.03309178346234,107.55369077359099,107.20717577538407
2026-02-22 16:00:00,114.40661,107.86926392045724,114.17296398350432,112.76193,112.10158972879707,112.0377417343755,109.53251576014979,109.05838852350561
2026-02-22 17:00:00,116.50361,110.03755382094069,116.15115931206152,116.90493,116.24458972879705,114.01593706293271,111.87975380993237,111.34154371828467
2026-02-22 18:00:00,117.00361,117.15827529445036,117.34849197225142,120.90493,120.24458972879705,115.21326972312261,117.26312572503423,116.49373021986017
2026-02-22 19:00:00,117.00361,133.70643471061317,127.90072888914942,165.90493,165.24458972879705,125.7655066400206,135.65227984001172,134.6669628005516
2026-02-22 20:00:00,117.00361,117.0828226880644,117.78067711460383,120.90493,120.24458972879705,115.64545486547502,117.30685038221013,116.63259481847626
2026-02-22 21:00:00,117.00361,115.41280011888152,116.0279506317798,116.90493,116.24458972879705,113.89272838265099,115.52479922293803,114.6833902900876
2026-02-22 22:00:00,116.50361,114.63405651707905,115.93988364376465,116.90493,116.24458972879705,113.80466139463583,114.59198919410493,114.22446156240329
2026-02-22 23:00:00,116.50361,113.10901563672766,114.89744378923405,114.70493,114.04458972879706,112.76222154010523,113.01120238822499,112.811862565144
2026-02-23 00:00:00,106.00391,113.39832411429552,113.86226297428804,114.40661,113.74626972879706,111.72704072515923,113.23719226731266,114.02855732080062
2026-02-23 01:00:00,111.64991,105.9315097688732,107.82686492728054,113.50361,112.65233781991604,104.61447780147134,106.73385113761285,106.40321927929999
2026-02-23 02:00:00,106.00391,106.15317169481922,108.330320713963,114.40661,113.55533781991605,105.1179335881538,107.09240629203671,106.54677400835283
2026-02-23 03:00:00,106.00391,105.97573916641495,108.12507450934768,113.50361,112.65233781991604,104.91268738353848,106.77370547758329,106.2242061148262
2026-02-23 04:00:00,111.50691,106.20259961448951,108.21171635684412,113.50361,112.65233781991604,104.99932923103492,106.95464531583873,106.50274138084933
2026-02-23 05:00:00,111.64991,106.74688836174415,108.00112360480222,114.40661,113.55533781991605,104.78873647899302,107.5574885947901,107.58176202002718
2026-02-23 06:00:00,111.64991,103.6603004751722,108.2965032644057,113.50361,112.65233781991604,105.0841161385965,105.33231139027865,105.36921333231183
2026-02-23 07:00:00,111.64991,103.51536889367546,108.72652050679596,113.36061,112.50933781991604,105.51413338098676,105.34963154297193,105.52928205622574
2026-02-23 08:00:00,111.64991,105.445808573944,110.76782358157266,113.36061,112.50933781991604,107.55543645576346,106.97503238615852,107.25407765022334
2026-02-23 09:00:00,112.40991,105.2129175017849,110.85560715614582,107.85761,107.00633781991604,107.64322003033662,105.93395159446911,106.16011473358152
2026-02-23 10:00:00,112.40991,104.80435013738024,111.04118013242652,107.85761,107.00633781991604,107.82879300661732,105.76379892450785,106.1413304407021
2026-02-23 11:00:00,112.40991,106.99774082237464,112.98972041731436,107.85761,107.00633781991604,109.77733329150516,107.50845050637648,107.8829034330741
2026-02-23 12:00:00,112.40991,110.35571997935064,114.39353930060004,107.85761,107.00633781991604,111.18115217479084,110.04361611992368,110.39339162411203
2026-02-23 13:00:00,112.41091,111.5436518988672,116.58465871674352,107.85761,107.00633781991604,113.37227159093432,111.0380286040287,111.56173668427793
2026-02-23 14:00:00,112.64991,114.330289188638,119.41526808266453,113.36061,112.50933781991604,116.20288095685532,114.28291227020509,115.1323291779518
2026-02-23 15:00:00,112.64991,115.76021583322444,121.24401443428108,113.50361,112.65233781991604,118.03162730847188,115.50273211196024,116.48782689054558
2026-02-23 16:00:00,112.64991,117.13032405016668,123.12964595137466,114.40661,113.55533781991605,119.91725882556545,116.79886592959201,117.71139828027604
2026-02-23 17:00:00,112.64991,117.99776600255308,124.80196713903716,116.50361,115.65233781991604,121.58958001322796,117.87335304089285,119.02014630457337
2026-02-23 18:00:00,114.64991,125.23508043461348,127.88005881843031,117.00361,116.15233781991604,124.66767169262111,123.38302421992374,124.47326489274867
2026-02-23 19:00:00,115.62991,127.51805023498326,129.4937750564539,117.00361,116.15233781991604,126.2813879306447,125.37228881866714,126.74435301480547
2026-02-23 20:00:00,114.64991,126.28144807754526,127.08624455178864,117.00361,116.15233781991604,123.87385742597944,124.38474242753827,125.75070942744286
2026-02-23 21:00:00,112.64991,123.3692717614634,123.34567263264589,117.00361,116.15233781991604,120.13328550683669,121.94610956901873,123.16931111775037
2026-02-23 22:00:00,112.64991,118.79995730959476,118.19404146302526,116.50361,115.65233781991604,114.98165433721606,118.00803092568863,118.90502521229034
2026-02-23 23:00:00,112.40991,113.51221739987668,112.87397773671302,116.50361,115.65233781991604,109.66159061090381,113.49456804542365,113.78619915570019
2026-02-24 00:00:00,120.44202,110.7260204964356,108.68837964274924,106.00391,105.15263781991605,105.47599251694004,108.95181251210923,108.41056458638582
2026-02-24 01:00:00,120.44202,120.42686270010904,118.51692721197526,111.64991,116.97774656643745,115.39561932237588,119.36561941278795,119.0296096904458
2026-02-24 02:00:00,120.44202,120.1229487920736,117.12372009474736,106.00391,111.33174656643745,114.00241220514798,117.88269795177361,117.35555792676853
2026-02-24 03:00:00,120.44202,119.94457928766548,116.99696784361748,106.00391,111.33174656643745,113.8756599540181,117.73193945306599,117.20229054231845
2026-02-24 04:00:00,120.44202,120.17577293497747,118.41496506547767,111.50691,116.83474656643745,115.2936571758783,119.05412681753671,118.66910623586548
2026-02-24 05:00:00,120.44202,120.3538061989819,118.90894894734632,111.64991,116.97774656643745,115.78764105774694,119.34645759232767,119.03709269068062
2026-02-24 06:00:00,120.44202,116.87933800319357,118.82627326437516,111.64991,116.97774656643745,115.70496537477578,116.85468378738334,116.65298987759307
2026-02-24 07:00:00,120.44202,116.98766714230344,119.183103066649,111.64991,116.97774656643745,116.06179517704962,117.02206591739004,116.88006418561763
2026-02-24 08:00:00,120.44202,117.27567107584274,119.74272411154624,111.64991,116.97774656643745,116.62141622194686,117.29833601419428,117.19442097224189
2026-02-24 09:00:00,120.44202,118.71952237587736,120.83361006883548,112.40991,117.73774656643744,117.7123021792361,118.45625570506499,118.29897821072294
2026-02-24 10:00:00,120.44202,117.60059765540346,120.31542081568324,112.40991,117.73774656643744,117.19411292608386,117.56906091475767,117.42538953267082
2026-02-24 11:00:00,120.44202,119.71395273045964,121.8779713154252,112.40991,117.73774656643744,118.75666342582582,119.19062817519189,119.0214712386767
2026-02-24 12:00:00,120.44202,115.8641597045724,122.42466982554905,112.40991,117.73774656643744,119.30336193594967,116.4288614301886,116.3563360880964
2026-02-24 13:00:00,120.44202,116.35852326630626,122.8282938576866,112.41091,117.73874656643744,119.70698596808722,116.90820145752267,116.9002453739197
2026-02-24 14:00:00,120.44202,116.61321807101696,123.07904944530968,112.64991,117.97774656643745,119.9577415557103,117.19943904096773,117.22832336583426
2026-02-24 15:00:00,120.44202,116.2379330016714,122.63190633157944,112.64991,117.97774656643745,119.51059844198006,116.93930624843141,117.00042363439721
2026-02-24 16:00:00,125.94502,116.38358567856974,122.97718151269852,112.64991,117.97774656643745,119.85587362309914,117.04837024710403,117.09343067713543
2026-02-24 17:00:00,125.94602,116.59048991622512,123.2674164159544,112.64991,117.97774656643745,120.14610852635502,117.22073640059452,117.26092508276075
2026-02-24 18:00:00,127.78802,118.73529512147805,125.09775281169144,114.64991,119.97774656643745,121.97644492209206,119.21874876859289,119.230914077636
2026-02-24 19:00:00,129.08802,119.33830459110555,125.00178565255874,115.62991,120.95774656643744,121.88047776295936,119.98136105964795,120.0831872508491
2026-02-24 20:00:00,126.84902,117.68787683953455,123.39445697837311,114.64991,119.97774656643745,120.27314908877374,118.30257541158566,118.27387698425626
2026-02-24 21:00:00,126.84802,115.58751826800892,120.9513469164386,112.64991,117.97774656643745,117.83003902683922,116.2592400076247,116.20978316756856
2026-02-24 22:00:00,125.94502,114.59645135704962,120.0180812184908,112.64991,117.97774656643745,116.89677332889143,115.37154632072078,115.25149436603314
2026-02-24 23:00:00,125.44202,113.71205964833716,119.1774257191927,112.40991,117.73774656643744,116.05611782959332,114.52660224228306,114.33698134225996
2026-02-25 00:00:00,120.8945,119.45789323373508,118.685418453682,120.44202,125.76985656643744,115.56411056408263,119.47974008604237,118.94869208745455
2026-02-25 01:00:00,120.8945,121.18567229885284,120.67280631535004,120.44202,117.95627013518848,118.40222933906186,119.88619440702038,119.90263674602325
2026-02-25 02:00:00,120.8945,120.89739582778274,120.38744953829224,120.44202,117.95627013518848,118.11687256200406,119.42352895217249,119.65934280762235
2026-02-25 03:00:00,120.8945,119.8983302285652,119.10066469210504,120.44202,117.95627013518848,116.83008771581686,118.52085425435534,118.71699334048311
2026-02-25 04:00:00,120.8945,120.15017746442628,119.5052294397942,120.44202,117.95627013518848,117.23465246350602,119.00585961256834,118.97223416835543
2026-02-25 05:00:00,120.8945,120.4672719012856,120.15355977606514,120.44202,117.95627013518848,117.88298279977695,119.34012100628611,119.33375238409027
2026-02-25 06:00:00,120.8945,116.03652275240673,119.66322859486768,120.44202,117.95627013518848,117.39265161857949,116.5964758350944,116.44666109105354
2026-02-25 07:00:00,120.8945,116.13049111563672,119.8432686785555,120.44202,117.95627013518848,117.57269170226732,116.70521248619868,116.50040726626405
2026-02-25 08:00:00,120.8945,115.92167146422112,119.76615907485476,120.44202,117.95627013518848,117.49558209856657,116.5992921260799,116.30432520513436
2026-02-25 09:00:00,120.8945,116.5135863363985,120.22031722350508,120.44202,117.95627013518848,117.9497402472169,117.06145174556323,116.76237354902013
2026-02-25 10:00:00,120.8945,117.48983637264648,121.00003685218684,120.44202,117.95627013518848,118.72945987589866,117.81608057669342,117.53582993075986
2026-02-25 11:00:00,120.8945,117.5861102293872,121.20511188540311,120.44202,117.95627013518848,118.93453490911493,118.04330118296781,117.5923520132513
2026-02-25 12:00:00,120.8945,116.47204966042862,122.68990382403425,120.44202,117.95627013518848,120.41932684774606,117.72258530130685,117.24908203456644
2026-02-25 13:00:00,120.8945,117.51322439086282,123.93619622502752,120.44202,117.95627013518848,121.66561924873933,118.72277470023944,118.16880040968097
2026-02-25 14:00:00,120.8945,117.41077476173844,123.6291507893879,120.44202,117.95627013518848,121.35857381309971,118.66039738411162,118.00707570824315
2026-02-25 15:00:00,126.3975,117.89913450434123,124.3848761302938,120.44202,117.95627013518848,122.11429915400562,119.17570856013825,118.50134082219785
2026-02-25 16:00:00,129.5405,119.51227486486026,126.04563651425036,125.94502,123.45927013518848,123.77505953796218,121.32437068484504,120.56422149003855
2026-02-25 17:00:00,129.5405,120.51926585701604,127.13989928745988,125.94602,123.46027013518848,124.8693223111717,122.21112453114922,121.43446662252268
2026-02-25 18:00:00,129.5405,127.71020349504104,127.8744442527004,127.78802,125.30227013518848,125.60386727641222,126.88143381717012,126.26262888623833
2026-02-25 19:00:00,130.2605,127.4130792183475,127.24779459635673,129.08802,126.60227013518848,124.97721762006854,126.70176219058912,126.11217949753984
2026-02-25 20:00:00,129.5405,125.44966190678724,124.91485258835522,126.84902,124.36327013518847,122.64427561206703,124.7802014314037,124.09245807922437
2026-02-25 21:00:00,129.5405,124.63458993453192,124.03240734728212,126.84802,124.36227013518848,121.76183037099393,124.02548838562622,123.41381750030699
2026-02-25 22:00:00,128.0305,123.0061640041318,122.43211453331784,125.94502,123.45927013518848,120.16153755702966,122.50813688312277,121.9798460102553
2026-02-25 23:00:00,126.3975,121.7781780328543,121.23674410044244,125.44202,122.95627013518848,118.96616712415425,121.3487968462544,120.92275436485748
2026-02-26 00:00:00,120.62002,120.12229662197248,119.12995841555144,120.8945,118.40875013518847,116.85938143926326,118.6568103435663,118.76123244029854
2026-02-26 01:00:00,120.62002,120.84546902623718,120.2517368699895,120.8945,116.26991716637087,118.36401517990133,119.13745767142396,119.33662168802368
2026-02-26 02:00:00,120.62002,120.46698765381734,119.84395085423034,120.8945,116.26991716637087,117.95622916414217,118.81491437907906,119.01591471830459
2026-02-26 03:00:00,120.62002,120.13590713638412,119.74482745548464,120.8945,116.26991716637087,117.85710576539647,118.58919315594311,118.8110872067256
2026-02-26 04:00:00,120.62002,120.0571769862472,119.7414937022324,120.8945,116.26991716637087,117.85377201214423,118.58699478197993,118.77008486499334
2026-02-26 05:00:00,120.62002,120.30862139740032,119.97294777279608,120.8945,116.26991716637087,118.0852260827079,119.13824137750152,118.97822945899925
2026-02-26 06:00:00,120.62002,116.14868845748366,119.64517450907346,120.8945,116.26991716637087,117.75745281898529,116.61809403285069,116.31427188125878
2026-02-26 07:00:00,120.62002,116.16889166942428,119.73585582013833,120.8945,116.26991716637087,117.84813413005016,116.66769323229626,116.3219973226261
2026-02-26 08:00:00,120.62002,115.99483702157538,119.66087777063176,120.8945,116.26991716637087,117.77315608054359,116.34382639897413,116.16864882960563
2026-02-26 09:00:00,120.62002,116.0943066316504,119.7382820227974,120.8945,116.26991716637087,117.85056033270924,116.64043119213943,116.23828007453818
2026-02-26 10:00:00,120.62002,116.49633015241704,120.06773295899852,120.8945,116.26991716637087,118.18001126891035,116.9537468956634,116.55638714287218
2026-02-26 11:00:00,120.62002,116.28146477776129,120.01847064107965,120.8945,116.26991716637087,118.13074895099147,116.82493733657817,116.37268984003077
2026-02-26 12:00:00,120.62002,114.31332680370608,119.86117635548165,120.8945,116.26991716637087,117.97345466539348,115.63284034875569,115.09450602237636
2026-02-26 13:00:00,120.62002,114.7875901294579,120.23287826557356,120.8945,116.26991716637087,118.34515657548539,116.1308989324755,115.4512700931783
2026-02-26 14:00:00,120.62002,115.47919965302742,121.09011352361117,120.8945,116.26991716637087,119.202391833523,116.80717276747265,116.08488268491676
2026-02-26 15:00:00,120.62102,117.0561656928652,122.53881843474969,126.3975,121.77291716637087,120.65109674466152,118.95527569580038,118.06424686689803
2026-02-26 16:00:00,129.26602,117.92168145169109,123.1907156018628,129.5405,124.91591716637089,121.30299391177464,119.9599119742936,119.12727511460439
2026-02-26 17:00:00,129.26602,118.04466498329782,123.29303995779532,129.5405,124.91591716637089,121.40531826770714,120.07329902478705,119.24272302004722
2026-02-26 18:00:00,129.26602,125.65946520451055,124.18009085359724,129.5405,124.91591716637089,122.29236916350906,124.8383478245558,124.15885155144859
2026-02-26 19:00:00,129.98602,125.83124773008691,124.54851509526856,130.2605,125.63591716637089,122.66079340518039,125.08560014013503,124.48679529644664
2026-02-26 20:00:00,129.98602,124.9068789677624,123.66513511168904,129.5405,124.91591716637089,121.77741342160087,124.26039500751166,123.67357270846632
2026-02-26 21:00:00,129.26602,124.24000393890118,123.18817949446655,129.5405,124.91591716637089,121.30045780437838,123.70954300522494,123.21683542997576
2026-02-26 22:00:00,129.26602,122.889817380992,122.11513365051788,128.0305,123.40591716637087,120.2274119604297,122.43851029941375,122.0147088888087
2026-02-26 23:00:00,126.12302,121.33592718164832,120.86613989368507,126.3975,121.77291716637087,118.9784182035969,120.9337225584491,120.62737732856259
2026-02-27 00:00:00,112.71828,119.4768819645561,119.0555659392668,120.62002,115.99543716637088,117.16784424917863,118.5090766071248,117.50247520505734
2026-02-27 01:00:00,112.71828,112.80637675400826,113.99861060463444,120.62002,111.99794632773525,112.22187773364604,112.36683751415569,111.66157611375567
2026-02-27 02:00:00,112.71828,112.61371833742396,113.7700950902747,120.62002,111.99794632773525,111.9933622192863,112.2108022786531,111.50052351806407
2026-02-27 03:00:00,112.71828,112.78581065836572,113.91355665622584,120.62002,111.99794632773525,112.13682378523744,112.34889502673846,111.64909004631049
2026-02-27 04:00:00,112.71828,113.00006056493837,114.1475671541842,120.62002,111.99794632773525,112.3708342831958,112.52180685982111,111.87596090191388
2026-02-27 05:00:00,118.22128,113.7144279325321,114.29842949405084,120.62002,111.99794632773525,112.52169662306244,113.088813894124,112.61404703760255
2026-02-27 06:00:00,118.22128,110.0880630504495,114.92851837099016,120.62002,111.99794632773525,113.15178550000176,110.67121669544176,110.4007879045895
2026-02-27 07:00:00,112.71928,109.83485983725028,115.18365533818402,120.62002,111.99794632773525,113.40692246719563,110.60267936779398,110.4890986407255
2026-02-27 08:00:00,112.71828,110.27152667170158,116.01415105867656,120.62002,111.99794632773525,114.23741818768816,111.07159078791375,111.08002519171497
2026-02-27 09:00:00,112.71828,109.83723512395292,115.9035104835202,120.62002,111.99794632773525,114.1267776125318,110.80417854017836,110.86834565731431
2026-02-27 10:00:00,112.71828,110.07950833592696,116.46218161904535,120.62002,111.99794632773525,114.68544874805696,111.09188232537691,111.2469447689038
2026-02-27 11:00:00,112.71828,109.33961464401077,116.13456642714718,120.62002,111.99794632773525,114.35783355615878,110.59627035545975,110.82934128769476
2026-02-27 12:00:00,112.71828,113.512279081641,116.24065353245196,120.62002,111.99794632773525,114.46392066146356,113.5204078577665,113.68582354362816
2026-02-27 13:00:00,112.71828,113.54902664389104,116.44445394243752,120.62002,111.99794632773525,114.66772107144912,113.55131403649298,113.92081463006264
2026-02-27 14:00:00,112.71928,113.58022462900432,116.74546734442694,120.62002,111.99794632773525,114.96873447343854,113.57756366996432,114.2387444871201
2026-02-27 15:00:00,118.22128,113.41153827171172,116.70969383751202,120.62102,111.99894632773525,114.93296096652362,113.43663635590238,114.83565075911834
2026-02-27 16:00:00,121.36428,115.76411358448144,118.27940500720132,129.26602,120.64394632773525,116.50267213621292,116.83991691115696,118.25251367396073
2026-02-27 17:00:00,121.36428,116.29808853687209,118.85974236469548,129.26602,120.64394632773525,117.08300949370708,117.28599607792962,118.73915655344696
2026-02-27 18:00:00,121.36428,122.03792791937516,119.38684724982492,129.26602,120.64394632773525,117.61011437883653,121.37636960975195,122.71476712028434
2026-02-27 19:00:00,122.08428,122.66429945267907,119.74441293718402,129.98602,121.36394632773525,117.96768006619563,122.02950406325783,123.43241446711623
2026-02-27 20:00:00,121.36428,122.2386451328362,119.47053065500484,129.98602,121.36394632773525,117.69379778401644,121.65937396228748,123.02458486567696
2026-02-27 21:00:00,121.36428,120.45917518883772,118.085281951936,129.26602,120.64394632773525,116.3085490809476,120.01836102009361,121.24501011201978
2026-02-27 22:00:00,121.36428,119.401061163247,117.37861731383389,129.26602,120.64394632773525,115.60188444284549,119.0964939338815,120.1902012009989
2026-02-27 23:00:00,119.12528,117.08042070578335,115.81125598513276,126.12302,117.50094632773525,114.03452311414436,116.63333472536235,117.74942398620215
2026-02-28 00:00:00,122.28435,113.14696964472536,112.24535635079212,112.71828,104.09620632773525,110.46862347980372,111.5518187600053,111.03449731803526
2026-02-28 01:00:00,116.78235,122.11655941790498,120.40327918300994,112.71828,114.05719288094956,117.25505398300156,119.72262535995529,119.2565515978512
2026-02-28 02:00:00,116.78235,121.89775379089224,120.15818245458787,112.71828,114.05719288094956,117.00995725457949,119.4906450689657,119.00816765085362
2026-02-28 03:00:00,116.78235,121.53229539757336,120.01293626498236,112.71828,114.05719288094956,116.86471106497397,119.2601343422991,118.78016280998514
2026-02-28 04:00:00,122.18935,121.29211310237662,119.99630170644444,112.71828,114.05719288094956,116.84807650643606,119.14481015211945,118.67199676601584
2026-02-28 05:00:00,122.18935,121.08139818104954,120.89625744358771,118.22128,119.56019288094956,117.74803224357933,119.99124044252947,119.54998779322129
2026-02-28 06:00:00,122.28435,115.87630229029286,120.73767805617648,118.22128,119.56019288094956,117.5894528561681,116.80706058233415,116.41323953072133
2026-02-28 07:00:00,116.78235,115.74017594689995,120.0143107288466,112.71928,114.05819288094956,116.86608552883821,115.82412420608397,115.42568970342546
2026-02-28 08:00:00,116.78235,115.8402598574896,120.15988649567652,112.71828,114.05719288094956,117.01166129566813,115.87359287252634,115.47849928344613
2026-02-28 09:00:00,116.78235,115.26267110497794,119.72501633017578,112.71828,114.05719288094956,116.5767911301674,115.34447784827026,114.94847776531128
2026-02-28 10:00:00,116.78235,116.39028113553178,120.7182610636898,112.71828,114.05719288094956,117.57003586368141,116.27238121783891,115.88228777120965
2026-02-28 11:00:00,116.78235,115.67808633111096,120.08436444440754,112.71828,114.05719288094956,116.93613924439916,115.67192723176895,115.28213762205903
2026-02-28 12:00:00,116.78235,113.20828893005344,120.01495698884148,112.71828,114.05719288094956,116.86673178883309,114.16444438962996,113.79907610208912
2026-02-28 13:00:00,116.78235,113.5707261088888,120.28274076719076,112.71828,114.05719288094956,117.13451556718238,114.44057786313758,114.08440934696387
2026-02-28 14:00:00,116.78235,113.62900492337198,120.45204933666184,112.71928,114.05819288094956,117.30382413665346,114.57184285796552,114.2330116406506
2026-02-28 15:00:00,116.78235,115.01040621571848,121.57004839301248,118.22128,119.56019288094956,118.4218231930041,116.44665289968668,116.11991751908963
2026-02-28 16:00:00,122.28435,115.92650154381502,122.04154609655475,121.36428,122.70319288094956,118.89332089654637,117.4983306752155,117.1697402256387
2026-02-28 17:00:00,122.28535,116.44307688444304,122.58129808410467,121.36428,122.70319288094956,119.43307288409629,117.93597933715668,117.60656434776807
2026-02-28 18:00:00,122.28635,120.0490808542399,122.79046546197344,121.36428,122.70319288094956,119.64224026196506,120.20003451309051,119.8527550739446
2026-02-28 19:00:00,124.78235,121.94365103594384,123.1531807745698,122.08428,123.42319288094957,120.00495557456142,122.38699480232943,122.32012698415986
2026-02-28 20:00:00,122.28635,119.81602215754582,122.74162749167074,121.36428,122.70319288094956,119.59340229166236,120.18370403121484,119.84264457886083
2026-02-28 21:00:00,122.28635,119.57607270797736,122.51147438269152,121.36428,122.70319288094956,119.36324918268313,119.99032731578026,119.63779208204645
2026-02-28 22:00:00,122.28535,119.48314460903131,122.39551066827444,121.36428,122.70319288094956,119.24728546826606,119.90640196443596,119.54573462072379
2026-02-28 23:00:00,122.28435,118.21882937134018,121.53404779798508,119.12528,120.46419288094957,118.3858225979767,118.69537917264454,118.33438222341044
2026-03-01 00:00:00,103.13361,121.51599724432045,121.68068352787492,122.28435,123.62326288094957,118.53245832786654,121.70300328804692,121.59168287511478
2026-03-01 01:00:00,103.13361,102.96744726933876,106.2730116317708,116.78235,104.70756112600253,103.63145832087056,103.27346113073568,102.95545227328279
2026-03-01 02:00:00,103.13361,103.32531198068548,106.52274642362268,116.78235,104.70756112600253,103.88119311272244,103.53924005031809,103.19860648976807
2026-03-01 03:00:00,103.13361,103.23286365421043,106.59522726622436,116.78235,104.70756112600253,103.95367395532412,103.45989673537714,103.0912075940945
2026-03-01 04:00:00,103.13361,103.42560219491602,107.73202161416604,122.18935,110.11456112600254,105.09046830326581,104.79570649465012,104.4535905895029
2026-03-01 05:00:00,103.13361,103.27031352728709,106.93682989448403,122.18935,110.11456112600254,104.2952765835838,104.72322497992614,104.5152346861099
2026-03-01 06:00:00,103.13361,101.47733992091187,107.33591592501556,122.28435,110.20956112600254,104.69436261411532,103.66174317369322,103.51386114291378
2026-03-01 07:00:00,103.13361,101.53616252889596,106.90776342720972,116.78235,104.70756112600253,104.26621011630948,102.65252394480258,102.58849585817225
2026-03-01 08:00:00,103.13361,101.85850568342975,107.54481297956524,116.78235,104.70756112600253,104.903259668665,103.01906125580963,103.0486275784382
2026-03-01 09:00:00,103.13361,102.16522031054446,108.02626219912028,116.78235,104.70756112600253,105.38470888822005,103.27805220212663,103.30659494389
2026-03-01 10:00:00,103.13361,103.1275377752966,109.01209286396248,116.78235,104.70756112600253,106.37053955306224,104.04795258669294,104.11663379640473
2026-03-01 11:00:00,103.13361,104.08815063015992,109.8627263580143,116.78235,104.70756112600253,107.22117304711406,104.76619144815163,104.84262530483375
2026-03-01 12:00:00,103.13361,106.35364334039596,110.17656855079444,116.78235,104.70756112600253,107.53501523989421,106.22082379837879,106.25250559785043
2026-03-01 13:00:00,103.13361,106.39035388589488,110.18674218725452,116.78235,104.70756112600253,107.54518887635429,106.26306004939606,106.3280345248867
2026-03-01 14:00:00,103.13361,106.3903867640572,110.32486726054712,116.78235,104.70756112600253,107.68331394964689,106.27600830809631,106.3876716411165
2026-03-01 15:00:00,103.13361,106.43884261359288,110.37755761886967,116.78235,104.70756112600253,107.73600430796944,106.33066604023823,106.4594055429947
2026-03-01 16:00:00,103.13361,108.10371804423232,111.37565082579094,122.28435,110.20956112600254,108.7340975148907,108.624785048055,108.75483315148249
2026-03-01 17:00:00,107.63261,108.97230249917304,112.5370594919289,122.28535,110.21056112600253,109.89550618102867,109.30337961551116,109.38452950678992
2026-03-01 18:00:00,108.35261,114.3756029932023,112.36813391759392,122.28635,110.21156112600254,109.72658060669369,112.90350749010179,113.05916460570879
2026-03-01 19:00:00,108.35261,115.97015590449595,113.6245198658884,124.78235,112.70756112600253,110.98296655498817,114.61397529615282,114.7189683512853
2026-03-01 20:00:00,108.35261,114.65900772564272,112.8306329810485,122.28635,110.21156112600254,110.18907967014826,113.2018124418024,113.34214201336785
2026-03-01 21:00:00,108.35261,113.56326825176968,111.6563329443112,122.28635,110.21156112600254,109.01477963341097,112.25897711583953,112.25564545796657
2026-03-01 22:00:00,107.63261,112.86379294792236,111.29024805480056,122.28535,110.21056112600253,108.64869474390032,111.6357882077578,111.48979115623172
2026-03-01 23:00:00,107.63261,111.51389637007772,109.9980265806543,122.28435,110.20956112600254,107.35647326975406,110.45058145526917,110.13568797161108
2026-03-02 00:00:00,101.84342,106.10130020792752,106.0722556230284,103.13361,91.05882112600254,103.43070231212816,104.2009433455014,103.85830959020657
2026-03-02 01:00:00,101.84342,101.57221525623406,102.57697544103434,103.13361,105.12304102436588,99.77396720252153,102.01470613271172,101.51799560394102
2026-03-02 02:00:00,101.84342,101.6830009881034,102.54943059744043,103.13361,105.12304102436588,99.74642235892763,101.82098461101657,101.23223840325291
2026-03-02 03:00:00,101.84342,101.60478581717912,102.7144939155592,103.13361,105.12304102436588,99.9114856770464,101.7961844993226,101.19345837815085
2026-03-02 04:00:00,104.47142,101.94610637986416,102.89443757881698,103.13361,105.12304102436588,100.09142934030417,102.24038635096942,101.71651514925527
2026-03-02 05:00:00,105.49242,102.7024985547386,102.38414149760922,103.13361,105.12304102436588,99.58113325909642,102.60990175175513,102.1423522876423
2026-03-02 06:00:00,105.49242,97.64539094953577,102.9061960221952,103.13361,105.12304102436588,100.1031877836824,99.57923069561089,99.16295955216115
2026-03-02 07:00:00,105.43642,98.07659099061648,103.47941665864414,103.13361,105.12304102436588,100.67640842013134,99.85065860330303,99.43872068122232
2026-03-02 08:00:00,104.47142,100.50622901727418,105.71196114766052,103.13361,105.12304102436588,102.90895290914771,101.83788243004935,101.44010897819288
2026-03-02 09:00:00,101.84342,100.49941144845032,105.93351478772937,103.13361,105.12304102436588,103.13050654921656,101.70955500659005,101.3087965822948
2026-03-02 10:00:00,101.84342,100.60711547891748,106.19507186249324,103.13361,105.12304102436588,103.39206362398043,101.69606729982114,101.29070905183598
2026-03-02 11:00:00,104.47142,101.73924102072804,107.2187770561752,103.13361,105.12304102436588,104.4157688176624,102.61546339701172,102.21523887621346
2026-03-02 12:00:00,104.47142,105.06504210329511,108.9592668204237,103.13361,105.12304102436588,106.15625858191089,104.9993419390441,104.5906081586346
2026-03-02 13:00:00,104.47142,106.20656014467905,110.6789136006369,103.13361,105.12304102436588,107.8759053621241,106.25689089532247,105.89984137742347
2026-03-02 14:00:00,105.49242,107.44448073283502,111.90958914223395,103.13361,105.12304102436588,109.10658090372115,107.35543672199823,107.03822579523106
2026-03-02 15:00:00,105.49242,108.45714012568013,113.04507846118888,103.13361,105.12304102436588,110.24207022267608,108.26190284951997,107.96134600984436
2026-03-02 16:00:00,106.34242,109.28906725664724,114.23114559747604,103.13361,105.12304102436588,111.42813735896324,109.0888936161268,108.79694450247317
2026-03-02 17:00:00,107.06242,111.49702943931284,117.48457397119807,107.63261,109.62204102436587,114.68156573268527,112.12881850467596,111.9080247464348
2026-03-02 18:00:00,108.40842,117.47009058896724,119.8128525725392,108.35261,110.34204102436587,117.0098443340264,116.63113208457774,116.47495976029526
2026-03-02 19:00:00,108.40842,118.98752766360349,121.03834191077748,108.35261,110.34204102436587,118.23533367226467,117.59861838708949,117.42763730378593
2026-03-02 20:00:00,108.40742,117.33452126386918,118.76697127982378,108.35261,110.34204102436587,115.96396304131098,115.54781280500819,115.23726610747597
2026-03-02 21:00:00,108.40742,115.0420136601847,115.45903615124656,108.35261,110.34204102436587,112.65602791273376,113.26444871763047,112.90630576874277
2026-03-02 22:00:00,107.06242,112.81622773283648,112.4387469548193,107.63261,109.62204102436587,109.63573871630649,111.55190512437537,111.28118005032158
2026-03-02 23:00:00,105.49242,108.91756236020116,108.53619472637052,107.63261,109.62204102436587,105.73318648785772,108.49183833099042,108.17779667743852
2026-03-03 00:00:00,111.27833,108.92594561102752,106.38286455499596,101.84342,103.83285102436587,103.57985631648316,107.15577409198569,107.35601532761429
2026-03-03 01:00:00,111.27833,111.46485223088764,110.28499477432732,101.84342,110.36350745235164,106.47735677871225,110.73457013197097,110.5660020178538
2026-03-03 02:00:00,111.27833,111.20249969497458,109.96215412661516,101.84342,110.36350745235164,106.1545161310001,110.5221343830021,110.22002230506868
2026-03-03 03:00:00,111.27833,110.61544475789678,109.46054528087367,101.84342,110.36350745235164,105.6529072852586,110.05039654692771,109.61820853614722
2026-03-03 04:00:00,113.90633,111.091453499785,110.55902842765144,104.47142,112.99150745235164,106.75139043203637,110.95430201354824,110.37966876247253
2026-03-03 05:00:00,114.77733,112.02235805292705,112.61965865715092,105.49242,114.01250745235164,108.81202066153585,111.92039726583057,111.60438221416712
2026-03-03 06:00:00,114.77733,109.31818653828178,112.60058613603285,105.49242,114.01250745235164,108.79294814041778,110.0773093774303,109.94398184431262
2026-03-03 07:00:00,114.77733,110.32447164003663,113.9145366458157,105.43642,113.95650745235164,110.10689865020063,110.98294563985428,111.03531303691966
2026-03-03 08:00:00,113.90633,111.76563527715268,115.36167860464734,104.47142,112.99150745235164,111.55404060903227,112.00996451666967,112.17656311199892
2026-03-03 09:00:00,111.27833,114.17979554229026,116.98136585215228,101.84342,110.36350745235164,113.17372785653721,113.33708632204078,113.6334490498142
2026-03-03 10:00:00,111.27833,113.71199703268988,116.94130924220852,101.84342,110.36350745235164,113.13367124659345,113.0709284185519,113.44530669995257
2026-03-03 11:00:00,111.27833,116.0069958390228,119.10347288364557,104.47142,112.99150745235164,115.2958348880305,115.37648066313328,115.54936231955416
2026-03-03 12:00:00,111.27833,112.60045138656592,120.77544154953527,104.47142,112.99150745235164,116.9678035539202,113.21408767198831,113.61269753200177
2026-03-03 13:00:00,113.90633,113.59049410043784,121.63835256139038,104.47142,112.99150745235164,117.83071456577531,114.04189008250933,114.55304175079353
2026-03-03 14:00:00,114.77733,114.90319071425088,123.50494958549186,105.49242,114.01250745235164,119.69731158987679,115.3095924350892,115.85770849260662
2026-03-03 15:00:00,116.49733,113.54970398918888,121.21819786275286,105.49242,114.01250745235164,117.41055986713779,114.17715241844563,114.74127074050105
2026-03-03 16:00:00,116.49733,113.35756350095484,120.9894480258088,106.34242,114.86250745235165,117.18181003019373,114.15758507091623,114.98595771255283
2026-03-03 17:00:00,117.84233,114.61048386751804,122.86930890654564,107.06242,115.58250745235165,119.06167091093057,115.32506446667344,116.5601930214458
2026-03-03 18:00:00,125.77733,120.81217157807228,125.729452864194,108.40842,116.92850745235165,121.92181486857893,120.15199444608238,121.60392744595556
2026-03-03 19:00:00,195.77733,120.85732624431566,125.55170226659608,108.40842,116.92850745235165,121.74406427098101,120.20475400917638,121.71314487540768
2026-03-03 20:00:00,117.84333,120.25249717574992,125.04780540219797,108.40742,116.92750745235165,121.2401674065829,119.68384928898965,121.07279021996075
2026-03-03 21:00:00,117.84333,118.19904668020416,122.3184335024178,108.40742,116.92750745235165,118.51079550680274,117.97063097860003,119.2639574944066
2026-03-03 22:00:00,117.84333,115.5192502584756,120.10021816315142,107.06242,115.58250745235165,116.29258016753636,115.46929315982388,116.21343533741658
2026-03-03 23:00:00,116.49733,111.6649811879611,115.55828959409352,105.49242,114.01250745235164,111.75065159847846,112.00004423006038,112.12170773636998
2026-03-04 00:00:00,113.48755,112.71123806679957,112.6244698359048,111.27833,119.79841745235164,108.81683184028974,113.59850264143014,113.33503698346583
2026-03-04 01:00:00,113.48755,114.06989900782762,113.40781619426916,111.27833,112.14908587958648,110.94563152469804,113.17878178950963,112.56598522815722
2026-03-04 02:00:00,113.48755,113.80895333387656,113.13535896778114,111.27833,112.14908587958648,110.67317429821003,112.9698051838267,112.33339271584725
2026-03-04 03:00:00,113.48755,112.9866417365667,112.0471254708044,111.27833,112.14908587958648,109.58494080123329,112.36453602220058,111.7841174489573
2026-03-04 04:00:00,113.48755,113.6613894567646,113.56021197526864,113.90633,114.77708587958648,111.09802730569753,113.49806157725355,112.97954267762879
2026-03-04 05:00:00,116.11555,114.97669641735158,115.38583779128751,114.77733,115.64808587958649,112.9236531217164,114.63712716251294,114.03618806035757
2026-03-04 06:00:00,116.11555,110.88048016439087,114.73940722742827,114.77733,115.64808587958649,112.27722255785716,112.06155467685612,111.63544285586326
2026-03-04 07:00:00,113.48755,112.13940939687365,116.12653626114928,114.77733,115.64808587958649,113.66435159157817,113.13285777591274,112.81315393804972
2026-03-04 08:00:00,113.48755,112.01098788102952,116.18807494499804,113.90633,114.77708587958648,113.72589027542692,112.97777883044438,112.79279197433449
2026-03-04 09:00:00,113.48755,114.32443844747078,117.44633323218522,111.27833,112.14908587958648,114.98414856261411,113.94782934724587,113.58148470054425
2026-03-04 10:00:00,113.48755,116.37445375742249,118.83384628581004,111.27833,112.14908587958648,116.37166161623892,115.36381558122294,114.96772698470382
2026-03-04 11:00:00,113.48755,115.9556826168442,119.25535815513302,111.27833,112.14908587958648,116.79317348556191,115.37745508344331,115.24257953798843
2026-03-04 12:00:00,113.48755,113.78196366841144,119.6488178067595,111.27833,112.14908587958648,117.18663313718838,114.17194452412146,114.20755687708315
2026-03-04 13:00:00,113.48755,116.11798956943854,122.18779331947442,113.90633,114.77708587958648,119.72560864990331,116.51376350714327,116.62230574069818
2026-03-04 14:00:00,116.11555,117.95453344944524,124.23402761817064,114.77733,115.64808587958649,121.77184294859953,118.14386527126656,118.27005398731752
2026-03-04 15:00:00,116.11555,117.81193872139016,123.54618136805264,116.49733,117.36808587958649,121.08399669848153,118.6050596002702,119.1512742006369
2026-03-04 16:00:00,116.48655,118.18827044869708,124.3000007035855,116.49733,117.36808587958649,121.83781603401438,118.96614437478256,119.63762278947323
2026-03-04 17:00:00,120.68655,121.28197106083404,128.04248093730595,117.84233,118.71308587958649,125.58029626773484,121.58464034988093,122.10896405737854
2026-03-04 18:00:00,120.68655,131.0544039299874,133.4581966271963,125.77733,126.64808587958649,130.99601195762517,130.18819404915283,130.7872382585671
2026-03-04 19:00:00,127.98655,162.57259738515293,151.09830067160502,195.77733,196.6480858795865,148.6361160020339,165.94616185594168,166.28226422915515
2026-03-04 20:00:00,120.68655,127.3970573502123,131.42170123963723,117.84333,118.71408587958648,128.9595165700661,126.09807180419985,126.61819764927418
2026-03-04 21:00:00,120.68655,125.20097080873516,128.95466821707774,117.84333,118.71408587958648,126.49248354750662,124.18251233996303,124.5117820156198
2026-03-04 22:00:00,120.05155,122.09083600637344,125.34904322840045,117.84333,118.71408587958648,122.88685855882933,121.46716693043984,121.55661057804636
2026-03-04 23:00:00,116.48655,117.04513320603768,118.39159846880992,116.49733,117.36808587958649,115.9294137992388,117.00825309028892,116.92949666080577
2026-03-05 00:00:00,115.21316,114.89458328894152,114.91499646759225,113.48755,114.35830587958648,112.45281179802113,114.42635524558636,114.01987911585242
2026-03-05 01:00:00,115.21316,116.23827121844968,115.941959987357,113.48755,117.59538687160598,113.20986402988302,115.94007987175296,115.2360298831041
2026-03-05 02:00:00,115.21316,116.72669601939208,115.7998012448562,113.48755,117.59538687160598,113.06770528738222,116.32384410126559,115.66659633793638
2026-03-05 03:00:00,115.21316,116.74556469156737,115.63498000996944,113.48755,117.59538687160598,112.90288405249547,116.33623218434035,115.69070218553638
2026-03-05 04:00:00,115.21316,116.97128886339831,116.30087887964469,113.48755,117.59538687160598,113.56878292217071,116.52501747823007,115.9082471010907
2026-03-05 05:00:00,115.21316,117.72682435444744,117.46494019306049,116.11555,120.22338687160598,114.73284423558651,117.65110270053597,117.5851720586705
2026-03-05 06:00:00,115.21316,112.60229449411766,117.26627845400756,116.11555,120.22338687160598,114.53418249653359,114.08887327335803,114.20692014109383
2026-03-05 07:00:00,115.21316,112.31435850402347,117.33101404637296,113.48755,117.59538687160598,114.59891808889898,113.50131123138038,113.48614224464829
2026-03-05 08:00:00,115.21316,113.25536706270708,118.40226137079466,113.48755,117.59538687160598,115.67016541332069,114.31530702210468,114.36666153112745
2026-03-05 09:00:00,115.21316,115.38303567905064,120.65425416171615,113.48755,117.59538687160598,117.92215820424218,116.1051690736778,116.25698190889506
2026-03-05 10:00:00,115.21316,116.5645433445104,121.92092848042624,113.48755,117.59538687160598,119.18883252295227,117.10494024119606,117.30465399640639
2026-03-05 11:00:00,115.21316,117.0618490157992,122.5948967374141,113.48755,117.59538687160598,119.86280077994013,117.56563571891635,117.81389954436132
2026-03-05 12:00:00,115.21316,118.8729869799218,123.60771795492516,113.48755,117.59538687160598,120.87562199745119,119.03706126352613,119.37782040976163
2026-03-05 13:00:00,115.21316,119.81527892558032,124.85255799575108,113.48755,117.59538687160598,122.12046203827711,119.82533962847472,120.21772693889298
2026-03-05 14:00:00,115.21316,121.3825413838992,126.4932555620975,116.11555,120.22338687160598,123.76115960462353,121.57265672125928,122.2873317275712
2026-03-05 15:00:00,115.21316,121.5592584386374,126.59479192230457,116.11555,120.22338687160598,123.86269596483059,121.72033412722111,122.46980365036826
2026-03-05 16:00:00,115.21316,122.23173295641531,127.68484999583208,116.48655,120.59438687160598,124.95275403835811,122.34447524206452,123.77645272452882
2026-03-05 17:00:00,119.71216,124.39560312516826,129.95115252602773,120.68655,124.79438687160598,127.21905656855375,124.85159868043313,126.20082283462843
2026-03-05 18:00:00,121.77716,130.22711351821798,131.77344719104565,120.68655,124.79438687160598,129.04135123357167,129.16764080526173,130.4774552500394
2026-03-05 19:00:00,121.77716,133.47060597121313,133.5968395660022,127.98655,132.094386871606,130.86474360852822,133.04051362013192,134.83579764152645
2026-03-05 20:00:00,121.77716,130.670923684049,131.69898809803783,120.68655,124.79438687160598,128.96689214056386,129.57881636783682,131.24967401040956
2026-03-05 21:00:00,120.21216,129.9774910422757,131.3484475718872,120.68655,124.79438687160598,128.61635161441322,128.96896911009992,130.31397873664244
2026-03-05 22:00:00,119.71216,126.36017435836942,127.71523405484052,120.05155,124.15938687160599,124.98313809736655,125.79267084580627,126.96663405525152
2026-03-05 23:00:00,115.21316,120.20112133936983,122.0598091020576,116.48655,120.59438687160598,119.32771314458363,120.00708082312359,120.37469772756576
2026-03-06 00:00:00,110.28468,119.628969947963,119.26491279149047,115.21316,119.32099687160598,116.5328168340165,118.58554991409858,117.93288092525702
2026-03-06 01:00:00,110.28468,110.09532865229346,111.68481194739591,115.21316,114.43861854631852,108.12687877407397,110.38591921729926,109.87902658716132
2026-03-06 02:00:00,110.28468,109.914739458348,111.46529719020656,115.21316,114.43861854631852,107.90736401688461,110.22656205469873,109.72039570632559
2026-03-06 03:00:00,110.28468,110.3867388365581,111.58005415209516,115.21316,114.43861854631852,108.02212097877322,110.43869135095721,109.90530831707412
2026-03-06 04:00:00,110.28468,111.39100546217682,112.69722680343838,115.21316,114.43861854631852,109.13929363011644,111.43228044863237,110.93802517233871
2026-03-06 05:00:00,110.28468,112.62767323873106,113.36826611133785,115.21316,114.43861854631852,109.8103329380159,112.35665663616425,111.88693113572442
2026-03-06 06:00:00,110.28468,109.03471465145138,114.4431832501702,115.21316,114.43861854631852,110.88525007684825,110.3648410593744,109.9410977757665
2026-03-06 07:00:00,110.28468,110.80500017948094,116.0991468941386,115.21316,114.43861854631852,112.54121372081666,111.79018982230963,111.37481877956104
2026-03-06 08:00:00,110.28468,111.10745038655972,116.60148387715635,115.21316,114.43861854631852,113.04355070383441,111.92134162961047,111.50578969556076
2026-03-06 09:00:00,110.28468,112.11690650653748,117.63241468102268,115.21316,114.43861854631852,114.07448150770074,112.6803361310929,112.26718475420712
2026-03-06 10:00:00,110.28468,112.98019099754671,118.55370719053523,115.21316,114.43861854631852,114.9957740172133,113.3940011537017,113.00991388468728
2026-03-06 11:00:00,110.28468,112.43985299877826,118.12772751257914,115.21316,114.43861854631852,114.5697943392572,112.90793729247416,112.52355935952669
2026-03-06 12:00:00,110.28468,114.96993238923676,119.82897195827148,115.21316,114.43861854631852,116.27103878494954,114.86414724399606,114.48164997032727
2026-03-06 13:00:00,110.28468,115.21421308999167,120.86727729628568,115.21316,114.43861854631852,117.30934412296374,115.38253084956838,115.01715927847106
2026-03-06 14:00:00,110.28468,115.80281555237283,121.80432405822827,115.21316,114.43861854631852,118.24639088490633,116.0620139449906,115.7279262856513
2026-03-06 15:00:00,110.28468,115.86475936045272,122.3357051849272,115.21316,114.43861854631852,118.77777201160526,116.62787664577303,116.42347696625461
2026-03-06 16:00:00,114.78368,117.12552814673998,124.0357729404629,115.21316,114.43861854631852,120.47783976714096,117.61088585416425,117.33191486946343
2026-03-06 17:00:00,114.78368,118.9375863485728,125.7645455325516,119.71216,118.93761854631852,122.20661235922965,119.71685825504423,119.43409179731441
2026-03-06 18:00:00,116.78368,125.7978127265951,127.57419826829016,121.77716,121.00261854631852,124.01626509496822,124.82482358274953,124.61455434701698
2026-03-06 19:00:00,116.84868,126.78474467974765,128.03191587165358,121.77716,121.00261854631852,124.47398269833164,125.41003750389766,125.20846654154732
2026-03-06 20:00:00,116.78368,126.05521336646164,126.87927480509272,121.77716,121.00261854631852,123.32134163177078,124.53883964689892,124.29334902501988
2026-03-06 21:00:00,116.78368,123.05783328691452,124.37790062602146,120.21216,119.43761854631852,120.81996745269952,121.82782406006874,121.49168941986412
2026-03-06 22:00:00,114.78368,120.304914321592,121.47507263593084,119.71216,118.93761854631852,117.9171394626089,119.41977878071253,119.03021975871303
2026-03-06 23:00:00,110.28468,116.50358864407936,119.09647188669088,115.21316,114.43861854631852,115.53853871336894,116.25404644300157,115.86186625678369
2026-03-07 00:00:00,114.4743,115.96882183042584,116.35301059688852,110.28468,109.51013854631852,112.79507742356658,114.15456184891308,114.12016924214699
2026-03-07 01:00:00,114.4743,114.2347073135416,113.97316283471817,110.28468,111.39974780329268,111.17094824238838,113.29173552670954,113.16527533619418
2026-03-07 02:00:00,114.4743,114.275171098348,113.7339660536194,110.28468,111.39974780329268,110.93175146128961,113.31990387978207,113.21848065178168
2026-03-07 03:00:00,114.4743,114.28658808850813,114.0435576441386,110.28468,111.39974780329268,111.24134305180881,113.33367016887965,113.18036500588643
2026-03-07 04:00:00,114.4743,113.85666338666204,113.8993560298089,110.28468,111.39974780329268,111.09714143747911,112.991711723334,112.9980439276085
2026-03-07 05:00:00,114.4743,113.05101091834692,113.05949158512286,110.28468,111.39974780329268,110.25727699279307,112.34215285495944,112.33337497206747
2026-03-07 06:00:00,114.4743,109.632892573308,113.39868086035256,110.28468,111.39974780329268,110.59646626802277,109.98526523854706,110.10948311404375
2026-03-07 07:00:00,114.4733,110.40441222404922,114.24771696731176,110.28468,111.39974780329268,111.44550237498197,110.64450887761531,110.64182937936842
2026-03-07 08:00:00,114.4733,110.83203666888744,114.88631156297036,110.28468,111.39974780329268,112.08409697064057,111.05708093774238,111.2407562951435
2026-03-07 09:00:00,114.3813,110.67707651433427,115.20344732590696,110.28468,111.39974780329268,112.40123273357717,111.06083202224089,111.3434238579469
2026-03-07 10:00:00,114.3813,112.1089204586218,116.55521853517972,110.28468,111.39974780329268,113.75300394284993,112.22140041628076,112.52167779851867
2026-03-07 11:00:00,114.4733,111.73813043014268,116.3563007020641,110.28468,111.39974780329268,113.55408610973431,111.96530048258276,112.30378478042027
2026-03-07 12:00:00,114.3813,110.27823116693273,116.06818017452773,110.28468,111.39974780329268,113.26596558219794,110.90725143781374,111.26189820320538
2026-03-07 13:00:00,114.4743,110.13710274736164,116.17349519983684,110.28468,111.39974780329268,113.37128060750705,110.78960580150999,111.11269605861243
2026-03-07 14:00:00,114.4733,110.51871789418692,116.60662815249992,110.28468,111.39974780329268,113.80441356017013,111.10875651915754,111.88358891125361
2026-03-07 15:00:00,114.4743,110.0214679502576,116.37750493111572,110.28468,111.39974780329268,113.57529033878593,110.6931853449259,111.4417481836875
2026-03-07 16:00:00,114.4753,112.0181798241196,117.76147878094493,114.78368,115.8987478032927,114.95926418861514,113.10966099157274,113.77248031532693
2026-03-07 17:00:00,115.7523,113.29348736559102,118.84836859737032,114.78368,115.8987478032927,116.04615400504053,114.17550253840878,114.92882148939819
2026-03-07 18:00:00,116.2523,119.1570391642006,119.9942037554035,116.78368,117.8987478032927,117.19198916307371,118.80222009953076,119.89369808985718
2026-03-07 19:00:00,116.2523,118.90851088241996,119.67612506783864,116.84868,117.96374780329269,116.87391047550885,118.6039801735653,119.87337163463141
2026-03-07 20:00:00,116.2523,117.77877880919992,118.76316886954032,116.78368,117.8987478032927,115.96095427721053,117.61953396145022,118.6259078776497
2026-03-07 21:00:00,116.2523,116.9291735672676,118.00969568208896,116.78368,117.8987478032927,115.20748108975917,116.89039988661844,117.68974632121869
2026-03-07 22:00:00,115.9083,115.37871952468694,116.68924761284306,114.78368,115.8987478032927,113.88703302051327,115.27545087589628,115.7946504298172
2026-03-07 23:00:00,115.7523,112.80732284273398,114.78302266262274,110.28468,111.39974780329268,111.98080807029295,112.41315123687751,112.7641079383141
2026-03-08 00:00:00,108.18068,115.017225865316,115.48638790711364,114.4743,115.58936780329269,112.68417331478385,114.48114996172541,114.42988238900827
2026-03-08 01:00:00,108.18068,107.7953427061982,110.40696056235969,114.4743,109.14713725205254,107.18389272316976,107.85809938259739,107.75897818145268
2026-03-08 02:00:00,108.18068,108.0686544805879,110.3764975339214,114.4743,109.14713725205254,107.15342969473147,108.02756086134367,107.89837002337222
2026-03-08 03:00:00,108.18068,107.51184806703414,110.27459158863552,114.4743,109.14713725205254,107.0515237494456,107.63514628979269,107.55589695370821
2026-03-08 04:00:00,108.18068,107.16792482881898,109.4203510289138,114.4743,109.14713725205254,106.19728318972388,107.26328423329662,107.09779690374576
2026-03-08 05:00:00,108.18068,106.0705785853065,107.8737380611576,114.4743,109.14713725205254,104.65067022196767,106.24741504413478,106.01157250160753
2026-03-08 06:00:00,108.18068,103.16980094273164,107.93030828897804,114.4743,109.14713725205254,104.70724044978812,104.4650786689116,104.2023975127438
2026-03-08 07:00:00,108.17768,103.34664000638725,108.23521800396676,114.4733,109.14613725205254,105.01215016477684,104.6455709141863,104.31915661487753
2026-03-08 08:00:00,101.70468,105.28151932624564,110.06025831353116,114.4733,109.14613725205254,106.83719047434124,106.24907381345957,105.87211067001004
2026-03-08 09:00:00,101.70468,106.5846579544112,111.27683416552983,114.3813,109.05413725205254,108.05376632633991,107.31499468557026,106.893765756557
2026-03-08 10:00:00,101.70468,107.74697630156015,112.31912279121804,114.3813,109.05413725205254,109.09605495202811,108.24807695052853,107.8149988521351
2026-03-08 11:00:00,101.70468,109.50276198769168,113.78180663653708,114.4733,109.14613725205254,110.55873879734716,109.62381343595496,109.2378286359581
2026-03-08 12:00:00,101.70468,108.60318168317968,114.4628344296502,114.3813,109.05413725205254,111.23976659046028,109.19883242453353,108.85244568943307
2026-03-08 13:00:00,101.70468,107.98800424313296,113.56747408667034,114.4743,109.14713725205254,110.34440624748042,108.64293827372252,108.24498459124382
2026-03-08 14:00:00,108.17768,108.11936894753694,114.16598722020449,114.4733,109.14613725205254,110.94291938101456,108.84641337368342,108.50438455635252
2026-03-08 15:00:00,108.18068,107.82636621370874,113.63262619617804,114.4743,109.14713725205254,110.40955835698811,108.5663218470958,108.17388795011384
2026-03-08 16:00:00,108.18068,107.9419505033452,113.16446553623636,114.4753,109.14813725205255,109.94139769704644,108.57473150088342,108.06694300238426
2026-03-08 17:00:00,109.94868,109.9829174027989,115.70522259150914,115.7523,110.42513725205255,112.48215475231922,110.72041639404974,110.09898764634589
2026-03-08 18:00:00,110.04868,116.77953091705668,117.69842965596662,116.2523,110.92513725205255,114.4753618167767,115.2975745566931,114.81403716573378
2026-03-08 19:00:00,110.04868,118.02974020860152,118.76560577608076,116.2523,110.92513725205255,115.54253793689084,116.35875009861554,115.76970607839029
2026-03-08 20:00:00,110.04868,116.80229468328828,117.71664244624463,116.2523,110.92513725205255,114.49357460705471,115.33423253523638,114.84788405685751
2026-03-08 21:00:00,110.04868,115.3441986639112,115.55118543307547,116.2523,110.92513725205255,112.32811759388555,113.9701557678862,113.43970400841395
2026-03-08 22:00:00,110.04868,113.40946927120558,113.70460392032685,115.9083,110.58113725205254,110.48153608113692,112.27605729185885,111.8622460643599
2026-03-08 23:00:00,109.94868,111.5487822583944,111.85357846904176,115.7523,110.42513725205255,108.63051062985184,110.63872847344517,110.34223030070042
2026-03-09 00:00:00,102.03342,109.43516386612755,109.46695945388588,108.18068,102.85351725205254,106.24389161469595,108.2548851879421,108.060977465116
2026-03-09 01:00:00,102.03342,101.92604228685052,103.39308905662412,108.18068,111.6811465292782,99.55935757004076,103.18525238376782,102.71479847242747
2026-03-09 02:00:00,102.03342,101.39277548566476,103.10178707320227,108.18068,111.6811465292782,99.26805558661891,102.71291231953089,102.20387562123884
2026-03-09 03:00:00,102.03342,101.69704407452868,103.68611342674748,108.18068,111.6811465292782,99.85238194016412,102.89451540486996,102.33291520385828
2026-03-09 04:00:00,102.03342,102.20001884898052,103.88626516207728,108.18068,111.6811465292782,100.05253367549392,103.3923883818883,102.90185730819987
2026-03-09 05:00:00,102.03342,103.83841012835484,104.57091619078636,108.18068,111.6811465292782,100.737184704203,104.82738762542542,104.44766929565732
2026-03-09 06:00:00,102.03342,101.68028401298096,105.38162233762738,108.18068,111.6811465292782,101.54789085104402,103.37889685303968,103.10750871415617
2026-03-09 07:00:00,102.03342,103.1007613304702,107.34310171703432,108.17768,111.6781465292782,103.50937023045095,104.62997337677186,104.42361094701165
2026-03-09 08:00:00,102.03342,104.57410039808778,108.1143812208682,101.70468,105.2051465292782,104.28064973428484,104.7516314778759,104.55021399147324
2026-03-09 09:00:00,102.03342,105.95731748008274,110.07054753091496,101.70468,105.2051465292782,106.2368160443316,105.96861481343434,105.82961434134566
2026-03-09 10:00:00,102.03342,105.95710054309905,110.76535001207816,101.70468,105.2051465292782,106.9316185254948,106.06047792411033,105.97539652891766
2026-03-09 11:00:00,102.03342,108.54990455640689,112.8934868180936,101.70468,105.2051465292782,109.05975533151025,108.11290454775947,108.02292069482361
2026-03-09 12:00:00,102.03342,109.34653763030366,114.90013812066108,101.70468,105.2051465292782,111.06640663407772,108.87889439168754,108.83753393014679
2026-03-09 13:00:00,102.03342,110.94150749968574,116.90654920845486,101.70468,105.2051465292782,113.0728177218715,110.24898912739536,110.24566669779338
2026-03-09 14:00:00,111.37742,114.73085975139116,120.57099398501728,108.17768,111.6781465292782,116.73726249843392,114.4214104661546,114.4820428003298
2026-03-09 15:00:00,111.37742,115.61197708925108,121.768326332053,108.18068,111.6811465292782,117.93459484546963,115.15536600333932,115.21378051016643
2026-03-09 16:00:00,113.37742,116.81997303934764,123.32339713507068,108.18068,111.6811465292782,119.48966564848732,116.14629694256222,116.19389404944077
2026-03-09 17:00:00,114.37742,118.95964257047906,125.9183100680534,109.94868,113.4491465292782,122.08457858147004,118.15201254136534,118.16935415204013
2026-03-09 18:00:00,116.37742,120.80780372983752,127.80101379373156,110.04868,113.5491465292782,123.9672823071482,119.87727349835613,120.0183448881412
2026-03-09 19:00:00,140.37742,122.51388672408608,128.6089246001398,110.04868,113.5491465292782,124.77519311355644,121.3796344772846,121.63112712770562
2026-03-09 20:00:00,116.37742,121.54811496480929,127.28493670868384,110.04868,113.5491465292782,123.45120522210048,120.43354655770042,120.58249856793111
2026-03-09 21:00:00,116.37742,118.83512847187934,122.84143105733332,110.04868,113.5491465292782,119.00769957074996,118.0734051897203,118.16049277523291
2026-03-09 22:00:00,113.37742,114.91467756272355,117.02418329908022,110.04868,113.5491465292782,113.19045181249686,114.64353443328574,114.61185758030138
2026-03-09 23:00:00,111.37742,110.98741255911898,112.61656175318907,109.94868,113.4491465292782,108.78283026660571,111.1890290789065,110.97995657276265
2026-03-10 00:00:00,107.66054,111.32297596425676,107.4523857731552,102.03342,105.5338865292782,103.61865428657184,108.68235990018802,108.69219301327435
2026-03-10 01:00:00,107.66054,107.711294615361,107.10229366710875,102.03342,109.54638074663583,103.98771518353547,107.10515631882191,107.06645506619432
2026-03-10 02:00:00,107.66054,107.70519862321892,106.78167409106332,102.03342,109.54638074663583,103.66709560749004,106.97196029475246,106.96979477085641
2026-03-10 03:00:00,107.66054,106.97722744268086,106.55941958696526,102.03342,109.54638074663583,103.44484110339198,106.39902110808623,106.50279894471367
2026-03-10 04:00:00,107.66054,107.69416503681109,106.7801071660588,102.03342,109.54638074663583,103.66552868248552,106.97316701018245,106.96099547354086
2026-03-10 05:00:00,107.66054,109.60978271456062,109.04348371327792,102.03342,109.54638074663583,105.92890522970464,108.76116159423755,108.69563596091575
2026-03-10 06:00:00,107.66054,106.7376307140872,109.50605675287991,102.03342,109.54638074663583,106.39147826930663,107.19864461149422,106.97754721492865
2026-03-10 07:00:00,114.29354,109.32387972918065,111.91586416275592,102.03342,109.54638074663583,108.80128567918264,109.38685716027813,109.07687316031841
2026-03-10 08:00:00,107.66054,112.29863532876163,114.56637253508158,102.03342,109.54638074663583,111.4517940515083,111.81678035717503,111.49192803130745
2026-03-10 09:00:00,107.66054,116.4250841485402,117.90684007382816,102.03342,109.54638074663583,114.79226159025488,115.01148542168885,114.84798396465025
2026-03-10 10:00:00,107.66054,116.85818974013807,118.4626811458484,102.03342,109.54638074663583,115.34810266227512,115.42770080063977,115.18445659280793
2026-03-10 11:00:00,107.66054,118.19685244482908,119.82313108119298,102.03342,109.54638074663583,116.7085525976197,116.57919807492829,116.26398013781211
2026-03-10 12:00:00,107.66054,114.83159835198336,122.74159825794048,102.03342,109.54638074663583,119.6270197743672,115.30048035128524,114.83541384624024
2026-03-10 13:00:00,107.66054,116.32589028027118,124.55330041820136,102.03342,109.54638074663583,121.43872193462808,116.66888931301843,116.17257692317625
2026-03-10 14:00:00,121.00454,120.27532292614754,128.66589273816004,111.37742,118.89038074663583,125.55131425458676,121.32435971646065,120.74064035402073
2026-03-10 15:00:00,121.00454,118.49161151417135,126.25425884655844,111.37742,118.89038074663583,123.13968036298516,119.71888292704544,119.05246629866609
2026-03-10 16:00:00,166.00454,118.51571279149624,126.77320498191928,113.37742,120.89038074663583,123.658626498346,120.0678061100893,119.51804094862393
2026-03-10 17:00:00,166.00454,120.894228289268,130.4514860630621,114.37742,121.89038074663583,127.33690757948882,122.37369874179012,122.07686103658722
2026-03-10 18:00:00,758.85354,128.1104542986132,133.89299180336377,116.37742,123.89038074663583,130.7784133197905,128.10377279307536,127.55226966201377
2026-03-10 19:00:00,805.09154,136.95636781197908,137.5467525638593,140.37742,147.89038074663583,134.43217408028602,137.81472615890718,136.65921479465672
2026-03-10 20:00:00,166.00454,125.43090760324294,128.80583750767028,116.37742,123.89038074663583,125.691259024097,125.22984854590676,124.55864546710491
2026-03-10 21:00:00,166.00454,120.9503035271968,123.00591067451614,116.37742,123.89038074663583,119.89133219094286,121.12534948656825,120.5004491434659
2026-03-10 22:00:00,166.00454,116.19288401099628,118.41663553064356,113.37742,120.89038074663583,115.30205704707028,116.62580569680102,116.2509222439698
2026-03-10 23:00:00,166.00454,112.37578098881956,114.27521558205484,111.37742,118.89038074663583,111.16063709848156,113.01961890105265,112.7550203053626
2026-03-11 00:00:00,118.17152,110.29125498690502,110.09913258100808,107.66054,115.17350074663582,106.9845540974348,110.82634105315842,110.69964962496371
2026-03-11 01:00:00,118.08252,119.37064133470597,118.67160314772428,107.66054,88.30040168948742,121.20958871498118,114.17673930927964,113.11140911915658
2026-03-11 02:00:00,118.08252,119.77424768827008,117.26874002024849,107.66054,88.30040168948742,119.80672558750538,114.47406775122123,113.50521312889725
2026-03-11 03:00:00,118.08252,117.56658084138162,115.9953397997804,107.66054,88.30040168948742,118.53332536703729,112.70959513024155,111.62510320006263
2026-03-11 04:00:00,118.17152,120.24250322357446,117.8863753620804,107.66054,88.30040168948742,120.4243609293373,114.8538714190785,113.91129949590058
2026-03-11 05:00:00,126.95052,119.4652877236375,118.34888459741796,107.66054,88.30040168948742,120.88687016467486,114.24693349295819,113.2700449160608
2026-03-11 06:00:00,126.95052,113.30942133420083,116.8398295006275,107.66054,88.30040168948742,119.3778150678844,109.75615094791874,108.81411547368087
2026-03-11 07:00:00,118.17152,111.55724281729248,117.0528273014362,114.29354,94.93340168948741,119.59081286869309,109.98376387881562,109.4313285688298
2026-03-11 08:00:00,118.17152,110.86789126790592,115.70505058803944,107.66054,88.30040168948742,118.24303615529634,108.10723416759299,107.46431359578375
2026-03-11 09:00:00,118.08252,116.00859412607296,119.2330107007202,107.66054,88.30040168948742,121.7709962679771,111.90702948165605,111.01127862298215
2026-03-11 10:00:00,118.08252,124.39659769050824,126.6796611292792,107.66054,88.30040168948742,129.2176466965361,118.56366062545551,117.70900075560935
2026-03-11 11:00:00,118.17152,125.25124132999647,127.37369480923556,107.66054,88.30040168948742,129.91168037649246,119.22720584344512,118.5075782733999
2026-03-11 12:00:00,118.08252,113.95492173517626,125.83598195134206,107.66054,88.30040168948742,128.37396751859896,110.81428254751626,110.0197974796165
2026-03-11 13:00:00,118.17152,115.92468072442018,127.7655544733492,107.66054,88.30040168948742,130.3035400406061,112.46134170154257,111.8386624638251
2026-03-11 14:00:00,126.95052,128.59907441956514,139.90790153873417,121.00454,101.64440168948742,142.44588710599106,125.27558427675558,125.30644575362602
2026-03-11 15:00:00,126.95052,140.80424847003886,150.23481983341284,121.00454,101.64440168948742,152.77280540066974,135.47853808061652,136.28742031000252
2026-03-11 16:00:00,139.95052,152.09152802672654,157.63673074376095,166.00454,146.6444016894874,160.17471631101785,152.39174834637305,154.68895361435202
2026-03-11 17:00:00,149.95052,192.39337426478752,206.32974852924596,166.00454,146.6444016894874,208.86773409650286,186.09408028741527,189.78433762551316
2026-03-11 18:00:00,1135.36452,486.6256611038569,423.0670966128748,758.85354,739.4934016894873,425.6050821801317,523.2847533040427,522.7506555534964
2026-03-11 19:00:00,761.95052,505.7723945736695,431.6852937327057,805.09154,785.7314016894874,434.22327929996254,546.7012044476627,547.1526152349451
2026-03-11 20:00:00,761.95052,206.7634828117154,208.90359933237605,166.00454,146.6444016894874,211.44158489963294,197.69446644565494,204.528751020208
2026-03-11 21:00:00,189.95052,145.42971687379338,144.71349892278892,166.00454,146.6444016894874,147.2514844900458,145.47248547629732,148.29329726615993
2026-03-11 22:00:00,139.95052,130.74404506716985,130.46949033940814,166.00454,146.6444016894874,133.00747590666504,132.90420535631927,134.8107813656047
2026-03-11 23:00:00,126.95052,132.35200067902804,128.68987691290616,166.00454,146.6444016894874,131.22786248016305,134.47613549187287,136.68676015468645
2026-03-12 00:00:00,138.33999,112.46424242020404,114.5233570540384,118.17152,98.81138168948742,117.0613426212953,113.45620297498826,112.90386157020905
2026-03-12 01:00:00,138.33999,140.92975493085737,137.81682398004733,118.08252,96.75783254604447,140.30152713772443,137.49762238929378,137.39130174906637
2026-03-12 02:00:00,138.33999,139.10884131860337,133.35050910084087,118.08252,96.75783254604447,135.83521225851797,135.4861708605683,135.03819395768008
2026-03-12 03:00:00,138.33999,138.97043648255078,134.57128668867938,118.08252,96.75783254604447,137.05598984635648,135.6091442971662,135.33446653551084
2026-03-12 04:00:00,138.33999,141.7176043835059,136.11532714020782,118.17152,96.84683254604447,138.60003029788493,137.73473960398061,137.32029023157625
2026-03-12 05:00:00,138.46299,140.71531103593094,141.1956292493586,126.95052,105.62583254604446,143.6803324070357,139.50838528912098,139.2444820383631
2026-03-12 06:00:00,138.46299,137.52797071457496,139.43799868298706,126.95052,105.62583254604446,141.92270184066416,137.23106501500388,136.8321812537078
2026-03-12 07:00:00,138.46299,132.26457777193065,134.66783644465536,118.17152,96.84683254604447,137.15253960233247,132.06989025757173,131.19990856723066
2026-03-12 08:00:00,138.46299,130.69992574502058,133.6827424868043,118.17152,96.84683254604447,136.1674456444814,130.98301598020998,129.9003462727346
2026-03-12 09:00:00,138.33999,139.2234631538151,139.9006064699742,118.08252,96.75783254604447,142.3853096276513,137.3253441142754,136.83644197698743
2026-03-12 10:00:00,138.33999,148.37207320035876,148.21489541355422,118.08252,96.75783254604447,150.69959857123132,144.81692544743603,144.30120319739962
2026-03-12 11:00:00,138.46299,149.02847123134373,149.4541711068662,118.17152,96.84683254604447,151.9388742645433,145.62030800695675,144.83531264055875
2026-03-12 12:00:00,138.46299,136.1131353796143,149.06420387941023,118.08252,96.75783254604447,151.54890703708733,137.44602630485718,137.26652499537138
2026-03-12 13:00:00,143.33999,136.7172966555719,148.17207792094354,118.17152,96.84683254604447,150.65678107862064,137.8171765449054,137.2531786326794
2026-03-12 14:00:00,158.33999,147.3009444529264,156.58294810804702,126.95052,105.62583254604446,159.06765126572412,147.78050850008904,146.39983763712934
2026-03-12 15:00:00,158.33999,164.24828748235433,174.15928717224767,126.95052,105.62583254604446,176.64399032992478,162.33339209703786,160.61637021743687
2026-03-12 16:00:00,158.33999,163.4826728556182,176.22027313647362,139.95052,118.62583254604448,178.70497629415073,163.6440900710963,162.68416513405165
2026-03-12 17:00:00,198.33999,205.44796130445417,224.6407159005462,149.95052,128.62583254604448,227.12541905822332,201.5383120413825,200.90548937500978
2026-03-12 18:00:00,291.23999,679.900053550284,614.8581614964269,1135.36452,1114.0398325460446,617.342864654104,689.646400296968,699.104844528024
2026-03-12 19:00:00,807.42699,592.2926955201506,571.4983052212859,761.95052,740.6258325460444,573.9830083789631,592.5233214190454,590.4878363935452
2026-03-12 20:00:00,807.42699,467.0705580927861,412.6540639812709,761.95052,740.6258325460444,415.13876713894797,479.7830865901741,478.205396795434
2026-03-12 21:00:00,188.33999,180.33837856847367,184.8306818533596,189.95052,168.62583254604448,187.3153850110367,182.62352562666092,181.7448094462308
2026-03-12 22:00:00,158.33999,141.49515144472753,148.68363438731373,139.95052,118.62583254604448,151.16833754499083,143.86222077513466,143.70720442435197
2026-03-12 23:00:00,143.33999,142.81979293917993,147.06756327448636,126.95052,105.62583254604446,149.55226643216346,143.06130572675374,141.8064410640096
2026-03-13 00:00:00,142.33338,143.9350928904343,143.24783222503072,138.33999,117.01530254604447,145.73253538270782,140.28908251811302,141.13907281437622
2026-03-13 01:00:00,142.33338,143.64585607766816,143.3591260759902,138.33999,117.66228027538833,143.56576226551078,139.4423084652251,138.8876407286342
2026-03-13 02:00:00,142.33338,141.94039219849498,141.58222974979776,138.33999,117.66228027538833,141.78886593931836,138.06679938196635,137.4002657762324
2026-03-13 03:00:00,142.33338,139.58323894208849,140.18686239776105,138.33999,117.66228027538833,140.39349858728164,136.18221105409015,135.41407624914137
2026-03-13 04:00:00,152.33338,143.54893224188618,142.9695640286321,138.33999,117.66228027538833,143.1762002181527,139.35957731541038,138.87909036840563
2026-03-13 05:00:00,156.33338,143.51092595843733,145.534427705657,138.46299,117.78528027538832,145.7410638951776,139.39317067503816,138.9889449348598
2026-03-13 06:00:00,156.33338,140.58438055226603,144.34157768048593,138.46299,117.78528027538832,144.54821387000652,137.3091697439728,137.04194227964325
2026-03-13 07:00:00,156.33338,137.94516346922916,142.49029299586996,138.46299,117.78528027538832,142.69692918539056,135.35279890085266,135.1908018769464
2026-03-13 08:00:00,152.33338,136.6828910985322,142.2933668502571,138.46299,117.78528027538832,142.50000303977768,134.6062959819455,134.66695891441788
2026-03-13 09:00:00,142.33338,137.41748192931013,141.93749389170708,138.33999,117.66228027538833,142.14413008122767,134.89794163390872,134.7116881748679
2026-03-13 10:00:00,142.33338,144.37671801720575,148.80400115478145,138.33999,117.66228027538833,149.01063734430204,140.60835944533648,140.6344296605572
2026-03-13 11:00:00,142.33338,148.70858352424207,153.82841967782636,138.46299,117.78528027538832,154.03505586734695,144.38867419030402,144.7095120980149
2026-03-13 12:00:00,109.61438,143.33118081333583,153.98790557260648,138.46299,117.78528027538832,154.19454176212707,140.22858677001216,140.31876441460582
2026-03-13 13:00:00,142.33338,146.4470521698644,156.12126339897938,143.33999,122.66228027538833,156.32789958849997,143.6437457555766,143.91293822001938
2026-03-13 14:00:00,152.33338,159.5864713246308,168.87436000902642,158.33999,137.66228027538833,169.080996198547,157.12255191197232,159.02644901317885
2026-03-13 15:00:00,156.33338,176.1897931662171,189.48852307853565,158.33999,137.66228027538833,189.69515926805624,171.0075306043493,173.42894223603707
2026-03-13 16:00:00,161.45638,167.64172073734085,186.63274036956383,158.33999,137.66228027538833,186.83937655908443,163.86520003850603,165.45782976658649
2026-03-13 17:00:00,180.33338,186.72244211270103,204.41124338576628,198.33999,177.66228027538833,204.61787957528688,186.46620084532992,188.28407594775447
2026-03-13 18:00:00,284.23338,341.19905370389256,352.7095070698123,291.23999,270.5622802753883,352.9161432593329,329.1845464857354,336.0933816281207
2026-03-13 19:00:00,800.42038,550.6686646021324,495.06115559304806,807.42699,786.7492802753884,495.2677917825687,583.99244630588,584.3940139893494
2026-03-13 20:00:00,284.23338,457.99557683324105,384.1773133562172,807.42699,786.7492802753884,384.3839495457378,505.89728511611884,502.63843094273875
2026-03-13 21:00:00,180.33338,186.3981142281007,189.46052053787437,188.33999,167.66228027538833,189.66715672739497,183.09467480159955,183.9454814632766
2026-03-13 22:00:00,181.33338,151.86165107430818,153.6662126379224,158.33999,137.66228027538833,153.872848827443,149.4781775051473,149.69751817333542
2026-03-13 23:00:00,161.45638,149.8339819982966,150.67202946725473,143.33999,122.66228027538833,150.87866565677533,145.7104125545892,145.82545514205782
2026-03-14 00:00:00,185.07122,143.87984983589752,142.1507113754524,142.33338,121.65567027538833,142.357347564973,142.018886875565,141.71090115178424
2026-03-14 01:00:00,185.07122,183.56082718180696,173.83326526950424,142.33338,146.06250713530056,179.22524910856274,177.79097289489147,177.47629519806134
2026-03-14 02:00:00,185.07122,182.8028912299916,172.40064621599728,142.33338,146.06250713530056,177.79263005505578,177.17701790583283,176.88322561874656
2026-03-14 03:00:00,185.07122,182.51380901717545,172.5807162787757,142.33338,146.06250713530056,177.9727001178342,176.9540879452785,176.64529379726636
2026-03-14 04:00:00,185.07122,184.9358444839791,176.46771782192044,152.33338,156.06250713530056,181.85970166097894,180.73792524255384,180.54900311278595
2026-03-14 05:00:00,185.07122,184.7413337298296,177.49543938946303,156.33338,160.06250713530056,182.88742322852153,181.26132242203397,181.07193822733956
2026-03-14 06:00:00,165.97122,169.0623780818964,174.16435326187334,156.33338,160.06250713530056,179.55633710093184,169.53327660174617,169.56426110053135
2026-03-14 07:00:00,165.97122,162.6929972497254,170.26977950228195,156.33338,160.06250713530056,175.66176334134045,164.77647577755445,165.00655600166303
2026-03-14 08:00:00,157.07122,162.64770147338115,169.59329903205833,152.33338,156.06250713530056,174.98528287111682,164.03546359018208,164.2482652904506
2026-03-14 09:00:00,157.07122,162.65449598117573,169.1168421745266,142.33338,146.06250713530056,174.5088260135851,162.3832678527575,162.57085436938144
2026-03-14 10:00:00,157.07122,168.14061572729287,173.30410251807183,142.33338,146.06250713530056,178.69608635713033,166.6749799960316,166.81953810496475
2026-03-14 11:00:00,165.97122,173.96466003505415,176.79571152926533,142.33338,146.06250713530056,182.18769536832383,171.07622085195916,171.09644258441713
2026-03-14 12:00:00,165.97122,156.46855959559187,166.3025735494303,109.61438,113.34350713530056,171.6945573884888,152.26347646797814,152.35518102417473
2026-03-14 13:00:00,165.97122,165.18371713405372,172.54998794113118,142.33338,146.06250713530056,177.94197178018968,164.39851072319377,164.5757704764869
2026-03-14 14:00:00,165.97122,168.61295032342642,175.7006670989116,152.33338,156.06250713530056,181.0926509379701,168.90407470726865,169.19802318729475
2026-03-14 15:00:00,165.97122,173.86721017984522,181.8465223049247,156.33338,160.06250713530056,187.2385061439832,173.81514083129727,174.0909655058897
2026-03-14 16:00:00,186.07122,172.23303931500143,180.70939700529755,161.45638,165.18550713530055,186.10138084435604,173.13740530782735,173.27246970387586
2026-03-14 17:00:00,266.07122,184.8751704559534,193.3527505673548,180.33338,184.06250713530056,198.7447344064133,186.22677518667462,186.30554104178697
2026-03-14 18:00:00,332.19422,262.51336884723423,246.00181005147152,284.23338,287.9625071353006,251.39379389053002,264.3842745622759,264.88331748095567
2026-03-14 19:00:00,332.19422,504.3471372328932,357.6681155392844,800.42038,804.1495071353006,363.0600993783429,523.7468670581195,519.1587259012863
2026-03-14 20:00:00,332.19422,253.92233575069773,233.4417115651121,284.23338,287.9625071353006,238.83369540417058,257.0483649891773,257.3377381329125
2026-03-14 21:00:00,266.07122,192.22147019254984,200.3488412731362,180.33338,184.06250713530056,205.7408251121947,192.31172457418796,192.39210980772887
2026-03-14 22:00:00,266.07122,187.240312125918,192.36430170956476,181.33338,185.06250713530056,197.75628554862325,188.13331819526508,188.08546393652227
2026-03-14 23:00:00,201.07122,174.40477747596046,181.4954876631967,161.45638,165.18550713530055,186.8874715022552,174.87521081159662,174.90232859141872
2026-03-15 00:00:00,229.49337,183.04440842677985,179.44035984725565,185.07122,188.80034713530057,184.83234368631415,184.4002524262466,185.21060216121523
2026-03-15 01:00:00,229.49337,225.05292708285836,219.1606421982533,185.07122,204.3438989743467,217.86003366826367,220.5953829272734,219.35541829117355
2026-03-15 02:00:00,229.49337,224.08658284977088,219.537233113832,185.07122,204.3438989743467,218.23662458384237,219.83720492486705,218.52586302449336
2026-03-15 03:00:00,229.49337,223.76743955605087,218.9160715216553,185.07122,204.3438989743467,217.61546299166568,219.57534498188508,218.22997600648952
2026-03-15 04:00:00,229.49337,225.7732579253102,220.38756010239493,185.07122,204.3438989743467,219.0869515724053,221.1835001185491,219.95733007229862
2026-03-15 05:00:00,229.49337,222.8909189179217,218.16365233346983,185.07122,204.3438989743467,216.8630438034802,218.87135628468516,217.52797343787444
2026-03-15 06:00:00,194.49337,208.2616034096378,213.6988926167612,165.97122,185.24389897434668,212.39828408677158,204.70216539088426,204.38649384651336
2026-03-15 07:00:00,170.49337,204.38597106739545,209.64182841449065,165.97122,185.24389897434668,208.34121988450102,201.46495095140673,200.95547807093337
2026-03-15 08:00:00,117.71437,202.3779764485132,207.06047594890185,157.07122,176.3438989743467,205.75986741891222,198.13973925210234,196.5329655396842
2026-03-15 09:00:00,117.62437,199.647668919752,204.6109751634013,157.07122,176.3438989743467,203.31036663341166,195.97179379349006,194.32300572744853
2026-03-15 10:00:00,117.62437,203.9526934289282,208.097750283147,157.07122,176.3438989743467,206.79714175315738,199.2996799090028,197.57966336706184
2026-03-15 11:00:00,170.49337,205.60866440799052,210.2669470212177,165.97122,185.24389897434668,208.96633849122807,202.32782344020313,201.77503098139192
2026-03-15 12:00:00,170.49337,199.0212321841758,212.45752362828148,165.97122,185.24389897434668,211.15691509829185,197.92411541712295,197.84558991331878
2026-03-15 13:00:00,170.49337,199.81177440703087,211.3301570925152,165.97122,185.24389897434668,210.02954856252558,198.58368913539647,198.74339097144878
2026-03-15 14:00:00,171.49337,200.3452529394908,212.62634081129545,165.97122,185.24389897434668,211.32573228130582,199.03043636330113,199.5114548041864
2026-03-15 15:00:00,171.49337,205.42276027748207,220.47538699415665,165.97122,185.24389897434668,219.17477846416702,203.27788207129646,203.79398861356464
2026-03-15 16:00:00,229.49337,214.57365207139625,228.5025295302792,186.07122,205.3438989743467,227.20192100028956,214.26787476425565,214.1137832286607
2026-03-15 17:00:00,272.41637,239.1238100485485,247.9041230163147,266.07122,285.34389897434664,246.60351448632508,248.0846110445774,249.30710105848323
2026-03-15 18:00:00,299.49337,285.3577969763867,271.1463321730082,332.19422,351.4668989743467,269.8457236430186,295.31934747483,298.26337631243376
2026-03-15 19:00:00,344.49337,293.920127787266,280.70955011606054,332.19422,351.4668989743467,279.4089415860709,302.57568813409137,307.1730106569746
2026-03-15 20:00:00,339.49337,286.6528229507467,272.4686429192499,332.19422,351.4668989743467,271.16803438926024,296.4289405027827,300.7213040055247
2026-03-15 21:00:00,279.49337,258.4869798119024,253.9257966100456,266.07122,285.34389897434664,252.62518808005598,262.5812751109318,264.91768600624545
2026-03-15 22:00:00,272.41637,251.3029726763485,246.54817618896783,266.07122,285.34389897434664,245.2475676589782,256.4597442127333,258.3435208385619
2026-03-15 23:00:00,272.41637,226.4924712757354,229.4729334806867,201.07122,220.3438989743467,228.17232495069706,225.73599033405284,226.7047257751824
2026-03-16 00:00:00,279.95154,226.02736796368123,226.4498088256855,229.49337,248.7660489743467,225.14920029569586,230.10618884459905,233.40824595197225
2026-03-16 01:00:00,269.95154,269.2911280430664,266.2200170266198,229.49337,290.24710847050665,261.1348629975038,271.67189891866144,269.8901879173958
2026-03-16 02:00:00,219.95154,267.2104881437028,265.0186885671155,229.49337,290.24710847050665,259.93353453799944,270.0087294842698,267.8947463159523
2026-03-16 03:00:00,219.95154,266.6366859907111,263.9731538692878,229.49337,290.24710847050665,258.88799984017174,269.539136098222,267.5599881622754
2026-03-16 04:00:00,269.95154,267.3594825733499,264.4735675893792,229.49337,290.24710847050665,259.38841356026313,270.1183759693058,268.48885019734746
2026-03-16 05:00:00,279.95154,272.2935152107956,268.03224441028027,229.49337,290.24710847050665,262.94709038116423,274.0734074898457,273.15550863971276
2026-03-16 06:00:00,299.07454,249.9637756890064,258.3357426814905,194.49337,255.24710847050665,253.25058865237446,251.43819210278954,249.90583043445935
2026-03-16 07:00:00,279.95154,244.59767831402,251.41920966415177,170.49337,231.24710847050665,246.33405563503572,242.50723833009167,240.58594005721702
2026-03-16 08:00:00,231.91454,238.53495914293836,244.25384547184933,117.71437,178.46810847050665,239.1686914427333,228.21728214293165,224.49308652954664
2026-03-16 09:00:00,219.95154,238.2322355728398,243.3194386847916,117.62437,178.37810847050665,238.23428465567557,227.7849464043016,223.8877816604927
2026-03-16 10:00:00,269.95154,243.9688537386762,247.01455314682457,117.62437,178.37810847050665,241.92939911770853,231.95908220582908,227.74034378474087
2026-03-16 11:00:00,279.95154,251.35610396429328,256.6685733923957,170.49337,231.24710847050665,251.58341936327963,247.6852592312081,245.63292551150818
2026-03-16 12:00:00,279.95154,242.0503374875233,259.6355422159391,170.49337,231.24710847050665,254.55038818682306,241.40982871218273,239.66986939787404
2026-03-16 13:00:00,279.95154,246.44163386040915,263.1128321936244,170.49337,231.24710847050665,258.02767816450836,245.08084234014854,243.97812753138123
2026-03-16 14:00:00,299.07454,252.251177887923,268.6680264088865,171.49337,232.24710847050665,263.58287237977044,250.10419159827362,249.93862936260476
2026-03-16 15:00:00,299.07454,260.7105204545168,275.961377345422,171.49337,232.24710847050665,270.876223316306,257.17589614148335,257.8598926930005
2026-03-16 16:00:00,319.95154,280.31608413390046,293.4589269177811,229.49337,290.24710847050665,288.3737728886651,283.203797422071,285.7785441873359
2026-03-16 17:00:00,336.95154,302.11427363607334,317.1065911121125,272.41637,333.17010847050665,312.02143708299644,308.56304425660323,311.34943886307383
2026-03-16 18:00:00,336.95154,379.2297268562274,390.7733592935215,299.49337,360.24710847050665,385.68820526440544,376.20590501761717,382.30740683110884
2026-03-16 19:00:00,799.03854,429.554381269844,438.5816658396644,344.49337,405.24710847050665,433.4965118105484,425.626640460753,435.1258989401331
2026-03-16 20:00:00,339.95154,381.3402255134631,379.5630698967407,339.49337,400.24710847050665,374.4779158676247,384.3729258623255,392.48955609192103
2026-03-16 21:00:00,339.95154,317.360023904148,318.0626636970464,279.49337,340.24710847050665,312.97750966793035,321.1995065153494,325.480315594639
2026-03-16 22:00:00,336.95154,291.51605071550455,290.7604849083669,272.41637,333.17010847050665,285.67533087925085,298.2267677135108,299.8016518177046
2026-03-16 23:00:00,319.95154,288.8363107691031,286.10806753744805,272.41637,333.17010847050665,281.022913508332,296.05765011894977,296.84280941157743
2026-03-17 00:00:00,306.49125,286.4751204201237,279.1628281202047,279.95154,340.70527847050664,274.0776740910887,292.0585057417443,290.3380526844846
2026-03-17 01:00:00,306.49125,306.83408996038503,298.92484856842384,269.95154,306.63351621898926,297.0602194095176,304.41229931692595,306.143409116714
2026-03-17 02:00:00,280.36825,305.41248728712424,285.7712524869088,219.95154,256.63351621898926,283.9066233280025,293.3082291362111,295.9568994720191
2026-03-17 03:00:00,280.36825,302.7359054933448,282.1376153905443,219.95154,256.63351621898926,280.272986231638,290.7924662074928,293.37987096046754
2026-03-17 04:00:00,306.49125,308.2119299528377,299.3597512677489,269.95154,306.63351621898926,297.4951221088426,305.18374596454873,307.02719439776473
2026-03-17 05:00:00,306.49125,316.2595002453364,306.832756226778,279.95154,316.63351621898926,304.9681270678717,314.0999709651907,314.78104731568095
2026-03-17 06:00:00,306.49125,298.61552954810384,311.34499045179456,299.07454,335.75651621898925,309.4803612928883,307.10395188534426,307.06430511162864
2026-03-17 07:00:00,306.49125,299.265992176398,308.8619722899095,279.95154,316.63351621898926,306.9973431310032,304.7034447923856,304.6592185169522
2026-03-17 08:00:00,306.49125,296.8708216682445,301.2474917684004,231.91454,268.5965162189892,299.3828626094941,294.4689868129604,295.39742939197083
2026-03-17 09:00:00,280.36825,294.2203605399817,296.47826707720867,219.95154,256.63351621898926,294.6136379183024,289.5204162061737,291.37250633280195
2026-03-17 10:00:00,280.36825,307.26035650773355,313.09596898908904,269.95154,306.63351621898926,311.2313398301828,308.21959663529077,309.5247179216256
2026-03-17 11:00:00,306.49125,304.40433525441125,311.8663011126238,279.95154,316.63351621898926,310.0016719537175,308.24148461992917,308.6418043245707
2026-03-17 12:00:00,280.36825,302.37153477918224,313.3489278377605,279.95154,316.63351621898926,311.48429867885426,307.31690459278053,307.7686405019533
2026-03-17 13:00:00,306.49125,309.27282570132365,321.2112203439619,279.95154,316.63351621898926,319.3465911850556,313.44414228960096,313.77776722531735
2026-03-17 14:00:00,330.36825,320.0037706798926,329.9158398827411,299.07454,335.75651621898925,328.05121072383486,324.57632602957,324.47510528818543
2026-03-17 15:00:00,332.36825,329.4433555571426,337.959115400723,299.07454,335.75651621898925,336.09448624181675,332.69884326702356,331.7887674204324
2026-03-17 16:00:00,332.36825,342.9179370071716,349.58409347544017,319.95154,356.63351621898926,347.7194643165339,346.98943174259404,345.0685059436801
2026-03-17 17:00:00,335.36825,375.0889392026728,387.784958499701,336.95154,373.63351621898926,385.92032934079475,377.4483284553121,376.0086099844694
2026-03-17 18:00:00,335.36825,492.1612894690521,529.8580422506649,336.95154,373.63351621898926,527.9934130917586,483.3872552656932,480.1651200699756
2026-03-17 19:00:00,794.45525,707.7670282430227,694.5580593750966,799.03854,835.7205162189892,692.6934302161903,710.0368140023186,706.4933409270307
2026-03-17 20:00:00,335.36825,451.9416771963183,461.7377551566005,339.95154,376.63351621898926,459.8731259976942,443.8751042089922,438.6046225026071
2026-03-17 21:00:00,332.36825,367.3454834200284,360.9602105559827,339.95154,376.63351621898926,359.09558139707644,368.1000206583073,364.81420577220933
2026-03-17 22:00:00,332.36825,331.39225375090695,324.86644762594915,336.95154,373.63351621898926,323.0018184670429,336.2926596702321,335.22865208686954
2026-03-17 23:00:00,306.49125,326.9108081994129,321.8596289219877,319.95154,356.63351621898926,319.9949997630814,330.62140622361414,329.51139989774873
2026-03-18 00:00:00,311.84308,318.4548874157136,310.3486841134519,306.49125,343.1732262189892,308.4840549545456,321.9415559675886,322.6337747102486
2026-03-18 01:00:00,311.84308,312.96527887924697,311.172816644259,306.49125,328.89635532474006,307.2106887750129,314.97033772495956,313.6698064412001
2026-03-18 02:00:00,311.84308,310.33162360257484,304.45952363664753,280.36825,302.77335532474007,300.49739576740143,307.7082930930063,305.4394609177476
2026-03-18 03:00:00,311.84308,309.6150980705872,303.1194507026494,280.36825,302.77335532474007,299.15732283340327,307.12191136799896,304.73765346043274
2026-03-18 04:00:00,311.84308,314.3809825016321,312.54098539583936,306.49125,328.89635532474006,308.57885752659325,316.1123253087601,314.1817128516631
2026-03-18 05:00:00,334.84308,323.5258559616801,320.3333772349115,306.49125,328.89635532474006,316.3712493656654,323.46150000069696,321.96805692292145
2026-03-18 06:00:00,334.84308,302.820797983096,317.4876857904882,306.49125,328.89635532474006,313.52555792124207,309.01791501156043,308.3278625701717
2026-03-18 07:00:00,334.84308,304.3675646437184,317.47692440918485,306.49125,328.89635532474006,313.51479653993874,309.8832689689866,308.8933746537489
2026-03-18 08:00:00,334.84308,304.9239803926442,317.7580074653948,306.49125,328.89635532474006,313.7958795961487,310.282091708499,309.26777133992084
2026-03-18 09:00:00,311.84308,299.00880015736834,308.89335273733093,280.36825,302.77335532474007,304.9312248680848,300.1495945682459,297.98066475435394
2026-03-18 10:00:00,311.84308,305.5640969550892,313.7993036101049,280.36825,302.77335532474007,309.8371757408588,305.11463560162247,302.9393380744195
2026-03-18 11:00:00,334.84308,305.9889269000858,315.5183508382163,306.49125,328.89635532474006,311.5562229689702,310.30628443150397,308.489000704078
2026-03-18 12:00:00,311.84308,298.3603112192749,311.75300388895664,280.36825,302.77335532474007,307.79087601971054,299.87364238267196,297.64019394304927
2026-03-18 13:00:00,334.84308,311.79311222989674,323.9829102941452,306.49125,328.89635532474006,320.0207824248991,315.44727497980114,314.1812512688625
2026-03-18 14:00:00,338.84308,325.4036025019823,335.94166973841425,330.36825,352.77335532474007,331.97954186916814,330.7957251206591,330.881221885884
2026-03-18 15:00:00,339.96608,344.7208127171368,355.6767057405593,332.36825,354.77335532474007,351.7145778713132,347.27996644325634,348.38869879216526
2026-03-18 16:00:00,339.96608,356.2353810038326,366.3774812979066,332.36825,354.77335532474007,362.4153534286605,356.9067467836303,358.5014694021785
2026-03-18 17:00:00,339.96608,376.9805071721129,390.6679842138387,335.36825,357.77335532474007,386.7058563445926,374.7531430856165,376.7575825031572
2026-03-18 18:00:00,341.84308,499.619785675374,521.5969668841692,335.36825,357.77335532474007,517.634839014923,476.4834648643956,486.69324320667386
2026-03-18 19:00:00,389.84308,712.4750340357306,675.3600439503981,794.45525,816.8603553247401,671.3979160811521,725.7591067432329,734.894506071259
2026-03-18 20:00:00,353.84308,478.4560885036537,485.35331058587167,335.36825,357.77335532474007,481.39118271662556,459.2826621078338,469.5973678199271
2026-03-18 21:00:00,339.96608,382.9638957072072,379.9818982928932,332.36825,354.77335532474007,376.0197704236471,377.87833187571164,380.47183349083116
2026-03-18 22:00:00,339.96608,339.3332811930061,334.97448013168975,332.36825,354.77335532474007,331.01235226244364,340.6942414591604,339.5446797200945
2026-03-18 23:00:00,334.84308,328.6612375695614,326.2141098074927,306.49125,328.89635532474006,322.2519819382466,327.8592981954706,326.0028861074867
2026-03-19 00:00:00,347.22084,321.7333022172686,314.88008336430494,311.84308,334.24818532474006,310.91795549505883,320.4908099331366,319.6224908978023
2026-03-19 01:00:00,347.22084,332.3072988977989,332.5398844829931,311.84308,330.4405402490832,325.3839372107775,330.44378519571717,329.43657411696057
2026-03-19 02:00:00,347.22084,325.34311245049173,325.2569285565855,311.84308,330.4405402490832,318.1009812843699,324.4562458294479,323.45923163413175
2026-03-19 03:00:00,347.22084,325.0289105059952,325.3500760834024,311.84308,330.4405402490832,318.19412881118683,324.34629471116386,323.35212128950815
2026-03-19 04:00:00,347.22084,326.8866956279992,327.9748948569785,311.84308,330.4405402490832,320.8189475847629,326.38628144639193,325.4668667191303
2026-03-19 05:00:00,354.19084,337.7359878086654,340.0139924922892,334.84308,353.4405402490832,332.8580452200736,338.89390002260814,338.1582834397395
2026-03-19 06:00:00,354.19084,326.7923921703267,339.2769627887983,334.84308,353.4405402490832,332.1210155165827,331.5976362753162,330.9511406214095
2026-03-19 07:00:00,347.22084,330.7847841661513,343.0176227848569,334.84308,353.4405402490832,335.8616755126413,334.8307931301898,334.20745072629467
2026-03-19 08:00:00,347.22084,331.5192497932711,343.7401757027184,334.84308,353.4405402490832,336.5842284305028,335.4372841049304,334.8388231961407
2026-03-19 09:00:00,308.99084,331.06388349196817,340.73330017371825,311.84308,330.4405402490832,333.57735290150265,331.8474729591893,331.32226254817886
2026-03-19 10:00:00,347.22084,332.682347673806,342.447863587787,311.84308,330.4405402490832,335.2919163155714,333.0328614541823,332.51031594721826
2026-03-19 11:00:00,347.22084,331.10179865899306,343.6849757744348,334.84308,353.4405402490832,336.5290285022192,334.8637450744911,334.27258855120186
2026-03-19 12:00:00,347.22084,334.303293780276,344.9655020907799,311.84308,330.4405402490832,337.8095548185643,334.9988779228282,334.70575792262787
2026-03-19 13:00:00,347.22084,343.6472019834037,354.3816318825565,334.84308,353.4405402490832,347.2256846103409,346.1135820453602,345.8914348641274
2026-03-19 14:00:00,354.19084,348.266696675358,359.2055016278293,338.84308,357.4405402490832,352.0495543556137,350.50635733766416,350.28419253226576
2026-03-19 15:00:00,354.19084,354.8462740065413,366.5764409495642,339.96608,358.5635402490832,359.4204936773486,357.06778229836686,357.13815934162363
2026-03-19 16:00:00,360.09084,360.38542496468415,372.8466524571548,339.96608,358.5635402490832,365.6907051849392,361.8935421406695,361.98452409886323
2026-03-19 17:00:00,360.09084,369.99860684680647,387.0823805446333,339.96608,358.5635402490832,379.9264332724177,372.1293304256567,372.5075579622056
2026-03-19 18:00:00,415.09084,409.3318812507655,425.85486629559625,341.84308,360.4405402490832,418.69891902338065,406.2780923794722,406.9815429359933
2026-03-19 19:00:00,415.09084,440.1838209238901,450.3741245538503,389.84308,408.4405402490832,443.2181772816347,436.0970909152192,436.7379650205703
2026-03-19 20:00:00,390.09084,405.08032569674566,408.75059191493,353.84308,372.4405402490832,401.5946446427144,399.048150097668,399.38354808520796
2026-03-19 21:00:00,375.09084,376.23005531611307,377.5728747770004,339.96608,358.5635402490832,370.4169275047848,371.45260140818914,371.1901099882665
2026-03-19 22:00:00,360.09084,362.7812200611887,361.26747093573823,339.96608,358.5635402490832,354.11152366352263,359.69394898984444,359.25825273121825
2026-03-19 23:00:00,354.19084,353.7215858358464,352.3688592130245,334.84308,353.4405402490832,345.2129119408089,351.31815785174183,350.7037164673403
2026-03-20 00:00:00,347.8728,354.54287739091086,351.024885983951,347.22084,365.8183002490832,343.8689387117354,355.20670717509097,354.2935164503166
2026-03-20 01:00:00,347.8728,342.60289519561724,345.214304768641,347.22084,349.29783325992054,339.71560833793615,343.41397290203605,342.23692692288796
2026-03-20 02:00:00,347.8728,343.46703835962785,345.31395422763114,347.22084,349.29783325992054,339.8152577969263,344.23307239798453,343.28805074614326
2026-03-20 03:00:00,330.1428,343.94380111227497,346.40262813865354,347.22084,349.29783325992054,340.9039317079487,344.5189027590589,343.38124817514534
2026-03-20 04:00:00,330.1428,343.66128375675004,347.0132001844956,347.22084,349.29783325992054,341.51450375379073,344.3743527898651,343.30351059279826
2026-03-20 05:00:00,347.8728,347.13625009495854,351.2889497021665,354.19084,356.2678332599205,345.79025327146167,348.38635098280673,347.18760182060555
2026-03-20 06:00:00,347.8728,340.8658011572244,351.8079773550255,354.19084,356.2678332599205,346.30928092432066,344.56664654849374,343.6283009780556
2026-03-20 07:00:00,339.1428,340.8677245984009,351.3924050211588,347.22084,349.29783325992054,345.89370859045397,343.4864939264993,342.96990863679684
2026-03-20 08:00:00,330.1428,338.14165034647255,349.75993538378333,347.22084,349.29783325992054,344.2612389530785,341.6477468640672,341.3295682145962
2026-03-20 09:00:00,330.1428,335.83729495645963,342.15657788191953,308.99084,311.0678332599205,336.6578814512147,331.4781794075502,330.4139922548996
2026-03-20 10:00:00,330.1428,342.57937014754486,352.57666100796314,347.22084,349.29783325992054,347.0779645772583,344.90968448712664,345.02854012361604
2026-03-20 11:00:00,330.1428,346.6984265949714,355.20706770648087,347.22084,349.29783325992054,349.708371275776,347.62259865844175,347.5252175294689
2026-03-20 12:00:00,330.1428,345.3857761123785,356.28182526859854,347.22084,349.29783325992054,350.7831288378937,347.25126239008847,347.50063110265205
2026-03-20 13:00:00,330.1428,348.3310226616013,360.4031152622144,347.22084,349.29783325992054,354.90441883150953,349.5124806341898,349.7068544613459
2026-03-20 14:00:00,347.8728,353.30645391889254,365.2755344507658,354.19084,356.2678332599205,359.77683802006095,354.7291108162647,355.03511850629883
2026-03-20 15:00:00,347.8728,355.4535779137637,367.4697562891868,354.19084,356.2678332599205,361.97105985848196,356.63224012026285,357.1217582921092
2026-03-20 16:00:00,354.1428,361.43566668626977,373.4134315728813,360.09084,362.16783325992054,367.9147351421764,362.45612170599554,362.89039774337107
2026-03-20 17:00:00,379.1428,368.2474801046126,381.7424495063408,360.09084,362.16783325992054,376.24375307563594,367.970064368199,368.36188718147673
2026-03-20 18:00:00,384.1428,412.8823738071655,406.3368003616076,415.09084,417.16783325992054,400.8381039309027,410.86236979349053,412.12814652524673
2026-03-20 19:00:00,384.1428,417.2981075879932,410.4922335330143,415.09084,417.16783325992054,404.99353710230946,414.9436377071844,416.7530895797123
2026-03-20 20:00:00,384.1428,402.2878089932559,401.0566483896373,390.09084,392.16783325992054,395.55795195893245,398.9622661425936,399.86984042708457
2026-03-20 21:00:00,379.1428,389.6699399743027,390.2909507720577,375.09084,377.16783325992054,384.7922543413529,386.30871720647946,386.7290552738494
2026-03-20 22:00:00,379.1428,375.6083734704345,375.7975017537896,360.09084,362.16783325992054,370.29880532308476,372.54503810388155,372.8286016882618
2026-03-20 23:00:00,354.1428,367.7459568207906,366.8369648132677,354.19084,356.2678332599205,361.33826838256283,365.18009132301347,365.57862959883147
2026-03-21 00:00:00,346.45843,362.0558838663313,363.94779922372953,347.8728,349.9497932599205,358.4491027930247,359.94197547678965,359.7434586031689
2026-03-21 01:00:00,346.45843,346.3055226895343,347.44159248169257,347.8728,350.9422195487381,342.3258863871678,346.29436790151266,345.88607129656515
2026-03-21 02:00:00,325.45843,346.0614113670344,347.45337208598465,347.8728,350.9422195487381,342.3376659914599,346.0727334881031,345.76732270253086
2026-03-21 03:00:00,325.45843,345.8783812989204,342.7401981089017,330.1428,333.2122195487381,337.624492014377,342.7324083362703,342.35248647657664
2026-03-21 04:00:00,346.45843,346.0359476995057,343.2291898713453,330.1428,333.2122195487381,338.11348377682054,342.98946139953335,342.57669762744473
2026-03-21 05:00:00,346.45843,347.88858561931056,348.9765584851877,347.8728,350.9422195487381,343.86085239066296,347.5809976807621,347.20055247215697
2026-03-21 06:00:00,346.45843,336.28470878845326,348.5135425487158,347.8728,350.9422195487381,343.39783645419107,340.55010933874246,339.8644527516543
2026-03-21 07:00:00,325.45843,334.26766394991046,345.7022009642077,339.1428,342.2122195487381,340.58649486968295,337.7937048593663,336.8645522254848
2026-03-21 08:00:00,229.92343,335.38869615624395,344.9579909475158,330.1428,333.2122195487381,339.84228485299104,336.67137193471353,336.38678401378405
2026-03-21 09:00:00,229.92343,335.005907014363,344.26782852238074,330.1428,333.2122195487381,339.152122427856,336.39542094557464,336.0097180408723
2026-03-21 10:00:00,278.35843,334.4737815972215,343.85883545366687,330.1428,333.2122195487381,338.74312935914213,335.7719839015639,335.51412077823755
2026-03-21 11:00:00,304.35843,340.9861839289598,348.8584444411089,330.1428,333.2122195487381,343.74273834658413,340.7130118804971,340.7869007377378
2026-03-21 12:00:00,260.50443,337.8707258956897,349.48428676094926,330.1428,333.2122195487381,344.3685806664245,339.0956525039035,338.8360872807531
2026-03-21 13:00:00,278.35843,338.0568036067867,348.775491834994,330.1428,333.2122195487381,343.65978574046926,339.1711137080732,338.6571619251086
2026-03-21 14:00:00,325.45843,343.19883976985204,352.8651421536775,347.8728,350.9422195487381,347.74943605915274,345.3724301251162,344.85319331518673
2026-03-21 15:00:00,346.45843,346.96669718882185,358.03298939743763,347.8728,350.9422195487381,352.9172833029129,348.81166918590253,348.45233412864724
2026-03-21 16:00:00,346.45843,352.58121615115147,364.2334275242512,354.1428,357.2122195487381,359.1177214297265,354.1583995120215,354.13107400112875
2026-03-21 17:00:00,350.45843,363.9552160340916,375.8243323317382,379.1428,382.2122195487381,370.7086262372135,367.62932254225177,366.906292216079
2026-03-21 18:00:00,375.45843,387.5320539270184,386.79731239074783,384.1428,387.2122195487381,381.6816062962231,384.9681996538468,384.563738109563
2026-03-21 19:00:00,375.45843,390.97499046012416,390.22341980144,384.1428,387.2122195487381,385.10771370691526,387.9972024025244,387.3830630234197
2026-03-21 20:00:00,375.45843,389.9103528313938,389.0017805906968,384.1428,387.2122195487381,383.88607449617206,387.0979060952878,386.51610290802483
2026-03-21 21:00:00,350.45843,385.3841286530701,385.1842238817943,379.1428,382.2122195487381,380.06851778726957,382.8444990405277,382.4030776329081
2026-03-21 22:00:00,346.45843,379.5379077180131,377.6002589289898,379.1428,382.2122195487381,372.48455283446503,377.5435284507138,377.13394062613935
2026-03-21 23:00:00,346.45843,364.7883673399659,366.1786783329056,354.1428,357.2122195487381,361.06297223838084,362.0868202870623,362.50089629257326
2026-03-22 00:00:00,331.85997,356.45480948427905,358.3647475979777,346.45843,349.5278495487381,353.249041503453,355.3720615014638,354.94572035276906
2026-03-22 01:00:00,331.85997,331.0887056093845,334.08465984635995,346.45843,346.3929393428294,330.793394459087,334.3519641935385,334.6506552061682
2026-03-22 02:00:00,366.85997,329.86564815340887,328.68087657208787,325.45843,325.3929393428294,325.3896111848149,329.96127898979034,330.3108597829175
2026-03-22 03:00:00,331.85997,331.4767643231107,330.4363018070794,325.45843,325.3929393428294,327.14503641980644,331.17526277781394,331.4701340719114
2026-03-22 04:00:00,331.85997,327.49516479931856,330.6342862732354,346.45843,346.3929393428294,327.3430208859624,331.277494170231,331.5019448120655
2026-03-22 05:00:00,331.85997,325.7761265372959,329.2688815661149,346.45843,346.3929393428294,325.9776161788419,329.93303655941014,330.2059240542513
2026-03-22 06:00:00,331.85997,312.001500309415,326.64000418483647,346.45843,346.3929393428294,323.3487387975635,319.5215666642081,319.9422033199137
2026-03-22 07:00:00,261.85997,304.80747198417475,318.7932513915003,325.45843,325.3929393428294,315.5019860042273,310.5203254096833,311.0659246577802
2026-03-22 08:00:00,110.08097,293.51471867255174,297.2434486355427,229.92343,229.85793934282935,293.9521832482697,284.10347724080486,283.5130633299799
2026-03-22 09:00:00,110.08097,291.0850910227127,294.9567045232769,229.92343,229.85793934282935,291.66543913600395,281.61946093816215,280.7364215768753
2026-03-22 10:00:00,110.08097,297.53401628671094,305.76640613977287,278.35843,278.29293934282936,302.4751407524999,295.1044215890119,294.57386494291046
2026-03-22 11:00:00,259.70797,302.2300080935661,311.9869915345745,304.35843,304.29293934282936,308.6957261473015,303.220215225075,302.8511582652023
2026-03-22 12:00:00,261.85997,292.4155678886798,304.88055490446914,260.50443,260.43893934282937,301.58928951719616,288.19160132187056,287.5813077154668
2026-03-22 13:00:00,261.85997,297.4551807896171,308.3461999172512,278.35843,278.29293934282936,305.05493452997825,295.1924314763919,294.7647647183364
2026-03-22 14:00:00,261.85997,311.06084765055255,319.32082201020546,325.45843,325.3929393428294,316.0295566229325,314.1060019211509,314.174304012839
2026-03-22 15:00:00,331.85997,320.972748134202,329.81903837470816,346.45843,346.3929393428294,326.5277729874352,324.99232010174103,324.8003243634598
2026-03-22 16:00:00,366.85997,324.3712034488294,333.6530177596032,346.45843,346.3929393428294,330.3617523723302,327.9481301615289,327.866740259001
2026-03-22 17:00:00,366.85997,331.57822753342043,341.2116651321876,350.45843,350.3929393428294,337.9203997449146,334.4272477822501,334.34554293943273
2026-03-22 18:00:00,383.85997,363.9242286732923,353.28901454416945,375.45843,375.3929393428294,349.9977491568965,362.5629620241845,361.92504273040845
2026-03-22 19:00:00,383.85997,368.022090109647,358.86692932869806,375.45843,375.3929393428294,355.5756639414251,366.2906894670072,365.8352815439921
2026-03-22 20:00:00,383.85997,367.876100635845,359.75872411562113,375.45843,375.3929393428294,356.46745872834816,366.2098176024183,365.6968581860804
2026-03-22 21:00:00,383.85997,353.980730773432,351.23781527208905,350.45843,350.3929393428294,347.9465498848161,351.7424853412106,351.4100378050956
2026-03-22 22:00:00,366.85997,349.5129223835281,344.8268152287795,346.45843,346.3929393428294,341.5355498415065,347.58247658583707,347.3330103362826
2026-03-22 23:00:00,366.85997,347.743636893891,342.2681631308359,346.45843,346.3929393428294,338.9768977435629,346.01414675829756,345.6757362841954
2026-03-23 00:00:00,376.5061,336.71938352131895,335.527881329458,331.85997,331.79447934282933,332.23661594218504,335.808012681725,334.172864284045
2026-03-23 01:00:00,376.5061,370.85131985013805,363.4640547340737,331.85997,389.5245233058413,366.7277640122192,371.0844583197953,372.49447291561495
2026-03-23 02:00:00,376.5061,368.8790303361404,369.0929358274918,366.85997,424.5245233058413,372.35664510563726,374.5180217066206,376.85114360970965
2026-03-23 03:00:00,336.5061,364.4362038817763,358.6512053555969,331.85997,389.5245233058413,361.9149146337424,365.35737341928495,367.5154769226454
2026-03-23 04:00:00,336.5061,364.0313001959839,358.13642482402634,331.85997,389.5245233058413,361.4001341021718,365.5878289856098,367.12441944483334
2026-03-23 05:00:00,336.5061,369.17492455550666,358.188619368139,331.85997,389.5245233058413,361.45232864628446,369.4995005794887,369.9446051632572
2026-03-23 06:00:00,336.5061,345.1625240546006,356.47533009173435,331.85997,389.5245233058413,359.73903936987983,354.930783067687,354.73468660689645
2026-03-23 07:00:00,266.5061,333.6914180312488,338.3415650621416,261.85997,319.5245233058413,341.6052743402871,334.0809131878889,334.88884393019646
2026-03-23 08:00:00,114.7271,314.7090476126008,304.8652809423618,110.08097,167.7455233058413,308.12899022050726,293.0298661878001,296.55095709509965
2026-03-23 09:00:00,114.7271,314.3413492117024,304.9060720285617,110.08097,167.7455233058413,308.1697813067072,292.841220807482,296.2288308568513
2026-03-23 10:00:00,114.7271,318.3940833440135,308.39436891399146,110.08097,167.7455233058413,311.65807819213694,296.6815603562515,299.52299085921885
2026-03-23 11:00:00,289.4061,341.1842444815464,345.3428662461659,259.70797,317.3725233058413,348.6065755243114,340.0799790088358,340.50568241167247
2026-03-23 12:00:00,266.5061,342.0026201772825,351.0005095040025,261.85997,319.5245233058413,354.26421878214796,342.2724125150911,342.30155785418594
2026-03-23 13:00:00,266.5061,346.7976383849454,354.6787283488221,261.85997,319.5245233058413,357.9424376269676,346.64060936634576,345.85607339873445
2026-03-23 14:00:00,266.5061,348.61049608740046,355.66508405568123,261.85997,319.5245233058413,358.9287933338267,348.4939928770792,347.05836590455687
2026-03-23 15:00:00,315.4061,370.1815488719986,375.2695281445058,331.85997,389.5245233058413,378.53323742265127,376.14014643627473,373.4061944506731
2026-03-23 16:00:00,376.5061,381.4246894375596,385.0390639130775,366.85997,424.5245233058413,388.30277319122297,389.632607095857,386.7911183692992
2026-03-23 17:00:00,392.4261,383.691225354811,384.9005861020766,366.85997,424.5245233058413,388.1642953802221,391.2110040167377,387.8632668647175
2026-03-23 18:00:00,393.5061,409.4172825139891,394.7178357624419,383.85997,441.5245233058413,397.9815450405874,411.92277999276723,407.83485299292397
2026-03-23 19:00:00,407.6171,410.52495868400587,396.316650628289,383.85997,441.5245233058413,399.58035990643447,413.4170988976488,409.0219874119404
2026-03-23 20:00:00,393.5061,405.4030942244642,394.2145104304127,383.85997,441.5245233058413,397.4782197085582,408.9659882507129,405.84343816927117
2026-03-23 21:00:00,393.5061,398.83632579346505,388.7111432455072,383.85997,441.5245233058413,391.97485252365266,403.43108786168415,400.932374210586
2026-03-23 22:00:00,392.4261,386.4950990634752,378.5494942099878,366.85997,424.5245233058413,381.8132034881333,390.665445405831,389.0512052048048
2026-03-23 23:00:00,392.4261,383.8660072898047,376.6174193688765,366.85997,424.5245233058413,379.88112864702197,388.22357876506095,387.1375876497027
2026-03-24 00:00:00,114.49924,386.6392579017309,378.877389556734,376.5061,434.1706533058413,382.1410988348795,394.71655214353683,393.3699741899573
2026-03-24 01:00:00,114.49924,122.04531890515076,182.5429157986604,376.5061,357.9129811224393,172.82730284434766,177.71665102038153,176.74886858499116
2026-03-24 02:00:00,114.49924,162.43299930246184,208.5375535706665,376.5061,357.9129811224393,198.82194061635374,208.26817916334136,207.68493974533186
2026-03-24 03:00:00,114.49924,182.28683400729443,213.13622727363597,336.5061,317.9129811224393,203.42061431932322,214.75926472098394,214.76400977190576
2026-03-24 04:00:00,114.59024,200.0013751543933,232.6835431460908,336.5061,317.9129811224393,222.96793019177807,228.032778627794,227.57540678352518
2026-03-24 05:00:00,266.36924,240.91847535956228,271.43700309737,336.5061,317.9129811224393,261.72139014305725,258.8269759351505,257.8699573271747
2026-03-24 06:00:00,266.36924,263.1220520830238,271.95383228774256,336.5061,317.9129811224393,262.2382193334298,272.9879003638166,271.70195293812003
2026-03-24 07:00:00,270.62924,243.5252294039941,248.03694139541605,266.5061,247.9129811224393,238.3213284411033,243.71319696652125,242.02743992490613
2026-03-24 08:00:00,271.41524,215.1651275780925,208.21170326606165,114.7271,96.13398112243931,198.4960903117489,191.2277468588929,189.35150017378902
2026-03-24 09:00:00,266.36924,214.14958450497025,208.48175390057776,114.7271,96.13398112243931,198.766140946265,190.61381369743944,188.58737016323585
2026-03-24 10:00:00,266.36924,228.22558313908917,220.8520275099008,114.7271,96.13398112243931,211.13641455558806,201.37335080578447,199.37709757752287
2026-03-24 11:00:00,266.36924,261.89978575351955,266.326545670258,289.4061,270.8129811224393,256.61093271594524,262.3493614497236,261.2062456790011
2026-03-24 12:00:00,264.21724,266.65137693844247,278.3755098896997,266.5061,247.9129811224393,268.65989693538694,262.84766397653704,261.6315309316104
2026-03-24 13:00:00,266.36924,283.4103986164114,296.9590308019348,266.5061,247.9129811224393,287.243417847622,277.2805827346496,277.4120024207818
2026-03-24 14:00:00,381.36924,301.9483565184703,318.62257895643324,266.5061,247.9129811224393,308.9069660021205,292.5004128169352,293.0594372264292
2026-03-24 15:00:00,388.07724,332.70106187659394,347.6721208753635,315.4061,296.8129811224393,337.95650792105073,326.3606201107051,328.257663875956
2026-03-24 16:00:00,388.07724,364.8368346271833,376.549233698584,376.5061,357.9129811224393,366.83362074427123,362.2909134448398,363.8043127310417
2026-03-24 17:00:00,388.36924,376.1300517747896,385.5504863871241,392.4261,373.8329811224393,375.8348734328114,374.9866417230939,377.617932501818
2026-03-24 18:00:00,429.36924,407.1637302096758,402.564894581885,393.5061,374.9129811224393,392.8492816275723,398.24324065124506,401.2995446126688
2026-03-24 19:00:00,516.36924,419.3610216663178,411.9295323071998,407.6171,389.0239811224393,402.21391935288705,410.74395219823066,414.2331072227376
2026-03-24 20:00:00,396.36924,415.4011586057928,415.9629904632516,393.5061,374.9129811224393,406.2473775089388,405.33200308728806,408.17918474857515
2026-03-24 21:00:00,388.36924,409.6951771473062,414.83216747612727,393.5061,374.9129811224393,405.1165545218145,399.92228015851543,401.1855401994343
2026-03-24 22:00:00,388.07724,391.0747964526266,389.3559212682462,392.4261,373.8329811224393,379.6403083139335,383.82540359824065,384.4869767479838
2026-03-24 23:00:00,381.36924,355.4458386447883,345.8431274316559,392.4261,373.8329811224393,336.12751447734314,352.68288300450934,350.9379139867891
2026-03-25 00:00:00,186.70675,266.6465186685931,240.99575678816436,114.49924,95.90612112243929,231.2801438338516,227.3528698239241,223.8622759196171
2026-03-25 01:00:00,254.55475,188.80417748301184,171.7740128703153,114.49924,107.50887818816403,171.44253505953913,172.34027800308385,169.82186165403337
2026-03-25 02:00:00,254.55475,186.2744994325961,170.16650396580246,114.49924,107.50887818816403,169.8350261550263,170.24976678177853,167.40951730080138
2026-03-25 03:00:00,261.75275,185.30991751279967,169.21844244367483,114.49924,107.50887818816403,168.88696463289867,169.39080583792583,166.3547777741333
2026-03-25 04:00:00,279.60675,191.38248973301444,174.1796504829759,114.59024,107.59987818816404,173.84817267219972,173.87752744030612,170.65128731243033
2026-03-25 05:00:00,305.70675,216.5805849373332,232.47715731274712,266.36924,259.37887818816404,232.14567950197096,227.04393209769094,224.45628570212543
2026-03-25 06:00:00,325.62675,226.081915623444,235.44178515500616,266.36924,259.37887818816404,235.11030734423,233.91941487373626,231.59733645713575
2026-03-25 07:00:00,304.70675,222.821149579873,235.5346566739452,270.62924,263.638878188164,235.20317886316903,233.14615807561924,231.3027361078041
2026-03-25 08:00:00,304.70675,219.60085968573927,236.43220690883032,271.41524,264.42487818816403,236.10072909805416,232.27857877243102,231.38796251781642
2026-03-25 09:00:00,186.70675,220.9254847768687,238.47208033808857,266.36924,259.37887818816404,238.1406025273124,233.07744706857207,233.01346038061155
2026-03-25 10:00:00,304.70675,238.65550140027227,255.0507533686813,266.36924,259.37887818816404,254.71927555790515,247.17302867105582,247.65853661069585
2026-03-25 11:00:00,304.70675,252.8984121253687,266.52045599640905,266.36924,259.37887818816404,266.1889781856329,257.79743792996857,258.357238422968
2026-03-25 12:00:00,261.75275,270.0157440461883,277.75099255613804,264.21724,257.22687818816405,277.4195147453619,270.1529655603005,270.94541001098486
2026-03-25 13:00:00,304.70675,284.82799068023155,294.766306765156,266.36924,259.37887818816404,294.43482895437984,282.65474780872654,283.78441449209424
2026-03-25 14:00:00,325.62675,337.4858161462223,340.9595723641633,381.36924,374.37887818816404,340.62809455338714,345.01113864649466,347.4128013883753
2026-03-25 15:00:00,326.70675,353.5547550527243,358.4228676410247,388.07724,381.08687818816406,358.09138983024854,359.18958191033425,361.67116690638204
2026-03-25 16:00:00,381.70675,357.42861226005994,364.3824059477437,388.07724,381.08687818816406,364.0509281369675,361.8981111869425,363.86794784233416
2026-03-25 17:00:00,384.70675,363.1457298715122,369.72493374097,388.36924,381.37887818816404,369.39345593019385,367.09614916857544,369.63680946898455
2026-03-25 18:00:00,406.70675,423.4917234376147,411.6461673070892,429.36924,422.37887818816404,411.314689496313,420.08095020478845,423.26625520828486
2026-03-25 19:00:00,406.70675,476.9272853833981,456.360850489784,516.36924,509.37887818816404,456.02937267900785,476.50539231198445,479.5012458658472
2026-03-25 20:00:00,406.70675,415.1893190986354,418.7993426069547,396.36924,389.37887818816404,418.46786479617856,408.55786438763994,410.78411584865574
2026-03-25 21:00:00,384.70675,386.6431646509084,387.12090010421616,388.36924,381.37887818816404,386.78942229344,382.66052428798906,383.4079829591269
2026-03-25 22:00:00,381.70675,355.80985359934294,343.3984806612132,388.07724,381.08687818816406,343.06700285043706,356.22592374868657,356.15995493021376
2026-03-25 23:00:00,325.62675,323.9128045883912,301.4918189043214,381.36924,374.37887818816404,301.16034109354524,328.0014922158549,327.0186103444868
2026-03-26 00:00:00,290.73411,229.55179541038768,225.18270936931475,186.70675,179.71638818816405,224.8512315585386,221.69191115085877,220.36215837508468
2026-03-26 01:00:00,290.73411,291.8084266466073,284.44122018185413,254.55475,263.48245998080057,279.9459411638588,287.33223261886883,286.61297117148735
2026-03-26 02:00:00,290.73411,292.0772276826123,284.513176982268,254.55475,263.48245998080057,280.01789796427266,287.5520789240755,286.83324233781593
2026-03-26 03:00:00,290.73411,292.1929120540387,286.94738054225354,261.75275,270.68045998080055,282.4521015242582,288.56736744649936,287.6421900092287
2026-03-26 04:00:00,290.73411,295.856939206421,293.6849125743228,279.60675,288.53445998080053,289.18963355632746,294.7528461315785,294.0113920273832
2026-03-26 05:00:00,292.72711,299.5176982309593,304.187504778857,305.70675,314.63445998080056,299.6922257608616,302.63839509047443,302.21551509737174
2026-03-26 06:00:00,290.73411,300.06563435909084,308.3842948460582,325.62675,334.5544599808006,303.88901582806284,306.868464571506,306.7885262720093
2026-03-26 07:00:00,290.73411,296.7617990486448,303.50572564112906,304.70675,313.63445998080056,299.0104466231337,300.47946232009247,300.193969161817
2026-03-26 08:00:00,262.72711,294.9896583811057,302.74746718417765,304.70675,313.63445998080056,298.2521881661823,299.2551789726234,299.1116332897957
2026-03-26 09:00:00,260.57511,285.0601811050434,279.08713942426,186.70675,195.63445998080056,274.59186040626463,270.14292984888147,268.75369896848804
2026-03-26 10:00:00,262.72711,305.1267924320837,308.3598728913629,304.70675,313.63445998080056,303.86459387336754,307.125431680372,306.95635639765806
2026-03-26 11:00:00,290.73411,309.4000662067978,311.6234005405594,304.70675,313.63445998080056,307.128121522564,310.56769080866343,310.44682168414965
2026-03-26 12:00:00,285.62711,295.6876808021873,312.7825353054343,261.75275,270.68045998080055,308.28725628743894,293.3171634769412,293.0388734342757
2026-03-26 13:00:00,290.73411,312.62332660348363,328.290860056482,304.70675,313.63445998080056,323.79558103848666,314.4524198703811,314.7244078313554
2026-03-26 14:00:00,290.73411,326.5718478624907,341.82503671870813,325.62675,334.5544599808006,337.3297577007128,329.5636158041481,330.23661516074003
2026-03-26 15:00:00,331.72711,338.8336561148972,356.26655746261906,326.70675,335.63445998080056,351.7712784446237,339.8025119310787,340.48689196631824
2026-03-26 16:00:00,332.72711,359.33871408289554,374.6336659481185,381.70675,390.63445998080056,370.13838693012315,364.86764465356595,365.61331055600414
2026-03-26 17:00:00,367.72711,364.3213370796053,377.76383252424426,384.70675,393.63445998080056,373.2685535062489,369.4869982574785,370.38486748769617
2026-03-26 18:00:00,367.72711,410.5412935855353,411.0895394216278,406.70675,415.63445998080056,406.59426040363246,408.54362287989386,408.7448189007296
2026-03-26 19:00:00,462.72711,419.6673483238485,429.650998909029,406.70675,415.63445998080056,425.15571989103364,416.51570561878736,416.70176037326337
2026-03-26 20:00:00,367.72711,407.46190790084734,412.9638702169968,406.70675,415.63445998080056,408.4685911990014,405.9654085590239,405.7899239534726
2026-03-26 21:00:00,367.72711,384.8407756563987,386.0684187404603,384.70675,393.63445998080056,381.57313972246493,384.7783029581701,384.99622781151544
2026-03-26 22:00:00,332.72711,370.362116998289,361.31493964218106,381.70675,390.63445998080056,356.8196606241857,372.0085068753696,372.16050839554094
2026-03-26 23:00:00,320.72711,331.2383774501633,330.4190440846584,325.62675,334.5544599808006,325.92376506666307,331.86610362037305,331.850757278771
2026-03-27 00:00:00,265.74992,305.3566817251664,307.0377013534404,290.73411,299.66181998080054,302.54242233544505,303.2982870760637,301.65492887583906
2026-03-27 01:00:00,265.74992,264.71875792794344,271.51213139710933,290.73411,272.654615883413,268.3965081185673,268.30532320751286,268.0946712997227
2026-03-27 02:00:00,265.74992,265.23850292007074,271.002925619034,290.73411,272.654615883413,267.88730234049194,268.66663998628866,268.46003516569715
2026-03-27 03:00:00,263.75092,265.8833359326764,272.9301964505106,290.73411,272.654615883413,269.81457317196856,269.0480476215165,268.61733794299806
2026-03-27 04:00:00,265.74992,268.1315792155263,275.76686187045,290.73411,272.654615883413,272.65123859190794,270.70773796088383,270.2127287851321
2026-03-27 05:00:00,265.74992,273.2386314754186,282.64759280335375,292.72711,274.647615883413,279.5319695248117,274.9800691952385,274.40773166329814
2026-03-27 06:00:00,265.74992,271.8419971962956,279.6348082655834,290.73411,272.654615883413,276.51918498704134,273.55067908743024,273.2778181430088
2026-03-27 07:00:00,265.74992,268.01169584528634,276.7434135513398,290.73411,272.654615883413,273.62779027279777,270.7722386360515,270.69049267261283
2026-03-27 08:00:00,265.74992,257.9777256579021,265.73778707926056,262.72711,244.64761588341298,262.6221638007185,257.79024321574747,257.85125890823105
2026-03-27 09:00:00,265.74992,257.2061198598813,264.0877827774483,260.57511,242.495615883413,260.97215949890625,256.46975974381166,256.4734055607485
2026-03-27 10:00:00,265.74992,264.86038450113494,269.0426864243973,262.72711,244.64761588341298,265.92706314585524,261.823710550221,261.279931344916
2026-03-27 11:00:00,265.74992,272.83966135395667,278.62939138276766,290.73411,272.654615883413,275.5137681042256,273.19191574726926,272.5924088876346
2026-03-27 12:00:00,263.75092,273.8614688418137,284.4547601673158,285.62711,267.547615883413,281.33913688877374,273.52007583408067,272.9417184656763
2026-03-27 13:00:00,265.74992,278.52060231472205,288.90439975247244,290.73411,272.654615883413,285.7887764739304,278.2717975152527,277.9936077686064
2026-03-27 14:00:00,270.79692,283.5860055560987,295.26019300016145,290.73411,272.654615883413,292.1445697216194,282.2846568949459,281.99884384660595
2026-03-27 15:00:00,294.75092,304.3655044377884,313.60984070981897,331.72711,313.647615883413,310.4942174312769,306.3478625313975,307.1189010207657
2026-03-27 16:00:00,305.75092,308.92646418794254,318.479796048351,332.72711,314.647615883413,315.36417276980893,310.3230778674161,311.24542337697324
2026-03-27 17:00:00,305.75092,324.04874277576687,329.80864740029443,367.72711,349.647615883413,326.6930241217524,328.26631057006506,329.0856211816393
2026-03-27 18:00:00,333.75092,355.3764492039124,348.3135107529001,367.72711,349.647615883413,345.197887474358,351.274493966342,352.086961303787
2026-03-27 19:00:00,335.75092,404.9976914823083,383.46186761725176,462.72711,444.647615883413,380.3462443387097,405.038166798427,404.99236335022624
2026-03-27 20:00:00,305.75092,359.717097078891,352.0501217055802,367.72711,349.647615883413,348.93449842703814,355.3229513114678,356.5275672369063
2026-03-27 21:00:00,305.75092,346.4388971664537,337.7187011652726,367.72711,349.647615883413,334.60307788673055,343.59731559460323,343.57280861969
2026-03-27 22:00:00,305.75092,319.1258501814752,311.20891379428525,332.72711,314.647615883413,308.0932905157432,316.1391909982841,316.40805020289514
2026-03-27 23:00:00,294.75092,304.6587122628999,295.8307902517717,320.72711,302.647615883413,292.71516697322966,302.28053256682733,302.27834961080515
2026-03-28 00:00:00,198.48526,270.8047138257461,272.3144299001902,265.74992,247.67042588341297,269.19880662164815,266.76983457674953,267.9866496617973
2026-03-28 01:00:00,198.48526,200.3836007545877,215.1226669099393,265.74992,220.9515154694146,213.05325336392085,206.58378988526417,207.2019650384076
2026-03-28 02:00:00,198.48526,202.19801056438047,215.01101379950276,265.74992,220.9515154694146,212.9416002534843,207.67350057542518,208.17676584851074
2026-03-28 03:00:00,198.48526,202.6060960911687,215.499927716483,263.75092,218.95251546941464,213.43051417046453,207.809944835692,208.3415444271676
2026-03-28 04:00:00,212.48526,203.05004784422545,217.94848461008664,265.74992,220.9515154694146,215.87907106406817,208.76797124086104,209.53449258916777
2026-03-28 05:00:00,213.48526,204.3155376124467,219.49310181320945,265.74992,220.9515154694146,217.42368826719098,209.91089049295297,210.68514474239993
2026-03-28 06:00:00,198.48526,208.13625966299037,220.2359862873584,265.74992,220.9515154694146,218.16657274133993,212.37297340595765,213.1418756279781
2026-03-28 07:00:00,198.48526,206.5670730055726,219.1897070561625,265.74992,220.9515154694146,217.12029351014402,211.35348897751797,211.81842529396673
2026-03-28 08:00:00,116.70626,207.78456101594168,220.43300871103528,265.74992,220.9515154694146,218.36359516501682,212.06538722209422,212.76953796710353
2026-03-28 09:00:00,116.70626,210.54141433138935,222.72054117959365,265.74992,220.9515154694146,220.6511276335752,214.22013274277558,214.97802248185323
2026-03-28 10:00:00,116.70626,213.13289427868295,225.25118508282225,265.74992,220.9515154694146,223.18177153680378,216.51356264710864,217.05423609211346
2026-03-28 11:00:00,116.70626,216.44377053579507,228.30993551484968,265.74992,220.9515154694146,226.24052196883122,219.48632166214696,219.7243962145811
2026-03-28 12:00:00,116.70626,224.5800033121812,228.94624384489947,263.75092,218.95251546941464,226.876830298881,224.17592313912272,224.46341388605367
2026-03-28 13:00:00,117.32926,227.0416108700999,231.4321000418116,265.74992,220.9515154694146,229.36268649579313,226.695166705061,226.75012355449667
2026-03-28 14:00:00,198.48526,233.0219045663446,236.44722333201088,270.79692,225.99851546941463,234.3778097859924,232.36465398924105,232.008195056609
2026-03-28 15:00:00,212.48526,244.7183925243965,245.6727491149081,294.75092,249.95251546941464,243.60333556888963,245.3652165607659,243.9393968016648
2026-03-28 16:00:00,215.48626,252.1115559689735,251.450735181217,305.75092,260.9525154694146,249.38132163519853,252.9417644507352,250.9371282008894
2026-03-28 17:00:00,288.48526,255.7535128090198,255.23163487555055,305.75092,260.9525154694146,253.1622213295321,256.08169252126663,254.02383058647743
2026-03-28 18:00:00,288.48526,293.33030845305814,273.5429530873508,333.75092,288.9525154694146,271.47353954133234,286.71027930208993,284.5600126507021
2026-03-28 19:00:00,313.48526,303.0655190134686,282.9523076889349,335.75092,290.9525154694146,280.8828941429165,295.3533017289678,292.65540628046864
2026-03-28 20:00:00,288.48526,291.68666871032644,274.73082255664417,305.75092,260.9525154694146,272.6614090106257,282.9337532660242,280.09899932485877
2026-03-28 21:00:00,288.48526,285.361689701981,269.628644358487,305.75092,260.9525154694146,267.5592308124685,277.56111707172676,275.4177627264109
2026-03-28 22:00:00,288.48526,273.3345542782497,257.0669713357104,305.75092,260.9525154694146,254.9975577896919,267.07191787333716,265.55299098027376
2026-03-28 23:00:00,215.48626,255.51355359218277,242.19496590993376,294.75092,249.95251546941464,240.1255523639153,250.62256649006144,250.46748489112463
2026-03-29 00:00:00,170.45135,217.95117176848808,213.78272636189251,198.48526,153.68685546941464,211.71331281587405,204.52417601322662,202.47320957706137
2026-03-29 01:00:00,108.67235,170.71098912645144,177.6124152542314,198.48526,177.23842315496424,176.86195761702587,174.30672023348944,175.0525141051664
2026-03-29 02:00:00,170.45135,171.76831604090674,178.49823298295644,198.48526,177.23842315496424,177.7477753457509,175.0975275679821,175.80590699184074
2026-03-29 03:00:00,170.45135,167.56536557515594,177.89608168112562,198.48526,177.23842315496424,177.1456240439201,171.52684409340688,171.44097486761905
2026-03-29 04:00:00,170.45135,161.452065551776,176.61786003376514,212.48526,191.23842315496424,175.8674023965596,170.2491410931633,170.61793909896937
2026-03-29 05:00:00,170.45135,160.98333204779232,175.27480359449788,213.48526,192.23842315496424,174.52434595729235,170.11701971352267,170.61057041110544
2026-03-29 06:00:00,108.03435,161.6191076562168,168.54884673376102,198.48526,177.23842315496424,167.7983890965555,166.4079293962779,166.36444157484502
2026-03-29 07:00:00,108.03435,158.79211864908186,164.88480325679922,198.48526,177.23842315496424,164.1343456195937,163.61918715218164,163.12366903951133
2026-03-29 08:00:00,108.03435,147.0762522718571,143.3892893230393,116.70626,95.45942315496423,142.63883168583376,137.14982110423097,135.99899404677848
2026-03-29 09:00:00,102.10735,149.8127787881471,143.47179840586705,116.70626,95.45942315496423,142.72134076866152,138.2923779482636,136.60097563520128
2026-03-29 10:00:00,102.10735,151.0181760004601,144.1372993728142,116.70626,95.45942315496423,143.38684173560867,139.02364796148828,137.23206143585202
2026-03-29 11:00:00,102.10735,154.0319517211543,145.85371973900493,116.70626,95.45942315496423,145.1032621017994,141.62831717522113,140.72875299591672
2026-03-29 12:00:00,108.03135,134.87444861486992,147.96975581589007,116.70626,95.45942315496423,147.21929817868454,129.74189569197233,129.242521219975
2026-03-29 13:00:00,108.03435,136.07994071450304,148.69704463766422,117.32926,96.08242315496423,147.9465870004587,131.00538322521862,130.73752934102464
2026-03-29 14:00:00,108.03435,164.78951815191394,170.13387988042277,198.48526,177.23842315496424,169.38342224321724,167.40096557091115,166.5385152643884
2026-03-29 15:00:00,110.10735,174.24125276886645,179.09112520480713,212.48526,191.23842315496424,178.3406675676016,177.75722309802714,177.5198426950744
2026-03-29 16:00:00,189.95135,178.5899012458558,183.569237434137,215.48626,194.23942315496421,182.81877979693147,181.95198067299228,181.9569956985753
2026-03-29 17:00:00,203.45135,207.7983029596521,205.76371278317,288.48526,267.2384231549642,205.01325514596448,218.4732439795531,219.60639646207656
2026-03-29 18:00:00,207.45235,244.509627844218,231.28412771427577,288.48526,267.2384231549642,230.53367007707024,244.8917673804097,245.20429791348124
2026-03-29 19:00:00,207.45235,268.00659656362205,254.9516156878822,313.48526,292.2384231549642,254.20115805067667,268.18687932777397,268.9379431754419
2026-03-29 20:00:00,207.45235,255.98249626609297,248.91999200785665,288.48526,267.2384231549642,248.16953437065112,254.76248369557118,255.098019161315
2026-03-29 21:00:00,207.45235,246.749775307057,235.8365517497153,288.48526,267.2384231549642,235.08609411250978,246.89656352440656,246.98228600028733
2026-03-29 22:00:00,207.45235,239.6689320085164,223.8157875301645,288.48526,267.2384231549642,223.06532989295897,241.04350013124474,241.25915602980973
2026-03-29 23:00:00,203.45135,199.7944330690747,195.2919082095135,215.48626,194.23942315496421,194.54145057230798,197.8626476663674,197.83061350762932
2026-03-30 00:00:00,184.66957,171.72356677589966,174.1403399787126,170.45135,149.20451315496422,173.38988234150708,170.6857429736372,171.36372658513628
2026-03-30 01:00:00,171.66257,184.5359654574829,166.75043939805116,108.67235,156.41025421694113,159.4331447482243,178.32764457602087,177.389180558107
2026-03-30 02:00:00,184.66957,179.71497076731265,173.29357991391717,170.45135,218.18925421694112,165.9762852640903,185.11700232217984,184.32690800412317
2026-03-30 03:00:00,184.66957,179.452240318698,172.39349315485796,170.45135,218.18925421694112,165.0761985050311,184.62422621021562,183.69447982583534
2026-03-30 04:00:00,184.66957,180.81567121947623,171.46809171625057,170.45135,218.18925421694112,164.1507970664237,185.8596279244412,185.11698800086776
2026-03-30 05:00:00,184.66957,192.86608775448516,179.33249151862327,170.45135,218.18925421694112,172.0151968687964,195.79315005938042,195.3359523086643
2026-03-30 06:00:00,184.66957,156.93626987031274,166.3960313070295,108.03435,155.77225421694112,159.07873665720263,158.58276142698915,158.57954427623793
2026-03-30 07:00:00,184.66957,154.48081691631887,164.31941735291684,108.03435,155.77225421694112,157.00212270308998,156.28249894680428,156.0904157260956
2026-03-30 08:00:00,184.66957,149.39201622027844,162.82568503599327,108.03435,155.77225421694112,155.5083903861664,151.2502749144448,150.42667384176968
2026-03-30 09:00:00,184.66957,150.5548614471335,161.5404985127924,102.10735,149.84525421694113,154.22320386296553,150.80315250158105,149.78527390947488
2026-03-30 10:00:00,184.66957,153.0377486037591,162.72989536617948,102.10735,149.84525421694113,155.4126007163526,152.60974703770736,151.513608656703
2026-03-30 11:00:00,186.06257,156.7614691353581,167.05625848709747,102.10735,149.84525421694113,159.7389638372706,157.09477040897445,156.91852648874536
2026-03-30 12:00:00,186.06257,166.6483326201788,172.1986313404125,108.03135,155.76925421694114,164.88133669058564,165.95091666746075,165.89969736692285
2026-03-30 13:00:00,186.06257,177.54664698492903,184.7752638813037,108.03435,155.77225421694112,177.45796923147682,174.9315519291965,174.9356658555252
2026-03-30 14:00:00,186.06257,184.8975277714074,192.9803216559012,108.03435,155.77225421694112,185.66302700607434,181.2301340771178,181.43532309049576
2026-03-30 15:00:00,186.06257,197.75047453644387,206.8632642250537,110.10735,157.84525421694113,199.54596957522685,192.62034672352488,193.2172546930432
2026-03-30 16:00:00,206.66257,233.9714004200612,241.93325251855543,189.95135,237.68925421694112,234.61595786872857,234.56756427056405,235.19758102612016
2026-03-30 17:00:00,216.66257,246.8054175520676,253.72449372391227,203.45135,251.18925421694112,246.4071990740854,248.16340494172144,249.52657569922775
2026-03-30 18:00:00,216.66257,273.28147344286697,292.3962243250253,207.45235,255.19025421694113,285.0789296751984,270.8077497746067,272.1496524549796
2026-03-30 19:00:00,386.66257,292.88532278976186,327.87728697197895,207.45235,255.19025421694113,320.5599923221521,287.68254079735067,289.11099170110833
2026-03-30 20:00:00,216.66257,284.1978619811789,321.57220553624506,207.45235,255.19025421694113,314.2549108864182,280.01381860248614,280.8795298856207
2026-03-30 21:00:00,216.66257,258.04115455112617,283.7422017096998,207.45235,255.19025421694113,276.42490705987296,257.30847585262694,257.51739127850624
2026-03-30 22:00:00,206.66257,234.8768565970212,243.06089269093133,207.45235,255.19025421694113,235.74359804110446,237.1850804565312,237.100770864713
2026-03-30 23:00:00,186.06257,220.25196263675437,223.3792007212364,203.45135,251.18925421694112,216.06190607140954,223.9769665320684,223.56040698713957
2026-03-31 00:00:00,195.01362,209.9027716121741,202.61127173846705,184.66957,232.40747421694113,195.2939770886402,208.82191425259256,206.63527997799113
2026-03-31 01:00:00,195.01362,195.41819682505505,190.27469972371583,171.66257,190.1199010359332,184.79136809341233,193.07403944890106,191.74701684558352
2026-03-31 02:00:00,195.01362,198.08582666059704,195.02391641913707,184.66957,203.1269010359332,189.54058478883357,197.2647630110736,195.87002658186742
2026-03-31 03:00:00,195.01362,192.2027906623917,189.9561580512244,184.66957,203.1269010359332,184.4728264209209,192.46068069912076,191.0138683392596
2026-03-31 04:00:00,195.01362,194.54447374080783,192.8232468388433,184.66957,203.1269010359332,187.3399152085398,194.391008184484,192.94662643545496
2026-03-31 05:00:00,195.01362,203.4266391225251,200.31754764689464,184.66957,203.1269010359332,194.83421601659114,202.38625289851393,201.49750913072475
2026-03-31 06:00:00,195.01362,196.08474808238017,201.08222653595652,184.66957,203.1269010359332,195.59889490565303,197.2646056589197,196.66099638893957
2026-03-31 07:00:00,195.01362,197.95674671220223,202.53748425385493,184.66957,203.1269010359332,197.05415262355143,199.0121054126003,198.58344612628443
2026-03-31 08:00:00,189.41362,201.45524454436307,204.2882158994635,184.66957,203.1269010359332,198.80488426916,201.770680479556,201.36023383338036
2026-03-31 09:00:00,189.41362,203.76226764991523,204.01352951969267,184.66957,203.1269010359332,198.53019788938917,203.4014465658127,202.92430937972404
2026-03-31 10:00:00,189.41362,211.47852342375865,207.47173762475188,184.66957,203.1269010359332,201.98840599444839,209.0586060395376,208.33898303014377
2026-03-31 11:00:00,195.01362,210.6802228967872,207.10804341997732,186.06257,204.5199010359332,201.62471178967382,208.6579492529508,207.96350410055484
2026-03-31 12:00:00,195.01362,196.6533294365178,208.33798626800976,186.06257,204.5199010359332,202.85465463770626,198.59412003668297,198.24666886671403
2026-03-31 13:00:00,195.01362,197.07112216728495,208.33414695132063,186.06257,204.5199010359332,202.85081532101714,199.30500837235664,199.22081799662803
2026-03-31 14:00:00,195.01362,201.82356094411125,213.63034848252232,186.06257,204.5199010359332,208.14701685221883,203.92403073092055,204.30869630401958
2026-03-31 15:00:00,197.42062,210.22513783655245,221.9572935251412,186.06257,204.5199010359332,216.47396189483771,211.0114629915418,211.59925691828872
2026-03-31 16:00:00,199.41362,226.27253444809568,240.97149240354824,206.66257,225.1199010359332,235.48816077324474,227.68617970269756,228.4385275298259
2026-03-31 17:00:00,274.45962,234.6223726106641,248.22342203269525,216.66257,235.1199010359332,242.74009040239176,235.77369800739774,236.4392315801718
2026-03-31 18:00:00,239.41362,262.06992018964047,282.69598559926897,216.66257,235.1199010359332,277.21265396896547,259.2221499885834,260.4759876492676
2026-03-31 19:00:00,399.41362,366.30332056573786,352.595805916023,386.66257,405.11990103593325,347.1124742857195,367.904011784878,369.12318323272393
2026-03-31 20:00:00,199.41362,270.3641802220527,297.6234783250917,216.66257,235.1199010359332,292.1401466947882,266.4186584144661,267.7013554521724
2026-03-31 21:00:00,199.41362,247.2094669880604,262.1627308951988,216.66257,235.1199010359332,256.6793992648953,246.32754494053614,247.10403090603558
2026-03-31 22:00:00,197.42062,225.13981276779992,230.70423126255935,206.66257,225.1199010359332,225.22089963225585,226.3991007935356,227.12170304939488
2026-03-31 23:00:00,197.42062,206.5819118378508,218.01961234310528,186.06257,204.5199010359332,212.53628071280178,207.4639552987416,207.50738210892098
2026-04-01 00:00:00,166.41431,205.25932452724567,206.13829405168485,195.01362,213.4709510359332,200.65496242138136,205.9488452521583,204.91560362393014
2026-04-01 01:00:00,166.41431,169.24906255815853,174.43850317444566,195.01362,183.02233200237035,170.33124650920328,172.9804394726115,172.54396204176354
2026-04-01 02:00:00,166.41431,169.07408993167408,174.02870361025026,195.01362,183.02233200237035,169.9214469450079,172.77460982671,172.20550298669937
2026-04-01 03:00:00,166.41431,165.99602276129582,171.6164691420243,195.01362,183.02233200237035,167.50921247678193,170.43706002472038,169.83838098796684
2026-04-01 04:00:00,166.41431,166.69350976158347,172.14338798352546,195.01362,183.02233200237035,168.03613131828308,170.9911248089465,170.44874028060116
2026-04-01 05:00:00,166.41431,173.04682910183843,176.70730007572013,195.01362,183.02233200237035,172.60004341047775,175.95013442085641,175.71953283527327
2026-04-01 06:00:00,166.41431,173.20994734714034,180.57685414860896,195.01362,183.02233200237035,176.46959748336658,176.2106134292233,175.71731635878814
2026-04-01 07:00:00,166.41431,174.66025693963377,181.0727246006127,195.01362,183.02233200237035,176.96546793537033,177.0212887591909,176.42334452266144
2026-04-01 08:00:00,111.36131,175.71086748413904,179.97921941900623,189.41362,177.42233200237035,175.87196275376385,176.08027524812022,175.10958232205888
2026-04-01 09:00:00,111.36131,175.14779644011793,178.23860674661404,189.41362,177.42233200237035,174.13135008137166,174.89508606281018,173.28783336028124
2026-04-01 10:00:00,111.36131,179.387593955196,180.18009620550305,189.41362,177.42233200237035,176.07283954026067,177.79223663014284,176.41020691409102
2026-04-01 11:00:00,113.79731,177.31169638200078,179.86158827274187,195.01362,183.02233200237035,175.7543316074995,177.74729926747605,176.75341008556256
2026-04-01 12:00:00,115.56331,174.43461401199534,181.2734791964517,195.01362,183.02233200237035,177.1662225312093,175.9190233578681,174.75745849905792
2026-04-01 13:00:00,166.41431,177.9536450386942,185.11506569387416,195.01362,183.02233200237035,181.00780902863178,179.27575829585112,178.92311714969003
2026-04-01 14:00:00,176.41431,182.92620901667877,190.9777056431852,195.01362,183.02233200237035,186.87044897794283,183.51417949936757,183.53035183055562
2026-04-01 15:00:00,176.41431,191.9630841422001,200.87382479871607,197.42062,185.42933200237036,196.7665681334737,191.36611163303974,191.56927017775078
2026-04-01 16:00:00,176.41431,197.8530449139877,206.92315099466083,199.41362,187.42233200237035,202.81589432941846,196.98924345831693,197.9334747835618
2026-04-01 17:00:00,192.41431,234.9389720245584,240.29409324444043,274.45962,262.4683320023703,236.18683657919806,239.2954568610339,240.30993649707298
2026-04-01 18:00:00,256.41431,264.4737488483452,277.88371544657866,239.41362,227.42233200237035,273.77645878133626,256.7806221211554,257.92497159048696
2026-04-01 19:00:00,256.41431,345.13501060086446,327.70672681346224,399.41362,387.42233200237035,323.5994701482199,345.6713775793844,347.10737857980433
2026-04-01 20:00:00,192.41431,237.39615492139623,244.6154231719472,199.41362,187.42233200237035,240.50816650670484,229.60665495357426,232.13203029335745
2026-04-01 21:00:00,192.41431,219.7872153126772,220.2626754251776,199.41362,187.42233200237035,216.15541875993523,214.47592475059895,216.41059249932442
2026-04-01 22:00:00,186.91431,205.73073877358183,205.5013894771861,197.42062,185.42933200237036,201.39413281194373,201.82737188938057,202.47085784893522
2026-04-01 23:00:00,176.41431,193.72638015360397,192.84771313130184,197.42062,185.42933200237036,188.74045646605947,191.17975857673343,190.4145624841051
2026-04-02 00:00:00,155.6678,169.99716763552692,171.2594016066706,166.41431,154.42302200237035,167.15214494142822,167.7505715132629,167.31858811296618
2026-04-02 01:00:00,155.6678,154.4858890214395,156.73740073133078,166.41431,157.65945199619426,156.5087146223209,155.30280129066637,155.04304783024023
2026-04-02 02:00:00,155.6678,151.49964958655505,153.75722544907967,166.41431,157.65945199619426,153.52853934006978,152.8629713557175,152.59311557671037
2026-04-02 03:00:00,155.6678,150.57851846161577,152.847148107409,166.41431,157.65945199619426,152.6184619983991,152.0922136962194,151.81309307626972
2026-04-02 04:00:00,155.6678,149.55925651008698,151.51195128794592,166.41431,157.65945199619426,151.28326517893603,151.29986124960138,151.06627003062746
2026-04-02 05:00:00,155.6678,151.405448588845,152.27608284075174,166.41431,157.65945199619426,152.04739673174186,152.7982459703992,152.6249831070818
2026-04-02 06:00:00,155.6678,142.6352911100884,151.25490390463816,166.41431,157.65945199619426,151.02621779562827,146.36427699023636,146.37870125961516
2026-04-02 07:00:00,125.6678,143.749018249714,151.02928691531068,166.41431,157.65945199619426,150.8006008063008,147.12047622786912,147.0978637137199
2026-04-02 08:00:00,123.0508,134.70699476974724,136.64315562118944,111.36131,102.60645199619427,136.41446951217955,130.73021581904152,130.5154469507895
2026-04-02 09:00:00,120.6148,135.80245420484678,136.79406975192455,111.36131,102.60645199619427,136.56538364291467,131.45550853976385,131.17943225389067
2026-04-02 10:00:00,123.0508,138.7364400811254,137.85931068366915,111.36131,102.60645199619427,137.63062457465927,133.54365495209134,133.15021035775737
2026-04-02 11:00:00,125.6678,133.44564553932156,135.23067877274514,113.79731,105.04245199619426,135.00199266373525,130.0821673602096,129.9140237536043
2026-04-02 12:00:00,125.6678,130.82236794271154,139.54926519944155,115.56331,106.80845199619426,139.32057909043166,128.65130938671138,128.52253161409723
2026-04-02 13:00:00,125.6678,145.99120964385534,151.48119294064946,166.41431,157.65945199619426,151.25250683163958,148.68217029703789,148.6759805173602
2026-04-02 14:00:00,155.6678,151.12111745960152,156.36366790553888,176.41431,167.65945199619426,156.134981796529,154.34721267183218,154.35611556393934
2026-04-02 15:00:00,155.6678,155.01059768307672,161.26998173705732,176.41431,167.65945199619426,161.04129562804744,157.77240533934096,157.917222613482
2026-04-02 16:00:00,155.6678,160.66469936309363,167.23563637039575,176.41431,167.65945199619426,167.00695026138587,162.47405539874887,162.6953206552911
2026-04-02 17:00:00,165.5678,177.8486729315967,186.51360291014183,192.41431,183.65945199619426,186.28491680113194,178.72109053919772,178.79572121080614
2026-04-02 18:00:00,180.7788,228.6526659614901,212.07502242724215,256.41431,247.65945199619426,211.84633631823226,228.77246612632163,229.16796045957878
2026-04-02 19:00:00,180.7788,226.59698131079847,208.04905625697256,256.41431,247.65945199619426,207.82037014796268,226.98922361627675,227.35971572225975
2026-04-02 20:00:00,180.7788,187.68528205554432,182.5470825781005,192.41431,183.65945199619426,182.3183964690906,185.81726118073266,185.77090798822934
2026-04-02 21:00:00,165.5678,183.4203073414367,175.25271424078835,192.41431,183.65945199619426,175.02402813177846,182.01996906147195,181.84420567618506
2026-04-02 22:00:00,165.5678,175.2566004332701,165.6446175919105,186.91431,178.15945199619426,165.41593148290062,174.32365486268517,174.0157682310178
2026-04-02 23:00:00,165.5678,165.4068015908751,157.11295349185764,176.41431,167.65945199619426,156.88426738284775,164.55308245586616,164.05684023330383
2026-04-03 00:00:00,146.09312,147.87142806792636,149.4057968088089,155.6678,146.91294199619426,149.17711069979902,146.53530347659924,144.92840439680066
2026-04-03 01:00:00,146.09312,146.06294569559736,148.38107343759913,155.6678,153.57142087227425,145.46016901939163,147.34707474127654,147.04331601900336
2026-04-03 02:00:00,146.09312,144.84152127267572,147.54755354995655,155.6678,153.57142087227425,144.62664913174905,146.38062742589915,145.96413261576467
2026-04-03 03:00:00,146.09312,144.04148595863794,147.41348809540494,155.6678,153.57142087227425,144.49258367719744,145.75687820646888,145.26095479914483
2026-04-03 04:00:00,146.09312,142.6264312975092,146.04583554870774,155.6678,153.57142087227425,143.12493113050024,144.72304207269374,144.29668228162117
2026-04-03 05:00:00,146.09312,143.38208023492243,146.63831836916452,155.6678,153.57142087227425,143.71741395095702,145.36125485395598,145.05570779082714
2026-04-03 06:00:00,123.47612,139.94528586672203,145.70986109945227,155.6678,153.57142087227425,142.78895668124477,143.03042208167994,142.7779707858216
2026-04-03 07:00:00,117.24212,136.6095354613671,138.92418513812507,125.6678,123.57142087227425,136.00328071991757,134.723265866853,134.7682160625752
2026-04-03 08:00:00,117.24212,135.4246735658282,137.60786186360016,123.0508,120.95442087227424,134.68695744539266,133.3460675925482,133.4753911003684
2026-04-03 09:00:00,117.24212,136.39016007064723,137.83223992442885,120.6148,118.51842087227425,134.91133550622135,133.49629869590623,133.6131019175206
2026-04-03 10:00:00,117.24212,137.31356475321482,138.5755436941422,123.0508,120.95442087227424,135.6546392759347,134.52930108591082,134.58416701423792
2026-04-03 11:00:00,117.24212,137.51561797727535,139.2482715347355,125.6678,123.57142087227425,136.327367116528,135.26771177279653,135.39464587795788
2026-04-03 12:00:00,117.24212,133.9936565982082,142.53297735295914,125.6678,123.57142087227425,139.61207293475164,133.34832562772863,133.49087875796917
2026-04-03 13:00:00,117.24212,135.76267058562263,144.41715831229823,125.6678,123.57142087227425,141.49625389409073,134.86258130454104,135.12249541967773
2026-04-03 14:00:00,121.04012,147.06417887002482,153.61624420008357,155.6678,153.57142087227425,150.69533978187607,148.44225454564875,148.2623344391803
2026-04-03 15:00:00,123.47612,148.65186142455877,155.79835100756915,155.6678,153.57142087227425,152.87744658936165,149.67882424255984,149.45106985722592
2026-04-03 16:00:00,146.09312,149.94507597272715,157.02105192690163,155.6678,153.57142087227425,154.10014750869414,151.0086167847998,151.1555606936887
2026-04-03 17:00:00,147.09312,158.70883088325897,166.03836454749128,165.5678,163.47142087227425,163.11746012928378,159.9525490813624,160.55080034225946
2026-04-03 18:00:00,176.09312,177.51876474253092,180.75110401559365,180.7788,178.68242087227424,177.83019959738616,176.0185058718415,175.64273896691728
2026-04-03 19:00:00,176.20412,176.31513624859292,178.6262612254431,180.7788,178.68242087227424,175.7053568072356,175.06826662516542,174.72473098484988
2026-04-03 20:00:00,176.20412,172.31225930148628,170.17460355090793,180.7788,178.68242087227424,167.25369913270043,171.915167655662,171.95784804419253
2026-04-03 21:00:00,176.20412,164.12675641254373,162.00626368762542,165.5678,163.47142087227425,159.08535926941792,163.37809424017075,164.13794014269928
2026-04-03 22:00:00,176.09312,160.60091088880606,156.7335547004934,165.5678,163.47142087227425,153.81265028228592,160.41907406548083,161.1234065996586
2026-04-03 23:00:00,161.09312,156.56883197490188,152.3082445325333,165.5678,163.47142087227425,149.3873401143258,156.88208570776266,157.02255189678942
2026-04-04 00:00:00,143.28764,145.0631848769221,146.93871565634575,146.09312,143.99674087227424,144.01781123813825,144.78763060880377,144.21387616519206
2026-04-04 01:00:00,143.28764,142.53155373586526,144.37511223434404,146.09312,146.06661809360546,140.89275613992427,143.106910710123,143.42698421827325
2026-04-04 02:00:00,143.28764,141.8415449496357,144.1966245959727,146.09312,146.06661809360546,140.71426850155294,142.55866169478523,142.8015693847859
2026-04-04 03:00:00,143.28764,141.47295116827456,144.02335757366865,146.09312,146.06661809360546,140.54100147924888,142.26466271475167,142.48372303605706
2026-04-04 04:00:00,143.28764,140.74082123667404,143.68491095825038,146.09312,146.06661809360546,140.2025548638306,141.68091620829517,141.95755842987018
2026-04-04 05:00:00,143.28764,139.85626473009256,142.05891815337094,146.09312,146.06661809360546,138.57656205895117,140.95696890762497,141.26419661462427
2026-04-04 06:00:00,132.28764,134.1108380136053,138.0168246963981,123.47612,123.44961809360545,134.53446860197832,132.41043133911222,132.74284747509057
2026-04-04 07:00:00,132.28764,133.2599346939785,136.3289945435693,117.24212,117.21561809360546,132.84663844914954,130.42241849113518,130.72415889974138
2026-04-04 08:00:00,132.28764,133.4498523649769,136.2236325908385,117.24212,117.21561809360546,132.74127649641872,130.50223501852295,129.7602675341111
2026-04-04 09:00:00,132.28764,133.31946112109566,135.91286779989775,117.24212,117.21561809360546,132.43051170547798,130.34953969684727,129.54427949372672
2026-04-04 10:00:00,132.28764,133.12148439394895,136.0803878793163,117.24212,117.21561809360546,132.59803178489653,130.28929171108928,129.5536824429612
2026-04-04 11:00:00,132.28764,134.45481936486567,136.6903229548615,117.24212,117.21561809360546,133.20796686044173,131.1940997192622,130.29611937189964
2026-04-04 12:00:00,132.28764,126.98606638535244,137.14178511490744,117.24212,117.21561809360546,133.65942902048766,126.05946627235228,125.46024331853893
2026-04-04 13:00:00,132.28764,128.0991229393935,137.92091093101038,117.24212,117.21561809360546,134.4385548365906,126.98997806528831,126.55073563378556
2026-04-04 14:00:00,143.28764,129.43876236773926,139.55323762793824,121.04012,121.01361809360546,136.07088153351847,128.7414117638015,129.19303507140893
2026-04-04 15:00:00,147.28764,130.8997311917809,141.3415857894316,123.47612,123.44961809360545,137.85922969501183,130.36790357758764,131.75154520933802
2026-04-04 16:00:00,160.28764,136.87409968547394,146.2945611134003,146.09312,146.06661809360546,142.81220501898053,139.12002034873163,139.52994658768674
2026-04-04 17:00:00,162.28764,140.2994429132381,149.81939657182244,147.09312,147.06661809360546,146.33704047740267,142.14983454507706,143.18595849186158
2026-04-04 18:00:00,178.28764,159.94182303634193,158.88459892039188,176.09312,176.06661809360546,155.4022428259721,162.09108102806965,163.43661958740773
2026-04-04 19:00:00,178.28764,161.60805449285928,160.7891928044251,176.20412,176.17761809360545,157.30683671000534,163.51603852531815,165.63314137072012
2026-04-04 20:00:00,162.28764,160.63685730338565,159.28605378959645,176.20412,176.17761809360545,155.80369769517668,162.72155312107216,164.21960858168202
2026-04-04 21:00:00,162.28764,159.18258967116302,157.80038061217255,176.20412,176.17761809360545,154.31802451775278,161.483503507336,162.91519994819333
2026-04-04 22:00:00,162.28764,157.9334627557572,156.53787606729594,176.09312,176.06661809360546,153.05551997287617,160.40407729215534,161.76445739256428
2026-04-04 23:00:00,162.28764,151.09490962694045,150.9622121727233,161.09312,161.06661809360546,147.47985607830353,152.39526185093024,152.95264953921154
2026-04-05 00:00:00,134.15781,145.72790610409191,146.5351550170014,143.28764,143.26113809360547,143.05279892258162,145.1373560453047,144.8256164442633
2026-04-05 01:00:00,133.15781,133.69968317354613,135.40712270200493,143.28764,132.425720703742,133.46088424939032,133.42581307490573,133.07670232794325
2026-04-05 02:00:00,133.15781,134.6564896146623,136.42653350515667,143.28764,132.425720703742,134.48029505254206,134.65860890361546,134.5911996728725
2026-04-05 03:00:00,122.15781,135.05103853826756,137.24596810478246,143.28764,132.425720703742,135.29972965216785,134.9429093951584,134.84205773490223
2026-04-05 04:00:00,122.15781,133.9884056619647,135.8383323392471,143.28764,132.425720703742,133.8920938866325,134.07602866993741,133.9977451206622
2026-04-05 05:00:00,133.15781,132.40016814881983,133.54812572804215,143.28764,132.425720703742,131.60188727542754,132.76991450926556,132.72547336321048
2026-04-05 06:00:00,122.15781,126.03879072828276,130.676437916759,132.28764,121.425720703742,128.7301994641444,125.90462931957936,125.79497751856852
2026-04-05 07:00:00,122.15781,126.65768362329406,130.70618120524955,132.28764,121.425720703742,128.75994275263494,126.23439709326468,126.05237384958158
2026-04-05 08:00:00,122.15781,126.56745980399724,130.3518794711893,132.28764,121.425720703742,128.4056410185747,126.11057655454104,125.92445246941938
2026-04-05 09:00:00,110.28781,126.6638690915888,130.0625837183563,132.28764,121.425720703742,128.1163452657417,126.06822832487177,125.83811704950739
2026-04-05 10:00:00,122.15781,124.82441736576124,128.5930059634888,132.28764,121.425720703742,126.64676751087418,124.60980086101836,124.40965279239964
2026-04-05 11:00:00,122.15781,126.91444279433432,129.63632431909363,132.28764,121.425720703742,127.69008586647902,126.16394941542936,125.92344722534789
2026-04-05 12:00:00,122.15781,124.43217493150196,131.00314536070195,132.28764,121.425720703742,129.05690690808734,124.45744468980931,124.29860255884991
2026-04-05 13:00:00,122.15781,124.06771144026284,130.51485752657845,132.28764,121.425720703742,128.56861907396384,124.20230719998153,124.0866631367174
2026-04-05 14:00:00,122.15781,127.73132004124572,134.1426305972641,143.28764,132.425720703742,132.19639214464948,128.53058138865913,128.18130905766648
2026-04-05 15:00:00,133.15781,129.32163715438784,135.47130905222778,147.28764,136.425720703742,133.52507059961317,130.38700207755957,130.0139099550307
2026-04-05 16:00:00,134.15781,134.26785750485618,139.54471679891122,160.28764,149.425720703742,137.59847834629662,137.05825417647347,137.10050006851353
2026-04-05 17:00:00,142.15781,139.31839014273754,145.6262952460174,162.28764,151.425720703742,143.6800567934028,141.6086766492322,141.69610188969563
2026-04-05 18:00:00,142.15781,157.30042775369392,150.20660903330352,178.28764,167.425720703742,148.2603705806889,157.56577441020036,157.37922389109573
2026-04-05 19:00:00,157.15781,158.1632119528739,151.91462638321687,178.28764,167.425720703742,149.96838793060226,158.3256047173852,158.13494273159606
2026-04-05 20:00:00,142.15781,150.63897014882355,148.89147035915605,162.28764,151.425720703742,146.94523190654144,150.10793823927776,150.00706439905602
2026-04-05 21:00:00,142.15781,150.41247868223385,148.13840810435045,162.28764,151.425720703742,146.19216965173584,149.93716795562239,149.84971566678448
2026-04-05 22:00:00,142.15781,150.8725071158234,148.98214954746544,162.28764,151.425720703742,147.03591109485083,150.32028725410868,150.2145332318064
2026-04-05 23:00:00,142.15781,150.59561146105992,148.3228753205349,162.28764,151.425720703742,146.3766368679203,150.06469845148516,149.94347039272816
2026-04-06 00:00:00,140.80127,142.50272001578833,142.54560144946046,134.15781,123.295890703742,140.59936299684585,139.556873558426,139.7435820572827
2026-04-06 01:00:00,131.80127,140.21493182838896,139.33413928645012,133.15781,153.15378683328245,134.05366876736184,141.78584848764507,141.3336306451063
2026-04-06 02:00:00,131.80127,140.8678962812147,139.8206978327847,133.15781,153.15378683328245,134.54022731369642,142.29093468575473,141.81918914640073
2026-04-06 03:00:00,131.80127,140.16717243377508,136.8532066335708,122.15781,142.15378683328242,131.57273611448252,139.56176369839324,138.8991980983222
2026-04-06 04:00:00,140.80127,143.21171280712628,139.35266491434115,122.15781,142.15378683328242,134.07219439525286,141.9832787290228,141.31051783316602
2026-04-06 05:00:00,140.80127,147.71220846459477,144.48721247997798,133.15781,153.15378683328245,139.2067419608897,147.8781998359256,147.50941971919886
2026-04-06 06:00:00,140.80127,139.4497258344366,142.3998925401713,122.15781,142.15378683328242,137.119422021083,139.72309958846836,139.35005185101008
2026-04-06 07:00:00,140.80127,142.9803966700513,145.48092431804142,122.15781,142.15378683328242,140.20045379895313,142.59828634561163,142.25813618891155
2026-04-06 08:00:00,140.80127,144.55236671577072,147.07608007674622,122.15781,142.15378683328242,141.79560955765794,143.9634539974385,143.69150707205475
2026-04-06 09:00:00,140.80127,143.75941243437126,145.26030174331686,110.28781,130.28378683328242,139.97983122422858,141.14625949616132,140.73840855674536
2026-04-06 10:00:00,140.80127,150.81466593629872,151.76794916378577,122.15781,142.15378683328242,146.4874786446975,148.91406318897086,148.6290624304245
2026-04-06 11:00:00,140.80127,150.6923613878119,151.69656683165226,122.15781,142.15378683328242,146.41609631256398,148.8408012920923,148.5773863142399
2026-04-06 12:00:00,140.80127,146.88754268730372,155.8641589850669,122.15781,142.15378683328242,150.5836884659786,146.4924225646147,146.43972724061666
2026-04-06 13:00:00,140.80127,148.51839046234377,157.91692024809618,122.15781,142.15378683328242,152.6364497290079,147.94380268963485,147.9568526753709
2026-04-06 14:00:00,150.80127,151.57374582971622,161.67683221783605,122.15781,142.15378683328242,156.39636169874777,150.5536794273583,150.6218121810618
2026-04-06 15:00:00,151.80127,155.9720797448686,165.78531006409293,133.15781,153.15378683328245,160.50483954500464,156.11903250820498,156.3503590606871
2026-04-06 16:00:00,195.80127,157.96424866341675,168.19876150610713,134.15781,154.15378683328245,162.91829098701885,158.07145023130388,158.38596037792522
2026-04-06 17:00:00,195.80127,161.06926002870935,171.18962402289452,142.15781,162.15378683328245,165.90915350380624,161.62925538130628,161.78930893414952
2026-04-06 18:00:00,200.80127,163.537355602302,177.41068894715266,142.15781,162.15378683328245,172.13021842806438,164.05626093375827,164.33896949211368
2026-04-06 19:00:00,195.80127,178.2364598729459,186.89615503315943,157.15781,177.15378683328245,181.61568451407115,179.60589996147883,180.82929826619406
2026-04-06 20:00:00,1175.43727,165.30519180336464,178.259006234754,142.15781,162.15378683328245,172.9785357156657,165.59831418112216,165.95322518038176
2026-04-06 21:00:00,570.80127,158.34322215179716,169.2048446323247,142.15781,162.15378683328245,163.9243741132364,159.55170835966803,159.66789680712438
2026-04-06 22:00:00,195.80127,152.9859729626299,163.53271660654525,142.15781,162.15378683328245,158.25224608745697,154.75560919183053,154.54680380021367
2026-04-06 23:00:00,151.80127,150.09334095112973,161.12173219248967,142.15781,162.15378683328245,155.8412616734014,152.00461319234287,151.4911654816519
2026-04-07 00:00:00,137.09785,154.55468244441084,155.60924994553946,140.80127,160.79724683328243,150.32877942645118,154.39630603067073,153.71480791713833
2026-04-07 01:00:00,137.09785,139.8478880431341,139.70938572061425,131.80127,126.50703706696316,143.92705651439232,140.53751603052552,140.2708892071781
2026-04-07 02:00:00,137.09785,142.52292542622536,140.58727693608031,131.80127,126.50703706696316,144.80494772985838,142.62607727077904,142.38211012887834
2026-04-07 03:00:00,137.09785,139.9625312032852,137.7792241484456,131.80127,126.50703706696316,141.99689494222366,140.56739646552666,140.34994665082422
2026-04-07 04:00:00,137.09785,140.4397785103106,141.05469832708087,140.80127,135.50703706696316,145.27236912085894,142.18223770049616,141.75244994725955
2026-04-07 05:00:00,149.98685,156.52672542917617,157.30751815596489,140.80127,135.50703706696316,161.52518894974295,155.16214501976725,154.6914935169676
2026-04-07 06:00:00,149.98685,157.71961703498093,158.2205537612404,140.80127,135.50703706696316,162.43822455501848,156.25856087808262,155.92077957217066
2026-04-07 07:00:00,149.98685,152.34091312350674,154.93041341546694,140.80127,135.50703706696316,159.148084209245,152.2325580428381,152.0657471999813
2026-04-07 08:00:00,137.09785,151.8584905976279,153.1268682048258,140.80127,135.50703706696316,157.34453899860387,151.61176038089104,151.35084307143597
2026-04-07 09:00:00,137.09785,151.82367207668943,153.23251188899673,140.80127,135.50703706696316,157.4501826827748,151.65911601159584,151.46397974627422
2026-04-07 10:00:00,137.09785,154.7843182923227,155.27939433475592,140.80127,135.50703706696316,159.497065128534,153.97255139298667,153.77082408385058
2026-04-07 11:00:00,149.98685,166.27890932609463,166.46727682765885,140.80127,135.50703706696316,170.68494762143692,163.42821371787335,163.36330146677085
2026-04-07 12:00:00,149.98685,160.0622618044324,169.73078725112563,140.80127,135.50703706696316,173.9484580449037,159.15024414770613,159.2726613284018
2026-04-07 13:00:00,149.98685,159.22884119499724,168.1250092353058,140.80127,135.50703706696316,172.34268002908388,158.5373855357687,158.7469333673132
2026-04-07 14:00:00,158.98685,167.5075256453741,177.0082796006498,150.80127,145.50703706696316,181.22595039442785,166.80658267565647,167.00131065149677
2026-04-07 15:00:00,158.98685,181.7886295949579,191.8440797403488,151.80127,146.50703706696316,196.06175053412687,178.7882613592502,179.16152382276763
2026-04-07 16:00:00,398.98685,206.9386520095721,216.62800610849445,195.80127,190.50703706696316,220.84567690227252,206.2888939521544,206.84696552020245
2026-04-07 17:00:00,398.98685,211.41611812020352,219.0352264082701,195.80127,190.50703706696316,223.25289720204816,210.61291918883268,211.71356660015365
2026-04-07 18:00:00,1091.02085,253.8809354549588,269.0246955990099,200.80127,195.50703706696316,273.24236639278797,247.7196784593071,249.9262557585936
2026-04-07 19:00:00,1091.02085,311.11529936489467,352.8299206389878,195.80127,190.50703706696316,357.0475914327659,297.3045898697876,301.28469107999365
2026-04-07 20:00:00,274.03285,753.5608173772433,572.5876437493346,1175.43727,1170.143037066963,576.8053145431127,773.734627338842,765.295647358956
2026-04-07 21:00:00,189.48685,434.0158489237424,379.4504047634183,570.80127,565.5070370669632,383.6680755571964,442.67370647771634,441.86464914906196
2026-04-07 22:00:00,158.98685,198.99402317918333,212.7443326310556,195.80127,190.50703706696316,216.96200342483368,199.7383366146392,199.86922230931702
2026-04-07 23:00:00,158.98685,155.00195885767076,161.31636546490472,151.80127,146.50703706696316,165.5340362586828,156.50505957515875,156.46117518827776
2026-04-08 00:00:00,207.3678,150.48478901653218,148.85749764440703,137.09785,131.80361706696317,153.0751684381851,151.68867635261356,151.60611082938084
2026-04-08 01:00:00,187.3678,207.44821943818624,195.5230342532029,137.09785,130.93107401325366,195.77543087514348,197.02447405084126,196.6740648723641
2026-04-08 02:00:00,187.3678,200.90049485996883,185.58978615794632,137.09785,130.93107401325366,185.8421827798869,190.04726345271024,189.59535942057727
2026-04-08 03:00:00,187.3678,196.78616915480333,180.5065289927044,137.09785,130.93107401325366,180.758925614645,186.05669441680882,185.5487706661142
2026-04-08 04:00:00,207.3678,203.72612262723345,187.69481805252013,137.09785,130.93107401325366,187.94721467446072,192.18768253614905,191.7345826704295
2026-04-08 05:00:00,207.3678,206.00347568695545,194.19717540736048,149.98685,143.82007401325367,194.44957202930107,196.822957268548,196.3507733674448
2026-04-08 06:00:00,237.3678,183.65387220306903,188.23420324081357,149.98685,143.82007401325367,188.48659986275416,180.98674229731824,180.5724197166689
2026-04-08 07:00:00,237.3678,179.21469664426195,184.3879675755939,149.98685,143.82007401325367,184.6403641975345,177.34909299795675,176.963626597376
2026-04-08 08:00:00,207.3678,180.26077208660092,183.56104707068928,137.09785,130.93107401325366,183.81344369262987,176.53618198611474,176.21663683584973
2026-04-08 09:00:00,207.3678,188.32407626894187,189.88190094915905,137.09785,130.93107401325366,190.13429757109964,183.61118303091527,183.3427524049866
2026-04-08 10:00:00,207.3678,199.75457692290243,199.54319132070052,137.09785,130.93107401325366,199.7955879426411,193.41944791711143,193.2370582641153
2026-04-08 11:00:00,237.3678,201.17516070961864,202.44815807682969,149.98685,143.82007401325367,202.70055469877028,196.3255997730194,196.11467973719812
2026-04-08 12:00:00,207.3678,186.09869397159676,207.27444012547505,149.98685,143.82007401325367,207.52683674741564,189.65789745096487,189.72488507999452
2026-04-08 13:00:00,207.3678,182.98827514544303,199.8986747064405,149.98685,143.82007401325367,200.15107132838108,185.5925098005883,185.65928666398176
2026-04-08 14:00:00,237.3678,193.4880255414874,212.17121672474715,158.98685,152.82007401325367,212.42361334668774,196.76720925208807,197.1136857991242
2026-04-08 15:00:00,237.3678,203.66735231383512,222.10148451816693,158.98685,152.82007401325367,222.35388114010752,204.95097111095032,205.32296119626173
2026-04-08 16:00:00,237.3678,268.6884060478579,268.0166231771077,398.98685,392.8200740132537,268.2690197990483,284.2901104655541,284.0973553009213
2026-04-08 17:00:00,272.4138,314.1035842296905,334.11251403680353,398.98685,392.8200740132537,334.3649106587441,329.91532089203736,330.3013962052974
2026-04-08 18:00:00,397.3678,679.3484423561945,626.0383274280979,1091.02085,1084.8540740132537,626.2907240500384,693.2250382927508,688.6930812739442
2026-04-08 19:00:00,1161.9998,711.0206866510772,656.6673857989929,1091.02085,1084.8540740132537,656.9197824209334,721.6260527490463,718.2996118255631
2026-04-08 20:00:00,397.3678,324.1324238027598,348.74182590920367,274.03285,267.86607401325364,348.99422253114426,322.87661617914193,323.83646337742107
2026-04-08 21:00:00,237.3678,218.8889581438684,232.10654621260315,189.48685,183.32007401325367,232.35894283454374,221.24553843273753,221.7258684563678
2026-04-08 22:00:00,237.3678,189.13352073349463,202.1747400624408,158.98685,152.82007401325367,202.4271366843814,192.85840381685267,193.31678739825503
2026-04-08 23:00:00,207.3678,187.74846561396555,196.896790954498,158.98685,152.82007401325367,197.14918757643858,188.85532584416754,188.97831617273636
2026-04-09 00:00:00,202.13742,191.89925516427596,194.62782663941687,207.3678,201.20102401325366,194.88022326135746,196.8766654130875,195.3564591240606
2026-04-09 01:00:00,202.13742,201.51301493140164,199.68771599065343,187.3678,175.9712493471776,191.56637503549325,197.53172541739292,197.43442466747962
2026-04-09 02:00:00,202.13742,200.2070422178934,198.677049929695,187.3678,175.9712493471776,190.5557089745348,196.51927834738393,196.42618376391127
2026-04-09 03:00:00,202.13742,197.127934216909,195.13852457173712,187.3678,175.9712493471776,187.01718361657694,193.9361572629778,193.66874605146634
2026-04-09 04:00:00,202.13742,204.23149142203152,207.5193252870099,207.3678,195.9712493471776,199.39798433184973,204.06830224348002,203.46718224135012
2026-04-09 05:00:00,255.13742,209.4559573865637,213.5613895622434,207.3678,195.9712493471776,205.4400486070832,208.8212180275328,208.17299042338846
2026-04-09 06:00:00,255.13742,209.8351334886371,218.49080380415865,237.3678,225.9712493471776,210.36946284899847,214.37655362345842,213.05860167942026
2026-04-09 07:00:00,236.63742,204.06799494466503,213.5659459526049,237.3678,225.9712493471776,205.4446049974447,210.00046608595923,208.32086519283553
2026-04-09 08:00:00,236.63742,200.6221313477091,207.00750831718491,207.3678,195.9712493471776,198.88616736202474,202.53310381082045,201.03333864561307
2026-04-09 09:00:00,202.13742,204.77434639897152,209.30533767015865,207.3678,195.9712493471776,201.18399671499847,205.37676113158565,204.4049372494456
2026-04-09 10:00:00,236.63742,215.1521845589128,217.83125798611897,207.3678,195.9712493471776,209.7099170309588,213.67193808517433,212.87272948782407
2026-04-09 11:00:00,255.13742,228.52254169621403,232.4609533191077,237.3678,225.9712493471776,224.3396123639475,229.06368892987578,228.22857611829733
2026-04-09 12:00:00,255.13742,211.81937044339168,228.452579712969,207.3678,195.9712493471776,220.33123875780882,214.25290919591635,213.52436055109166
2026-04-09 13:00:00,255.13742,220.61133114176477,238.81505715511832,207.3678,195.9712493471776,230.69371619995815,222.26134004775025,221.32750325295896
2026-04-09 14:00:00,255.13742,241.13194786929293,260.43121958072624,237.3678,225.9712493471776,252.30987862556606,243.8768430509478,242.61330168870916
2026-04-09 15:00:00,255.13742,262.1163961816547,283.27534479757065,237.3678,225.9712493471776,275.1540038424105,262.0738711110045,260.6048797022342
2026-04-09 16:00:00,255.13742,264.8495181185846,291.4786669993853,237.3678,225.9712493471776,283.35732604422515,265.2572119498808,264.78106179301943
2026-04-09 17:00:00,268.13742,281.89609367268577,309.83294693363086,272.4138,261.0172493471776,301.7116059784707,283.587352368944,283.96629073135966
2026-04-09 18:00:00,1079.17142,433.5271375512676,464.1065394706077,397.3678,385.9712493471776,455.9851985154475,427.42572249740533,426.9739159007312
2026-04-09 19:00:00,457.13742,746.7923351975745,702.4666899136006,1161.9998,1150.6032493471778,694.3453489584404,752.8802215988821,765.6796151996232
2026-04-09 20:00:00,372.11742,418.1623942105131,434.290735509623,397.3678,385.9712493471776,426.1693945544628,412.0434122938621,409.8074663968224
2026-04-09 21:00:00,268.13742,277.3814930655274,293.0857926350528,237.3678,225.9712493471776,284.96445167989265,273.5349658742765,271.966420275617
2026-04-09 22:00:00,255.13742,233.67753659157623,236.75760748646996,237.3678,225.9712493471776,228.6362665313098,233.74262544850984,232.42040619119015
2026-04-09 23:00:00,255.13742,213.6748304875432,215.75210699536595,207.3678,195.9712493471776,207.63076604020577,212.9102953532211,211.37267420020302
2026-04-10 00:00:00,256.01145,196.6074471909783,200.678687675314,202.13742,190.7408693471776,192.55734672015382,196.372147126078,196.2949188566843
2026-04-10 01:00:00,256.01145,252.4749243596455,241.2008419586595,202.13742,183.0840220029028,244.0545953042269,238.99000523422828,237.642302202289
2026-04-10 02:00:00,256.01145,245.05009568189456,230.31486442921565,202.13742,183.0840220029028,233.16861777478303,232.9535070040447,231.58732674901086
2026-04-10 03:00:00,256.01145,242.8745259655692,227.3522630054826,202.13742,183.0840220029028,230.20601635104998,231.1882096371941,230.04725954663593
2026-04-10 04:00:00,256.01145,245.35455649340952,228.07188461677515,202.13742,183.0840220029028,230.92563796234253,233.15952636398723,232.27767875687536
2026-04-10 05:00:00,267.45145,245.5736932981181,239.96486863254268,255.13742,236.0840220029028,242.81862197811006,243.8177400853845,244.61663843248468
2026-04-10 06:00:00,266.01145,223.45757749430032,238.56534222919123,255.13742,236.0840220029028,241.41909557475861,228.18087033956556,229.58478305964024
2026-04-10 07:00:00,256.01145,212.08653838411536,229.2581807715598,236.63742,217.5840220029028,232.1119341171272,216.21538893441368,217.11319381639936
2026-04-10 08:00:00,256.01145,213.8890307346358,230.82617408831027,236.63742,217.5840220029028,233.67992743387765,217.64217684714077,218.53600396551045
2026-04-10 09:00:00,256.01145,206.0040615732508,222.84555786655145,202.13742,183.0840220029028,225.69931121211883,205.22388366977367,206.06415775367347
2026-04-10 10:00:00,256.01145,219.28463908656116,236.09169764350133,236.63742,217.5840220029028,238.94545098906872,222.06270509240176,223.07563735436602
2026-04-10 11:00:00,266.01145,231.6386946468375,246.7220425237672,255.13742,236.0840220029028,249.57579586933457,234.94249359520114,236.5858049607926
2026-04-10 12:00:00,266.01145,243.5174909442568,247.77411484681596,255.13742,236.0840220029028,250.62786819238335,243.002248040957,244.15905574271838
2026-04-10 13:00:00,268.01145,242.10435336453784,244.22403948275743,255.13742,236.0840220029028,247.07779282832482,241.81921413565942,243.4682239867077
2026-04-10 14:00:00,268.01145,249.2583992448629,253.10101245675477,255.13742,236.0840220029028,255.95476580232216,247.80204108818506,250.06723504353388
2026-04-10 15:00:00,268.01145,258.30922934399547,262.147654755236,255.13742,236.0840220029028,265.00140810080336,255.3690507705059,258.16795487816296
2026-04-10 16:00:00,279.01145,256.3394872429055,267.3978576029294,255.13742,236.0840220029028,270.25161094849676,253.7277982446028,255.90486340991106
2026-04-10 17:00:00,279.01145,280.2969939646083,298.2349713403079,268.13742,249.08402200290283,301.08872468587526,275.92408859517235,277.39843460587434
2026-04-10 18:00:00,1090.04545,619.7174380480218,512.2217376948624,1079.17142,1060.1180220029028,515.0754910404298,683.6502093505312,666.8857735192046
2026-04-10 19:00:00,468.01145,436.7537149697551,418.2164686677067,457.13742,438.0840220029028,421.0702220132741,435.3890423528966,440.21119173459033
2026-04-10 20:00:00,318.01145,352.049604436193,339.6233926838837,372.11742,353.0640220029028,342.4771460294511,350.8098843250064,354.97541775809657
2026-04-10 21:00:00,279.01145,280.86971938235695,281.5047988447524,268.13742,249.08402200290283,284.35855219031976,274.73508146213777,275.75212589502377
2026-04-10 22:00:00,268.01145,260.12185585871094,258.53350190813245,255.13742,236.0840220029028,261.38725525369983,255.32472409488508,256.9557034484932
2026-04-10 23:00:00,268.01145,256.79483175351874,253.200447275114,255.13742,236.0840220029028,256.0542006206814,252.60350984306095,253.9332912925662
2026-04-11 00:00:00,279.47077,241.58310179760548,239.5207624512404,256.01145,236.95805200290283,242.37451579680777,241.58754952402268,241.25467782982224
2026-04-11 01:00:00,279.47077,280.7281823458967,274.9281505837414,256.01145,244.53806572212733,281.3065796280989,276.8983759173442,277.140669005678
2026-04-11 02:00:00,279.47077,280.0910143838734,273.7527386464802,256.01145,244.53806572212733,280.13116769083774,276.3588975610851,276.60755741428204
2026-04-11 03:00:00,279.47077,279.49590057567514,273.9409484824037,256.01145,244.53806572212733,280.31937752676123,275.8698035729911,276.0888613626014
2026-04-11 04:00:00,279.47077,282.1733877077874,276.3585057659565,256.01145,244.53806572212733,282.73693481031404,278.0330613469536,278.2713767660218
2026-04-11 05:00:00,279.47077,282.02489420268864,277.9575923000012,267.45145,255.97806572212733,284.3360213443587,279.3164659040249,279.30391681656545
2026-04-11 06:00:00,279.47077,268.69438553494683,276.9777013528763,266.01145,254.53806572212733,283.3561303972338,269.2212540989998,269.4104808292218
2026-04-11 07:00:00,279.47077,266.1288071242018,272.93573040863095,256.01145,244.53806572212733,279.31415945298846,265.82056453471915,266.21760458139585
2026-04-11 08:00:00,279.47077,267.0790732955019,273.72052787475104,256.01145,244.53806572212733,280.09895691910856,266.5390114235256,266.9460384130833
2026-04-11 09:00:00,279.47077,266.95983942940967,273.9551455324078,256.01145,244.53806572212733,280.33357457676533,266.4531378868231,266.8964301780478
2026-04-11 10:00:00,279.47077,273.3397770433669,278.5234020303452,256.01145,244.53806572212733,284.9018310747027,271.36931765980626,271.7425408176239
2026-04-11 11:00:00,279.47077,275.296871026017,281.6162771412636,266.01145,254.53806572212733,287.9947061856211,274.09212553417103,274.2217084255675
2026-04-11 12:00:00,279.47077,269.78399865432755,279.5944255650825,266.01145,254.53806572212733,285.97285460944,269.8918597547437,270.1075215938564
2026-04-11 13:00:00,266.47077,269.05664338547115,277.9982109415953,268.01145,256.5380657221273,284.3766399859528,269.6251736926326,269.91030928920094
2026-04-11 14:00:00,266.47077,270.6770158390477,280.4792696728978,268.01145,256.5380657221273,286.8576987172553,271.02717979628324,271.3429043825995
2026-04-11 15:00:00,279.47077,271.4731809384717,280.81160121968963,268.01145,256.5380657221273,287.19003026404715,271.69843869708393,272.0608340857604
2026-04-11 16:00:00,279.47077,275.725471343241,284.68570505202734,279.01145,267.5380657221273,291.06413409638486,277.1647683310132,277.74898056018753
2026-04-11 17:00:00,290.47077,289.0484069380914,299.10106438512526,279.01145,267.5380657221273,305.4794934294828,288.23064528675457,288.95946296597856
2026-04-11 18:00:00,354.97077,667.7901703287218,480.8037843563976,1090.04545,1078.5720657221273,487.18221340075513,689.7078264063534,680.0241945892732
2026-04-11 19:00:00,355.27077,390.8192445138111,350.2303749049034,468.01145,456.5380657221273,356.6088039492609,394.06530076056083,393.15167397110775
2026-04-11 20:00:00,354.97077,313.4058403226716,306.25592138126694,318.01145,306.5380657221273,312.63435042562446,313.05706371124813,313.7616230732795
2026-04-11 21:00:00,290.47077,291.3888422556388,296.805214789862,279.01145,267.5380657221273,303.18364383421954,289.82655990353567,290.4082940312236
2026-04-11 22:00:00,280.47077,281.60242951032524,287.7064194346614,268.01145,256.5380657221273,294.08484847901894,279.92114934264606,280.2754993756189
2026-04-11 23:00:00,280.47077,277.01039520348775,280.1822058042165,268.01145,256.5380657221273,286.560634848574,275.85641729385543,276.0683747699686
2026-04-12 00:00:00,281.96721,281.0531254283821,278.44368263989134,279.47077,267.9973857221273,284.82211168424885,280.8024989139,280.9183913043414
2026-04-12 01:00:00,278.96721,283.3908347434132,282.60767438178203,279.47077,283.5017011091432,276.6850536608392,282.6198670000598,282.0385762069517
2026-04-12 02:00:00,278.96721,283.2266107576909,282.06013416193224,279.47077,283.5017011091432,276.1375134409894,282.48897650348283,281.9037855944771
2026-04-12 03:00:00,277.96721,282.8810440203217,281.15081176338697,279.47077,283.5017011091432,275.2281910424441,282.27383428826255,281.7402976993617
2026-04-12 04:00:00,277.96721,285.8521706716772,284.9393604259107,279.47077,283.5017011091432,279.01673970496785,284.6687234307237,284.0882885997547
2026-04-12 05:00:00,277.96721,287.11176876906933,285.1148636955596,279.47077,283.5017011091432,279.19224297461676,285.6926910713208,285.1632685960492
2026-04-12 06:00:00,277.96721,275.820255574897,285.1343338513622,279.47077,283.5017011091432,279.21171313041935,277.48380696043745,277.18808154392036
2026-04-12 07:00:00,200.46721,273.5181928690396,283.32830144838226,279.47077,283.5017011091432,277.4056807274394,275.6760858808882,275.418788455176
2026-04-12 08:00:00,200.46721,272.6035298383555,282.93346918083324,279.47077,283.5017011091432,277.0108484598904,274.9898684164227,274.77486983045344
2026-04-12 09:00:00,200.46721,272.6417234268616,282.2285635501952,279.47077,283.5017011091432,276.30594282925233,274.87078381102236,274.6004829381905
2026-04-12 10:00:00,200.46721,276.8113053251555,284.6034254498678,279.47077,283.5017011091432,278.68080472892495,277.9860898977746,277.61933848932676
2026-04-12 11:00:00,242.43621,285.41527907676016,289.7499775095634,279.47077,283.5017011091432,283.82735678862053,284.48706987656846,283.93551555207415
2026-04-12 12:00:00,277.96721,279.0520940094474,289.54580234068646,279.47077,283.5017011091432,283.6231816197436,279.93727707049135,279.5912323246371
2026-04-12 13:00:00,277.96721,277.8542006749831,289.95146227505074,266.47077,270.5017011091432,284.0288415541079,276.9067408132241,276.47019113261433
2026-04-12 14:00:00,277.96721,278.6631293343503,292.2024490523572,266.47077,270.5017011091432,286.27982833141436,277.67814050721176,277.2389658777566
2026-04-12 15:00:00,278.96721,284.12642597488525,297.77393250749054,279.47077,283.5017011091432,291.8513117865477,284.3989456679408,284.1127167318241
2026-04-12 16:00:00,281.96721,289.355767898577,303.42111006587385,279.47077,283.5017011091432,297.498489344931,288.8094989847069,288.6038409874668
2026-04-12 17:00:00,308.96721,300.2306561088501,313.347207719826,290.47077,294.5017011091432,307.4245869988831,299.3246946093013,299.152694596434
2026-04-12 18:00:00,353.46721,346.00208398752966,342.88862315663727,354.97077,359.0017011091432,336.9660024356944,346.245339746479,346.4913183220105
2026-04-12 19:00:00,353.76721,349.1877169411757,350.5730062473194,355.27077,359.3017011091432,344.65038552637657,348.93812874210306,349.0104390807126
2026-04-12 20:00:00,353.76721,344.8907383497205,341.61084366129,354.97077,359.0017011091432,335.68822294034715,345.3157018883238,345.4315101340689
2026-04-12 21:00:00,353.76721,312.3362678647578,325.52755060090067,290.47077,294.5017011091432,319.6049298799578,310.5058052926822,310.9966210439135
2026-04-12 22:00:00,338.96721,301.0511736733657,308.9937509622778,280.47077,284.5017011091432,303.0711302413349,299.97877639682395,300.7143752565849
2026-04-12 23:00:00,308.96721,294.4193927055294,297.4155056789477,280.47077,284.5017011091432,291.4928849580048,294.3120533810899,294.97885781801176
2026-04-13 00:00:00,298.56081,294.89490402302295,296.3780042346324,281.96721,285.9981411091432,290.4553835136895,296.1384512031237,296.8196309897055
2026-04-13 01:00:00,298.56081,301.6256760198868,296.9277831078653,278.96721,326.133590250313,291.02493379075736,303.16847234521504,302.42692835687035
2026-04-13 02:00:00,284.56081,303.53630618828606,298.97592597521844,278.96721,326.133590250313,293.0730766581105,304.8235958613205,304.0726933164308
2026-04-13 03:00:00,284.56081,304.883804545958,299.5017073005297,277.96721,325.133590250313,293.59885798342174,305.6491876720114,304.92169489047336
2026-04-13 04:00:00,284.56081,310.97446584779254,305.2707440877016,277.96721,325.133590250313,299.36789477059364,310.87039181963064,310.1997816836823
2026-04-13 05:00:00,304.56081,318.64641182022444,308.9138718858255,277.96721,325.133590250313,303.0110225687175,316.203719857559,315.5882413879858
2026-04-13 06:00:00,304.56081,294.5906171845837,304.9976163411751,277.96721,325.133590250313,299.09476702406715,300.14665501890755,299.68266554909604
2026-04-13 07:00:00,298.56081,289.51171862110243,291.2901578898502,200.46721,247.63359025031295,285.38730857274226,282.39320631933225,281.3407931377644
2026-04-13 08:00:00,304.56081,289.77964226437393,292.1629310899783,200.46721,247.63359025031295,286.26008177287036,282.2541610439132,281.1832413072124
2026-04-13 09:00:00,304.56081,289.2514380331705,291.26292962637046,200.46721,247.63359025031295,285.3600803092625,281.8110037573247,280.6964022846104
2026-04-13 10:00:00,304.56081,294.8132309427877,295.8967427515143,200.46721,247.63359025031295,289.99389343440635,286.3986697972867,285.26570065225764
2026-04-13 11:00:00,304.56081,304.04689268167897,308.7775579702844,242.43621,289.6025902503129,302.87470865317647,301.37225265500314,300.5632536223424
2026-04-13 12:00:00,304.56081,305.11731082217256,315.68792103279566,277.96721,325.133590250313,309.7850717156877,308.3318422568969,307.6352908503544
2026-04-13 13:00:00,314.56081,309.7683559626752,323.2108483676119,277.96721,325.133590250313,317.30799905050395,313.73574558999303,313.28301888072417
2026-04-13 14:00:00,330.56081,309.1365736400594,324.4034170077195,277.96721,325.133590250313,318.50056769061155,314.5943813448108,314.41621221446763
2026-04-13 15:00:00,333.56081,316.97762919620715,336.9983022386942,278.96721,326.133590250313,331.09545292158623,323.12630080330274,323.0804263774738
2026-04-13 16:00:00,345.06081,326.55248019811705,348.9067177452762,281.96721,329.133590250313,343.00386842816823,332.7923612153339,332.98704168180984
2026-04-13 17:00:00,345.06081,355.9218817117951,375.3685482848719,308.96721,356.133590250313,369.46569896776396,359.6034913269919,359.8260825530338
2026-04-13 18:00:00,1081.59481,443.3450924678267,471.6626242212489,353.46721,400.633590250313,465.75977490414095,441.08866496075643,441.74697555523557
2026-04-13 19:00:00,1081.59481,464.7024346952818,502.57571864513983,353.76721,400.93359025031293,496.6728693280319,460.8866733753526,461.55871791826354
2026-04-13 20:00:00,459.56081,419.3701976781147,426.29934751490623,353.76721,400.93359025031293,420.3964981977983,417.26264612831574,418.43486880745337
2026-04-13 21:00:00,330.56081,374.7340551559657,368.8102262281831,353.76721,400.93359025031293,362.9073769110752,377.57770463657556,378.3882361099334
2026-04-13 22:00:00,314.56081,342.3433618448601,335.45668597313,338.96721,386.133590250313,329.55383665602204,346.01506877234243,345.85709702215183
2026-04-13 23:00:00,314.56081,321.7702149292676,319.1020416870239,308.96721,356.133590250313,313.199192369916,323.9394078020946,323.23077632430255
2026-04-14 00:00:00,335.71938,319.7689735553232,310.37678264518746,298.56081,345.72719025031296,304.4739333280795,322.97425717733336,321.7627722990799
2026-04-14 01:00:00,323.71938,338.8718719872968,329.19804492768657,298.56081,323.2198820286319,325.5176890520299,336.0162469367284,334.2538001248787
2026-04-14 02:00:00,323.71938,336.6305471873343,323.3772817821723,284.56081,309.2198820286319,319.6969259065156,331.2845472753528,329.61296375242324
2026-04-14 03:00:00,323.71938,331.69274117634785,320.7740576861761,284.56081,309.2198820286319,317.0937018105194,327.36116897098333,325.3200277852277
2026-04-14 04:00:00,323.71938,339.7398786626068,326.8017956257094,284.56081,309.2198820286319,323.12143975005273,333.54468161045065,331.7352771064259
2026-04-14 05:00:00,328.71938,346.2227205212,338.4964385400027,304.56081,329.2198820286319,334.816082664346,343.13341611802133,341.76978571736237
2026-04-14 06:00:00,328.71938,327.92792357855075,335.6420519307302,304.56081,329.2198820286319,331.9616960550735,331.39847627929237,330.7018224356071
2026-04-14 07:00:00,323.71938,325.0982699212965,333.10764063439274,298.56081,323.2198820286319,329.42728475873605,328.0026149891996,327.15612138072134
2026-04-14 08:00:00,323.71938,325.66264824667127,334.3461546532212,304.56081,329.2198820286319,330.66579877756453,329.9887379296973,329.8033534227904
2026-04-14 09:00:00,323.71938,331.35314205798375,336.8116802665687,304.56081,329.2198820286319,333.131324390912,333.25808560245963,332.49846476332135
2026-04-14 10:00:00,323.71938,345.27445811204547,346.7770903121764,304.56081,329.2198820286319,343.09673443651974,342.94839969783123,341.6957929359314
2026-04-14 11:00:00,328.71938,342.4053523524658,343.6034663428956,304.56081,329.2198820286319,339.9231104672389,340.41798356133165,339.0174299664586
2026-04-14 12:00:00,328.71938,323.7269626857711,340.29248842977825,304.56081,329.2198820286319,336.61213255412156,327.314848489518,325.6092880206039
2026-04-14 13:00:00,328.71938,340.317208945919,358.6989670447356,314.56081,339.2198820286319,355.0186111690789,342.52587776957813,341.1981623269768
2026-04-14 14:00:00,335.71938,358.4142489870351,375.4477302569341,330.56081,355.2198820286319,371.7673743812774,360.74157559909173,360.6562354032291
2026-04-14 15:00:00,335.71938,378.5356739005807,397.7959453582554,333.56081,358.2198820286319,394.1155894825987,377.85629888248786,378.25523824988693
2026-04-14 16:00:00,378.71938,396.50883723533536,415.0560769453516,345.06081,369.7198820286319,411.3757210696949,396.22573483397707,399.40025364555686
2026-04-14 17:00:00,378.71938,481.6792083563612,514.4413463879149,345.06081,369.7198820286319,510.7609905122582,465.91573405281287,470.4365218771113
2026-04-14 18:00:00,1150.80138,941.1951650874098,912.6231998148038,1081.59481,1106.253882028632,908.9428439391471,949.5842043971246,949.9912822479293
2026-04-14 19:00:00,1150.74838,942.2473344724316,913.5524677316772,1081.59481,1106.253882028632,909.8721118560205,950.7635272034427,952.3049909693322
2026-04-14 20:00:00,563.71938,523.0259462660805,542.6175722893072,459.56081,484.2198820286319,538.9372164136505,517.4955928122122,521.4959611835463
2026-04-14 21:00:00,378.71938,370.2159450855832,383.24513260482126,330.56081,355.2198820286319,379.5647767291646,369.83714050473253,370.43467644594665
2026-04-14 22:00:00,335.71938,338.98807130912144,346.67405470536414,314.56081,339.2198820286319,342.99369882970745,340.95980454498203,340.56373902431494
2026-04-14 23:00:00,335.71938,338.3300259732044,341.05946541435685,314.56081,339.2198820286319,337.37910953870016,340.8423313501929,341.2016028179992
2026-04-15 00:00:00,330.20876,337.43955657853104,339.3921300178925,335.71938,360.3784520286319,335.7117741422358,342.84246745116576,341.3905924186686
2026-04-15 01:00:00,327.40876,332.73002793623505,331.6641884747752,323.71938,313.3417722394742,327.34669318289224,332.035724855332,331.9776496138304
2026-04-15 02:00:00,340.40876,330.00546074697024,327.9761239924542,323.71938,313.3417722394742,323.6586287005712,329.4154814131125,329.34432556196947
2026-04-15 03:00:00,330.20876,325.23038778317584,325.4413149870518,323.71938,313.3417722394742,321.12381969516883,325.77800729852186,325.92376558070686
2026-04-15 04:00:00,355.40876,332.7621626328187,328.46129356356573,323.71938,313.3417722394742,324.1437982716828,331.2753760365179,330.9441457560929
2026-04-15 05:00:00,355.40876,337.87945561846897,338.00711068552187,328.71938,318.3417722394742,333.6896153936389,336.86947390208445,337.1409801807646
2026-04-15 06:00:00,355.40876,319.0536927598488,331.39971107922923,328.71938,318.3417722394742,327.0822157873463,324.2371966899577,323.6643800479958
2026-04-15 07:00:00,355.40876,315.84262416739347,328.1489298263096,323.71938,313.3417722394742,323.83143453442665,321.28740615121797,320.20497114022606
2026-04-15 08:00:00,355.40876,314.38068905922887,326.9213075330989,323.71938,313.3417722394742,322.60381224121596,319.9728039863686,318.90962926390944
2026-04-15 09:00:00,355.40876,321.4961663751657,331.2744368049917,323.71938,313.3417722394742,326.95694151310875,325.05261178784014,324.6257960471629
2026-04-15 10:00:00,355.40876,333.42652600175546,341.18529311687104,323.71938,313.3417722394742,336.8677978249881,334.6462091060681,334.2863338031227
2026-04-15 11:00:00,355.40876,327.19418265969347,336.2064919668184,328.71938,318.3417722394742,331.88899667493547,330.2047564561364,329.8283849521249
2026-04-15 12:00:00,340.40876,323.35102252912407,338.9997907611705,328.71938,318.3417722394742,334.68229546928757,328.23331098658315,328.6184831307063
2026-04-15 13:00:00,355.40876,331.0243042705991,346.6914929459005,328.71938,318.3417722394742,342.37399765401756,335.15745933734945,334.90678069420363
2026-04-15 14:00:00,355.40876,347.1121952183352,361.60326039182814,335.71938,325.3417722394742,357.2857650999452,349.2965877914567,348.654349175511
2026-04-15 15:00:00,355.40876,371.5088167460145,387.6755236269152,335.71938,325.3417722394742,383.35802833503226,370.3270332306615,369.35246537597925
2026-04-15 16:00:00,375.40876,392.2283503608066,407.5148288103481,378.71938,368.3417722394742,403.19733351846514,393.4556236637818,391.72093446134386
2026-04-15 17:00:00,385.40876,465.4405005143012,484.44868354171234,378.71938,368.3417722394742,480.1311882498294,456.38739507886464,453.4673408139093
2026-04-15 18:00:00,390.40876,925.5147375620336,889.8580262103758,1150.80138,1140.4237722394744,885.5405309184928,918.1401298887406,919.8413685817999
2026-04-15 19:00:00,1087.44276,957.1429761517198,935.5936821197776,1150.74838,1140.3707722394743,931.2761868278947,948.3121959344039,950.314345230731
2026-04-15 20:00:00,385.40876,578.9992547357161,580.1783115014305,563.71938,553.3417722394743,575.8608162095475,571.2946168053703,567.4846211042136
2026-04-15 21:00:00,385.40876,389.0770517686795,390.7093330167248,378.71938,368.3417722394742,386.3918377248419,386.84555579111293,386.577942801915
2026-04-15 22:00:00,375.40876,338.2913346832852,339.1864380929743,335.71938,325.3417722394742,334.86894280109135,337.8403797634671,338.81741259305556
2026-04-15 23:00:00,355.40876,336.7177404374696,333.3174471809496,335.71938,325.3417722394742,328.99995188906666,335.4853711127259,336.0343280445428
2026-04-16 00:00:00,357.42949,312.3932530285417,319.95978052177554,330.20876,319.8311522394742,315.6422852298926,314.43779814262354,312.02850597623694
2026-04-16 01:00:00,357.42949,357.4169391118979,351.9017634066278,327.40876,339.9889085026847,347.07712389743585,353.2656712923018,357.6671120002303
2026-04-16 02:00:00,357.42949,353.43322716987166,351.1249803717756,340.40876,352.9889085026847,346.30034086258365,352.63344346293206,355.99219278938494
2026-04-16 03:00:00,357.42949,350.188860288491,346.654334994394,330.20876,342.7889085026847,341.829695485202,348.0176377929582,350.6452977245091
2026-04-16 04:00:00,357.42949,360.518921267546,359.5979611185063,355.40876,367.9889085026847,354.77332160931434,361.2832219359951,362.6228374864074
2026-04-16 05:00:00,371.92949,365.7981215384617,364.0644090596358,355.40876,367.9889085026847,359.23976955044384,365.5260476452979,367.5291043408036
2026-04-16 06:00:00,371.92949,349.11009284540575,362.6635118982695,355.40876,367.9889085026847,357.83887238907755,353.939481840235,355.71241077023603
2026-04-16 07:00:00,371.92949,346.3399936057124,360.5973555289159,355.40876,367.9889085026847,355.77271601972393,351.8664261057788,353.26051950126873
2026-04-16 08:00:00,371.92949,344.925212068819,358.48860974354267,355.40876,367.9889085026847,353.6639702343507,350.53091865180596,350.2290693515756
2026-04-16 09:00:00,357.42949,345.96870970066834,356.80409968076043,355.40876,367.9889085026847,351.97946017156846,350.6678791776806,349.0545952304743
2026-04-16 10:00:00,357.42949,351.13339475433327,360.339232235493,355.40876,367.9889085026847,355.51459272630103,354.497107141163,352.4961748781562
2026-04-16 11:00:00,357.42949,349.00710954330566,356.9513614875874,355.40876,367.9889085026847,352.12672197839544,352.41994221396703,349.944978214648
2026-04-16 12:00:00,357.42949,341.8835244371806,359.8331037373077,340.40876,352.9889085026847,355.0084642281157,344.7191471202806,342.39649911394054
2026-04-16 13:00:00,371.92949,355.4425885738654,373.3225846411688,355.40876,367.9889085026847,368.49794513197685,358.5519607903815,356.55316120273187
2026-04-16 14:00:00,381.92949,365.9545243568813,382.0222382365407,355.40876,367.9889085026847,377.19759872734875,367.3403796551118,366.5153355361991
2026-04-16 15:00:00,381.92949,387.83574688249615,405.6143223776008,355.40876,367.9889085026847,400.7896828684088,385.6370664066716,385.73918766505216
2026-04-16 16:00:00,402.92949,403.884383920426,423.9405527748938,375.40876,387.9889085026847,419.1159132657018,402.3843363241486,402.10489953012234
2026-04-16 17:00:00,458.92949,458.20942136422514,481.867242318203,385.40876,397.9889085026847,477.04260280901104,449.4711306661433,451.9545866697258
2026-04-16 18:00:00,458.92949,614.3603067855126,644.2872505625962,390.40876,402.9889085026847,639.4626110534043,580.0415799069773,590.9814307441286
2026-04-16 19:00:00,1083.96349,855.9116954633096,781.786010557657,1087.44276,1100.0229085026847,776.961371048465,889.3835851899626,886.7884716838391
2026-04-16 20:00:00,458.92949,503.6258907732551,508.82793296591854,385.40876,397.9889085026847,504.00329345672657,486.19071158718447,493.32994449372984
2026-04-16 21:00:00,458.92949,414.220764075662,408.4490813123536,385.40876,397.9889085026847,403.62444180316163,410.46645769466534,410.6725423750356
2026-04-16 22:00:00,401.92949,377.41267922345816,369.2556916050153,375.40876,387.9889085026847,364.4310520958233,377.77736609967985,374.79731136489
2026-04-16 23:00:00,381.92949,359.7598471306295,354.13090106401467,355.40876,367.9889085026847,349.3062615548227,359.76904286581873,355.97264007942067
2026-04-17 00:00:00,374.7422,335.2465791830192,340.8553506062618,357.42949,370.0096385026847,336.03071109706985,339.2569347654339,342.07831219357945
2026-04-17 01:00:00,374.7422,374.580265671113,367.5102362341071,357.42949,344.4608501155156,370.20545438642114,370.80099575179867,372.2476853142483
2026-04-17 02:00:00,374.7422,372.1567158448208,364.9983916361256,357.42949,344.4608501155156,367.69360978843963,368.5910120591712,370.1232845692344
2026-04-17 03:00:00,374.7422,369.2148293523917,362.6703707296287,357.42949,344.4608501155156,365.36558888194276,366.1017759161385,367.7584251134621
2026-04-17 04:00:00,374.7422,370.8116286536394,363.1203897706222,357.42949,344.4608501155156,365.81560792293624,367.33918010633766,368.72091879104477
2026-04-17 05:00:00,374.7422,372.93696545573664,366.8757204355391,371.92949,358.9608501155156,369.57093858785316,371.524463055873,372.427516463092
2026-04-17 06:00:00,384.7422,356.3552913350984,367.3987009010367,371.92949,358.9608501155156,370.09391905335076,361.75223672189156,362.20586383171513
2026-04-17 07:00:00,374.7422,352.6766117107099,364.9127947063394,371.92949,358.9608501155156,367.60801285865347,359.22098782781075,359.0747589190988
2026-04-17 08:00:00,374.7422,354.98101781866336,366.3517466006841,371.92949,358.9608501155156,369.0469647529982,360.87838259862133,360.8293785812494
2026-04-17 09:00:00,374.7422,353.1085104021862,361.962438848394,357.42949,344.4608501155156,364.65765700070807,356.72562549175393,357.1530904545973
2026-04-17 10:00:00,374.7422,356.0568297333072,364.9083167970673,357.42949,344.4608501155156,367.60353494938136,359.2132341378391,359.44291249166133
2026-04-17 11:00:00,374.7422,356.7551094667953,365.1477688826735,357.42949,344.4608501155156,367.8429870349876,359.585923144953,359.8980298448588
2026-04-17 12:00:00,374.7422,356.2478207979462,366.2964179959263,357.42949,344.4608501155156,368.99163614824033,359.47792624053574,359.81141704012236
2026-04-17 13:00:00,384.7422,365.1736168278197,375.0965638726676,371.92949,358.9608501155156,377.79178202498167,369.16702418285627,368.8553456725005
2026-04-17 14:00:00,386.7422,376.1185924363673,385.98738185117287,381.92949,368.9608501155156,388.6826000034869,380.2718005245107,379.04485683632515
2026-04-17 15:00:00,386.7422,385.12396245312345,392.6989997334501,381.92949,368.9608501155156,395.39421788576414,387.8019647722105,385.640474584394
2026-04-17 16:00:00,386.7422,395.7938761031883,402.9542332469038,402.92949,389.9608501155156,405.64945139921787,398.18808282036457,396.854393444283
2026-04-17 17:00:00,414.7422,445.7383288799716,457.7928395110797,458.92949,445.9608501155156,460.48805766339376,447.0814801006449,446.6353180811802
2026-04-17 18:00:00,554.7422,536.4204653392206,538.3661459487663,458.92949,445.9608501155156,541.0613641010804,523.596556058877,518.9886870449551
2026-04-17 19:00:00,554.7422,761.9172043881,672.353440859827,1083.96349,1070.9948501155156,675.048659012141,761.0936404380315,758.3438127641095
2026-04-17 20:00:00,414.7422,479.6087611699256,460.45114465098754,458.92949,445.9608501155156,463.1463628033016,470.1359214489302,465.750497201123
2026-04-17 21:00:00,404.7422,434.1051183057622,415.7268300047936,458.92949,445.9608501155156,418.42204815710767,430.2930251867036,429.1433086583079
2026-04-17 22:00:00,386.7422,394.2963179875829,384.8595273141311,401.92949,388.9608501155156,387.5547454664452,392.08706544673043,391.9338377999819
2026-04-17 23:00:00,384.7422,374.4813356051644,365.8240602450985,381.92949,368.9608501155156,368.51927839741256,373.6505290167415,373.43256836709753
2026-04-18 00:00:00,307.44404,358.2479370337398,353.9574163398157,374.7422,361.77356011551564,356.6526344921298,358.3282797230489,360.06958002723695
2026-04-18 01:00:00,257.44404,306.5371070557855,317.5962083913034,374.7422,315.63196399546337,313.82387823358124,309.59195965586923,309.8912898165698
2026-04-18 02:00:00,257.44404,308.6960338990167,318.8410913636648,374.7422,315.63196399546337,315.0687612059427,311.1983460537777,311.50808329936774
2026-04-18 03:00:00,257.44404,307.9209994012292,317.9891232655596,374.7422,315.63196399546337,314.2167931078375,310.5756162981461,310.86331787159895
2026-04-18 04:00:00,307.44404,308.8503244385392,319.5244677331756,374.7422,315.63196399546337,315.75213757545345,311.54804223730196,311.86914846727484
2026-04-18 05:00:00,307.44404,308.5965334320662,318.9642678939316,374.7422,315.63196399546337,315.19193773620947,311.2913014954225,311.57692456568145
2026-04-18 06:00:00,307.44404,305.5184445111017,320.03848911791266,384.7422,325.63196399546337,316.2661589601905,311.20480645771227,311.068027842117
2026-04-18 07:00:00,262.49004,303.31543349978443,317.2263922664911,374.7422,315.63196399546337,313.45406210876894,307.8574135079134,307.88653920040883
2026-04-18 08:00:00,257.44404,301.0576330959927,315.1255536569084,374.7422,315.63196399546337,311.35322349918624,305.99514245845126,306.0348651458165
2026-04-18 09:00:00,257.44404,303.3064123212381,316.2941515510986,374.7422,315.63196399546337,312.52182139337646,307.41749166921136,307.86666860144567
2026-04-18 10:00:00,257.44404,304.9016592651061,317.69530072228105,374.7422,315.63196399546337,313.9229705645589,308.70377870248893,309.16837635352573
2026-04-18 11:00:00,257.44404,307.60832570121426,319.8118385614296,374.7422,315.63196399546337,316.0395084037075,310.78161968376094,311.38626753389366
2026-04-18 12:00:00,257.44404,311.9113418771093,319.76688872574334,374.7422,315.63196399546337,315.9945585680212,313.2620508956346,313.9741126339413
2026-04-18 13:00:00,257.44404,318.5537637620621,327.1412069497985,384.7422,325.63196399546337,323.3688767920764,321.01118399884075,320.97744676840233
2026-04-18 14:00:00,307.44404,322.244581505828,331.0074557589943,386.7422,327.63196399546337,327.23512560127216,324.6046180514786,324.3739801509546
2026-04-18 15:00:00,362.44404,329.41224160911315,338.34148483529606,386.7422,327.63196399546337,334.5691546775739,330.9407812704346,330.40615539512373
2026-04-18 16:00:00,367.44404,339.31343728541094,348.55993615000045,386.7422,327.63196399546337,344.7876059922783,339.46013293065255,338.7632035334743
2026-04-18 17:00:00,381.64404,363.4851221996762,372.6331253374024,414.7422,355.63196399546337,368.8607951796803,362.976345383372,362.2619298213294
2026-04-18 18:00:00,555.74404,455.7454144267307,432.38835953364185,554.7422,495.63196399546337,428.6160293759197,448.8632330955203,448.5287805027397
2026-04-18 19:00:00,305.64104,465.2263196368239,439.682254307907,554.7422,495.63196399546337,435.90992415018485,458.0072740751176,455.79673969424425
2026-04-18 20:00:00,537.44404,398.9017192547231,385.9773162801738,414.7422,355.63196399546337,382.20498612245166,389.91655719063925,386.5428328603799
2026-04-18 21:00:00,405.44404,376.4869452216743,365.6068105674416,404.7422,345.63196399546337,361.83448040971945,368.97258898682344,367.5693406652766
2026-04-18 22:00:00,381.64404,355.9405354380283,345.3104188373334,386.7422,327.63196399546337,341.53808867961123,350.0567400877716,348.63005289551387
2026-04-18 23:00:00,381.64404,342.840927181785,330.7854894841079,384.7422,325.63196399546337,327.0131593263858,338.1756735067812,337.3112059821821
2026-04-19 00:00:00,176.31917,309.49771987108164,310.0972683848556,307.44404,248.3338039954633,306.3249382271335,300.4832759554206,300.5857784100754
2026-04-19 01:00:00,176.31917,176.08971434846518,195.98762355178823,257.44404,181.25770376076267,190.9217849921985,181.9212718237367,182.56546081055677
2026-04-19 02:00:00,176.31917,177.78014817959314,196.26758349969683,257.44404,181.25770376076267,191.2017449401071,183.3051098084145,184.09556780631527
2026-04-19 03:00:00,176.31917,176.62628060563685,194.48443118678227,257.44404,181.25770376076267,189.41859262719254,182.44165650058068,183.23821907898247
2026-04-19 04:00:00,176.31917,180.40433494323852,209.02684609264276,307.44404,231.25770376076267,203.96100753305302,195.98131132328254,196.98316634050093
2026-04-19 05:00:00,176.31917,185.09963754778732,213.33734664805135,307.44404,231.25770376076267,208.27150808846162,199.51890816282284,200.4593535849342
2026-04-19 06:00:00,124.12817,187.86448862561835,209.2432370851906,307.44404,231.25770376076267,204.17739852560086,200.98885415187968,202.0357852021815
2026-04-19 07:00:00,124.12817,179.87172638736516,195.9957626699284,262.49004,186.30370376076272,190.92992411033867,185.19589939474065,185.21109307324653
2026-04-19 08:00:00,124.12517,175.9570335909442,190.3288803361729,257.44404,181.25770376076267,185.26304177658315,180.6002897634425,180.33148645055036
2026-04-19 09:00:00,124.12517,174.73122670841664,188.16143623637277,257.44404,181.25770376076267,183.09559767678303,179.1083292080254,178.4352613005118
2026-04-19 10:00:00,124.12517,183.49855369269983,193.1527124026712,257.44404,181.25770376076267,188.08687384308146,184.66356084562173,183.27129632369272
2026-04-19 11:00:00,124.12817,183.97818756983347,195.51467561689373,257.44404,181.25770376076267,190.448837057304,186.02952639113892,185.48347772799195
2026-04-19 12:00:00,124.12817,193.77857348384845,193.1185001835686,257.44404,181.25770376076267,188.05266162397888,192.23329873482373,191.73730881752516
2026-04-19 13:00:00,176.31917,203.16670056773387,205.0982897810952,257.44404,181.25770376076267,200.03245122150545,199.82982760744963,199.4902460725218
2026-04-19 14:00:00,176.31917,225.7049870354483,223.9009927948117,307.44404,231.25770376076267,218.83515423522198,226.28420090781546,226.29452512624363
2026-04-19 15:00:00,176.31917,261.2660116205942,258.51608001142654,362.44404,286.25770376076264,253.4502414518368,263.1811525948919,262.34217237314385
2026-04-19 16:00:00,176.31917,277.95107544511427,278.9395989546253,367.44404,291.25770376076264,273.87376039503556,277.14423238521664,275.92233694518245
2026-04-19 17:00:00,326.31917,310.92078004973814,317.1061308141237,381.64404,305.4577037607627,312.04029225453394,306.460217134187,305.9976830960328
2026-04-19 18:00:00,331.31917,452.91085813699857,445.96219074824967,555.74404,479.5577037607627,440.89635218865993,444.1908069636489,440.87149611732326
2026-04-19 19:00:00,556.31917,369.4663976661332,408.6711581032637,305.64104,229.45470376076267,403.60531954367394,344.8763930466465,346.625086881529
2026-04-19 20:00:00,331.31917,428.02519750149554,398.3486674607741,537.44404,461.25770376076264,393.28282890118436,422.69151531325207,422.19596801192415
2026-04-19 21:00:00,331.31917,339.5543153081975,320.87366799288014,405.44404,329.25770376076264,315.8078294332904,331.70300870920244,331.69368410516586
2026-04-19 22:00:00,326.31917,305.7375408154711,278.4612721449247,381.64404,305.4577037607627,273.39543358533496,300.3062609802745,300.8684999210097
2026-04-19 23:00:00,240.79917,288.89897378622413,254.6406964864101,381.64404,305.4577037607627,249.57485792682036,285.95368172367523,285.9337799716072
2026-04-20 00:00:00,227.71794,196.92027664170823,192.64536488611336,176.31917,100.13283376076271,187.57952632652362,186.2944632929166,186.32798212270148
2026-04-20 01:00:00,227.71794,231.06475839730143,219.41458260780948,176.31917,253.02026136142746,211.97135715633866,229.53483083502226,228.10722764964345
2026-04-20 02:00:00,227.71794,229.1102352755984,217.1837753347363,176.31917,253.02026136142746,209.7405498832655,227.46189640911686,225.9121765838489
2026-04-20 03:00:00,227.71794,218.83644017136905,208.27945409269725,176.31917,253.02026136142746,200.83622864122643,218.92650611488116,217.29229344678086
2026-04-20 04:00:00,227.71794,236.4383147613447,222.98669002233132,176.31917,253.02026136142746,215.5434645708605,233.2417664459157,231.7028865108663
2026-04-20 05:00:00,243.21794,253.35445933918797,239.9568056354672,176.31917,253.02026136142746,232.51358018399637,249.08424007530147,248.06888734363218
2026-04-20 06:00:00,243.21794,229.01818819858372,227.30096297713476,124.12817,200.82926136142743,219.85773752566394,224.15866142286092,223.32007514550162
2026-04-20 07:00:00,243.21794,229.94393766342208,227.940463231511,124.12817,200.82926136142743,220.49723778004017,224.74419749519828,223.83069108773293
2026-04-20 08:00:00,243.21794,227.2380059906853,225.90935429663065,124.12517,200.82626136142744,218.46612884515983,222.6886213060015,221.8851725984979
2026-04-20 09:00:00,227.71794,229.23572820389896,227.08467031317852,124.12517,200.82626136142744,219.6414448617077,224.50687983282717,223.68989207376652
2026-04-20 10:00:00,227.71794,234.22948601408365,230.868403337038,124.12517,200.82626136142744,223.42517788556717,228.68253697377403,227.81113520747914
2026-04-20 11:00:00,243.21794,238.3135637306372,234.0585597335947,124.12817,200.82926136142743,226.61533428212388,232.21788554163362,231.3538433643789
2026-04-20 12:00:00,227.71794,213.20068817688949,237.0204605383321,124.12817,200.82926136142743,229.57723508686126,218.06838895619865,217.4963407416193
2026-04-20 13:00:00,243.21794,236.06465471372672,254.92272144690244,176.31917,253.02026136142746,247.47949599543162,242.89849725657595,242.47313520630766
2026-04-20 14:00:00,249.71794,243.11400042567377,261.6868742257055,176.31917,253.02026136142746,254.24364877423466,248.98046747311145,248.7408011054068
2026-04-20 15:00:00,249.71794,268.7532924806597,291.2400078790014,176.31917,253.02026136142746,283.79678242753056,271.5633249549106,271.50240496492324
2026-04-20 16:00:00,249.71794,284.0816423840549,310.7250027092156,176.31917,253.02026136142746,303.28177725774475,285.77711627642555,285.8418930617368
2026-04-20 17:00:00,319.71794,367.46256627607335,386.0733815282285,326.31917,403.0202613614274,378.63015607675766,374.5650636150105,375.44944426037307
2026-04-20 18:00:00,379.71794,518.8480313043325,573.4056389015084,331.31917,408.0202613614274,565.9624134500375,509.803314365194,511.8159241067648
2026-04-20 19:00:00,549.71794,654.5071026199163,691.4882607173049,556.31917,633.0202613614274,684.045035265834,646.6380441905299,648.2027554483793
2026-04-20 20:00:00,549.71794,463.1772001181662,501.1672470592948,331.31917,408.0202613614274,493.724021607824,459.57323720448346,460.9967688911551
2026-04-20 21:00:00,319.71794,355.61074314411456,360.9014847231818,331.31917,408.0202613614274,353.458259271711,362.80957226209284,363.2766019934269
2026-04-20 22:00:00,249.71794,306.47202247223606,295.4770680756706,326.31917,403.0202613614274,288.0338426241998,317.32482840306193,317.405110891277
2026-04-20 23:00:00,249.71794,258.996547439878,261.9652144635669,240.79917,317.5002613614274,254.52198901209607,267.6381746329445,267.0841777897548
2026-04-21 00:00:00,254.85568,240.9474333724256,239.5993696595162,227.71794,304.4190313614274,232.1561442080454,247.13099063118707,245.7825361560668
2026-04-21 01:00:00,254.85568,257.64022484507893,251.9922804447295,227.71794,265.63757299576724,241.42262610246814,255.58218652716735,254.3564753408853
2026-04-21 02:00:00,254.85568,260.18424518404106,250.43251236388105,227.71794,265.63757299576724,239.8628580216197,255.813209606337,254.36384923341825
2026-04-21 03:00:00,254.85568,249.1705618409984,241.54875257385487,227.71794,265.63757299576724,230.97909823159353,247.02634542757244,245.54214127868113
2026-04-21 04:00:00,254.85568,258.413251221411,247.39831857283548,227.71794,265.63757299576724,236.82866423057413,253.902838204903,252.46267707303406
2026-04-21 05:00:00,254.85568,271.52478891586725,263.6437023393799,243.21794,281.13757299576724,253.07404799711856,268.1558193039031,266.87224681745965
2026-04-21 06:00:00,254.85568,256.8040939401009,265.1168255175179,243.21794,281.13757299576724,254.54717117525655,259.74691370573305,258.68613982838986
2026-04-21 07:00:00,254.85568,256.5860815186938,264.9514472382328,243.21794,281.13757299576724,254.38179289597144,259.9031065064613,258.9690920555589
2026-04-21 08:00:00,254.85568,256.86968988909814,264.8367823475425,243.21794,281.13757299576724,254.26712800528117,260.7127382263561,259.93404271396776
2026-04-21 09:00:00,254.85568,248.56066439728923,255.1288727639317,227.71794,265.63757299576724,244.55921842167035,251.80825362941698,251.04871673236218
2026-04-21 10:00:00,254.85568,259.1205939073648,263.4073031482077,227.71794,265.63757299576724,252.83764880594634,261.1023203407227,260.4153909267783
2026-04-21 11:00:00,254.85568,258.719560063784,265.07133508391803,243.21794,281.13757299576724,254.50168074165668,262.9821136027841,262.3074213062597
2026-04-21 12:00:00,254.85568,247.45203567500943,264.5900957840728,227.71794,265.63757299576724,254.02044144181144,254.16101468022896,253.61340559748234
2026-04-21 13:00:00,254.85568,257.9285240610331,272.7712748391445,243.21794,281.13757299576724,262.20162049688315,264.48802416446614,264.0962110832267
2026-04-21 14:00:00,274.85568,272.3495136957315,285.6478206184556,249.71794,287.63757299576724,275.0781662761943,277.79200630339,277.8736568192635
2026-04-21 15:00:00,354.85568,298.6394557518637,310.32254283065544,249.71794,287.63757299576724,299.7528884883941,298.5617054547517,298.6898792840141
2026-04-21 16:00:00,364.85568,313.4638587081588,333.47786822152847,249.71794,287.63757299576724,322.9082138792671,314.5169375796519,315.01474382773097
2026-04-21 17:00:00,364.85568,363.9870729117249,375.9606975383582,319.71794,357.63757299576724,365.39104319609686,362.130671665048,362.3849193174849
2026-04-21 18:00:00,364.85568,532.7160102458352,577.0120102429141,379.71794,417.63757299576724,566.4423559006527,517.9416869121686,519.2668217728148
2026-04-21 19:00:00,614.85568,689.6068577495222,756.9173493115567,549.71794,587.6375729957672,746.3476949692954,677.4222104662642,678.7194747170537
2026-04-21 20:00:00,364.85568,587.8294392298587,621.6504267589493,549.71794,587.6375729957672,611.080772416688,585.5214385936092,586.0573110272246
2026-04-21 21:00:00,364.85568,374.9950428623518,393.32862486541273,319.71794,357.63757299576724,382.7589705231514,375.7267291332347,376.3321389559877
2026-04-21 22:00:00,254.85568,277.92329328131245,276.40144616104425,249.71794,287.63757299576724,265.8317918187829,278.9294546572525,278.8796433523597
2026-04-21 23:00:00,254.85568,274.06617269700075,276.15360177749204,249.71794,287.63757299576724,265.5839474352307,276.52810015346586,276.24331379496954
2026-04-22 00:00:00,206.59557,260.88845930528475,261.3493047690703,254.85568,292.77531299576725,250.77965042680893,266.54751660631916,265.3028486792427
2026-04-22 01:00:00,206.59557,211.09487172883067,221.6023483456846,254.85568,243.77101723238587,215.49105102144077,219.42316908658063,217.69186934951227
2026-04-22 02:00:00,206.59557,216.4103297704281,225.05536506553776,254.85568,243.77101723238587,218.94406774129394,223.48325533645956,221.83310361480528
2026-04-22 03:00:00,206.59557,207.96995875216584,218.18865369133135,254.85568,243.77101723238587,212.07735636708753,217.1743363821664,215.64088808161193
2026-04-22 04:00:00,206.59557,211.6974547315158,220.6000909437685,254.85568,243.77101723238587,214.48879361952467,220.10226005690384,218.8012169847083
2026-04-22 05:00:00,238.59557,223.91543598411477,231.6855212632101,254.85568,243.77101723238587,225.57422393896627,229.29472355730297,227.89141075949865
2026-04-22 06:00:00,246.45257,226.21646337732744,235.95243760955464,254.85568,243.77101723238587,229.84114028531081,231.4492303269741,230.25370797654583
2026-04-22 07:00:00,246.45257,229.81635140665392,239.9251031110166,254.85568,243.77101723238587,233.81380578677278,234.54227706975112,233.64957800085438
2026-04-22 08:00:00,238.59557,238.6719336073219,243.90164127013784,254.85568,243.77101723238587,237.79034394589402,239.83569057664252,238.1932576078426
2026-04-22 09:00:00,223.07557,234.4020183372632,238.3044907179156,254.85568,243.77101723238587,232.19319339367178,235.7835780461196,233.72751715441635
2026-04-22 10:00:00,238.59557,248.98470861773876,247.05880827380665,254.85568,243.77101723238587,240.94751094956283,245.50013041452294,242.85819972320988
2026-04-22 11:00:00,223.07557,253.6070584694191,252.1101919537801,254.85568,243.77101723238587,245.99889462953627,249.53633092937588,247.3779215255651
2026-04-22 12:00:00,206.59557,242.29190900022232,253.58120025779863,254.85568,243.77101723238587,247.4699029335548,242.76631288798097,241.18115492536356
2026-04-22 13:00:00,238.59557,246.5249626251327,257.7928420193114,254.85568,243.77101723238587,251.6815446950676,246.67920056818554,245.8170515085808
2026-04-22 14:00:00,328.69557,267.73157405378674,279.49151532033767,274.85568,263.7710172323859,273.38021799609385,266.79542488149065,265.4831347609602
2026-04-22 15:00:00,348.59557,315.65888985652475,322.9885845722972,354.85568,343.7710172323859,316.8772872480534,319.8880206841872,320.64409437136624
2026-04-22 16:00:00,348.59557,320.146346130373,326.4484334275156,364.85568,353.7710172323859,320.3371361032718,325.2905379195904,326.19559907392437
2026-04-22 17:00:00,348.59557,336.0943614855581,343.08732200376073,364.85568,353.7710172323859,336.9760246795169,339.1626515568168,341.2652985000368
2026-04-22 18:00:00,598.59557,445.5463684309625,467.8839584013778,364.85568,353.7710172323859,461.772661077134,429.6979628209813,434.721019635741
2026-04-22 19:00:00,305.73557,611.373752752738,608.2865314082742,614.85568,603.7710172323859,602.1752340840303,601.6999152261839,607.1588593915849
2026-04-22 20:00:00,305.73557,439.1516444818381,458.6386400091437,364.85568,353.7710172323859,452.5273426848999,424.3863391206963,429.23293856846135
2026-04-22 21:00:00,328.69557,360.8041427619396,350.93106166966334,364.85568,353.7710172323859,344.8197643454195,356.86673359871855,359.08907800018085
2026-04-22 22:00:00,328.69557,270.245881388773,267.0667053177875,254.85568,243.77101723238587,260.9554079935437,265.6961453045606,266.8086829765204
2026-04-22 23:00:00,277.59557,255.464180262406,250.6186657832489,254.85568,243.77101723238587,244.50736845900508,252.6579753521338,252.24018036287163
2026-04-23 00:00:00,250.81233,218.42370556422716,217.7153269228524,206.59557,195.51090723238588,211.60402959860858,215.81129206446394,214.88693156977286
2026-04-23 01:00:00,250.81233,250.74497117869248,241.5776547069461,206.59557,213.98897175758879,240.55654850979366,244.87608527093442,243.8483443784868
2026-04-23 02:00:00,250.81233,249.98247276741463,239.73917611365917,206.59557,213.98897175758879,238.71806991650672,244.24903937287507,243.25942805285277
2026-04-23 03:00:00,250.81233,246.6077293830705,237.2829226586836,206.59557,213.98897175758879,236.26181646153114,241.47304063741586,240.42832843852534
2026-04-23 04:00:00,250.81233,251.9063976944128,241.1607338249612,206.59557,213.98897175758879,240.13962762780875,245.5398522850192,244.42096187935078
2026-04-23 05:00:00,250.81233,257.2236027153132,254.73286247442175,238.59557,245.98897175758879,253.7117562772693,255.98775066802375,255.37657163499514
2026-04-23 06:00:00,250.81233,248.97262261671432,255.9689152357041,246.45257,253.84597175758879,254.94780903855164,251.4163192882207,251.1086249954543
2026-04-23 07:00:00,250.81233,248.4420818126985,255.830228965829,246.45257,253.84597175758879,254.80912276867656,250.96473433568912,250.66685551129777
2026-04-23 08:00:00,250.81233,253.56432953034735,256.94818261849844,238.59557,245.98897175758879,255.927076421346,253.63516379631648,253.30062003509363
2026-04-23 09:00:00,237.81233,249.14681883043988,250.47771564122587,223.07557,230.46897175758878,249.45660944407342,246.2971052593428,245.18400520300864
2026-04-23 10:00:00,250.81233,255.2049979930096,256.71990520063514,238.59557,245.98897175758879,255.6987990034827,254.42841848428478,253.87291099574668
2026-04-23 11:00:00,250.81233,249.3373517010888,251.56600510924227,223.07557,230.46897175758878,250.54489891208982,246.52871338023058,245.50503279809118
2026-04-23 12:00:00,250.81233,239.0418158095061,252.73544118984117,206.59557,213.98897175758879,251.71433499268872,236.97371057381162,236.388888215946
2026-04-23 13:00:00,250.81233,251.2926541171765,263.42062066536903,238.59557,245.98897175758879,262.3995144682166,252.36879005091308,252.24748362921815
2026-04-23 14:00:00,255.66933,284.6796203325217,293.1600588291467,328.69557,336.08897175758875,292.13895263199424,294.2300325779627,295.0168164487166
2026-04-23 15:00:00,296.22233,302.30831607995015,311.51371742298977,348.59557,355.9889717575888,310.4926112258373,311.43033360204015,312.1657233439572
2026-04-23 16:00:00,317.81233,306.3739211491211,315.4367498624512,348.59557,355.9889717575888,314.4156436652988,314.72022331031576,315.4691602355357
2026-04-23 17:00:00,317.81233,329.1904418236162,340.3292531742288,348.59557,355.9889717575888,339.3081469770764,333.6488324571137,334.6279111633949
2026-04-23 18:00:00,357.81233,517.6831427256006,478.2111715193564,598.59557,605.9889717575887,477.19006532220396,519.8221540567447,520.049037617751
2026-04-23 19:00:00,357.81233,390.1924164289277,436.3753520832105,305.73557,313.1289717575888,435.35424588605804,379.818828168415,381.64672893390616
2026-04-23 20:00:00,317.81233,344.0268851211904,357.1281125531917,305.73557,313.1289717575888,356.1070063560393,339.48590942725036,340.5268543912131
2026-04-23 21:00:00,316.81233,321.4347039507845,307.3082850140919,328.69557,336.08897175758875,306.28717881693944,322.5103570519777,323.0203531715407
2026-04-23 22:00:00,296.22233,307.0754035253959,285.89627836638374,328.69557,336.08897175758875,284.8751721692313,310.06817997991425,310.23746748804894
2026-04-23 23:00:00,250.81233,273.7402582616404,266.1137079550929,277.59557,284.9889717575888,265.09260175794043,275.3205320994769,274.9864174015692
2026-04-24 00:00:00,274.13793,246.0331266334973,249.07957972862943,250.81233,258.20573175758875,248.05847353147698,247.59714780710277,246.64049811787203
2026-04-24 01:00:00,274.13793,271.93797104787006,268.6691945161746,250.81233,261.30871128437866,262.1371286656502,267.86516967106775,267.1198730156739
2026-04-24 02:00:00,274.13793,270.3474903780733,266.93101486463087,250.81233,261.30871128437866,260.39894901410645,266.34010691095096,265.5474634726349
2026-04-24 03:00:00,274.13793,269.4449474875829,266.3354260553578,250.81233,261.30871128437866,259.8033602048334,265.57729076840826,264.751206621417
2026-04-24 04:00:00,274.13793,270.5239412639811,266.52512826576,250.81233,261.30871128437866,259.99306241523556,266.34923558747516,265.5826645646782
2026-04-24 05:00:00,274.13793,273.8399774831012,270.1083886204596,250.81233,261.30871128437866,263.5763227699352,269.598946110262,268.96618032961203
2026-04-24 06:00:00,274.13793,261.6087264731065,269.92164222079765,250.81233,261.30871128437866,263.38957637027323,262.14739818414307,261.6324049145998
2026-04-24 07:00:00,251.34993,262.64262414249737,270.7769895007418,250.81233,261.30871128437866,264.2449236502174,263.16571927910155,262.71355849998605
2026-04-24 08:00:00,251.34993,258.73198756857875,267.44149484634124,250.81233,261.30871128437866,260.9094289958168,259.84788293487776,259.396574850252
2026-04-24 09:00:00,251.34993,257.684303793679,264.6039263389195,237.81233,248.3087112843787,258.0718604883951,256.39117779146176,255.67533527163346
2026-04-24 10:00:00,251.99493,265.02465239972435,272.2649628911051,250.81233,261.30871128437866,265.73289704058067,265.77064410374857,265.5001929604781
2026-04-24 11:00:00,274.13793,269.2489679787032,275.834563918462,250.81233,261.30871128437866,269.30249806793756,269.33537945007686,269.08748635721423
2026-04-24 12:00:00,274.13793,265.5091397575474,284.899476458891,250.81233,261.30871128437866,278.3674106083666,269.90464241392647,269.89267403859856
2026-04-24 13:00:00,279.13793,269.62077482262004,288.9247259129057,250.81233,261.30871128437866,282.3926600623813,273.54013723000156,273.6673766665333
2026-04-24 14:00:00,279.13793,276.7436808204436,298.9741953505545,255.66933,266.1657112843787,292.4421295000301,281.10791222993345,281.2641847208906
2026-04-24 15:00:00,279.13793,293.2949792467068,314.3869546492468,296.22233,306.7187112843787,307.85488879872236,299.5798153913572,299.6047735120099
2026-04-24 16:00:00,294.13793,302.8431385760589,321.7383217017165,317.81233,328.30871128437866,315.20625585119205,310.08651222630044,310.2817893403935
2026-04-24 17:00:00,314.13793,314.6798938533138,334.9275106354697,317.81233,328.30871128437866,328.39544478494525,320.27954263325955,320.52260145610103
2026-04-24 18:00:00,354.13793,365.0246406238429,373.6902450255122,357.81233,368.30871128437866,367.15817917498777,364.3924658276442,364.3437765144991
2026-04-24 19:00:00,604.13793,365.29603429713023,372.2332707208629,357.81233,368.30871128437866,365.7012048703385,364.12772114277846,364.11471688103325
2026-04-24 20:00:00,314.13793,329.63959415462904,329.81276342102274,317.81233,328.30871128437866,323.2806975704983,326.73514874290834,326.6254379027151
2026-04-24 21:00:00,314.13793,313.6883045056355,307.035660592282,316.81233,327.30871128437866,300.5035947417576,311.39520920427645,311.1293084063473
2026-04-24 22:00:00,306.13793,294.0167379936562,289.0624053718799,296.22233,306.7187112843787,282.5303395213555,291.9814438171448,291.3776686490648
2026-04-24 23:00:00,279.13793,269.8342458543838,270.4722753120693,250.81233,261.30871128437866,263.9402094615449,267.6120071833071,267.0909007775825
2026-04-25 00:00:00,246.00735,267.18491630222354,269.61071404651165,274.13793,284.63431128437867,263.0786481959872,270.00681304279385,267.73008662618656
2026-04-25 01:00:00,246.00735,245.44955068823947,252.94598590706897,274.13793,248.49414210873886,252.4452263966058,247.41679657772664,245.863603663904
2026-04-25 02:00:00,246.00735,245.3435350937953,252.6150417583379,274.13793,248.49414210873886,252.1142822478747,247.43116276784417,246.06648030289833
2026-04-25 03:00:00,246.00735,244.97191134361296,251.97269829764303,274.13793,248.49414210873886,251.47193878717985,247.10501229545963,245.74123794445075
2026-04-25 04:00:00,246.00735,246.10531946086425,253.20334423948032,274.13793,248.49414210873886,252.70258472901713,248.08838010073666,246.98892653391542
2026-04-25 05:00:00,246.00735,245.5924655545646,252.3779625674765,274.13793,248.49414210873886,251.8772030570133,247.69057030762815,246.70887946323558
2026-04-25 06:00:00,246.00735,240.35501769981624,252.2726422059108,274.13793,248.49414210873886,251.77188269544763,244.36615485472194,243.56997875728473
2026-04-25 07:00:00,246.00735,237.4926006729558,247.0606008998357,251.34993,225.70614210873887,246.5598413893725,237.95183212834166,237.70948804482228
2026-04-25 08:00:00,246.00735,238.4529041877743,247.45559822991575,251.34993,225.70614210873887,246.95483871945257,238.4312709084715,238.1085777516391
2026-04-25 09:00:00,246.00735,240.65908292582,248.1029577378406,251.34993,225.70614210873887,247.60219822737741,239.5901519055742,239.0892036478113
2026-04-25 10:00:00,246.00735,243.02696399947556,249.4848107866518,251.99493,226.35114210873888,248.9840512761886,241.08800984735018,240.33971226860814
2026-04-25 11:00:00,246.00735,247.9764128457325,255.99571325141676,274.13793,248.49414210873886,255.49495374095358,248.32688076426598,246.51191784508862
2026-04-25 12:00:00,246.00735,249.3312395149951,255.75100536725435,274.13793,248.49414210873886,255.25024585679117,249.1870612845407,247.43899986748679
2026-04-25 13:00:00,246.00735,253.81317550328296,260.60529109323465,279.13793,253.49414210873886,260.1045315827715,254.0444184683281,253.155741069723
2026-04-25 14:00:00,246.00735,254.95208781939223,261.71074293118164,279.13793,253.49414210873886,261.20998342071846,255.53109203522777,255.58994219363257
2026-04-25 15:00:00,246.00735,257.0221723043604,263.4588894523206,279.13793,253.49414210873886,262.9581299418574,257.7763772743239,258.69809994839403
2026-04-25 16:00:00,266.21935,268.4840743573326,274.1085342969466,294.13793,268.49414210873886,273.6077747864834,269.43578573283804,270.33113798811604
2026-04-25 17:00:00,306.00735,284.8367388244852,289.46412454341294,314.13793,288.49414210873886,288.96336503294975,286.7326335142663,288.96943442322674
2026-04-25 18:00:00,316.00735,332.63284939420265,319.1550816134758,354.13793,328.49414210873886,318.6543221030126,328.89337717811725,330.89439447633026
2026-04-25 19:00:00,336.00735,444.5107272448278,386.1721865962514,604.13793,578.4941421087389,385.6714270857882,453.14495873347795,452.9236671397154
2026-04-25 20:00:00,316.00735,316.4275302181149,306.4283427774402,314.13793,288.49414210873886,305.927583266977,310.8792415499191,314.22468547597293
2026-04-25 21:00:00,306.00735,303.9533163537027,292.4055565391959,314.13793,288.49414210873886,291.90479702873273,299.89139298331503,302.2434933702802
2026-04-25 22:00:00,286.00735,289.1176459373003,277.19536024209583,306.13793,280.49414210873886,276.69460073163265,286.0178727441705,287.4551470038762
2026-04-25 23:00:00,266.21935,268.70777902156374,261.09398477071915,279.13793,253.49414210873886,260.59322526025596,265.16041683120704,265.77011175763585
2026-04-26 00:00:00,258.12799,248.00672964352128,248.20360275574268,246.00735,220.36356210873888,247.7028432452795,243.0409798218806,241.4524945280878
2026-04-26 01:00:00,257.12799,258.55099947310634,256.23219947778347,246.00735,246.4440953833849,251.59907401706425,256.113214956712,256.0298406827837
2026-04-26 02:00:00,250.42799,258.5873722388751,256.13551900041125,246.00735,246.4440953833849,251.50239353969204,256.16092293510593,256.09424471511176
2026-04-26 03:00:00,238.12799,258.9548639575629,256.1333909189543,246.00735,246.4440953833849,251.5002654582351,256.4492304777857,256.4205913457491
2026-04-26 04:00:00,238.12799,258.9496375588712,256.09381308613024,246.00735,246.4440953833849,251.46068762541103,256.3929680059596,256.31266890093553
2026-04-26 05:00:00,238.12799,257.24042025095963,253.78601423806745,246.00735,246.4440953833849,249.15288877734824,255.12399518328832,255.19173749135024
2026-04-26 06:00:00,238.12799,245.30158172889944,253.930078230554,246.00735,246.4440953833849,249.29695276983477,247.31523875487804,247.34302646747324
2026-04-26 07:00:00,227.12799,243.37962130640145,252.3442161268081,246.00735,246.4440953833849,247.7110906660889,245.83167992028314,245.88959551860052
2026-04-26 08:00:00,227.12799,244.82464332341544,252.5372927129945,246.00735,246.4440953833849,247.9041672522753,246.45779711271487,246.28136788151664
2026-04-26 09:00:00,227.12799,244.8422564695825,252.3358077469831,246.00735,246.4440953833849,247.7026822862639,246.32684780107962,246.1100976428844
2026-04-26 10:00:00,227.12799,246.8759273767496,253.23234662304952,246.00735,246.4440953833849,248.5992211623303,247.47508736961413,247.061892204642
2026-04-26 11:00:00,227.12799,253.36070557772555,257.1264136785398,246.00735,246.4440953833849,252.49328821782058,251.65326342691353,250.79659446652147
2026-04-26 12:00:00,227.12799,246.64311461392865,256.84745790072844,246.00735,246.4440953833849,252.21433244000923,247.38589085934768,246.7212196194946
2026-04-26 13:00:00,238.12799,246.15740758077044,256.1257426324502,246.00735,246.4440953833849,251.492617171731,247.1611340396526,246.78974956139893
2026-04-26 14:00:00,238.12799,246.70655804485293,257.2987946855236,246.00735,246.4440953833849,252.6656692248044,247.5334039018881,247.14931195540038
2026-04-26 15:00:00,257.12799,250.63456037505537,262.5641012389104,246.00735,246.4440953833849,257.93097577819117,250.3844074449553,249.5820962086558
2026-04-26 16:00:00,258.33999,262.42168736270764,273.4339408077996,266.21935,266.6560953833849,268.8008153470804,263.0971634630348,262.22216555715363
2026-04-26 17:00:00,268.12799,282.5752435247892,291.22753764993905,306.00735,306.4440953833849,286.59441218921984,287.0872592773945,288.364267465104
2026-04-26 18:00:00,278.12799,305.53015072491775,306.2936441423276,316.00735,316.4440953833849,301.6605186816084,305.5498853927409,306.49597704203484
2026-04-26 19:00:00,308.12799,319.2896312975272,320.8557673996353,336.00735,336.4440953833849,316.22264193891607,319.5187978279485,319.8239625227777
2026-04-26 20:00:00,308.12799,307.5727670049709,311.21957151259124,316.00735,316.4440953833849,306.58644605187203,307.25727987138333,307.60012152536643
2026-04-26 21:00:00,308.12799,299.66154749788336,303.68706317842395,306.00735,306.4440953833849,299.05393771770474,299.3762361824113,299.6333905745184
2026-04-26 22:00:00,268.12799,283.77391060605123,286.44642289151864,286.00735,286.4440953833849,281.8132974307994,283.64684158023334,284.0356541129088
2026-04-26 23:00:00,258.33999,268.4075309535541,274.14802509259914,266.21935,266.6560953833849,269.5148996318799,267.99661546126976,267.37226752353735
2026-04-27 00:00:00,251.80531,266.9607903520792,268.36277928577493,258.12799,258.5647353833849,263.7296538250557,265.20338915556977,267.23209020848395
2026-04-27 01:00:00,245.80531,252.2584430347196,253.2878613838526,257.12799,276.7576177414362,249.47339275312828,255.97341599078433,252.4693277329912
2026-04-27 02:00:00,245.80531,253.26292813120875,253.34116404332008,250.42799,270.05761774143616,249.52669541259576,255.4651531381308,252.15172569924303
2026-04-27 03:00:00,245.80531,254.14641162219493,252.2145432144172,238.12799,257.7576177414362,248.40007458369288,253.75449303374953,249.22470612429382
2026-04-27 04:00:00,251.80531,257.2616012998607,254.34067055508356,238.12799,257.7576177414362,250.52620192435924,256.249561102383,252.24053062494005
2026-04-27 05:00:00,251.80531,261.171680820401,255.52603775294608,238.12799,257.7576177414362,251.71156912222176,259.3585786505604,256.7393066488399
2026-04-27 06:00:00,251.80531,242.36830602792708,253.77393181978584,238.12799,257.7576177414362,249.95946318906152,246.24571392232778,244.39004134892423
2026-04-27 07:00:00,251.80531,240.21662020270148,251.1418888923667,227.12799,246.7576177414362,247.32742026164237,242.45992415447935,240.8018052627689
2026-04-27 08:00:00,251.80531,241.43814929535145,252.4560789164338,227.12799,246.7576177414362,248.64161028570948,243.49714116854614,242.45759888204367
2026-04-27 09:00:00,251.80531,241.29241883872564,251.7740379370897,227.12799,246.7576177414362,247.95956930636538,243.23755306880273,241.52457032180254
2026-04-27 10:00:00,251.80531,245.31293864445868,255.26858724852335,227.12799,246.7576177414362,251.45411861779903,246.41196747116877,244.7820784498571
2026-04-27 11:00:00,251.80531,250.45622441075145,259.9855874138631,227.12799,246.7576177414362,256.17111878313875,250.5374532050865,249.49400466925087
2026-04-27 12:00:00,251.80531,254.6493540930857,262.7097127829396,227.12799,246.7576177414362,258.8952441522153,253.9361969429749,252.53969532220793
2026-04-27 13:00:00,251.80531,263.25089070939924,272.47726795063454,238.12799,257.7576177414362,268.6627993199102,262.9580841354075,263.3217830764703
2026-04-27 14:00:00,277.01731,267.7971639766209,278.1150980382869,238.12799,257.7576177414362,274.30062940756255,266.7601230871591,268.1389135225554
2026-04-27 15:00:00,277.01731,278.0743875769071,289.113095340502,257.12799,276.7576177414362,285.2986267097777,278.51253647471896,280.92363132905
2026-04-27 16:00:00,281.80531,283.9862836199406,296.3138080598661,258.33999,277.9696177414362,292.4993394291418,283.6575920075475,286.14089119752026
2026-04-27 17:00:00,306.80531,294.2149140620857,302.2029465994525,268.12799,287.7576177414362,298.3884779687282,293.832888505051,298.54789228643153
2026-04-27 18:00:00,346.80531,325.88016828563866,324.93081049003126,278.12799,297.7576177414362,321.11634185930694,320.832315691149,328.3199066169443
2026-04-27 19:00:00,596.80531,350.01202839216234,348.5749025192565,308.12799,327.7576177414362,344.7604338885322,345.65952316647036,353.9454784555688
2026-04-27 20:00:00,306.80531,337.5599144212887,335.42285194114294,308.12799,327.7576177414362,331.6083833104186,335.06898007067866,342.31310449871444
2026-04-27 21:00:00,306.80531,315.6410736744301,311.5883377982678,308.12799,327.7576177414362,307.77386916754347,316.4653469478469,321.3145430875659
2026-04-27 22:00:00,281.80531,284.21250000667504,282.2624505505326,268.12799,287.7576177414362,278.4479819198083,283.93468408102206,284.1582012276494
2026-04-27 23:00:00,277.01731,271.3178219105936,267.96737055477496,258.33999,277.9696177414362,264.15290192405064,271.6388078702395,271.6652170322959
2026-04-28 00:00:00,98.19155,268.80192273734144,261.34235112848324,251.80531,271.4349377414362,257.5278824977589,268.1361119081848,266.6308434941401
2026-04-28 01:00:00,103.40455,101.68632711472873,126.4028972121892,245.80531,219.16414639014147,119.23337013944618,125.1516489291578,120.38967159979302
2026-04-28 02:00:00,98.19155,111.3180383617113,132.8648052645634,245.80531,219.16414639014147,125.69527819182036,132.86380652367586,128.0752315407574
2026-04-28 03:00:00,98.19155,126.96033805666973,144.8830975463511,245.80531,219.16414639014147,137.7135704736081,145.4124527732519,140.86419587240277
2026-04-28 04:00:00,101.98955,159.99540177119997,177.7767664229994,251.80531,225.16414639014147,170.60723935025638,173.196466623197,170.35177589454884
2026-04-28 05:00:00,257.04255,208.743340295046,229.2851423414954,251.80531,225.16414639014147,222.11561526875238,212.52016107573323,210.4404664460709
2026-04-28 06:00:00,257.04255,253.42522613420147,251.02067560708008,251.80531,225.16414639014147,243.85114853433706,246.2808618339402,244.15347032271717
2026-04-28 07:00:00,257.04255,247.7339816570121,249.3610731686716,251.80531,225.16414639014147,242.19154609592857,242.69591190550756,241.64359356569042
2026-04-28 08:00:00,105.34955,243.68119028900924,247.86549390319945,251.80531,225.16414639014147,240.69596683045643,240.06066866097075,239.99458989138176
2026-04-28 09:00:00,98.19155,240.5431025131202,246.4757592231525,251.80531,225.16414639014147,239.30623215040947,237.95929207845387,238.2312586530374
2026-04-28 10:00:00,98.19155,242.35008845318367,248.19893229225488,251.80531,225.16414639014147,241.02940521951186,239.4328616439186,239.37696800150994
2026-04-28 11:00:00,101.98955,239.52556095317863,245.2889833560409,251.80531,225.16414639014147,238.11945628329786,237.09043725145312,236.8888742592908
2026-04-28 12:00:00,101.98955,237.1877023367383,247.4409780882225,251.80531,225.16414639014147,240.27145101547947,235.78809340893707,235.85512324091707
2026-04-28 13:00:00,257.04255,244.75970315335567,258.58581400005147,251.80531,225.16414639014147,251.41628692730845,242.1223520517501,242.99487291626173
2026-04-28 14:00:00,257.04255,260.87691269834204,276.50305461232995,277.01731,250.37614639014149,269.33352753958695,259.7917740344412,261.0337105168683
2026-04-28 15:00:00,267.04255,271.2304074063894,285.4254436184958,277.01731,250.37614639014149,278.2559165457528,268.4469582966804,271.99954388519103
2026-04-28 16:00:00,267.04255,286.0600797781937,303.61428827700365,281.80531,255.1641463901415,296.44476120426066,281.6445337578729,286.4174152048014
2026-04-28 17:00:00,272.04255,301.3956407787439,317.5123860905881,306.80531,280.16414639014147,310.34285901784506,298.6218544007048,304.25211177775327
2026-04-28 18:00:00,597.04255,356.0376996482131,356.8266485879807,346.80531,320.16414639014147,349.6571215152377,348.42091323891157,354.1408554138783
2026-04-28 19:00:00,1134.59455,458.16960864024566,423.36653498192027,596.80531,570.1641463901415,416.1970079091773,472.56725843183676,477.48818817642666
2026-04-28 20:00:00,307.04255,359.55901959978866,365.2166717885599,306.80531,280.16414639014147,358.0471447158169,345.5753831939673,353.1746638713737
2026-04-28 21:00:00,307.04255,335.97907170357206,341.1437222110408,306.80531,280.16414639014147,333.9741951382978,325.4667509576297,331.32490480665507
2026-04-28 22:00:00,257.04255,283.9137691060355,283.5538814719379,281.80531,255.1641463901415,276.3843543991949,277.83864633133624,279.1564488518925
2026-04-28 23:00:00,257.04255,236.3260929509909,232.5410528082079,277.01731,250.37614639014149,225.37152573546487,236.72638674189568,234.51678613993644
2026-04-29 00:00:00,121.41992,165.5034499637253,153.87630023489075,98.19155,71.55038639014148,146.70677316214773,145.92902282833813,142.2221612592149
2026-04-29 01:00:00,121.41992,124.24500954011376,119.18313120301156,103.40455,89.67298596430706,122.51227068495297,119.40177202058015,116.0659689281632
2026-04-29 02:00:00,115.33292,123.49123686178392,115.08643532456412,98.19155,84.45998596430707,118.41557480650553,117.78813828326804,114.72402819275439
2026-04-29 03:00:00,115.33292,116.58415216837824,110.15724026575413,98.19155,84.45998596430707,113.48637974769554,112.4524888626401,109.18320552939605
2026-04-29 04:00:00,115.33292,134.59881192786435,126.6786795210016,101.98955,88.25798596430704,130.007819002943,126.91511647496795,123.63265877294732
2026-04-29 05:00:00,122.49092,163.30301987149576,189.24770625409195,257.04255,243.31098596430706,192.57684573603336,182.70434473363972,180.8300368513815
2026-04-29 06:00:00,121.41992,186.53834147390253,198.2609205783315,257.04255,243.31098596430706,201.59006006027292,199.2538097876205,197.57477308442895
2026-04-29 07:00:00,122.49092,174.26062344485345,190.5110634255588,257.04255,243.31098596430706,193.8402029075002,191.00259718707747,190.06132547876712
2026-04-29 08:00:00,122.49092,141.66784167318605,146.27634655017033,105.34955,91.61798596430705,149.60548603211174,136.22628645547368,134.6113854037111
2026-04-29 09:00:00,115.33292,129.472145900769,137.01154170394273,98.19155,84.45998596430707,140.34068118588414,126.30599131885526,125.16758479656494
2026-04-29 10:00:00,115.33292,142.42126434021225,145.958611291166,98.19155,84.45998596430707,149.2877507731074,135.32202894843314,133.77999940741202
2026-04-29 11:00:00,115.33292,152.326323486237,152.9082974754505,101.98955,88.25798596430704,156.2374369573919,142.8237699026229,140.88028049251955
2026-04-29 12:00:00,115.33292,141.43641255227408,152.0186279257954,101.98955,88.25798596430704,155.34776740773682,135.78995418527253,133.8788010168031
2026-04-29 13:00:00,122.49092,203.13563598145453,201.4196931495057,257.04255,243.31098596430706,204.7488326314471,211.79597903409012,211.96609688489252
2026-04-29 14:00:00,274.18392,224.9786504338816,226.80347647748243,257.04255,243.31098596430706,230.13261595942384,230.39093308258128,232.11390708910517
2026-04-29 15:00:00,279.18392,255.870836246967,258.7359473642024,267.04255,253.31098596430706,262.0650868461438,257.9209625730192,260.85585273867895
2026-04-29 16:00:00,282.18392,264.31065497796726,266.51907387339173,267.04255,253.31098596430706,269.84821335533314,265.4744703657707,269.2798116575612
2026-04-29 17:00:00,364.18392,311.6306454335354,316.3996977095632,272.04255,258.31098596430706,319.7288371915046,306.3910899407996,312.52065349771937
2026-04-29 18:00:00,364.18392,594.9754708975789,576.5163718424943,597.04255,583.3109859643071,579.8455113244357,585.2651369007439,594.5254099171888
2026-04-29 19:00:00,614.18392,842.4902880855172,762.2501881594513,1134.59455,1120.8629859643072,765.5793276413928,854.5520071280399,850.5028469075285
2026-04-29 20:00:00,614.18392,394.2540410009082,414.63862472513154,307.04255,293.31098596430706,417.96776420707295,378.87208201108854,385.2276337674251
2026-04-29 21:00:00,284.18392,286.2850834516898,272.98768358705684,307.04255,293.31098596430706,276.31682306899825,285.1800625047056,286.75195743090933
2026-04-29 22:00:00,274.18392,217.87702577081205,196.19361472495825,257.04255,243.31098596430706,199.52275420689966,220.54825016195537,220.77312766654637
2026-04-29 23:00:00,274.18392,197.54381162709268,172.5118257753846,257.04255,243.31098596430706,175.84096525732602,202.65562145289232,200.83744424238805
2026-04-30 00:00:00,123.9943,126.80170599489377,122.32488666931394,121.41992,107.68835596430706,125.65402615125535,126.99978331731438,125.95988074332723
2026-04-30 01:00:00,123.9943,129.99117948827177,127.87017608788614,121.41992,131.48786695289175,130.41004705019867,131.43388776505554,129.5254461135736
2026-04-30 02:00:00,123.9943,132.1625930781692,126.03225803496332,115.33292,125.40086695289176,128.57212899727585,132.2828025062901,130.51629815830591
2026-04-30 03:00:00,123.9943,123.26620859558878,120.53678458449724,115.33292,125.40086695289176,123.07665554680977,125.19571379132913,123.36010549919085
2026-04-30 04:00:00,123.9943,129.28275155066558,125.65045522001824,115.33292,125.40086695289176,128.19032618233078,130.0992522216832,128.30517996185642
2026-04-30 05:00:00,225.6873,148.3859782240457,142.4878622270479,122.49092,132.55886695289178,145.02773318936045,146.79235583210124,145.1638866820387
2026-04-30 06:00:00,225.6873,141.97225697113888,147.47091610922246,121.41992,131.48786695289175,150.010787071535,142.576785453456,141.33171145941296
2026-04-30 07:00:00,123.9943,133.2237702621555,142.58574674390047,122.49092,132.55886695289178,145.125617706213,136.4157978987902,135.54486394425942
2026-04-30 08:00:00,116.8363,133.03278816061328,142.4615251961328,122.49092,132.55886695289178,145.00139615844535,136.3115447878169,135.4717320467598
2026-04-30 09:00:00,116.8363,127.81817996873744,137.74074837460518,115.33292,125.40086695289176,140.2806193369177,130.99164890930177,130.13667250080078
2026-04-30 10:00:00,120.6343,140.5224007831523,149.00758345236244,115.33292,125.40086695289176,151.54745441467497,141.4015043773054,140.67559681646827
2026-04-30 11:00:00,225.6873,150.5810091933854,159.17971907919525,115.33292,125.40086695289176,161.7195900415078,149.81490974889354,149.26978148470022
2026-04-30 12:00:00,225.6873,161.30722687913564,168.7867289904505,115.33292,125.40086695289176,171.32659995276305,158.42048726473493,157.85778709747564
2026-04-30 13:00:00,225.6873,178.525002457473,184.39721845442915,122.49092,132.55886695289178,186.93708941674168,174.06302088347059,173.99380346869782
2026-04-30 14:00:00,225.6873,237.9967310024813,236.9173018750424,274.18392,284.25186695289176,239.45717283735493,245.16988129617403,245.4130471090474
2026-04-30 15:00:00,265.6873,272.5747878953382,272.9904320689544,279.18392,289.25186695289176,275.53030303126695,275.70328574469784,277.0423510310058
2026-04-30 16:00:00,265.6873,282.0495272707084,283.70349334730986,282.18392,292.25186695289176,286.2433643096224,284.6354325581306,286.3983301913479
2026-04-30 17:00:00,274.6873,326.4741216464517,319.9800375966309,364.18392,374.25186695289176,322.5199085589434,333.09761460914194,335.33959914709715
2026-04-30 18:00:00,285.6873,461.1660244450121,479.3056622423983,364.18392,374.25186695289176,481.8455332047108,446.3553137032522,450.54737000159105
2026-04-30 19:00:00,285.6873,631.0599971686629,633.580149293058,614.18392,624.2518669528918,636.1200202553705,617.8588511049309,620.2927313271879
2026-04-30 20:00:00,285.6873,553.2970041872595,521.8612919150632,614.18392,624.2518669528918,524.4011628773758,550.6425723432461,551.1798929386192
2026-04-30 21:00:00,265.6873,304.29182748087646,304.81303247771933,284.18392,294.25186695289176,307.35290344003187,302.3829498900659,303.4451258386757
2026-04-30 22:00:00,265.6873,247.26750671946357,216.93036580529812,274.18392,284.25186695289176,219.47023676761066,251.17139980949398,250.97313636972268
2026-04-30 23:00:00,225.6873,226.95651393988103,188.82533845528505,274.18392,284.25186695289176,191.36520941759758,233.1813456608416,232.1718694216508
2026-05-01 00:00:00,183.43366,157.39279950073347,136.5264561424304,123.9943,134.06224695289177,139.06632710474292,153.16185845584246,154.71132420646543
2026-05-01 01:00:00,183.43366,179.80536443636396,165.86596267267132,123.9943,106.70872690269807,168.89168627653603,167.82657647335262,168.83977227508322
2026-05-01 02:00:00,148.43366,172.26326945564233,154.7997327450792,123.9943,106.70872690269807,157.82545634894393,160.93697780224633,161.33828545627247
2026-05-01 03:00:00,129.44266,170.55558857657462,151.04773565896775,123.9943,106.70872690269807,154.07345926283247,159.13800305667687,159.26233017691894
2026-05-01 04:00:00,129.44266,170.37109034344985,151.59522877823122,123.9943,106.70872690269807,154.62095238209594,159.19919099786676,159.32627256419195
2026-05-01 05:00:00,129.44266,170.72427916630426,175.37053738474046,225.6873,208.40172690269807,178.39626098860518,177.00709025993996,177.40986754085483
2026-05-01 06:00:00,127.43366,153.2362362283686,169.54400421510312,225.6873,208.40172690269807,172.56972781896783,165.4141298282877,164.99965170244323
2026-05-01 07:00:00,121.75366,135.23956864361165,142.79304899302406,123.9943,106.70872690269807,145.81877259688878,136.23882379422705,135.372583863927
2026-05-01 08:00:00,121.62366,132.07377517659023,139.19745458565993,116.8363,99.55072690269807,142.22317818952465,132.67638152277766,131.71052270436377
2026-05-01 09:00:00,121.62366,135.86965608539026,141.89664717974586,116.8363,99.55072690269807,144.92237078361057,135.47174171768694,134.7965647794955
2026-05-01 10:00:00,121.62366,147.9745663208999,151.67570627750803,120.6343,103.34872690269808,154.70142988137275,145.1903776628821,145.23779974051612
2026-05-01 11:00:00,127.43366,166.4418343401006,178.90665296958838,225.6873,208.40172690269807,181.9323765734531,175.14448849668483,175.64160801533643
2026-05-01 12:00:00,127.43366,178.1507279725996,180.64164901777067,225.6873,208.40172690269807,183.6673726216354,182.49239643874688,183.28034619237587
2026-05-01 13:00:00,127.43366,179.28118247550324,180.7379618586814,225.6873,208.40172690269807,183.7636854625461,183.5279328112529,183.84752181071804
2026-05-01 14:00:00,129.44266,183.015425076066,185.63205906668492,225.6873,208.40172690269807,188.65778267054964,187.1427772614628,187.33208581068735
2026-05-01 15:00:00,183.43366,199.93185303713364,202.14397837156764,265.6873,248.40172690269807,205.16970197543236,207.19793966090583,206.33610835843123
2026-05-01 16:00:00,183.43366,200.1960527211111,202.4015969535976,265.6873,248.40172690269807,205.4273205574623,207.4934661708739,206.57332108652815
2026-05-01 17:00:00,233.43366,213.117990783714,215.38089973993849,274.6873,257.4017269026981,218.4066233438032,219.68596414451468,218.45781456944263
2026-05-01 18:00:00,262.43366,260.2140743436348,248.13871660954612,285.6873,268.4017269026981,251.16444021341084,258.0054345574971,255.92878412438586
2026-05-01 19:00:00,623.43366,270.74838301160065,259.97621932294606,285.6873,268.4017269026981,263.0019429268108,267.5612404303931,264.9569543967874
2026-05-01 20:00:00,233.43366,258.7824054516669,247.65165332141788,285.6873,268.4017269026981,250.6773769252826,256.69609446901643,255.10920543499805
2026-05-01 21:00:00,233.43366,235.56782061164097,225.53563196043933,265.6873,248.40172690269807,228.56135556430405,234.59059206848707,233.76337484514107
2026-05-01 22:00:00,233.43366,222.770199229682,207.52298099386877,265.6873,248.40172690269807,210.5487045977335,222.70928865803484,221.690703642052
2026-05-01 23:00:00,233.43366,199.1625723534674,189.360922731573,225.6873,208.40172690269807,192.38664633543772,197.4820955269279,198.2208081429512
2026-05-02 00:00:00,143.40286,181.67388982363727,176.73345776364977,183.43366,166.14808690269808,179.7591813675145,178.71826621299408,177.42699630985948
2026-05-02 01:00:00,168.40286,142.82264620855204,152.88386342240045,183.43366,169.59481171021457,154.23408798051287,151.05549580770645,150.76799519134184
2026-05-02 02:00:00,143.40286,144.9695801003885,145.5171391108953,148.43366,134.59481171021457,146.86736366900772,144.99814486938445,144.80542782950545
2026-05-02 03:00:00,143.40286,143.85334979512788,139.73421280197638,129.44266,115.60381171021456,141.0844373600888,140.09524052738266,140.17264385788184
2026-05-02 04:00:00,143.40286,143.25474309414707,138.83819019753227,129.44266,115.60381171021456,140.1884147556447,139.62298413631945,139.77089296377363
2026-05-02 05:00:00,143.40286,142.42098539508646,138.42210251849778,129.44266,115.60381171021456,139.7723270766102,138.92717478179617,139.04519851787197
2026-05-02 06:00:00,143.40286,130.87741578266045,136.96458931030494,127.43366,113.59481171021457,138.31481386841736,131.37552791389567,132.08604919142647
2026-05-02 07:00:00,143.40286,132.5115750504537,136.18979999929576,121.75366,107.91481171021456,137.54002455740817,130.90854420231653,131.4400936801191
2026-05-02 08:00:00,143.40286,133.29067487752857,135.9661682956596,121.62366,107.78481171021457,137.31639285377202,131.081084060095,131.444105950072
2026-05-02 09:00:00,198.90286,134.7926185053257,137.07632061503784,121.62366,107.78481171021457,138.42654517315026,132.08768789429502,132.41611144058567
2026-05-02 10:00:00,168.40286,135.11333843054894,136.78021424266743,121.62366,107.78481171021457,138.13043880077984,132.04282106202993,132.2461873992243
2026-05-02 11:00:00,168.40286,137.94112865372986,139.80076147643604,127.43366,113.59481171021457,141.15098603454845,135.0390761467562,134.87170141269905
2026-05-02 12:00:00,168.40286,133.4227819813486,141.78349148995144,127.43366,113.59481171021457,143.13371604806386,132.11899570522974,131.83721414478953
2026-05-02 13:00:00,168.40286,132.9877265368096,141.11676895750105,127.43366,113.59481171021457,142.46699351561347,131.8178134474437,131.6767909414488
2026-05-02 14:00:00,168.40286,136.3217259570396,145.0764924162845,129.44266,115.60381171021456,146.42671697439692,134.7708576389949,134.64237673106572
2026-05-02 15:00:00,198.90286,159.15245945075395,163.5039658131772,183.43366,169.59481171021457,164.8541903712896,161.88998739526943,161.5908360586088
2026-05-02 16:00:00,208.40286,160.84433199639454,166.7247274939366,183.43366,169.59481171021457,168.074952052049,162.89012287371307,162.2486553399123
2026-05-02 17:00:00,208.40286,184.3263799124336,187.0983685288715,233.43366,219.59481171021457,188.44859308698392,190.48849394065618,190.8330132492813
2026-05-02 18:00:00,238.40286,242.77109980997955,239.30307352485977,262.43366,248.59481171021454,240.65329808297219,241.21526362722176,242.1916345992392
2026-05-02 19:00:00,238.40286,412.2894275393049,350.66417961792285,623.43366,609.5948117102146,352.01440417603527,427.6221771048424,424.77188126101373
2026-05-02 20:00:00,238.40286,232.40195341611965,235.1081368437748,233.43366,219.59481171021457,236.4583614018872,228.94082030409044,230.1539596547701
2026-05-02 21:00:00,208.40286,211.82804913703848,207.78840629886244,233.43366,219.59481171021457,209.13863085697486,211.1000871165994,211.44407185755512
2026-05-02 22:00:00,208.40286,199.6541241197997,191.12931467333436,233.43366,219.59481171021457,192.47953923144678,200.57251981055813,200.2404874372327
2026-05-02 23:00:00,198.90286,194.3552521426841,183.08046395450933,233.43366,219.59481171021457,184.43068851262174,196.0464299072113,195.5231965224359
2026-05-03 00:00:00,206.23212,154.96731315189402,154.21454004676156,143.40286,129.56401171021457,155.56476460487397,150.84115735005227,149.53645491159926
2026-05-03 01:00:00,206.23212,202.9858863335811,197.17977786406112,168.40286,186.8544633573707,196.24433342824142,199.20885987306463,198.34268333198048
2026-05-03 02:00:00,206.23212,202.7634507203059,192.1544923246141,143.40286,161.8544633573707,191.2190478887944,194.09486121444266,192.4413591034469
2026-05-03 03:00:00,183.73212,203.8016785072722,192.60839437936392,143.40286,161.8544633573707,191.6729499435442,194.92207934342832,193.33637053399838
2026-05-03 04:00:00,206.23212,202.8237510216001,191.4051851541432,143.40286,161.8544633573707,190.4697407183235,194.13035461023352,192.67559544211767
2026-05-03 05:00:00,206.23212,202.09339371613515,190.856195588456,143.40286,161.8544633573707,189.92075115263629,193.5445013375602,192.06631656663066
2026-05-03 06:00:00,183.73212,184.76999936711076,190.98763653492583,143.40286,161.8544633573707,190.05219209910612,181.42373154591684,180.56947704755254
2026-05-03 07:00:00,183.73212,182.3258104151996,188.71902990927072,143.40286,161.8544633573707,187.783585473451,179.4586336685426,178.51337525641432
2026-05-03 08:00:00,183.73212,179.45538171957625,186.2826108051878,143.40286,161.8544633573707,185.3471663693681,177.21308417181564,176.28293026565188
2026-05-03 09:00:00,183.73212,187.7685231915344,196.1210252474353,198.90286,217.3544633573707,195.1855808116156,193.99000221605044,192.59505304014905
2026-05-03 10:00:00,183.73212,183.39719593597883,190.78206594571876,168.40286,186.8544633573707,189.84662150989905,184.8976936334688,184.6987192468543
2026-05-03 11:00:00,183.73212,184.4961802845952,191.17751563088132,168.40286,186.8544633573707,190.2420711950616,185.61199520844175,185.2762399636566
2026-05-03 12:00:00,183.73212,185.15739921307312,195.29444466957293,168.40286,186.8544633573707,194.35900023375322,186.36311777093715,186.01101359825205
2026-05-03 13:00:00,183.73212,184.65266334103663,193.81336987238888,168.40286,186.8544633573707,192.87792543656917,185.94010417371285,186.0806564401869
2026-05-03 14:00:00,206.23212,184.85949516592828,195.46124195130056,168.40286,186.8544633573707,194.52579751548086,186.1138973288371,186.6095007996153
2026-05-03 15:00:00,206.23212,192.501196156766,201.36587561202975,198.90286,217.3544633573707,200.43043117621005,197.57117886573155,197.27187166715535
2026-05-03 16:00:00,213.23212,198.84293581453775,206.77226801476945,208.40286,226.8544633573707,205.83682357894975,204.45107973193947,205.3563907659168
2026-05-03 17:00:00,213.23212,204.4535084794884,209.7124617304262,208.40286,226.8544633573707,208.7770172946065,209.1387553645771,210.59015765907358
2026-05-03 18:00:00,238.23212,228.80253932256036,221.1715827021619,238.40286,256.8544633573707,220.2361382663422,233.11599603615878,235.12009451676613
2026-05-03 19:00:00,238.23212,233.21589422770057,226.34025941931756,238.40286,256.8544633573707,225.40481498349786,236.84166964175526,240.85195412145174
2026-05-03 20:00:00,238.23212,231.48682812964324,226.2666212868532,238.40286,256.8544633573707,225.3311768510335,235.2743191007805,239.00546522244417
2026-05-03 21:00:00,238.23212,218.71243547143743,218.04804185094517,208.40286,226.8544633573707,217.11259741512546,219.91503307429534,222.9852094018703
2026-05-03 22:00:00,213.23212,215.33958631322156,214.6447930994998,208.40286,226.8544633573707,213.7093486636801,217.04344871446307,218.98211128911942
2026-05-03 23:00:00,213.23212,208.43388113826717,208.9606697314045,198.90286,217.3544633573707,208.0252252955848,209.75509962147038,210.09808611081473
2026-05-04 00:00:00,214.6534,205.69676659034667,205.16148771184132,206.23212,224.6837233573707,204.2260432760216,210.72271039804215,212.06623404445799
2026-05-04 01:00:00,214.6534,214.42078296997573,212.7528606074887,206.23212,234.41760889292289,206.7589891348996,218.41216767707462,217.96858173353706
2026-05-04 02:00:00,214.6534,215.37086225408217,213.9605678810403,206.23212,234.41760889292289,207.96669640845118,219.1347712969066,218.70429756726276
2026-05-04 03:00:00,214.6534,215.25615824812948,208.35918810059343,183.73212,211.91760889292289,202.3653166280043,213.54117820099032,212.28343187102175
2026-05-04 04:00:00,214.6534,217.9411514410571,216.8629031319425,206.23212,234.41760889292289,210.86903165935337,220.8942981125997,220.25462027031568
2026-05-04 05:00:00,248.6534,220.7841455232196,218.6965748297665,206.23212,234.41760889292289,212.70270335717737,223.1573088784359,222.82599788799817
2026-05-04 06:00:00,248.6534,211.1147997018296,214.26140381785055,183.73212,211.91760889292289,208.26753234526143,211.81982070925798,211.04712520785574
2026-05-04 07:00:00,214.6534,215.22925271977516,217.1164163989902,183.73212,211.91760889292289,211.12254492640108,214.52866004078388,213.47592632952734
2026-05-04 08:00:00,214.6534,216.9411868777348,218.10674913695107,183.73212,211.91760889292289,212.11287766436195,215.6756977997386,214.69394877662953
2026-05-04 09:00:00,214.6534,219.9292244586037,218.97844750004765,183.73212,211.91760889292289,212.98457602745853,217.19476356268737,215.81650459064588
2026-05-04 10:00:00,223.6534,226.61293871709185,223.10755006670828,183.73212,211.91760889292289,217.11367859411916,221.66918416587973,220.0895694260368
2026-05-04 11:00:00,248.6534,229.02101453923407,224.99855379089968,183.73212,211.91760889292289,219.00468231831056,223.38296187978386,221.80227192680934
2026-05-04 12:00:00,248.6534,214.2386538928079,229.6205047415756,183.73212,211.91760889292289,223.62663326898647,214.50439558778743,213.2154535511243
2026-05-04 13:00:00,248.6534,219.36389832317997,236.20374325396412,183.73212,211.91760889292289,230.209871781375,218.61589749394366,217.4523100980505
2026-05-04 14:00:00,248.6534,229.2115554996537,244.54780196937867,206.23212,234.41760889292289,238.55393049678955,231.15597156390396,231.4622569608622
2026-05-04 15:00:00,258.6534,234.5414891588199,251.59917275430843,206.23212,234.41760889292289,245.6053012817193,235.30261851193336,235.52580150533143
2026-05-04 16:00:00,294.1534,243.06274302329544,260.7604816639809,213.23212,241.41760889292289,254.76661019139178,243.14910357022916,243.13000874775244
2026-05-04 17:00:00,294.1534,248.6229117458454,265.6977163990127,213.23212,241.41760889292289,259.7038449264236,248.70030841402766,250.1534555134209
2026-05-04 18:00:00,508.6534,273.07538949007954,282.7959143363384,238.23212,266.4176088929229,276.8020428637493,272.6635921267156,275.42584891792234
2026-05-04 19:00:00,558.6534,282.70573173487475,293.3843178920806,238.23212,266.4176088929229,287.39044641949147,281.2229318939053,285.08416527062974
2026-05-04 20:00:00,508.6534,275.7596495300757,286.1017325591599,238.23212,266.4176088929229,280.1078610865708,275.0457806800169,277.8879904014676
2026-05-04 21:00:00,558.6534,265.2128126974539,273.3718276551804,238.23212,266.4176088929229,267.37795618259133,265.8159658805359,267.94923953908295
2026-05-04 22:00:00,294.1534,240.0512972411376,250.88185467779715,213.23212,241.41760889292289,244.88798320520803,240.8628808746533,241.36363478209776
2026-05-04 23:00:00,248.6534,230.3236557128232,239.4167849832005,213.23212,241.41760889292289,233.42291351061138,232.3128783599476,231.93357266101532
2026-05-05 00:00:00,231.43242,229.15258792936828,230.213740624031,214.6534,242.83888889292288,224.21986915144188,228.55700032674213,227.14881246120956
2026-05-05 01:00:00,231.43242,234.17510547513592,230.2208796185828,214.6534,225.776690264812,231.26350490793178,233.16126233960549,231.62192482598493
2026-05-05 02:00:00,231.43242,237.40754905614065,231.46400766592308,214.6534,225.776690264812,232.50663295527204,235.5759884057801,233.97304556038108
2026-05-05 03:00:00,231.43242,230.7080657162723,224.74156914866995,214.6534,225.776690264812,225.78419443801891,230.20739151499214,228.6389722722522
2026-05-05 04:00:00,265.93242,238.89932502335432,232.53105968345284,214.6534,225.776690264812,233.5736849728018,236.8397620118386,235.2757402645106
2026-05-05 05:00:00,265.93242,253.9954196747317,255.4102075979863,248.6534,259.77669026481203,256.45283288733526,255.79204459005663,254.92235570820662
2026-05-05 06:00:00,265.93242,251.06361837431143,256.57329320281474,248.6534,259.77669026481203,257.6159184921637,253.90591697215586,253.23049920504522
2026-05-05 07:00:00,231.43242,251.94416459543183,253.62792570444373,214.6534,225.776690264812,254.6705509937927,249.25295088578656,248.59689974336484
2026-05-05 08:00:00,231.43242,248.7657589140306,251.49418319948063,214.6534,225.776690264812,252.5368084888296,245.98439534065903,244.88615382120955
2026-05-05 09:00:00,231.43242,248.04288417305384,249.6651384040157,214.6534,225.776690264812,250.70776369336465,245.20792241540732,244.02989577925683
2026-05-05 10:00:00,231.43242,257.2203796758843,257.4451685958169,223.6534,234.776690264812,258.48779388516584,253.46301012550657,251.99725711512838
2026-05-05 11:00:00,265.93242,266.0234916297682,267.8885549854296,248.6534,259.77669026481203,268.93118027477857,265.1403066590701,264.1074574535919
2026-05-05 12:00:00,265.93242,254.759209329701,265.6925708115916,248.6534,259.77669026481203,266.7351961009406,256.8862080042616,256.1255623703728
2026-05-05 13:00:00,265.93242,261.2310838212632,272.4057264688737,248.6534,259.77669026481203,273.44835175822266,263.6281825067057,263.8083957145456
2026-05-05 14:00:00,280.93242,271.4823602898697,283.99885213655915,248.6534,259.77669026481203,285.0414774259081,272.43503040733924,272.8876010463271
2026-05-05 15:00:00,285.93242,288.9120266046048,301.7432491476876,258.6534,269.776690264812,302.78587443703657,288.86088405103544,289.8136815439796
2026-05-05 16:00:00,315.93242,302.4942860245642,313.31798204778147,294.1534,305.276690264812,314.36060733713043,304.89726093601735,305.69946208477785
2026-05-05 17:00:00,315.93242,314.2996074258712,323.7547273786378,294.1534,305.276690264812,324.7973526679868,314.89069860002576,316.0332138048625
2026-05-05 18:00:00,515.93242,488.9390467638849,471.2229913487428,508.6534,519.776690264812,472.2656166380918,488.8644393056556,491.0547359152
2026-05-05 19:00:00,1118.61742,565.1983405288414,563.9760841399052,558.6534,569.776690264812,565.0187094292542,560.0803670785456,562.9605883114383
2026-05-05 20:00:00,515.93242,500.763353947807,489.72575924516514,508.6534,519.776690264812,490.7683845345141,498.7037256736129,500.7271815882653
2026-05-05 21:00:00,495.93242,461.01627085912446,406.1350016510449,558.6534,569.776690264812,407.17762694039385,469.5135458120641,469.8934527710496
2026-05-05 22:00:00,315.93242,293.7755955174528,292.9827413684242,294.1534,305.276690264812,294.02536665777313,296.988099562004,297.29487449826814
2026-05-05 23:00:00,280.93242,262.30322657121246,268.3951669244702,248.6534,259.77669026481203,269.43779221381914,264.6020869218629,264.6869247089832
2026-05-06 00:00:00,230.28631,257.49941636317425,251.48373893561296,231.43242,242.555710264812,252.52636422496192,254.53296501027265,252.88880779884693
2026-05-06 01:00:00,230.28631,230.2942593917593,231.3183599668894,231.43242,204.17402565524108,232.96936788559472,226.05711754697802,223.06686023070776
2026-05-06 02:00:00,230.28631,228.3668032591388,229.4285519351681,231.43242,204.17402565524108,231.0795598538734,224.50462250295982,221.38940598943068
2026-05-06 03:00:00,230.28631,224.64549304455025,225.4948547104242,231.43242,204.17402565524108,227.1458626291295,221.50300098808202,218.34375921847928
2026-05-06 04:00:00,230.28631,229.4538885783352,235.9737505078193,265.93242,238.67402565524105,237.6247584265246,232.1730460128399,229.61994743291473
2026-05-06 05:00:00,264.28631,238.90147246066223,246.7699974297379,265.93242,238.67402565524105,248.42100534844323,239.8073337173064,237.44096674781676
2026-05-06 06:00:00,230.28631,234.7091817161499,243.74401163149372,265.93242,238.67402565524105,245.39501955019904,236.8361930382191,234.75804559335216
2026-05-06 07:00:00,230.28631,227.2899721103225,234.7153177602375,231.43242,204.17402565524108,236.36632567894281,224.37460828630213,221.67711138887705
2026-05-06 08:00:00,230.28631,223.97325082587423,231.45274592571892,231.43242,204.17402565524108,233.10375384442423,221.66670039023938,218.91371976977186
2026-05-06 09:00:00,230.28631,225.0293882747104,231.1716197443198,231.43242,204.17402565524108,232.82262766302512,222.18267690814037,219.14255943701772
2026-05-06 10:00:00,230.28631,232.2788591296405,237.7561329525552,231.43242,204.17402565524108,239.4071408712605,227.98204641391,225.395000639708
2026-05-06 11:00:00,230.28631,243.83714647945783,250.7189287663997,265.93242,238.67402565524105,252.36993668510502,243.82030536494625,241.88824156556916
2026-05-06 12:00:00,230.28631,243.75471602758495,253.26343348646608,265.93242,238.67402565524105,254.9144414051714,244.06322494312576,242.2429312678614
2026-05-06 13:00:00,230.28631,251.31979898427008,259.5489569822564,265.93242,238.67402565524105,261.19996490096173,250.38787175612066,249.5872529422827
2026-05-06 14:00:00,264.28631,269.08911829408925,277.8590518484757,280.93242,253.67402565524105,279.510059767181,267.739796185639,270.6384762261354
2026-05-06 15:00:00,279.78631,294.1508749371836,302.81049075634155,285.93242,258.67402565524105,304.46149867504687,289.5250770711217,293.4024264111656
2026-05-06 16:00:00,314.78631,310.8676571063622,322.7942186874559,315.93242,288.67402565524105,324.4452266061612,308.4934051070307,313.47677534004805
2026-05-06 17:00:00,314.78631,312.4013890244987,317.62328579540764,315.93242,288.67402565524105,319.27429371411296,309.76986407875427,318.3429796403867
2026-05-06 18:00:00,504.78631,480.2124041661372,456.7233713265024,515.93242,488.67402565524105,458.3743792452077,479.8731787174005,490.67957835564266
2026-05-06 19:00:00,1117.47131,777.6400659680859,687.5099689864329,1118.61742,1091.359025655241,689.1609769051382,821.7532622706317,815.2788798807594
2026-05-06 20:00:00,504.78631,539.5877481634474,534.865205064262,515.93242,488.67402565524105,536.5162129829673,529.5133598109747,541.6521573863492
2026-05-06 21:00:00,504.78631,431.51596127821966,412.3044814465147,495.93242,468.67402565524105,413.95548936522005,435.26764497044195,439.5809237478831
2026-05-06 22:00:00,284.78631,299.6431860502564,292.50234151875446,315.93242,288.67402565524105,294.1533494374598,296.83961400672183,299.83745973594466
2026-05-06 23:00:00,230.28631,260.9099618976824,252.12609864037933,280.93242,253.67402565524105,253.77710655908464,258.97566820625343,259.79011491368476
2026-05-07 00:00:00,225.7132,223.8429085573676,225.61613980684515,230.28631,203.02791565524106,227.26714772555047,222.44269572232065,221.4711022885524
2026-05-07 01:00:00,251.8442,225.55674262458888,227.5872518659729,230.28631,210.21929542629354,228.627875529099,225.28534975979156,224.63416816330033
2026-05-07 02:00:00,225.7132,221.93889446425487,224.5128260869891,230.28631,210.21929542629354,225.5534497501152,222.38037144959202,221.70399185123827
2026-05-07 03:00:00,225.7132,218.57653146563973,221.28101644132892,230.28631,210.21929542629354,222.321640104455,219.70256591695897,219.03757425345492
2026-05-07 04:00:00,225.7132,222.9845858861061,226.315248243408,230.28631,210.21929542629354,227.3558719065341,223.33218690186453,222.6659006302425
2026-05-07 05:00:00,251.8442,228.45529482174447,238.76173619717065,264.28631,244.21929542629357,239.80235986029675,234.32140809398157,234.31987173937029
2026-05-07 06:00:00,225.7132,223.52945928302697,229.5864221497312,230.28631,210.21929542629354,230.6270458128573,224.90368904509904,224.86624344876066
2026-05-07 07:00:00,225.7132,215.0615352344761,223.24987062865137,230.28631,210.21929542629354,224.29049429177746,217.73358859868415,217.4517840952521
2026-05-07 08:00:00,225.7132,215.2655898846128,223.90404732484032,230.28631,210.21929542629354,224.94467098796642,217.97685497318088,217.74590529507475
2026-05-07 09:00:00,221.2132,223.35911517887536,226.7296283365672,230.28631,210.21929542629354,227.7702519996933,223.7617417002904,223.19127353405105
2026-05-07 10:00:00,225.7132,237.04869052844808,237.6325041440292,230.28631,210.21929542629354,238.6731278071553,234.6053585074592,233.97822080210722
2026-05-07 11:00:00,225.7132,247.89487138193857,246.90400085968773,230.28631,210.21929542629354,247.94462452281383,243.95281842549454,243.73542450444438
2026-05-07 12:00:00,225.7132,236.02398388211387,249.01292762770925,230.28631,210.21929542629354,250.05355129083534,235.37502916222104,235.34985462704722
2026-05-07 13:00:00,225.7132,244.89989407673275,259.37156847790743,230.28631,210.21929542629354,260.41219214103353,242.94911965594684,243.113301511824
2026-05-07 14:00:00,251.8442,267.04051390168524,281.85287505152337,264.28631,244.21929542629357,282.89349871464947,266.38622860383623,266.7761530476708
2026-05-07 15:00:00,251.8442,293.58331316933743,310.3025917249787,279.78631,259.71929542629357,311.3432153881048,291.5812738028961,292.7601540648898
2026-05-07 16:00:00,280.7132,308.0100017307211,325.4206941002849,314.78631,294.71929542629357,326.461317763411,308.8156090709222,310.0980470008437
2026-05-07 17:00:00,315.7132,313.9482296101904,331.72762233149706,314.78631,294.71929542629357,332.76824599462316,313.80095333978204,315.1504549515453
2026-05-07 18:00:00,495.7132,482.9311134050073,488.42388288511006,504.78631,484.71929542629357,489.46450654823616,477.98529767117714,479.05706970568747
2026-05-07 19:00:00,1118.3982,805.8791419861549,693.9449684595577,1117.47131,1097.4042954262934,694.9855921226838,811.5913738492636,804.9543299431219
2026-05-07 20:00:00,495.7132,490.53864018689046,488.0294003394773,504.78631,484.71929542629357,489.0700240026034,484.8418982445048,486.54651836436335
2026-05-07 21:00:00,475.7132,426.383712235948,382.5891932204012,504.78631,484.71929542629357,383.6298168835273,429.28115028184607,429.9270200526298
2026-05-07 22:00:00,280.7132,280.9013801468776,270.0926423524588,284.78631,264.71929542629357,271.1332660155849,280.7757546130515,281.79052296053146
2026-05-07 23:00:00,251.8442,239.74607400393,237.94381175971571,230.28631,210.21929542629354,238.9844354228418,238.7255995909709,239.1282145989441
2026-05-08 00:00:00,244.22873,222.8176711417451,222.2232817070214,225.7132,205.64618542629356,223.2639053701475,223.0818952568329,221.55903712754994
2026-05-08 01:00:00,244.22873,240.57765107096844,244.9299538842075,251.8442,234.44882208682463,245.62075067082415,241.81735607085955,241.8983809889647
2026-05-08 02:00:00,244.22873,235.62233606566537,233.5118171081193,225.7132,208.31782208682463,234.20261389473595,231.40203754718505,229.91950988172698
2026-05-08 03:00:00,244.22873,234.3084104904988,232.2557536627591,225.7132,208.31782208682463,232.94655044937576,230.3753175065067,228.82554323175333
2026-05-08 04:00:00,244.22873,239.1263316608595,234.40063886407205,225.7132,208.31782208682463,235.0914356506887,234.2020496228075,233.04857941213308
2026-05-08 05:00:00,244.22873,244.21596257998505,246.5021142106995,251.8442,234.44882208682463,247.19291099731615,244.7892827086236,245.24068989013898
2026-05-08 06:00:00,244.22873,226.60498016943137,235.9655726593832,225.7132,208.31782208682463,236.65636944599987,226.73503843329348,226.17855756966742
2026-05-08 07:00:00,244.22873,221.93482332221265,232.5224765635868,225.7132,208.31782208682463,233.21327335020345,223.3903827070162,222.99243079372087
2026-05-08 08:00:00,244.22873,226.6869990713422,235.77658939824929,225.7132,208.31782208682463,236.46738618486594,226.63739243290075,226.05067630600342
2026-05-08 09:00:00,244.22873,222.3041543280571,231.4754568065357,221.2132,203.81782208682463,232.16625359315236,222.46880205607954,222.06512778891516
2026-05-08 10:00:00,244.22873,229.7219800003321,237.82672486097397,225.7132,208.31782208682463,238.51752164759063,228.64478236096653,227.93241846013285
2026-05-08 11:00:00,244.22873,235.6008590631528,242.88289089501492,225.7132,208.31782208682463,243.57368768163158,233.07893823425172,232.35933036268284
2026-05-08 12:00:00,244.22873,232.85357629636232,242.2176862233074,225.7132,208.31782208682463,242.90848300992405,230.98133909887176,230.14495082717008
2026-05-08 13:00:00,244.22873,233.87551079189228,242.76274055925632,225.7132,208.31782208682463,243.45353734587297,232.12809509057658,231.72618385142417
2026-05-08 14:00:00,244.22873,248.63256819066825,255.97725027329147,251.8442,234.44882208682463,256.66804705990813,249.66961019769968,251.30784286629986
2026-05-08 15:00:00,251.22873,266.16247934241835,276.3974095914242,251.8442,234.44882208682463,277.08820637804087,264.1419019756365,266.2347862988266
2026-05-08 16:00:00,307.72873,282.1584561852378,294.50922388905093,280.7132,263.3178220868246,295.2000206756676,280.5925503291042,281.1768895320963
2026-05-08 17:00:00,307.72873,296.6419241551,304.7956624451561,315.7132,298.3178220868246,305.48645923177276,299.15079797065937,301.15062604146027
2026-05-08 18:00:00,1110.41373,470.7584151502739,460.2473980453912,495.7132,478.3178220868246,460.93819483200787,468.1237824446763,472.1375983469886
2026-05-08 19:00:00,1122.29073,787.6511749062277,701.0907701691983,1118.3982,1101.0028220868248,701.7815669558149,811.464874984652,805.0211782922161
2026-05-08 20:00:00,457.72873,478.80348074718864,481.1929724316456,495.7132,478.3178220868246,481.8837692182623,474.50192396244756,476.5747857092996
2026-05-08 21:00:00,307.72873,397.0080287697988,377.0283182311449,475.7132,458.3178220868246,377.71911501776157,401.58134090747376,400.38045075104117
2026-05-08 22:00:00,252.72873,276.1829269785001,270.8483547295085,280.7132,263.3178220868246,271.5391515161252,275.01426538739423,276.33560653887156
2026-05-08 23:00:00,244.22873,257.10572443688346,254.2799198234199,251.8442,234.44882208682463,254.97071661003656,255.1915854086551,256.5584945717512
2026-05-09 00:00:00,163.73167,242.44450631073371,241.0064418795952,244.22873,226.83335208682465,241.69723866621186,241.38947613722814,240.93641478620754
2026-05-09 01:00:00,163.73167,163.81637469318355,181.18800469627377,244.22873,149.88142395640733,190.40317400014385,166.80229939916796,167.15571789253266
2026-05-09 02:00:00,163.73167,162.2032818151207,178.91547716745845,244.22873,149.88142395640733,188.13064647132853,165.52212450414402,165.90831593892818
2026-05-09 03:00:00,163.73167,162.2120382393432,177.53699195039545,244.22873,149.88142395640733,186.75216125426553,165.5687973091994,166.03217687192654
2026-05-09 04:00:00,163.73167,168.3761765437378,182.2613903196492,244.22873,149.88142395640733,191.47655962351928,170.55272535152602,171.0669950469416
2026-05-09 05:00:00,163.73167,165.3333460703413,180.6822782191732,244.22873,149.88142395640733,189.8974475230433,168.0905764906115,168.56000003845799
2026-05-09 06:00:00,163.73167,160.93991342713508,177.35049888696682,244.22873,149.88142395640733,186.5656681908369,164.7289853710704,165.31998445895573
2026-05-09 07:00:00,148.73167,162.11669068384666,177.36507493214208,244.22873,149.88142395640733,186.58024423601216,165.53044351997792,166.07562266424952
2026-05-09 08:00:00,148.73167,162.17974843314636,177.55068961471858,244.22873,149.88142395640733,186.76585891858866,165.57965911580303,166.1455874193788
2026-05-09 09:00:00,148.73167,161.53815971364577,178.55258385078247,244.22873,149.88142395640733,187.76775315465255,165.44392049736024,166.23716574137944
2026-05-09 10:00:00,148.73167,171.2175684653202,184.8928793220356,244.22873,149.88142395640733,194.1080486259057,172.70227179330487,173.24684411890686
2026-05-09 11:00:00,148.73167,171.17629134608976,186.59907849378956,244.22873,149.88142395640733,195.81424779765965,172.93280134241127,173.62463508199883
2026-05-09 12:00:00,148.73167,177.83370251377318,178.86999328776068,244.22873,149.88142395640733,188.08516259163076,177.03930228082902,177.39163166390534
2026-05-09 13:00:00,148.73167,176.91546231231754,178.2386077258204,244.22873,149.88142395640733,187.45377702969049,176.36616581044723,176.75406134130415
2026-05-09 14:00:00,163.73167,184.385052135281,186.0439897047668,244.22873,149.88142395640733,195.25915900863689,182.69232049585023,183.25935155330734
2026-05-09 15:00:00,163.73167,198.86476047197243,199.9743140685944,251.22873,156.88142395640733,209.18948337246448,196.56025695133374,197.84215863604862
2026-05-09 16:00:00,218.73167,210.7598221743687,211.89362068722065,307.72873,213.3814239564073,221.10878999109073,214.19253567000266,214.9910499139553
2026-05-09 17:00:00,308.73167,237.02860591903536,243.10162621221167,307.72873,213.3814239564073,252.31679551608175,235.85529074614686,236.70022725690293
2026-05-09 18:00:00,438.73167,706.9903183992341,539.9870123042998,1110.41373,1016.0664239564072,549.2021816081699,714.5780498243059,706.8179085498471
2026-05-09 19:00:00,458.73167,734.2717896978828,579.1504125936916,1122.29073,1027.9434239564073,588.3655818975617,739.376636142796,731.6868763574585
2026-05-09 20:00:00,308.73167,375.2608681881232,339.095082325283,457.72873,363.3814239564073,348.3102516291531,367.8424544555031,368.1698885958449
2026-05-09 21:00:00,308.73167,264.77582072652365,248.32646863343135,307.72873,213.3814239564073,257.5416379373014,256.85508830346,257.3002847425625
2026-05-09 22:00:00,246.05567,222.05416352962172,208.05336601387296,252.72873,158.38142395640733,217.26853531774304,214.14188084475182,214.6963904818271
2026-05-09 23:00:00,238.73167,212.9257000330245,195.77289881913785,244.22873,149.88142395640733,204.98806812300793,204.8960302519106,205.22356320380936
2026-05-10 00:00:00,276.57911,167.22845942170625,167.8377118314164,163.73167,69.38436395640733,177.0528811352865,151.86124411605027,153.45190785593292
2026-05-10 01:00:00,276.57911,273.31349353719025,254.4365345214541,163.73167,219.38686965543303,254.8270853707714,261.5675949258114,261.448445999677
2026-05-10 02:00:00,267.46811,272.3695121190468,254.67782474862065,163.73167,219.38686965543303,255.06837559793797,260.825027379651,260.6241365875762
2026-05-10 03:00:00,229.46811,271.74080320230246,251.56507609420655,163.73167,219.38686965543303,251.95562694352387,260.28009173813126,259.9023504189449
2026-05-10 04:00:00,267.46811,273.08470650741765,252.7724922108848,163.73167,219.38686965543303,253.1630430602021,261.3609971469698,261.3400149128388
2026-05-10 05:00:00,229.46811,270.38828374305643,251.18531225975917,163.73167,219.38686965543303,251.5758631090765,259.20557769412267,259.0413326097478
2026-05-10 06:00:00,147.46811,238.5576051597116,246.89685970258017,163.73167,219.38686965543303,247.2874105518975,236.49930954911508,236.7370469313797
2026-05-10 07:00:00,147.46811,229.23908490697872,238.49978192863716,148.73167,204.38686965543303,238.89033277795448,226.51629249335613,226.27687100143493
2026-05-10 08:00:00,147.46811,232.62347673280624,240.17016396883164,148.73167,204.38686965543303,240.56071481814897,228.8424138510366,228.2906354851939
2026-05-10 09:00:00,147.46811,231.87539506400384,238.7882594339353,148.73167,204.38686965543303,239.17881028325263,228.0583960647192,227.30798634126745
2026-05-10 10:00:00,147.46811,240.68251712807296,244.50384535874605,148.73167,204.38686965543303,244.89439620806337,234.47663256244485,233.24958040610454
2026-05-10 11:00:00,147.46811,242.94940309436552,246.6052185519319,148.73167,204.38686965543303,246.99576940124922,236.30235406219052,235.09824468387285
2026-05-10 12:00:00,147.46811,230.27224222102996,248.9276744570313,148.73167,204.38686965543303,249.3182253063486,227.62342612311036,226.45589949847965
2026-05-10 13:00:00,147.46811,229.7056975962357,247.02857766732356,148.73167,204.38686965543303,247.41912851664088,227.14883123350683,226.22175775934238
2026-05-10 14:00:00,147.46811,231.90530485158223,247.4364813930967,163.73167,219.38686965543303,247.82703224241402,231.47920013805114,231.49206332364722
2026-05-10 15:00:00,218.46811,240.60348171193343,259.037525721031,163.73167,219.38686965543303,259.4280765703483,238.753922799542,238.7550012452627
2026-05-10 16:00:00,267.46811,255.7191559738311,274.51600067294294,218.73167,274.38686965543303,274.90655152226026,260.53250388923016,260.24953616506514
2026-05-10 17:00:00,276.57911,282.3625841654283,290.9070530327638,308.73167,364.38686965543303,291.29760388208115,297.758168932111,300.0364176473517
2026-05-10 18:00:00,358.46811,374.8551784290958,350.44854683320244,438.73167,494.38686965543303,350.83909768251976,393.66754503177833,395.2271133360455
2026-05-10 19:00:00,358.46811,404.8259607264952,379.8998621496232,458.73167,514.386869655433,380.2904129989405,422.09859763159767,424.22679941197146
2026-05-10 20:00:00,358.46811,333.59701162288684,330.3439849356242,308.73167,364.38686965543303,330.7345357849415,339.0455091176941,343.0510528727457
2026-05-10 21:00:00,358.46811,311.11693530868496,308.24213706696383,308.73167,364.38686965543303,308.63268791628116,319.8262180605627,322.2250481082293
2026-05-10 22:00:00,358.46811,278.01826747886014,282.67557304298145,246.05567,301.71086965543304,283.0661238922988,282.36560852517005,282.924596339706
2026-05-10 23:00:00,353.46811,270.3891538182921,273.73279287199165,238.73167,294.38686965543303,274.12334372130897,274.90475609029187,275.2079540014083
2026-05-11 00:00:00,276.39693,270.26105663108547,267.78551272261336,276.57911,332.23430965543304,268.1760635719307,281.6068149578301,282.203603159743
2026-05-11 01:00:00,278.39693,277.2826199391548,276.9934140006968,276.57911,363.23047423472997,268.3706605793162,290.10162462104483,288.4998564456764
2026-05-11 02:00:00,276.39693,279.8506734890535,276.63931776786217,267.46811,354.11947423473,268.0165643464816,291.11718024110974,289.8452372113458
2026-05-11 03:00:00,268.39693,274.5851703985498,264.6665540390264,229.46811,316.1194742347299,256.0438006176458,280.23345050013836,278.7864525909912
2026-05-11 04:00:00,276.39693,283.2667493602327,280.1189464010361,267.46811,354.11947423473,271.4961929796555,293.8424056660862,292.5680325115499
2026-05-11 05:00:00,292.39693,291.10503543877746,277.40768937823594,229.46811,316.1194742347299,268.78493595685535,294.11771787660473,293.1613930016581
2026-05-11 06:00:00,278.39693,261.2919043877181,258.6289954041646,147.46811,234.11947423472992,250.006241982784,257.030043152928,255.76116386104854
2026-05-11 07:00:00,307.39693,267.7029978049621,262.5768599185177,147.46811,234.11947423472992,253.9541064971371,261.5123083247165,259.88850241355664
2026-05-11 08:00:00,278.39693,279.8081956542445,269.82760003227787,147.46811,234.11947423472992,261.2048466108973,270.66588832021915,268.78640994063187
2026-05-11 09:00:00,276.39693,281.2919112944965,270.49691339677554,147.46811,234.11947423472992,261.87415997539495,271.7244682841912,269.800164814054
2026-05-11 10:00:00,278.39693,289.9036568187084,275.158444669491,147.46811,234.11947423472992,266.5356912481104,278.29988362812105,276.2499465234475
2026-05-11 11:00:00,307.39693,298.5199887299926,282.3949302928779,147.46811,234.11947423472992,273.7721768714973,285.375768792941,283.45190153637907
2026-05-11 12:00:00,307.39693,259.6655756704771,281.9368532882927,147.46811,234.11947423472992,273.3140998669121,257.0231830686423,255.8407875414211
2026-05-11 13:00:00,307.39693,268.4424394628033,291.46146149376864,147.46811,234.11947423472992,282.83870807238804,264.5547483938666,263.6381583662145
2026-05-11 14:00:00,458.39693,279.53218541758224,303.7402983549505,147.46811,234.11947423472992,295.1175449335699,273.99191749384005,273.34158633543683
2026-05-11 15:00:00,468.39693,321.6039640625371,342.8565704801678,218.46811,305.1194742347299,334.2338170587872,320.4348396015566,320.72452257581665
2026-05-11 16:00:00,488.50793,346.15103083497297,367.2775899202446,267.46811,354.11947423473,358.65483649886403,348.6664669032189,349.4038409811345
2026-05-11 17:00:00,488.50793,362.3864743197714,382.0813383282364,276.57911,363.23047423472997,373.45858490685583,363.25974662631637,364.1128219694094
2026-05-11 18:00:00,699.99193,489.32978176483937,535.7204236006171,358.46811,445.11947423473,527.0976701792365,485.4228287142636,489.8324046903602
2026-05-11 19:00:00,699.99193,557.9552719610904,645.2347714854379,358.46811,445.11947423473,636.6120180640573,544.9578657510328,550.5722871088728
2026-05-11 20:00:00,488.50793,491.6496874753291,547.0847388381785,358.46811,445.11947423473,538.4619854167979,487.387849671235,491.4375367951379
2026-05-11 21:00:00,488.50793,403.3451766973146,413.56313132052185,358.46811,445.11947423473,404.94037789914125,410.8015704218494,412.9414073813083
2026-05-11 22:00:00,468.39693,351.38156869649936,337.1934254619094,358.46811,445.11947423473,328.5706720405288,364.8055669139752,365.18431196223105
2026-05-11 23:00:00,463.39693,338.96016477570083,326.16076793726324,353.46811,440.11947423473,317.53801451588265,352.90004306170033,352.50243747729036
2026-05-12 00:00:00,495.64994,307.00597717870994,299.7432479361021,276.39693,363.04829423472995,291.1204945147215,315.23254785197156,313.20086834322944
2026-05-12 01:00:00,495.64994,480.002369742928,436.20587024428346,278.39693,388.7668346021411,438.75337713733387,457.50142897655485,455.0131360985746
2026-05-12 02:00:00,495.64994,475.9186458309923,431.61943883759113,276.39693,386.7668346021411,434.16694573064154,453.43604061653537,450.13598638967824
2026-05-12 03:00:00,469.53894,466.7753135363382,422.2034836840926,268.39693,378.7668346021411,424.750990577143,444.8502310478585,441.7179812502041
2026-05-12 04:00:00,495.64994,470.3347019717128,427.59426794616377,276.39693,386.7668346021411,430.1417748392142,449.26276752775675,446.10671309536446
2026-05-12 05:00:00,495.64994,480.09702247925657,440.27159629642665,292.39693,402.7668346021411,442.81910318947706,460.5209663485947,458.0042813286615
2026-05-12 06:00:00,495.64994,457.4800834222456,448.4672864444214,278.39693,388.7668346021411,451.0147933374718,444.9720813371309,443.58982292038223
2026-05-12 07:00:00,469.53894,459.8902389454356,452.9993124674634,307.39693,417.7668346021411,455.54681936051384,452.16303159738334,450.4929761268829
2026-05-12 08:00:00,482.53894,466.50243724252783,452.33899214476673,278.39693,388.7668346021411,454.88649903781715,450.0153696577058,447.5632772870553
2026-05-12 09:00:00,469.53894,456.0950722350001,443.6357383077304,276.39693,386.7668346021411,446.1832452007808,441.2518290355919,438.0457149795438
2026-05-12 10:00:00,482.53894,455.4621646401448,443.0943897488138,278.39693,388.7668346021411,445.6418966418642,441.7160408245578,439.61289073326105
2026-05-12 11:00:00,482.53894,466.87963905621655,456.7907394637558,307.39693,417.7668346021411,459.3382463568062,456.8394441304917,455.6611122354676
2026-05-12 12:00:00,482.53894,426.967673153516,458.7030744620623,307.39693,417.7668346021411,461.25058135511273,431.78821359346637,431.47988952804536
2026-05-12 13:00:00,495.64994,432.1778336015085,464.76247569152326,307.39693,417.7668346021411,467.3099825845737,436.41686899088074,436.8675514110731
2026-05-12 14:00:00,508.45494,489.30014587279527,510.4131960205318,458.39693,568.7668346021411,512.9607029135823,506.5497107711527,505.9852373894583
2026-05-12 15:00:00,803.53894,501.4039254282689,521.8958260752809,468.39693,578.7668346021411,524.4433329683313,518.3074425725579,518.1656610504451
2026-05-12 16:00:00,824.53894,515.5263558832083,534.1638208638481,488.50793,598.8778346021411,536.7113277568985,533.9826464110789,535.223000380814
2026-05-12 17:00:00,824.53894,534.1282305390898,557.0841269254848,488.50793,598.8778346021411,559.6316338185352,548.7484056181597,549.6875345033825
2026-05-12 18:00:00,834.53894,694.6491982315591,697.8260332017691,699.99193,810.3618346021411,700.3735400948194,711.702569780972,715.2530292135737
2026-05-12 19:00:00,834.53894,735.4498282871039,742.6674268219851,699.99193,810.3618346021411,745.2149337150356,747.9857343074818,755.5880847610445
2026-05-12 20:00:00,829.53894,586.7071631958014,612.4210104619935,488.50793,598.8778346021411,614.968517355044,595.0957805201039,600.9091602820758
2026-05-12 21:00:00,824.53894,536.6584378137837,548.344603130709,488.50793,598.8778346021411,550.8921100237594,551.5966040175197,554.9643895453662
2026-05-12 22:00:00,824.53894,501.3734082919766,516.1907321337181,468.39693,578.7668346021411,518.7382390267685,518.077321010228,518.8196143691221
2026-05-12 23:00:00,503.53894,496.69435525273866,510.05898760677,463.39693,573.7668346021411,512.6064944998204,513.6278436033199,514.1939334534326
2026-05-13 00:00:00,660.78986,503.81679579723664,499.3984460369918,495.64994,606.0198446021411,501.9459529300422,516.6968140260615,513.9925600822924
2026-05-13 01:00:00,654.55886,655.2204939142703,615.5250912940081,495.64994,565.9372044158299,624.4668969935726,634.7773398253431,639.0083064015678
2026-05-13 02:00:00,654.55886,651.3940593984826,606.4920482594682,495.64994,565.9372044158299,615.4338539590327,630.4636898866704,634.1769491901468
2026-05-13 03:00:00,654.55886,644.3856161332002,590.5337567148875,469.53894,539.8262044158299,599.475562414452,617.6781558835892,622.7419625032201
2026-05-13 04:00:00,703.44786,646.264090245327,593.3728549150359,495.64994,565.9372044158299,602.3146606146004,624.4597567599567,627.3550131920186
2026-05-13 05:00:00,770.97986,654.6641289454219,600.7617674500494,495.64994,565.9372044158299,609.7035731496139,631.9412566547326,634.1866509708948
2026-05-13 06:00:00,703.44786,598.9033372027435,612.4084710657501,495.64994,565.9372044158299,621.3502767653146,601.1480860101897,602.5850284172107
2026-05-13 07:00:00,654.55886,579.4436938182406,593.9959722434687,469.53894,539.8262044158299,602.9377779430332,581.2834893000575,582.7821867609191
2026-05-13 08:00:00,654.55886,597.1078209208964,608.8311864661139,482.53894,552.8262044158299,617.7729921656784,596.2070350490468,599.0359255363554
2026-05-13 09:00:00,489.44786,599.1384672711084,608.3540602240244,469.53894,539.8262044158299,617.2958659235888,596.5521624583823,598.7149245143754
2026-05-13 10:00:00,654.55886,597.3293909538083,609.2062472102632,482.53894,552.8262044158299,618.1480529098277,596.8769215091484,599.041571768497
2026-05-13 11:00:00,654.55886,611.3924889860339,621.5342613189033,482.53894,552.8262044158299,630.4760670184678,608.3507399110098,610.4702242622844
2026-05-13 12:00:00,654.55886,614.5312504133926,627.6442364998645,482.53894,552.8262044158299,636.586042199429,611.6855941331246,613.945455117462
2026-05-13 13:00:00,703.44786,631.8865716507502,646.0984441705083,495.64994,565.9372044158299,655.0402498700728,630.6336600016867,630.320848803201
2026-05-13 14:00:00,703.44786,645.787871546889,663.4697903761501,508.45494,578.74220441583,672.4115960757146,645.3341973932394,644.6407284896977
2026-05-13 15:00:00,770.97986,722.6708544273331,726.1645018266452,803.53894,873.8262044158299,735.1063075262097,743.5752694197204,741.1821373419186
2026-05-13 16:00:00,823.44786,738.4455103516198,742.1654843018924,824.53894,894.8262044158299,751.1072900014569,762.9205609400959,757.0200348002361
2026-05-13 17:00:00,833.44786,762.4700603065714,772.8858968901748,824.53894,894.8262044158299,781.8277025897393,784.447593823342,779.2489555890934
2026-05-13 18:00:00,1083.44786,847.9217170176317,846.1270745189778,834.53894,904.8262044158299,855.0688802185423,854.689984394295,850.5653796127501
2026-05-13 19:00:00,1093.44786,858.9811659614712,855.1025215931822,834.53894,904.8262044158299,864.0443272927467,864.5094969931154,858.9817751299213
2026-05-13 20:00:00,903.44786,819.4723990895316,799.7190791833895,829.53894,899.8262044158299,808.660884882954,826.87663485708,820.9393172995585
2026-05-13 21:00:00,833.44786,778.2837377642675,747.4176235326617,824.53894,894.8262044158299,756.3594292322261,789.207485628499,783.2910538416154
2026-05-13 22:00:00,823.44786,750.8674514160948,721.1619496934643,824.53894,894.8262044158299,730.1037553930288,762.8483626979529,761.0415795039139
2026-05-13 23:00:00,703.44786,613.0723790410061,617.512249190848,503.53894,573.8262044158299,626.4540548904125,614.4900258475575,613.4023907804408
2026-05-14 00:00:00,822.47869,653.027269203825,631.5739202506373,660.78986,731.0771244158299,640.5157259502018,661.7043266020825,659.4622752761235
2026-05-14 01:00:00,822.47869,818.3186185200019,774.2447666361627,654.55886,689.3329580175775,784.9140485425339,791.2291143812364,795.7483170977623
2026-05-14 02:00:00,801.47869,804.4650240867435,751.7164480052484,654.55886,689.3329580175775,762.3857299116196,777.2067706572645,781.309100931258
2026-05-14 03:00:00,771.75269,789.1436056083357,729.0866472245897,654.55886,689.3329580175775,739.7559291309609,763.1287513878661,766.0108042960876
2026-05-14 04:00:00,801.47869,786.0779637108706,733.2202263203231,703.44786,738.2219580175775,743.8895082266944,767.5712064871504,770.6162713279546
2026-05-14 05:00:00,822.47869,787.9728415715617,745.8126939920048,770.97986,805.7539580175776,756.481975898376,782.0183680106852,782.4089993489075
2026-05-14 06:00:00,822.47869,703.2076745629826,736.9740142349117,703.44786,738.2219580175775,747.6432961412829,719.6242742890523,720.1513933067165
2026-05-14 07:00:00,704.47869,679.0419763480505,712.641494531561,654.55886,689.3329580175775,723.3107764379322,695.6227292667405,693.241152081715
2026-05-14 08:00:00,704.47869,679.9887730602513,713.1735578629601,654.55886,689.3329580175775,723.8428397693314,696.23899392949,693.8969100656033
2026-05-14 09:00:00,704.47869,662.3766763038652,679.7965501142312,489.44786,524.2219580175775,690.4658320206024,654.494954650359,655.5959384374552
2026-05-14 10:00:00,704.47869,681.2488552158898,714.0554124597214,654.55886,689.3329580175775,724.7246943660926,697.3819297464993,694.6900496878146
2026-05-14 11:00:00,801.47869,691.5166420384955,721.6466705651361,654.55886,689.3329580175775,732.3159524715073,705.0461482708452,702.9846537384115
2026-05-14 12:00:00,771.75269,735.941063233248,734.9760558552223,654.55886,689.3329580175775,745.6453377615935,734.401821740625,733.7285816093298
2026-05-14 13:00:00,822.47869,758.0562505877784,759.2008918726985,703.44786,738.2219580175775,769.8701737790698,758.4900757669745,758.9237606582786
2026-05-14 14:00:00,832.47869,766.8783887364355,769.5552832180985,703.44786,738.2219580175775,780.2245651244697,766.9779878605747,766.718427445164
2026-05-14 15:00:00,832.47869,783.8660674241331,780.8684452952846,770.97986,805.7539580175776,791.5377272016558,789.3331699844803,787.4080049437518
2026-05-14 16:00:00,913.23569,811.617405309431,813.124879072518,823.44786,858.2219580175775,823.7941609788892,821.1930106711109,818.6083706717321
2026-05-14 17:00:00,913.23569,834.4138039391603,840.646702806056,833.44786,868.2219580175775,851.3159847124273,844.5191289854507,840.4148727813002
2026-05-14 18:00:00,1082.47869,966.4822897613273,926.1998131845404,1083.44786,1118.2219580175774,936.8690950909116,970.4524975015422,971.5177988936598
2026-05-14 19:00:00,1094.47869,969.607899218574,928.6878662657142,1093.44786,1128.2219580175774,939.3571481720854,974.3092859397601,975.4336925062339
2026-05-14 20:00:00,1082.47869,892.9109398616939,869.5272858344833,903.44786,938.2219580175775,880.1965677408546,895.0489979606996,892.3479678015457
2026-05-14 21:00:00,913.23569,848.822829183251,824.0428884662092,833.44786,868.2219580175775,834.7121703725804,850.051825312919,846.1403113529551
2026-05-14 22:00:00,832.47869,823.6204909375818,794.0983722454056,823.44786,858.2219580175775,804.7676541517768,823.8950812083775,822.2516579451484
2026-05-14 23:00:00,832.47869,766.1897077620235,749.05418929606,703.44786,738.2219580175775,759.7234712024313,761.9733959254046,762.0109219968092
2026-05-15 00:00:00,792.65294,794.5440354401737,777.8959013098122,822.47869,857.2527880175776,788.5651832161834,803.6811874119585,803.4597766146543
2026-05-15 01:00:00,792.65294,792.6488898026246,798.1026369754073,822.47869,786.587086188346,796.5173731998356,789.8548227477862,786.9475221360939
2026-05-15 02:00:00,774.53594,786.9236472763773,784.2214751561963,801.47869,765.587086188346,782.6362113806246,780.6477759076981,777.1067470358538
2026-05-15 03:00:00,774.53594,783.2124393482447,772.1111075754743,771.75269,735.861086188346,770.5258437999025,772.04969024953,769.3138194408832
2026-05-15 04:00:00,792.65294,782.2092888745985,776.5668164609503,801.47869,765.587086188346,774.9815526853786,777.5773928985664,775.0018066897936
2026-05-15 05:00:00,792.65294,783.4485992248578,781.3391786782986,822.47869,786.587086188346,779.7539149027268,783.7737563916014,782.7052782698886
2026-05-15 06:00:00,792.65294,728.0085245708108,775.099749253811,822.47869,786.587086188346,773.5144854782392,747.6368223981756,747.5916809685934
2026-05-15 07:00:00,666.05494,700.8369920225838,739.198257731513,704.47869,668.587086188346,737.6129939559412,703.5580592080513,702.499367129579
2026-05-15 08:00:00,644.65294,691.2203130028032,732.8215833986064,704.47869,668.587086188346,731.2363196230347,696.893622899253,696.3297336933907
2026-05-15 09:00:00,642.65294,692.5916106064531,734.520008290853,704.47869,668.587086188346,732.9347445152812,698.1121334307439,697.8420656633324
2026-05-15 10:00:00,666.05494,693.4417174051937,736.1354241648764,704.47869,668.587086188346,734.5501603893047,698.9943473748085,698.955280456419
2026-05-15 11:00:00,698.50794,711.3037819567144,762.1763583691405,801.47869,765.587086188346,760.5910945935688,731.185729516302,731.2652572575055
2026-05-15 12:00:00,792.65294,755.9043026876454,764.8998590952892,771.75269,735.861086188346,763.3145953197175,754.8027279077924,754.7270164353448
2026-05-15 13:00:00,792.65294,779.5702094124322,785.4355163125722,822.47869,786.587086188346,783.8502525370004,782.9026713352009,784.451495202111
2026-05-15 14:00:00,792.65294,793.4593340016157,799.9450296360974,832.47869,796.587086188346,798.3597658605256,795.6703131930681,797.1196529664057
2026-05-15 15:00:00,792.65294,798.7437872919179,805.3277905174193,832.47869,796.587086188346,803.7425267418475,800.3498840707755,802.2453838610443
2026-05-15 16:00:00,801.65294,842.3945183943124,846.4730540056503,913.23569,877.344086188346,844.8877902300785,849.4100988326301,853.0296909313497
2026-05-15 17:00:00,822.65294,867.2362179716313,876.9717412898945,913.23569,877.344086188346,875.3864775143227,869.433080264168,872.9112119239306
2026-05-15 18:00:00,902.65294,988.5552988676336,941.157755829666,1082.47869,1046.587086188346,939.5724920540943,984.1645326747631,983.8098965467714
2026-05-15 19:00:00,1082.65294,992.7310682054798,940.257954914731,1094.47869,1058.587086188346,938.6726911391593,989.5865679278966,989.2352594316674
2026-05-15 20:00:00,902.65294,974.7244517806448,918.477220928679,1082.47869,1046.587086188346,916.8919571531072,973.0982022421688,972.4921763621301
2026-05-15 21:00:00,902.65294,893.3691182014118,857.6072266043681,913.23569,877.344086188346,856.0219628287963,884.8050716929554,888.37369456166
2026-05-15 22:00:00,822.65294,844.1246960372754,825.455034752655,832.47869,796.587086188346,823.8697709770832,832.7128177437279,833.9227841765019
2026-05-15 23:00:00,792.65294,834.0736134764827,812.4630274303827,832.47869,796.587086188346,810.8777636548109,824.1755332958073,824.8197887571137
2026-05-16 00:00:00,691.8236,805.3508981005588,787.3658417614987,792.65294,756.7613361883459,785.7805779859269,796.4224847739431,798.7879361955112
2026-05-16 01:00:00,693.1876,690.4113605251644,707.7662082193106,792.65294,729.6906714448187,710.3053925788258,701.0628718559459,702.8448378912286
2026-05-16 02:00:00,798.6876,696.751217610891,701.1563603497666,774.53594,711.5736714448187,703.6955447092819,701.4080773846433,702.4441896563329
2026-05-16 03:00:00,691.8236,698.1849972531325,702.2993601527336,774.53594,711.5736714448187,704.8385445122489,702.5295259955848,703.5617111525713
2026-05-16 04:00:00,798.6876,690.516126548109,699.449844344222,792.65294,729.6906714448187,701.9890287037373,698.7618286763604,700.3197848507218
2026-05-16 05:00:00,798.6876,688.571009941766,691.9479785288486,792.65294,729.6906714448187,694.4871628883639,696.0107365774054,696.9020970071878
2026-05-16 06:00:00,691.8236,639.9649540625472,682.6378299069296,792.65294,729.6906714448187,685.1770142664449,664.6513791873258,664.7647234914659
2026-05-16 07:00:00,442.8236,619.5687102004905,649.4716951507295,666.05494,603.0926714448187,652.0108795102448,629.7480534651987,629.6013939979812
2026-05-16 08:00:00,442.8236,601.4465378815983,632.6432335168367,644.65294,581.6906714448187,635.182417876352,611.4455335608782,611.5350695313202
2026-05-16 09:00:00,442.8236,605.8607078156209,635.5475336633895,642.65294,579.6906714448187,638.0867180229047,614.4398423207207,614.7114627078688
2026-05-16 10:00:00,509.8466,614.3958019629117,646.2766327810276,666.05494,603.0926714448187,648.8158171405429,624.9140892855805,624.9352222316866
2026-05-16 11:00:00,442.8236,617.7349406477526,653.8601901458853,698.50794,635.5456714448187,656.3993745054006,631.3061447112908,632.2147177156272
2026-05-16 12:00:00,442.8236,687.8263013724813,678.5867801294884,792.65294,729.6906714448187,681.1259644890036,690.7348516236099,691.9998704206483
2026-05-16 13:00:00,442.8236,704.0251379947523,695.4676472044267,792.65294,729.6906714448187,698.006831563942,704.9555353743897,705.5364356557802
2026-05-16 14:00:00,691.8236,719.4672599439555,710.4251187367579,792.65294,729.6906714448187,712.9643030962732,717.947694344237,718.0751243526356
2026-05-16 15:00:00,798.6876,738.62611696367,729.4116648769772,792.65294,729.6906714448187,731.9508492364924,734.3230111746566,733.8234892860959
2026-05-16 16:00:00,798.6876,756.6147398036912,748.8957184438177,801.65294,738.6906714448187,751.434902803333,750.8650691137022,750.3658795391327
2026-05-16 17:00:00,802.8236,779.0451621369369,772.7795929366076,822.65294,759.6906714448187,775.3187772961229,777.7729901731436,772.1285780274629
2026-05-16 18:00:00,832.8236,860.7713755641203,818.6387011466214,902.65294,839.6906714448187,821.1778855061367,847.0688659628325,842.3305499111266
2026-05-16 19:00:00,822.8236,935.5650422631496,874.980811683867,1082.65294,1019.6906714448187,877.5199960433823,923.5897160042534,922.3157783061545
2026-05-16 20:00:00,822.8236,868.5704328888677,826.2728229141132,902.65294,839.6906714448187,828.8120072736285,853.5163793465979,848.6483475100445
2026-05-16 21:00:00,802.8236,856.0957171155576,820.7517369248615,902.65294,839.6906714448187,823.2909212843767,843.9157113987318,841.0200382982623
2026-05-16 22:00:00,798.6876,812.7930562893863,789.858595159151,822.65294,759.6906714448187,792.3977795186663,798.2951686640822,798.1047548375255
2026-05-16 23:00:00,798.6876,784.1331688358978,762.9535098385204,792.65294,729.6906714448187,765.4926941980357,770.0138020088152,771.0254820960386
2026-05-17 00:00:00,759.4927,752.2318990531982,726.151783292391,691.8236,628.8613314448188,728.6909676519062,732.1205286327514,731.6085223554602
2026-05-17 01:00:00,759.4927,755.3113794855483,736.832674829422,693.1876,660.8200113757819,739.3681167219726,739.508854983991,739.7964940493854
2026-05-17 02:00:00,759.4927,745.3905104830637,745.5922456236997,798.6876,766.3200113757819,748.1276875162503,748.058015442421,748.3320854808558
2026-05-17 03:00:00,759.4927,745.754940274424,724.6993531702149,691.8236,659.4560113757819,727.2347950627654,727.4986240249445,726.7137192226018
2026-05-17 04:00:00,759.4927,710.7646063357898,711.8328403540493,798.6876,766.3200113757819,714.3682822465998,718.3198336820003,718.4360241071519
2026-05-17 05:00:00,759.4927,645.5934436473804,651.5222889924563,798.6876,766.3200113757819,654.0577308850069,661.0407759494408,659.9643302793376
2026-05-17 06:00:00,759.4927,534.072214193381,574.8951240570219,691.8236,659.4560113757819,577.4305659495725,560.9026523063143,559.871254099334
2026-05-17 07:00:00,413.8287,470.82291752942535,489.78482614065774,442.8236,410.4560113757819,492.3202680332083,470.7957187952248,469.28199381795935
2026-05-17 08:00:00,408.8287,445.27354367333766,466.7915766996292,442.8236,410.4560113757819,469.3270185921798,449.46000154665757,447.8227390117728
2026-05-17 09:00:00,408.8287,435.8534945359938,457.50134595428494,442.8236,410.4560113757819,460.0367878468355,441.791937675187,440.0877274728813
2026-05-17 10:00:00,408.8287,449.2922431034888,476.1350206392416,509.8466,477.4790113757819,478.67046253179217,463.73711093723733,462.27186082661285
2026-05-17 11:00:00,408.8287,445.074464779479,465.68301940501874,442.8236,410.4560113757819,468.2184612975693,449.59880912605524,448.02750978281887
2026-05-17 12:00:00,413.8287,484.9462290996681,482.7816851296625,442.8236,410.4560113757819,485.31712702221307,477.4957155948517,475.4466070324332
2026-05-17 13:00:00,652.8287,509.2243311798911,514.0833049168351,442.8236,410.4560113757819,516.6187468093857,500.4722193294122,498.7616987213722
2026-05-17 14:00:00,759.4927,605.1975217419467,595.256648287139,691.8236,659.4560113757819,597.7920901796896,608.6340726245735,606.7979738123977
2026-05-17 15:00:00,759.4927,674.441499996368,669.2920930257076,798.6876,766.3200113757819,671.8275349182582,683.955186485715,682.9404112761622
2026-05-17 16:00:00,803.8287,700.1738242153647,698.0355102666771,798.6876,766.3200113757819,700.5709521592277,708.3817487990625,708.3199981685862
2026-05-17 17:00:00,824.3287,733.4190137367101,730.0738968593305,802.8236,770.4560113757819,732.6093387518811,735.2607241329836,735.1276999704178
2026-05-17 18:00:00,824.3287,793.0730632283038,768.3819327609752,832.8236,800.4560113757819,770.9173746535258,788.7894886370472,790.1849796132387
2026-05-17 19:00:00,824.3287,804.497296917922,781.7782635356223,822.8236,790.4560113757819,784.3137054281729,797.6583849219269,799.3902430799924
2026-05-17 20:00:00,824.3287,805.101697653135,781.9183744639265,822.8236,790.4560113757819,784.4538163564771,798.1069396470497,799.8437802465074
2026-05-17 21:00:00,824.3287,793.5992770084083,778.5217455251138,802.8236,770.4560113757819,781.0571874176644,786.4981383535785,787.6656246352113
2026-05-17 22:00:00,824.3287,782.3870095567011,759.7925513034,798.6876,766.3200113757819,762.3279931959506,773.507274612726,774.4357921477708
2026-05-17 23:00:00,823.8287,774.1676389826778,751.1091363130915,798.6876,766.3200113757819,753.6445782056421,765.6774073206346,766.2162162567533
2026-05-18 00:00:00,821.81402,749.6162116603592,719.9023093443755,759.4927,727.1251113757819,722.437751236926,737.8987380897322,738.3347428622732
2026-05-18 01:00:00,821.81402,820.93627555846,803.9168608069958,759.4927,825.290379305242,810.511868014964,811.2661878534753,808.6477120610871
2026-05-18 02:00:00,706.22402,818.2778272095537,798.2173234816707,759.4927,825.290379305242,804.8123306896389,808.1103592470623,805.5119580414926
2026-05-18 03:00:00,583.14002,820.4271612911265,800.6047253974845,759.4927,825.290379305242,807.1997326054526,810.1493283173781,807.5893778213273
2026-05-18 04:00:00,821.81402,794.6156722929276,780.8295793847319,759.4927,825.290379305242,787.4245865927,790.2929239666195,787.8024242900143
2026-05-18 05:00:00,821.81402,759.6765442267894,753.1141932809094,759.4927,825.290379305242,759.7092004888775,764.3988936904741,762.4956563777833
2026-05-18 06:00:00,821.81402,689.7399993746608,719.5822219716963,759.4927,825.290379305242,726.1772291796644,716.6054684802762,715.4731140272718
2026-05-18 07:00:00,553.14002,621.354844146261,618.4254687241851,413.8287,479.62637930524204,625.0204759321532,608.5445609477409,607.0278292167777
2026-05-18 08:00:00,553.14002,601.8992295309714,599.661173003101,408.8287,474.62637930524204,606.2561802110691,588.8686376834269,586.2900879142363
2026-05-18 09:00:00,553.14002,595.6764979007478,595.0346591687698,408.8287,474.62637930524204,601.629666376738,583.7938326801814,581.366762337
2026-05-18 10:00:00,553.14002,609.8674040487363,607.1351031224316,408.8287,474.62637930524204,613.7301103303997,595.6558299799508,593.2512800128859
2026-05-18 11:00:00,553.14002,615.0746988299043,612.808991603871,408.8287,474.62637930524204,619.4039988118392,601.3595365735125,599.5754656389508
2026-05-18 12:00:00,583.14002,599.2896955298849,636.2059796348998,413.8287,479.62637930524204,642.8009868428679,599.4495924408436,598.6707935526797
2026-05-18 13:00:00,583.14002,689.079310770611,705.8756621436162,652.8287,718.626379305242,712.4706693515843,703.6762449080396,704.3815113335716
2026-05-18 14:00:00,821.81402,747.2451369870136,757.257450618313,759.4927,825.290379305242,763.8524578262811,766.1234538808374,767.722572066798
2026-05-18 15:00:00,821.81402,773.2197789766279,782.3925699879168,759.4927,825.290379305242,788.9875771958849,787.2229583497101,788.9726020461743
2026-05-18 16:00:00,822.14002,808.6194746615572,813.1345843431549,803.8287,869.626379305242,819.729591551123,819.409365521847,820.6943213176748
2026-05-18 17:00:00,833.14002,841.3631741163297,840.4555966102778,824.3287,890.126379305242,847.0506038182459,848.5973624235917,850.4861473038245
2026-05-18 18:00:00,903.14002,876.7115801602781,847.5306418929234,824.3287,890.126379305242,854.1256491008916,870.8864720381625,872.5294443620236
2026-05-18 19:00:00,903.14002,871.261869371746,841.411587836447,824.3287,890.126379305242,848.0065950444151,866.6425569851862,868.2551893850962
2026-05-18 20:00:00,903.14002,862.7795367170713,837.1914972641571,824.3287,890.126379305242,843.7865044721252,862.0259603755308,863.5875985763423
2026-05-18 21:00:00,903.14002,857.051838868199,832.2799267599387,824.3287,890.126379305242,838.8749339679068,858.1523606030213,859.6761806295561
2026-05-18 22:00:00,833.14002,841.6955256785769,808.7712314938476,824.3287,890.126379305242,815.3662387018157,842.2815618729343,843.4664579397523
2026-05-18 23:00:00,823.14002,837.6721578102448,808.8884269073953,823.8287,889.626379305242,815.4834341153635,840.4662990245197,841.5224658256146
2026-05-19 00:00:00,829.28103,812.7951892675294,807.3247948958405,821.81402,887.611699305242,813.9198021038086,829.5950603032461,831.5147469379409
2026-05-19 01:00:00,829.28103,830.7283930522494,827.6877010857237,821.81402,896.6782268977532,827.5521141710982,845.0938920701302,845.6556579544401
2026-05-19 02:00:00,829.28103,825.2171999172951,790.8060805194373,706.22402,781.0882268977532,790.6704936048118,813.9948256696363,812.070529737496
2026-05-19 03:00:00,822.42803,827.6233028525912,764.4986294185227,583.14002,658.0042268977533,764.3630425038972,788.714042342259,786.4047861717276
2026-05-19 04:00:00,829.28103,829.2980834619236,819.1919953800139,821.81402,896.6782268977532,819.0564084653884,843.4408328735158,844.474420735607
2026-05-19 05:00:00,829.28103,828.3911851531236,818.9063004771514,821.81402,896.6782268977532,818.7707135625259,842.5341798980185,843.6735517870728
2026-05-19 06:00:00,829.28103,782.4754762976614,817.4441059432529,821.81402,896.6782268977532,817.3085190286274,811.8571845487565,813.0003104053735
2026-05-19 07:00:00,822.42803,740.4452697368656,745.1971823563479,553.14002,628.0042268977533,745.0615954417224,721.9449413404342,718.6677980140677
2026-05-19 08:00:00,822.42803,745.1500627235589,746.5978977837588,553.14002,628.0042268977533,746.4623108691333,724.2549774692918,720.4483201256145
2026-05-19 09:00:00,707.42803,734.6188062090085,738.4381407122758,553.14002,628.0042268977533,738.3025537976503,716.3068973441625,712.6837488890084
2026-05-19 10:00:00,822.42803,733.9705036385153,737.485965131322,553.14002,628.0042268977533,737.3503782166965,715.3920301451179,711.6851297793055
2026-05-19 11:00:00,822.42803,735.4829998913923,740.0245333385399,553.14002,628.0042268977533,739.8889464239144,716.7212366932599,713.2096635372078
2026-05-19 12:00:00,822.42803,722.4831286875964,757.5451153270601,583.14002,658.0042268977533,757.4095284124346,717.5806931076942,716.1357796628356
2026-05-19 13:00:00,822.42803,733.7417671591921,769.1619565649121,583.14002,658.0042268977533,769.0263696502866,727.4824947307554,727.4295592091156
2026-05-19 14:00:00,829.28103,823.1939344066864,839.9777535114088,821.81402,896.6782268977532,839.8421665967833,840.1506122189205,843.5363048344118
2026-05-19 15:00:00,832.42803,833.7772407075636,851.3834106749854,821.81402,896.6782268977532,851.2478237603599,848.8342449198678,852.5800582987854
2026-05-19 16:00:00,891.42803,846.0350618110964,866.8531296471516,822.14002,897.0042268977533,866.7175427325261,858.5539750461737,862.2986989348848
2026-05-19 17:00:00,905.42803,867.8489498475885,889.6718635401987,833.14002,908.0042268977533,889.5362766255732,878.1388909869956,882.1658898370944
2026-05-19 18:00:00,905.42803,935.966563839818,924.1141731683464,903.14002,978.0042268977533,923.9785862537209,938.6874404160719,941.5910367903291
2026-05-19 19:00:00,907.42803,934.1087310352528,928.552900005846,903.14002,978.0042268977533,928.4173130912205,936.4927310050022,937.945366043986
2026-05-19 20:00:00,907.42803,920.039474486127,911.676614636363,903.14002,978.0042268977533,911.5410277217375,924.1570843141982,924.4587332308398
2026-05-19 21:00:00,905.42803,907.363633617466,889.7876254473867,903.14002,978.0042268977533,889.6520385327613,913.6183773747779,914.2217912272941
2026-05-19 22:00:00,905.42803,865.7015604847024,854.5930426485554,833.14002,908.0042268977533,854.4574557339299,869.8976811757946,870.8828367243708
2026-05-19 23:00:00,852.42803,853.5530085349061,845.3867143365957,823.14002,898.0042268977533,845.2511274219702,857.917048491807,857.5645276514922
2026-05-20 00:00:00,832.39948,845.1561179938955,830.64170984193,829.28103,904.1452368977532,830.5061229273045,842.7987106303881,840.9558744367729
2026-05-20 01:00:00,822.39948,834.4880134590226,829.9723954545437,829.28103,846.2820647875784,820.9404540119186,826.6844948470125,824.2162039630434
2026-05-20 02:00:00,822.39948,838.3070637131365,833.3782309518609,829.28103,846.2820647875784,824.3462895092358,829.3005870737178,826.5819261325357
2026-05-20 03:00:00,822.39948,839.3393071698922,832.7035113434515,822.42803,839.4290647875785,823.6715699008264,829.1188573738226,826.4258553015875
2026-05-20 04:00:00,822.39948,842.8843452909704,839.2388885914038,829.28103,846.2820647875784,830.2069471487787,833.1777289812582,830.2096043652825
2026-05-20 05:00:00,832.39948,843.7722355871878,838.6906143053644,829.28103,846.2820647875784,829.6586728627393,833.8548589988769,831.0118550047282
2026-05-20 06:00:00,822.39948,815.5334280538249,841.4558303192074,829.28103,846.2820647875784,832.4238888765823,818.8388391223607,816.6038629245309
2026-05-20 07:00:00,752.39948,815.0667556718112,840.0620759597974,822.42803,839.4290647875785,831.0301345171723,818.5278835959658,816.6152494822707
2026-05-20 08:00:00,752.39948,822.4962446516626,846.1632882896411,822.42803,839.4290647875785,837.131346847016,827.1886706913206,826.0486971163149
2026-05-20 09:00:00,752.39948,806.8041172889771,818.9997709665,707.42803,724.4290647875785,809.9678295238749,793.9700384404204,791.6769913528215
2026-05-20 10:00:00,752.39948,814.2870981385549,839.3968628187663,822.42803,839.4290647875785,830.3649213761412,822.0933988581678,821.5662044943195
2026-05-20 11:00:00,822.39948,817.2499003626239,842.3403633631215,822.42803,839.4290647875785,833.3084219204964,825.6448180213529,825.5196118397731
2026-05-20 12:00:00,820.04448,826.8975676477668,851.7035852779786,822.42803,839.4290647875785,842.6716438353535,834.9045025202863,835.2643135954818
2026-05-20 13:00:00,822.39948,841.5059682567878,870.720358861635,822.42803,839.4290647875785,861.6884174190099,849.6627950984213,850.5176592670093
2026-05-20 14:00:00,832.39948,852.2255531873899,879.6338593580152,829.28103,846.2820647875784,870.6019179153901,860.272004319023,861.6903489335475
2026-05-20 15:00:00,881.39948,859.6658872681699,885.759062900719,832.42803,849.4290647875785,876.7271214580938,866.5004173606608,867.9542103768727
2026-05-20 16:00:00,905.89948,885.8144960329283,909.0680235652476,891.42803,908.4290647875785,900.0360821226225,895.8137023475427,897.4264867227744
2026-05-20 17:00:00,905.89948,905.5517614925984,933.1940118456546,905.42803,922.4290647875785,924.1620704030295,915.0940978143096,916.5185851311367
2026-05-20 18:00:00,951.39948,944.6113983677416,936.6363545233446,905.42803,922.4290647875785,927.6044130807195,939.7490990440151,941.0192481922603
2026-05-20 19:00:00,952.39948,945.4616526247744,939.2694729831204,907.42803,924.4290647875785,930.2375315404953,941.6504299230178,942.877076462832
2026-05-20 20:00:00,907.39948,934.649100050258,924.1607809639224,907.42803,924.4290647875785,915.1288395212973,931.7330632567546,932.827488683515
2026-05-20 21:00:00,905.89948,924.6652115347556,912.220962293692,905.42803,922.4290647875785,903.1890208510669,922.7653649265836,923.6829157506091
2026-05-20 22:00:00,905.89948,917.0988926570668,902.6912067991404,905.42803,922.4290647875785,893.6592653565153,916.1078564001128,916.8775401853771
2026-05-20 23:00:00,881.39948,889.0346337018984,884.8688443506245,852.42803,869.4290647875785,875.8369029079994,886.8862094234718,887.17420335156
2026-05-21 00:00:00,633.75144,875.9763726920834,877.8252434381343,832.39948,849.4005147875785,868.7933019955092,873.8472864634075,874.1039992267603
2026-05-21 01:00:00,633.75144,638.4972097981316,674.2529357314745,822.39948,727.9077425131848,670.6392850411258,661.7827724241929,661.088240812964
2026-05-21 02:00:00,633.75144,658.222243493617,685.3830929669382,822.39948,727.9077425131848,681.7694422765895,675.0589579051759,674.0881615594553
2026-05-21 03:00:00,633.75144,662.9881836517419,687.4930103666637,822.39948,727.9077425131848,683.8793596763151,677.9078606058379,676.8162831124189
2026-05-21 04:00:00,633.75144,660.347740826569,687.4861244937607,822.39948,727.9077425131848,683.872473803412,676.6363886428779,675.6083447850726
2026-05-21 05:00:00,653.75144,668.1069811111391,701.1534646732499,832.39948,737.9077425131848,697.5398139829013,686.3819206386329,685.4415114609282
2026-05-21 06:00:00,653.75144,649.4199419369066,691.7459251179769,822.39948,727.9077425131848,688.1322744276282,671.3327728510242,670.6220789845012
2026-05-21 07:00:00,653.75144,639.7938291014719,675.2072311160061,752.39948,657.9077425131848,671.5935804256575,653.1834369491428,652.562021115345
2026-05-21 08:00:00,653.75144,632.1208447025895,669.8020766065033,752.39948,657.9077425131848,666.1884259161546,646.6898810693092,646.2448465918089
2026-05-21 09:00:00,653.75144,633.9162695857962,671.8646488644973,752.39948,657.9077425131848,668.2509981741487,648.7772307901025,648.6489467462375
2026-05-21 10:00:00,653.75144,653.1666162423844,688.4639696040218,752.39948,657.9077425131848,684.8503189136732,664.9410685797498,664.9165093643109
2026-05-21 11:00:00,653.75144,661.5137754533005,704.1590901240752,822.39948,727.9077425131848,700.5454394337265,682.6628593601519,682.9118860116056
2026-05-21 12:00:00,633.75144,720.0934413410358,715.3639608092911,820.04448,725.5527425131847,711.7503101189425,719.9544821335079,719.8810719321887
2026-05-21 13:00:00,653.75144,745.9073436284363,746.4446510503997,822.39948,727.9077425131848,742.831000360051,744.0685075613184,744.4178589201234
2026-05-21 14:00:00,802.75144,771.973687728736,772.5887317247189,832.39948,737.9077425131848,768.9750810343702,766.374686491221,766.658487603126
2026-05-21 15:00:00,823.75144,802.2417451224077,801.2784426835203,881.39948,786.9077425131848,797.6647919931717,798.4836534061624,799.1799166502593
2026-05-21 16:00:00,823.75144,826.2597593922097,825.6109130056657,905.89948,811.4077425131848,821.997262315317,820.5971946806652,820.9222893327765
2026-05-21 17:00:00,823.75144,837.8279959028159,838.1920603448457,905.89948,811.4077425131848,834.578409654497,830.4555971207321,830.8134760765519
2026-05-21 18:00:00,902.75144,907.3389760544468,867.1881215207112,951.39948,856.9077425131848,863.5744708303625,883.6272699520257,882.9951634768381
2026-05-21 19:00:00,902.75144,907.7019814480644,866.9490213330162,952.39948,857.9077425131848,863.3353706426675,883.7566438997856,883.063703024785
2026-05-21 20:00:00,823.75144,882.2171483033005,840.353850746568,907.39948,812.9077425131848,836.7402000562194,857.778648440275,857.5881894290713
2026-05-21 21:00:00,823.75144,870.9189523492361,829.2911732608297,905.89948,811.4077425131848,825.6775225704811,849.3962538339997,849.2119504960315
2026-05-21 22:00:00,705.37444,851.7851922850615,806.1377122120821,905.89948,811.4077425131848,802.5240615217334,832.4660647191781,831.9769725919582
2026-05-21 23:00:00,653.75144,819.8049588329153,767.3018716138976,881.39948,786.9077425131848,763.6882209235489,802.183807248335,801.9053160156984
2026-05-22 00:00:00,390.96186,712.6179620241179,687.7983169140894,633.75144,539.2597025131847,684.1846662237407,680.2848210130287,678.242687177437
2026-05-22 01:00:00,390.96186,395.8469509030315,444.1190630533016,633.75144,530.9165532352471,423.64459483356586,426.57448973028005,426.148005901512
2026-05-22 02:00:00,390.96186,424.5906543014489,453.95424958333047,633.75144,530.9165532352471,433.4797813635947,443.4090399402624,442.46933482833145
2026-05-22 03:00:00,390.96186,440.1773130005647,468.0701589309906,633.75144,530.9165532352471,447.59569071125486,456.0687749092082,455.1147720836712
2026-05-22 04:00:00,390.96186,456.2980546211969,496.0221312809563,633.75144,530.9165532352471,475.54766306122053,474.0000437831747,473.20573833540516
2026-05-22 05:00:00,395.96186,492.3935286568576,556.4405926884438,653.75144,550.9165532352471,535.966124468708,518.9044838087419,519.6927313031267
2026-05-22 06:00:00,395.96186,538.9376149345081,562.6174906527153,653.75144,550.9165532352471,542.1430224329796,548.5649415206898,548.9638808448794
2026-05-22 07:00:00,390.96186,530.2735909856582,555.2651215154093,653.75144,550.9165532352471,534.7906532956736,541.3801403606706,541.8826548978733
2026-05-22 08:00:00,390.96186,526.3596175857524,552.1966802956576,653.75144,550.9165532352471,531.7222120759219,536.2829571450483,536.3100973002805
2026-05-22 09:00:00,390.96186,524.4124100226566,550.9688212290407,653.75144,550.9165532352471,530.494353009305,533.8470773348649,533.7531343551689
2026-05-22 10:00:00,390.96186,543.8747843762866,566.6181003439995,653.75144,550.9165532352471,546.1436321242637,548.8752088095063,548.3394319792214
2026-05-22 11:00:00,395.96186,563.0174662123939,582.6627995819006,653.75144,550.9165532352471,562.1883313621648,564.4275497668735,563.7906254305499
2026-05-22 12:00:00,395.96186,562.810292003459,597.0529879984575,633.75144,530.9165532352471,576.5785197787218,562.1424979146949,560.9149124498372
2026-05-22 13:00:00,644.96186,597.1500971973283,633.0160817653735,653.75144,550.9165532352471,612.5416135456378,595.7728937146156,595.5350071787811
2026-05-22 14:00:00,670.96186,677.5506567530235,709.4550659102897,802.75144,699.9165532352471,688.980597690554,681.9906187414483,682.3973038078534
2026-05-22 15:00:00,689.34086,709.7777765656065,744.7518823466398,823.75144,720.9165532352471,724.2774141269041,713.9948546955443,715.1703224915559
2026-05-22 16:00:00,715.96186,732.6751821175174,766.9614021352711,823.75144,720.9165532352471,746.4869339155354,731.3782849709933,732.2720138230095
2026-05-22 17:00:00,810.96186,735.8272201134381,758.803074447846,823.75144,720.9165532352471,738.3286062281103,729.3700957811716,730.1024539711076
2026-05-22 18:00:00,911.96186,817.0065592307232,797.0123041107586,902.75144,799.9165532352471,776.5378358910228,794.7982983544351,794.4065479266997
2026-05-22 19:00:00,911.96186,827.5229877196276,812.4970213279979,902.75144,799.9165532352471,792.0225531082622,804.5413071596322,804.1494751652219
2026-05-22 20:00:00,904.96186,788.0175213359959,781.5152955771889,823.75144,720.9165532352471,761.0408273574532,765.5699017413983,765.7009340398255
2026-05-22 21:00:00,810.96186,767.8927108155946,760.9902413962635,823.75144,720.9165532352471,740.5157731765278,750.5267489708469,750.6671518131997
2026-05-22 22:00:00,715.96186,669.6363681585532,675.2644761849874,705.37444,602.5395532352471,654.7900079652517,651.0990002031426,649.2692834624502
2026-05-22 23:00:00,670.96186,601.8148130885214,594.9626604682541,653.75144,550.9165532352471,574.4881922485183,585.4614287969499,583.5521322448275
2026-05-23 00:00:00,691.64388,483.96652694618376,478.0002320945105,390.96186,288.1269732352471,457.5257638747748,449.01491574212287,435.6923657231933
2026-05-23 01:00:00,691.64388,639.8760938405497,605.1243197293453,390.96186,364.2773953860901,606.4360602162054,588.371368904122,590.302613229825
2026-05-23 02:00:00,691.64388,538.5644589967569,528.8602950652846,390.96186,364.2773953860901,530.1720355521447,507.1206184426283,506.3281246897166
2026-05-23 03:00:00,667.64388,473.7783405242351,487.0970386245858,390.96186,364.2773953860901,488.40877911144594,455.27092155220964,451.7066674193707
2026-05-23 04:00:00,667.64388,432.5475146904821,458.1057015652846,390.96186,364.2773953860901,459.41744205214474,422.23598485581323,417.47936328557654
2026-05-23 05:00:00,667.64388,413.3540796744079,442.22208217945706,395.96186,369.2773953860901,443.5338226663172,407.79367064818024,402.0052763726376
2026-05-23 06:00:00,667.64388,423.8847408064067,417.12999418083785,395.96186,369.2773953860901,418.441734667698,412.61758788216605,405.72878264061296
2026-05-23 07:00:00,592.64388,408.7220827328045,401.3080023808661,390.96186,364.2773953860901,402.61974286772625,399.0945278242705,391.88677007621794
2026-05-23 08:00:00,592.64388,397.2299609213497,394.1931764064677,390.96186,364.2773953860901,395.50491689332785,390.82485158851716,384.20449916256837
2026-05-23 09:00:00,592.64388,387.2873502180832,384.9537483265307,390.96186,364.2773953860901,386.2654888133908,382.83370164247856,375.1899289767658
2026-05-23 10:00:00,592.64388,393.52487056223,392.6815593055304,390.96186,364.2773953860901,393.99329979239053,388.38248265298006,381.15507830089723
2026-05-23 11:00:00,592.64388,403.5860157826841,403.6870947626648,395.96186,369.2773953860901,404.9988352495249,397.7923239890319,390.59966849426803
2026-05-23 12:00:00,592.64388,405.3468859008188,434.2531201720974,395.96186,369.2773953860901,435.5648606589575,402.6085868577999,397.289715179315
2026-05-23 13:00:00,667.64388,489.0107357798226,508.97194326425074,644.96186,618.2773953860901,510.28368375111086,513.9705445787683,512.3985466255193
2026-05-23 14:00:00,695.89388,531.8450423622126,551.3022322202362,670.96186,644.2773953860901,552.6139727070963,554.1078806888083,555.5044048799765
2026-05-23 15:00:00,722.64388,578.1636060847044,596.5290076682173,689.34086,662.6563953860901,597.8407481550774,595.8894431282081,598.4793417661548
2026-05-23 16:00:00,802.64388,608.4481204255935,622.1713393553298,715.96186,689.2773953860901,623.4830798421899,625.6327544566441,628.5888411573883
2026-05-23 17:00:00,807.64388,662.0560880355937,668.9699661816852,810.96186,784.2773953860901,670.2817066685453,686.2492318945224,697.3755148289082
2026-05-23 18:00:00,908.64388,772.2339057570659,724.7985281158662,911.96186,885.2773953860901,726.1102686027264,787.6073501384127,793.7533236800742
2026-05-23 19:00:00,908.64388,795.5487884491465,751.0651306223634,911.96186,885.2773953860901,752.3768711092235,807.360735935852,816.4869648687126
2026-05-23 20:00:00,901.64388,790.8571146231632,748.6326858416751,904.96186,878.2773953860901,749.9444263285352,802.2608214650209,812.0727654086115
2026-05-23 21:00:00,807.64388,745.4052901112636,718.7735999777351,810.96186,784.2773953860901,720.0853404645952,749.4525025492777,761.9079380861976
2026-05-23 22:00:00,722.64388,692.9423566577863,674.3302471909324,715.96186,689.2773953860901,675.6419876777925,690.9817892626762,696.0597162799144
2026-05-23 23:00:00,695.89388,658.860347047571,648.4430918297005,670.96186,644.2773953860901,649.7548323165606,655.1269543556903,662.5455912979203
2026-05-24 00:00:00,669.81899,578.6447192814321,626.6328326145741,691.64388,664.9594153860901,627.9445731014342,601.0675972890355,601.4701517563723
2026-05-24 01:00:00,669.81899,665.4801537395363,672.9080544264106,691.64388,620.7640762483358,670.3855396267612,653.7048693497397,649.3629562348087
2026-05-24 02:00:00,669.81899,658.4524537611303,665.0098652490583,691.64388,620.7640762483358,662.487350449409,648.7162410378525,644.9263643448461
2026-05-24 03:00:00,669.81899,644.0511796049557,649.006883287001,667.64388,596.7640762483358,646.4843684873516,633.7475884284403,631.4248194840652
2026-05-24 04:00:00,669.81899,614.4171996338987,618.6787787477965,667.64388,596.7640762483358,616.1562639481472,611.663033584135,610.2926501142904
2026-05-24 05:00:00,653.81899,600.7948151344649,606.7432227968902,667.64388,596.7640762483358,604.2207079972409,601.4745909360862,600.4513705558098
2026-05-24 06:00:00,554.81899,545.9762885515906,588.3795709738832,667.64388,596.7640762483358,585.8570561742339,563.7843731718775,563.3186748246667
2026-05-24 07:00:00,554.81899,506.2825349526642,544.0028356983239,592.64388,521.7640762483358,541.4803208986746,517.0726770616316,514.3715054732414
2026-05-24 08:00:00,98.71499,490.40283103890914,528.4835595545376,592.64388,521.7640762483358,525.9610447548882,504.22540175604865,501.2514971023155
2026-05-24 09:00:00,246.00899,471.8539586597514,513.5935525428133,592.64388,521.7640762483358,511.07103774316397,490.505820032221,487.9438879806793
2026-05-24 10:00:00,253.29899,473.8551838546383,514.5378964802563,592.64388,521.7640762483358,512.015381680607,491.8050435889031,489.40200623716214
2026-05-24 11:00:00,554.81899,478.1629377095878,520.1085421819562,592.64388,521.7640762483358,517.5860273823068,495.72244548204384,493.7726671181682
2026-05-24 12:00:00,554.81899,532.6645090043771,533.4772004059712,592.64388,521.7640762483358,530.9546856063218,532.0829849730894,529.4700364525472
2026-05-24 13:00:00,554.81899,564.9477224959957,558.3245457231232,667.64388,596.7640762483358,555.8020309234738,572.5653589956406,573.7359150653599
2026-05-24 14:00:00,554.81899,596.8306849249313,591.9555593677323,695.89388,625.0140762483358,589.433044568083,602.5667926355586,603.4692475704878
2026-05-24 15:00:00,554.81899,639.043522574934,638.1425663368067,722.64388,651.7640762483358,635.6200515371573,640.3209840256046,640.361651822558
2026-05-24 16:00:00,669.81899,682.628792269843,677.45303776173,802.64388,731.7640762483358,674.9305229620807,690.007071133942,692.8446285258525
2026-05-24 17:00:00,724.81899,712.7371296579132,710.6216622892515,807.64388,736.7640762483358,708.0991474896022,717.3514002533037,723.3540154742664
2026-05-24 18:00:00,724.81899,831.8149277179374,779.5625604891851,908.64388,837.7640762483358,777.0400456895358,820.722589465106,824.6198738465212
2026-05-24 19:00:00,809.81899,849.616356030765,811.6885443255842,908.64388,837.7640762483358,809.1660295259348,835.6487328835265,838.7872129929311
2026-05-24 20:00:00,809.81899,832.6356226141971,793.8280202018491,901.64388,830.7640762483358,791.3055054021997,820.1839357786978,822.4974246302435
2026-05-24 21:00:00,809.81899,777.7709750137616,750.8346076492228,807.64388,736.7640762483358,748.3120928495734,762.5108977662354,765.7774360151739
2026-05-24 22:00:00,724.81899,712.2498174244629,693.590034780639,722.64388,651.7640762483358,691.0675199809897,696.1728470053112,696.1159285409756
2026-05-24 23:00:00,724.81899,691.7412967642848,674.9061278294025,695.89388,625.0140762483358,672.3836130297532,675.5870948055789,675.8322829700647
2026-05-25 00:00:00,455.51831,645.6020468255263,644.7160660522167,669.81899,598.9391862483358,642.1935512525673,641.8701658094834,645.252411439425
2026-05-25 01:00:00,455.51831,463.7370202669975,515.6804807986892,669.81899,681.6155648040803,512.5442108567539,515.4520772171755,515.3374425769648
2026-05-25 02:00:00,455.51831,478.1236044597756,531.193944974874,669.81899,681.6155648040803,528.0576750329386,525.9550338489828,524.8958575706947
2026-05-25 03:00:00,455.51831,476.95641089099246,530.6908383956851,669.81899,681.6155648040803,527.5545684537498,524.9821512322527,523.7201425574228
2026-05-25 04:00:00,455.51831,483.3952835205716,541.5717878054668,669.81899,681.6155648040803,538.4355178635315,529.9298315148222,528.4902005793451
2026-05-25 05:00:00,670.51831,512.7796171566727,567.9938262644998,653.81899,665.6155648040803,564.8575563225645,548.1172490025236,545.4633521472604
2026-05-25 06:00:00,670.51831,548.7397258531369,543.700334459717,554.81899,566.6155648040803,540.5640645177817,546.9283468183752,540.4108357127569
2026-05-25 07:00:00,549.84831,542.2044321332996,537.0336119913136,554.81899,566.6155648040803,533.8973420493783,541.4095680520049,534.6118405874906
2026-05-25 08:00:00,644.51831,480.5654437822737,429.0936446996916,98.71499,110.51156480408036,425.95737475775627,400.99938265876085,393.4012437689796
2026-05-25 09:00:00,455.51831,493.8109672940285,459.2128004387517,246.00899,257.8055648040804,456.07653049681636,441.30028989872096,433.19305986938014
2026-05-25 10:00:00,644.51831,509.94507842563286,474.8291058538599,253.29899,265.09556480408037,471.6928359119246,455.45430940667137,447.7189946686892
2026-05-25 11:00:00,670.51831,552.1322151134757,552.5492357579993,554.81899,566.6155648040803,549.412965816064,550.9343695752224,545.2551113918524
2026-05-25 12:00:00,670.51831,555.4889280882053,577.1801016094417,554.81899,566.6155648040803,574.0438316675064,557.719646658548,553.4857446060213
2026-05-25 13:00:00,705.51831,584.4069328709337,607.6785971487487,554.81899,566.6155648040803,604.5423272068134,583.055994064824,581.577178105447
2026-05-25 14:00:00,720.51831,610.3640030824399,635.7043981828609,554.81899,566.6155648040803,632.5681282409256,605.4884958785997,606.0340075122671
2026-05-25 15:00:00,720.51831,633.0825993280823,658.9567539766542,554.81899,566.6155648040803,655.8204840347189,625.3399802003862,627.7599869699268
2026-05-25 16:00:00,720.51831,685.9547385498942,701.9287443923445,669.81899,681.6155648040803,698.7924744504091,690.2833419027415,697.7066700935667
2026-05-25 17:00:00,720.51831,715.7155732498371,725.2640167570305,724.81899,736.6155648040803,722.1277468150952,723.5740413492216,730.7124847456337
2026-05-25 18:00:00,725.51831,772.1834370288441,752.5697373760139,724.81899,736.6155648040803,749.4334674340786,765.3894024045564,773.2717873451667
2026-05-25 19:00:00,725.51831,839.099259086871,804.320630255789,809.81899,821.6155648040803,801.1843603138536,834.223375895441,846.5311568245547
2026-05-25 20:00:00,723.51831,823.5379085032225,788.8378848348088,809.81899,821.6155648040803,785.7016148928735,820.5007772477461,831.0490769583535
2026-05-25 21:00:00,720.51831,801.6898677021419,770.4312450094918,809.81899,821.6155648040803,767.2949750675565,800.8802622548809,808.5493656323625
2026-05-25 22:00:00,720.51831,723.8257166082225,706.7836482041071,724.81899,736.6155648040803,703.6473782621717,722.6380321834163,724.6625879806961
2026-05-25 23:00:00,705.51831,686.1531576922429,660.3003020636722,724.81899,736.6155648040803,657.1640321217369,689.8415777468504,689.419523279142
2026-05-26 00:00:00,465.8808,578.1469546101329,553.803682652863,455.51831,467.31488480408035,550.6674127109277,553.5127886604839,557.5576169472558
2026-05-26 01:00:00,465.8808,467.9298150736803,466.2945856544633,455.51831,406.7246438435638,461.92060842043395,458.27317637235365,464.5962484972654
2026-05-26 02:00:00,465.8808,468.1663704722712,466.4461032866063,455.51831,406.7246438435638,462.07212605257695,457.98938309538084,464.76671054830297
2026-05-26 03:00:00,465.8808,465.47055820896446,466.1081810191364,455.51831,406.7246438435638,461.73420378510707,456.1932874067361,463.161634816119
2026-05-26 04:00:00,465.8808,471.1178120780471,468.9060539122912,455.51831,406.7246438435638,464.5320766782619,461.2525377264059,467.0795801841415
2026-05-26 05:00:00,644.8808,488.5535369172657,531.0906758077844,670.51831,621.7246438435639,526.716698573755,517.6109101630143,518.0030903139857
2026-05-26 06:00:00,644.8808,496.50336376111966,531.2443152385538,670.51831,621.7246438435639,526.8703380045245,522.754813088508,522.3276622534808
2026-05-26 07:00:00,465.8808,482.0564866424455,506.35839359719375,549.84831,501.0546438435638,501.9844163631644,491.6936888068118,492.81231021163245
2026-05-26 08:00:00,465.8808,497.9321736018194,531.6650181987819,644.51831,595.7246438435639,527.2910409647526,522.339817636942,519.4066025772328
2026-05-26 09:00:00,465.8808,489.3447130906149,503.9771095806275,455.51831,406.7246438435638,499.60313234659816,483.2755317970815,484.7767772826925
2026-05-26 10:00:00,465.8808,536.293514039654,564.5557219881803,644.51831,595.7246438435639,560.1817447541509,553.953975795233,550.4608303955408
2026-05-26 11:00:00,644.8808,551.8761804538069,581.5684151845444,670.51831,621.7246438435639,577.1944379505151,570.3864252590262,566.8111996504404
2026-05-26 12:00:00,644.8808,591.9884049215312,598.3763926605388,670.51831,621.7246438435639,594.0024154265095,598.4117704300442,595.0791929163559
2026-05-26 13:00:00,670.8808,619.5966948506473,627.7869261485753,705.51831,656.7246438435639,623.412948914546,625.2971391967682,622.9124785414638
2026-05-26 14:00:00,685.8808,638.6886873045232,647.089906396018,720.51831,671.7246438435639,642.7159291619887,642.8225033124473,640.6149626161007
2026-05-26 15:00:00,685.8808,657.7059324445619,666.3732646947565,720.51831,671.7246438435639,661.9992874607271,659.2306373916499,656.3795993310281
2026-05-26 16:00:00,685.8808,668.5287419352403,677.1529291391379,720.51831,671.7246438435639,672.7789519051086,668.6564491983725,665.298894250636
2026-05-26 17:00:00,685.8808,676.8616064140051,682.7493123153715,720.51831,671.7246438435639,678.3753350813422,675.307295288852,671.2577636822357
2026-05-26 18:00:00,904.8808,729.4830687683523,707.8859367935316,725.51831,676.7246438435639,703.5119595595023,713.8899883296427,709.8293107805574
2026-05-26 19:00:00,904.8808,737.406791025817,714.3599714639888,725.51831,676.7246438435639,709.9859942299595,720.5631494174681,715.7850601579077
2026-05-26 20:00:00,904.8808,723.9761655453742,700.588424047254,723.51831,674.7246438435639,696.2144468132246,708.5279326395622,704.5376016473715
2026-05-26 21:00:00,685.8808,707.3298413287583,686.4868591919422,720.51831,671.7246438435639,682.1128819579129,693.5013707707353,691.410205240737
2026-05-26 22:00:00,685.8808,675.9819049442567,651.4122864032819,720.51831,671.7246438435639,647.0383091692526,665.4115931957626,664.7913075108621
2026-05-26 23:00:00,670.8808,630.5007070529406,606.8635265273382,705.51831,656.7246438435639,602.4895492933089,624.9101716547482,626.2357707201828
2026-05-27 00:00:00,446.08831,528.7908713698354,521.7190866123377,465.8808,417.08713384356383,517.3451093783084,509.83039427198634,515.2279972427649
2026-05-27 01:00:00,436.08831,451.5424581202857,452.5344195366912,465.8808,446.89784421513843,445.9193240060596,455.7506752736622,457.3102840043199
2026-05-27 02:00:00,436.08831,450.892352893802,449.7689577011408,465.8808,446.89784421513843,443.15386217050917,454.2328050513665,456.0757404702731
2026-05-27 03:00:00,436.08831,451.097743887838,452.1696401789378,465.8808,446.89784421513843,445.5545446483062,454.45344043377236,456.8664272621032
2026-05-27 04:00:00,446.08831,467.2230016989155,466.9904743512875,465.8808,446.89784421513843,460.3753788206559,466.98467046896303,470.1662261132741
2026-05-27 05:00:00,456.08831,500.7178900603215,542.3077788390649,644.8808,625.8978442151384,535.6926833084333,529.8192074175047,529.7776384089335
2026-05-27 06:00:00,446.08831,520.9421252266811,544.9269295493075,644.8808,625.8978442151384,538.3118340186759,541.961107363519,542.225156066386
2026-05-27 07:00:00,446.08831,479.3184843721721,493.51031715562544,465.8808,446.89784421513843,486.89522162499384,478.82199330003266,482.44635033359657
2026-05-27 08:00:00,446.08831,465.368293073152,485.3763020347062,465.8808,446.89784421513843,478.7612065040746,469.277723946833,470.87944777375907
2026-05-27 09:00:00,446.08831,470.6310528559164,491.88136031615335,465.8808,446.89784421513843,485.26626478552174,474.5905398504872,475.0235268343149
2026-05-27 10:00:00,446.08831,509.41141902702896,525.8146025571305,465.8808,446.89784421513843,519.1995070264988,506.1091562675631,506.58719730227176
2026-05-27 11:00:00,446.08831,556.8243087086851,586.5498156632743,644.8808,625.8978442151384,579.9347201326427,573.7801857533372,570.5058085559361
2026-05-27 12:00:00,446.08831,608.085000981102,609.2728689609494,644.8808,625.8978442151384,602.6577734303178,609.3139990735883,606.9873914425881
2026-05-27 13:00:00,446.08831,642.532431768898,648.5411088698671,670.8808,651.8978442151384,641.9260133392355,642.6224789448602,640.2364203614011
2026-05-27 14:00:00,456.08831,670.4990169504593,681.1491775567157,685.8808,666.8978442151384,674.5340820260841,668.8093997511736,666.7066109528274
2026-05-27 15:00:00,456.08831,694.2498505198977,706.475471161482,685.8808,666.8978442151384,699.8603756308504,690.01384024048,686.7805030414469
2026-05-27 16:00:00,671.08831,702.5233043261442,718.853599980675,685.8808,666.8978442151384,712.2385044500434,697.6777192018424,694.9733930388431
2026-05-27 17:00:00,671.08831,718.215726855259,734.400347802173,685.8808,666.8978442151384,727.7852522715414,710.9987562636356,707.8492664072689
2026-05-27 18:00:00,905.08831,856.6963679689017,830.119235224011,904.8808,885.8978442151384,823.5041396933794,845.9389702262981,840.2309016888667
2026-05-27 19:00:00,1126.08831,869.5191839547889,842.7138408443934,904.8808,885.8978442151384,836.0987453137618,857.0006264551582,850.5143423357858
2026-05-27 20:00:00,905.08831,848.6749935448358,825.190261908972,904.8808,885.8978442151384,818.5751663783404,839.4246607704674,834.800465961846
2026-05-27 21:00:00,691.08831,734.8843670180407,753.6473789686537,685.8808,666.8978442151384,747.0322834380221,724.2343503352306,725.146265425601
2026-05-27 22:00:00,630.08831,677.4792121817917,684.4335372769624,685.8808,666.8978442151384,677.8184417463308,672.1319696952216,674.6653596995081
2026-05-27 23:00:00,456.08831,614.6485356367743,606.3759181956843,670.8808,651.8978442151384,599.7608226650527,613.720352870274,616.5436578586445
2026-05-28 00:00:00,265.41213,506.77864953163066,494.5147192646237,446.08831,427.1053542151384,487.8996237339921,491.0871422080515,496.93623894703137
2026-05-28 01:00:00,265.41213,279.9703263638459,310.8758321659331,436.08831,390.1148752131097,301.3019289987157,305.5971278880786,306.6317286445392
2026-05-28 02:00:00,265.41213,274.7135668683266,305.5174768042552,436.08831,390.1148752131097,295.9435736370378,300.8973207165771,302.1537946864479
2026-05-28 03:00:00,265.41213,275.69557304419254,301.64484821632703,436.08831,390.1148752131097,292.07094504910964,300.6406006370338,301.5420257657834
2026-05-28 04:00:00,265.41213,311.64385904705904,343.5311645897127,446.08831,400.1148752131097,333.9572614224953,333.11909174191607,335.0500053572099
2026-05-28 05:00:00,435.41213,383.29414681729935,429.3474096984549,456.08831,410.1148752131097,419.7735065312375,396.3611802062991,401.5186497263172
2026-05-28 06:00:00,267.18413,443.4093067864601,442.26963261684944,446.08831,400.1148752131097,432.69572944963204,434.53468352682853,439.9321345088016
2026-05-28 07:00:00,265.41213,411.9594428996445,419.8731764995334,446.08831,400.1148752131097,410.299273332316,411.5355906389841,414.1832534017129
2026-05-28 08:00:00,265.41213,402.2907449920695,413.8261858933284,446.08831,400.1148752131097,404.252282726111,404.77942777401677,406.23944233921156
2026-05-28 09:00:00,265.41213,390.36307393914416,405.3796289709634,446.08831,400.1148752131097,395.805725803746,395.9792950818514,396.4446621352226
2026-05-28 10:00:00,265.41213,417.0163406952556,428.9536592051284,446.08831,400.1148752131097,419.379756037911,417.6192140981042,418.21132531392095
2026-05-28 11:00:00,265.41213,439.85440205923294,448.482561694296,446.08831,400.1148752131097,438.9086585270786,435.7710188155397,436.86457150418056
2026-05-28 12:00:00,265.41213,446.36273749077714,466.5367975641336,446.08831,400.1148752131097,456.9628943969162,443.7456367384419,445.3355168488043
2026-05-28 13:00:00,435.41213,467.2313555045236,482.61902644285095,446.08831,400.1148752131097,473.04512327563356,461.4156429388764,460.91834430042144
2026-05-28 14:00:00,450.41213,511.55792145984265,532.535923904223,456.08831,410.1148752131097,522.9620207370056,501.47352435597156,500.7295044220788
2026-05-28 15:00:00,450.41213,547.1405148812702,567.1012359470128,456.08831,410.1148752131097,557.5273327797954,532.1831479031822,529.8020088622318
2026-05-28 16:00:00,636.41213,608.0779471863088,620.1868544199963,671.08831,625.1148752131097,610.6129512527789,610.7894903841487,604.3239680965362
2026-05-28 17:00:00,680.41213,633.6439243015944,630.0552823906577,671.08831,625.1148752131097,620.4813792234403,630.2080613218818,620.1181960806766
2026-05-28 18:00:00,705.41213,862.1790157855348,823.8673576142569,905.08831,859.1148752131097,814.2934544470395,843.3469761151125,831.3626272215743
2026-05-28 19:00:00,1095.41213,988.4972744215396,956.0612933322292,1126.08831,1080.1148752131098,946.4873901650118,969.7246681009494,966.2614602165418
2026-05-28 20:00:00,705.41213,843.9244830328674,828.9509364638999,905.08831,859.1148752131097,819.3770332966825,831.022785711175,824.7202947097446
2026-05-28 21:00:00,680.41213,669.2713697692327,677.8549506966808,691.08831,645.1148752131097,668.2810475294634,660.9750493077828,660.41290199115
2026-05-28 22:00:00,450.41213,552.053985137045,546.7772088049849,630.08831,584.1148752131097,537.2033056377675,550.1009033603054,552.0022592904478
2026-05-28 23:00:00,450.41213,426.23061117028016,435.1767543178548,456.08831,410.1148752131097,425.6028511506374,425.04624081253485,429.64469278922763
2026-05-29 00:00:00,331.58546,322.69890146128705,321.4293028742887,265.41213,219.43869521310972,311.8553997070713,303.3574995856566,296.9522277459496
2026-05-29 01:00:00,336.58546,335.3683606331458,322.6120169819167,265.41213,248.15617322016425,329.2269666528184,319.15270603948693,318.16732288939744
2026-05-29 02:00:00,331.58546,331.9806191833872,318.46805545341147,265.41213,248.15617322016425,325.08300512431316,316.4113111345873,315.2725686498107
2026-05-29 03:00:00,331.58546,320.332884498078,310.1091665313498,265.41213,248.15617322016425,316.7241162022515,307.0766591527546,304.4489465965786
2026-05-29 04:00:00,331.58546,330.870306281718,311.31671263629903,265.41213,248.15617322016425,317.9316623072007,315.4243307567586,313.4330195971547
2026-05-29 05:00:00,336.58546,342.3101671424216,354.9939074474072,435.41213,418.15617322016425,361.6088571183089,358.20450140181686,355.7210182716907
2026-05-29 06:00:00,336.58546,303.87426221055017,319.04646479054225,267.18413,249.92817322016424,325.66141446144394,297.84247162080806,297.0298036323819
2026-05-29 07:00:00,336.58546,296.27972075450646,309.5256579088185,265.41213,248.15617322016425,316.1406075797202,290.7686104687569,289.39738146673255
2026-05-29 08:00:00,336.58546,295.0530594296529,304.60126117054284,265.41213,248.15617322016425,311.21621084144454,288.7642678476118,286.42412340536055
2026-05-29 09:00:00,331.58546,292.25598159426414,298.87876089712177,265.41213,248.15617322016425,305.49371056802346,285.6764472239596,282.50726958568356
2026-05-29 10:00:00,336.58546,304.92278788943946,306.79278798193616,265.41213,248.15617322016425,313.40773765283785,294.82859402693737,290.88136205704683
2026-05-29 11:00:00,336.58546,311.19861612445607,312.7245112419907,265.41213,248.15617322016425,319.3394609128924,299.91353994330314,296.874022052088
2026-05-29 12:00:00,336.58546,296.44601706691446,316.925592055173,265.41213,248.15617322016425,323.5405417260747,290.07468300354196,287.6977757151443
2026-05-29 13:00:00,336.58546,348.7678498668854,357.1014893028965,435.41213,418.15617322016425,363.7164389737982,362.0918788090357,360.512975856832
2026-05-29 14:00:00,336.58546,370.8397527233674,382.36516651269744,450.41213,433.15617322016425,388.98011618359914,383.04484838202734,381.9787607301062
2026-05-29 15:00:00,411.58546,399.210292279876,411.5138523053873,450.41213,433.15617322016425,418.12880197628897,406.7659610981035,407.62165691186334
2026-05-29 16:00:00,412.58546,474.45414787724974,470.2903458304583,636.41213,619.1561732201643,476.90529550136,500.6100290704561,508.22606073212313
2026-05-29 17:00:00,412.58546,559.449509196226,544.7468520319056,680.41213,663.1561732201643,551.3618017028073,578.9850918723878,589.2574882460378
2026-05-29 18:00:00,676.58546,763.3504181008742,739.5634945182817,705.41213,688.1561732201643,746.1784441891834,750.0048686559688,764.649934375102
2026-05-29 19:00:00,676.58546,933.4584285994758,865.2145357777036,1095.41213,1078.1561732201642,871.8294854486053,952.1196990026119,957.5091691321674
2026-05-29 20:00:00,632.58546,677.6438538937654,647.537494417807,705.41213,688.1561732201643,654.1524440887088,677.1822065816193,683.7457723891687
2026-05-29 21:00:00,412.58546,556.0652275000866,516.6601040459723,680.41213,663.1561732201643,523.275053716874,570.3950330146504,572.6603587217521
2026-05-29 22:00:00,336.58546,426.1811066888977,412.7183847434417,450.41213,433.15617322016425,419.33333441434337,425.96946086732777,423.86044947017336
2026-05-29 23:00:00,336.58546,402.8670055274377,384.7116468205045,450.41213,433.15617322016425,391.3265964914062,406.3314169027147,402.6763082178581
2026-05-30 00:00:00,338.71689,341.51311222126645,337.5164337787364,331.58546,314.32950322016427,344.1313834496381,339.33679669725564,338.0849699983869
2026-05-30 01:00:00,338.71689,336.95301428939763,340.5337514599191,336.58546,331.0319524898948,332.07553433549896,335.5143928314724,334.2404382377956
2026-05-30 02:00:00,270.62789,335.9256942775156,338.7296793962577,331.58546,326.0319524898948,330.2714622718376,334.12768258814964,332.9526326699404
2026-05-30 03:00:00,262.19689,335.75013414380766,336.2178934255268,331.58546,326.0319524898948,327.7596763011067,334.57050117607696,333.82630802278413
2026-05-30 04:00:00,262.19689,337.8491750246309,338.99981602053884,331.58546,326.0319524898948,330.5415988961187,336.46190894790874,335.78817556187005
2026-05-30 05:00:00,265.48889,334.8980726511207,339.0256742539517,336.58546,331.0319524898948,330.5674571295316,334.72241175135656,333.8748105843031
2026-05-30 06:00:00,265.48889,330.1250061453717,339.3471940107259,336.58546,331.0319524898948,330.8889768863058,331.6759178465491,331.1958136811867
2026-05-30 07:00:00,262.19689,332.6937005163448,338.85310449093714,336.58546,331.0319524898948,330.394887366517,333.3279158458071,332.6573589048822
2026-05-30 08:00:00,262.19689,325.7624000334638,330.65309791685274,336.58546,331.0319524898948,322.1948807924326,328.163008121223,327.7947075642641
2026-05-30 09:00:00,260.71689,337.9267186204108,333.68064592133777,331.58546,326.0319524898948,325.22242879691765,336.51751587695134,335.91120445082885
2026-05-30 10:00:00,260.71689,340.4684334776203,334.5709884501545,336.58546,331.0319524898948,326.1127713257344,339.21190190145103,338.5829877616625
2026-05-30 11:00:00,262.19689,341.2942901963117,336.53026178027505,336.58546,331.0319524898948,328.07204465585494,340.1352836791788,339.6464215260325
2026-05-30 12:00:00,260.71689,321.40185305910234,338.262377619674,336.58546,331.0319524898948,329.8041604952539,325.8765747913583,325.8402941609421
2026-05-30 13:00:00,260.71689,325.3212256947065,341.19056315985995,336.58546,331.0319524898948,332.73234603543983,329.522860815626,329.8303072047309
2026-05-30 14:00:00,260.71689,329.7203953177394,345.6435553249897,336.58546,331.0319524898948,337.18533820056956,333.4513176452987,333.97566905039156
2026-05-30 15:00:00,338.71689,373.375599149742,389.174736965092,411.58546,406.0319524898948,380.7165198406719,379.25940071771157,379.35540837209834
2026-05-30 16:00:00,338.71689,383.0238039417192,400.44587035509824,412.58546,407.0319524898948,391.9876532306781,386.70426621779006,386.37548129281083
2026-05-30 17:00:00,413.71689,414.6281247414713,434.32549597888055,412.58546,407.0319524898948,425.86727885446044,413.1747256683795,413.30805140941106
2026-05-30 18:00:00,678.71689,632.5290158026155,634.0015820921373,676.58546,671.0319524898948,625.5433649677171,628.9388632013738,629.7165362641155
2026-05-30 19:00:00,678.71689,665.5002621644071,693.8665231221757,676.58546,671.0319524898948,685.4083059977556,658.2894441970377,659.6636043793391
2026-05-30 20:00:00,678.71689,592.7636956189962,595.6550245356407,632.58546,627.0319524898948,587.1968074112206,590.3369088743543,590.834522045263
2026-05-30 21:00:00,414.71689,430.22250025102346,449.6347257701467,412.58546,407.0319524898948,441.1765086457266,426.64013889043105,426.9291627376464
2026-05-30 22:00:00,338.71689,365.2483063208805,379.3769064470181,336.58546,331.0319524898948,370.91868932259797,363.21555749753395,363.9829642062201
2026-05-30 23:00:00,338.71689,351.75205574499546,360.6464778356586,336.58546,331.0319524898948,352.18826071123846,351.2760146973102,351.4898589777124
2026-05-31 00:00:00,335.48873,330.7648125740802,339.52955441071003,338.71689,333.1633824898948,331.0713372862899,335.69496767833846,336.35841237029217
2026-05-31 01:00:00,310.48873,329.9488614540874,331.65015377549287,338.71689,329.47630621776943,332.5147092632689,330.33717358813243,330.4457366146052
2026-05-31 02:00:00,260.48873,325.1437113721598,309.66632135116737,270.62789,261.38730621776944,310.5308768389434,311.3849824901936,310.4028427494513
2026-05-31 03:00:00,260.48873,319.4025037983941,301.070076246905,262.19689,252.95630621776945,301.93463173468103,305.58008383605704,305.2569356648263
2026-05-31 04:00:00,260.48873,311.2070776990297,291.37126879896607,262.19689,252.95630621776945,292.2358242867421,299.40759732027743,299.3223331768863
2026-05-31 05:00:00,260.48873,313.77868654210874,295.3672613189024,265.48889,256.2483062177695,296.23181680667847,301.91804270483465,301.57428363249755
2026-05-31 06:00:00,255.48873,262.14684303296866,283.14361084415145,265.48889,256.2483062177695,284.0081663319275,268.3099013554652,269.5000703481345
2026-05-31 07:00:00,255.48873,251.17748820138704,272.022009768836,262.19689,252.95630621776945,272.8865652566121,258.7267624572702,259.5827576103538
2026-05-31 08:00:00,255.48873,232.57302065883735,256.11967989923744,262.19689,252.95630621776945,256.9842353870135,243.41395163103817,242.46267599037378
2026-05-31 09:00:00,255.48873,236.65753088234064,254.62580975266712,260.71689,251.47630621776943,255.49036524044317,244.6855302300836,243.29792181126123
2026-05-31 10:00:00,255.48873,249.95909586195407,261.7411524130283,260.71689,251.47630621776943,262.60570790080436,252.898135179922,250.28357056657444
2026-05-31 11:00:00,255.48873,235.99277839732463,254.65956620762816,262.19689,252.95630621776945,255.5241216954042,245.2109701704286,244.98759359769554
2026-05-31 12:00:00,255.48873,254.74873221375984,259.51401852100565,260.71689,251.47630621776943,260.3785740087817,257.10082073126705,256.17182093033796
2026-05-31 13:00:00,255.48873,258.47342654550323,263.15429975496613,260.71689,251.47630621776943,264.0188552427422,260.6020971285455,260.3867859639011
2026-05-31 14:00:00,255.48873,265.07463810904846,270.6769900942795,260.71689,251.47630621776943,271.54154558205556,266.09364127894804,266.1093002788777
2026-05-31 15:00:00,260.48873,313.67051895571706,317.47607418152177,338.71689,329.47630621776943,318.3406296692978,318.2127505223575,318.7469335447846
2026-05-31 16:00:00,336.48873,327.36943904771806,334.9743726770959,338.71689,329.47630621776943,335.83892816487196,328.9423756926694,329.0912651316391
2026-05-31 17:00:00,410.48873,379.08848038638894,383.34199828072224,413.71689,404.47630621776943,384.2065537684983,382.8970595868048,382.8703635395363
2026-05-31 18:00:00,480.48873,572.9399765503509,531.1117531247673,678.71689,669.4763062177694,531.9763086125433,576.7389766669285,577.6979168866154
2026-05-31 19:00:00,675.48873,606.2194450945335,583.8077243659284,678.71689,669.4763062177694,584.6722798537044,605.0370165018253,605.8242460083193
2026-05-31 20:00:00,480.48873,579.7872043417453,552.3711447330367,678.71689,669.4763062177694,553.2357002208128,581.9957892672161,581.064184467106
2026-05-31 21:00:00,480.48873,425.7086705260061,432.8922080316752,414.71689,405.47630621776943,433.7567635194512,418.8399933611723,418.13225143239214
2026-05-31 22:00:00,410.48873,359.9884739772193,359.1160551962231,338.71689,329.47630621776943,359.98061068399915,354.2168046594748,354.6343081931466
2026-05-31 23:00:00,410.48873,348.49995361907503,343.63063178844715,338.71689,329.47630621776943,344.4951872762232,344.3564815470081,344.27409551478155
2026-06-01 00:00:00,352.26015,328.50163195880924,323.80467639319136,335.48873,326.24814621776943,324.6692318809674,331.15125131854745,334.56152042877306
2026-06-01 01:00:00,352.26015,351.654024092708,341.8376512655205,310.48873,399.2230835560455,333.5373151407107,360.45472681247173,360.038257936766
2026-06-01 02:00:00,352.26015,355.7798117183707,331.7569911358791,260.48873,349.2230835560455,323.4566550110693,352.0290133501942,350.54918493094175
2026-06-01 03:00:00,352.26015,341.06637799834937,318.50635419049325,260.48873,349.2230835560455,310.20601806568345,340.9743711619021,339.68305913542855
2026-06-01 04:00:00,352.26015,346.20147929032,319.8937517596932,260.48873,349.2230835560455,311.5934156348834,345.0578691905265,344.27015181624455
2026-06-01 05:00:00,402.26015,359.44919828377266,330.88319487499314,260.48873,349.2230835560455,322.58285875018333,355.21518879766995,354.6746020358688
2026-06-01 06:00:00,402.26015,328.9106384904257,335.9330576237124,255.48873,344.2230835560455,327.6327214989026,335.9200153130432,336.67855554785456
2026-06-01 07:00:00,352.26015,337.8145558594452,341.8509508903097,255.48873,344.2230835560455,333.5506147654999,341.9838176600696,342.3891773955426
2026-06-01 08:00:00,352.26015,349.21140288363085,348.0499542633416,255.48873,344.2230835560455,339.7496181385318,349.1805630638826,348.7695353010706
2026-06-01 09:00:00,328.26015,356.0471117452343,351.5873898397274,255.48873,344.2230835560455,343.2870537149176,353.3662158909422,352.3687222603904
2026-06-01 10:00:00,352.26015,373.2569945630488,363.1889284505744,255.48873,344.2230835560455,354.8885923257646,365.1198763146662,363.3584181746629
2026-06-01 11:00:00,402.26015,384.3279521334121,371.5460526699326,255.48873,344.2230835560455,363.2457165451228,372.7912781461123,370.377056627037
2026-06-01 12:00:00,402.26015,355.797270216932,387.4423097401527,255.48873,344.2230835560455,379.1419736153429,356.13820799325185,353.9083651013916
2026-06-01 13:00:00,402.26015,367.1935091915076,399.1557561605953,255.48873,344.2230835560455,390.85542003578547,366.31436107610335,365.4381705387908
2026-06-01 14:00:00,402.26015,380.9914758081465,415.2382475937465,255.48873,344.2230835560455,406.9379114689367,377.7956960010965,377.46135653228345
2026-06-01 15:00:00,667.26015,410.29511629087017,448.8541532708613,260.48873,349.2230835560455,440.5538171460515,402.44245537766983,402.34911054925556
2026-06-01 16:00:00,667.26015,452.0648493345251,486.8400172723068,336.48873,425.2230835560455,478.539681147497,449.25109545420486,450.0587280096113
2026-06-01 17:00:00,682.26015,503.50152407203086,532.0189618054293,410.48873,499.2230835560455,523.7186256806194,504.18101428022396,506.3114445962362
2026-06-01 18:00:00,1082.26015,621.544256531805,671.9237402240404,480.48873,569.2230835560455,663.6234040992306,614.319130744717,618.3030568265484
2026-06-01 19:00:00,1112.26015,748.6875270768602,776.2928464593152,675.48873,764.2230835560456,767.9925103345054,747.0305960940602,753.099806781839
2026-06-01 20:00:00,901.26015,585.9499107800475,628.0523956768311,480.48873,569.2230835560455,619.7520595520214,583.4074358259528,585.173008375884
2026-06-01 21:00:00,682.26015,509.9491471672222,520.3152153607308,480.48873,569.2230835560455,512.014879235921,518.2209818944885,517.9966819386334
2026-06-01 22:00:00,672.26015,439.2251890120573,442.3348249138562,410.48873,499.2230835560455,434.0344887890464,449.51517554539976,449.57544668527635
2026-06-01 23:00:00,472.26015,422.46182477359,424.6108262809789,410.48873,499.2230835560455,416.3104901561691,434.68826062804027,433.04213208649975
2026-06-02 00:00:00,399.80252,397.744278030779,390.2199206175054,352.26015,440.9945035560455,381.9195844926956,403.7280787284018,401.8749210174368
2026-06-02 01:00:00,399.80252,404.3876016588097,392.0766825269317,352.26015,377.26392604762196,397.2344287056792,399.6301431697948,394.27135283207974
2026-06-02 02:00:00,399.80252,408.9902771886212,391.8191027200159,352.26015,377.26392604762196,396.9768488987634,403.3157707475798,398.4941802734452
2026-06-02 03:00:00,399.80252,402.2791718311645,385.9434344957424,352.26015,377.26392604762196,391.1011806744899,398.0538404575041,392.9711186417947
2026-06-02 04:00:00,404.80252,416.4772266371775,396.7295797478236,352.26015,377.26392604762196,401.8873259265711,409.1635557106504,404.76363852996064
2026-06-02 05:00:00,469.80252,432.24652317415206,421.9513423997482,402.26015,427.26392604762196,427.10908857849574,431.78469557427707,427.23249041155407
2026-06-02 06:00:00,404.80252,406.06941462270777,425.0595352586513,402.26015,427.26392604762196,430.2172814373988,416.38209272133435,413.23734510798045
2026-06-02 07:00:00,399.80252,401.75117238807513,417.721486248732,352.26015,377.26392604762196,422.8792324274795,404.5271373693133,402.94545476231946
2026-06-02 08:00:00,354.80252,411.9878962830809,424.4150761654986,352.26015,377.26392604762196,429.5728223442461,411.7634944952064,410.29976583006487
2026-06-02 09:00:00,354.80252,418.4346759431612,424.32875876359776,328.26015,353.26392604762196,429.4865049423453,410.8217603952571,408.97573629360386
2026-06-02 10:00:00,399.80252,450.248812197192,452.0786253537792,352.26015,377.26392604762196,457.23637153252673,438.5177072983494,435.70439001643757
2026-06-02 11:00:00,399.80252,466.1735085808328,475.0776363137244,402.26015,427.26392604762196,480.2353824924719,461.7727533877254,459.60140394613876
2026-06-02 12:00:00,399.80252,460.7075830218291,480.9215493056967,402.26015,427.26392604762196,486.07929548444423,459.35725202102583,457.77532284297956
2026-06-02 13:00:00,399.80252,477.994754305303,500.8005071698721,402.26015,427.26392604762196,505.9582533486196,473.7628204461635,472.9247698468979
2026-06-02 14:00:00,469.80252,502.53443909231214,528.6630084716732,402.26015,427.26392604762196,533.8207546504207,494.244956517793,494.38669120688405
2026-06-02 15:00:00,664.80252,618.2698486820306,625.7610775945786,667.26015,692.2639260476219,630.9188237733262,632.7229741030558,636.1308188229449
2026-06-02 16:00:00,669.80252,624.2990865984075,632.14571802708,667.26015,692.2639260476219,637.3034642058275,637.9335856454861,641.7172655608874
2026-06-02 17:00:00,679.80252,674.4125790363333,686.1046374411453,682.26015,707.2639260476219,691.2623836198928,681.7175060621685,686.4212513461403
2026-06-02 18:00:00,897.80252,1011.1328440712306,986.1275793839238,1082.26015,1107.2639260476221,991.2853255626713,1011.423063088803,1014.6005120794852
2026-06-02 19:00:00,1079.80252,1078.6575924721344,1065.043444894157,1112.26015,1137.2639260476221,1070.2011910729043,1073.5837403872827,1078.2676204537806
2026-06-02 20:00:00,898.80252,876.9880839120962,833.3352712921564,901.26015,926.2639260476219,838.493017470904,878.1205332040108,888.0484564704918
2026-06-02 21:00:00,679.80252,665.1292474455004,629.258933146444,682.26015,707.2639260476219,634.4166793251915,669.3126189708469,674.5577192111801
2026-06-02 22:00:00,664.80252,599.696074370322,548.1473756900268,672.26015,697.2639260476219,553.3051218687743,611.4000150569302,614.3045869884892
2026-06-02 23:00:00,659.80252,486.463171826945,472.5685564314242,472.26015,497.26392604762196,477.72630261017173,489.4987718763739,489.138766519926
2026-06-03 00:00:00,422.63257,451.5450098035089,427.0117680105639,399.80252,424.80629604762197,432.1695141893114,450.1865847564453,450.1230506141372
2026-06-03 01:00:00,477.63257,427.3605524383467,421.32975335147296,399.80252,423.4823515609324,424.08285702538876,430.24907607761634,428.65605618654774
2026-06-03 02:00:00,477.63257,429.6753545329832,422.59697155000094,399.80252,423.4823515609324,425.35007522391675,431.66528926882086,429.82364403364386
2026-06-03 03:00:00,422.63257,427.1736173126286,420.8097272522755,399.80252,423.4823515609324,423.5628309261913,429.66555447098784,427.8214517669743
2026-06-03 04:00:00,422.63257,448.5982526394672,439.8943538154903,404.80252,428.4823515609324,442.6474574894061,447.46419976291514,445.52731740410366
2026-06-03 05:00:00,552.63257,476.26694143911146,477.99303030519934,469.80252,493.4823515609324,480.74613397911514,480.2278302692268,478.26991434287027
2026-06-03 06:00:00,477.63257,452.6024888572442,463.6290673700975,404.80252,428.4823515609324,466.3821710440133,452.55502614777333,451.2548573751607
2026-06-03 07:00:00,422.63257,445.5472137897013,459.1049719100124,399.80252,423.4823515609324,461.8580755839282,446.74775292096706,445.85271803317676
2026-06-03 08:00:00,477.63257,444.0045163893796,453.3231577741665,354.80252,378.4823515609324,456.0762614480823,438.5112890893415,437.7301090887818
2026-06-03 09:00:00,422.63257,448.00744540578575,453.4225875150621,354.80252,378.4823515609324,456.1756911889779,441.40212360979615,440.5422227720756
2026-06-03 10:00:00,477.63257,478.3883414605439,479.287491903853,399.80252,423.4823515609324,482.0405955777688,472.23609061904216,471.1422530074845
2026-06-03 11:00:00,477.63257,491.0195183700839,488.2702219356371,399.80252,423.4823515609324,491.0233256095529,481.9874823939611,480.74458093047315
2026-06-03 12:00:00,477.63257,473.2151439906487,497.4652774795726,399.80252,423.4823515609324,500.2183811534884,469.64879474111115,468.87673871289206
2026-06-03 13:00:00,552.63257,486.7277389017074,511.04968097219137,399.80252,423.4823515609324,513.8027846461072,481.1736191285798,480.82914197823055
2026-06-03 14:00:00,552.63257,526.5106511281783,549.8197326115446,469.80252,493.4823515609324,552.5728362854604,523.3174372437308,522.639931730671
2026-06-03 15:00:00,552.63257,611.1034506268647,627.7776710627085,664.80252,688.4823515609323,630.5307747366243,624.5440148470727,626.247081364451
2026-06-03 16:00:00,667.63257,621.2315320104312,638.3022167122472,669.80252,693.4823515609323,641.055320386163,633.9405714074773,635.9090606035633
2026-06-03 17:00:00,667.63257,649.3261215106555,664.9209955654919,679.80252,703.4823515609323,667.6740992394077,658.5082708300139,660.7830590868924
2026-06-03 18:00:00,901.63257,905.6106565718192,901.8397678854242,897.80252,921.4823515609323,904.59287155934,898.5557296987565,901.429521194355
2026-06-03 19:00:00,1082.63257,1052.014594890417,1039.8337393511356,1079.80252,1103.4823515609323,1042.5868430250514,1040.7897800223877,1041.894562352219
2026-06-03 20:00:00,901.63257,889.4087561282078,854.0457067308066,898.80252,922.4823515609323,856.7988104047224,884.7194709033195,888.0822387844009
2026-06-03 21:00:00,692.63257,683.3439911063563,659.36219789883,679.80252,703.4823515609323,662.1153015727458,683.4648444552602,685.1723383477884
2026-06-03 22:00:00,552.63257,617.0917106701231,570.4901694100812,664.80252,688.4823515609323,573.243273083997,624.9658622360973,625.5509588885545
2026-06-03 23:00:00,477.63257,592.2491344744959,535.574664743496,659.80252,683.4823515609323,538.3277684174118,602.6234511762032,602.5295136789714
2026-06-04 00:00:00,414.08495,466.92876281719583,447.1888441815983,422.63257,446.31240156093236,449.9419478555141,461.8802553453752,463.4555705871611
2026-06-04 01:00:00,414.08495,417.3012740628814,428.8948241208126,477.63257,442.53230663464046,422.11814583747923,422.46280304637014,426.05585184407323
2026-06-04 02:00:00,414.08495,414.6992642776367,425.6680578852952,477.63257,442.53230663464046,418.89137960196183,420.12147586612446,423.6571430231843
2026-06-04 03:00:00,414.08495,415.85161176439937,413.5247167476982,422.63257,387.53230663464046,406.74803846436487,412.7084420987549,414.8882483927539
2026-06-04 04:00:00,414.08495,434.747175631241,429.4585054874874,422.63257,387.53230663464046,422.68182720415405,427.9387788340157,430.0987561258517
2026-06-04 05:00:00,414.08495,449.28173256818,475.1557627008496,552.63257,517.5323066346405,468.37908441751625,465.38582775617766,465.40323378524954
2026-06-04 06:00:00,414.08495,425.90398518577234,445.2505703632248,477.63257,442.53230663464046,438.47389207989147,432.402854510178,434.5227635489217
2026-06-04 07:00:00,414.08495,414.323055167433,428.8439161098103,422.63257,387.53230663464046,422.06723782647697,416.65006108805125,417.02770330288837
2026-06-04 08:00:00,414.08495,413.23412611419633,435.18613455476986,477.63257,442.53230663464046,428.4094562714365,422.90699246638667,423.9832582685917
2026-06-04 09:00:00,414.08495,408.091263025162,423.2785363624216,422.63257,387.53230663464046,416.50185807908827,411.58701500918323,411.76313880098076
2026-06-04 10:00:00,414.08495,434.5553678834138,451.2631342922636,477.63257,442.53230663464046,444.48645600893025,438.95972645017093,441.23418360041103
2026-06-04 11:00:00,414.08495,437.8644557578944,454.7588644914128,477.63257,442.53230663464046,447.98218620807944,441.8478749673661,443.86140816365094
2026-06-04 12:00:00,414.08495,457.3862806714485,469.2658208420749,477.63257,442.53230663464046,462.48914255874155,456.8073410558084,459.3411172825186
2026-06-04 13:00:00,414.08495,498.4591023528549,513.3808469275235,552.63257,517.5323066346405,506.60416864419017,504.7823671929073,503.8582041351595
2026-06-04 14:00:00,414.08495,522.6863358925742,538.9129261285898,552.63257,517.5323066346405,532.1362478452564,525.6615427911981,524.2954045524159
2026-06-04 15:00:00,483.08495,559.7220200045388,580.7791976503396,552.63257,517.5323066346405,574.0025193670062,558.0110282733951,556.5516279767986
2026-06-04 16:00:00,613.08495,606.5467439446273,628.9432063280598,667.63257,632.5323066346405,622.1665280447264,614.5555443507928,610.3547941658402
2026-06-04 17:00:00,613.08495,634.9988573886183,653.6146505127688,667.63257,632.5323066346405,646.8379722294354,638.23135484666,632.5972473417513
2026-06-04 18:00:00,902.08495,876.6865907081797,865.7927366190509,901.63257,866.5323066346405,859.0160583357175,862.7460020392793,856.4807303430143
2026-06-04 19:00:00,1083.08495,994.9027028282628,978.6659589278232,1082.63257,1047.5323066346405,971.8892806444899,979.1431438089708,976.0361294948866
2026-06-04 20:00:00,902.08495,832.8931813808086,807.6907039401362,901.63257,866.5323066346405,800.9140256568029,822.6947831548541,816.4249337757709
2026-06-04 21:00:00,693.08495,656.6065237006492,642.6927409255705,692.63257,657.5323066346405,635.9160626422372,650.1795456271426,647.1204948116106
2026-06-04 22:00:00,613.08495,540.7867087128297,532.4049029546211,552.63257,517.5323066346405,525.6282246712877,534.9102815582141,534.5238398355503
2026-06-04 23:00:00,483.08495,479.74844380176336,474.12531634939086,477.63257,442.53230663464046,467.3486380660575,473.57376664939335,474.8470656091932
2026-06-05 00:00:00,481.29214,432.9509364060056,425.31598680937554,414.08495,378.98468663464047,418.5393085260422,425.95918578997646,426.77931017380905
2026-06-05 01:00:00,481.29214,465.1561143757079,458.1345214029551,414.08495,410.0243598701913,459.7374523947327,460.26829874834436,460.7719824939356
2026-06-05 02:00:00,481.29214,457.99559868285,450.8743043097412,414.08495,410.0243598701913,452.4772353015188,454.19554057654193,454.5951820572544
2026-06-05 03:00:00,481.29214,457.2682680461347,450.9772568597181,414.08495,410.0243598701913,452.58018785149574,453.47089481109026,454.1784165005878
2026-06-05 04:00:00,512.29214,469.6216931390121,457.8474122277,414.08495,410.0243598701913,459.4503432194776,462.669073645891,462.99384386680435
2026-06-05 05:00:00,512.29214,481.279203101556,469.1786177889463,414.08495,410.0243598701913,470.78154878072394,472.31040964477376,472.77056099097217
2026-06-05 06:00:00,512.29214,450.7435745907664,459.2778639095385,414.08495,410.0243598701913,460.8807949013161,451.8753772440321,451.32486199893515
2026-06-05 07:00:00,512.29214,439.9691876660247,450.3720008335976,414.08495,410.0243598701913,451.9749318253752,443.31059922712757,442.3709205843062
2026-06-05 08:00:00,512.29214,445.0599798177884,454.3882083626243,414.08495,410.0243598701913,455.9911393544019,447.0562855238141,446.38664114805806
2026-06-05 09:00:00,512.29214,438.5241602087307,447.6759348568057,414.08495,410.0243598701913,449.27886584858334,441.1409676475087,440.8883262146393
2026-06-05 10:00:00,512.29214,439.9563039188935,448.73851638790353,414.08495,410.0243598701913,450.34144737968114,442.153053991482,441.9134935870544
2026-06-05 11:00:00,512.29214,449.6669432903432,456.5836890374163,414.08495,410.0243598701913,458.18662002919393,449.66356401883786,449.7187888702066
2026-06-05 12:00:00,512.29214,445.8180648269079,463.08961927628695,414.08495,410.0243598701913,464.69255026806456,448.71073774158083,448.9704017144604
2026-06-05 13:00:00,666.29214,454.2660419344556,472.1437350879458,414.08495,410.0243598701913,473.7466660797234,456.3079607629712,456.0698063825196
2026-06-05 14:00:00,900.29214,465.2309198532835,485.3054157620528,414.08495,410.0243598701913,486.9083467538304,466.1191924439246,465.8132968514738
2026-06-05 15:00:00,712.29214,501.7243022438536,522.6392943454023,483.08495,479.0243598701913,524.2422253371799,503.8095909636157,504.85417634618796
2026-06-05 16:00:00,712.29214,547.199138501669,568.9290677615585,613.08495,609.0243598701913,570.5319987533361,559.1721124261746,558.9033156171083
2026-06-05 17:00:00,900.29214,567.0336939350595,586.3412769363363,613.08495,609.0243598701913,587.9442079281139,575.6703843212965,574.4127739899518
2026-06-05 18:00:00,961.29214,793.1358611817395,762.2251815218267,902.08495,898.0243598701913,763.8281125136043,790.7149128867533,786.0597915559923
2026-06-05 19:00:00,961.29214,896.1768708572887,855.6877777463083,1083.08495,1079.0243598701913,857.2907087380859,892.1921491175459,891.306696776307
2026-06-05 20:00:00,941.29214,766.0166456381787,723.5377124425991,902.08495,898.0243598701913,725.1406434343767,765.3599774843414,760.2255143266461
2026-06-05 21:00:00,900.29214,624.6978305925552,600.3202214621612,693.08495,689.0243598701913,601.9231524539388,624.5466963977135,621.877952490474
2026-06-05 22:00:00,691.29214,554.2032550118805,534.4237467044691,613.08495,609.0243598701913,536.0266776962467,554.2029166799508,554.4783895571529
2026-06-05 23:00:00,666.29214,487.3065251038425,483.0145997271079,483.08495,479.0243598701913,484.6175307188855,484.3971012469324,486.5337423220001
2026-06-06 00:00:00,382.8563,468.7416503660678,466.61550833092775,481.29214,477.2315498701913,468.21843932270536,471.1128125649341,462.61782899432103
2026-06-06 01:00:00,382.8563,384.06545322568826,397.458871383939,481.29214,339.2956627429699,400.96711200441666,378.74179851676746,373.5058600931173
2026-06-06 02:00:00,496.8563,383.6552476760461,395.04649453799135,481.29214,339.2956627429699,398.554735158469,378.37929897925756,372.09055269984265
2026-06-06 03:00:00,496.8563,378.39789713172814,388.3840720464665,481.29214,339.2956627429699,391.8923126669441,374.12061446472507,367.8735156058631
2026-06-06 04:00:00,496.8563,380.1516771132833,395.4216255684565,512.29214,370.2956627429699,398.9298661889341,381.64500493370514,378.7044519401952
2026-06-06 05:00:00,496.8563,388.3733643081608,406.1202774915243,512.29214,370.2956627429699,409.6285181120019,388.3082084186989,385.24423900284023
2026-06-06 06:00:00,496.8563,368.52465664453536,389.321771201003,512.29214,370.2956627429699,392.83001182148064,372.82861339857914,369.8922137248395
2026-06-06 07:00:00,591.8563,365.706922179173,382.2061630264908,512.29214,370.2956627429699,385.71440364696844,369.3464284446487,365.4835682375098
2026-06-06 08:00:00,591.8563,349.81454176596566,369.5856077031541,512.29214,370.2956627429699,373.09384832363173,357.1530486541985,353.52359267871225
2026-06-06 09:00:00,591.8563,358.5735571938592,374.38607931649256,512.29214,370.2956627429699,377.8943199369702,363.29995441620304,359.00385177206294
2026-06-06 10:00:00,496.8563,372.8226336879993,387.8361165085439,512.29214,370.2956627429699,391.34435712902155,374.8262852518941,370.79309293685816
2026-06-06 11:00:00,591.8563,374.2509833637253,395.1580844000024,512.29214,370.2956627429699,398.66632502048003,377.60923957427866,374.9750005307238
2026-06-06 12:00:00,591.8563,410.0116190790361,406.60418016874905,512.29214,370.2956627429699,410.1124207892267,404.02124918696893,400.90595651881915
2026-06-06 13:00:00,496.8563,465.7012850928723,458.666216803843,666.29214,524.2956627429699,462.1744574243206,476.20047672919395,473.93193671668536
2026-06-06 14:00:00,591.8563,545.4971775764727,530.6699127131649,900.29214,758.2956627429699,534.1781533336425,581.8433397658791,576.5335431909702
2026-06-06 15:00:00,591.8563,535.8274178934607,534.5171052528494,712.29214,570.2956627429699,538.0253458733271,542.487951516302,544.9748234596602
2026-06-06 16:00:00,591.8563,559.765032340095,565.613504002074,712.29214,570.2956627429699,569.1217446225517,562.5058551589975,564.9020266058347
2026-06-06 17:00:00,666.8563,647.7605126588278,651.7107975503809,900.29214,758.2956627429699,655.2190381708585,667.3524582656905,677.9380954699225
2026-06-06 18:00:00,711.8563,817.0382787554728,773.2508123396867,961.29214,819.2956627429699,776.7590529601644,810.6379829998177,819.2710242477515
2026-06-06 19:00:00,721.8563,862.7342159439364,825.9362649918571,961.29214,819.2956627429699,829.4445056123348,849.2811109735836,860.4674241329775
2026-06-06 20:00:00,711.8563,800.0886496025535,753.7566118791005,941.29214,799.2956627429699,757.2648524995782,793.5496838455488,805.1004200853623
2026-06-06 21:00:00,666.8563,724.6334616112467,677.0852077247513,900.29214,758.2956627429699,680.5934483452289,723.4734992125761,734.1601772894323
2026-06-06 22:00:00,711.8563,596.4842350247939,567.7334825940992,691.29214,549.2956627429699,571.2417232145768,583.8641490277868,588.2745589368611
2026-06-06 23:00:00,666.8563,545.265500953755,509.9986112257262,666.29214,524.2956627429699,513.5068518462039,537.0212650904558,540.1910686513758
2026-06-07 00:00:00,416.49967,427.51574500859175,421.994420509468,382.8563,240.85982274296987,425.50266112994564,395.98386057428354,394.38847732488335
2026-06-07 01:00:00,416.49967,420.2481234213139,411.627411515196,382.8563,313.91253834624086,399.04884688001624,403.7697528104912,404.51318281026346
2026-06-07 02:00:00,416.49967,422.321652441557,440.9376088781901,496.8563,427.91253834624086,428.3590442430103,428.84178820391065,428.6106639113825
2026-06-07 03:00:00,416.49967,423.0324780953682,440.60614063427647,496.8563,427.91253834624086,428.0275759990967,429.41713139132884,429.3181272975368
2026-06-07 04:00:00,416.49967,425.0698392434927,444.54614212075273,496.8563,427.91253834624086,431.967577485573,430.78180284851345,430.33265971033694
2026-06-07 05:00:00,376.49967,435.1301353528857,453.7161097745403,496.8563,427.91253834624086,441.13754513936055,438.14088397253323,437.34858376932283
2026-06-07 06:00:00,376.49967,428.25347723816657,449.1260920943304,496.8563,427.91253834624086,436.5475274591506,433.5748302334331,433.3540966231732
2026-06-07 07:00:00,254.97967,429.7853466060099,460.7054674745148,591.8563,522.9125383462409,448.12690283933506,452.4267669783719,451.5873109608715
2026-06-07 08:00:00,376.49967,414.5975375018528,449.5891352998564,591.8563,522.9125383462409,437.01057066467666,441.5315437400383,441.2156849637156
2026-06-07 09:00:00,201.49967,418.7231283302012,451.50280520721446,591.8563,522.9125383462409,438.9242405720347,443.8667641756073,443.1811839632139
2026-06-07 10:00:00,254.97967,417.7916651937516,436.6182123549012,496.8563,427.91253834624086,424.0396477197214,423.7538581444089,422.79538215525815
2026-06-07 11:00:00,247.68967,440.1197773945531,466.7859902577737,591.8563,522.9125383462409,454.2074256225939,458.60507813363307,457.1814649338378
2026-06-07 12:00:00,296.49967,476.4155077556145,476.6011181304123,591.8563,522.9125383462409,464.02255349523256,482.9267555038618,480.99013912541017
2026-06-07 13:00:00,296.49967,456.70843235341226,468.2078362714631,496.8563,427.91253834624086,455.62927163628336,452.50450045860333,451.52610284140474
2026-06-07 14:00:00,376.49967,507.0529408397928,516.5795087159238,591.8563,522.9125383462409,504.00094408074403,507.1011415840033,505.05529940654515
2026-06-07 15:00:00,416.49967,530.3775377414568,544.6692591129246,591.8563,522.9125383462409,532.0906944777448,526.1136929477819,524.4706046497486
2026-06-07 16:00:00,666.49967,551.393576641705,571.0905434749711,591.8563,522.9125383462409,558.5119788397914,543.6515400622111,543.1234203352145
2026-06-07 17:00:00,671.49967,593.7175277440584,611.3574595115836,666.8563,597.9125383462409,598.7788948764038,591.1080273685207,593.1184569096904
2026-06-07 18:00:00,701.49967,667.0559257801686,674.9153529844923,711.8563,642.9125383462409,662.3367883493125,653.9540236379273,653.7203078919366
2026-06-07 19:00:00,701.49967,707.8538775024878,725.0348580952867,721.8563,652.9125383462409,712.456293460107,690.6031060879272,691.691953477702
2026-06-07 20:00:00,701.49967,696.5275889897654,708.3166338464589,711.8563,642.9125383462409,695.7380692112791,680.2628420366698,682.1956641866457
2026-06-07 21:00:00,701.49967,654.5448906551215,662.7309580343407,666.8563,597.9125383462409,650.1523933991609,639.5003850810758,642.6529980309964
2026-06-07 22:00:00,671.49967,633.0370092126783,615.2592828176682,711.8563,642.9125383462409,602.6807181824885,626.2510343788931,626.9380674838673
2026-06-07 23:00:00,666.49967,586.0655822600659,560.1224130902282,666.8563,597.9125383462409,547.5438484550484,581.3581824551397,583.2304888114148
2026-06-08 00:00:00,293.68127,479.7207320143011,476.783501856794,416.49967,347.55590834624087,464.2049372216142,461.76008026066455,461.2151172372401
2026-06-08 01:00:00,293.68127,308.2305923281708,330.8856519311923,416.49967,442.05062515290865,331.18043730528274,334.56828325174615,338.1276761592097
2026-06-08 02:00:00,293.68127,310.8860762369267,330.0028340245068,416.49967,442.05062515290865,330.29761939859725,335.8478268935804,339.30504756997635
2026-06-08 03:00:00,293.68127,316.0586524799067,328.5724856412716,416.49967,442.05062515290865,328.86727101536206,338.62552947154404,341.68557262453993
2026-06-08 04:00:00,293.68127,349.5108063393539,361.30397502856886,416.49967,442.05062515290865,361.5987604026593,366.8632627834213,369.97820874225044
2026-06-08 05:00:00,303.68127,407.2997493549655,409.65943197860736,376.49967,402.05062515290865,409.9542173526978,408.1953531938444,412.26761758564857
2026-06-08 06:00:00,303.68127,404.30697686441977,411.6590991288053,376.49967,402.05062515290865,411.95388450289573,406.42015459605136,410.0714308022011
2026-06-08 07:00:00,293.68127,379.8284452090927,378.31041813508784,254.97967,280.53062515290867,378.6052035091783,369.3844672681487,372.4996218838426
2026-06-08 08:00:00,293.68127,392.984303533302,403.643585402599,376.49967,402.05062515290865,403.93837077668945,398.0367355481221,400.6079374854712
2026-06-08 09:00:00,293.68127,361.0410750914812,359.0440131381825,201.49967,227.05062515290868,359.33879851227294,347.1072320000377,349.2906866644418
2026-06-08 10:00:00,293.68127,374.0605350982904,377.35447902342673,254.97967,280.53062515290867,377.6492643975172,366.06763314947045,367.5730375651485
2026-06-08 11:00:00,253.68127,379.0935728968499,382.5317980484018,247.68967,273.2406251529087,382.82658342249226,369.66546078427757,370.5841102983793
2026-06-08 12:00:00,303.68127,400.5573021995343,404.7525188490089,296.49967,322.05062515290865,405.04730422309933,394.1495818483341,394.42463074548874
2026-06-08 13:00:00,363.68127,422.9655490989547,428.01321938627257,296.49967,322.05062515290865,428.308004760363,414.28591444098555,413.1812412076244
2026-06-08 14:00:00,363.68127,471.4431782755056,475.0015875651324,376.49967,402.05062515290865,475.29637293922286,465.0238987045589,462.81660635699984
2026-06-08 15:00:00,363.68127,519.262758233614,524.2389605847801,416.49967,442.05062515290865,524.5337459588706,511.48887613750765,507.82775281754977
2026-06-08 16:00:00,652.68127,593.789066722497,590.8659283421872,666.49967,692.0506251529087,591.1607137162777,605.6217153697608,598.0422445056874
2026-06-08 17:00:00,652.68127,617.6981018017917,607.6245726329995,671.49967,697.0506251529087,607.91935800709,625.2328087078172,615.946205621447
2026-06-08 18:00:00,703.68127,764.1460433902816,763.5607696118948,701.49967,727.0506251529087,763.8555549859852,752.0261173005539,746.4036801177347
2026-06-08 19:00:00,703.68127,817.3123681872728,842.2099933921122,701.49967,727.0506251529087,842.5047787662027,802.0959337451178,798.0217663375493
2026-06-08 20:00:00,703.68127,738.5993175565462,730.3242312469376,701.49967,727.0506251529087,730.6190166210281,728.629068945191,723.2014482926742
2026-06-08 21:00:00,668.68127,659.9540677723337,639.7287504924844,701.49967,727.0506251529087,640.0235358665749,658.2918385019963,655.575559178199
2026-06-08 22:00:00,652.68127,591.2799363215191,561.7701308551468,671.49967,697.0506251529087,562.0649162292373,594.9752692162613,592.7394535564106
2026-06-08 23:00:00,652.68127,540.636377328089,504.0656108873005,666.49967,692.0506251529087,504.360396261391,548.7764327326855,548.5774764533039
2026-06-09 00:00:00,205.07529,408.6017513491085,377.3477093647299,293.68127,319.23222515290865,377.64249473882035,392.658005548283,389.74816565983326
2026-06-09 01:00:00,205.07529,213.758400379732,231.40513507675504,293.68127,369.56295422623265,213.87377982229754,244.94377153122505,241.9425720779974
2026-06-09 02:00:00,205.07529,221.84635337831963,234.1627404759509,293.68127,369.56295422623265,216.63138522149336,250.71000461229906,247.42296196480535
2026-06-09 03:00:00,205.07529,246.77482231887592,244.00925861131816,293.68127,369.56295422623265,226.47790335686062,270.2819933443383,267.2050271245531
2026-06-09 04:00:00,205.07529,330.774779583541,311.7328704489305,293.68127,369.56295422623265,294.20151519447296,337.5868054812013,334.6473391495541
2026-06-09 05:00:00,245.07529,445.50562737216114,408.6997545270031,303.68127,379.56295422623265,391.16839927254557,432.1521685519302,429.94213687706525
2026-06-09 06:00:00,245.07529,416.79692378247626,435.5098771540103,303.68127,379.56295422623265,417.9785218995528,414.4741669225799,414.0975909955795
2026-06-09 07:00:00,245.07529,408.898802679013,435.7513451925473,293.68127,369.56295422623265,418.2199899380898,407.43268277710075,407.44654253373596
2026-06-09 08:00:00,245.07529,403.47022573432224,441.4410745181421,293.68127,369.56295422623265,423.90971926368456,404.7009280076383,405.5355656378649
2026-06-09 09:00:00,229.55529,400.100644532474,440.6651873787163,293.68127,369.56295422623265,423.1338321242588,402.32049047186376,403.34423098715104
2026-06-09 10:00:00,245.07529,420.0408409839963,459.1091199272431,293.68127,369.56295422623265,441.5777646727856,418.88906180928205,420.27178814394443
2026-06-09 11:00:00,245.07529,432.8525706456482,463.8475063196465,253.68127,329.5629542262327,446.316151065189,423.1384967815319,424.7153916042782
2026-06-09 12:00:00,245.07529,478.5099972307777,491.0729154598709,303.68127,379.56295422623265,473.54156020541336,465.9971650213013,467.14485121246605
2026-06-09 13:00:00,245.07529,521.2583244988011,533.693473385634,363.68127,439.56295422623265,516.1621181311764,509.63853290185625,510.86869408099875
2026-06-09 14:00:00,255.07529,559.6452425593411,583.4585366488662,363.68127,439.56295422623265,565.9271813944088,541.2851709704416,542.415254582421
2026-06-09 15:00:00,670.07529,589.088087566074,617.4056408997956,363.68127,439.56295422623265,599.874285645338,566.0174776953755,567.5575766811062
2026-06-09 16:00:00,673.07529,675.5944616310389,690.1476813652089,652.68127,728.5629542262327,672.6163261107513,679.7871280361624,682.30082965949
2026-06-09 17:00:00,695.07529,678.7605774531526,687.9257750944186,652.68127,728.5629542262327,670.3944198399611,682.8601129734225,685.9231470323111
2026-06-09 18:00:00,715.07529,765.6249826760718,799.4111185939382,703.68127,779.5629542262327,781.8797633394806,760.6521835339415,762.6455311145733
2026-06-09 19:00:00,1275.07529,798.9461725688693,887.9799736001731,703.68127,779.5629542262327,870.4486183457157,789.6734273194747,790.7836712315982
2026-06-09 20:00:00,1275.07529,766.5023489282632,838.799977839087,703.68127,779.5629542262327,821.2686225846294,761.3314759925222,761.5564912483901
2026-06-09 21:00:00,1054.07529,693.9958060881391,733.039931679758,668.68127,744.5629542262327,715.5085764253004,695.838275350038,696.0375998097135
2026-06-09 22:00:00,670.07529,619.3363074749345,609.3640960856803,652.68127,728.5629542262327,591.8327408312227,628.3958834939552,627.3230044460707
2026-06-09 23:00:00,268.10729,557.2015381017826,517.193847942648,652.68127,728.5629542262327,499.6624926881904,574.0845091345363,571.3043948557741
2026-06-10 00:00:00,176.82348,376.6210832617786,346.83060931122253,205.07529,280.95697422623266,329.299254056765,352.8600911245409,342.29282084299996
2026-06-10 01:00:00,176.82348,194.8058953465284,191.86466454940808,205.07529,243.71539808070787,198.6497455033841,201.1072971636312,186.78216537992364
2026-06-10 02:00:00,196.82348,186.9900574641549,185.2159225720648,205.07529,243.71539808070787,192.00100352604085,194.82677372101352,180.09322367082314
2026-06-10 03:00:00,196.82348,173.08877164236495,167.39117102037443,205.07529,243.71539808070787,174.17625197435046,183.56436272492687,168.75215092567475
2026-06-10 04:00:00,196.82348,182.4277845202165,177.9067329220449,205.07529,243.71539808070787,184.69181387602094,191.10755981678102,176.36738727295563
2026-06-10 05:00:00,196.82348,239.53332094463013,233.5099566580509,245.07529,283.71539808070787,240.29503761202693,244.87666653566993,231.02928397388678
2026-06-10 06:00:00,196.82348,215.67853276412197,243.37669075083284,245.07529,283.71539808070787,250.16177170480887,231.49080986059394,221.59820582955228
2026-06-10 07:00:00,196.82348,207.3297171519561,240.646917457722,245.07529,283.71539808070787,247.43199841169803,226.1426360790578,217.9166338959218
2026-06-10 08:00:00,196.82348,211.89414536250032,246.7026012777286,245.07529,283.71539808070787,253.48768223170464,230.3097973728672,223.5741358774141
2026-06-10 09:00:00,196.82348,204.80900865181172,243.0774159129826,229.55529,268.1953980807079,249.86249686695862,222.7518612041535,217.06220568801638
2026-06-10 10:00:00,196.82348,260.56471972814643,295.4214364185746,245.07529,283.71539808070787,302.20651737255065,270.41535259622,266.26905479457696
2026-06-10 11:00:00,196.82348,289.12731938596886,332.02862356376613,245.07529,283.71539808070787,338.81370451774217,296.1275865975733,295.5142014930159
2026-06-10 12:00:00,196.82348,374.05083431446906,358.2243109122698,245.07529,283.71539808070787,365.00939186624583,358.33584338538276,356.6353756191943
2026-06-10 13:00:00,196.82348,421.2255397298661,396.3893346564104,245.07529,283.71539808070787,403.17441561038646,397.76998678214966,400.3978925854127
2026-06-10 14:00:00,196.82348,478.3312293067111,464.624846377505,255.07529,293.71539808070787,471.409927331481,447.18658492236676,453.1431029930477
2026-06-10 15:00:00,516.82348,656.4811884940108,619.2780330460764,670.07529,708.7153980807079,626.0631140000525,665.1278994241129,678.6149800629153
2026-06-10 16:00:00,546.82348,682.4023285264295,666.8380427466625,673.07529,711.7153980807079,673.6231237006385,687.3150121265749,700.5611866556615
2026-06-10 17:00:00,671.82348,744.9756599370022,702.9714447373972,695.07529,733.7153980807079,709.7565256913732,743.2654296737707,759.9898805944906
2026-06-10 18:00:00,1276.82348,1024.8562491120133,1012.1400406600596,715.07529,753.7153980807079,1018.9251216140358,981.1053148834678,1010.0304343374789
2026-06-10 19:00:00,1276.82348,1425.3185527628607,1410.7710428006662,1275.07529,1313.715398080708,1417.5561237546424,1401.3472824419841,1418.1690889358442
2026-06-10 20:00:00,742.02048,1311.2576683319694,1292.7913265037537,1275.07529,1313.715398080708,1299.5764074577298,1304.1694240620777,1314.4127027828963
2026-06-10 21:00:00,742.02048,963.8975309986372,924.7230609206408,1054.07529,1092.715398080708,931.5081418746169,977.8642371504254,988.0444132817647
2026-06-10 22:00:00,516.82348,596.8840153012279,546.7867531017221,670.07529,708.7153980807079,553.5718340556981,611.477100759212,621.4290854266112
2026-06-10 23:00:00,196.82348,337.4596220343936,325.3045767662022,268.10729,306.74739808070785,332.08965772017825,331.63088765365467,330.7485689191525
2026-06-11 00:00:00,138.83873,282.0400521249981,224.60285470864895,176.82348,215.4635880807079,231.38793566262498,270.60255873214817,273.89271692416116
2026-06-11 01:00:00,138.83873,148.9063357329827,155.20613458026284,176.82348,123.96279400147145,154.92889334891888,150.9837357752774,155.05044186006842
2026-06-11 02:00:00,138.83873,149.413606338669,154.16809345877394,196.82348,143.96279400147145,153.89085222742997,153.60827483843704,157.1498190000937
2026-06-11 03:00:00,138.83873,122.92174740380884,135.51082972131127,196.82348,143.96279400147145,135.2335884899673,133.6164765069106,136.93491078235797
2026-06-11 04:00:00,138.83873,133.59881893609327,140.3834466658519,196.82348,143.96279400147145,140.10620543450793,141.5868648086845,144.29226923898415
2026-06-11 05:00:00,208.83873,165.45593420282535,169.1383051294263,196.82348,143.96279400147145,168.86106389808234,167.62071256758387,170.54282321678414
2026-06-11 06:00:00,148.83873,164.81029201525058,176.4630081771944,196.82348,143.96279400147145,176.18576694585045,169.20466424577137,171.34249547687065
2026-06-11 07:00:00,138.83873,152.03650226951578,165.3539711889911,196.82348,143.96279400147145,165.07672995764713,159.07770660524193,160.8829626148053
2026-06-11 08:00:00,138.83873,155.7922081087152,167.23861673926584,196.82348,143.96279400147145,166.96137550792187,161.66094749763676,163.93895568634338
2026-06-11 09:00:00,118.83873,140.95575652666878,152.6860720794703,196.82348,143.96279400147145,152.40883084812634,149.3387250001383,151.78419827069993
2026-06-11 10:00:00,138.83873,144.44183827796326,155.53996073237394,196.82348,143.96279400147145,155.26271950102998,152.38436731051183,154.62264648088228
2026-06-11 11:00:00,208.83873,144.68051813479758,158.52832290087613,196.82348,143.96279400147145,158.25108166953217,153.77480321341878,154.81461921672303
2026-06-11 12:00:00,208.83873,171.6615736451412,173.7640211201461,196.82348,143.96279400147145,173.48677988880215,173.47727425538335,175.13506648624772
2026-06-11 13:00:00,208.83873,183.41369414313175,172.80468452076485,196.82348,143.96279400147145,172.5274432894209,182.07009617614833,180.45208921279323
2026-06-11 14:00:00,548.83873,216.2359379499989,207.08509200847797,196.82348,143.96279400147145,206.807850777134,210.23729081940826,208.07537046244772
2026-06-11 15:00:00,548.83873,365.4792185930048,344.4944046072678,516.82348,463.9627940014715,344.21716337592386,376.9059667367229,368.99269412986416
2026-06-11 16:00:00,608.83873,423.7732057829159,410.8252590168832,546.82348,493.9627940014715,410.54801778553923,430.9912864228392,423.8730808961725
2026-06-11 17:00:00,673.83873,521.2413180922397,490.6055654610903,671.82348,618.9627940014715,490.32832422974633,528.246631988349,514.5239198409259
2026-06-11 18:00:00,1157.83873,1051.7758416930292,993.8354607761332,1276.82348,1223.9627940014716,993.5582195447894,1033.562555107129,1027.8998865803997
2026-06-11 19:00:00,1278.83873,1246.5096082104235,1297.3348090799682,1276.82348,1223.9627940014716,1297.0575678486243,1219.6099289394656,1222.324543879296
2026-06-11 20:00:00,1157.83873,877.637811531522,955.7649700432644,742.02048,689.1597940014715,955.4877288119205,855.3898549453916,855.7678838043128
2026-06-11 21:00:00,743.96573,621.8495964453474,614.1728373040138,742.02048,689.1597940014715,613.8955960726698,620.228164164382,620.1206875211421
2026-06-11 22:00:00,608.83873,387.6744606559448,338.28125779103544,516.82348,463.9627940014715,338.0040165596915,388.0809119143081,383.41419691769494
2026-06-11 23:00:00,233.31873,221.8860052046508,208.2081922591489,196.82348,143.96279400147145,207.93095102780492,213.41447027058734,212.85827943930235
2026-06-12 00:00:00,135.79209,180.3644761406732,161.77678022557768,138.83873,85.97804400147146,161.49953899423372,164.40529564634375,162.36283773307972
2026-06-12 01:00:00,227.79209,144.99933297774237,143.25977631529605,138.83873,117.78285645069752,151.5081531735549,143.63119312923112,137.73543919118103
2026-06-12 02:00:00,135.79209,147.23604289282764,140.40423740087522,138.83873,117.78285645069752,148.65261425913405,145.60181531096868,140.40028542522833
2026-06-12 03:00:00,227.79209,130.24663782035154,130.0583797829354,138.83873,117.78285645069752,138.30675664119423,132.5294565291793,126.74967839026255
2026-06-12 04:00:00,227.79209,136.77437956198878,135.46300362606632,138.83873,117.78285645069752,143.71138048432516,137.42223591067233,131.56151728695463
2026-06-12 05:00:00,307.79209,176.39845214594092,192.06075708246084,208.83873,187.78285645069752,200.30913394071968,182.9791663520936,177.1988450290497
2026-06-12 06:00:00,227.79209,169.2947201974024,174.62838163558797,148.83873,127.78285645069752,182.8767584938468,166.4133593216025,161.4110972176473
2026-06-12 07:00:00,227.79209,154.4479321148554,162.06968402598554,138.83873,117.78285645069752,170.31806088424437,153.78148810471293,149.35957245144954
2026-06-12 08:00:00,227.79209,159.0207405415264,164.752040209698,138.83873,117.78285645069752,173.00041706795685,156.6884251080075,151.8932809750883
2026-06-12 09:00:00,135.79209,155.06257896010823,157.41841522372562,118.83873,97.78285645069752,165.66679208198445,150.17504637380034,146.93673118022807
2026-06-12 10:00:00,227.79209,177.8194880724463,184.57073430361115,138.83873,117.78285645069752,192.81911116186998,172.27961542522928,168.16349952035077
2026-06-12 11:00:00,227.79209,198.00496802447728,221.22806011627188,208.83873,187.78285645069752,229.4764369745307,206.6277506699667,205.94665816194686
2026-06-12 12:00:00,227.79209,229.96935945024825,233.15605533223317,208.83873,187.78285645069752,241.404432190492,229.0274303017559,228.31684614564884
2026-06-12 13:00:00,227.79209,260.1306407319213,262.23520354560344,208.83873,187.78285645069752,270.4835804038623,255.86098847123003,258.2086250305782
2026-06-12 14:00:00,515.79209,412.97490203045584,391.9484319786558,548.83873,527.7828564506976,400.1968088369146,436.89078586726725,442.86999733889235
2026-06-12 15:00:00,515.79209,481.72283475389895,468.9642847204634,548.83873,527.7828564506976,477.21266157872225,494.11893285998906,502.24304810159435
2026-06-12 16:00:00,545.79209,523.6107162936677,511.9839245726279,608.83873,587.7828564506976,520.2323014308868,537.1679220835919,544.8306355607567
2026-06-12 17:00:00,670.79209,594.8318083492734,579.1673398711762,673.83873,652.7828564506976,587.415716729435,609.3859642789474,622.6184685701395
2026-06-12 18:00:00,740.00009,1087.4992488727078,1057.3742333779703,1157.83873,1136.7828564506974,1065.622610236229,1075.2682992514103,1081.2362236758142
2026-06-12 19:00:00,1275.79209,1264.8548545264753,1288.6677024984906,1278.83873,1257.7828564506974,1296.9160793567494,1239.8162911258005,1243.9637555504614
2026-06-12 20:00:00,1204.79209,1030.3923241450743,1002.2851532896726,1157.83873,1136.7828564506974,1010.5335301479315,1024.6783137859352,1024.6340251254617
2026-06-12 21:00:00,670.79209,654.3699134065387,610.0073172722716,743.96573,722.9098564506976,618.2556941305304,654.9082168547009,657.5958268680548
2026-06-12 22:00:00,545.79209,482.68997410222096,411.4664886097372,608.83873,587.7828564506976,419.71486546799605,492.1260280425102,493.85876404108643
2026-06-12 23:00:00,505.79209,272.2610723192232,260.4827045918764,233.31873,212.2628564506975,268.73108145013526,265.72935538035154,266.10189443574245
2026-06-13 00:00:00,500.46301,221.7359925253673,184.7355608352349,135.79209,114.7362164506975,192.98393769349374,209.61234050358374,208.81582552909788
2026-06-13 01:00:00,500.46301,406.4311784823799,349.35434218684804,227.79209,299.3475136909318,363.3061720401602,386.2274164258318,385.25070418000917
2026-06-13 02:00:00,490.46301,375.0307748631444,300.70333556710784,135.79209,207.3475136909318,314.65516542042,342.5277134029611,341.05256261133684
2026-06-13 03:00:00,490.46301,362.3467612266917,307.4988672367317,227.79209,299.3475136909318,321.4506970900439,348.8809890936379,347.7216628712764
2026-06-13 04:00:00,490.46301,379.1374939268627,313.5668511062962,227.79209,299.3475136909318,327.5186809596084,359.3214010189363,358.03300346791
2026-06-13 05:00:00,490.46301,424.6395181296075,374.15655430261313,307.79209,379.3475136909318,388.1083841559253,413.0914931776168,412.3557185309689
2026-06-13 06:00:00,440.46301,372.6968751376145,374.193631743373,227.79209,299.3475136909318,388.14546159668515,372.19580061693154,371.9117704909294
2026-06-13 07:00:00,349.46301,355.7407542046852,360.086888259019,227.79209,299.3475136909318,374.0387181123312,357.7804752765918,357.47380227368177
2026-06-13 08:00:00,349.46301,360.00221725415224,363.32585129750913,227.79209,299.3475136909318,377.2776811508213,361.6577205472687,361.4163807979086
2026-06-13 09:00:00,222.46301,343.5823371398809,338.2199053832283,135.79209,207.3475136909318,352.1717352365405,333.18957567010165,332.6301508090923
2026-06-13 10:00:00,332.92001,396.02645630691626,393.84176640310415,227.79209,299.3475136909318,407.7935962564163,392.1023156017652,391.9750100278593
2026-06-13 11:00:00,349.46301,435.5629581830191,428.8566095680749,227.79209,299.3475136909318,442.80843942138705,425.05329413563504,425.0815434838248
2026-06-13 12:00:00,349.46301,418.3923403203896,458.7131285865751,227.79209,299.3475136909318,472.6649584398873,423.7134744703968,424.39227281280637
2026-06-13 13:00:00,440.46301,423.7847113995136,448.98397713142447,227.79209,299.3475136909318,462.93580698473664,421.8166692474265,422.19127054030974
2026-06-13 14:00:00,440.46301,517.8818347016663,524.9321478170685,515.79209,587.3475136909319,538.8839776703808,534.4313520134457,534.9828654189813
2026-06-13 15:00:00,502.46301,562.1535354915338,582.2184268825146,515.79209,587.3475136909319,596.1702567358268,575.8909431085999,576.8341776376542
2026-06-13 16:00:00,550.46301,576.3347902734439,594.9352977728325,545.79209,617.3475136909319,608.8871276261448,590.6284713908171,591.3320463178503
2026-06-13 17:00:00,550.46301,618.9796490075059,616.6815388203983,670.79209,742.3475136909319,630.6333686737105,636.8244933719606,637.8371956020638
2026-06-13 18:00:00,1249.46301,768.7078659178268,769.1720308944895,740.00009,811.5555136909318,783.1238607478017,763.9789922895851,763.9078695195465
2026-06-13 19:00:00,1249.46301,1037.5787512624463,992.1000441085346,1275.79209,1347.3475136909317,1006.0518739618467,1033.6056363803136,1029.2108670996859
2026-06-13 20:00:00,665.46301,952.0622087671056,894.2829375765649,1204.79209,1276.3475136909317,908.2347674298771,957.5869973749052,954.6039320016419
2026-06-13 21:00:00,1270.46301,664.011513226429,653.7285424326335,670.79209,742.3475136909319,667.6803722859456,673.4905290661912,674.5349408546688
2026-06-13 22:00:00,665.46301,555.0968387306569,562.005363668205,545.79209,617.3475136909319,575.9571935215172,572.2882491784079,572.8397512360227
2026-06-13 23:00:00,550.46301,503.97471974807576,494.8339122236155,505.79209,577.3475136909318,508.7857420769277,518.7494984421188,519.0034636396389
2026-06-14 00:00:00,501.97868,456.0631648808155,434.983381134109,500.46301,572.0184336909318,448.93521098742116,471.18574728091716,470.66941931175637
2026-06-14 01:00:00,501.97868,480.9144520271145,485.26798776271903,500.46301,457.58995888899875,490.0227061147732,484.06481400185,484.214741396375
2026-06-14 02:00:00,501.97868,468.66001709247496,470.6948206906801,490.46301,447.58995888899875,475.4495390427343,469.3939022486506,468.66079263242506
2026-06-14 03:00:00,501.97868,450.3163793912329,446.9924654540685,490.46301,447.58995888899875,451.7471838061227,451.36944829466813,450.4246089975525
2026-06-14 04:00:00,441.97868,445.8636993719475,439.7570618288042,490.46301,447.58995888899875,444.51178018085835,446.48671774760976,445.50417679650303
2026-06-14 05:00:00,441.97868,456.7345927136768,454.5325548540167,490.46301,447.58995888899875,459.2872732060709,457.3718311283905,456.54396507253557
2026-06-14 06:00:00,226.97868,416.8852264330911,435.7231065193827,440.46301,397.58995888899875,440.4778248714369,424.1028052923709,424.0391733976557
2026-06-14 07:00:00,226.97868,390.7126466019234,403.0666904204584,349.46301,306.58995888899875,407.82140877251254,387.60090731903614,387.28085399379836
2026-06-14 08:00:00,223.97868,385.7072505664137,398.8535645686669,349.46301,306.58995888899875,403.6082829207211,385.45157986224115,385.8362682351278
2026-06-14 09:00:00,222.47868,352.2634584502643,354.9301887562218,222.46301,179.58995888899875,359.684907108276,334.8340773482662,333.9962693874024
2026-06-14 10:00:00,223.97868,380.359656879049,391.48830876777686,332.92001,290.04695888899874,396.243027119831,376.7898727466451,376.56653536627493
2026-06-14 11:00:00,223.97868,411.78419959631896,420.2136840587613,349.46301,306.58995888899875,424.9684024108155,405.04724258848944,404.7037927391434
2026-06-14 12:00:00,223.97868,413.0184388997761,434.2618832923523,349.46301,306.58995888899875,439.0166016444065,410.82500753576505,410.9631998677041
2026-06-14 13:00:00,223.97868,435.841001232519,441.49223493071,440.46301,397.58995888899875,446.2469532827642,435.77931950264485,435.4292436425452
2026-06-14 14:00:00,226.97868,448.2355417307497,455.3082708999657,440.46301,397.58995888899875,460.06298925201986,447.88272349818294,448.14896811159645
2026-06-14 15:00:00,501.97868,488.3721230932399,495.3291018955474,502.46301,459.58995888899875,500.0838202476016,490.63007985765324,491.3763418067577
2026-06-14 16:00:00,503.47868,516.291392445453,529.5325826911059,550.46301,507.5899588889988,534.28730104316,521.8216522776718,522.3261974863011
2026-06-14 17:00:00,503.47868,530.8341245404268,537.1287566906428,550.46301,507.5899588889988,541.883475042697,530.7262389233997,531.1000719383217
2026-06-14 18:00:00,503.97868,872.3505227901396,782.6683170809052,1249.46301,1206.5899588889988,787.4230354329594,872.9329047522697,869.2596947983347
2026-06-14 19:00:00,600.97868,951.6652086880662,897.8580066049401,1249.46301,1206.5899588889988,902.6127249569943,949.555447910576,946.6915099615237
2026-06-14 20:00:00,503.97868,723.0536553445004,746.8279776792594,665.46301,622.5899588889988,751.5826960313136,717.2248827410896,719.6320140774434
2026-06-14 21:00:00,600.97868,853.9677162636375,768.900581142733,1270.46301,1227.5899588889988,773.6552994947872,864.8214498164538,860.9506715583971
2026-06-14 22:00:00,552.97868,591.1818266035733,563.0340861002385,665.46301,622.5899588889988,567.7888044522927,593.8863753774326,595.1035843399029
2026-06-14 23:00:00,503.97868,525.7244313936374,516.5933878588476,550.46301,507.5899588889988,521.3481062109017,525.1150975763863,525.2526222930235
2026-06-15 00:00:00,340.96241,473.3941211867427,479.56282233786334,501.97868,459.10562888899875,484.3175406899175,472.0622506557088,478.29885118664833
2026-06-15 01:00:00,340.96241,354.6589453371317,382.34238184541294,501.97868,608.4004023141799,369.2218195116518,401.52722324098204,396.84672260624643
2026-06-15 02:00:00,340.96241,377.173202573592,400.7315314608939,501.97868,608.4004023141799,387.61096912713276,419.6048214266068,415.5881915751779
2026-06-15 03:00:00,340.96241,382.11040194446696,408.3426567180687,501.97868,608.4004023141799,395.2220943843076,423.6242236675307,419.4120617736741
2026-06-15 04:00:00,340.96241,407.8511384907904,423.72249183280735,441.97868,548.4004023141799,410.6019294990462,432.54602118119175,426.88618794113125
2026-06-15 05:00:00,340.96241,434.6457049864503,452.2723977218857,441.97868,548.4004023141799,439.15183538812454,454.16450197391816,451.046955271492
2026-06-15 06:00:00,338.16241,413.1175011969096,413.4597964316037,226.97868,333.40040231417987,400.33923409784256,396.769615633525,391.6065604364659
2026-06-15 07:00:00,227.46241,418.8784790091504,417.1016690697652,226.97868,333.40040231417987,403.98110673600405,400.9445679405858,394.1312579585625
2026-06-15 08:00:00,227.46241,416.9698662314864,419.48486680364624,223.97868,330.40040231417987,406.3643044698851,400.0330674991796,391.9910989368234
2026-06-15 09:00:00,227.46241,421.4848792241357,419.58365806843625,222.47868,328.90040231417987,406.4630957346751,402.3027714586726,393.3680990399121
2026-06-15 10:00:00,243.94241,431.5726465932183,428.8121074204048,223.97868,330.40040231417987,415.69154508664366,410.63994154099873,401.78035655331496
2026-06-15 11:00:00,338.16241,432.2255723651288,431.9872076238456,223.97868,330.40040231417987,418.8666452900845,411.8681086434667,402.86545660024007
2026-06-15 12:00:00,338.16241,406.8858453434112,439.9940722000096,223.97868,330.40040231417987,426.87350986624847,395.76606504271626,391.4552555084176
2026-06-15 13:00:00,338.16241,436.1492653610817,471.83337196794434,223.97868,330.40040231417987,458.7128096341832,420.2350582323573,418.7486462924351
2026-06-15 14:00:00,340.96241,456.2101632564919,490.2135271798994,226.97868,333.40040231417987,477.0929648461383,437.5046879327226,438.9830912755583
2026-06-15 15:00:00,340.96241,559.4712554719213,581.5213627136737,501.97868,608.4004023141799,568.4008003799127,569.5263036202616,578.2627769058673
2026-06-15 16:00:00,494.46241,582.7489181216969,605.1824436216257,503.47868,609.9004023141799,592.0618812878645,589.2371490456443,598.7490970677943
2026-06-15 17:00:00,505.46241,598.4669530536429,614.6133369651496,503.47868,609.9004023141799,601.4927746313886,602.3722426453257,613.2432370102675
2026-06-15 18:00:00,506.46241,709.2510524169193,726.7484762396413,503.97868,610.4004023141799,713.6279139058802,693.992077445953,709.0216253519213
2026-06-15 19:00:00,505.46241,820.1489638596754,831.2625532341062,600.97868,707.4004023141799,818.141990900345,802.6602345905387,820.6481732230701
2026-06-15 20:00:00,505.46241,740.8529484625662,756.7353596610355,503.97868,610.4004023141799,743.6147973272743,721.0988554382855,736.6976034006265
2026-06-15 21:00:00,494.46241,688.5222718915414,691.8606998949151,600.97868,707.4004023141799,678.7401375611539,690.6959694612601,700.5394341884562
2026-06-15 22:00:00,340.96241,594.5401659495444,597.7407776490268,552.97868,659.4004023141799,584.6202153152656,603.7288667072984,607.2771217624119
2026-06-15 23:00:00,340.96241,523.079330500643,531.7326973587033,503.97868,610.4004023141799,518.6121350249421,535.5249668013761,536.0695972946546
2026-06-16 00:00:00,246.4869,477.07791389871966,461.70743786808487,340.96241,447.38413231417985,448.5868755343237,464.33483129283206,469.1321120366155
2026-06-16 01:00:00,246.4869,259.39632660309087,279.982027185905,340.96241,461.04865449365195,260.9388331276128,291.8713807143879,292.71134535317714
2026-06-16 02:00:00,233.0069,273.0777206022144,287.9734107871702,340.96241,461.04865449365195,268.930216728878,301.8309452272064,302.66620882528304
2026-06-16 03:00:00,258.0069,275.992793544911,289.42251061419387,340.96241,461.04865449365195,270.37931655590165,303.74115364261274,304.7039917002222
2026-06-16 04:00:00,269.0069,305.54016779497925,328.42903008078963,340.96241,461.04865449365195,309.3858360224974,329.91883213180597,332.78274853106967
2026-06-16 05:00:00,269.0069,371.1608205702105,409.10050175409606,340.96241,461.04865449365195,390.05730769580384,387.93292718050225,393.3402821786998
2026-06-16 06:00:00,269.0069,417.1435060183557,407.9010824704365,338.16241,458.248654493652,388.8578884121443,414.49218477386705,420.64047618061505
2026-06-16 07:00:00,269.0069,395.8528708535376,377.6936143580226,227.46241,347.54865449365195,358.6504202997304,379.4379233421014,386.45087294573204
2026-06-16 08:00:00,269.0069,383.1501944233366,369.6959644822308,227.46241,347.54865449365195,350.6527704239386,370.5077725556097,376.01733097500437
2026-06-16 09:00:00,258.0069,372.422564957706,361.59466113877954,227.46241,347.54865449365195,342.5514670804873,362.1620720449564,367.194721129879
2026-06-16 10:00:00,269.0069,383.4780628950927,375.92417712063815,243.94241,364.02865449365197,356.88098306234593,375.2647327565861,378.68310962891576
2026-06-16 11:00:00,269.0069,400.390170167059,404.5412880461211,338.16241,458.248654493652,385.4980939878289,405.9795593837267,406.6162759008386
2026-06-16 12:00:00,269.0069,412.4006599954533,430.7873835436216,338.16241,458.248654493652,411.7441894853294,419.9102812186235,419.67077838793693
2026-06-16 13:00:00,269.0069,449.9527994734749,466.2634080459581,338.16241,458.248654493652,447.2202139876659,451.84911381479134,449.93625132714476
2026-06-16 14:00:00,458.0069,502.3325599539301,525.4418147807961,340.96241,461.04865449365195,506.3986207225039,498.7562289211527,495.90022333801846
2026-06-16 15:00:00,508.0069,553.6580786471275,576.0374208895673,340.96241,461.04865449365195,556.9942268312751,543.5862923753014,538.0336063264601
2026-06-16 16:00:00,559.0069,619.0837452358044,636.4697079477666,494.46241,614.548654493652,617.4265138894743,617.5716563417013,610.6780744908428
2026-06-16 17:00:00,673.0069,645.8324920506019,661.628303677284,505.46241,625.548654493652,642.5851096189917,641.2234264212079,633.707808907527
2026-06-16 18:00:00,1256.0069,783.4166889511449,847.1395573182103,506.46241,626.548654493652,828.0963632599181,768.101373826586,761.1243847887877
2026-06-16 19:00:00,1257.0069,851.4886162993037,925.7470937644546,505.46241,625.548654493652,906.7038997061624,828.7492571349609,819.6081217376484
2026-06-16 20:00:00,1257.0069,760.2200065796097,807.164538812789,505.46241,625.548654493652,788.1213447544968,745.1225169320394,736.6000300454273
2026-06-16 21:00:00,1256.0069,658.086748054292,697.593940977995,494.46241,614.548654493652,678.5507469197028,654.3261082546596,649.948693096538
2026-06-16 22:00:00,509.0069,522.0269148644718,569.5369009832159,340.96241,461.04865449365195,550.4937069249237,520.6728945963006,519.3939085669451
2026-06-16 23:00:00,508.0059,457.7854075748325,501.5650159877063,340.96241,461.04865449365195,482.5218219294141,463.0018016507011,465.95929094431335
2026-06-17 00:00:00,271.7723,434.0822817371063,407.37550047891045,246.4869,366.57314449365197,388.33230642061824,411.9617626062583,417.0825116641245
2026-06-17 01:00:00,271.7723,286.6622841404063,277.84680790978456,246.4869,267.9542580759101,272.02561426789106,287.4126919840692,289.5161943241676
2026-06-17 02:00:00,271.7723,287.95202348431127,271.2115267967804,233.0069,254.47425807591014,265.3903331548869,284.84802378092775,286.75991426047307
2026-06-17 03:00:00,271.7723,277.90455017821165,265.12727146943433,258.0069,279.4742580759101,259.30607782754083,281.3952262758653,282.08645022145714
2026-06-17 04:00:00,271.7723,291.45843288397447,288.90950859898703,269.0069,290.4742580759101,283.08831495709353,295.64946634074613,297.94002174832366
2026-06-17 05:00:00,310.7723,346.788527740778,350.65701188892086,269.0069,290.4742580759101,344.83581824702736,342.5282793047562,347.0983008605091
2026-06-17 06:00:00,310.7723,345.5778279248969,344.5171155113861,269.0069,290.4742580759101,338.6959218694926,340.7481670458298,344.29025794078734
2026-06-17 07:00:00,271.7723,326.58378652608525,329.21987069460766,269.0069,290.4742580759101,323.39867705271416,326.0067371894797,328.707263270904
2026-06-17 08:00:00,271.7723,306.93000081024263,314.6439222305441,269.0069,290.4742580759101,308.8227285886506,311.27496987586915,312.58218733583556
2026-06-17 09:00:00,271.7723,281.5570770551529,290.8464962054733,258.0069,279.4742580759101,285.02530256357977,289.60188483496233,290.12048486135484
2026-06-17 10:00:00,271.7723,314.91361155073434,320.1949347220237,269.0069,290.4742580759101,314.3737410801302,317.7595087414454,319.0052405511746
2026-06-17 11:00:00,271.7723,333.0180497165612,337.8499417591784,269.0069,290.4742580759101,332.0287481172849,332.69845343824664,333.77369658378205
2026-06-17 12:00:00,271.7723,330.0853973353601,346.010040939447,269.0069,290.4742580759101,340.1888472975535,332.5794775510799,334.29339995523156
2026-06-17 13:00:00,310.7723,358.37302588431555,371.56821554899,269.0069,290.4742580759101,365.7470219070965,356.3901879728216,356.6913560266358
2026-06-17 14:00:00,510.7713,465.5439326994327,479.04378226866606,458.0069,479.4742580759101,473.22258862677256,469.77200602696047,470.29772089380344
2026-06-17 15:00:00,510.7723,551.5243244412488,566.2303002443166,508.0069,529.47425807591,560.4091066024231,553.4695055726395,548.3037495555752
2026-06-17 16:00:00,675.7723,596.3638100994946,619.8966947041422,559.0069,580.47425807591,614.0755010622487,599.0401199809646,595.1096459136379
2026-06-17 17:00:00,675.7723,676.7675172382873,685.1811032435687,673.0069,694.47425807591,679.3599096016752,680.5207787576488,671.2798225518568
2026-06-17 18:00:00,680.7723,1146.078200295913,1140.7656893637711,1256.0069,1277.4742580759103,1134.9444957218775,1138.0387005428586,1134.029027289534
2026-06-17 19:00:00,1258.7723,1350.5607113878752,1422.4275645803611,1257.0069,1278.4742580759103,1416.6063709384675,1327.6526783873558,1325.697697005976
2026-06-17 20:00:00,675.7723,1222.6804482790878,1263.975153444969,1257.0069,1278.4742580759103,1258.1539598030754,1214.0879352928646,1212.5435567544193
2026-06-17 21:00:00,511.7723,984.7579171310128,967.5760644659892,1256.0069,1277.4742580759103,961.7548708240957,999.2250237401472,1000.5768652227764
2026-06-17 22:00:00,510.7723,533.9403860362023,544.0127769538022,509.0069,530.47425807591,538.1915833119087,539.8440378734313,534.8616733219675
2026-06-17 23:00:00,510.7713,456.8192287063088,444.1055797594474,508.0059,529.47325807591,438.2843861175539,465.8705062121363,464.0119210893711
2026-06-18 00:00:00,341.70205,371.7855222759485,342.5178679226956,271.7723,293.2396580759101,336.6966742808021,363.4381195861925,363.3913020099385
2026-06-18 01:00:00,341.70205,345.01853370150667,330.1127695272445,271.7723,278.6274817503887,323.9590106625851,335.1380435849925,333.2422119963991
2026-06-18 02:00:00,341.70205,340.378322567666,323.166774275462,271.7723,278.6274817503887,317.0130154108026,331.39700192325506,329.6103884752041
2026-06-18 03:00:00,341.70205,328.6239513542309,311.5508963583952,271.7723,278.6274817503887,305.39713749373584,321.9665320007647,320.2499220214722
2026-06-18 04:00:00,341.70205,341.1838752159589,323.8080509745751,271.7723,278.6274817503887,317.65429210991573,331.97668131998466,330.17508242944257
2026-06-18 05:00:00,341.70205,369.1090412988209,358.6702153791226,310.7723,317.6274817503887,352.51645651446324,362.47552928444867,361.59504235270674
2026-06-18 06:00:00,341.70205,345.7793025749769,354.1762116942568,310.7723,317.6274817503887,348.0224528295974,345.1160533373384,344.648442803527
2026-06-18 07:00:00,341.70205,331.22999350162,335.07979751607184,271.7723,278.6274817503887,328.92603865141245,325.21629866219826,323.61897738388336
2026-06-18 08:00:00,341.70205,310.42485844222216,322.8822582440574,271.7723,278.6274817503887,316.72849937939804,309.4274792317045,308.3093283577921
2026-06-18 09:00:00,341.70205,291.67124159410014,304.6919762451472,271.7723,278.6274817503887,298.5382173804878,294.21076828259754,293.0705257242928
2026-06-18 10:00:00,341.70205,299.9202702916311,304.47063594791393,271.7723,278.6274817503887,298.31687708325455,299.5299920968416,297.778121530598
2026-06-18 11:00:00,341.70205,299.17783602652287,304.26980227920114,271.7723,278.6274817503887,298.11604341454176,299.1179872557585,297.50620394871135
2026-06-18 12:00:00,341.70205,301.76966313185494,317.5593083051156,271.7723,278.6274817503887,311.40554944045624,301.72408989844286,300.07679294612126
2026-06-18 13:00:00,341.70205,317.3554300492905,329.35491568811483,310.7723,317.6274817503887,323.20115682345545,322.0658082721084,321.68078294211773
2026-06-18 14:00:00,355.70205,395.10229862411984,399.7354040941231,510.7713,517.6264817503887,393.58164522946373,418.3238106320653,419.9367800539663
2026-06-18 15:00:00,436.70205,434.80896297282345,445.088934297509,510.7723,517.6274817503887,438.93517543284963,451.14446526410165,453.01676788973214
2026-06-18 16:00:00,456.70205,518.3669839619344,524.0235328570137,675.7723,682.6274817503887,517.8697739923543,545.1860298676639,548.1116760649656
2026-06-18 17:00:00,456.70205,572.4443383502093,580.0745312965839,675.7723,682.6274817503887,573.9207724319245,590.7272035186436,594.7733134267115
2026-06-18 18:00:00,676.70205,787.5983358120521,861.718283623471,680.7723,687.6274817503887,855.5645247588117,769.6581582325373,773.8786358323541
2026-06-18 19:00:00,1254.70205,1160.465067182642,1177.6201143127792,1258.7723,1265.6274817503888,1171.4663554481197,1147.0344442342646,1145.8924180191834
2026-06-18 20:00:00,671.70205,788.3127324810384,856.883804317478,675.7723,682.6274817503887,850.7300454528187,769.970751637248,774.6353767025134
2026-06-18 21:00:00,456.70205,554.1430687430363,575.7178236783066,511.7723,518.6274817503887,569.5640648136472,547.6808060752925,548.8850040567168
2026-06-18 22:00:00,426.70205,458.7275941156112,426.3362014929866,510.7723,517.6274817503887,420.18244262832724,464.7761760688129,464.1255118480908
2026-06-18 23:00:00,341.70205,441.2253715902748,407.9144497008253,510.7713,517.6264817503887,401.7606908361659,447.54392833226814,444.9646978845938
2026-06-19 00:00:00,304.76006,345.1502384251856,350.77083265539886,341.70205,348.5572317503887,344.6170737907395,346.10374141800247,339.44374243805476
2026-06-19 01:00:00,423.76006,307.1138641406871,315.96855207317617,341.70205,322.57562916775424,310.0376342830289,310.7673731606394,307.8333041590428
2026-06-19 02:00:00,423.76006,308.71974546351373,317.59132607389967,341.70205,322.57562916775424,311.6604082837524,312.0612063923768,309.66123834212533
2026-06-19 03:00:00,339.76006,305.08103705350726,315.24940305331586,341.70205,322.57562916775424,309.3184852631686,309.1490161902658,306.55269700692224
2026-06-19 04:00:00,423.76006,317.0507435185936,322.3627760285028,341.70205,322.57562916775424,316.4318582383556,318.71939655220353,317.5575272304498
2026-06-19 05:00:00,431.76006,327.2931694628064,336.55906104458575,341.70205,322.57562916775424,330.6281432544385,327.03401332714157,328.30174401610145
2026-06-19 06:00:00,431.76006,323.4810946390457,331.81059596140534,341.70205,322.57562916775424,325.8796781712581,323.9816514710452,322.3969041205029
2026-06-19 07:00:00,431.76006,314.326650971036,325.4386811182645,341.70205,322.57562916775424,319.5077633281173,317.2052500223823,316.0111021408031
2026-06-19 08:00:00,304.76006,305.7205482062957,317.9450719512224,341.70205,322.57562916775424,312.01415416107517,310.42781992208813,309.3519070108705
2026-06-19 09:00:00,304.76006,309.15604811527663,315.4972493629034,341.70205,322.57562916775424,309.56633157275616,311.66830750742974,309.0671164253075
2026-06-19 10:00:00,304.76006,307.05326208248704,312.0220165922196,341.70205,322.57562916775424,306.09109880207234,309.57209286298234,306.7143836378242
2026-06-19 11:00:00,339.76006,312.4702650091905,318.244829621742,341.70205,322.57562916775424,312.31391183159474,314.26003590546316,311.6987815615915
2026-06-19 12:00:00,339.76006,314.5430604694456,328.80396229190853,341.70205,322.57562916775424,322.8730445017613,317.095663499176,315.3099192200033
2026-06-19 13:00:00,431.76006,321.7560033101299,333.4641634168818,341.70205,322.57562916775424,327.5332456267345,323.1244984388108,322.17714938618633
2026-06-19 14:00:00,431.76006,335.07083981244136,344.47444619509594,355.70205,336.57562916775424,338.5435284049487,336.58286037177254,339.5109916053676
2026-06-19 15:00:00,668.76006,399.42255006811104,409.4509731242607,436.70205,417.57562916775424,403.52005533411347,403.8555917181018,406.81094371676267
2026-06-19 16:00:00,668.76006,426.7516337577093,448.8124887164619,456.70205,437.57562916775424,442.8815709263147,430.04013864908427,432.144869494652
2026-06-19 17:00:00,670.76006,453.2286968740576,486.393276492964,456.70205,437.57562916775424,480.46235870281674,452.1853024917323,452.98988325401007
2026-06-19 18:00:00,673.76006,735.3521219339879,749.0581420257386,676.70205,657.5756291677542,743.1272242355913,719.3677408983376,729.7007515579173
2026-06-19 19:00:00,1252.76006,1051.8776207650994,997.3641175011423,1254.70205,1235.5756291677544,991.433199710995,1074.2579816332732,1074.609592661277
2026-06-19 20:00:00,673.76006,744.4002657234794,741.1578581513988,671.70205,652.5756291677542,735.2269403612515,727.3939127725224,742.351061013768
2026-06-19 21:00:00,670.76006,518.2212575753579,520.6670848103355,456.70205,437.57562916775424,514.7361670201883,503.91530084718244,507.0059474613244
2026-06-19 22:00:00,670.76006,406.7026108509485,396.58420753397024,426.70205,407.57562916775424,390.653289743823,405.20350381146557,404.86821262503247
2026-06-19 23:00:00,431.76006,353.92612167650094,354.978970784268,341.70205,322.57562916775424,349.0480529941207,347.61906138522363,346.755401326741
2026-06-20 00:00:00,452.51934,323.153898546392,324.3158830639703,304.76006,285.63363916775427,318.38496527382307,316.38539019540013,312.143332169117
2026-06-20 01:00:00,352.51934,445.0700008548532,441.2097037942842,423.76006,384.0146960859898,447.9726668822492,434.3920561725768,430.97813152214263
2026-06-20 02:00:00,452.51934,435.1181894162824,432.2194671110956,423.76006,384.0146960859898,438.98243019906056,426.3871874167817,423.2032522782798
2026-06-20 03:00:00,452.51934,431.4858193736226,414.9528548899992,339.76006,300.0146960859898,421.71581797796415,406.91911679611724,404.12833717201033
2026-06-20 04:00:00,452.51934,432.5566194409295,426.9003183617398,423.76006,384.0146960859898,433.66328144970475,424.2804643411081,421.31435526020647
2026-06-20 05:00:00,452.51934,430.8244266699614,428.0654693056057,431.76006,392.0146960859898,434.82843239357067,424.485153057915,420.96558189341505
2026-06-20 06:00:00,352.51934,400.5759308463843,418.847563849613,431.76006,392.0146960859898,425.61052693757796,402.2683546217375,399.1261290079052
2026-06-20 07:00:00,352.51934,390.9781904520493,410.8455958501359,431.76006,392.0146960859898,417.6085589381009,394.8058561634821,392.6646477998411
2026-06-20 08:00:00,352.51934,367.9313136396643,384.5832394926625,304.76006,265.0146960859898,391.3462025806275,353.1730735323567,352.3431772436482
2026-06-20 09:00:00,352.51934,366.6231850691056,380.7845209435932,304.76006,265.0146960859898,387.54748403155816,351.42672145373956,346.6741972191837
2026-06-20 10:00:00,352.51934,375.025743642002,388.2314263118699,304.76006,265.0146960859898,394.99438939983486,358.0950305951246,355.47373372065704
2026-06-20 11:00:00,352.51934,384.98896987324025,397.078971851015,339.76006,300.0146960859898,403.84193493898,372.00885300279833,369.1165992253387
2026-06-20 12:00:00,352.51934,385.6212060720911,405.5381860718856,339.76006,300.0146960859898,412.3011491598506,372.9069827523711,369.80427177704115
2026-06-20 13:00:00,352.51934,407.3599051312872,415.6355251076892,431.76006,392.0146960859898,422.3984881956542,406.3689800181888,404.9825465745925
2026-06-20 14:00:00,352.51934,416.3211794831253,425.9799998229979,431.76006,392.0146960859898,432.7429629109629,413.8625134526928,413.0472941854773
2026-06-20 15:00:00,452.51934,485.8998281969272,484.1035281755169,668.76006,629.0146960859897,490.86649126348186,511.4342766160655,515.299342145959
2026-06-20 16:00:00,667.51934,492.87020079306166,493.0338328385958,668.76006,629.0146960859897,499.7967959265608,517.2625661708618,521.3580305495005
2026-06-20 17:00:00,668.31934,519.2300591101441,522.9738914027438,670.76006,631.0146960859897,529.7368544907088,539.6353942530296,546.2331975025387
2026-06-20 18:00:00,669.51934,633.1750938764114,603.2952737537605,673.76006,634.0146960859897,610.0582368417255,630.9654627240816,641.268443302353
2026-06-20 19:00:00,669.51934,855.3259478672915,738.7646623181157,1252.76006,1213.01469608599,745.5276254060807,906.5051348548701,902.4309607770595
2026-06-20 20:00:00,669.51934,618.1419901001693,577.8657612556657,673.76006,634.0146960859897,584.6287243436307,618.7459331190898,629.3017347940881
2026-06-20 21:00:00,669.51934,563.972238872705,526.0808226657482,670.76006,631.0146960859897,532.8437857537132,571.9249384193135,580.0152809584836
2026-06-20 22:00:00,668.31934,536.462631794341,499.7039742649491,670.76006,631.0146960859897,506.4669373529141,548.3742105664085,553.5305532664786
2026-06-20 23:00:00,667.51934,444.91754460476994,438.6048796085332,431.76006,392.0146960859898,445.3678426964982,435.08350560285396,436.41374910920615
2026-06-21 00:00:00,451.97153,423.6357708833339,426.50140290477896,452.51934,412.7739760859898,433.26436599274393,425.5647364119934,425.61637876152633
2026-06-21 01:00:00,351.97153,430.5263385262645,415.2670963774341,352.51934,318.1833540402917,414.56881764234373,410.1126875457193,410.53583839272005
2026-06-21 02:00:00,351.97153,412.89257472985634,429.8715253328932,452.51934,418.1833540402917,429.17324659780286,417.98964014260025,417.26006596069897
2026-06-21 03:00:00,351.97153,392.3520338595225,418.09199456589033,452.51934,418.1833540402917,417.3937158308,402.2298842771478,400.8960958952908
2026-06-21 04:00:00,351.97153,377.98106014406807,407.96280397440734,452.51934,418.1833540402917,407.264525239317,391.3933688367968,390.1171186788444
2026-06-21 05:00:00,351.97153,379.9008049700324,413.13501413426025,452.51934,418.1833540402917,412.4367353991699,392.8044873860231,391.3851813513904
2026-06-21 06:00:00,351.97153,379.6377991252396,375.1892903244973,352.51934,318.1833540402917,374.4910115894069,367.6411920322498,364.1695374507867
2026-06-21 07:00:00,336.97153,366.47407852081216,365.5908509356272,352.51934,318.1833540402917,364.89257220053685,358.17124087513173,355.04269612324214
2026-06-21 08:00:00,336.97153,346.47480854849294,351.6604477250672,352.51934,318.1833540402917,350.9621689899768,344.34735021634606,342.30721721955285
2026-06-21 09:00:00,301.97153,338.1273979676876,343.41487430258127,352.51934,318.1833540402917,342.7165955674909,337.5028585333789,335.2821671627037
2026-06-21 10:00:00,301.97153,355.9747857480194,355.42864925379536,352.51934,318.1833540402917,354.730370518705,349.6110645763199,346.5578532736138
2026-06-21 11:00:00,301.97153,365.0724968764604,363.4158512314231,352.51934,318.1833540402917,362.71757249633276,356.4675586581708,353.40681203828535
2026-06-21 12:00:00,301.97153,357.8717895930441,375.1059794018258,352.51934,318.1833540402917,374.4077006667354,353.66819731834033,351.12055539611555
2026-06-21 13:00:00,336.97153,366.6605467937373,384.69422265125263,352.51934,318.1833540402917,383.9959439161623,361.19079821306474,359.3208532648781
2026-06-21 14:00:00,336.97153,378.4704772937585,397.2899219973303,352.51934,318.1833540402917,396.5916432622399,371.12591948660474,369.7763425519274
2026-06-21 15:00:00,351.97153,429.7033963219859,444.279787417305,452.51934,418.1833540402917,443.58150868221463,429.5370987378326,429.50336275077575
2026-06-21 16:00:00,351.97153,512.3227547046889,510.5801487906024,667.51934,633.1833540402918,509.881870055512,532.5252121617217,534.7438639821656
2026-06-21 17:00:00,487.47053,526.4815023887728,525.3086388372866,668.31934,633.9833540402917,524.6103601021962,544.7556921611919,547.6981497916552
2026-06-21 18:00:00,666.97153,594.2512699239012,571.6741583620906,669.51934,635.1833540402918,570.9758796270003,593.7374504545996,595.3551440763893
2026-06-21 19:00:00,667.77153,628.5804647405467,615.4348358268742,669.51934,635.1833540402918,614.7365570917839,623.7722391890035,627.6613858669075
2026-06-21 20:00:00,667.77153,625.6459147517463,606.4214051503919,669.51934,635.1833540402918,605.7231264153015,621.7759830713072,626.4071347655349
2026-06-21 21:00:00,667.77153,605.8086177759083,582.2932490061902,669.51934,635.1833540402918,581.5949702710998,604.5084417111498,607.7159335288543
2026-06-21 22:00:00,550.97153,579.0308322867166,542.9593269803661,668.31934,633.9833540402917,542.2610482452758,581.6224908714364,584.4221764221899
2026-06-21 23:00:00,550.97153,566.524227455196,527.7138356958337,667.51934,633.1833540402918,527.0155569607434,570.6952910530645,572.7864542724283
2026-06-22 00:00:00,450.6114,448.6867139205419,459.42746833394426,451.97153,417.6355440402917,458.7291895988539,445.3639316578139,451.2391689181898
2026-06-22 01:00:00,450.6114,436.5101057120471,429.11814136104977,351.97153,466.28230312574016,420.81575679429386,439.1876262015807,431.8230896974676
2026-06-22 02:00:00,450.6114,446.2209917775112,433.9959841488859,351.97153,466.28230312574016,425.69359958213,446.93764789776543,439.5794434062474
2026-06-22 03:00:00,450.6114,448.7387433706539,433.0824001307351,351.97153,466.28230312574016,424.7800155639792,448.91342275376326,441.43385222801516
2026-06-22 04:00:00,451.6114,475.1985817017175,454.4858554964994,351.97153,466.28230312574016,446.1834709297435,470.1567785392137,463.69058288632095
2026-06-22 05:00:00,451.6114,493.48346872381694,467.4903574373829,351.97153,466.28230312574016,459.187972870627,484.8096642520063,480.1323931322702
2026-06-22 06:00:00,451.6114,447.23748744762406,465.8501261760877,351.97153,466.28230312574016,457.5477416093318,452.5989066137204,450.4111096866951
2026-06-22 07:00:00,450.6114,443.1318508077598,462.35225964057736,336.97153,451.28230312574016,454.04987507382145,446.82833374490497,441.5369293448225
2026-06-22 08:00:00,450.6114,446.3381458848292,467.1842368927127,336.97153,451.28230312574016,458.8818523259568,449.91993710167066,445.16118172096395
2026-06-22 09:00:00,450.6114,440.8554355028674,461.5142898423693,301.97153,416.28230312574016,453.2119052756134,439.3826851579807,434.87641931609454
2026-06-22 10:00:00,451.6114,453.78003748712496,471.3082036537507,301.97153,416.28230312574016,463.0058190869948,449.1855804941645,445.3021842468795
2026-06-22 11:00:00,550.6114,467.2481123768937,483.6148589099719,301.97153,416.28230312574016,475.31247434321597,459.96997599718435,459.13643762547974
2026-06-22 12:00:00,550.6114,467.7084467426677,487.0407330078158,301.97153,416.28230312574016,478.7383484410599,460.96328944327394,460.826266243766
2026-06-22 13:00:00,650.6114,492.0793244943766,517.168750220259,336.97153,451.28230312574016,508.86636565350307,487.16081049698204,488.31364043251995
2026-06-22 14:00:00,665.6114,505.3887941269472,536.4899005056683,336.97153,451.28230312574016,528.1875159389124,498.29374286969767,500.09943120674166
2026-06-22 15:00:00,666.6114,531.024540756622,564.7075011954018,351.97153,466.28230312574016,556.4051166286459,522.2220136519704,525.4149945460414
2026-06-22 16:00:00,666.6114,547.5758069508136,591.1713982506881,351.97153,466.28230312574016,582.8690136839322,536.0679671260207,538.8379156742452
2026-06-22 17:00:00,667.6114,584.4628365097311,612.3738844645568,487.47053,601.7813031257401,604.0714998978009,589.4132985207009,592.4233118678733
2026-06-22 18:00:00,1248.6114,728.8093515283423,726.827800850832,666.97153,781.2823031257402,718.5254162840761,735.9585955444423,749.4191544423161
2026-06-22 19:00:00,1270.6114,829.6480069302957,851.31671262908,667.77153,782.0823031257402,843.0143280623241,820.8451607867964,837.9288044203456
2026-06-22 20:00:00,1249.6114,810.344806759095,823.8142574803135,667.77153,782.0823031257402,815.5118729135576,804.8415656681063,821.4789917714716
2026-06-22 21:00:00,712.9964,711.1498003272224,702.9768093267285,667.77153,782.0823031257402,694.6744247599726,721.3732851779012,734.2172256091756
2026-06-22 22:00:00,666.6114,577.6033716113077,564.8770721019469,550.97153,665.2823031257402,556.574687535191,591.2685991904118,593.9688728705103
2026-06-22 23:00:00,666.6114,536.1701726357669,523.984347516983,550.97153,665.2823031257402,515.6819629502271,555.856038159932,554.7522041030088
2026-06-23 00:00:00,661.21518,504.6059248517311,491.8254933796083,450.6114,564.9221731257402,483.5231088128524,513.1592196275736,504.2013596560926
2026-06-23 01:00:00,666.21518,628.8460144535177,601.0088084784594,450.6114,507.35579295781235,606.3073460817046,604.7685793118751,601.8028075407823
2026-06-23 02:00:00,666.21518,616.5639295737149,582.4319999673261,450.6114,507.35579295781235,587.7305375705713,594.7757803215937,590.0153583960916
2026-06-23 03:00:00,666.21518,610.2488236082065,569.5224114117805,450.6114,507.35579295781235,574.8209490150257,589.5868902552685,585.8168639836098
2026-06-23 04:00:00,666.21518,620.5917150438754,577.0231502818453,451.6114,508.35579295781235,582.3216878850906,598.0734813749882,594.5547999686034
2026-06-23 05:00:00,666.41518,636.7919415743477,597.9732659021024,451.6114,508.35579295781235,603.2718035053476,611.2028475336673,607.5575966491655
2026-06-23 06:00:00,666.21518,589.2644616402864,609.8101448948621,451.6114,508.35579295781235,615.1086824981073,579.0661939490458,577.6843888057381
2026-06-23 07:00:00,666.21518,583.651895846869,603.0246758807468,450.6114,507.35579295781235,608.323213483992,573.978801776238,573.3314312737439
2026-06-23 08:00:00,666.21518,594.5671478510277,610.7052700024592,450.6114,507.35579295781235,616.0038076057044,582.1170142709974,581.2184719641468
2026-06-23 09:00:00,661.21518,582.4925780709847,600.2529515271069,450.6114,507.35579295781235,605.5514891303521,572.639471085455,570.1685692591865
2026-06-23 10:00:00,666.21518,583.6495009024492,600.1958434627768,451.6114,508.35579295781235,605.494381066022,573.4604723652786,569.1407673646286
2026-06-23 11:00:00,666.41518,619.1419420487421,633.1343200678871,550.6114,607.3557929578124,638.4328576711323,619.0257818547633,613.8119533708212
2026-06-23 12:00:00,666.21518,611.3920340334186,637.6221754546789,550.6114,607.3557929578124,642.9207130579241,614.191417949479,608.9625012603315
2026-06-23 13:00:00,667.21518,629.2710697643782,645.111623225159,650.6114,707.3557929578124,650.4101608284042,645.7625387071082,644.0877669790714
2026-06-23 14:00:00,667.21518,649.2797703492188,670.6045492758761,665.6114,722.3557929578124,675.9030868791214,664.993000695855,672.2778134564265
2026-06-23 15:00:00,667.21518,673.0148475677231,695.5988832295676,666.6114,723.3557929578124,700.8974208328128,685.0067699805899,694.6297606290052
2026-06-23 16:00:00,668.71518,695.8992409618498,724.8786496702189,666.6114,723.3557929578124,730.1771872734641,704.1467105401823,714.0391588987845
2026-06-23 17:00:00,668.71518,720.1927944029368,750.285320604173,667.6114,724.3557929578124,755.5838582074182,724.6261585698734,735.778959044264
2026-06-23 18:00:00,672.21518,1064.7242108326,1007.2836474493392,1248.6114,1305.3557929578124,1012.5821850525845,1098.6884384710643,1099.3602404819617
2026-06-23 19:00:00,711.58518,1160.4684224346172,1116.411808090534,1270.6114,1327.3557929578124,1121.7103456937791,1182.769187106288,1184.17930795843
2026-06-23 20:00:00,672.21518,1062.3321923294943,997.6331556246704,1249.6114,1306.3557929578124,1002.9316932279156,1097.2047288749122,1098.7802711731488
2026-06-23 21:00:00,668.71518,782.6803476987925,779.1047475893923,712.9964,769.7407929578123,784.4032851926376,780.0236247158456,785.5884848560407
2026-06-23 22:00:00,667.21518,703.1581696218635,697.5510983987726,666.6114,723.3557929578124,702.8496360020179,705.7451994480514,710.0995409433139
2026-06-23 23:00:00,667.21518,689.5071846207537,678.1611205735851,666.6114,723.3557929578124,683.4596581768303,694.4194754930651,697.634396579879
2026-06-24 00:00:00,451.52262,658.7975757558299,654.0332874462927,661.21518,717.9595729578124,659.3318250495379,670.255246336012,665.6582512679224
2026-06-24 01:00:00,473.52262,455.5486170410144,489.6667546584269,666.21518,611.7729863740796,479.35711572808685,487.1152811179029,471.6553198956419
2026-06-24 02:00:00,651.52262,459.6211673191212,490.6623960788469,666.21518,611.7729863740796,480.35275714850684,490.3464766434983,474.45145448973744
2026-06-24 03:00:00,651.52262,458.0101769474293,487.18647962892624,666.21518,611.7729863740796,476.8768406985862,489.01716295913945,475.67707927419724
2026-06-24 04:00:00,666.52262,472.58237861762046,511.10838970448754,666.21518,611.7729863740796,500.7987507741475,500.9015311386592,487.3952435674202
2026-06-24 05:00:00,666.52262,509.1191265235615,559.0955865548466,666.41518,611.9729863740795,548.7859476245065,530.5565209766916,521.8132645354073
2026-06-24 06:00:00,666.52262,572.1491511638502,574.2431079883916,666.21518,611.7729863740796,563.9334690580515,576.1182812355173,565.9624116994872
2026-06-24 07:00:00,651.52262,568.3961112251558,571.4853099053373,666.21518,611.7729863740796,561.1756709749973,573.2916473246386,560.2976363754899
2026-06-24 08:00:00,666.52262,567.7073871270399,572.1936971753621,666.21518,611.7729863740796,561.8840582450221,573.0999696988837,560.5983024653754
2026-06-24 09:00:00,666.52262,568.5985375131733,573.3964759004541,661.21518,606.7729863740796,563.0868369701141,573.0552714524266,561.9663528241504
2026-06-24 10:00:00,666.52262,587.2362881183293,591.3678055724968,666.21518,611.7729863740796,581.0581666421567,589.0807723591031,579.3387985041044
2026-06-24 11:00:00,666.72262,592.1461088686614,598.3637399853499,666.41518,611.9729863740795,588.0541010550098,593.7193052300995,585.6157236239234
2026-06-24 12:00:00,666.72262,586.8983051271658,611.0305319124554,666.21518,611.7729863740796,600.7208929821154,592.005695703307,589.6818067864037
2026-06-24 13:00:00,666.72262,605.4482754867956,631.5448942428208,667.21518,612.7729863740796,621.2352553124807,607.6813039238837,613.0552037833487
2026-06-24 14:00:00,671.52262,636.8449863422608,660.9338408511088,667.21518,612.7729863740796,650.6242019207688,633.927629165297,643.6769415120885
2026-06-24 15:00:00,701.52262,658.5588303846638,675.7093397615419,667.21518,612.7729863740796,665.3997008312018,652.073575939525,663.8478438803866
2026-06-24 16:00:00,701.52262,675.5077798712581,693.1522849123295,668.71518,614.2729863740796,682.8426459819894,666.4907361927606,680.4576702085924
2026-06-24 17:00:00,701.52262,682.2106150231416,698.5140044149734,668.71518,614.2729863740796,688.2043654846334,672.0898046448158,687.3074900295043
2026-06-24 18:00:00,713.97062,741.7926522079986,730.9141441318731,672.21518,617.7729863740796,720.604505201533,718.9478817961526,735.4720109670834
2026-06-24 19:00:00,1271.52262,780.6434449998327,764.5176714352926,711.58518,657.1429863740796,754.2080325049526,757.9548851625527,773.8087318751722
2026-06-24 20:00:00,1271.52262,755.323058877072,741.955072440903,672.21518,617.7729863740796,731.645433510563,730.6853581119871,748.5255132963936
2026-06-24 21:00:00,713.97062,729.482472750506,721.3443845839054,668.71518,614.2729863740796,711.0347456535653,707.840152955642,723.5300408969149
2026-06-24 22:00:00,701.52262,684.564906499694,671.714924013811,667.21518,612.7729863740796,661.405285083471,669.5533924694151,683.1404633525957
2026-06-24 23:00:00,701.52262,637.211831883591,624.1492769174606,667.21518,612.7729863740796,613.8396379871206,629.138206037403,638.5937445232885
2026-06-25 00:00:00,662.90216,547.5269030589718,536.3103345346692,451.52262,397.08042637407954,526.0006956043292,525.1956309003396,524.3954428903552
2026-06-25 01:00:00,662.70216,658.8278246830686,622.3015010193196,473.52262,469.16280572973693,619.8411507527954,623.62765018259,620.9467151055288
2026-06-25 02:00:00,662.70216,653.094466967465,649.9792540929351,651.52262,647.1628057297369,647.5189038264109,653.0736687720748,652.1252249207663
2026-06-25 03:00:00,662.90216,649.6539724303616,643.7515776913625,651.52262,647.1628057297369,641.2912274248383,649.081791518169,648.0732610667192
2026-06-25 04:00:00,662.90216,655.5632369850285,652.8981042699276,666.52262,662.1628057297369,650.4377540034034,657.4796622778658,656.7447966811308
2026-06-25 05:00:00,666.70216,667.8145118387976,657.648012673016,666.52262,662.1628057297369,655.1876624064918,665.7622364133872,665.1530041725399
2026-06-25 06:00:00,662.70216,625.8321506743289,654.9970953999766,666.52262,662.1628057297369,652.5367451334524,639.7722805944504,639.7509726230761
2026-06-25 07:00:00,662.70216,625.6783996883041,653.5985009824338,651.52262,647.1628057297369,651.1381507159097,637.2433579520963,637.253605753287
2026-06-25 08:00:00,652.70216,622.4996676242982,652.6838325810793,666.52262,662.1628057297369,650.2234823145551,637.4625938768193,637.7296208018895
2026-06-25 09:00:00,652.70216,624.9179402242206,654.3977693507697,666.52262,662.1628057297369,651.9374190842456,639.7176635560231,640.0510150631914
2026-06-25 10:00:00,662.90216,637.8372266941876,665.423725316619,666.52262,662.1628057297369,662.9633750500948,650.5916917538353,650.9858547858587
2026-06-25 11:00:00,662.90216,639.8064794184633,667.2480219436063,666.72262,662.3628057297369,664.7876716770821,652.1631479008219,652.5682208135565
2026-06-25 12:00:00,662.90216,667.5698212383488,675.1586864091086,666.72262,662.3628057297369,672.6983361425844,670.9686571116843,671.2487887674928
2026-06-25 13:00:00,663.16616,680.4229373453854,695.0632223751151,666.72262,662.3628057297369,692.6028721085909,684.724670614979,685.3359390053696
2026-06-25 14:00:00,669.70216,696.2946838117844,713.5177265359945,671.52262,667.1628057297369,711.0573762694703,699.207570565071,699.8343239899099
2026-06-25 15:00:00,677.70216,718.5004131402325,733.2172113435696,701.52262,697.1628057297369,730.7568610770454,719.7160727830237,719.9844600610339
2026-06-25 16:00:00,697.70216,738.4501765395735,757.5117273362475,701.52262,697.1628057297369,755.0513770697233,737.7714646103574,738.1637417678962
2026-06-25 17:00:00,701.41616,763.6145006661313,789.3768949737182,701.52262,697.1628057297369,786.916544707194,761.1417122323993,761.7443499970412
2026-06-25 18:00:00,707.70216,837.8517941551883,871.7627597724546,713.97062,709.610805729737,869.3024095059304,827.8787443231826,828.6180577233715
2026-06-25 19:00:00,1246.70216,1056.7007829539546,1006.3872511988028,1271.52262,1267.1628057297369,1003.9269009322786,1054.1874104891156,1051.5654942842823
2026-06-25 20:00:00,1245.70216,1013.9235400279572,939.8269700319796,1271.52262,1267.1628057297369,937.3666197654554,1009.207686759454,1005.6206353371672
2026-06-25 21:00:00,707.70216,774.2685896007082,771.1473041972752,713.97062,709.610805729737,768.686953930751,762.4780807740094,762.2589044811175
2026-06-25 22:00:00,697.70216,733.3794714627832,716.6328811069702,701.52262,697.1628057297369,714.172530840446,724.2364066789728,723.9720503785327
2026-06-25 23:00:00,697.70216,711.7106771311895,689.3323792844802,701.52262,697.1628057297369,686.872029017956,704.0154076341291,703.2688601567526
2026-06-26 00:00:00,669.473,681.569612211924,660.9688740235055,662.90216,658.5423457297369,658.5085237569813,674.2732481391739,673.8081127312342
2026-06-26 01:00:00,669.473,660.7934944101567,665.3568289043315,662.70216,644.7068637307178,658.4157515497163,661.4148501074229,661.349224550296
2026-06-26 02:00:00,669.473,656.3686516358272,662.1951959290498,662.70216,644.7068637307178,655.2541185744346,658.0518458193895,657.9745662076307
2026-06-26 03:00:00,669.473,656.2732922759154,663.1051882119548,662.90216,644.9068637307178,656.1641108573397,657.3265001314234,656.8796317849423
2026-06-26 04:00:00,669.473,660.5561474982876,664.7450598026333,662.90216,644.9068637307178,657.8039824480181,661.0611697776772,660.9813380860177
2026-06-26 05:00:00,669.473,675.7196063681896,679.578503014419,666.70216,648.7068637307178,672.6374256598039,674.3400938940958,674.3040567098826
2026-06-26 06:00:00,669.473,647.4409635344035,671.3046336845189,662.70216,644.7068637307178,664.3635563299038,654.4104905218935,654.6139444397429
2026-06-26 07:00:00,669.473,638.0694607932121,663.2824997330248,662.70216,644.7068637307178,656.3414223784097,646.5610725987854,646.7938236421413
2026-06-26 08:00:00,669.473,625.6969573391603,651.3587865675821,652.70216,634.7068637307178,644.417709212967,632.8609876198085,632.4947299658272
2026-06-26 09:00:00,669.473,630.144122853736,655.0060112621258,652.70216,634.7068637307178,648.0649339075106,636.6154089724839,636.2871192717945
2026-06-26 10:00:00,669.473,632.3886828942569,658.3155359311919,662.90216,644.9068637307178,651.3744585765768,640.8144752449078,640.8241235562596
2026-06-26 11:00:00,669.473,634.2242348278627,659.8218697066507,662.90216,644.9068637307178,652.8807923520355,642.4725961939117,642.5532981939285
2026-06-26 12:00:00,669.473,653.9799356213821,665.1405357054525,662.90216,644.9068637307178,658.1994583508374,655.3439438560185,655.3055286999834
2026-06-26 13:00:00,669.473,663.3814421631979,677.8271587083649,663.16616,645.1708637307178,670.8860813537498,665.3451813711495,665.7759962076203
2026-06-26 14:00:00,691.334,675.6726568480434,692.0491809494806,669.70216,651.7068637307178,685.1081035948655,676.7095003153893,677.0719708913356
2026-06-26 15:00:00,695.473,687.9751555901591,705.6748948231676,677.70216,659.7068637307178,698.7338174685525,688.0432937254599,688.3120094341816
2026-06-26 16:00:00,697.473,709.5715142293803,729.7384604675902,697.70216,679.7068637307178,722.7973831129751,708.3439875301372,708.241780342193
2026-06-26 17:00:00,707.473,726.6275460341474,748.8567397570281,701.41616,683.4208637307178,741.915662402413,723.4133937623583,723.2926612459422
2026-06-26 18:00:00,712.473,784.7448173538455,795.9674594344465,707.70216,689.7068637307178,789.0263820798314,769.8023948528944,769.5528998626562
2026-06-26 19:00:00,1246.473,998.7311357781408,933.5143364238849,1246.70216,1228.706863730718,926.5732590692697,993.6362797426823,990.4751298013387
2026-06-26 20:00:00,712.473,978.6071871049523,909.5972414198092,1245.70216,1227.706863730718,902.656164065194,975.4346213979592,971.8486353147703
2026-06-26 21:00:00,712.473,763.2500299136543,773.7657513393955,707.70216,689.7068637307178,766.8246739847804,753.7654814202933,753.4570023615806
2026-06-26 22:00:00,707.473,734.4155919784362,734.640842848213,697.70216,679.7068637307178,727.6997654935979,726.3344495190703,726.0010382053896
2026-06-26 23:00:00,697.473,716.3581938846271,710.6290986825067,697.70216,679.7068637307178,703.6880213278915,709.9482100760214,709.4371107734628
2026-06-27 00:00:00,709.58972,676.9227486062523,683.0276127411705,669.473,651.4777037307177,676.0865353865554,673.4508073044823,672.3833595978516
2026-06-27 01:00:00,697.58972,684.7903184342922,681.3013864769156,669.473,629.3914732871751,672.5835449018332,675.6165951087495,675.5038194136202
2026-06-27 02:00:00,697.58972,643.5124201813409,647.5700736542346,669.473,629.3914732871751,638.8522320791523,643.2011087563387,643.4358912171919
2026-06-27 03:00:00,693.58972,621.5328204067757,630.8218607978079,669.473,629.3914732871751,622.1040192227255,625.5858058089076,625.7502958663565
2026-06-27 04:00:00,693.58972,616.3900267286934,625.5094487695536,669.473,629.3914732871751,616.7916071944712,621.4282756563254,621.6377106694348
2026-06-27 05:00:00,693.58972,614.9604507414708,621.6273004977693,669.473,629.3914732871751,612.9094589226869,620.2063928469086,620.5262087870757
2026-06-27 06:00:00,693.58972,575.8493469783783,612.3716412576346,669.473,629.3914732871751,603.6537996825522,590.1938239447326,590.6696196556665
2026-06-27 07:00:00,687.58972,574.9686043198884,611.2108615314376,669.473,629.3914732871751,602.4930199563552,589.3788147959461,589.8730559507683
2026-06-27 08:00:00,687.58972,569.7027615344105,606.7803446926073,669.473,629.3914732871751,598.0625031175249,585.1931365194598,585.7941999480535
2026-06-27 09:00:00,682.58972,573.029064482919,607.9568775402702,669.473,629.3914732871751,599.2390359651878,587.4717456285082,587.9534149463764
2026-06-27 10:00:00,687.58972,595.446866245367,622.1725415308753,669.473,629.3914732871751,613.4546999557929,604.5792382084184,604.7069408234677
2026-06-27 11:00:00,691.20372,597.1848147655004,624.9438801006713,669.473,629.3914732871751,616.2260385255889,606.0398279907466,606.2559308617034
2026-06-27 12:00:00,691.20372,623.0972941265678,634.7356533991411,669.473,629.3914732871751,626.0178118240588,625.8290911290137,625.894285293821
2026-06-27 13:00:00,691.20372,632.2056976036555,645.719926674499,669.473,629.3914732871751,637.0020850994166,633.4492794310502,633.6419540108848
2026-06-27 14:00:00,692.58972,646.5590123714012,659.1607042958708,691.334,651.2524732871751,650.4428627207884,647.4394025185347,647.1057571016627
2026-06-27 15:00:00,693.58972,661.7630183681334,676.0937351120411,695.473,655.3914732871751,667.3758935369588,661.1026952265822,661.1682075614284
2026-06-27 16:00:00,697.58972,676.055375462874,690.7103445945581,697.473,657.3914732871751,681.9925030194757,673.2773275665035,673.5282139540532
2026-06-27 17:00:00,709.58972,695.5855907499428,711.1338258272225,707.473,667.3914732871751,702.4159842521401,690.5155133899377,690.6572721986054
2026-06-27 18:00:00,712.58972,748.7529493509674,749.5670304026918,712.473,672.3914732871751,740.8491888276094,732.9855067716311,732.6897124842066
2026-06-27 19:00:00,712.58972,1015.3079884651712,891.3940110616315,1246.473,1206.3914732871751,882.6761694865492,1016.082909650924,1011.1579012267946
2026-06-27 20:00:00,712.58972,773.4665670997883,789.1513270612709,712.473,672.3914732871751,780.4334854861885,754.8041972837278,755.0158291581533
2026-06-27 21:00:00,712.58972,761.711119199237,774.203240006146,712.473,672.3914732871751,765.4853984310636,744.7181228061307,744.5450242739586
2026-06-27 22:00:00,712.58972,735.9272597902369,733.014017799729,707.473,667.3914732871751,724.2961762246466,722.024536913144,721.6086558209804
2026-06-27 23:00:00,709.58972,718.4431991407658,710.7068807313308,697.473,657.3914732871751,701.9890391562484,706.1435800047797,705.6684871776187
2026-06-28 00:00:00,727.38783,675.1305123444234,682.7443628782711,709.58972,669.5081932871752,674.0265213031887,674.106150935201,673.3230417617502
2026-06-28 01:00:00,717.38783,719.766330244453,713.9183592413398,697.58972,713.5149304442455,704.9194883213675,719.0210388425719,718.580647674328
2026-06-28 02:00:00,717.38783,720.9921563563682,716.5264469360607,697.58972,713.5149304442455,707.5275760160883,719.831560436549,719.2626053576689
2026-06-28 03:00:00,717.38783,723.8299964068892,718.3483302038189,693.58972,709.5149304442455,709.3494592838466,721.5175597578876,721.0482454405183
2026-06-28 04:00:00,717.38783,722.6955747439271,716.075060211847,693.58972,709.5149304442455,707.0761892918747,720.4709653123301,720.057793917398
2026-06-28 05:00:00,706.38783,723.5319515519174,716.2222584313238,693.58972,709.5149304442455,707.2233875113515,720.8124151038288,720.3263115747876
2026-06-28 06:00:00,692.38783,691.9206639647681,716.3648884981344,693.58972,709.5149304442455,707.3660175781621,697.3876345750941,697.3621056721895
2026-06-28 07:00:00,690.97283,683.1292956396933,709.4353711487106,687.58972,703.5149304442455,700.4365002287383,689.7122789204881,690.0039269908742
2026-06-28 08:00:00,682.38783,684.2066192443565,708.8511710687201,687.58972,703.5149304442455,699.8523001487478,690.145567181438,690.3464934608905
2026-06-28 09:00:00,682.38783,683.847495293137,705.7263630247724,682.58972,698.5149304442455,696.7274921048,688.4817231415083,688.5155293973795
2026-06-28 10:00:00,682.38783,686.3755985732471,706.5846002438194,687.58972,703.5149304442455,697.5857293238471,690.3882839562567,690.0373035878388
2026-06-28 11:00:00,682.38783,701.1887443351559,715.709470834503,691.20372,707.1289304442454,706.7105999145307,701.699354055949,700.8573180796783
2026-06-28 12:00:00,692.38783,692.9042292953488,712.9626652386877,691.20372,707.1289304442454,703.9637943187154,695.414243493024,694.800699764408
2026-06-28 13:00:00,692.38783,691.2359290340735,710.9435572475838,691.20372,707.1289304442454,701.9446863276115,694.1043622092299,693.6301987440654
2026-06-28 14:00:00,692.38783,692.8790275959867,713.7744011448592,692.58972,708.5149304442455,704.7755302248869,695.5677941637515,695.0691197806719
2026-06-28 15:00:00,692.38783,697.1452745661175,719.0372066456059,693.58972,709.5149304442455,710.0383357256336,699.1351755250483,698.6318705052137
2026-06-28 16:00:00,706.38783,704.6220791508745,725.2512175797917,697.58972,713.5149304442455,716.2523466598194,705.6182790786949,705.1205708416437
2026-06-28 17:00:00,727.38783,716.6833806662643,737.2741387797247,709.58972,725.5149304442455,728.2752678597524,717.8037148961808,717.7133255334011
2026-06-28 18:00:00,750.03883,746.6523495476711,747.6285006606803,712.58972,728.5149304442455,738.629629740708,741.1370423951976,740.8488785187634
2026-06-28 19:00:00,802.38783,755.0704940752764,756.3303750905734,712.58972,728.5149304442455,747.3315041706011,749.1765940221144,749.6466981042258
2026-06-28 20:00:00,802.38783,755.9650602257003,759.8700896250183,712.58972,728.5149304442455,750.871218705046,749.9397075990032,750.3092342802519
2026-06-28 21:00:00,802.38783,753.6867404386156,754.6138924852598,712.58972,728.5149304442455,745.6150215652875,747.9946379448097,748.3852374398097
2026-06-28 22:00:00,750.03883,745.4005545403322,739.0428679587596,712.58972,728.5149304442455,730.0439970387873,740.7116799462839,740.976808128479
2026-06-28 23:00:00,750.03883,739.0153595560743,730.4012421046433,709.58972,725.5149304442455,721.402371184671,734.8772223659699,735.0680544541183
2026-06-29 00:00:00,747.35582,731.2535356156466,729.0788683369916,727.38783,743.3130404442454,720.0799974170193,732.3447241856001,734.8078801754614
2026-06-29 01:00:00,747.35582,745.4284405434014,739.8525585895889,717.38783,741.9398093795721,732.4435813938334,742.1551144066214,740.1179430413225
2026-06-29 02:00:00,747.35582,744.3788933955905,739.9511100825082,717.38783,741.9398093795721,732.5421328867527,740.7942792295318,737.6787004245117
2026-06-29 03:00:00,747.35582,744.3690363058338,738.8382487820799,717.38783,741.9398093795721,731.4292715863244,740.841157339447,737.8418411859375
2026-06-29 04:00:00,747.35582,743.3322412337345,737.4657360626459,717.38783,741.9398093795721,730.0567588668904,740.1338859192115,737.3295927150608
2026-06-29 05:00:00,747.35582,746.7818850289459,737.6796127681905,706.38783,730.9398093795721,730.270635572435,740.8294286200179,738.8179141047347
2026-06-29 06:00:00,706.35582,711.0429584410865,733.9546066729472,692.38783,716.9398093795721,726.5456294771917,715.4848462203147,714.8512016700399
2026-06-29 07:00:00,705.35582,710.7285433597914,732.804757756891,690.97283,715.5248093795722,725.3957805611356,715.3951893305978,715.9440435087176
2026-06-29 08:00:00,705.35582,707.743821773852,729.0999346014041,682.38783,706.9398093795721,721.6909574056486,711.4964563898736,712.432969885585
2026-06-29 09:00:00,705.35582,709.8306101176521,729.7716850323843,682.38783,706.9398093795721,722.3627078366288,712.4966249545977,713.1878780824151
2026-06-29 10:00:00,705.35582,713.8879853749755,731.903156576258,682.38783,706.9398093795721,724.4941793805025,714.9334150402838,715.3616415084173
2026-06-29 11:00:00,709.35582,706.645693010372,727.3256726782731,682.38783,706.9398093795721,719.9166954825176,709.9827916144748,710.8412606939779
2026-06-29 12:00:00,709.35582,711.9713926446118,731.8846072431288,692.38783,716.9398093795721,724.4756300473733,715.6805047578626,716.2709757137558
2026-06-29 13:00:00,709.35582,714.5178910713298,734.6762120762394,692.38783,716.9398093795721,727.2672348804839,718.4658979672876,720.2844489246321
2026-06-29 14:00:00,709.35582,715.3495383778222,735.114036474625,692.38783,716.9398093795721,727.7050592788695,719.5805709879212,722.0496934552674
2026-06-29 15:00:00,727.35582,720.2878519714786,741.8772882125287,692.38783,716.9398093795721,734.4683110167732,723.4626930930108,725.8533527830217
2026-06-29 16:00:00,747.35582,732.6580657884665,754.7493176505293,706.38783,730.9398093795721,747.3403404547738,735.2944617651676,736.9683191120433
2026-06-29 17:00:00,767.35582,750.9959989432814,773.7636015665855,727.38783,751.9398093795721,766.35462437083,753.2848987044143,754.5352394961437
2026-06-29 18:00:00,777.35582,797.9139372771041,801.7917205272362,750.03883,774.5908093795721,794.3827433314807,790.4523642616941,790.3185675883617
2026-06-29 19:00:00,811.30782,831.027334698285,823.0657601637279,802.38783,826.9398093795721,815.6567829679724,825.7574655704268,827.9272641226527
2026-06-29 20:00:00,811.30782,820.9491574079038,807.1468114502084,802.38783,826.9398093795721,799.7378342544529,817.436841813714,819.4876650762036
2026-06-29 21:00:00,811.30782,812.3722449067745,796.1900441858699,802.38783,826.9398093795721,788.7810669901144,810.1658668035354,811.4231556047343
2026-06-29 22:00:00,777.35582,774.1795607724122,767.5195236784598,750.03883,774.5908093795721,760.1105464827043,770.8520338523073,769.5999375036217
2026-06-29 23:00:00,767.35582,769.2832291481817,762.172367410762,750.03883,774.5908093795721,754.7633902150066,766.6766039474635,764.7937761198637
2026-06-30 00:00:00,792.29531,750.3851035168439,755.27849756479,747.35582,771.9077993795721,747.8695203690345,753.4432385863621,749.9446716870192
2026-06-30 01:00:00,792.29531,786.9597349920692,780.1110292575083,747.35582,795.278712966886,770.349894593122,786.799349271326,782.5735101756295
2026-06-30 02:00:00,797.29531,783.2610712449026,774.8123022106627,747.35582,795.278712966886,765.0511675462764,783.7948180121308,779.6065043833131
2026-06-30 03:00:00,784.67031,776.4156201374394,767.7918564510384,747.35582,795.278712966886,758.0307217866521,778.2772461994518,773.6693523689627
2026-06-30 04:00:00,792.29531,779.9310893636147,772.2878050099669,747.35582,795.278712966886,762.5266703455806,781.1268622710319,776.6740354022481
2026-06-30 05:00:00,792.29531,785.7022971107514,779.416111636773,747.35582,795.278712966886,769.6549769723867,785.8005277518121,781.8467574496203
2026-06-30 06:00:00,792.29531,746.19575607683,773.3210098519938,706.35582,754.278712966886,763.5598751876075,750.2852814871485,750.6103368918988
2026-06-30 07:00:00,706.29531,754.33249941576,779.4100547344572,705.35582,753.278712966886,769.6489200700709,756.2883561172332,756.5647365129421
2026-06-30 08:00:00,706.29531,756.0175887975977,781.1958614513618,705.35582,753.278712966886,771.4347267869755,757.7345894111788,759.1515348518924
2026-06-30 09:00:00,706.29531,756.4908061570652,782.3648149514254,705.35582,753.278712966886,772.6036802870391,758.3448276258241,759.6195342549283
2026-06-30 10:00:00,792.29531,761.7957892808861,787.4925779243742,705.35582,753.278712966886,777.7314432599879,762.696599652229,763.9909373221478
2026-06-30 11:00:00,802.29531,762.4690219550159,788.4720948670553,709.35582,757.278712966886,778.710960202669,764.0489032265629,763.9174074655338
2026-06-30 12:00:00,802.29531,771.6349889049874,794.5132519738657,709.35582,757.278712966886,784.7521173094794,771.1629723644721,770.9297518025639
2026-06-30 13:00:00,802.29531,776.5094143218456,801.8659239063528,709.35582,757.278712966886,792.1047892419665,775.2426644019811,776.2579492064048
2026-06-30 14:00:00,817.29531,782.0422805265854,808.9401940825092,709.35582,757.278712966886,799.1790594181228,779.8714770864142,781.496014550838
2026-06-30 15:00:00,827.29531,787.6196795475881,816.4851641659818,727.35582,775.278712966886,806.7240295015955,787.5300856108421,789.311562321393
2026-06-30 16:00:00,847.29531,791.8028170028099,821.9302392622908,747.35582,795.278712966886,812.1691045979045,794.354337911002,793.6523310498598
2026-06-30 17:00:00,847.29531,803.3478947198192,834.0843209573593,767.35582,815.278712966886,824.323186292973,807.3326266725268,812.2345286556548
2026-06-30 18:00:00,897.79531,852.5525449829872,853.119104396883,777.35582,825.278712966886,843.3579697324967,845.1333819489455,847.8437238258202
2026-06-30 19:00:00,911.29531,868.0475087816295,866.2738478048847,811.30782,859.230712966886,856.5127131404984,863.2335951532176,869.4218149752217
2026-06-30 20:00:00,911.29531,858.7064803327311,851.1065902380332,811.30782,859.230712966886,841.3454555736469,855.6008187594897,860.8805822702421
2026-06-30 21:00:00,847.29531,848.2395526215098,836.1060103246108,811.30782,859.230712966886,826.3448756602245,846.9285858974224,852.0834414666178
2026-06-30 22:00:00,847.29531,828.5466793781268,818.4581490389764,777.35582,825.278712966886,808.6970143745901,825.2710674498535,826.0928595247611
2026-06-30 23:00:00,827.29531,819.3245710437803,808.1869726232837,767.35582,815.278712966886,798.4258379588974,816.0640818162783,816.648288630896
2026-07-01 00:00:00,812.1992,804.5389145089285,799.0065460288844,792.29531,840.218202966886,789.2454113644981,802.1493748672065,800.9750437122206
2026-07-01 01:00:00,812.1992,810.5804478493185,803.2269391599013,792.29531,807.8205874524987,794.7336775725228,803.3106583031334,801.9150896395516
2026-07-01 02:00:00,812.1992,804.1321640880757,797.9930533165759,797.29531,812.8205874524987,789.4997917291973,798.1228574729972,796.4551780685775
2026-07-01 03:00:00,812.1992,796.439357979859,788.2214472653976,784.67031,800.1955874524987,779.728185678019,789.930092825141,788.3614499107061
2026-07-01 04:00:00,812.1992,798.7675385661973,793.6408433941749,792.29531,807.8205874524987,785.1475818067963,793.0739684062746,791.2436698916491
2026-07-01 05:00:00,812.1992,804.6293167363833,800.4734412030849,792.29531,807.8205874524987,791.9801796157063,798.8503391416075,797.1820112189007
2026-07-01 06:00:00,792.1992,776.601819937008,803.0503111692866,792.29531,807.8205874524987,794.557049581908,782.1873294535318,780.7153454206253
2026-07-01 07:00:00,792.1992,773.1708432170765,790.0758369982634,706.29531,721.8205874524987,781.5825754108848,765.5884801110118,763.7612015780977
2026-07-01 08:00:00,787.1992,779.2084797175843,795.2872710199954,706.29531,721.8205874524987,786.7940094326168,771.082866917968,769.4245557109665
2026-07-01 09:00:00,787.1992,785.2442220098143,800.8147337771709,706.29531,721.8205874524987,792.3214721897923,776.7537392411256,775.365291712091
2026-07-01 10:00:00,792.1992,799.6670350768316,823.5337693164346,792.29531,807.8205874524987,815.040507729056,804.8240066682717,804.6144955612784
2026-07-01 11:00:00,812.1992,802.086679474529,826.9102490923347,802.29531,817.8205874524987,818.4169875049561,807.7873360942508,807.4361552313055
2026-07-01 12:00:00,792.1992,808.3908437789123,829.249803071274,802.29531,817.8205874524987,820.7565414838954,812.3987566542664,812.111726952357
2026-07-01 13:00:00,792.1992,814.2760027126395,838.1954327169734,802.29531,817.8205874524987,829.7021711295948,819.5170634486713,819.694848767871
2026-07-01 14:00:00,792.1992,824.955201932484,850.9501101259143,817.29531,832.8205874524987,842.4568485385357,833.4307039283289,834.463549172635
2026-07-01 15:00:00,812.1992,832.2374823014691,859.3599185323753,827.29531,842.8205874524987,850.8666569449967,841.2171599584491,842.2239352132332
2026-07-01 16:00:00,812.1992,841.3960736044642,867.1887192941435,847.29531,862.8205874524987,858.695457706765,850.14642737287,850.7518122249229
2026-07-01 17:00:00,892.6992,848.7547448893768,876.2072247712402,847.29531,862.8205874524987,867.7139631838617,856.7048336471448,857.2498650375633
2026-07-01 18:00:00,906.1992,908.876086432174,905.8054353024324,897.79531,913.3205874524987,897.3121737150539,908.5575715790021,909.2817084205029
2026-07-01 19:00:00,892.6992,919.6580140150528,917.6990806900698,911.29531,926.8205874524987,909.2058191026912,920.0714368061144,920.8076210572353
2026-07-01 20:00:00,906.1992,906.2371833924218,896.3035595254875,911.29531,926.8205874524987,887.8102979381089,906.0613494893531,906.5126001366756
2026-07-01 21:00:00,892.6992,869.0998489067246,864.8469536602773,847.29531,862.8205874524987,856.3536920728988,867.4785260073369,867.7733094122401
2026-07-01 22:00:00,812.1992,859.7046581919262,851.2020864943458,847.29531,862.8205874524987,842.7088249069673,858.4190610232414,858.5483206114391
2026-07-01 23:00:00,812.1992,847.8497840901955,837.5101699995564,827.29531,842.8205874524987,829.0169084121778,845.917184333365,846.2295448561182
2026-07-02 00:00:00,792.59321,823.5091599594492,821.5648770603452,812.1992,827.7244774524987,813.0716154729666,824.0412399765111,824.3728360084858
2026-07-02 01:00:00,792.59321,792.0061180149937,794.3687694429254,812.1992,794.6578845788531,786.457583639929,793.7238487131694,793.5689988643974
2026-07-02 02:00:00,782.59321,789.7840674653154,792.1703772797822,812.1992,794.6578845788531,784.2591914767858,790.8407571589312,790.335306511291
2026-07-02 03:00:00,782.59321,787.0454006207243,789.6263732572805,812.1992,794.6578845788531,781.7151874542841,788.000945614107,787.3182768836921
2026-07-02 04:00:00,782.59321,787.8177244847925,791.4955797670652,812.1992,794.6578845788531,783.5843939640688,788.5996186193906,787.808219252727
2026-07-02 05:00:00,782.59321,789.1755742546135,793.2145933705382,812.1992,794.6578845788531,785.3034075675417,790.044866448227,789.3770292160502
2026-07-02 06:00:00,782.59321,759.985978660037,788.0547051247917,792.1992,774.6578845788531,780.1435193217952,766.4650208289493,765.2910716987968
2026-07-02 07:00:00,782.59321,760.2495162139315,788.2522094886456,792.1992,774.6578845788531,780.3410236856491,766.5841419013642,765.45315826269
2026-07-02 08:00:00,774.46621,758.7150863426126,786.5898817816371,787.1992,769.6578845788531,778.6786959786407,765.5879406462673,764.9030797625684
2026-07-02 09:00:00,782.59321,765.1266389896778,792.1630572831664,787.1992,769.6578845788531,784.2518714801699,771.3390216941443,770.8815639176526
2026-07-02 10:00:00,782.59321,766.7636953585136,794.3286025354429,792.1992,774.6578845788531,786.4174167324464,773.6972029586442,773.4321095773718
2026-07-02 11:00:00,782.59321,768.5959900298051,798.7337384350192,812.1992,794.6578845788531,790.8225526320227,780.325696181242,780.9186964384006
2026-07-02 12:00:00,782.59321,782.660272856198,798.3256285929834,792.1992,774.6578845788531,790.414442789987,784.2877160754281,784.1332064676993
2026-07-02 13:00:00,782.59321,789.3390731664127,807.3423844284256,792.1992,774.6578845788531,799.4311986254291,791.5836743842058,791.8858082540038
2026-07-02 14:00:00,792.59321,794.566679121595,813.0631271289537,792.1992,774.6578845788531,805.1519413259573,795.4646153333283,795.6175842377339
2026-07-02 15:00:00,792.59321,805.6243551422116,824.7877721004743,812.1992,794.6578845788531,816.8765862974778,809.5253268387039,810.4543053149487
2026-07-02 16:00:00,892.59321,811.1257993350958,830.4209141907916,812.1992,794.6578845788531,822.5097283877951,813.0398298402124,813.6210659556892
2026-07-02 17:00:00,892.59321,839.9165090698865,854.1430219124381,892.6992,875.1578845788531,846.2318361094417,844.747623625098,844.812052998094
2026-07-02 18:00:00,892.59321,884.8210703168099,868.3941555140144,906.1992,888.6578845788531,860.482969711018,876.321609222213,875.833524694836
2026-07-02 19:00:00,893.09321,885.078301302273,869.7040175891059,892.6992,875.1578845788531,861.7928317861094,876.3657872175113,876.3536320586733
2026-07-02 20:00:00,893.09321,880.0843021923844,861.5276604353589,906.1992,888.6578845788531,853.6164746323625,871.542193519523,870.9268075486682
2026-07-02 21:00:00,892.59321,866.7406735769301,846.5882798824146,892.6992,875.1578845788531,838.6770940794181,858.5800861226376,858.0034122736979
2026-07-02 22:00:00,892.59321,829.0135727376204,818.9585057964305,812.1992,794.6578845788531,811.047319993434,819.8630127628779,819.5641349883392
2026-07-02 23:00:00,792.59321,819.8151517738653,807.5470708521036,812.1992,794.6578845788531,799.6358850491072,810.456238574494,809.7523681604553
2026-07-03 00:00:00,792.40976,797.6316888661763,791.7512729745988,792.59321,775.0518945788531,783.8400871716024,784.6964656118058,782.4609595090599
2026-07-03 01:00:00,761.05376,788.6479913165637,783.0953150735074,792.59321,762.3811644739768,777.4120226644699,782.2533135763658,781.4143588545581
2026-07-03 02:00:00,752.40976,776.3134476464138,767.1966167052842,782.59321,752.3811644739768,761.5133242962467,767.6198808133443,766.0646969030289
2026-07-03 03:00:00,752.40976,765.5147168904892,760.0039948486708,782.59321,752.3811644739768,754.3207024396332,759.1620572045755,757.4639566585995
2026-07-03 04:00:00,752.40976,759.3841430613986,759.8467879250666,782.59321,752.3811644739768,754.163495516029,755.9449577983848,754.2956188355699
2026-07-03 05:00:00,761.05376,752.6265584060973,754.7331152954371,782.59321,752.3811644739768,749.0498228863995,751.3414541685452,749.9664342978456
2026-07-03 06:00:00,792.40976,721.7537793853168,750.5347150876197,782.59321,752.3811644739768,744.8514226785821,731.8737486484765,730.7710503048623
2026-07-03 07:00:00,752.40976,724.7561671595894,753.0606183310151,782.59321,752.3811644739768,747.3773259219776,734.8603162344114,733.9713531922989
2026-07-03 08:00:00,752.40976,726.1890184939924,753.4646156346308,774.46621,744.2541644739769,747.7813232255933,735.3879539784073,734.7405777071954
2026-07-03 09:00:00,752.40976,733.5101508938095,760.6887413625908,782.59321,752.3811644739768,755.0054489535532,742.025870980977,741.2451561357556
2026-07-03 10:00:00,752.40976,738.5415778549011,765.2538973363537,782.59321,752.3811644739768,759.5706049273161,745.7506269525751,744.9156760522437
2026-07-03 11:00:00,792.40976,740.1158408305033,767.1147110713208,782.59321,752.3811644739768,761.4314186622832,746.7239087731199,745.9056980851359
2026-07-03 12:00:00,752.40976,763.0708147319183,776.6372754403253,782.59321,752.3811644739768,770.9539830312877,762.7166656692128,761.8238615470726
2026-07-03 13:00:00,752.40976,769.5465578478057,783.5119423435477,782.59321,752.3811644739768,777.8286499345102,769.1241545112341,768.6609822924756
2026-07-03 14:00:00,792.40976,779.8583087032024,793.4477515661032,792.59321,762.3811644739768,787.7644591570656,781.2049568469004,781.6974126195728
2026-07-03 15:00:00,877.40976,785.9613144183116,799.5425407393031,792.59321,762.3811644739768,793.8592483302656,786.6007797525749,787.2856852147188
2026-07-03 16:00:00,877.40976,818.1299171548872,823.366159492544,892.59321,862.3811644739768,817.6828670835065,823.9123347923386,824.6686885365136
2026-07-03 17:00:00,877.40976,825.8188896583662,834.1607150319082,892.59321,862.3811644739768,828.4774226228707,831.4736558934394,832.3090063122963
2026-07-03 18:00:00,882.40976,863.6429204660074,846.1819746039179,892.59321,862.3811644739768,840.4986821948803,857.4341896951007,858.0711342886498
2026-07-03 19:00:00,892.90976,870.4933252556317,854.9106203165902,893.09321,862.8811644739768,849.2273279075526,864.206631261357,865.0165274794861
2026-07-03 20:00:00,892.90976,864.4278162145156,847.9254311738682,893.09321,862.8811644739768,842.2421387648307,858.3522398384451,858.9050541339225
2026-07-03 21:00:00,877.40976,859.9811947881013,844.8719976171839,892.59321,862.3811644739768,839.1887052081463,855.6791169725577,856.2425250847032
2026-07-03 22:00:00,822.40976,850.8451671642139,834.0752984440287,892.59321,862.3811644739768,828.3920060349911,847.2771175751972,847.5893665020754
2026-07-03 23:00:00,822.40976,802.9183578960158,801.8309913554034,792.59321,762.3811644739768,796.1476989463658,797.1204787331485,797.1053590997353
2026-07-04 00:00:00,754.09592,787.7895211373898,790.7806883961214,792.40976,762.1977144739768,785.0973959870838,781.8402142613304,780.3275307721469
2026-07-04 01:00:00,752.33192,752.0172329549039,754.4552858517935,761.05376,725.9955019785664,743.5782750591956,746.7681508593979,745.8074486446491
2026-07-04 02:00:00,747.33192,743.8375598416269,745.5918579779997,752.40976,717.3515019785664,734.7148471854017,739.1356883306183,738.6148053029317
2026-07-04 03:00:00,747.33192,732.7877361542448,738.9169284563275,752.40976,717.3515019785664,728.0399176637295,730.6603745626377,729.7581099245044
2026-07-04 04:00:00,747.33192,725.0528159042087,732.9988717124174,752.40976,717.3515019785664,722.1218609198195,724.7712426719211,723.8091304999687
2026-07-04 05:00:00,747.33192,722.0933393143928,730.7978308054594,761.05376,725.9955019785664,719.9208200128614,724.1654978694273,723.1449170770629
2026-07-04 06:00:00,747.33192,696.6689893803572,732.2656637881261,792.40976,757.3515019785664,721.3886529955281,713.7538415197223,713.4435903319505
2026-07-04 07:00:00,742.33192,690.1084226267945,722.287174866862,752.40976,717.3515019785664,711.410164074264,700.8939398787695,700.3546642773345
2026-07-04 08:00:00,742.33192,692.9876037270544,724.656704369358,752.40976,717.3515019785664,713.77969357676,702.9373316255536,702.4420166972062
2026-07-04 09:00:00,742.33192,699.548114251926,731.551894509354,752.40976,717.3515019785664,720.6748837167561,708.2833440190435,708.0977635320859
2026-07-04 10:00:00,742.33192,710.439721947853,740.1056214807722,752.40976,717.3515019785664,729.2286106881743,716.0996635879105,715.72151238987
2026-07-04 11:00:00,742.33192,724.0356761636936,756.8800046438008,792.40976,757.3515019785664,746.0029938512029,734.0968252142294,733.7685162555064
2026-07-04 12:00:00,742.33192,740.8101818259313,756.9264686903658,752.40976,717.3515019785664,746.0494578977679,737.9479928054102,737.6363074255053
2026-07-04 13:00:00,742.33192,747.209924474169,764.1771817461425,752.40976,717.3515019785664,753.3001709535446,743.6741645586336,744.297496337905
2026-07-04 14:00:00,742.33192,767.6173626375997,782.8717807236656,792.40976,757.3515019785664,771.9947699310676,766.5667105700164,767.5661078508101
2026-07-04 15:00:00,747.33192,800.8225275206282,810.0865088741318,877.40976,842.3515019785664,799.2094980815339,807.3249103056995,809.4839469286537
2026-07-04 16:00:00,752.33192,808.0118013472382,818.5788717692211,877.40976,842.3515019785664,807.7018609766232,813.2665773692015,815.4760065123437
2026-07-04 17:00:00,792.33192,817.2127004639752,830.9202949195462,877.40976,842.3515019785664,820.0432841269483,820.391503980682,822.0807778036342
2026-07-04 18:00:00,802.33192,859.3108266242518,851.2409179248256,882.40976,847.3515019785664,840.3639071322276,850.0558328152218,850.2814154121538
2026-07-04 19:00:00,892.83192,870.8833128614797,865.8668073288777,892.90976,857.8515019785664,854.9897965362798,861.2108876413548,860.9220876296724
2026-07-04 20:00:00,892.83192,868.9733275676558,863.2125103200957,892.90976,857.8515019785664,852.3354995274977,859.8011316391392,859.4005778367392
2026-07-04 21:00:00,802.33192,854.924906127903,847.4562499174328,877.40976,842.3515019785664,836.5792391248349,846.36344230082,846.3986056338964
2026-07-04 22:00:00,792.33192,817.1309703893602,812.2246493794161,822.40976,787.3515019785664,801.3476385868181,808.0447648643287,808.0948677263334
2026-07-04 23:00:00,792.33192,804.7032363349173,792.6140197164159,822.40976,787.3515019785664,781.7370089238179,797.7203729404289,797.5055395760221
2026-07-05 00:00:00,744.81769,759.221917043431,760.7743667355396,754.09592,719.0376619785663,749.8973559429417,752.4760155554271,750.9275207352587
2026-07-05 01:00:00,744.81769,739.4081710296646,743.5276048890177,752.33192,704.9514305341188,735.8367273421893,731.8710982772315,732.0924495228471
2026-07-05 02:00:00,742.31769,728.9345551494919,734.4964923619242,747.33192,699.9514305341188,726.8056148150959,720.8056529144413,717.4202965548294
2026-07-05 03:00:00,742.31769,712.875280223988,724.563154485372,747.33192,699.9514305341188,716.8722769385437,708.5471612422301,704.6477367836835
2026-07-05 04:00:00,744.81769,699.8056357280343,715.9635386419944,747.33192,699.9514305341188,708.2726610951661,698.5729874579561,694.341629753645
2026-07-05 05:00:00,744.81769,691.0192865252823,709.1700513132805,747.33192,699.9514305341188,701.4791737664522,691.981821265276,687.8214379214901
2026-07-05 06:00:00,737.81769,669.4414234345631,697.3700824901412,747.33192,699.9514305341188,689.6792049433128,676.5511022478822,672.6420662964383
2026-07-05 07:00:00,701.81769,657.9850048354588,688.6304549751935,742.33192,694.9514305341188,680.9395774283652,667.8157825059799,664.8684366549246
2026-07-05 08:00:00,332.81769,656.9379765314977,686.8778273706769,742.33192,694.9514305341188,679.1869498238485,667.1714984923099,664.9510875021386
2026-07-05 09:00:00,332.81769,655.0092266059291,686.8648385742099,742.33192,694.9514305341188,679.1739610273816,666.2807851091092,664.4722179496948
2026-07-05 10:00:00,332.81769,659.7403336548524,690.5665098652714,742.33192,694.9514305341188,682.8756323184431,669.8116577273396,668.1788058496345
2026-07-05 11:00:00,332.81769,664.3794602272303,695.5930409773563,742.33192,694.9514305341188,687.9021634305279,673.6904597388796,672.3050376431183
2026-07-05 12:00:00,692.81769,687.4738031670148,695.5495616028809,742.33192,694.9514305341188,687.8586840560525,689.1803326695248,688.2143327760116
2026-07-05 13:00:00,701.81769,693.6425656897895,702.2740567819963,742.33192,694.9514305341188,694.5831792351679,694.8979971660323,695.0221201202726
2026-07-05 14:00:00,737.81769,698.3073897805144,707.3458125850364,742.33192,694.9514305341188,699.654935038208,699.1448066893239,699.8905705586558
2026-07-05 15:00:00,737.81769,707.4561610850518,718.4319253670935,747.33192,699.9514305341188,710.7410478202652,706.9602772810099,707.1047084488445
2026-07-05 16:00:00,742.31769,712.2261078920912,723.4566724568525,752.33192,704.9514305341188,715.7657949100242,714.8622997949617,719.9758165015828
2026-07-05 17:00:00,755.31769,732.7207797824761,743.0358894616396,792.33192,744.9514305341188,735.3450119148113,737.2543365408636,741.3360216620849
2026-07-05 18:00:00,798.31769,782.5676539865333,767.3634545906007,802.33192,754.9514305341188,759.6725770437723,773.1926617198746,775.4811240593409
2026-07-05 19:00:00,872.81769,832.4264183213218,803.1729093019877,892.83192,845.4514305341188,795.4820317551594,826.9406993435632,829.5463714136188
2026-07-05 20:00:00,872.81769,834.6580763755021,806.5555466120878,892.83192,845.4514305341188,798.8646690652595,829.1420826058774,831.6962676943178
2026-07-05 21:00:00,798.31769,793.8313186046133,784.6909422409553,802.33192,754.9514305341188,777.000064694127,783.5617725388976,785.7218594879411
2026-07-05 22:00:00,798.31769,783.1981681094246,768.2666514575909,792.33192,744.9514305341188,760.5757739107626,773.9507248919225,777.0135784587278
2026-07-05 23:00:00,755.31769,777.9432477193983,758.9724991443256,792.33192,744.9514305341188,751.2816215974973,769.8354770966466,772.957976732489
2026-07-06 00:00:00,742.51853,730.3320583591247,734.1616463952457,744.81769,697.4372005341188,726.4707688484174,730.9857978662483,727.6996277115031
2026-07-06 01:00:00,742.51853,744.459955205927,746.0563373314492,744.81769,822.5355809697701,748.7506896714874,753.138654863251,756.0789765092006
2026-07-06 02:00:00,702.22553,741.2429299504787,740.1819958169217,742.31769,820.0355809697701,742.8763481569599,749.5560398845814,752.3009958942586
2026-07-06 03:00:00,702.22553,738.8716249225866,739.2394807430247,742.31769,820.0355809697701,741.933833083063,747.4890246981222,750.7284943274872
2026-07-06 04:00:00,702.22553,735.7185153013977,741.6541175697675,744.81769,822.5355809697701,744.3484699098058,746.6445779326126,749.9887519269403
2026-07-06 05:00:00,744.22553,738.5156063227709,744.4328675100701,744.81769,822.5355809697701,747.1272198501083,749.5371935908403,752.3394298648776
2026-07-06 06:00:00,742.51853,714.5458427484241,739.8683715306731,737.81769,815.5355809697701,742.5627238707114,733.332241597455,735.9905218525034
2026-07-06 07:00:00,702.22553,711.9323017215529,732.2145258351065,701.81769,779.5355809697701,734.9088781751448,727.1677660571502,728.3797787629787
2026-07-06 08:00:00,701.22553,677.5107019588384,659.1714743751857,332.81769,410.53558096977014,661.8658267152239,639.4915718796237,644.7172606242096
2026-07-06 09:00:00,701.22553,674.5159729631584,657.9282536045512,332.81769,410.53558096977014,660.6226059445894,637.7067408715828,642.2167754055295
2026-07-06 10:00:00,702.22553,690.7129351151933,672.4515884883813,332.81769,410.53558096977014,675.1459408284195,650.884092926339,655.4169961381975
2026-07-06 11:00:00,744.22553,703.4849692833048,684.7719586587444,332.81769,410.53558096977014,687.4663109987827,661.6324291916767,665.8242674299817
2026-07-06 12:00:00,742.51853,757.7856323223775,775.9605988115982,692.81769,770.5355809697701,778.6549511516364,765.1693261897437,764.0335515302355
2026-07-06 13:00:00,744.22553,777.6557857213367,795.4057817379321,701.81769,779.5355809697701,798.1001340779703,783.4762997300272,781.4579917839352
2026-07-06 14:00:00,747.72553,798.2223948053667,813.4955909868365,737.81769,815.5355809697701,816.1899433268748,804.135719710578,802.3457973247058
2026-07-06 15:00:00,747.72553,801.1828766247704,813.697846629224,737.81769,815.5355809697701,816.3921989692623,806.450019689675,803.8658164736701
2026-07-06 16:00:00,887.22553,804.3417534923569,813.4619905050421,742.31769,820.0355809697701,816.1563428450803,808.9831843416024,805.955750041305
2026-07-06 17:00:00,892.22553,806.3862760612079,811.20882434583,755.31769,833.0355809697701,813.9031766858682,814.9267570115944,807.9679135130566
2026-07-06 18:00:00,892.22553,838.3710222687401,819.3152574135761,798.31769,876.0355809697701,822.0096097536143,840.6089149744743,834.897604059689
2026-07-06 19:00:00,982.22553,870.3441493722515,842.3779235101936,872.81769,950.5355809697701,845.0722758502318,876.4904996654369,869.3766878252962
2026-07-06 20:00:00,1062.22553,857.6072579629911,830.0137029700045,872.81769,950.5355809697701,832.7080553100427,865.437221571448,859.2950882050205
2026-07-06 21:00:00,1062.22553,815.3191907735438,798.4775284268458,798.31769,876.0355809697701,801.171880766884,821.0783643463634,817.3081991829013
2026-07-06 22:00:00,892.22553,805.3235029530102,788.5686117008772,798.31769,876.0355809697701,791.2629640409154,812.3361954788968,809.3314257136766
2026-07-06 23:00:00,887.22553,786.0175775408267,775.1314679479312,755.31769,833.0355809697701,777.8258202879695,792.7378767442613,789.4484706317354
2026-07-07 00:00:00,702.205,771.4860078820675,761.8042306637963,742.51853,820.2364209697702,764.4985830038345,779.2987362942429,775.9002455192795
2026-07-07 01:00:00,701.705,702.8820607031554,712.2941250435705,742.51853,739.1989097795515,705.2816929167294,710.0508062870971,704.5831555965312
2026-07-07 02:00:00,701.705,703.00699913155,702.6391043185913,702.22553,698.9059097795515,695.6266721917502,702.1672179241883,698.7829951578658
2026-07-07 03:00:00,701.705,700.7138284763281,700.3300423389674,702.22553,698.9059097795515,693.3176102121263,700.3189331594511,695.8058052828629
2026-07-07 04:00:00,701.705,706.0374182149945,704.4985081662791,702.22553,698.9059097795515,697.486076039438,704.5912114716997,700.4964920079863
2026-07-07 05:00:00,701.705,718.4264856773414,725.7972533860303,744.22553,740.9059097795515,718.7848212591892,722.8770142730625,717.4519713729475
2026-07-07 06:00:00,701.705,702.4199882864511,728.1257864652475,742.51853,739.1989097795515,721.1133543384065,711.658277091095,707.1029532995664
2026-07-07 07:00:00,701.705,696.9598791833268,720.9771120582626,702.22553,698.9059097795515,713.9646799314215,699.8158655157723,698.3515781387468
2026-07-07 08:00:00,701.205,699.3186584632417,724.1509422887193,701.22553,697.9059097795515,717.1385101618782,701.8275038459462,701.7727103839111
2026-07-07 09:00:00,701.205,704.0261469500197,729.6625525108617,701.22553,697.9059097795515,722.6501203840206,705.9425638909828,706.2705733333318
2026-07-07 10:00:00,701.705,735.947383757778,756.6686513470933,702.22553,698.9059097795515,749.6562192202522,731.0889105172045,731.129403225467
2026-07-07 11:00:00,701.705,750.3993626909864,772.7871316276244,744.22553,740.9059097795515,765.7746995007833,750.6619455196521,748.8835602841826
2026-07-07 12:00:00,701.705,761.6677682335978,785.6802641821043,742.51853,739.1989097795515,778.6678320552633,760.0187949450443,759.0720605208658
2026-07-07 13:00:00,701.705,778.0439161716698,805.0919972876002,744.22553,740.9059097795515,798.0795651607591,773.9977835056152,774.2758097610199
2026-07-07 14:00:00,701.705,792.6250165064953,819.7183996490827,747.72553,744.4059097795515,812.7059675222416,786.7709063823914,787.7825852527346
2026-07-07 15:00:00,701.705,809.8732995657625,839.5400516562072,747.72553,744.4059097795515,832.5276195293661,801.1935913546503,803.2182401593622
2026-07-07 16:00:00,702.205,852.1859371287358,881.3509326034969,887.22553,883.9059097795515,874.3385004766558,859.7602280092802,868.603656572795
2026-07-07 17:00:00,742.205,864.204818959792,897.1610582491801,892.22553,888.9059097795515,890.148626122339,870.6413677093133,879.3011079708323
2026-07-07 18:00:00,743.705,929.4556793567996,924.2727183096632,892.22553,888.9059097795515,917.2602861828221,918.964032056093,927.0948153126061
2026-07-07 19:00:00,887.205,976.0000314814404,960.1173291622006,982.22553,978.9059097795515,953.1048970353595,971.9345973214025,974.493351302156
2026-07-07 20:00:00,887.205,990.4728443955916,955.9239985962454,1062.22553,1058.9059097795514,948.9115664694043,996.566498979282,996.3714666854228
2026-07-07 21:00:00,742.584,971.1084183972142,932.9940540405807,1062.22553,1058.9059097795514,925.9816219137397,980.2491835290034,978.7190401232592
2026-07-07 22:00:00,743.705,884.6757348282482,862.4531525234386,892.22553,888.9059097795515,855.4407203965975,881.7507959357074,888.8329220412593
2026-07-07 23:00:00,702.205,850.5079349788384,824.3845392973994,887.22553,883.9059097795515,817.3721071705584,852.1046801924924,857.4485997748751
2026-07-08 00:00:00,737.74955,768.6406931698757,751.2789706449728,702.205,698.8853797795515,744.2665385181317,754.1776423639994,754.0247261492225
2026-07-08 01:00:00,737.74955,731.6434211752627,724.7100315717546,701.705,711.9105978701633,714.8567046175293,725.1696477494085,724.5948281310909
2026-07-08 02:00:00,701.74955,714.4009137389894,713.1370262970688,701.705,711.9105978701633,703.2836993428435,711.6404387536893,711.6403341915886
2026-07-08 03:00:00,701.74955,700.1433125108457,708.9982959542976,701.705,711.9105978701633,699.1449690000724,701.4208433362503,702.5624190586091
2026-07-08 04:00:00,701.74955,695.1581161567389,711.4997484455795,701.705,711.9105978701633,701.6464214913542,698.5999322056795,700.5751587860533
2026-07-08 05:00:00,737.74955,696.327440460171,714.9099114364176,701.705,711.9105978701633,705.0565844821923,700.0961696712611,702.2246506144005
2026-07-08 06:00:00,737.74955,699.9964147494245,716.6132028546671,701.705,711.9105978701633,706.7598759004418,702.4435416293948,704.9477180108337
2026-07-08 07:00:00,701.34955,703.6283748656022,719.6858992647608,701.705,711.9105978701633,709.8325723105355,705.411353651233,707.8240576380842
2026-07-08 08:00:00,701.34955,701.8107270994954,718.8424088568444,701.205,711.4105978701633,708.9890819026191,704.4181483409146,706.1575930630526
2026-07-08 09:00:00,701.34955,702.5488797310969,720.0206577419734,701.205,711.4105978701633,710.1673307877481,705.5295004780966,706.651724647865
2026-07-08 10:00:00,701.34955,700.923268976947,719.3203162794883,701.705,711.9105978701633,709.4669893252631,705.0818269842295,705.2919912632433
2026-07-08 11:00:00,701.74955,701.043256446548,720.6892006868859,701.705,711.9105978701633,710.8358737326606,705.5940735932215,705.3026806067517
2026-07-08 12:00:00,701.74955,712.1865486104042,731.8158927108043,701.705,711.9105978701633,721.962565756579,715.2960429109884,714.5272353109806
2026-07-08 13:00:00,704.24955,720.9864560225544,741.4866071972217,701.705,711.9105978701633,731.6332802429964,723.3338443441953,722.0651305173858
2026-07-08 14:00:00,737.74955,725.6966006112667,745.4682185329644,701.705,711.9105978701633,735.6148915787392,727.5512354672658,725.7000752585046
2026-07-08 15:00:00,737.74955,733.8704872179709,754.0974972281492,701.705,711.9105978701633,744.2441702739239,734.7444222507556,732.6339783563192
2026-07-08 16:00:00,738.24955,739.8127784923654,761.1446112055683,702.205,712.4105978701633,751.291284251343,740.0414851378653,738.0438852414385
2026-07-08 17:00:00,742.74955,757.8628409861443,776.9300814539793,742.205,752.4105978701633,767.076754499754,758.9637640555887,757.4981123490304
2026-07-08 18:00:00,742.74955,783.1160109696131,782.3550331351496,743.705,753.9105978701633,772.5017061809243,775.7180998109645,774.3625472005102
2026-07-08 19:00:00,887.24955,849.9785697564225,828.5097312766673,887.205,897.4105978701633,818.656404322442,848.2886113829668,843.5367589955766
2026-07-08 20:00:00,887.24955,854.6445612669141,839.5326814288512,887.205,897.4105978701633,829.6793544746259,853.3892407684758,849.5718714928828
2026-07-08 21:00:00,887.24955,789.5192106074551,794.9478222859918,742.584,752.7895978701632,785.0944953317666,782.398415559593,781.7665075518034
2026-07-08 22:00:00,742.32155,772.8429019525122,772.7637274271275,743.705,753.9105978701633,762.9104004729022,766.9327599890294,766.6218065898305
2026-07-08 23:00:00,738.24955,743.6482351017065,743.9140806080401,702.205,712.4105978701633,734.0607536538148,738.2766144741337,737.1693690914515
2026-07-09 00:00:00,702.28966,726.4885713774684,733.3650619050717,737.74955,747.9551478701633,723.5117349508464,730.5495267645142,729.4664306207719
2026-07-09 01:00:00,702.28966,701.8913974905377,712.0498656611882,737.74955,731.9222060726087,702.4160973469158,711.2249115084614,710.1693806168433
2026-07-09 02:00:00,702.28966,701.8820502884948,704.1236370567156,701.74955,695.9222060726087,694.4898687424432,703.549737001989,702.8117774903831
2026-07-09 03:00:00,702.28966,701.373192558932,705.6016230003529,701.74955,695.9222060726087,695.9678546860805,702.835788767693,701.732256893364
2026-07-09 04:00:00,702.28966,702.2367226083345,708.023256840234,701.74955,695.9222060726087,698.3894885259616,703.2587623753204,702.0337529210652
2026-07-09 05:00:00,702.68966,705.7743928086854,719.1604963045799,737.74955,731.9222060726087,709.5267279903074,713.3280858592194,712.0055806030072
2026-07-09 06:00:00,702.68966,692.5693928569397,716.5660019660206,737.74955,731.9222060726087,706.9322336517482,704.3921157210317,703.4192136396655
2026-07-09 07:00:00,702.68966,691.0307053574796,710.2144663734855,701.34955,695.5222060726087,700.5806980592131,696.3243554826483,696.7103445030926
2026-07-09 08:00:00,702.68966,685.1665684409229,706.1855248365979,701.34955,695.5222060726087,696.5517565223255,691.9698014914176,692.6749257752821
2026-07-09 09:00:00,702.28966,693.0898128063155,711.7014806749883,701.34955,695.5222060726087,702.0677123607159,697.130594970863,697.5344258638597
2026-07-09 10:00:00,702.28966,696.7772634101769,714.3275801842148,701.34955,695.5222060726087,704.6938118699424,699.3852740332406,699.6771329598232
2026-07-09 11:00:00,702.68966,695.6006430539753,714.5073582066656,701.74955,695.9222060726087,704.8735898923932,698.656670379496,699.1461562164907
2026-07-09 12:00:00,702.28966,700.7509809646967,720.1942700969686,701.74955,695.9222060726087,710.5605017826962,702.535917160777,703.0477267964693
2026-07-09 13:00:00,702.68966,709.5829505967112,731.2466702402904,704.24955,698.4222060726087,721.612901926018,709.7691358141493,710.3558795329077
2026-07-09 14:00:00,708.18966,724.785919716993,743.7839855193763,737.74955,731.9222060726087,734.1502172051039,726.9071979070976,726.9716221370235
2026-07-09 15:00:00,738.78966,735.4636095653965,756.9292591285158,737.74955,731.9222060726087,747.2954908142434,735.2694206850512,735.2740642872795
2026-07-09 16:00:00,743.28966,741.9440323145191,764.4891382578073,738.24955,732.4222060726087,754.8553699435349,740.7691546532328,741.2627144545681
2026-07-09 17:00:00,738.78966,752.832635356948,777.1219707167859,742.74955,736.9222060726087,767.4882024025135,749.9131629928678,750.0125571408895
2026-07-09 18:00:00,743.28966,785.0313184041928,794.9514751441293,742.74955,736.9222060726087,785.3177068298569,772.874137187115,772.6883852426009
2026-07-09 19:00:00,743.28966,862.9264215354287,840.1075359105366,887.24955,881.4222060726087,830.4737675962642,857.4331280211497,860.6160075200793
2026-07-09 20:00:00,888.18966,858.8923190986967,833.3772205313993,887.24955,881.4222060726087,823.7434522171269,854.0647659619327,857.2412441608074
2026-07-09 21:00:00,888.18966,849.6646132263431,821.6451140510312,887.24955,881.4222060726087,812.0113457367588,846.040057822742,848.6654911638615
2026-07-09 22:00:00,738.78966,768.295909303716,772.5502872012248,742.32155,736.4942060726087,762.9165188869524,758.3704278773885,757.1200433306083
2026-07-09 23:00:00,738.18966,751.0001791665404,753.9776530555488,738.24955,732.4222060726087,744.3438847412764,742.643709216355,739.8072602680735
2026-07-10 00:00:00,703.12464,727.082024811631,734.0196243264871,702.28966,696.4623160726087,724.3858560122147,718.3332877686912,716.2730733821226
2026-07-10 01:00:00,703.12464,701.5438250464936,702.4292994368731,702.28966,698.212050449881,695.8761395851272,700.2922714559461,699.3583751816182
2026-07-10 02:00:00,703.12464,698.7884396888167,701.2064947137098,702.28966,698.212050449881,694.653334861964,698.0678830621946,697.0283578245975
2026-07-10 03:00:00,703.12464,695.4621647161199,700.0026302806478,702.28966,698.212050449881,693.449470428902,695.6565541572328,694.6806059660222
2026-07-10 04:00:00,703.12464,694.8181634350022,701.1889221041758,702.28966,698.212050449881,694.63576225243,695.2793396992292,694.3123978627394
2026-07-10 05:00:00,703.12464,695.9406700619995,703.005477104833,702.68966,698.6120504498809,696.4523172530871,696.3665676329142,695.4584875687038
2026-07-10 06:00:00,703.12464,680.6489321109804,700.8498093790568,702.68966,698.6120504498809,694.2966495273109,685.171121975551,684.619967665689
2026-07-10 07:00:00,703.07464,683.7442411181023,702.8477219808135,702.68966,698.6120504498809,696.2945621290677,687.791975797084,687.3848321546254
2026-07-10 08:00:00,703.07464,679.7126164740698,700.0998296942255,702.68966,698.6120504498809,693.5466698424797,684.6880262600753,684.3991633149201
2026-07-10 09:00:00,699.07464,687.1457220589375,704.757017701918,702.28966,698.212050449881,698.2038578501722,690.3110899949086,689.9400669825663
2026-07-10 10:00:00,703.07464,694.1726884796162,709.6553649339436,702.28966,698.212050449881,703.1022050821978,695.6894283377685,695.2329984264663
2026-07-10 11:00:00,703.12464,699.3949785359039,713.9554356998296,702.68966,698.6120504498809,707.4022758480838,699.9436377102877,699.5358157213965
2026-07-10 12:00:00,703.12464,699.0951630629297,720.7149321930455,702.28966,698.212050449881,714.1617723412996,700.3443940650106,700.1848117259335
2026-07-10 13:00:00,707.07464,705.123348187886,727.8400928917961,702.68966,698.6120504498809,721.2869330400503,706.469097751243,707.0154542904861
2026-07-10 14:00:00,707.57464,713.1185687126056,736.3349806009182,708.18966,704.1120504498809,729.7818207491724,713.7623732968674,714.2875116209605
2026-07-10 15:00:00,740.57464,728.6716973178168,751.3959602216834,738.78966,734.712050449881,744.8428003699375,730.647930499293,730.9955017268643
2026-07-10 16:00:00,740.57464,733.8868647395011,756.5859354402905,743.28966,739.212050449881,750.0327755885447,735.5199684143399,735.8059482830461
2026-07-10 17:00:00,739.86164,737.3019653665949,760.5521521677391,738.78966,734.712050449881,753.9989923159933,738.0225655320694,738.4721297986255
2026-07-10 18:00:00,744.17464,770.8905554615889,769.7099964409193,743.28966,739.212050449881,763.1568365891735,764.2210626438441,764.3497121316705
2026-07-10 19:00:00,889.07464,779.1220602899372,779.1546711157554,743.28966,739.212050449881,772.6015112640096,771.5236364673415,771.9406715689801
2026-07-10 20:00:00,744.17464,852.6154096543511,807.0560672177893,888.18966,884.1120504498809,800.5029073660435,852.1495027633023,853.5752466461638
2026-07-10 21:00:00,889.07464,847.4927368452599,801.4310766877685,888.18966,884.1120504498809,794.8779168360227,847.8716504645765,849.0570040391376
2026-07-10 22:00:00,740.57464,760.865232031522,754.1050892511597,738.78966,734.712050449881,747.5519293994139,755.6607763896142,755.6493029062583
2026-07-10 23:00:00,707.57464,748.5265342041145,737.3332239181743,738.18966,734.1120504498809,730.7800640664285,744.90762666746,744.4791427514767
2026-07-11 00:00:00,742.40661,718.3416131969961,721.4878460619772,703.12464,699.0470304498809,714.9346862102313,716.0657097589911,715.399035909628
2026-07-11 01:00:00,738.26961,739.6165395394266,732.8189947188035,703.12464,708.0111186500001,729.3589675966219,733.7401892438862,733.4885743711867
2026-07-11 02:00:00,702.80661,733.4707287757006,729.496740945694,703.12464,708.0111186500001,726.0367138235124,728.9359429250219,728.630443701909
2026-07-11 03:00:00,701.35661,726.1216292862035,725.8385874433034,703.12464,708.0111186500001,722.3785603211218,723.0948487893049,722.6849038799246
2026-07-11 04:00:00,701.35661,721.6872376563126,724.0303375943562,703.12464,708.0111186500001,720.5703104721746,719.5889922110094,719.1218750523796
2026-07-11 05:00:00,701.35661,719.0064457395142,722.0903936565481,703.12464,708.0111186500001,718.6303665343665,717.5368967404737,717.1297102201368
2026-07-11 06:00:00,701.35661,702.2063069765273,718.9564249325539,703.12464,708.0111186500001,715.4963978103723,705.0121704743202,704.8653811505272
2026-07-11 07:00:00,698.30661,703.9638398890507,719.9280562637139,703.07464,707.9611186500001,716.4680291415323,706.3137145121381,706.1602313144118
2026-07-11 08:00:00,697.30661,702.4160108958874,717.4239833849443,703.07464,707.9611186500001,713.9639562627627,704.8135685020756,704.5770064362782
2026-07-11 09:00:00,697.30661,703.001639408299,717.026510152281,699.07464,703.9611186500001,713.5664830300994,704.7054068171434,704.5638144199622
2026-07-11 10:00:00,698.30661,710.2551370013095,722.5119006226937,703.07464,707.9611186500001,719.0518735005121,710.720747280535,710.3878136779819
2026-07-11 11:00:00,698.30661,710.7407553788278,723.8817114040968,703.12464,708.0111186500001,720.4216842819152,711.2212484743978,710.9738629925471
2026-07-11 12:00:00,698.30661,705.4363048723792,726.8092696331926,703.12464,708.0111186500001,723.349242511011,707.7610288373264,707.8243846384249
2026-07-11 13:00:00,701.35661,711.4543227760408,733.2521418844664,707.07464,711.9611186500001,729.7921147622848,713.453395485432,713.6537869221387
2026-07-11 14:00:00,701.35661,713.6123473104603,734.6183050316887,707.57464,712.4611186500001,731.1582779095071,715.5071656227592,715.8838431422912
2026-07-11 15:00:00,701.35661,725.9098773992769,745.6559362758666,740.57464,745.4611186500001,742.195909153685,729.6176806115329,729.4878653337731
2026-07-11 16:00:00,742.40661,728.4227939881118,747.9389957538435,740.57464,745.4611186500001,744.4789686316619,731.806059946701,731.7307908693738
2026-07-11 17:00:00,738.26961,729.3802914408526,748.2295382987002,739.86164,744.74811865,744.7695111765186,732.6864332970916,732.699312173383
2026-07-11 18:00:00,922.30661,763.1486287481176,756.9726621870775,744.17464,749.06111865,753.5126350648959,758.7052877579084,758.192001305168
2026-07-11 19:00:00,922.30661,841.6074819466318,793.0490174056175,889.07464,893.9611186500001,789.5889902834359,843.9802945691412,844.5912276063127
2026-07-11 20:00:00,922.30661,767.814852339312,763.1798579132441,744.17464,749.06111865,759.7198307910625,763.357095139566,763.1022100921034
2026-07-11 21:00:00,942.30661,839.3100984485824,789.5486431528007,889.07464,893.9611186500001,786.088616030619,842.1172350758455,842.4748588600115
2026-07-11 22:00:00,922.30661,761.2541256895573,752.5467691731199,740.57464,745.4611186500001,749.0867420509383,757.4356448967637,757.0482435265934
2026-07-11 23:00:00,742.40661,743.5602101074453,739.4348139034579,707.57464,712.4611186500001,735.9747867812763,739.4258774958931,739.6228904730623
2026-07-12 00:00:00,832.19518,739.8882119861761,741.0868768002975,742.40661,747.2930886500001,737.626849678116,741.5922823188697,742.463900059587
2026-07-12 01:00:00,832.19518,813.3442142269923,800.1675595298441,738.26961,747.4553152520888,805.2447272952614,799.2392609612532,798.7717604806002
2026-07-12 02:00:00,832.19518,795.0820111490694,773.3201876383241,702.80661,711.9923152520888,778.3973554037415,777.4976658683559,778.1877744175631
2026-07-12 03:00:00,832.19518,777.5535653205646,755.9802416272624,701.35661,710.5423152520889,761.0574093926798,763.0951979122046,763.4074292017667
2026-07-12 04:00:00,832.19518,764.3603151251826,747.2577331957183,701.35661,710.5423152520889,752.3349009611356,752.5344726551874,752.3211146078407
2026-07-12 05:00:00,832.19518,759.722524749562,740.9750340013167,701.35661,710.5423152520889,746.052201766734,748.7739521641796,747.9692090311107
2026-07-12 06:00:00,652.69518,699.7315243513158,733.0532041950776,701.35661,710.5423152520889,738.1303719604949,705.8848227158397,706.5714484322864
2026-07-12 07:00:00,632.19518,689.8435826106044,725.6557572914872,698.30661,707.4923152520888,730.7329250569046,697.9203002945516,699.1660052497695
2026-07-12 08:00:00,632.19518,681.8324842558403,718.5458809262939,697.30661,706.4923152520888,723.6230486917112,691.423243567205,690.330947736385
2026-07-12 09:00:00,632.19518,678.4895228255406,714.7558744728932,697.30661,706.4923152520888,719.8330422383106,688.5768009149932,687.2111703067247
2026-07-12 10:00:00,632.19518,675.7172685878654,712.6089767634193,698.30661,707.4923152520888,717.6861445288366,686.6623256059303,685.2112072663577
2026-07-12 11:00:00,640.75718,674.1096277188936,712.2801111071689,698.30661,707.4923152520888,717.3572788725862,685.710647739317,684.3569774911296
2026-07-12 12:00:00,640.75718,713.2224055951477,712.2647492446865,698.30661,707.4923152520888,717.3419170101039,713.5083868406856,713.568606408275
2026-07-12 13:00:00,652.69518,716.4877848115494,712.6304642520217,701.35661,710.5423152520889,717.7076320174391,716.7450455125627,717.6901131342343
2026-07-12 14:00:00,682.19518,725.3751939171837,724.221622246293,701.35661,710.5423152520889,729.2987900117104,724.179174363319,725.5570199004117
2026-07-12 15:00:00,832.19518,736.118901055521,738.7468885719388,701.35661,710.5423152520889,743.8240563373562,733.1655846730557,734.840831562321
2026-07-12 16:00:00,832.19518,749.7137530065371,749.2018634453789,742.40661,751.5923152520888,754.2790312107962,751.3545729210399,750.878864791359
2026-07-12 17:00:00,832.19518,761.6287667930915,764.4791983851152,738.26961,747.4553152520888,769.5563661505325,760.630852197431,760.7249812945512
2026-07-12 18:00:00,922.19518,866.0444383389056,821.6011202836646,922.30661,931.4923152520888,826.678288049082,872.5547076744979,873.0056040195609
2026-07-12 19:00:00,922.19518,878.783608940839,837.5251710479881,922.30661,931.4923152520888,842.6023388134055,883.2554802810994,885.2342900691674
2026-07-12 20:00:00,922.19518,885.2233642569882,847.1285610965592,922.30661,931.4923152520888,852.2057288619766,888.5842785903885,889.5842708496069
2026-07-12 21:00:00,933.19518,891.2412691761186,848.2682332335727,942.30661,951.4923152520888,853.34540099899,896.8095802918605,896.5852313371174
2026-07-12 22:00:00,933.19518,881.7462144232297,840.352643538037,922.30661,931.4923152520888,845.4298113034544,885.8248797790899,885.8577672056064
2026-07-12 23:00:00,922.19518,816.0675958004095,798.7008036037299,742.40661,751.5923152520888,803.7779713691473,803.245401397169,801.0020918688027
2026-07-13 00:00:00,804.52814,814.2401990131766,794.1062299823218,832.19518,841.3808852520889,799.1833977477391,817.054096794683,818.2690360080859
2026-07-13 01:00:00,804.52814,798.8554850591121,804.8017232428915,832.19518,868.4937740915869,794.7662585138889,804.9546408471891,803.7324045089858
2026-07-13 02:00:00,804.52814,786.4061280689438,791.0220699930155,832.19518,868.4937740915869,780.986605264013,793.6903109327429,792.3612771646061
2026-07-13 03:00:00,804.52814,773.6110971561409,780.1232638448951,832.19518,868.4937740915869,770.0877991158925,782.748746090565,781.1617845965644
2026-07-13 04:00:00,794.52814,773.1529956305336,781.1225426311112,832.19518,868.4937740915869,771.0870779021086,783.8091064459289,782.5828008821312
2026-07-13 05:00:00,804.52814,774.4950972821725,783.1900867369095,832.19518,868.4937740915869,773.1546220079069,785.7584211211919,784.7547236802026
2026-07-13 06:00:00,794.52814,729.8678853621536,746.5528573778379,652.69518,688.9937740915869,736.5173926488353,727.1158565796793,726.1587891120838
2026-07-13 07:00:00,504.52814,729.5685712613141,744.1013008605571,632.19518,668.4937740915869,734.0658361315545,722.5401032928719,721.2092587496376
2026-07-13 08:00:00,504.52814,734.7000734774222,749.0838148248528,632.19518,668.4937740915869,739.0483500958502,726.7034447972237,725.4400422411163
2026-07-13 09:00:00,504.52814,747.0152065055105,759.6115854065991,632.19518,668.4937740915869,749.5761206775966,737.1855065905995,736.0179482362312
2026-07-13 10:00:00,504.52814,761.4081295914474,772.2927910857031,632.19518,668.4937740915869,762.2573263567006,749.1792062877507,748.0824912410419
2026-07-13 11:00:00,504.52814,772.8968162893912,783.9571731683288,640.75718,677.0557740915868,773.9217084393263,763.1949765563561,763.2649554939155
2026-07-13 12:00:00,664.52814,764.6081905627323,798.5369448975489,640.75718,677.0557740915868,788.5014801685463,761.7883467908475,762.1374384887365
2026-07-13 13:00:00,655.02814,776.7179927458768,810.649098314575,652.69518,688.9937740915869,800.6136335855724,773.6899598152589,774.1841262163647
2026-07-13 14:00:00,804.52814,793.3150943811496,826.238514795019,682.19518,718.4937740915869,816.2030500660164,791.1307720882061,791.6454834452367
2026-07-13 15:00:00,924.52814,837.6699865485106,860.098801793401,832.19518,868.4937740915869,850.0633370643984,846.130782254076,846.9788251267317
2026-07-13 16:00:00,933.02814,841.9491199894218,867.9231657240161,832.19518,868.4937740915869,857.8877009950136,851.8522834984167,853.0399491853848
2026-07-13 17:00:00,933.02814,852.1730321047072,881.7454022750969,832.19518,868.4937740915869,871.7099375460944,861.6802179750889,862.9276694247385
2026-07-13 18:00:00,944.52814,930.5997531826464,925.139344854769,922.19518,958.4937740915869,915.1038801257664,930.2918611893249,930.6744245229272
2026-07-13 19:00:00,1074.52814,939.3456509518736,936.7455360048688,922.19518,958.4937740915869,926.7100712758662,938.2844049716907,938.6982918321029
2026-07-13 20:00:00,1197.52814,936.8401291808872,933.6719423755716,922.19518,958.4937740915869,923.636477646569,935.8157515777632,936.080844693724
2026-07-13 21:00:00,1198.52814,938.2077922325118,934.5091012945844,933.19518,969.4937740915869,924.4736365655818,937.4962303863653,937.391240808834
2026-07-13 22:00:00,944.52814,924.331056143546,913.21599161263,933.19518,969.4937740915869,903.1805268836274,923.3868599185341,923.0175363512614
2026-07-13 23:00:00,933.02814,909.804360038866,893.7216626106027,922.19518,958.4937740915869,883.6861978816002,908.3511924736381,907.9090109631674
2026-07-14 00:00:00,673.9051,858.7678944512134,849.1039759687587,804.52814,840.8267340915869,839.0685112397562,849.528555716775,847.8793541874189
2026-07-14 01:00:00,673.9051,686.8321030500848,708.281379714083,804.52814,825.5705502656658,711.5455116244561,717.3080994678246,716.5687993535313
2026-07-14 02:00:00,673.9051,697.9634780216725,710.0196136612493,804.52814,825.5705502656658,713.2837455716225,723.3231386678974,722.4177965346007
2026-07-14 03:00:00,673.9051,704.0021536899305,716.8907453903267,804.52814,825.5705502656658,720.1548773006999,728.3081688294519,727.2320647693607
2026-07-14 04:00:00,673.9051,707.4715343683756,721.6861476776198,794.52814,815.5705502656658,724.950279587993,731.6624076168088,730.9767239094049
2026-07-14 05:00:00,673.9051,729.4533820909368,742.0229541591724,804.52814,825.5705502656658,745.2870860695456,751.5280287383448,751.0806512742181
2026-07-14 06:00:00,673.9051,697.7872764457352,733.2576787692449,794.52814,815.5705502656658,736.521810679618,729.6624375984237,729.7930031740851
2026-07-14 07:00:00,654.4051,659.5980486326364,667.547999851907,504.52814,525.5705502656658,670.8121317622802,651.2514532513319,650.6406734571048
2026-07-14 08:00:00,643.9051,653.7042445703067,663.6642754411218,504.52814,525.5705502656658,666.928407351495,646.2979965464256,645.8560211793169
2026-07-14 09:00:00,643.9051,665.9313519516702,675.2104936630348,504.52814,525.5705502656658,678.4746255734079,656.1217708462965,655.7283205611973
2026-07-14 10:00:00,663.9051,698.8696419408902,705.4100588387644,504.52814,525.5705502656658,708.6741907491376,682.9461625370761,682.6307420795554
2026-07-14 11:00:00,673.9051,717.8524525480884,721.5586512969858,504.52814,525.5705502656658,724.822783207359,698.9834255989978,698.7451258337547
2026-07-14 12:00:00,673.9051,765.6339875626261,775.8740617242025,664.52814,685.5705502656658,779.1381936345757,762.9812369401011,763.9324661403688
2026-07-14 13:00:00,943.9051,790.9099645625258,804.8338736709968,655.02814,676.0705502656658,808.09800558137,783.3255876805249,784.3092703097551
2026-07-14 14:00:00,975.4051,851.5343747362232,849.1160813120784,804.52814,825.5705502656658,852.3802132224516,847.4651500991247,847.9495769899071
2026-07-14 15:00:00,975.4051,909.4944454887892,900.6979625882351,924.52814,945.5705502656658,903.9620944986083,909.2438512152237,909.474511031281
2026-07-14 16:00:00,1073.9051,927.5719692952472,926.9682651586947,933.02814,954.0705502656658,930.2323970690679,928.1350215646232,928.3722572705784
2026-07-14 17:00:00,989.4051,948.4498891263536,948.8834472947856,933.02814,954.0705502656658,952.1475792051588,945.5903133657987,945.8704875561333
2026-07-14 18:00:00,1073.9051,993.0649207980944,983.4604441689876,944.52814,965.5705502656658,986.7245760793608,982.1899836444035,982.5722320297544
2026-07-14 19:00:00,1197.9051,1051.1752012434438,1026.785513926781,1074.52814,1095.5705502656656,1030.0496458371542,1039.7485277937244,1038.6493529564846
2026-07-14 20:00:00,1196.9051,1099.91330942641,1058.1684891858947,1197.52814,1218.5705502656656,1061.432621096268,1093.2589211269583,1091.905961021214
2026-07-14 21:00:00,1197.9051,1085.207991648546,1039.542449541591,1198.52814,1219.5705502656656,1042.8065814519641,1079.3906141655514,1077.5938114279697
2026-07-14 22:00:00,989.4051,957.2086683654832,933.5130955145596,944.52814,965.5705502656658,936.7772274249328,946.885969406633,946.3281576120252
2026-07-14 23:00:00,975.4051,894.583105835842,855.0707652129814,933.02814,954.0705502656658,858.3348971233546,889.2674387374756,888.0696790044046
2026-07-15 00:00:00,843.61336,821.856670976066,769.266552763723,673.9051,694.9475102656658,772.5306846740962,798.8835213505868,798.3357773660714
2026-07-15 01:00:00,726.92736,826.8934573724986,793.8998837344035,673.9051,742.651690077624,795.4305753455485,814.9524558472433,813.3914214717977
2026-07-15 02:00:00,692.69036,812.2703292279537,766.6070325958,673.9051,742.651690077624,768.137724206945,802.5290592571392,801.1639412947911
2026-07-15 03:00:00,672.69036,802.3859029908674,755.5315420755603,673.9051,742.651690077624,757.0622336867053,794.203474885279,792.7401545375355
2026-07-15 04:00:00,726.92736,815.7370137595143,766.0450897516517,673.9051,742.651690077624,767.5757813627968,804.652818462605,803.1291807056998
2026-07-15 05:00:00,927.69036,832.0880993295069,781.9243534696352,673.9051,742.651690077624,783.4550450807802,817.863072985914,816.4041451867306
2026-07-15 06:00:00,726.92736,746.5010267348351,784.8244293970615,673.9051,742.651690077624,786.3551210082065,755.406251734961,755.5063336561901
2026-07-15 07:00:00,643.69036,748.4613627387182,787.7747171764404,654.4051,723.151690077624,789.3054087875854,754.1466129466364,754.4852841804535
2026-07-15 08:00:00,643.69036,755.3194696043869,794.1183939687617,643.9051,712.651690077624,795.6490855799067,758.7613848110508,759.6838948331573
2026-07-15 09:00:00,643.69036,772.3663464487685,808.7860677035959,643.9051,712.651690077624,810.3167593147409,772.4619091249978,773.516712909962
2026-07-15 10:00:00,643.69036,806.0640358705191,838.9792025949611,663.9051,732.651690077624,840.5098942061061,803.0828745301801,804.5020695855518
2026-07-15 11:00:00,653.19036,833.4479084508089,858.4467204462442,673.9051,742.651690077624,859.9774120573892,825.4561164021725,826.3484598312622
2026-07-15 12:00:00,672.69036,855.7312911132639,885.4163802799344,673.9051,742.651690077624,886.9470718910794,843.7806158833693,844.7983143026225
2026-07-15 13:00:00,792.69036,944.2369007476804,962.0345473202968,943.9051,1012.651690077624,963.5652389314419,955.9922668600226,956.8574668906805
2026-07-15 14:00:00,927.69036,967.4000387277296,985.38208468222,975.4051,1044.1516900776242,986.912776293365,977.8855080926045,977.7877896832732
2026-07-15 15:00:00,927.69036,989.2077721641002,1012.7999377051764,975.4051,1044.1516900776242,1014.3306293163214,995.7578282685719,995.6260520005145
2026-07-15 16:00:00,942.69036,1031.9918566980773,1055.671604432265,1073.9051,1142.6516900776242,1057.2022960434101,1043.738325881692,1042.5088816211255
2026-07-15 17:00:00,1182.69036,1027.8040335374228,1057.6518340713392,989.4051,1058.1516900776242,1059.182525682484,1029.371507703274,1029.1604095272369
2026-07-15 18:00:00,1196.69036,1103.254879952704,1102.8880604503718,1073.9051,1142.6516900776242,1104.418752061517,1102.266270665416,1102.2925949272096
2026-07-15 19:00:00,1197.69036,1175.3218265723408,1146.8005579817532,1197.9051,1266.6516900776242,1148.331249592898,1178.7224010399623,1179.0667429344505
2026-07-15 20:00:00,1197.69036,1171.8454799643528,1145.4947405838998,1196.9051,1265.6516900776242,1147.0254321950447,1175.65041281734,1175.7453518497132
2026-07-15 21:00:00,1197.69036,1155.1225498744925,1115.2736473884734,1197.9051,1266.6516900776242,1116.8043389996183,1161.261052798802,1161.0971374383066
2026-07-15 22:00:00,1196.69036,1021.3662984456258,1014.2569475061632,989.4051,1058.1516900776242,1015.7876391173082,1022.6632727593184,1022.4250598326971
2026-07-15 23:00:00,942.69036,977.6777067455888,949.8257310093948,975.4051,1044.1516900776242,951.3564226205398,982.9368168475339,981.9471987469858
2026-07-16 00:00:00,733.91903,907.8532347912178,873.1787168700891,843.61336,912.359950077624,874.7094084812342,900.773532621306,900.3571392458318
2026-07-16 01:00:00,733.91903,745.7358935554211,736.2618882033182,726.92736,730.7841278418763,743.7168724218163,741.6074952327683,738.062629750985
2026-07-16 02:00:00,693.91903,747.4899127844849,720.7372809084754,692.69036,696.5471278418763,728.1922651269736,734.7065545053972,731.461991155853
2026-07-16 03:00:00,693.91903,751.7914703671139,724.2756012451439,672.69036,676.5471278418763,731.730585463642,737.3573337078136,734.5966879454763
2026-07-16 04:00:00,733.91903,756.6157631786973,739.8397961207617,726.92736,730.7841278418763,747.2947803392598,749.5533462058972,746.3734691827339
2026-07-16 05:00:00,733.91903,767.2682383057594,793.3249889816445,927.69036,931.5471278418763,800.7799732001426,800.3163064002762,799.6349164456317
2026-07-16 06:00:00,733.91903,710.5329071640622,739.1212984819035,726.92736,730.7841278418763,746.5762827004016,726.4264992402198,725.5567410431573
2026-07-16 07:00:00,654.41903,694.835657912132,717.0478585536569,643.69036,647.5471278418763,724.502842772155,703.7156827906277,703.893908465257
2026-07-16 08:00:00,644.91903,682.0780811852457,707.1997114366413,643.69036,647.5471278418763,714.6546956551394,693.0128351157095,693.3431589566327
2026-07-16 09:00:00,644.91903,691.787870583832,715.2728685352852,643.69036,647.5471278418763,722.7278527537833,702.2803604314283,702.9928497024779
2026-07-16 10:00:00,644.91903,715.7254742249718,737.210264185836,643.69036,647.5471278418763,744.6652484043341,722.3552728256155,723.3227321220354
2026-07-16 11:00:00,693.91903,729.5013890038853,750.8602841788277,653.19036,657.0471278418763,758.3152683973258,735.0807558124809,736.1180242591533
2026-07-16 12:00:00,693.91903,769.3094374430942,785.8512370660458,672.69036,676.5471278418763,793.3062212845439,770.667730774278,771.9659087866362
2026-07-16 13:00:00,733.91903,833.2462431391448,845.3973590203902,792.69036,796.5471278418763,852.8523432388884,834.7594355502339,834.7126776149122
2026-07-16 14:00:00,733.91903,892.7945280226726,891.1317437316143,927.69036,931.5471278418763,898.5867279501124,896.1307904708246,895.4961118185314
2026-07-16 15:00:00,733.91903,923.3504383892948,924.5240306232096,927.69036,931.5471278418763,931.9790148417077,922.3875388703564,921.9505973633475
2026-07-16 16:00:00,923.88903,957.153823636272,967.477610307482,942.69036,946.5471278418763,974.9325945259801,956.2282573896913,956.1593186693821
2026-07-16 17:00:00,943.91903,1050.7544133945914,1041.524212835642,1182.69036,1186.5471278418763,1048.97919705414,1057.6108787926812,1056.619136582988
2026-07-16 18:00:00,1198.91903,1136.7900550725535,1086.3418576104152,1196.69036,1200.5471278418763,1093.7968418289133,1125.9618836026257,1126.4430071365
2026-07-16 19:00:00,1203.91903,1162.583034354345,1119.5002760828947,1197.69036,1201.5471278418763,1126.9552603013929,1148.9655907161987,1149.5543126901052
2026-07-16 20:00:00,1198.91903,1172.182392268713,1142.6904026459315,1197.69036,1201.5471278418763,1150.1453868644296,1164.1666606349804,1165.3073593406266
2026-07-16 21:00:00,1203.91903,1148.725152196391,1115.0788486357433,1197.69036,1201.5471278418763,1122.5338328542414,1144.8575343937694,1145.8606406102365
2026-07-16 22:00:00,1066.26703,1090.7019699930197,1033.0795773850714,1196.69036,1200.5471278418763,1040.5345616035695,1088.7030409031927,1088.8383235838453
2026-07-16 23:00:00,923.88903,931.6387335828662,887.3399295923064,942.69036,946.5471278418763,894.7949138108045,926.7198393417046,927.2395220689206
2026-07-17 00:00:00,923.52112,840.9778584464666,803.5621905928351,733.91903,737.7757978418763,811.0171748113332,817.2298461672764,816.1394621542801
2026-07-17 01:00:00,743.51912,826.4133381957363,804.2615679929754,733.91903,770.5053333862717,804.8681349684309,813.5365835698226,812.1084060096136
2026-07-17 02:00:00,730.06412,769.3077374545196,743.3767559049317,693.91903,730.5053333862717,743.9833228803872,762.6210382917063,762.7255566031167
2026-07-17 03:00:00,730.06412,733.9717987644415,724.2290298062746,693.91903,730.5053333862717,724.8355967817301,735.3153609702935,733.8666201397443
2026-07-17 04:00:00,730.06412,743.8319658343544,742.673833860682,733.91903,770.5053333862717,743.2804008361375,750.7832283400668,748.388744939239
2026-07-17 05:00:00,923.52112,761.6840548551759,761.4016349573387,733.91903,770.5053333862717,762.0082019327942,762.4460073317048,756.9445134273649
2026-07-17 06:00:00,743.51912,737.7566592850816,760.0170171365831,733.91903,770.5053333862717,760.6235841120387,747.628011389945,743.1361466438517
2026-07-17 07:00:00,643.52112,734.2013526272752,750.6564692905837,654.41903,691.0053333862717,751.2630362660392,731.4187574415837,729.5452247599831
2026-07-17 08:00:00,643.52112,738.8327112201061,754.8508309327715,644.91903,681.5053333862717,755.457397908227,733.76949892805,732.7123691822151
2026-07-17 09:00:00,643.52112,725.3820556313461,746.0784908105455,644.91903,681.5053333862717,746.685057786001,724.5556617641303,724.2159329640571
2026-07-17 10:00:00,642.52112,734.7670675533943,756.3066313010205,644.91903,681.5053333862717,756.913198276476,732.5513929165038,732.916452386775
2026-07-17 11:00:00,643.52112,773.6430838826601,793.943038094442,693.91903,730.5053333862717,794.5496050698976,772.3473809245415,774.3517136293469
2026-07-17 12:00:00,643.52112,785.50172364318,815.9386775963019,693.91903,730.5053333862717,816.5452445717574,783.0318487981752,785.3188644191025
2026-07-17 13:00:00,643.52112,812.1451658574844,839.2234082395831,733.91903,770.5053333862717,839.8299752150386,809.4775873570218,809.0434763171068
2026-07-17 14:00:00,923.52112,834.1376858687711,865.74843530937,733.91903,770.5053333862717,866.3550022848256,827.2720190126787,827.0071808339917
2026-07-17 15:00:00,923.52112,852.1395517493232,883.5780859298752,733.91903,770.5053333862717,884.1846529053307,843.1526910406727,844.4799307990872
2026-07-17 16:00:00,923.52112,934.1289206852788,950.55626784586,923.88903,960.4753333862717,951.1628348213155,941.7177546281498,945.2874138336638
2026-07-17 17:00:00,923.52112,960.5863984723088,975.5974738759846,943.91903,980.5053333862717,976.2040408514401,967.6136878885525,972.5233675936013
2026-07-17 18:00:00,1196.52112,1132.331488598226,1081.6477611339656,1198.91903,1235.5053333862716,1082.254328109421,1136.7535201197884,1138.1626583241618
2026-07-17 19:00:00,1197.52112,1155.8328575682235,1109.373664840847,1203.91903,1240.5053333862716,1109.9802318163024,1158.152771203922,1160.7844407265588
2026-07-17 20:00:00,1196.52112,1161.5620623472844,1121.6772200669498,1198.91903,1235.5053333862716,1122.2837870424053,1162.6201000429285,1164.8405706198023
2026-07-17 21:00:00,1197.52112,1157.378423123669,1119.0120408032765,1203.91903,1240.5053333862716,1119.618607778732,1159.518968405661,1160.6760757671032
2026-07-17 22:00:00,942.52112,1049.984649078739,1024.7565961801868,1066.26703,1102.8533333862715,1025.3631631556423,1050.7460169351527,1049.04777936946
2026-07-17 23:00:00,923.52112,949.2429561152372,932.894830623178,923.88903,960.4753333862717,933.5013975986335,947.7856123917015,947.3361644157342
2026-07-18 00:00:00,942.49543,902.7543828587068,895.16072132606,923.52112,960.1074233862716,895.7672883015155,912.1165081790839,910.2152377241509
2026-07-18 01:00:00,854.20243,842.365917787938,830.3298488658872,743.51912,707.6272660945239,829.5183618530547,818.3922911382822,819.2176381470297
2026-07-18 02:00:00,932.49543,745.5447928006784,755.5194129234908,730.06412,694.1722660945238,754.7079259106582,738.0983290627654,737.185215609055
2026-07-18 03:00:00,727.39843,683.871224170788,721.8030677404937,730.06412,694.1722660945238,720.9915807276611,688.8339027935989,685.1773449752554
2026-07-18 04:00:00,727.39843,654.4782723214511,704.202704584208,730.06412,694.1722660945238,703.3912175713755,665.3323820945968,660.4835387099317
2026-07-18 05:00:00,727.39843,648.1104585362106,743.2778356389642,923.52112,887.6292660945238,742.4663486261317,698.5138317660017,695.4207179478983
2026-07-18 06:00:00,647.49543,706.275473154291,697.8648249327488,743.51912,707.6272660945239,697.0533379199162,701.9049104104437,691.9077124223772
2026-07-18 07:00:00,647.49543,683.5557529225523,675.4953370451952,643.52112,607.6292660945238,674.6838500323627,666.1676832016999,661.747818516867
2026-07-18 08:00:00,647.49543,670.9016008040535,667.4167102363011,643.52112,607.6292660945238,666.6052232234686,657.0127368530407,653.2538835253122
2026-07-18 09:00:00,643.49543,662.6755449697839,659.2939345991867,643.52112,607.6292660945238,658.4824475863542,650.2906224538149,646.1392810123622
2026-07-18 10:00:00,643.49543,681.182043383984,675.8264417778045,642.52112,606.6292660945238,675.0149547649719,664.8498671818821,660.8493181280289
2026-07-18 11:00:00,643.49543,704.6214487160803,699.6949981397489,643.52112,607.6292660945238,698.8835111269163,684.4657161806776,681.0646489033807
2026-07-18 12:00:00,643.49543,677.671062416691,727.5321643568376,643.52112,607.6292660945238,726.720677344005,669.4467609251233,669.0470987151489
2026-07-18 13:00:00,647.49543,701.4281218692621,743.8753314386767,643.52112,607.6292660945238,743.0638444258441,689.3049588050332,691.2422055079792
2026-07-18 14:00:00,647.49543,799.5999945743691,826.6629765621931,923.52112,887.6292660945238,825.8514895493605,817.9280195700062,818.6961423226045
2026-07-18 15:00:00,743.49343,833.8756740513412,853.5636368734347,923.52112,887.6292660945238,852.7521498606021,846.5797266772571,849.7223058661525
2026-07-18 16:00:00,952.49543,861.9582372773722,878.5481568057774,923.52112,887.6292660945238,877.7366697929448,870.0562517449197,874.7780853399676
2026-07-18 17:00:00,952.49543,891.538543775376,905.1937474028764,923.52112,887.6292660945238,904.3822603900438,894.7843858533174,901.2030697646138
2026-07-18 18:00:00,952.49543,1055.693265592398,990.953536420748,1196.52112,1160.629266094524,990.1420494079155,1068.6940012028317,1071.2703727315973
2026-07-18 19:00:00,952.49543,1084.781605412116,1019.6346097010114,1197.52112,1161.629266094524,1018.8231226881788,1093.7122814457562,1098.620993086351
2026-07-18 20:00:00,952.49543,1096.2482091794982,1035.748571729602,1196.52112,1160.629266094524,1034.9370847167693,1103.1086841177407,1108.5341661884734
2026-07-18 21:00:00,952.49543,1087.5180897718124,1029.11862333185,1197.52112,1161.629266094524,1028.3071363190174,1095.6811986147102,1100.1732517706905
2026-07-18 22:00:00,952.49543,970.4849244011134,943.6137772531388,942.52112,906.6292660945238,942.8022902403062,958.318848451468,966.116313420809
2026-07-18 23:00:00,743.49343,931.3631258174612,903.3281334657052,923.52112,887.6292660945238,902.5166464528726,922.3301628467016,927.0401653547133
2026-07-19 00:00:00,943.72728,857.9583125619511,864.6790027506771,942.49543,906.6035760945239,863.8675157378445,857.9055463927816,856.7594055523983
2026-07-19 01:00:00,932.72728,848.432559247457,854.0354188699519,854.20243,811.2993712618796,833.7812814114783,837.7614950498873,837.9768218606155
2026-07-19 02:00:00,932.72728,739.2490467684419,790.978684883871,932.49543,889.5923712618796,770.7245474253974,770.956050253609,772.3277177975303
2026-07-19 03:00:00,932.72728,663.428268864043,703.5704054094372,727.39843,684.4953712618795,683.3162679509636,676.8128792352887,676.6504852733635
2026-07-19 04:00:00,724.75628,616.6043832613924,678.5844927861228,727.39843,684.4953712618795,658.3303553276493,644.5871005706394,644.681252542529
2026-07-19 05:00:00,724.75628,601.4458341842097,675.0836938616189,727.39843,684.4953712618795,654.8295564031454,635.846634547707,636.1429331768624
2026-07-19 06:00:00,652.72728,635.3441588922785,647.729287785421,647.49543,604.5923712618796,627.4751503269474,642.0985440476934,642.7063318354573
2026-07-19 07:00:00,648.72728,634.8610750969763,647.1493419127405,647.49543,604.5923712618796,626.895204454267,641.473454396318,642.066228051091
2026-07-19 08:00:00,648.72728,623.8324767670783,638.0164974529112,647.49543,604.5923712618796,617.7623599944376,630.4416833216393,630.5604813270938
2026-07-19 09:00:00,648.72728,607.0079655142181,622.6769061652268,643.49543,600.5923712618796,602.4227687067532,615.9203617985344,616.0936100388019
2026-07-19 10:00:00,652.72728,624.4325734997502,637.5864231222963,643.49543,600.5923712618796,617.3322856638227,630.2171246095579,630.3933354547586
2026-07-19 11:00:00,652.72728,636.0539002516709,648.762496770441,643.49543,600.5923712618796,628.5083593119674,638.3907104107776,638.3085919118987
2026-07-19 12:00:00,652.72728,627.1241943597095,672.6684600086893,643.49543,600.5923712618796,652.4143225502157,637.842045789527,638.0827184023324
2026-07-19 13:00:00,652.72728,645.7525246860666,679.7848286580147,647.49543,604.5923712618796,659.5306911995411,648.2378546224883,648.1282807014558
2026-07-19 14:00:00,724.75628,681.0166896448069,717.0574041901198,647.49543,604.5923712618796,696.8032667316462,678.1354699417673,678.3428040575538
2026-07-19 15:00:00,942.72728,735.3531159735959,756.4098183895729,743.49343,700.5903712618796,736.1556809310994,725.9851642548498,724.5232079360526
2026-07-19 16:00:00,942.72728,813.6674672787304,815.2558914868047,952.49543,909.5923712618796,795.0017540283311,813.3520247617605,812.2810310478216
2026-07-19 17:00:00,942.72728,839.1346159988825,843.2989494606023,952.49543,909.5923712618796,823.0448120021288,836.829681887289,836.5320114027584
2026-07-19 18:00:00,943.72728,896.7186003182537,882.7952122536411,952.49543,909.5923712618796,862.5410747951676,880.1580847560886,879.351786721598
2026-07-19 19:00:00,952.72728,918.6475335288588,908.9636718963928,952.49543,909.5923712618796,888.7095344379193,898.5564846842611,897.8578100961419
2026-07-19 20:00:00,944.72728,937.4396266005242,940.1174643339032,952.49543,909.5923712618796,919.8633268754296,916.1238118492305,915.1322046475594
2026-07-19 21:00:00,943.72728,938.1935501818532,942.2352054893314,952.49543,909.5923712618796,921.9810680308578,916.4134480291411,915.2313692672564
2026-07-19 22:00:00,944.72728,923.0694513531092,920.081970964856,952.49543,909.5923712618796,899.8278335063825,900.0357065597183,898.3017387495973
2026-07-19 23:00:00,932.72728,818.7487898489525,855.8727695855073,743.49343,700.5903712618796,835.6186321270337,793.140112723569,790.4611338676099
2026-07-20 00:00:00,752.71069,843.3023581642484,856.2447635510002,943.72728,900.8242212618795,835.9906260925267,839.5448321837655,837.7500070724294
2026-07-20 01:00:00,752.71069,762.0568018722457,792.7319941939331,932.72728,944.744274273712,785.7710672768256,787.5571662511805,785.3355638197147
2026-07-20 02:00:00,747.71069,769.8445787481958,798.7160524523982,932.72728,944.744274273712,791.7551255352907,792.0066143712145,789.1507941083177
2026-07-20 03:00:00,747.71069,766.3176228135932,799.6107715800758,932.72728,944.744274273712,792.6498446629683,791.4858387969465,788.9928561488554
2026-07-20 04:00:00,747.71069,761.4330821949222,757.8509054653316,724.75628,736.773274273712,750.8899785482241,752.0097041915103,748.9848645932802
2026-07-20 05:00:00,747.71069,766.3422573332692,761.9182918554714,724.75628,736.773274273712,754.9573649383639,757.3576763966341,754.8751822555408
2026-07-20 06:00:00,747.71069,734.1009541988456,747.1623899953486,652.72728,664.744274273712,740.2014630782411,727.7227184363533,726.2500206378339
2026-07-20 07:00:00,677.71069,732.2532445526991,745.5948186236906,648.72728,660.744274273712,738.6338917065831,726.8837698529517,725.9190544734166
2026-07-20 08:00:00,677.71069,735.5595686327538,748.91773317695,648.72728,660.744274273712,741.9568062598426,729.3935106409058,728.4385035016411
2026-07-20 09:00:00,677.71069,733.9127418909391,746.4672850557744,648.72728,660.744274273712,739.5063581386669,728.4520610356196,727.5290193110653
2026-07-20 10:00:00,677.71069,737.8558312051917,750.7895082645473,652.72728,664.744274273712,743.8285813474398,731.8077507647236,730.8013546954537
2026-07-20 11:00:00,677.71069,739.2380327433954,752.821698864544,652.72728,664.744274273712,745.8607719474365,732.5955015227463,731.6019607551428
2026-07-20 12:00:00,677.71069,737.3817336759298,762.5045540001013,652.72728,664.744274273712,755.5436270829938,733.4691633491873,732.7075670237841
2026-07-20 13:00:00,747.71069,758.3278175840126,789.3060244738468,652.72728,664.744274273712,782.3450975567393,754.9052502797454,755.0578348415432
2026-07-20 14:00:00,747.71069,796.5841493612123,820.069947259899,724.75628,736.773274273712,813.1090203427915,792.8615607660814,792.6673491398714
2026-07-20 15:00:00,752.71069,872.6837992670074,878.0289502936578,942.72728,954.744274273712,871.0680233765503,885.4048592544099,887.2246860571191
2026-07-20 16:00:00,926.71069,890.6896070774535,896.3933914205342,942.72728,954.744274273712,889.4324645034267,900.2427608147095,902.0853556669805
2026-07-20 17:00:00,926.71069,907.298943756076,916.195375438958,942.72728,954.744274273712,909.2344485218505,915.1566405869746,917.076823567034
2026-07-20 18:00:00,943.71069,957.875033790948,940.3648843569272,943.72728,955.744274273712,933.4039574398197,951.852727051642,953.5662294066314
2026-07-20 19:00:00,943.71069,972.5764339688288,958.2095069697508,952.72728,964.744274273712,951.2485800526433,965.2480955484407,966.7696191227373
2026-07-20 20:00:00,943.71069,958.9699318940468,944.4434221884068,944.72728,956.744274273712,937.4824952712993,951.65487442986,952.6903973446448
2026-07-20 21:00:00,942.71069,947.9172405566364,935.022080123394,943.72728,955.744274273712,928.0611532062865,943.7513383234838,944.6863333591419
2026-07-20 22:00:00,926.71069,926.5295117698122,909.4364519482106,944.72728,956.744274273712,902.4755250311031,924.9189444749139,925.4401341798442
2026-07-20 23:00:00,752.71069,906.2792759672404,891.0161077895477,932.72728,944.744274273712,884.0551808724402,907.7148615272363,908.0682094974084
2026-07-21 00:00:00,691.59804,841.9047977138308,837.4230927883683,752.71069,764.727684273712,830.4621658712608,826.0343940803893,824.5417593831388
2026-07-21 01:00:00,642.48704,694.562678925033,708.9645271406348,752.71069,771.4132193767442,695.5337107915608,708.9986527883343,705.505448399101
2026-07-21 02:00:00,642.48704,698.0611689366193,710.9373073485492,747.71069,766.4132193767442,697.5064909994752,710.8204137414973,699.111694863363
2026-07-21 03:00:00,642.48704,695.2507385089099,709.0974516338711,747.71069,766.4132193767442,695.666635284797,708.5696526526727,697.3636074439684
2026-07-21 04:00:00,642.48704,704.5312232036964,720.5214150888178,747.71069,766.4132193767442,707.0905987397438,716.0803628144802,705.136921377299
2026-07-21 05:00:00,691.59804,722.2526627206314,742.991731571597,747.71069,766.4132193767442,729.560915222523,730.4334699786382,720.5791271846829
2026-07-21 06:00:00,733.48504,722.2294419625372,741.3961430953793,747.71069,766.4132193767442,727.9653267463053,730.7068236937486,722.0261137733005
2026-07-21 07:00:00,691.59804,710.4672759820658,728.5480270615762,677.71069,696.4132193767442,715.1172107125022,708.7371163207556,706.0769842910006
2026-07-21 08:00:00,642.48704,705.7498236975692,726.522057577459,677.71069,696.4132193767442,713.091241228385,705.5934456767741,703.5824999426426
2026-07-21 09:00:00,642.48704,704.6503185075002,725.8608396743354,677.71069,696.4132193767442,712.4300233252613,704.8181686606074,702.8339296906769
2026-07-21 10:00:00,642.48704,728.3845452661949,745.122497358674,677.71069,696.4132193767442,731.6916810096,723.1621157640031,720.8476515450636
2026-07-21 11:00:00,642.48704,731.410594685386,748.9882143847087,677.71069,696.4132193767442,735.5573980356347,725.890640117991,723.8556279954875
2026-07-21 12:00:00,642.48704,741.845037436621,771.8141105688226,677.71069,696.4132193767442,758.3832942197486,736.2605910284242,735.673043256549
2026-07-21 13:00:00,642.48704,784.954867038305,819.2999071953993,747.71069,766.4132193767442,805.8690908463253,783.9441377209018,782.0965518844044
2026-07-21 14:00:00,942.48704,809.1475247595429,843.7790409991507,747.71069,766.4132193767442,830.3482246500766,804.170729749007,804.5827328776119
2026-07-21 15:00:00,942.48704,835.5288868957604,868.5288074153833,752.71069,771.4132193767442,855.0979910663093,827.0561539083978,836.8855470603048
2026-07-21 16:00:00,942.48704,893.0484271154495,919.9968464661716,926.71069,945.4132193767442,906.5660301170976,904.0659351450928,913.4876732068715
2026-07-21 17:00:00,947.48704,911.5602499375184,943.0651849928807,926.71069,945.4132193767442,929.6343686438067,919.5438672171945,929.7884429225844
2026-07-21 18:00:00,962.48704,986.793380635256,977.960719977758,943.71069,962.4132193767442,964.529903628684,978.9650058873946,988.631512301983
2026-07-21 19:00:00,962.48704,1004.9471091096958,999.0443605808964,943.71069,962.4132193767442,985.6135442318224,994.3176787272046,1005.131212716583
2026-07-21 20:00:00,962.48704,984.922717925956,971.1248237665308,943.71069,962.4132193767442,957.6940074174568,977.6905891864984,987.326089552851
2026-07-21 21:00:00,962.48704,960.5827829883244,945.1351123402512,942.71069,961.4132193767442,931.7042959911772,956.8740638135329,965.064431796854
2026-07-21 22:00:00,947.48704,919.245292408188,902.506138267277,926.71069,945.4132193767442,889.075321918203,919.4210948697851,925.9242090423445
2026-07-21 23:00:00,942.48704,824.1096322538745,830.8494491573822,752.71069,771.4132193767442,817.4186328083082,812.4978057558806,818.910590558355
2026-07-22 00:00:00,932.12121,778.5682341412298,773.0894937561308,691.59804,710.3005693767442,759.6586774070568,763.4884488236507,761.1116432420908
2026-07-22 01:00:00,932.12121,879.1160013196641,817.4331223033606,642.48704,729.3298163159146,816.0982225713541,842.5644308611691,841.1571897864218
2026-07-22 02:00:00,932.12121,815.4896420136936,765.8719220078518,642.48704,729.3298163159146,764.5370222758453,794.5346122828417,793.1551840600891
2026-07-22 03:00:00,932.12121,770.5353491561295,736.4939710284738,642.48704,729.3298163159146,735.1590712964672,759.9513752663506,757.1634589160522
2026-07-22 04:00:00,932.12121,763.356068179213,736.6673480904002,642.48704,729.3298163159146,735.3324483583937,754.241483016687,750.6597459310296
2026-07-22 05:00:00,932.12121,771.583675497706,758.6231321962981,691.59804,778.4408163159146,757.2882324642916,770.752677191886,766.3162349179917
2026-07-22 06:00:00,932.12121,766.7116204233128,781.1557800597777,733.48504,820.3278163159147,779.8208803277712,777.1386097351862,771.1190093653294
2026-07-22 07:00:00,926.12121,780.7338570906857,787.5599115761815,691.59804,778.4408163159146,786.225011844175,779.8333325058748,775.122169546034
2026-07-22 08:00:00,932.12121,778.5830018741058,783.4326527049616,642.48704,729.3298163159146,782.097752972955,770.435543567854,768.0329143629662
2026-07-22 09:00:00,691.00121,782.3722950942395,790.0512523511144,642.48704,729.3298163159146,788.7163526191079,774.8767692090921,773.8314898104143
2026-07-22 10:00:00,926.12121,793.3778480813529,803.1135489067598,642.48704,729.3298163159146,801.7786491747532,784.8698238799572,785.1749440450541
2026-07-22 11:00:00,932.12121,804.8380891578358,815.8672642580788,642.48704,729.3298163159146,814.5323645260722,794.6331402576927,795.6191738103425
2026-07-22 12:00:00,932.12121,805.9132266110198,846.9538560406122,642.48704,729.3298163159146,845.6189563086057,800.0404232587259,802.0223523447694
2026-07-22 13:00:00,932.12121,823.0303180214344,864.9626056771099,642.48704,729.3298163159146,863.6277059451033,815.0621701835104,818.7273250133592
2026-07-22 14:00:00,932.12121,938.5265225267456,958.0382913874972,942.48704,1029.3298163159147,956.7033916554907,957.1493526171819,959.6048271846213
2026-07-22 15:00:00,941.12121,951.4892437819346,972.1469748602436,942.48704,1029.3298163159147,970.8120751282371,968.2232799334437,971.3847461986394
2026-07-22 16:00:00,942.12121,962.3596617730208,983.9261518037888,942.48704,1029.3298163159147,982.5912520717823,977.5332465202985,981.1969820884563
2026-07-22 17:00:00,1042.12121,985.769234842306,1009.5590769319324,947.48704,1034.3298163159147,1008.2241771999259,997.858485365605,1002.0150252775671
2026-07-22 18:00:00,1042.12121,1025.4633302448149,1029.9863842435016,962.48704,1049.3298163159147,1028.651484511495,1028.007556971483,1030.635341425229
2026-07-22 19:00:00,1047.12121,1023.9378037834222,1031.0055180530985,962.48704,1049.3298163159147,1029.670618321092,1026.6788278176284,1028.6495312545992
2026-07-22 20:00:00,1047.12121,1007.822248284054,1008.542317389514,962.48704,1049.3298163159147,1007.2074176575074,1013.0684785598478,1014.4852188851286
2026-07-22 21:00:00,1042.12121,996.3835457391,991.5521010041792,962.48704,1049.3298163159147,990.2172012721727,1003.5821766692113,1004.8103562625279
2026-07-22 22:00:00,942.12121,972.362336327243,962.6223582377268,947.48704,1034.3298163159147,961.2874585057202,981.4269474299134,982.5629390601911
2026-07-22 23:00:00,941.12121,955.4294479116322,946.7034715164348,942.48704,1029.3298163159147,945.3685717844282,965.9717990725181,965.2996856306908
2026-07-23 00:00:00,932.13321,917.5853938472832,922.5383425212084,932.12121,1018.9639863159147,921.2034427892019,930.4336368327482,929.446789340552
2026-07-23 01:00:00,932.13321,933.6579826519128,934.2869251661806,932.12121,937.7885602775741,925.6336710557358,937.0330020235815,934.7954000006434
2026-07-23 02:00:00,932.13321,931.7939720751376,933.6237633081616,932.12121,937.7885602775741,924.9705091977169,935.011836180742,932.6594604328536
2026-07-23 03:00:00,932.13321,927.9277909907344,932.4284285655924,932.12121,937.7885602775741,923.7751744551476,931.5600184531327,929.1823140937886
2026-07-23 04:00:00,932.13321,927.6544533582228,934.102997850679,932.12121,937.7885602775741,925.4497437402342,932.2253117198323,930.6254891313636
2026-07-23 05:00:00,932.13321,932.1409059666915,936.7146521558398,932.12121,937.7885602775741,928.061398045395,934.6969871839085,932.7838166570099
2026-07-23 06:00:00,932.13321,907.9165761365042,935.6255178943186,932.12121,937.7885602775741,926.9722637838738,916.109579583902,914.4428279854743
2026-07-23 07:00:00,932.13321,906.43426644614,934.3383253140156,926.12121,931.7885602775741,925.6850712035708,916.1627120603434,916.2068420437117
2026-07-23 08:00:00,932.13321,910.8175741276544,937.3448863535446,932.12121,937.7885602775741,928.6916322430998,919.2079844010839,918.7898452560612
2026-07-23 09:00:00,932.13321,886.4114931350406,887.8522335490359,691.00121,696.6685602775741,879.1989794385911,860.0635295489051,858.7943284535507
2026-07-23 10:00:00,932.13321,912.9707707423192,937.9980151128224,926.12121,931.7885602775741,929.3447610023776,918.7883157561732,918.3850925647904
2026-07-23 11:00:00,932.13321,915.29347965945,940.3959236619714,932.12121,937.7885602775741,931.7426695515267,920.5589335888127,919.8922874221071
2026-07-23 12:00:00,922.13321,922.8188626441836,946.7212758971572,932.12121,937.7885602775741,938.0680217867124,926.8464743711938,926.702995390597
2026-07-23 13:00:00,932.13321,931.2839612153114,957.8334584922504,932.12121,937.7885602775741,949.1802043818057,934.686384185927,935.3645062058255
2026-07-23 14:00:00,932.13321,937.7841001577768,964.3052547658444,932.12121,937.7885602775741,955.6520006553997,940.0776183832916,941.1458603068234
2026-07-23 15:00:00,952.13321,945.4279719723496,971.9467925309032,941.12121,946.7885602775741,963.2935384204584,948.4264945762135,950.2853169345838
2026-07-23 16:00:00,1012.13321,955.5575128778164,984.0454999155148,942.12121,947.7885602775741,975.39224580507,957.0806381858504,959.2921594344128
2026-07-23 17:00:00,1012.13321,996.8001905126628,1022.1419404166857,1042.12121,1047.788560277574,1013.4886863062409,1003.2565100425045,1004.6975864998383
2026-07-23 18:00:00,1092.13321,1046.6543334173894,1028.1330886258704,1042.12121,1047.788560277574,1019.4798345154256,1040.3003899114203,1041.3036651858167
2026-07-23 19:00:00,1097.13321,1049.9978083809056,1029.4267775558371,1047.12121,1052.788560277574,1020.7735234453924,1043.2985697788226,1044.303620472518
2026-07-23 20:00:00,1092.13321,1041.1107794109475,1016.4784707294604,1047.12121,1052.788560277574,1007.8252166190156,1035.246138764947,1036.0064308605567
2026-07-23 21:00:00,952.13321,1032.3992931665657,1005.9407455002038,1042.12121,1047.788560277574,997.287491389759,1027.0075046863717,1027.6937540432232
2026-07-23 22:00:00,937.13321,977.5749095864064,969.0185713115484,942.12121,947.7885602775741,960.3653172011036,970.4093166115093,972.0505112815923
2026-07-23 23:00:00,932.13321,968.3752343660126,961.572869377426,941.12121,946.7885602775741,952.9196152669812,960.964347564202,961.5464917612383
2026-07-24 00:00:00,883.4134,953.0132236636396,957.2191312615868,932.13321,937.800560277574,948.565877151142,942.7988490991039,941.6051955148246
2026-07-24 01:00:00,842.4134,884.343894608032,893.7453097783368,932.13321,879.7656102237497,888.8416168559676,880.3452759458823,878.2638616458105
2026-07-24 02:00:00,842.4134,882.8203091820743,892.3120865295829,932.13321,879.7656102237497,887.4083936072136,879.0533511442022,876.7984154858453
2026-07-24 03:00:00,842.4134,879.7482573851869,889.1455320537034,932.13321,879.7656102237497,884.2418391313341,876.723902053206,874.4668546171273
2026-07-24 04:00:00,842.4134,879.0236583166109,889.5689777295853,932.13321,879.7656102237497,884.665284807216,876.614592448142,874.5272415903677
2026-07-24 05:00:00,883.4134,879.1606728511138,890.3099332816778,932.13321,879.7656102237497,885.4062403593085,879.2657785178926,878.6739000313629
2026-07-24 06:00:00,853.5724,850.1416088811575,887.2863217945406,932.13321,879.7656102237497,882.3826288721714,858.0591865466364,858.0203126719537
2026-07-24 07:00:00,842.4134,846.3134540974244,884.0889719567165,932.13321,879.7656102237497,879.1852790343472,855.032600689219,855.0036028059178
2026-07-24 08:00:00,688.0954,842.3855686706738,880.6736539488695,932.13321,879.7656102237497,875.7699610265003,852.328663274207,852.5719356456962
2026-07-24 09:00:00,642.4134,838.31197789598,878.0564280729495,932.13321,879.7656102237497,873.1527351505803,849.3014581788158,849.6724349846633
2026-07-24 10:00:00,642.4134,845.7291950449163,883.5537187482264,932.13321,879.7656102237497,878.6500258258571,855.1089485092236,855.4023251999414
2026-07-24 11:00:00,842.4134,845.3561078377721,883.7449152690754,932.13321,879.7656102237497,878.8412223467061,854.9186618021694,855.2496985302449
2026-07-24 12:00:00,688.0954,872.024620890198,887.8299325441652,922.13321,869.7656102237497,882.926239621796,873.896016289199,874.1821257574906
2026-07-24 13:00:00,692.4134,884.9482144033375,901.798546024814,932.13321,879.7656102237497,896.8948531024447,886.7435435875509,887.5307604846481
2026-07-24 14:00:00,883.4134,893.5652800465599,910.4460024456246,932.13321,879.7656102237497,905.5423095232553,895.2944750230095,896.9944397920503
2026-07-24 15:00:00,883.4134,907.1650220694175,923.1380265865936,952.13321,899.7656102237497,918.2343336642243,909.8804645893441,911.9580638006382
2026-07-24 16:00:00,912.4134,934.9479618175546,949.2773117169712,1012.13321,959.7656102237497,944.373618794602,938.5749078268868,939.0825096261849
2026-07-24 17:00:00,937.4134,947.622916751958,963.476448924456,1012.13321,959.7656102237497,958.5727560020867,949.2822530480668,949.8426516373746
2026-07-24 18:00:00,952.4134,1039.4820506499348,987.953953493998,1092.13321,1039.7656102237497,983.0502605716288,1030.0057379932946,1029.327227971989
2026-07-24 19:00:00,1012.4134,1041.3689110855132,987.510000204216,1097.13321,1044.7656102237497,982.6063072818467,1032.2688589908746,1031.4438334246386
2026-07-24 20:00:00,1012.4134,1029.898775323115,973.1400222329148,1092.13321,1039.7656102237497,968.2363293105456,1022.2529238461132,1021.2325490869243
2026-07-24 21:00:00,952.4134,958.7467509845088,930.0567191058984,952.13321,899.7656102237497,925.1530261835292,949.4148255792367,950.3306271931715
2026-07-24 22:00:00,912.4134,941.6020802460132,909.8046647881164,937.13321,884.7656102237497,904.9009718657471,933.4521824455635,934.3018382301932
2026-07-24 23:00:00,883.4134,930.7738918319584,901.5313875243652,932.13321,879.7656102237497,896.6276946019959,922.7554035707926,922.5482177855616
2026-07-25 00:00:00,692.47061,890.1736544989852,884.8946007514592,883.4134,831.0458002237498,879.9909078290899,886.3645456307814,886.148784596155
2026-07-25 01:00:00,685.99961,694.5151802217409,719.7906849553428,842.4134,719.8073070140535,712.0742146550463,700.5594612340955,700.5546310549589
2026-07-25 02:00:00,685.99961,702.6138764689299,723.3798123352932,842.4134,719.8073070140535,715.6633420349966,705.9432655069386,705.8445412227373
2026-07-25 03:00:00,685.99961,695.6824843121569,722.4639378125887,842.4134,719.8073070140535,714.7474675122921,701.908969359733,701.7078545664187
2026-07-25 04:00:00,695.99961,676.1609803783667,708.3497176101971,842.4134,719.8073070140535,700.6332473099005,687.2218574501946,687.0393066741844
2026-07-25 05:00:00,645.99961,661.5731981568496,708.2608057856305,883.4134,760.8073070140535,700.5443354853339,684.9569869200651,685.2296302682222
2026-07-25 06:00:00,645.99961,641.9286822518611,684.5397400045598,853.5724,730.9663070140535,676.8232697042632,663.0106016591922,662.7063424423636
2026-07-25 07:00:00,635.99961,624.4046790674145,667.173535311103,842.4134,719.8073070140535,659.4570650108064,648.3143672023975,648.3440973019794
2026-07-25 08:00:00,313.71361,601.5414425803712,628.728819876714,688.0954,565.4893070140536,621.0123495764175,603.8420309389013,602.6451144498003
2026-07-25 09:00:00,295.99961,594.1721719030048,617.0316572496288,642.4134,519.8073070140535,609.3151869493322,591.9774033295137,591.0317292689328
2026-07-25 10:00:00,295.99961,597.3994804105325,620.2188502249516,642.4134,519.8073070140535,612.502379924655,595.036606048352,594.2548235725093
2026-07-25 11:00:00,626.74361,616.956955692583,660.9421635548513,842.4134,719.8073070140535,653.2256932545547,640.4557646229035,639.9054817073514
2026-07-25 12:00:00,635.99961,633.8894090205471,645.2244373557767,688.0954,565.4893070140536,637.5079670554801,627.1754032311541,626.1034718440552
2026-07-25 13:00:00,635.99961,653.5290522685507,665.6657150873862,692.4134,569.8073070140535,657.9492447870896,645.1398709142762,644.4836679028401
2026-07-25 14:00:00,635.99961,725.6552505821959,727.4100742578298,883.4134,760.8073070140535,719.6936039575332,732.9407469412431,734.4024605158475
2026-07-25 15:00:00,645.99961,746.4720738227618,749.0997834299454,883.4134,760.8073070140535,741.3833131296489,750.7247249418181,752.3633393116544
2026-07-25 16:00:00,775.99961,774.8983568611778,779.2595571680395,912.4134,789.8073070140535,771.5430868677429,777.8059687695753,779.1053483622162
2026-07-25 17:00:00,775.99961,799.3628253219316,806.8549605622397,937.4134,814.8073070140535,799.1384902619432,802.4441363266709,803.6960248948316
2026-07-25 18:00:00,935.99961,860.583685844485,828.5033320383374,952.4134,829.8073070140535,820.7868617380408,841.3765310566085,840.2760326589246
2026-07-25 19:00:00,935.99961,888.7562396927718,856.7418750935025,1012.4134,889.8073070140535,849.0254047932059,869.2743617912821,866.9361985331016
2026-07-25 20:00:00,935.99961,880.0180616900659,842.8298363926987,1012.4134,889.8073070140535,835.1133660924021,860.7551385573976,858.3080315065731
2026-07-25 21:00:00,880.99961,854.34636616483,819.9020004519095,952.4134,829.8073070140535,812.185530151613,837.3037692791956,836.2377088005104
2026-07-25 22:00:00,775.99961,824.0545986074854,787.6997187235296,912.4134,789.8073070140535,779.983248423233,808.1984362618971,807.5171126428132
2026-07-25 23:00:00,775.99961,795.5992876806747,754.3280527258012,883.4134,760.8073070140535,746.6115824255046,780.2859605244056,779.7293914370406
2026-07-26 00:00:00,656.43802,692.8412393359964,697.7517975365466,692.47061,569.8645170140535,690.03532723625,677.4159490294563,676.6519356630415
2026-07-26 01:00:00,656.43802,651.1390860160793,658.5621621189746,685.99961,596.0237749818463,661.3737822133938,645.550461787236,647.950880495174
2026-07-26 02:00:00,646.43802,625.5156512168554,640.4063895688007,685.99961,596.0237749818463,643.21800966322,623.9812165653526,625.5992349065118
2026-07-26 03:00:00,646.43802,587.3131714106704,616.7474005455923,685.99961,596.0237749818463,619.5590206400116,593.1641205569018,594.3269655858634
2026-07-26 04:00:00,646.43802,532.9216001394635,576.1336951316422,695.99961,606.0237749818463,578.9453152260614,550.5379036613643,551.1885618713723
2026-07-26 05:00:00,646.43802,491.8788936150916,532.8911605132319,645.99961,556.0237749818463,535.7027806076511,509.7241818849305,510.5590864111276
2026-07-26 06:00:00,616.43802,456.49422661516775,489.45970513976033,645.99961,556.0237749818463,492.2713252341796,480.49187866036874,481.3309273216253
2026-07-26 07:00:00,156.43802,441.538821223693,471.2558235861991,635.99961,546.0237749818463,474.06744368061834,464.1046046377116,463.39387118824925
2026-07-26 08:00:00,156.43802,401.730657029536,397.8446368947781,313.71361,223.73777498184631,400.65625698919735,377.93660051561784,375.7889258863023
2026-07-26 09:00:00,156.43802,396.43520773322734,388.2984192682753,295.99961,206.02377498184632,391.1100393626946,369.61533529265074,366.8280794575585
2026-07-26 10:00:00,156.43802,409.9510780404317,397.5274637668449,295.99961,206.02377498184632,400.33908386126416,380.0084264404902,377.0385381222223
2026-07-26 11:00:00,156.43802,449.18732534850943,472.26412444890207,626.74361,536.7677749818463,475.0757445433213,467.1997768239513,465.99535204693854
2026-07-26 12:00:00,301.17402,487.0054230474109,493.4069502392729,635.99961,546.0237749818463,496.2185703336921,497.58227855318836,495.972723715696
2026-07-26 13:00:00,616.43802,514.5037281770631,524.9906199577957,635.99961,546.0237749818463,527.802240052215,520.5803513311912,519.3599040881165
2026-07-26 14:00:00,646.43802,539.3473903922475,551.7854498994553,635.99961,546.0237749818463,554.5970699938746,541.2837328877038,540.4423208615221
2026-07-26 15:00:00,656.43802,567.3047562591117,582.10802062224,645.99961,556.0237749818463,584.9196407166593,568.1541585522174,568.9576266789873
2026-07-26 16:00:00,656.43802,620.4183383957709,627.5310014093504,775.99961,686.0237749818463,630.3426215037697,630.007324871595,630.5524132541565
2026-07-26 17:00:00,694.83502,644.5368548837786,651.4252708210154,775.99961,686.0237749818463,654.2368909154346,650.2287849593464,651.261325700476
2026-07-26 18:00:00,786.43802,800.3057201472121,722.9131272227035,935.99961,846.0237749818463,725.7247473171227,792.8134990057008,791.58289406906
2026-07-26 19:00:00,796.43802,816.8394078652838,753.7964418116912,935.99961,846.0237749818463,756.6080619061105,807.2890300455041,806.1777661656582
2026-07-26 20:00:00,786.43802,815.6782007249318,749.7505015967131,935.99961,846.0237749818463,752.5621216911323,807.2097673300176,806.6272039328809
2026-07-26 21:00:00,786.43802,786.6431170284704,732.0089216406826,880.99961,791.0237749818463,734.8205417351019,777.6755995980525,778.0533282609787
2026-07-26 22:00:00,776.43802,721.756435333211,679.3255961584854,775.99961,686.0237749818463,682.1372162529046,709.8267228334593,710.249965805763
2026-07-26 23:00:00,656.43802,711.5829011313041,666.3339726272403,775.99961,686.0237749818463,669.1455927216596,700.5906348693188,700.4078159004489
2026-07-27 00:00:00,593.78592,588.4390177897889,614.2212723086021,656.43802,566.4621849818463,617.0328924030214,588.4332463329571,600.2673706598048
2026-07-27 01:00:00,593.78592,598.5794815698171,610.6311047521032,656.43802,761.8143750195368,609.0681258779401,626.4633294159952,624.6981790897128
2026-07-27 02:00:00,592.78592,585.3790618039026,585.5145071181234,646.43802,751.8143750195368,583.9515282439604,613.6979196392629,609.6153625389977
2026-07-27 03:00:00,592.78592,588.8575837822713,589.8766462874619,646.43802,751.8143750195368,588.3136674132988,616.5136886567989,612.1661971948787
2026-07-27 04:00:00,593.78592,587.8156400993465,591.6089986158254,646.43802,751.8143750195368,590.0460197416623,615.716613073806,612.0678617894802
2026-07-27 05:00:00,593.78592,607.2539787261672,604.0141263335806,646.43802,751.8143750195368,602.4511474594176,631.2717196734558,630.4967250787344
2026-07-27 06:00:00,593.78592,562.7752380460744,591.984256680058,616.43802,721.8143750195368,590.421277805895,592.9604081226375,586.980763062415
2026-07-27 07:00:00,593.78592,476.8439005717226,493.0830378125466,156.43802,261.8143750195367,491.52005893838356,440.1596954935697,423.95750786252
2026-07-27 08:00:00,593.78592,450.2290226107365,473.73920214242094,156.43802,261.8143750195367,472.1762232682579,420.21659699202786,405.0976133180376
2026-07-27 09:00:00,593.78592,460.39888546414994,482.2600413270736,156.43802,261.8143750195367,480.6970624529106,428.148064384359,413.0048503692027
2026-07-27 10:00:00,593.78592,475.8157172957145,497.24819177670815,156.43802,261.8143750195367,495.6852129025451,440.73242471560206,426.1226367141179
2026-07-27 11:00:00,593.78592,496.07533714664703,521.2608464164256,156.43802,261.8143750195367,519.6978675422625,458.4408589168943,445.18540133742965
2026-07-27 12:00:00,593.78592,567.9714973008719,581.5323445750209,301.17402,406.5503750195367,579.9693657008579,541.8618799275254,535.5638712308823
2026-07-27 13:00:00,593.78592,686.4522282563507,690.1298389774299,616.43802,721.8143750195368,688.5668601032669,693.3013206853996,693.6567461825864
2026-07-27 14:00:00,593.78592,723.3191841762464,736.3341493523383,646.43802,751.8143750195368,734.7711704781752,729.1181984521538,736.5502136678404
2026-07-27 15:00:00,643.78592,759.3444442037335,774.0410613863713,656.43802,761.8143750195368,772.4780825122083,760.9005110640819,771.6279841537878
2026-07-27 16:00:00,643.78592,797.4769177132391,812.298777021517,656.43802,761.8143750195368,810.735798147354,792.7807904879919,806.2196004152329
2026-07-27 17:00:00,683.78592,829.6416157516993,823.1421388216505,694.83502,800.2113750195367,821.5791599474875,826.0341085204125,839.0548792991248
2026-07-27 18:00:00,713.78592,902.3342955530194,874.0873028370268,786.43802,891.8143750195368,872.5243239628637,899.6686543740087,916.4518076434092
2026-07-27 19:00:00,713.78592,915.4837117146268,892.5042082404705,796.43802,901.8143750195368,890.9412293663074,912.0097143967931,927.7582003248635
2026-07-27 20:00:00,713.78592,859.2718699135194,834.4275425743806,786.43802,891.8143750195368,832.8645637002176,862.71782313835,875.7038834189503
2026-07-27 21:00:00,683.78592,821.9921468247039,797.9641396779864,786.43802,891.8143750195368,796.4011608038234,830.8404777591301,841.58193111688
2026-07-27 22:00:00,673.78592,778.0748856900833,746.5227078492087,776.43802,881.8143750195368,744.9597289750457,792.381895724951,800.4129491522981
2026-07-27 23:00:00,613.78592,714.9029007554259,703.3852089569467,656.43802,761.8143750195368,701.8222300827837,720.4877104982138,726.9051324561115
2026-07-28 00:00:00,644.01838,677.7363554988121,653.9470139161169,593.78592,699.1622750195368,652.3840350419539,675.2686813995836,671.4947985342759
2026-07-28 01:00:00,644.01838,649.227686231797,637.3106548051705,593.78592,651.0951381418237,631.3346021980635,646.8736384432233,644.2316799956302
2026-07-28 02:00:00,644.01838,652.570691778968,640.0479476751452,592.78592,650.0951381418237,634.0718950680382,649.2014743933826,646.4621789246754
2026-07-28 03:00:00,644.01838,646.3774763163412,634.5092642435343,592.78592,650.0951381418237,628.5332116364273,644.5107977159669,641.748398549567
2026-07-28 04:00:00,644.01838,644.1530318564617,631.7089736590187,593.78592,651.0951381418237,625.7329210519117,643.1758909594532,640.7138100692403
2026-07-28 05:00:00,644.51838,653.1578136560113,637.7776522019287,593.78592,651.0951381418237,631.8015995948217,650.0427093933891,647.8254125633075
2026-07-28 06:00:00,644.01838,628.7953258365887,643.885280916643,593.78592,651.0951381418237,637.9092283095359,634.7899705278788,632.8088199570784
2026-07-28 07:00:00,604.01838,631.7254158541016,642.8401603690334,593.78592,651.0951381418237,636.8641077619263,635.5391859301517,632.796817031586
2026-07-28 08:00:00,604.01838,633.3395480282546,642.3099630672472,593.78592,651.0951381418237,636.3339104601401,636.1775342046415,633.460253825658
2026-07-28 09:00:00,604.01838,637.38449293578,643.3302819492105,593.78592,651.0951381418237,637.3542293421035,638.2785417162448,635.1918522112571
2026-07-28 10:00:00,604.01838,661.034431054559,658.502503777189,593.78592,651.0951381418237,652.5264511700819,654.6414323986093,651.2196517792862
2026-07-28 11:00:00,604.01838,651.8690536177743,657.056663153797,593.78592,651.0951381418237,651.08061054669,650.183180979395,648.364562515351
2026-07-28 12:00:00,604.01838,647.7616753142601,675.4211919591753,593.78592,651.0951381418237,669.4451393520683,650.7015093523539,649.7932582216738
2026-07-28 13:00:00,644.01838,654.3174771908397,680.6331722067821,593.78592,651.0951381418237,674.6571195996751,657.0348018954638,657.493828049357
2026-07-28 14:00:00,654.01838,663.9340574395619,691.6433167185024,593.78592,651.0951381418237,685.6672641113954,665.2605900070082,666.4240587971572
2026-07-28 15:00:00,654.01838,696.5094503903023,720.4839083234339,643.78592,701.0951381418237,714.5078557163268,702.0973379838044,706.3843305614852
2026-07-28 16:00:00,654.01838,711.8270684418164,739.3695850266735,643.78592,701.0951381418237,733.3935324195664,714.3564210876393,718.4708332815795
2026-07-28 17:00:00,691.02838,741.6394650212856,765.7870417726019,683.78592,741.0951381418237,759.8109891654949,745.8463267813019,750.5376337375801
2026-07-28 18:00:00,954.01838,800.9795204359167,810.7562755651757,713.78592,771.0951381418237,804.7802229580686,795.0722131533653,798.1993532821658
2026-07-28 19:00:00,984.01838,807.1644312956569,831.014974397769,713.78592,771.0951381418237,825.038921790662,799.6020510491109,800.8233565577843
2026-07-28 20:00:00,1164.01838,771.6405455221501,775.2138115409318,713.78592,771.0951381418237,769.2377589338248,769.7264022720889,770.8372292073695
2026-07-28 21:00:00,943.01838,738.3112978131624,730.2228450525507,683.78592,741.0951381418237,724.2467924454437,738.3705725788296,741.325079957942
2026-07-28 22:00:00,674.01838,719.3043697710859,701.7006183665685,673.78592,731.0951381418237,695.7245657594615,721.444037826613,725.1820011234108
2026-07-28 23:00:00,654.01838,683.7070243927133,689.0376799033464,613.78592,671.0951381418237,683.0616272962394,682.2489075037234,681.9543414105854
2026-07-29 00:00:00,662.76372,687.7844252083781,677.3772713229058,644.01838,701.3275981418236,671.4012187157988,686.0342273592562,683.9978594315027
2026-07-29 01:00:00,643.26372,670.1672664209736,666.6996286326428,644.01838,672.2756651671864,658.0312275902884,671.2193153192842,669.5565642637438
2026-07-29 02:00:00,642.96372,674.1918538673762,669.6063449095476,644.01838,672.2756651671864,660.9379438671932,673.850065741461,672.6639502223564
2026-07-29 03:00:00,643.26372,668.4593756792664,665.5896263815438,644.01838,672.2756651671864,656.9212253391894,668.8648806971223,668.28274681503
2026-07-29 04:00:00,643.26372,664.3602118556153,664.0779387751065,644.01838,672.2756651671864,655.4095377327521,665.9322009606553,665.538811447186
2026-07-29 05:00:00,662.76372,668.0402908599457,664.2052286130023,644.51838,672.7756651671864,655.5368275706479,668.5528366395088,667.6015570831285
2026-07-29 06:00:00,643.26372,643.6994421610742,666.9440774987937,644.01838,672.2756651671864,658.2756764564393,654.419725030004,653.0662011221224
2026-07-29 07:00:00,642.96372,638.6338931495924,657.3315109442802,604.01838,632.2756651671864,648.6631099019258,641.7879893031153,642.8177424840196
2026-07-29 08:00:00,642.96372,646.2582934107626,662.7283838805168,604.01838,632.2756651671864,654.0599828381625,647.6016768274347,648.9243455398896
2026-07-29 09:00:00,642.96372,640.6058972220955,656.5001768077083,604.01838,632.2756651671864,647.8317757653539,642.5126033731822,644.1668053398747
2026-07-29 10:00:00,642.96372,657.2796996671965,669.4586134613338,604.01838,632.2756651671864,660.7902124189794,655.8424719096238,657.6778703295672
2026-07-29 11:00:00,642.96372,654.5635680353812,668.5922353666163,604.01838,632.2756651671864,659.9238343242619,654.2424407199667,655.3461954296615
2026-07-29 12:00:00,642.96372,662.864800608757,683.8330195464979,604.01838,632.2756651671864,675.1646185041435,663.1817078881205,663.731417132715
2026-07-29 13:00:00,642.96372,689.0142138699669,713.1060720163823,644.01838,672.2756651671864,704.4376709740279,693.4508127298898,691.6402921895008
2026-07-29 14:00:00,642.96372,707.1183433127029,732.9096726682725,654.01838,682.2756651671864,724.2412716259181,709.964569821888,708.4670555119427
2026-07-29 15:00:00,662.76372,731.9159418212516,759.7791094352118,654.01838,682.2756651671864,751.1107083928574,731.4683550911914,729.6568205905814
2026-07-29 16:00:00,672.76372,744.6303225966643,772.2942572339277,654.01838,682.2756651671864,763.6258561915733,742.2762744987222,740.1096895926872
2026-07-29 17:00:00,742.76372,778.4741887844723,805.4391344272536,691.02838,719.2856651671864,796.7707333848992,774.8917297756947,772.7524732197722
2026-07-29 18:00:00,1002.76372,937.906769036922,944.9488943544368,954.01838,982.2756651671864,936.2804933120824,935.5351576750691,935.8887015491855
2026-07-29 19:00:00,1002.76372,964.1324364930548,973.1737090117152,984.01838,1012.2756651671864,964.5053079693608,960.4564602241057,962.0711611272501
2026-07-29 20:00:00,1002.76372,978.3053172291624,946.6197301227226,1164.01838,1192.2756651671864,937.9513290803682,981.0913839887083,985.95332453899
2026-07-29 21:00:00,991.76372,876.204693130524,854.1077797930147,943.01838,971.2756651671864,845.4393787506604,877.1472194422965,874.9076761799688
2026-07-29 22:00:00,742.76372,761.1018621398682,775.0394533316068,674.01838,702.2756651671864,766.3710522892524,755.6759211212652,753.8694133964864
2026-07-29 23:00:00,689.73572,729.4274991138428,738.4140726178625,654.01838,682.2756651671864,729.7456715755081,724.5902951335496,723.4750886401326
2026-07-30 00:00:00,893.34505,712.5151235460054,696.5142591989818,662.76372,691.0210051671864,687.8458581566274,705.3152101006151,703.1842493901868
2026-07-30 01:00:00,893.34505,851.0893256189615,804.0817991567976,643.26372,785.4865184966386,813.5759195358492,833.0016895730575,837.3880854560007
2026-07-30 02:00:00,893.34505,835.0393374469752,791.4628106488797,642.96372,785.1865184966385,800.9569310279312,820.1769681791104,824.6922793562131
2026-07-30 03:00:00,893.34505,816.791907923199,781.3858090815799,643.26372,785.4865184966386,790.8799294606314,806.4844463739345,811.6034907095091
2026-07-30 04:00:00,992.84505,821.2355220299047,777.1792165707159,643.26372,785.4865184966386,786.6733369497674,808.7400269984037,812.7156898811268
2026-07-30 05:00:00,992.84505,851.4850178189472,803.1555352356041,662.76372,804.9865184966386,812.6496556146557,836.7835166504531,839.2280014366477
2026-07-30 06:00:00,992.84505,784.3180185828442,799.7392867450677,643.26372,785.4865184966386,809.2334071241193,793.8114089708314,794.2249302287347
2026-07-30 07:00:00,893.34505,802.2720310388631,815.0740623014196,642.96372,785.1865184966385,824.5681826804712,808.3204665538802,808.7143187243636
2026-07-30 08:00:00,743.34505,795.4307196557257,810.5465545755094,642.96372,785.1865184966385,820.0406749545609,803.6456035972894,802.9561543411581
2026-07-30 09:00:00,743.34505,804.0428298451659,817.9239658359345,642.96372,785.1865184966385,827.418086214986,810.4653550843011,809.8334916261579
2026-07-30 10:00:00,893.34505,814.0561077771001,825.5256595452993,642.96372,785.1865184966385,835.0197799243508,818.0019758656715,817.8606657615044
2026-07-30 11:00:00,893.34505,816.2385493804924,828.3604837839439,642.96372,785.1865184966385,837.8546041629954,820.0954745211259,819.4997212572152
2026-07-30 12:00:00,893.34505,831.1542688931612,850.0152269108529,642.96372,785.1865184966385,859.5093472899044,834.2265768056986,833.4435379184536
2026-07-30 13:00:00,893.34505,834.3392306824296,846.2070297748116,642.96372,785.1865184966385,855.7011501538632,836.2412107033003,833.5754626473905
2026-07-30 14:00:00,992.84505,844.4291854205346,857.008296326031,642.96372,785.1865184966385,866.5024167050825,845.0913292482733,842.0979320227844
2026-07-30 15:00:00,992.84505,865.6343840395169,879.9393444911102,662.76372,804.9865184966386,889.4334648701617,866.1106109470958,862.7560418897499
2026-07-30 16:00:00,1003.34505,871.9357656744269,880.8358404652457,672.76372,814.9865184966386,890.3299608442973,871.3688134595837,867.3903446813698
2026-07-30 17:00:00,1003.34505,904.5266821850028,907.7906859580648,742.76372,884.9865184966386,917.2848063371164,904.0055781074818,901.4847875372318
2026-07-30 18:00:00,1199.34505,1014.896086846898,980.6913589379278,1002.76372,1144.9865184966386,990.1854793169794,1019.1481573807355,1017.0038559053316
2026-07-30 19:00:00,1208.34505,1016.2500197196003,987.2566253169266,1002.76372,1144.9865184966386,996.7507456959781,1021.2039109635614,1019.9293251227512
2026-07-30 20:00:00,1199.34505,1006.8641552441,977.3109695072136,1002.76372,1144.9865184966386,986.8050898862651,1012.9916442007635,1012.2188828683599
2026-07-30 21:00:00,1208.34505,985.8697945155892,948.936596897486,991.76372,1133.9865184966386,958.4307172765375,992.9708617030086,991.2786714012915
2026-07-30 22:00:00,1003.34505,885.4448218806664,882.1250959660897,742.76372,884.9865184966386,891.6192163451412,886.201775926308,884.6537114854798
2026-07-30 23:00:00,992.84505,854.8765381583128,854.3935497234273,689.73572,831.9585184966386,863.8876701024789,856.0408935758012,853.3178374991638
2026-07-31 00:00:00,982.09867,931.8094735409088,905.2250810661506,893.34505,1035.5678484966386,914.7192014452021,942.7637976765724,942.3740417921381
2026-07-31 01:00:00,892.09867,983.7098469969268,965.1932918468856,893.34505,942.7739850533303,963.226007152462,975.7573675108749,974.1411685620789
2026-07-31 02:00:00,972.59867,981.1621027939838,962.7188066740424,893.34505,942.7739850533303,960.7515219796188,973.4785462272754,971.6784517983464
2026-07-31 03:00:00,972.59867,977.0852915282192,960.7885635456316,893.34505,942.7739850533303,958.821278851208,970.1940600831318,968.299231565742
2026-07-31 04:00:00,982.09867,982.5885998602809,986.0133054048656,992.84505,1042.2739850533303,984.046020710442,988.0565047958007,984.5118977488413
2026-07-31 05:00:00,982.09867,983.4596881825177,985.523975622564,992.84505,1042.2739850533303,983.5566909281404,989.1207283233467,985.890234006828
2026-07-31 06:00:00,982.09867,955.0701677218144,988.9854576199388,992.84505,1042.2739850533303,987.0181729255152,968.5364784844193,965.820840440839
2026-07-31 07:00:00,892.09867,960.443436712085,977.728181610506,893.34505,942.7739850533303,975.7608969160824,960.3911111168632,959.8190083445636
2026-07-31 08:00:00,892.09867,943.4966041800004,947.0809769058922,743.34505,792.7739850533303,945.1136922114686,920.2767930365393,917.9607224186294
2026-07-31 09:00:00,892.09867,955.4951624448494,955.300022140419,743.34505,792.7739850533303,953.3327374459953,929.4565394130933,926.9790055301746
2026-07-31 10:00:00,892.09867,980.4667592148392,993.0074171846494,893.34505,942.7739850533303,991.0401324902258,975.8572323181215,975.2027102730303
2026-07-31 11:00:00,892.09867,982.5007492404012,994.5236176169898,893.34505,942.7739850533303,992.5563329225662,978.823725654097,979.0698546187367
2026-07-31 12:00:00,892.09867,969.7117834807684,1005.0460891219948,893.34505,942.7739850533303,1003.0788044275712,970.1372613669439,970.7276460359236
2026-07-31 13:00:00,892.09867,981.5252904370016,1019.9242776090628,893.34505,942.7739850533303,1017.9569929146392,980.2901403414555,981.1528134580382
2026-07-31 14:00:00,982.09867,1017.3885674631964,1052.4355867401528,992.84505,1042.2739850533303,1050.4683020457292,1024.5232848795577,1025.6137753092694
2026-07-31 15:00:00,982.09867,1024.26360370551,1059.529637731823,992.84505,1042.2739850533303,1057.5623530373994,1030.3650770242916,1031.604134993613
2026-07-31 16:00:00,991.59867,1034.8784694762426,1069.3558890536583,1003.34505,1052.7739850533303,1067.3886043592347,1041.57641108503,1043.4469795395974
2026-07-31 17:00:00,991.59867,1053.3775235216108,1090.937791881453,1003.34505,1052.7739850533303,1088.9705071870294,1057.028144466419,1058.9993644847632
2026-07-31 18:00:00,1106.09867,1185.259490332411,1157.0801028641467,1199.34505,1248.7739850533303,1155.1128181697231,1189.887037980949,1191.692245246757
2026-07-31 19:00:00,1162.09867,1188.7336327037765,1153.8181317424096,1208.34505,1257.7739850533303,1151.850847047986,1193.8265156758976,1195.5868926054218
2026-07-31 20:00:00,1106.09867,1168.9925236302777,1121.2964944906516,1199.34505,1248.7739850533303,1119.329209796228,1176.156724170216,1177.9782382984679
2026-07-31 21:00:00,1107.09867,1158.438966823365,1097.9648557547623,1208.34505,1257.7739850533303,1095.9975710603387,1167.8393323240252,1169.1984667478569
2026-07-31 22:00:00,991.59867,1048.9305878480427,1039.7620448881491,1003.34505,1052.7739850533303,1037.7947601937256,1051.0731590108219,1052.4584429300194
2026-07-31 23:00:00,982.09867,1038.4132615983171,1028.532020239414,992.84505,1042.2739850533303,1026.5647355449903,1041.2437471556318,1042.681194208598
2026-08-01 00:00:00,989.5918,1028.93715138349,1018.9975556560316,982.09867,1031.5276050533303,1017.030270961608,1030.4333388351254,1030.5542933852219
2026-08-01 01:00:00,989.5918,987.0378710219196,965.2001083168136,892.09867,883.9649307555333,961.4298817478477,971.1812433844913,972.230770601131
2026-08-01 02:00:00,989.5918,976.0983807107002,970.6780191544876,972.59867,964.4649307555333,966.9077925855217,973.3820095360664,973.0930865063029
2026-08-01 03:00:00,985.0918,965.0919681584278,962.3584723134924,972.59867,964.4649307555333,958.5882457445265,964.5977049560572,964.2674956110956
2026-08-01 04:00:00,989.5918,952.5569211856854,956.9595324921312,982.09867,973.9649307555333,953.1893059231653,955.7520812114451,955.0775641246577
2026-08-01 05:00:00,989.5918,937.8847459565732,947.2446815943872,982.09867,973.9649307555333,943.4744550254213,943.9881683176365,943.2364761330538
2026-08-01 06:00:00,989.5918,900.0798240687536,935.2649746406194,982.09867,973.9649307555333,931.4947480716535,914.8121782801047,914.1379919422058
2026-08-01 07:00:00,985.0918,888.4973798111814,911.5737590540886,892.09867,883.9649307555333,907.8035324851227,893.519979209038,894.4136338294155
2026-08-01 08:00:00,650.0918,883.4496664581902,906.0464012263524,892.09867,883.9649307555333,902.2761746573865,888.3481029334097,888.6544788021181
2026-08-01 09:00:00,890.5918,887.7262721786766,908.4380768157696,892.09867,883.9649307555333,904.6678502468037,890.397901817282,889.9614399404393
2026-08-01 10:00:00,890.5918,893.2067473516188,913.1668789952244,892.09867,883.9649307555333,909.3966524262585,894.8567693959121,894.5399345351703
2026-08-01 11:00:00,890.5918,890.4035354110121,913.4418997673448,892.09867,883.9649307555333,909.6716731983789,895.1910937041708,896.4884761922376
2026-08-01 12:00:00,890.5918,899.6331420424428,925.3853889662466,892.09867,883.9649307555333,921.6151623972808,902.9535011699533,904.4007664426838
2026-08-01 13:00:00,890.5918,906.4052108016356,932.453741565357,892.09867,883.9649307555333,928.6835149963911,908.9340567268289,910.7224586368491
2026-08-01 14:00:00,985.0918,945.0434942545592,967.0278370958312,982.09867,973.9649307555333,963.2576105268653,950.9494130370203,951.0584693686181
2026-08-01 15:00:00,989.5918,954.0598524193314,975.8536402595516,982.09867,973.9649307555333,972.0834136905858,958.5640962877959,958.873461868697
2026-08-01 16:00:00,989.5918,969.1296882608834,991.468388358359,991.59867,983.4649307555333,987.6981617893931,972.1770752675307,972.4033825478975
2026-08-01 17:00:00,990.0918,984.0146810681111,1007.5880394390074,991.59867,983.4649307555333,1003.8178128700415,984.6359307723351,985.0044996888262
2026-08-01 18:00:00,1015.0918,1086.7668984877691,1053.4630272850522,1106.09867,1097.9649307555333,1049.6928007160864,1079.8214556124285,1078.4765076171427
2026-08-01 19:00:00,1050.0918,1115.1627855078038,1073.2996560550528,1162.09867,1153.9649307555333,1069.5294294860869,1108.7032068488647,1105.868057875875
2026-08-01 20:00:00,1040.0918,1087.656517967537,1053.3327070827131,1106.09867,1097.9649307555333,1049.5624805137472,1081.1006117075794,1079.83104022707
2026-08-01 21:00:00,1050.0918,1079.6682871866922,1038.8149180268683,1107.09867,1098.9649307555333,1035.0446914579024,1074.5522019355262,1073.1783946521055
2026-08-01 22:00:00,1015.0918,1021.9136755879666,1006.349647099067,991.59867,983.4649307555333,1002.5794205301012,1013.5079716896794,1013.2856223928225
2026-08-01 23:00:00,990.0918,1015.5614211467984,1001.922630809576,982.09867,973.9649307555333,998.1524042406102,1007.3521521545857,1007.1989997199179
2026-08-02 00:00:00,942.6046,998.1025010885268,998.3044793745842,989.5918,981.4580607555333,994.5342528056183,994.9230989389099,994.6293139551016
2026-08-02 01:00:00,942.6046,945.9005212714368,954.435237518698,989.5918,964.4336159935207,951.0100864882759,948.4785378374218,949.4734170227799
2026-08-02 02:00:00,722.6046,951.039290989216,959.118176859418,989.5918,964.4336159935207,955.6930258289958,952.6158176511791,953.7573367833455
2026-08-02 03:00:00,893.1046,951.8057465766996,958.043635876666,985.0918,959.9336159935207,954.6184848462439,952.4933405479288,953.3756529693994
2026-08-02 04:00:00,893.1046,944.3395283730108,951.5479796390898,989.5918,964.4336159935207,948.1228286086676,946.8653955504728,947.746575871324
2026-08-02 05:00:00,942.6046,936.746101072688,944.2282503326774,989.5918,964.4336159935207,940.8030993022552,940.6673705827667,941.2873012722072
2026-08-02 06:00:00,652.6046,891.68457545678,934.5252418942774,989.5918,964.4336159935207,931.1000908638553,910.9747767493626,911.6754982540565
2026-08-02 07:00:00,622.6046,885.6739628377993,926.7064404206224,985.0918,959.9336159935207,923.2812893902002,901.0978780085608,905.9232357373462
2026-08-02 08:00:00,492.6046,832.756828068548,842.8929499887435,650.0918,624.9336159935207,839.4677989583213,809.5296629980611,812.58001998484
2026-08-02 09:00:00,241.0846,858.0887337705019,891.3234191870295,890.5918,865.4336159935207,887.8982681566073,867.0593925022604,868.9801603037957
2026-08-02 10:00:00,369.8146,857.9081587299864,891.2828292446657,890.5918,865.4336159935207,887.8576782142435,866.9118756898758,868.6725643263243
2026-08-02 11:00:00,492.6046,846.0811567908339,883.0455165431208,890.5918,865.4336159935207,879.6203655126986,858.2113963231325,858.8606338513823
2026-08-02 12:00:00,492.6046,876.5032593702681,883.0515317619962,890.5918,865.4336159935207,879.626380731574,879.6113653854034,877.2691037283554
2026-08-02 13:00:00,622.6046,886.8508865699233,892.1175538424093,890.5918,865.4336159935207,888.6924028119871,889.4632726787461,885.3116401846022
2026-08-02 14:00:00,622.6046,918.8807014502949,918.363825111659,985.0918,959.9336159935207,914.9386740812369,923.6719077119038,922.1778207155191
2026-08-02 15:00:00,642.6046,935.1598111118296,935.836421433534,989.5918,964.4336159935207,932.4112704031119,938.1361224994583,936.6396829366913
2026-08-02 16:00:00,942.6046,947.3514165138706,947.8980602482007,989.5918,964.4336159935207,944.4729092177786,948.5280444734855,946.7176302423603
2026-08-02 17:00:00,992.1046,959.8243600536975,959.897604959668,990.0918,964.9336159935207,956.4724539292458,959.2718194062389,957.0129240731537
2026-08-02 18:00:00,992.1046,1011.5802669926044,978.307645177296,1015.0918,989.9336159935207,974.8824941468738,999.4006182358413,996.0568886747504
2026-08-02 19:00:00,992.1046,1029.7301625965786,995.4934647115798,1050.0918,1024.9336159935206,992.0683136811576,1017.4454115004584,1015.499863305871
2026-08-02 20:00:00,1017.6046,1022.6411797887906,991.4979291405904,1040.0918,1014.9336159935206,988.0727781101682,1011.3353480554558,1009.5410781286298
2026-08-02 21:00:00,1017.6046,1021.6599395331036,995.6930823619904,1050.0918,1024.9336159935206,992.2679313315682,1012.1933736722165,1012.079984600512
2026-08-02 22:00:00,992.1046,1004.9681175177644,982.2711849441582,1015.0918,989.9336159935207,978.846033913736,996.0604210064633,994.8366143325051
2026-08-02 23:00:00,992.1046,993.1779876140174,977.7765703460516,990.0918,964.9336159935207,974.3514193156294,983.1001882506785,983.8450237893788
2026-08-03 00:00:00,989.52102,964.5668907942508,961.768657030486,942.6046,917.4464159935206,958.3435060000638,954.8402666352554,966.6139572278871
2026-08-03 01:00:00,989.52102,976.999734672815,978.350504279594,942.6046,1134.3750950324793,972.5902148476742,1003.1899245196388,1014.1940918042181
2026-08-03 02:00:00,989.52102,971.2467643442974,919.3016949020852,722.6046,914.3750950324792,913.5414054701654,954.9743323498452,957.7576413433708
2026-08-03 03:00:00,989.52102,968.7106617464868,948.9265995468636,893.1046,1084.8750950324793,943.1663101149438,986.5629568105572,998.2175046991034
2026-08-03 04:00:00,995.02102,957.1452223882908,937.4413206021808,893.1046,1084.8750950324793,931.681031170261,977.2454237477674,988.9125000313306
2026-08-03 05:00:00,989.52102,933.2857295152136,932.268602947698,942.6046,1134.3750950324793,926.5083135157782,967.929716533952,977.4059977711025
2026-08-03 06:00:00,989.52102,825.3603640261932,855.0061621074377,652.6046,844.3750950324792,849.245872675518,831.815966375963,838.5394501458294
2026-08-03 07:00:00,989.52102,811.0588013211226,837.1786853342232,622.6046,814.3750950324792,831.4183959023035,813.9698806342778,817.0320501735624
2026-08-03 08:00:00,989.52102,808.4232153387884,826.4604730156059,492.6046,684.3750950324792,820.7001835836861,787.4164914179797,782.1241032346124
2026-08-03 09:00:00,989.52102,787.8639159162728,794.9687930889975,241.0846,432.8550950324792,789.2085036570777,724.6142445252395,708.4469436524043
2026-08-03 10:00:00,989.52102,827.2904194512918,837.0732848637158,369.8146,561.5850950324791,831.312995431796,779.7777845936535,765.6679212432497
2026-08-03 11:00:00,989.52102,869.4832918566937,880.0135152978366,492.6046,684.3750950324792,874.2532258659169,835.7086646517956,826.9115569517531
2026-08-03 12:00:00,989.52102,846.0230129932055,902.4037612454748,492.6046,684.3750950324792,896.643471813555,822.5355805182004,815.5567409154261
2026-08-03 13:00:00,989.52102,900.4166861825092,950.4396491593463,622.6046,814.3750950324792,944.6793597274266,889.6115442423178,886.2502413185487
2026-08-03 14:00:00,995.02102,923.5560714091456,975.701855930582,622.6046,814.3750950324792,969.9415664986623,908.9599732651131,907.1508994574061
2026-08-03 15:00:00,1001.02102,949.6571620181114,994.8503917085504,642.6046,834.3750950324792,989.0901022766307,934.1001536313587,938.0287363373043
2026-08-03 16:00:00,1020.02102,1036.9874960532657,1057.4770113651623,942.6046,1134.3750950324793,1051.7167219332425,1056.9524645425518,1061.772122455705
2026-08-03 17:00:00,1020.02102,1075.467484628105,1086.7943235245452,992.1046,1183.8750950324793,1081.0340340926255,1097.3421644933535,1099.8613389903398
2026-08-03 18:00:00,1025.02102,1123.4514964963266,1108.1216276691014,992.1046,1183.8750950324793,1102.3613382371816,1132.912634098006,1134.7878468601903
2026-08-03 19:00:00,1050.02102,1130.2210215015273,1122.352607505225,992.1046,1183.8750950324793,1116.5923180733053,1138.27610119443,1139.6470069236002
2026-08-03 20:00:00,1025.02102,1128.769479905359,1120.5390254161016,1017.6046,1209.3750950324793,1114.7787359841818,1140.6294380777526,1142.7519759918587
2026-08-03 21:00:00,1025.02102,1115.5985685907167,1103.3329449409573,1017.6046,1209.3750950324793,1097.5726555090375,1129.6277802313762,1131.2786912930383
2026-08-03 22:00:00,1020.02102,1086.365566100102,1066.687518502487,992.1046,1183.8750950324793,1060.9272290705671,1101.5436508806436,1100.8191720621712
2026-08-03 23:00:00,995.02102,1066.656574585025,1045.7234249033504,992.1046,1183.8750950324793,1039.9631354714306,1084.7939518590222,1082.8554466222345
2026-08-04 00:00:00,1024.02798,1056.0699597386356,1032.9418692884517,989.52102,1181.2915150324793,1027.181579856532,1067.7614793126563,1064.874422553805
2026-08-04 01:00:00,1021.02798,1022.6450455692247,1015.8965373080008,989.52102,992.5134336301799,1010.9392119181296,1010.5610543895478,1005.9688170619928
2026-08-04 02:00:00,1021.02798,1021.9595432244564,1010.3996269512412,989.52102,992.5134336301799,1005.44230156137,1009.6786698254577,1005.0576822416989
2026-08-04 03:00:00,980.02798,1021.9758826879132,1009.6684657951946,989.52102,992.5134336301799,1004.7111404053234,1009.6790703422192,1005.088859311112
2026-08-04 04:00:00,1018.22798,1015.8088450309124,1001.6995579932776,995.02102,998.0134336301799,996.7422326034064,1005.6505794511902,1001.2573875081582
2026-08-04 05:00:00,1024.02798,1015.9427653323202,998.07304355809,989.52102,992.5134336301799,993.1157181682188,1005.2383882834181,1001.2703846337971
2026-08-04 06:00:00,1024.02798,947.2390627861269,997.1590052030512,989.52102,992.5134336301799,992.2016798131799,955.4863285955322,953.1000247245217
2026-08-04 07:00:00,980.02798,935.3099067589404,987.8671308243412,989.52102,992.5134336301799,982.90980543447,945.9814033130913,943.7298547492015
2026-08-04 08:00:00,686.89998,943.9217296378964,992.1604848538504,989.52102,992.5134336301799,987.2031594639792,954.1109385424904,952.8076649588386
2026-08-04 09:00:00,816.13198,948.2846670028248,994.3443321475684,989.52102,992.5134336301799,989.3870067576971,961.0181191835229,961.9889462266162
2026-08-04 10:00:00,980.02798,942.7115986339892,990.9527245492172,989.52102,992.5134336301799,985.995399159346,957.800323461605,959.6422278902867
2026-08-04 11:00:00,1021.02798,952.6477370659742,998.4071996980985,989.52102,992.5134336301799,993.4498743082272,965.4458909929895,967.2190153291978
2026-08-04 12:00:00,980.02798,981.5226569555356,997.1796945737512,989.52102,992.5134336301799,992.22236918388,986.5862598604754,988.0466873547696
2026-08-04 13:00:00,1021.02798,984.3600617703732,1000.604740177715,989.52102,992.5134336301799,995.6474147878438,989.1805141836821,990.8668193879635
2026-08-04 14:00:00,1024.02798,995.4141291416424,1013.3578860406744,995.02102,998.0134336301799,1008.4005606508032,998.8365451840205,1000.4014542385482
2026-08-04 15:00:00,1024.02798,998.7970395216496,1015.7356454239888,1001.02102,1004.0134336301799,1010.7783200341175,1002.3799804572039,1003.9164684855652
2026-08-04 16:00:00,1049.52798,1006.8079409218866,1023.9133047722532,1020.02102,1023.0134336301799,1018.955979382382,1013.4150176889831,1015.8932718916345
2026-08-04 17:00:00,1024.02798,1011.5527065642636,1028.7320030960911,1020.02102,1023.0134336301799,1023.7746777062199,1017.412460151047,1019.9340150634728
2026-08-04 18:00:00,1050.02798,1069.713254208829,1037.389141435793,1025.02102,1028.0134336301799,1032.4318160459216,1061.7301567099062,1063.5147553913835
2026-08-04 19:00:00,1060.02798,1082.2711557868438,1047.545643364043,1050.02102,1053.0134336301799,1042.5883179741718,1074.6031463131617,1075.619385606176
2026-08-04 20:00:00,1060.02798,1068.5775972492115,1035.8536209289452,1025.02102,1028.0134336301799,1030.896295539074,1061.2674519558768,1063.1023892188932
2026-08-04 21:00:00,1060.02798,1062.3568868748696,1026.1333036895114,1025.02102,1028.0134336301799,1021.1759782996402,1055.9559085530932,1057.601292513789
2026-08-04 22:00:00,1024.02798,1053.7665615461956,1016.9177338962548,1020.02102,1023.0134336301799,1011.9604085063836,1047.8121519172994,1049.0949021122494
2026-08-04 23:00:00,1024.02798,1038.045503622635,1007.5766614692312,995.02102,998.0134336301799,1002.61933607936,1030.4452749204793,1030.996286558155
2026-08-05 00:00:00,1024.0,1019.6970892298024,1012.7376887310418,1024.02798,1027.02039363018,1007.7803633411705,1019.8714626940098,1021.7607523485274
