fecha_hora,real,pred
2026-01-22 00:00:00,181.84677,193.89689194444964
2026-01-22 01:00:00,181.84677,181.92594205392734
2026-01-22 02:00:00,181.84677,181.45459876706758
2026-01-22 03:00:00,181.84677,181.577554073721
2026-01-22 04:00:00,181.84677,183.82027938677737
2026-01-22 05:00:00,181.84677,187.63778308303557
2026-01-22 06:00:00,181.84677,190.79572208488628
2026-01-22 07:00:00,181.84677,195.53969879106234
2026-01-22 08:00:00,181.84677,196.8016070025297
2026-01-22 09:00:00,181.84677,203.99432041254553
2026-01-22 10:00:00,181.84677,208.08516599664972
2026-01-22 11:00:00,181.84677,211.34164836949972
2026-01-22 12:00:00,181.84677,204.56934320026312
2026-01-22 13:00:00,181.84677,206.35769792272765
2026-01-22 14:00:00,191.16677,208.72689709886737
2026-01-22 15:00:00,191.16677,210.60719797760746
2026-01-22 16:00:00,195.84677,214.9444367036574
2026-01-22 17:00:00,195.84677,216.18529016388504
2026-01-22 18:00:00,210.84677,218.75247546003237
2026-01-22 19:00:00,220.84677,222.7039127227901
2026-01-22 20:00:00,195.84677,211.79875141994427
2026-01-22 21:00:00,195.84677,204.53954866191884
2026-01-22 22:00:00,191.16677,201.0481911696254
2026-01-22 23:00:00,191.16677,194.43765200189682
2026-01-23 00:00:00,196.7875,200.66918682364349
2026-01-23 01:00:00,196.7875,196.56629925536265
2026-01-23 02:00:00,196.7875,196.68544920609745
2026-01-23 03:00:00,196.7875,196.26086551020416
2026-01-23 04:00:00,196.7875,196.65467949202719
2026-01-23 05:00:00,196.7875,197.8443035319326
2026-01-23 06:00:00,196.7875,203.06932849273343
2026-01-23 07:00:00,196.7875,204.34902309839586
2026-01-23 08:00:00,196.7875,203.7316188165204
2026-01-23 09:00:00,196.7875,206.66099418725832
2026-01-23 10:00:00,196.7875,209.60314950760983
2026-01-23 11:00:00,196.7875,212.5218994918783
2026-01-23 12:00:00,196.7875,206.65354385656505
2026-01-23 13:00:00,196.7875,206.74597677690102
2026-01-23 14:00:00,196.7875,208.52804816866544
2026-01-23 15:00:00,207.7875,209.16380623811978
2026-01-23 16:00:00,211.3075,212.51636404132842
2026-01-23 17:00:00,211.3075,214.03736282185824
2026-01-23 18:00:00,211.7875,215.03709521620857
2026-01-23 19:00:00,220.7875,220.30111251664488
2026-01-23 20:00:00,211.7875,205.30676509164965
2026-01-23 21:00:00,220.7875,204.14794458010272
2026-01-23 22:00:00,211.7875,199.59803928782026
2026-01-23 23:00:00,211.3075,197.98580845556148
2026-01-24 00:00:00,236.7244,204.92846094198526
2026-01-24 01:00:00,231.7244,236.52286578439242
2026-01-24 02:00:00,201.7244,236.57749491599776
2026-01-24 03:00:00,201.7244,235.77923965015
2026-01-24 04:00:00,201.7244,235.57476020787743
2026-01-24 05:00:00,201.7244,235.3099877003576
2026-01-24 06:00:00,201.7244,235.24013010397772
2026-01-24 07:00:00,201.7244,235.79394292473404
2026-01-24 08:00:00,201.7244,236.3256374434638
2026-01-24 09:00:00,201.7244,235.9145427498033
2026-01-24 10:00:00,201.7244,237.66842724530892
2026-01-24 11:00:00,201.7244,237.5642150344712
2026-01-24 12:00:00,201.7244,220.0452247843711
2026-01-24 13:00:00,201.7244,220.50433636815404
2026-01-24 14:00:00,201.7244,221.71237707478605
2026-01-24 15:00:00,201.7244,226.15859216662835
2026-01-24 16:00:00,206.7244,227.64305578360558
2026-01-24 17:00:00,211.7244,228.542014192313
2026-01-24 18:00:00,241.9144,221.77969930452474
2026-01-24 19:00:00,241.9144,225.95148965711897
2026-01-24 20:00:00,241.9144,221.7537447968233
2026-01-24 21:00:00,211.7244,225.32016508767595
2026-01-24 22:00:00,211.7244,222.40248190362507
2026-01-24 23:00:00,241.9144,221.91290651168404
2026-01-25 00:00:00,227.85962,236.98679512163727
2026-01-25 01:00:00,227.85962,227.77868356453095
2026-01-25 02:00:00,227.85962,227.82403470288523
2026-01-25 03:00:00,227.85962,227.31275121103286
2026-01-25 04:00:00,227.85962,227.22668264540783
2026-01-25 05:00:00,227.85962,225.88046078894206
2026-01-25 06:00:00,227.85962,224.82822527332212
2026-01-25 07:00:00,217.92962,224.1280562508087
2026-01-25 08:00:00,217.92962,226.3234222966273
2026-01-25 09:00:00,217.85962,227.1114773333099
2026-01-25 10:00:00,217.85962,226.93899378949826
2026-01-25 11:00:00,217.85962,230.38428805941186
2026-01-25 12:00:00,217.85962,211.2012107697965
2026-01-25 13:00:00,217.85962,211.59395582684823
2026-01-25 14:00:00,217.92962,212.62276496246093
2026-01-25 15:00:00,217.92962,214.32612410759344
2026-01-25 16:00:00,217.92962,219.49489030945682
2026-01-25 17:00:00,227.85962,221.39281788406112
2026-01-25 18:00:00,253.85962,236.15965402054928
2026-01-25 19:00:00,253.85962,237.53150371771545
2026-01-25 20:00:00,253.85962,236.31833025089617
2026-01-25 21:00:00,253.85962,221.5190147907236
2026-01-25 22:00:00,232.85962,221.3669794555459
2026-01-25 23:00:00,232.85962,235.48166497491096
2026-01-26 00:00:00,235.5724,230.33941184049363
2026-01-26 01:00:00,235.5724,235.9892943488783
2026-01-26 02:00:00,230.5724,235.70451610277337
2026-01-26 03:00:00,230.5724,236.43584275177076
2026-01-26 04:00:00,230.5724,236.81287583664653
2026-01-26 05:00:00,235.5724,238.63412324716745
2026-01-26 06:00:00,248.5724,240.72994562963905
2026-01-26 07:00:00,235.5724,243.60855205094254
2026-01-26 08:00:00,235.5724,247.5432812912791
2026-01-26 09:00:00,235.5724,249.89850737437538
2026-01-26 10:00:00,235.5724,252.6883913942572
2026-01-26 11:00:00,235.5724,256.12582471500787
2026-01-26 12:00:00,235.5724,251.29775072923553
2026-01-26 13:00:00,235.5724,252.6636059483826
2026-01-26 14:00:00,248.5724,255.19594508372472
2026-01-26 15:00:00,248.5724,255.907873066687
2026-01-26 16:00:00,248.5724,257.79557483635733
2026-01-26 17:00:00,252.5724,264.12607890381105
2026-01-26 18:00:00,291.5234,274.95326472641904
2026-01-26 19:00:00,291.5234,277.8819729161001
2026-01-26 20:00:00,291.5234,274.9131118526075
2026-01-26 21:00:00,291.5234,271.926229473571
2026-01-26 22:00:00,252.5724,255.26138013380768
2026-01-26 23:00:00,248.5724,250.6067619913627
2026-01-27 00:00:00,259.32244,258.6118082266982
2026-01-27 01:00:00,254.32244,258.6049757209289
2026-01-27 02:00:00,254.32244,259.41366368245895
2026-01-27 03:00:00,254.32244,259.85232775830013
2026-01-27 04:00:00,259.32244,261.05300524237674
2026-01-27 05:00:00,259.32244,263.66088504506575
2026-01-27 06:00:00,259.32244,258.5635898552803
2026-01-27 07:00:00,259.32244,256.4421706213476
2026-01-27 08:00:00,259.32244,258.40815952879495
2026-01-27 09:00:00,259.32244,260.83401615321486
2026-01-27 10:00:00,259.32244,262.111851009021
2026-01-27 11:00:00,259.32244,261.8725424529344
2026-01-27 12:00:00,259.32244,260.2353610822011
2026-01-27 13:00:00,259.32244,262.28121210318443
2026-01-27 14:00:00,265.32244,269.55738926547144
2026-01-27 15:00:00,265.32244,269.1211310938563
2026-01-27 16:00:00,267.65544,269.1771551803008
2026-01-27 17:00:00,267.65544,276.2092340138381
2026-01-27 18:00:00,267.65544,286.8761739420418
2026-01-27 19:00:00,285.32244,291.15350069678266
2026-01-27 20:00:00,267.65544,284.8375929172407
2026-01-27 21:00:00,267.65544,280.8782895254941
2026-01-27 22:00:00,265.32244,268.8603165649841
2026-01-27 23:00:00,259.32244,258.56378658781904
2026-01-28 00:00:00,253.93714,281.7028892313614
2026-01-28 01:00:00,253.93714,253.58064566861606
2026-01-28 02:00:00,253.93714,253.57095186941027
2026-01-28 03:00:00,253.93714,254.07938331745993
2026-01-28 04:00:00,253.93714,255.72724558600487
2026-01-28 05:00:00,254.86714,257.90625100786053
2026-01-28 06:00:00,254.86714,259.209900222704
2026-01-28 07:00:00,254.86714,260.8798963633733
2026-01-28 08:00:00,253.93714,262.3728009389996
2026-01-28 09:00:00,253.93714,265.3633049454128
2026-01-28 10:00:00,254.86714,267.2081191021533
2026-01-28 11:00:00,254.86714,268.1929851934196
2026-01-28 12:00:00,254.86714,266.7677574823239
2026-01-28 13:00:00,254.86714,270.1435778462949
2026-01-28 14:00:00,261.93714,273.38209159235566
2026-01-28 15:00:00,261.93714,274.28212415228046
2026-01-28 16:00:00,264.93714,275.75442805853726
2026-01-28 17:00:00,264.93714,275.5150555407827
2026-01-28 18:00:00,264.93714,277.86487389945336
2026-01-28 19:00:00,266.93714,290.77316306430805
2026-01-28 20:00:00,264.93714,275.61502985799586
2026-01-28 21:00:00,264.93714,272.9111821024953
2026-01-28 22:00:00,264.93714,270.5107128476612
2026-01-28 23:00:00,254.86714,265.6463661593007
2026-01-29 00:00:00,242.61517,275.4995541720071
2026-01-29 01:00:00,242.61517,242.78809453715206
2026-01-29 02:00:00,242.61517,242.4306235892844
2026-01-29 03:00:00,242.61517,242.02987370847154
2026-01-29 04:00:00,242.61517,242.39100169511647
2026-01-29 05:00:00,242.73817,244.23479218066817
2026-01-29 06:00:00,242.73817,248.4853809587212
2026-01-29 07:00:00,242.73817,249.46880444973183
2026-01-29 08:00:00,242.61517,250.02290287771845
2026-01-29 09:00:00,242.61517,253.11331395906126
2026-01-29 10:00:00,242.73817,255.09498188268228
2026-01-29 11:00:00,242.73817,257.3710027377605
2026-01-29 12:00:00,242.61517,257.7903249891498
2026-01-29 13:00:00,242.73817,260.8410424053186
2026-01-29 14:00:00,242.73817,265.446889190653
2026-01-29 15:00:00,242.73817,266.5337556363519
2026-01-29 16:00:00,255.61517,266.87999740667146
2026-01-29 17:00:00,255.61517,266.97708583826926
2026-01-29 18:00:00,255.61517,269.8903257236047
2026-01-29 19:00:00,264.61517,272.0343843599301
2026-01-29 20:00:00,255.61517,267.3402408088531
2026-01-29 21:00:00,255.61517,265.3495862257298
2026-01-29 22:00:00,255.61517,263.20459184663514
2026-01-29 23:00:00,242.73817,257.50258725510764
2026-01-30 00:00:00,108.3633,250.82029353152598
2026-01-30 01:00:00,112.4993,117.41185156590083
2026-01-30 02:00:00,112.4993,123.54933319198302
2026-01-30 03:00:00,113.9533,132.1465978375017
2026-01-30 04:00:00,113.9533,145.45839502116527
2026-01-30 05:00:00,247.0863,168.3522597031036
2026-01-30 06:00:00,247.0863,207.51494798406853
2026-01-30 07:00:00,247.0863,214.9993621707761
2026-01-30 08:00:00,166.9633,221.95250540633023
2026-01-30 09:00:00,114.9663,227.54984899514415
2026-01-30 10:00:00,247.0863,230.28732658271943
2026-01-30 11:00:00,247.0863,229.72053176930987
2026-01-30 12:00:00,113.9533,227.95155997701198
2026-01-30 13:00:00,247.0863,231.47650017260548
2026-01-30 14:00:00,247.0863,234.181801261948
2026-01-30 15:00:00,251.9633,234.84540000369282
2026-01-30 16:00:00,251.9633,243.91703678915317
2026-01-30 17:00:00,251.9633,244.15183240526943
2026-01-30 18:00:00,256.9633,249.5876873882058
2026-01-30 19:00:00,251.9633,251.96305809148777
2026-01-30 20:00:00,251.9633,249.6940496658873
2026-01-30 21:00:00,251.9633,247.69200720562392
2026-01-30 22:00:00,247.0863,241.6658159674636
2026-01-30 23:00:00,247.0863,217.61949076828634
2026-01-31 00:00:00,208.1695,157.46377304854553
2026-01-31 01:00:00,208.1695,208.15286703246304
2026-01-31 02:00:00,208.1695,206.92678656226047
2026-01-31 03:00:00,208.1695,206.78575365036608
2026-01-31 04:00:00,208.1695,205.94083844365065
2026-01-31 05:00:00,208.1695,203.5111346008569
2026-01-31 06:00:00,208.1695,223.33209689679305
2026-01-31 07:00:00,208.1695,222.78348126791207
2026-01-31 08:00:00,208.1695,186.45029540712358
2026-01-31 09:00:00,208.1695,162.07190945320875
2026-01-31 10:00:00,208.1695,225.71354811882094
2026-01-31 11:00:00,208.1695,227.00346061397457
2026-01-31 12:00:00,208.1695,163.3281242559563
2026-01-31 13:00:00,208.1695,214.9546353042903
2026-01-31 14:00:00,208.1695,217.66289128308364
2026-01-31 15:00:00,208.1695,224.17666983326768
2026-01-31 16:00:00,218.6695,225.73029307321798
2026-01-31 17:00:00,218.6695,227.75846433440216
2026-01-31 18:00:00,218.7925,229.762561831873
2026-01-31 19:00:00,218.7925,230.6102074915112
2026-01-31 20:00:00,218.6695,230.03240585035263
2026-01-31 21:00:00,218.6695,226.73843494850843
2026-01-31 22:00:00,218.6695,217.425620894801
2026-01-31 23:00:00,208.1695,214.10019869956506
2026-02-01 00:00:00,165.00424,203.17501846015648
2026-02-01 01:00:00,165.00424,166.22156307532453
2026-02-01 02:00:00,165.00424,166.48483248141525
2026-02-01 03:00:00,165.00424,165.91464208400083
2026-02-01 04:00:00,165.00424,165.54380183354857
2026-02-01 05:00:00,165.00424,164.5563328764519
2026-02-01 06:00:00,122.36124,182.30810922075068
2026-02-01 07:00:00,124.98524,183.38612212509807
2026-02-01 08:00:00,165.00424,185.41916387271363
2026-02-01 09:00:00,165.00424,188.336218511249
2026-02-01 10:00:00,165.00424,189.6602586384976
2026-02-01 11:00:00,165.00424,191.5009444246291
2026-02-01 12:00:00,165.00424,190.83366233133114
2026-02-01 13:00:00,165.00424,192.54537106154768
2026-02-01 14:00:00,165.00424,195.69266563513162
2026-02-01 15:00:00,165.00424,197.5601600672133
2026-02-01 16:00:00,165.00424,198.8273251659336
2026-02-01 17:00:00,165.00424,199.1539344181794
2026-02-01 18:00:00,215.50424,202.32583548881917
2026-02-01 19:00:00,215.50424,205.32787152001012
2026-02-01 20:00:00,215.50424,205.66359918012964
2026-02-01 21:00:00,215.50424,204.30076883368753
2026-02-01 22:00:00,190.50424,199.53539196865387
2026-02-01 23:00:00,165.00424,189.61139746446537
2026-02-02 00:00:00,105.56538,178.14739301060382
2026-02-02 01:00:00,105.56538,105.55309278552761
2026-02-02 02:00:00,105.56538,104.15778096263782
2026-02-02 03:00:00,105.56538,104.16503704968824
2026-02-02 04:00:00,105.56538,114.5867686277316
2026-02-02 05:00:00,109.70438,133.84106789803076
2026-02-02 06:00:00,111.06838,135.7135075501701
2026-02-02 07:00:00,111.06838,140.31545888236926
2026-02-02 08:00:00,109.70438,159.2290811800304
2026-02-02 09:00:00,109.70438,166.1663177032952
2026-02-02 10:00:00,111.06838,167.7877692241526
2026-02-02 11:00:00,111.06838,166.7738853506247
2026-02-02 12:00:00,109.70438,176.23476474837602
2026-02-02 13:00:00,111.06838,178.71466356133533
2026-02-02 14:00:00,111.06838,185.22026222842885
2026-02-02 15:00:00,194.33438,188.04774856679205
2026-02-02 16:00:00,194.33438,187.2181738228108
2026-02-02 17:00:00,194.33438,187.23978881613095
2026-02-02 18:00:00,204.21138,220.24442752145805
2026-02-02 19:00:00,204.21138,221.9179902861576
2026-02-02 20:00:00,204.21138,220.57629310894833
2026-02-02 21:00:00,194.33438,217.36303284682245
2026-02-02 22:00:00,194.33438,193.32910010054468
2026-02-02 23:00:00,111.06838,172.00447969442712
2026-02-03 00:00:00,119.29749,126.53351720456703
2026-02-03 01:00:00,119.29749,118.1531963526948
2026-02-03 02:00:00,119.29749,115.55991245301752
2026-02-03 03:00:00,119.29749,115.46177881642296
2026-02-03 04:00:00,119.29749,118.66642221244564
2026-02-03 05:00:00,119.29749,123.58561419729531
2026-02-03 06:00:00,119.29749,116.19943136335891
2026-02-03 07:00:00,119.29749,116.26211956379532
2026-02-03 08:00:00,119.29849,114.54853396382431
2026-02-03 09:00:00,119.29749,117.0398109174433
2026-02-03 10:00:00,119.29749,121.79798877167445
2026-02-03 11:00:00,119.29749,124.43377492148926
2026-02-03 12:00:00,119.29749,133.87087765185242
2026-02-03 13:00:00,119.29749,142.28278764021627
2026-02-03 14:00:00,123.43349,146.20508300415392
2026-02-03 15:00:00,123.43449,179.40680411967233
2026-02-03 16:00:00,126.43949,184.6367417191494
2026-02-03 17:00:00,187.94349,187.02839987838217
2026-02-03 18:00:00,187.94349,203.46411773852634
2026-02-03 19:00:00,187.94349,202.56613220235243
2026-02-03 20:00:00,187.94349,195.05821184765435
2026-02-03 21:00:00,187.94349,179.5456754448201
2026-02-03 22:00:00,124.80049,175.20978315078946
2026-02-03 23:00:00,123.43349,128.4988063536553
2026-02-04 00:00:00,120.65612,115.07184642928868
2026-02-04 01:00:00,120.65512,115.72884419822245
2026-02-04 02:00:00,120.65512,113.9779478362401
2026-02-04 03:00:00,120.65512,114.38592461652254
2026-02-04 04:00:00,120.75212,116.61722965390973
2026-02-04 05:00:00,143.24912,120.17832339661066
2026-02-04 06:00:00,143.24912,121.2333728439015
2026-02-04 07:00:00,143.24912,120.09262404681137
2026-02-04 08:00:00,120.65612,119.58035505076657
2026-02-04 09:00:00,115.24912,119.31317689498835
2026-02-04 10:00:00,120.65512,118.69871437595646
2026-02-04 11:00:00,120.65512,118.93489402726902
2026-02-04 12:00:00,120.65512,124.11912301672854
2026-02-04 13:00:00,143.24912,128.6435156842394
2026-02-04 14:00:00,143.24912,131.38418539552737
2026-02-04 15:00:00,162.99512,133.63864126580796
2026-02-04 16:00:00,162.99512,138.60407890625717
2026-02-04 17:00:00,173.99512,158.88952515754528
2026-02-04 18:00:00,173.99512,184.02095921141898
2026-02-04 19:00:00,203.89512,186.09594078124914
2026-02-04 20:00:00,173.99512,181.14107785445572
2026-02-04 21:00:00,173.99512,176.81078715594856
2026-02-04 22:00:00,162.99512,139.93482707758562
2026-02-04 23:00:00,162.99512,135.32967486437076
2026-02-05 00:00:00,116.19335,114.47173686960484
2026-02-05 01:00:00,116.19335,115.56458991371277
2026-02-05 02:00:00,116.19335,114.37840711274157
2026-02-05 03:00:00,116.19335,113.87678485019973
2026-02-05 04:00:00,116.19335,114.71094501405537
2026-02-05 05:00:00,121.69635,119.57631411080219
2026-02-05 06:00:00,123.83935,130.02388055558146
2026-02-05 07:00:00,123.83935,129.66865258739705
2026-02-05 08:00:00,121.59935,122.07772798766271
2026-02-05 09:00:00,116.19335,119.61283924397372
2026-02-05 10:00:00,116.19335,122.79651206089788
2026-02-05 11:00:00,121.59935,124.77537820651891
2026-02-05 12:00:00,121.59935,142.37174400173365
2026-02-05 13:00:00,121.60035,151.9769570679506
2026-02-05 14:00:00,142.95035,155.20476106175133
2026-02-05 15:00:00,142.95035,167.99386836374956
2026-02-05 16:00:00,143.83935,173.7068138446474
2026-02-05 17:00:00,143.83935,175.42232782005462
2026-02-05 18:00:00,143.83935,175.6202408148065
2026-02-05 19:00:00,204.83935,199.14965586187031
2026-02-05 20:00:00,143.83935,177.99070737186133
2026-02-05 21:00:00,143.83935,174.31606537981244
2026-02-05 22:00:00,142.95035,163.89664585936347
2026-02-05 23:00:00,142.95035,156.7826323404065
2026-02-06 00:00:00,121.47377,118.18573140422177
2026-02-06 01:00:00,121.47377,121.91520818456878
2026-02-06 02:00:00,121.47377,120.98063689346756
2026-02-06 03:00:00,121.37777,120.69717774233868
2026-02-06 04:00:00,121.47377,119.92566416728279
2026-02-06 05:00:00,129.61677,121.06778379033076
2026-02-06 06:00:00,129.61677,122.85417851984492
2026-02-06 07:00:00,129.61677,123.2277876228575
2026-02-06 08:00:00,129.61677,123.359947564501
2026-02-06 09:00:00,129.61677,121.71870087629567
2026-02-06 10:00:00,129.61677,122.48802864912233
2026-02-06 11:00:00,129.61677,124.91892030539319
2026-02-06 12:00:00,129.61677,124.58934298135156
2026-02-06 13:00:00,129.61677,127.87363266359912
2026-02-06 14:00:00,129.61677,136.0997833071336
2026-02-06 15:00:00,129.61677,137.05379566232907
2026-02-06 16:00:00,129.61677,138.70651470720713
2026-02-06 17:00:00,129.61677,140.3389872276314
2026-02-06 18:00:00,144.72777,148.0034358047734
2026-02-06 19:00:00,144.72777,182.64111946938817
2026-02-06 20:00:00,144.72777,148.66810556623108
2026-02-06 21:00:00,144.72777,146.57700511973124
2026-02-06 22:00:00,129.61677,143.32841995072778
2026-02-06 23:00:00,129.61677,139.91186208051778
2026-02-07 00:00:00,114.18896,122.9966547221463
2026-02-07 01:00:00,114.18896,114.53127314449858
2026-02-07 02:00:00,114.18896,114.12660429601127
2026-02-07 03:00:00,114.18896,114.0188736752811
2026-02-07 04:00:00,114.18896,113.33556274610534
2026-02-07 05:00:00,114.18896,113.6697835640295
2026-02-07 06:00:00,114.18896,119.44211219883591
2026-02-07 07:00:00,114.18896,119.5737856450567
2026-02-07 08:00:00,114.18896,119.98004098687866
2026-02-07 09:00:00,114.18896,119.92891857824281
2026-02-07 10:00:00,114.18896,120.47719399850291
2026-02-07 11:00:00,114.18896,120.48613577188476
2026-02-07 12:00:00,114.18896,122.38650207026419
2026-02-07 13:00:00,114.18896,122.6222072933237
2026-02-07 14:00:00,114.18896,122.80160982633907
2026-02-07 15:00:00,114.18896,122.71774551880182
2026-02-07 16:00:00,114.18896,123.59139290621906
2026-02-07 17:00:00,117.18896,124.44545507221294
2026-02-07 18:00:00,117.18896,135.73566898480243
2026-02-07 19:00:00,117.18896,136.18679439006655
2026-02-07 20:00:00,117.18896,136.27546951694632
2026-02-07 21:00:00,117.18896,135.7832668653133
2026-02-07 22:00:00,114.68896,130.29943714082074
2026-02-07 23:00:00,114.18896,126.96371459757144
2026-02-08 00:00:00,109.22942,113.36505730567364
2026-02-08 01:00:00,109.22942,109.3237529539374
2026-02-08 02:00:00,109.22942,109.22660530068572
2026-02-08 03:00:00,109.22942,108.77688282461231
2026-02-08 04:00:00,109.22942,108.21284355116373
2026-02-08 05:00:00,109.22942,107.96435664085959
2026-02-08 06:00:00,109.22942,110.92646539840808
2026-02-08 07:00:00,103.82342,111.2652944665937
2026-02-08 08:00:00,103.82342,111.2425383386391
2026-02-08 09:00:00,103.82342,111.14483228395426
2026-02-08 10:00:00,103.82342,111.05981168883704
2026-02-08 11:00:00,103.82342,110.87085543232674
2026-02-08 12:00:00,103.82342,111.86142467892346
2026-02-08 13:00:00,103.82342,111.82209371888992
2026-02-08 14:00:00,103.82342,112.0707986269387
2026-02-08 15:00:00,109.22942,112.12080023431221
2026-02-08 16:00:00,110.66942,112.4526144031378
2026-02-08 17:00:00,110.66942,114.92681096572679
2026-02-08 18:00:00,113.58042,124.91166705816312
2026-02-08 19:00:00,122.58042,125.19148161308567
2026-02-08 20:00:00,122.58042,125.1381043185794
2026-02-08 21:00:00,122.36942,125.13827716486807
2026-02-08 22:00:00,110.66942,119.32152338184409
2026-02-08 23:00:00,110.66942,117.63377982180717
2026-02-09 00:00:00,111.65248,109.10824406408224
2026-02-09 01:00:00,111.65248,112.0163911270409
2026-02-09 02:00:00,111.65248,111.8091561423062
2026-02-09 03:00:00,113.53648,111.5720664440098
2026-02-09 04:00:00,113.69548,111.62513586883827
2026-02-09 05:00:00,113.69548,110.45068765639662
2026-02-09 06:00:00,113.69548,111.36681117468635
2026-02-09 07:00:00,113.69548,109.41103441442439
2026-02-09 08:00:00,113.69548,110.43355258170673
2026-02-09 09:00:00,111.65248,110.40530293838026
2026-02-09 10:00:00,113.53648,110.63535315248816
2026-02-09 11:00:00,113.69548,111.54416694195737
2026-02-09 12:00:00,111.65248,111.87993587410556
2026-02-09 13:00:00,113.69548,112.3209006846223
2026-02-09 14:00:00,113.69548,113.32455688938217
2026-02-09 15:00:00,113.69548,116.93112030024346
2026-02-09 16:00:00,116.90648,118.58339679794861
2026-02-09 17:00:00,116.90648,119.40852426706773
2026-02-09 18:00:00,118.79548,126.91443049599525
2026-02-09 19:00:00,118.79548,133.7488526060099
2026-02-09 20:00:00,118.79548,132.8755094598235
2026-02-09 21:00:00,118.79548,129.91101767840516
2026-02-09 22:00:00,116.90648,120.782984515816
2026-02-09 23:00:00,116.90648,115.25772924129552
2026-02-10 00:00:00,113.62716,113.70764258568087
2026-02-10 01:00:00,113.62716,114.08085625599435
2026-02-10 02:00:00,113.62716,113.84520081905812
2026-02-10 03:00:00,113.62716,113.57046615548506
2026-02-10 04:00:00,113.62716,114.18676257178329
2026-02-10 05:00:00,113.62716,115.7120715062081
2026-02-10 06:00:00,113.62716,115.99058506477967
2026-02-10 07:00:00,113.62716,116.71134376931846
2026-02-10 08:00:00,113.62716,117.58326520150446
2026-02-10 09:00:00,113.62716,118.33530682954692
2026-02-10 10:00:00,113.62716,118.75377618556777
2026-02-10 11:00:00,113.62716,120.3432224347036
2026-02-10 12:00:00,113.62716,118.60913186847645
2026-02-10 13:00:00,113.62716,120.00575276766554
2026-02-10 14:00:00,113.62716,121.22893875172217
2026-02-10 15:00:00,113.62716,120.67877018398183
2026-02-10 16:00:00,119.03316,122.7719205237931
2026-02-10 17:00:00,119.13016,123.25322577707283
2026-02-10 18:00:00,132.27316,127.20708032577743
2026-02-10 19:00:00,132.27316,129.08971449620546
2026-02-10 20:00:00,132.27316,128.1691847251347
2026-02-10 21:00:00,122.27416,126.64523137248379
2026-02-10 22:00:00,119.13016,122.48745122421622
2026-02-10 23:00:00,113.62716,120.38894662126484
2026-02-11 00:00:00,126.72728,113.16111189427934
2026-02-11 01:00:00,126.72728,126.80437280717501
2026-02-11 02:00:00,126.72728,126.42424027291938
2026-02-11 03:00:00,126.72728,124.79793259577775
2026-02-11 04:00:00,126.72728,125.43667476961014
2026-02-11 05:00:00,132.13328,126.41353950198751
2026-02-11 06:00:00,132.23028,122.70915908280949
2026-02-11 07:00:00,132.13328,122.58708024644918
2026-02-11 08:00:00,126.72728,122.32838551952538
2026-02-11 09:00:00,126.72728,122.59733748136537
2026-02-11 10:00:00,126.72728,122.92665018119753
2026-02-11 11:00:00,126.72728,123.41489945248557
2026-02-11 12:00:00,126.72728,121.33591360509342
2026-02-11 13:00:00,126.72728,121.8765806434924
2026-02-11 14:00:00,132.23028,121.58597532859272
2026-02-11 15:00:00,132.23028,122.03354664917345
2026-02-11 16:00:00,134.37328,125.24826299668545
2026-02-11 17:00:00,134.37328,125.73105798794742
2026-02-11 18:00:00,147.48428,136.9036303372913
2026-02-11 19:00:00,147.48428,137.6444618517141
2026-02-11 20:00:00,147.48428,136.7162151325108
2026-02-11 21:00:00,135.37328,130.16543304577436
2026-02-11 22:00:00,134.37328,127.0312963140986
2026-02-11 23:00:00,134.37328,122.80613744530179
2026-02-12 00:00:00,127.02862,125.63532278797322
2026-02-12 01:00:00,126.02862,127.53727988629522
2026-02-12 02:00:00,126.02862,127.14443718396146
2026-02-12 03:00:00,126.02862,126.97188213699793
2026-02-12 04:00:00,127.02862,128.08146132054495
2026-02-12 05:00:00,128.02862,129.39734391200733
2026-02-12 06:00:00,128.02862,130.8563217378147
2026-02-12 07:00:00,128.02862,131.28935298897872
2026-02-12 08:00:00,126.02862,129.41941435742754
2026-02-12 09:00:00,125.88562,130.11315915134236
2026-02-12 10:00:00,125.88562,130.5847824843263
2026-02-12 11:00:00,126.02862,130.77036726222042
2026-02-12 12:00:00,126.02862,129.26023261584302
2026-02-12 13:00:00,127.02862,130.853586125416
2026-02-12 14:00:00,128.02862,134.08940286490883
2026-02-12 15:00:00,128.02862,134.35985536214093
2026-02-12 16:00:00,129.02862,136.05769993207048
2026-02-12 17:00:00,134.02962,136.91830945543416
2026-02-12 18:00:00,134.02962,146.40476144889794
2026-02-12 19:00:00,139.02862,149.30034053005045
2026-02-12 20:00:00,139.02862,145.43929118274562
2026-02-12 21:00:00,134.02962,140.78408460100985
2026-02-12 22:00:00,134.02962,138.9148217777349
2026-02-12 23:00:00,128.02862,136.90594136821898
2026-02-13 00:00:00,118.63686,129.20993395448662
2026-02-13 01:00:00,118.63686,119.38325206637873
2026-02-13 02:00:00,118.63686,119.21798543083312
2026-02-13 03:00:00,118.63686,119.19013265566755
2026-02-13 04:00:00,118.63686,120.34283321588012
2026-02-13 05:00:00,118.63686,121.64163946906484
2026-02-13 06:00:00,118.63686,124.99574528268269
2026-02-13 07:00:00,118.63686,126.1127198817019
2026-02-13 08:00:00,118.63686,126.12351409500312
2026-02-13 09:00:00,118.63686,126.93837065480132
2026-02-13 10:00:00,118.63686,127.63498399107999
2026-02-13 11:00:00,118.63686,127.06283250315398
2026-02-13 12:00:00,118.63686,125.6400381521074
2026-02-13 13:00:00,118.63686,126.39179674498746
2026-02-13 14:00:00,118.83586,126.61096620685112
2026-02-13 15:00:00,119.77286,127.35004628353624
2026-02-13 16:00:00,119.83686,129.11565545509245
2026-02-13 17:00:00,121.93786,131.8036866256192
2026-02-13 18:00:00,121.93786,140.4097321110816
2026-02-13 19:00:00,121.93786,140.67460212233533
2026-02-13 20:00:00,121.93786,139.86279046150727
2026-02-13 21:00:00,121.93786,137.40723434553814
2026-02-13 22:00:00,119.83686,133.89118772358796
2026-02-13 23:00:00,118.83586,130.21512995203977
2026-02-14 00:00:00,116.55786,122.55810530087896
2026-02-14 01:00:00,116.55786,117.10795592768628
2026-02-14 02:00:00,114.75686,116.57840916628635
2026-02-14 03:00:00,114.75686,117.19698854631443
2026-02-14 04:00:00,114.75686,117.20809121653652
2026-02-14 05:00:00,116.55786,116.14648757233195
2026-02-14 06:00:00,116.55786,117.58409610422119
2026-02-14 07:00:00,116.55786,117.91584107372529
2026-02-14 08:00:00,116.55786,118.29336743111074
2026-02-14 09:00:00,114.75686,117.62299166832608
2026-02-14 10:00:00,114.75686,119.30701155162191
2026-02-14 11:00:00,114.75686,118.81585352215609
2026-02-14 12:00:00,114.75686,118.85239085610596
2026-02-14 13:00:00,114.75686,118.9277531987502
2026-02-14 14:00:00,114.75686,119.48645982360816
2026-02-14 15:00:00,116.55786,120.13558471852383
2026-02-14 16:00:00,116.55786,120.08694420547522
2026-02-14 17:00:00,119.85886,121.41221541737953
2026-02-14 18:00:00,168.75786,125.95378792044633
2026-02-14 19:00:00,168.75786,126.01748688870349
2026-02-14 20:00:00,119.85886,125.38210573333319
2026-02-14 21:00:00,168.75786,124.31952852490824
2026-02-14 22:00:00,119.85886,121.66375482171863
2026-02-14 23:00:00,116.55786,119.83333125383896
2026-02-15 00:00:00,112.70936,117.24531624085564
2026-02-15 01:00:00,112.70936,113.05010143602235
2026-02-15 02:00:00,112.70936,113.0680208867175
2026-02-15 03:00:00,112.70936,113.03566105394097
2026-02-15 04:00:00,112.70936,112.42095612427035
2026-02-15 05:00:00,112.70936,110.32779337569177
2026-02-15 06:00:00,112.70936,109.58670668971635
2026-02-15 07:00:00,110.66936,110.0365773122546
2026-02-15 08:00:00,110.66936,111.84392300214658
2026-02-15 09:00:00,105.26336,112.96968835011967
2026-02-15 10:00:00,105.26336,114.20361165258537
2026-02-15 11:00:00,105.26336,117.42081782253022
2026-02-15 12:00:00,110.66936,117.62324679144929
2026-02-15 13:00:00,110.66936,116.4321966100527
2026-02-15 14:00:00,112.70936,117.02337109474036
2026-02-15 15:00:00,112.70936,117.35320957321963
2026-02-15 16:00:00,112.70936,116.68665943867902
2026-02-15 17:00:00,116.00836,120.60583657825796
2026-02-15 18:00:00,164.90936,135.22047696280603
2026-02-15 19:00:00,164.90936,136.3476965494105
2026-02-15 20:00:00,164.90936,123.11462372867389
2026-02-15 21:00:00,164.90936,134.96431191133138
2026-02-15 22:00:00,116.00836,120.19059203950492
2026-02-15 23:00:00,116.00836,116.63633640381276
2026-02-16 00:00:00,109.05489,114.55550450916294
2026-02-16 01:00:00,109.05489,109.54845320831976
2026-02-16 02:00:00,109.05489,109.49291580787639
2026-02-16 03:00:00,109.05489,110.15006376005243
2026-02-16 04:00:00,109.15189,110.88352388388034
2026-02-16 05:00:00,111.09489,114.1419917355077
2026-02-16 06:00:00,111.09489,113.70393819516048
2026-02-16 07:00:00,111.09489,114.20915918839904
2026-02-16 08:00:00,111.09489,115.71638638186528
2026-02-16 09:00:00,109.15189,121.00280014137341
2026-02-16 10:00:00,111.09489,122.59057909268803
2026-02-16 11:00:00,111.09489,126.45959917297783
2026-02-16 12:00:00,111.09489,123.41343632646382
2026-02-16 13:00:00,111.09489,126.68371046423664
2026-02-16 14:00:00,111.09489,131.88268644531541
2026-02-16 15:00:00,111.09489,133.53709272422546
2026-02-16 16:00:00,112.29489,137.8535019233427
2026-02-16 17:00:00,112.29489,142.96309079717741
2026-02-16 18:00:00,117.30589,162.22684074614654
2026-02-16 19:00:00,117.30589,163.75531603277324
2026-02-16 20:00:00,117.30589,161.39714586053998
2026-02-16 21:00:00,117.30589,157.78349869303662
2026-02-16 22:00:00,112.29489,129.35356075945845
2026-02-16 23:00:00,111.09489,124.60901894004067
2026-02-17 00:00:00,105.34535,118.73694385571625
2026-02-17 01:00:00,105.34535,105.39810768447967
2026-02-17 02:00:00,105.34535,105.40647643233282
2026-02-17 03:00:00,105.34535,103.79161581471286
2026-02-17 04:00:00,105.34535,104.99402597074655
2026-02-17 05:00:00,110.84835,107.63545493536125
2026-02-17 06:00:00,112.99135,108.807201350566
2026-02-17 07:00:00,112.99135,110.11525567558726
2026-02-17 08:00:00,112.99135,112.48585984628713
2026-02-17 09:00:00,110.84835,117.29874965564912
2026-02-17 10:00:00,110.84835,118.40334238129034
2026-02-17 11:00:00,110.84835,120.95258921838071
2026-02-17 12:00:00,110.84835,119.30367443075639
2026-02-17 13:00:00,110.84835,119.98269546022948
2026-02-17 14:00:00,112.99135,121.66051414489804
2026-02-17 15:00:00,112.99135,120.4145081446973
2026-02-17 16:00:00,116.99235,122.06078919320643
2026-02-17 17:00:00,116.99235,124.56258446278086
2026-02-17 18:00:00,117.99135,127.70713597654813
2026-02-17 19:00:00,119.99135,129.32734467660524
2026-02-17 20:00:00,116.99235,127.28577833394152
2026-02-17 21:00:00,116.99235,122.72857300307565
2026-02-17 22:00:00,112.99135,115.96153008040642
2026-02-17 23:00:00,110.84835,112.79843175820162
2026-02-18 00:00:00,129.11559,107.15089247525967
2026-02-18 01:00:00,129.11559,128.0624946997761
2026-02-18 02:00:00,123.96959,127.32101536323756
2026-02-18 03:00:00,123.97059,126.87324905967895
2026-02-18 04:00:00,129.11559,126.72668446394655
2026-02-18 05:00:00,129.47259,128.05226222113893
2026-02-18 06:00:00,131.61559,127.8843929257765
2026-02-18 07:00:00,129.47259,127.71407164990438
2026-02-18 08:00:00,129.47259,124.26996174291158
2026-02-18 09:00:00,129.11559,126.10618423638023
2026-02-18 10:00:00,129.11559,126.13740034567414
2026-02-18 11:00:00,129.11559,126.65644707560254
2026-02-18 12:00:00,129.11559,122.54102860621768
2026-02-18 13:00:00,129.11559,124.52665020737201
2026-02-18 14:00:00,129.47259,123.91521788446046
2026-02-18 15:00:00,129.47259,126.63379028599797
2026-02-18 16:00:00,131.61559,127.35795224346751
2026-02-18 17:00:00,132.61559,126.56000048066642
2026-02-18 18:00:00,134.61459,125.35740382179489
2026-02-18 19:00:00,134.61459,126.21973300328793
2026-02-18 20:00:00,134.61459,124.47036255572591
2026-02-18 21:00:00,132.61559,124.3532435053464
2026-02-18 22:00:00,131.61559,121.97615396086334
2026-02-18 23:00:00,131.61559,119.59584294873116
2026-02-19 00:00:00,125.63308,127.87301352187278
2026-02-19 01:00:00,125.63308,125.6184964227707
2026-02-19 02:00:00,125.63308,125.34892347443247
2026-02-19 03:00:00,125.63308,125.2450667997094
2026-02-19 04:00:00,125.63308,125.65232032932646
2026-02-19 05:00:00,131.13608,126.2893798272301
2026-02-19 06:00:00,131.13608,125.35577392578129
2026-02-19 07:00:00,131.13608,125.11209106445318
2026-02-19 08:00:00,125.63308,125.37786102294928
2026-02-19 09:00:00,131.13608,125.53054809570318
2026-02-19 10:00:00,131.13608,126.11717987060554
2026-02-19 11:00:00,131.13608,125.51922607421882
2026-02-19 12:00:00,131.13608,125.78831522899628
2026-02-19 13:00:00,134.27908,126.92059884327762
2026-02-19 14:00:00,134.27908,127.55408039352494
2026-02-19 15:00:00,134.27908,127.910567646093
2026-02-19 16:00:00,134.27908,127.96813741647708
2026-02-19 17:00:00,134.27908,128.39975031610996
2026-02-19 18:00:00,135.79008,130.9416815591069
2026-02-19 19:00:00,135.79008,131.2225631592898
2026-02-19 20:00:00,135.79008,130.17370011756987
2026-02-19 21:00:00,134.27908,128.8051941177044
2026-02-19 22:00:00,134.27908,127.56419819438679
2026-02-19 23:00:00,133.27908,126.40925960751679
2026-02-20 00:00:00,120.37685,124.21264035251387
2026-02-20 01:00:00,120.37685,120.64226216783187
2026-02-20 02:00:00,120.37685,120.41776814327817
2026-02-20 03:00:00,120.37685,120.8188675970918
2026-02-20 04:00:00,120.37685,121.23936619091435
2026-02-20 05:00:00,120.37685,121.77518998934049
2026-02-20 06:00:00,120.37685,120.90758484838616
2026-02-20 07:00:00,120.37685,121.18553821823379
2026-02-20 08:00:00,120.37685,121.36300898385124
2026-02-20 09:00:00,120.37685,120.91255629805843
2026-02-20 10:00:00,120.37685,121.66353713382098
2026-02-20 11:00:00,120.37685,121.38306230483983
2026-02-20 12:00:00,120.37685,123.35812294244417
2026-02-20 13:00:00,120.37685,123.81283909191617
2026-02-20 14:00:00,120.37685,123.9289199185356
2026-02-20 15:00:00,127.52285,124.26059477643327
2026-02-20 16:00:00,129.02285,125.64310598226086
2026-02-20 17:00:00,129.02285,126.71567034803792
2026-02-20 18:00:00,129.02285,130.4485741637023
2026-02-20 19:00:00,131.02385,130.7475710278433
2026-02-20 20:00:00,131.02385,129.6952980753368
2026-02-20 21:00:00,129.02285,127.69109090028464
2026-02-20 22:00:00,129.02285,125.69790337899911
2026-02-20 23:00:00,127.52285,123.84875904682625
2026-02-21 00:00:00,107.25893,122.33481233094815
2026-02-21 01:00:00,107.25893,107.51951719119248
2026-02-21 02:00:00,107.25893,107.59455517616637
2026-02-21 03:00:00,107.25893,107.52310581552969
2026-02-21 04:00:00,107.25893,107.54984843944364
2026-02-21 05:00:00,107.25893,107.27349577522943
2026-02-21 06:00:00,107.25893,107.77543670124373
2026-02-21 07:00:00,107.25893,107.51274466284467
2026-02-21 08:00:00,107.25893,108.39084193029555
2026-02-21 09:00:00,107.25893,108.24030932801139
2026-02-21 10:00:00,107.25893,110.55237902807416
2026-02-21 11:00:00,107.25893,110.97580771824805
2026-02-21 12:00:00,107.25893,112.82723708236239
2026-02-21 13:00:00,107.25893,113.18286302276474
2026-02-21 14:00:00,107.25893,113.61251047534026
2026-02-21 15:00:00,107.25893,113.80511625860625
2026-02-21 16:00:00,112.76193,114.21125958140688
2026-02-21 17:00:00,116.90493,115.67258429865703
2026-02-21 18:00:00,120.90493,118.38662479558695
2026-02-21 19:00:00,165.90493,119.25249177774286
2026-02-21 20:00:00,120.90493,118.06706151127983
2026-02-21 21:00:00,116.90493,115.85155926803951
2026-02-21 22:00:00,116.90493,113.41488541624085
2026-02-21 23:00:00,114.70493,110.30351995789448
2026-02-22 00:00:00,114.40661,108.37886876852225
2026-02-22 01:00:00,113.50361,114.08915284128244
2026-02-22 02:00:00,114.40661,114.35921202701691
2026-02-22 03:00:00,113.50361,113.81530022398022
2026-02-22 04:00:00,113.50361,113.75807474187295
2026-02-22 05:00:00,114.40661,113.35294616523393
2026-02-22 06:00:00,113.50361,112.56681060791018
2026-02-22 07:00:00,113.36061,113.05928039550783
2026-02-22 08:00:00,113.36061,112.72538757324223
2026-02-22 09:00:00,107.85761,113.34278869628909
2026-02-22 10:00:00,107.85761,115.03240203857425
2026-02-22 11:00:00,107.85761,114.79309082031253
2026-02-22 12:00:00,107.85761,114.05760992559112
2026-02-22 13:00:00,107.85761,113.21803371202631
2026-02-22 14:00:00,113.36061,113.39120567179646
2026-02-22 15:00:00,113.50361,113.59324052210579
2026-02-22 16:00:00,114.40661,114.18863495875593
2026-02-22 17:00:00,116.50361,115.93776042697911
2026-02-22 18:00:00,117.00361,118.42420445693226
2026-02-22 19:00:00,117.00361,129.79026233447803
2026-02-22 20:00:00,117.00361,118.15797321004692
2026-02-22 21:00:00,117.00361,116.63696520325087
2026-02-22 22:00:00,116.50361,116.56433813518143
2026-02-22 23:00:00,116.50361,116.03068277133751
2026-02-23 00:00:00,106.00391,113.52746966555108
2026-02-23 01:00:00,111.64991,105.99125873480786
2026-02-23 02:00:00,106.00391,106.11126748842774
2026-02-23 03:00:00,106.00391,105.81947354915715
2026-02-23 04:00:00,111.50691,106.24523479431974
2026-02-23 05:00:00,111.64991,107.70195909831831
2026-02-23 06:00:00,111.64991,106.06390864911965
2026-02-23 07:00:00,111.64991,105.67832122839768
2026-02-23 08:00:00,111.64991,107.97028917919458
2026-02-23 09:00:00,112.40991,108.35100425594956
2026-02-23 10:00:00,112.40991,107.59722554615722
2026-02-23 11:00:00,112.40991,110.37487061465038
2026-02-23 12:00:00,112.40991,112.43196973180973
2026-02-23 13:00:00,112.41091,114.34007429000681
2026-02-23 14:00:00,112.64991,117.83548382756295
2026-02-23 15:00:00,112.64991,119.35368759699354
2026-02-23 16:00:00,112.64991,121.12445795728128
2026-02-23 17:00:00,112.64991,123.09087288729708
2026-02-23 18:00:00,114.64991,127.99857845368675
2026-02-23 19:00:00,115.62991,132.24807335220504
2026-02-23 20:00:00,114.64991,130.47343638471753
2026-02-23 21:00:00,112.64991,126.91262801034517
2026-02-23 22:00:00,112.64991,121.68888186173076
2026-02-23 23:00:00,112.40991,115.67999367384641
2026-02-24 00:00:00,120.44202,111.88330483340921
2026-02-24 01:00:00,120.44202,120.03299592633653
2026-02-24 02:00:00,120.44202,119.2141087446902
2026-02-24 03:00:00,120.44202,119.03054081534161
2026-02-24 04:00:00,120.44202,119.61396507023754
2026-02-24 05:00:00,120.44202,119.54152548085372
2026-02-24 06:00:00,120.44202,121.03939135366517
2026-02-24 07:00:00,120.44202,121.11493699868949
2026-02-24 08:00:00,120.44202,121.36436643906544
2026-02-24 09:00:00,120.44202,123.01797265135203
2026-02-24 10:00:00,120.44202,121.59364832574674
2026-02-24 11:00:00,120.44202,124.12407418342649
2026-02-24 12:00:00,120.44202,119.27755001162788
2026-02-24 13:00:00,120.44202,119.47097472961275
2026-02-24 14:00:00,120.44202,119.70757639400247
2026-02-24 15:00:00,120.44202,119.3824229543269
2026-02-24 16:00:00,125.94502,119.7184157058048
2026-02-24 17:00:00,125.94602,119.95513556474216
2026-02-24 18:00:00,127.78802,125.13941080127529
2026-02-24 19:00:00,129.08802,126.0106438409778
2026-02-24 20:00:00,126.84902,123.86093744518276
2026-02-24 21:00:00,126.84802,121.07929765434218
2026-02-24 22:00:00,125.94502,119.8811231544314
2026-02-24 23:00:00,125.44202,119.37006464707758
2026-02-25 00:00:00,120.8945,120.16426950278779
2026-02-25 01:00:00,120.8945,121.29040944978149
2026-02-25 02:00:00,120.8945,121.03042286223187
2026-02-25 03:00:00,120.8945,120.65482778836669
2026-02-25 04:00:00,120.8945,120.91421518302842
2026-02-25 05:00:00,120.8945,120.89155834787996
2026-02-25 06:00:00,120.8945,119.787222215289
2026-02-25 07:00:00,120.8945,119.99914700960397
2026-02-25 08:00:00,120.8945,119.87114333480768
2026-02-25 09:00:00,120.8945,120.5272226530185
2026-02-25 10:00:00,120.8945,121.61091224790712
2026-02-25 11:00:00,120.8945,121.84030913994545
2026-02-25 12:00:00,120.8945,122.68904911178598
2026-02-25 13:00:00,120.8945,123.63187980923185
2026-02-25 14:00:00,120.8945,123.46634967052873
2026-02-25 15:00:00,126.3975,124.03615956099888
2026-02-25 16:00:00,129.5405,126.41729898614749
2026-02-25 17:00:00,129.5405,127.22209624505442
2026-02-25 18:00:00,129.5405,130.3342248725255
2026-02-25 19:00:00,130.2605,132.0477104985438
2026-02-25 20:00:00,129.5405,128.01997647719472
2026-02-25 21:00:00,129.5405,125.79036181963075
2026-02-25 22:00:00,128.0305,123.93195805351485
2026-02-25 23:00:00,126.3975,123.76327714808797
2026-02-26 00:00:00,120.62002,120.26325018445968
2026-02-26 01:00:00,120.62002,120.93825960000511
2026-02-26 02:00:00,120.62002,120.79489590248882
2026-02-26 03:00:00,120.62002,120.37410416086198
2026-02-26 04:00:00,120.62002,120.43795683310617
2026-02-26 05:00:00,120.62002,120.8069814949651
2026-02-26 06:00:00,120.62002,120.04998471110622
2026-02-26 07:00:00,120.62002,120.08552562836417
2026-02-26 08:00:00,120.62002,119.7821523148158
2026-02-26 09:00:00,120.62002,119.90076870280457
2026-02-26 10:00:00,120.62002,120.33833266565601
2026-02-26 11:00:00,120.62002,120.04193199835255
2026-02-26 12:00:00,120.62002,120.27223358798774
2026-02-26 13:00:00,120.62002,120.60212795875364
2026-02-26 14:00:00,120.62002,121.28162287072183
2026-02-26 15:00:00,120.62102,123.46575600484204
2026-02-26 16:00:00,129.26602,124.58674414551714
2026-02-26 17:00:00,129.26602,124.66128804762863
2026-02-26 18:00:00,129.26602,126.38984657986083
2026-02-26 19:00:00,129.98602,127.75011527690842
2026-02-26 20:00:00,129.98602,125.29087272184393
2026-02-26 21:00:00,129.26602,123.72119322174309
2026-02-26 22:00:00,129.26602,122.37107619566167
2026-02-26 23:00:00,126.12302,121.57019787681926
2026-02-27 00:00:00,112.71828,119.61833057218871
2026-02-27 01:00:00,112.71828,113.01295456155052
2026-02-27 02:00:00,112.71828,113.0873581770988
2026-02-27 03:00:00,112.71828,113.29695160689589
2026-02-27 04:00:00,112.71828,113.55572655977089
2026-02-27 05:00:00,118.22128,114.6412773738372
2026-02-27 06:00:00,118.22128,113.44272325702607
2026-02-27 07:00:00,112.71928,112.83606635655558
2026-02-27 08:00:00,112.71828,112.99755499087344
2026-02-27 09:00:00,112.71828,112.34014397479282
2026-02-27 10:00:00,112.71828,112.2727884319071
2026-02-27 11:00:00,112.71828,111.20755080081004
2026-02-27 12:00:00,112.71828,114.04207037869526
2026-02-27 13:00:00,112.71828,114.37179722450178
2026-02-27 14:00:00,112.71928,114.87295123508554
2026-02-27 15:00:00,118.22128,114.97855385209962
2026-02-27 16:00:00,121.36428,117.56912869427487
2026-02-27 17:00:00,121.36428,118.00781687132655
2026-02-27 18:00:00,121.36428,119.11707336598519
2026-02-27 19:00:00,122.08428,121.33033887909073
2026-02-27 20:00:00,121.36428,119.12485658468054
2026-02-27 21:00:00,121.36428,117.82319291010141
2026-02-27 22:00:00,121.36428,117.60424581030232
2026-02-27 23:00:00,119.12528,117.13473402285044
2026-02-28 00:00:00,122.28435,114.38689398774503
2026-02-28 01:00:00,116.78235,122.35507080944134
2026-02-28 02:00:00,116.78235,122.32332188483625
2026-02-28 03:00:00,116.78235,121.8331468665841
2026-02-28 04:00:00,122.18935,121.4725005975073
2026-02-28 05:00:00,122.18935,121.21410335249313
2026-02-28 06:00:00,122.28435,122.0595381122637
2026-02-28 07:00:00,116.78235,122.31290264267548
2026-02-28 08:00:00,116.78235,122.1041930515403
2026-02-28 09:00:00,116.78235,121.22970819050404
2026-02-28 10:00:00,116.78235,122.39908362684602
2026-02-28 11:00:00,116.78235,121.48992832136632
2026-02-28 12:00:00,116.78235,117.63363253333013
2026-02-28 13:00:00,116.78235,116.87150097595175
2026-02-28 14:00:00,116.78235,116.78482693963353
2026-02-28 15:00:00,116.78235,119.65885254952289
2026-02-28 16:00:00,122.28435,120.98363923304555
2026-02-28 17:00:00,122.28535,121.25234983491339
2026-02-28 18:00:00,122.28635,121.80823443213546
2026-02-28 19:00:00,124.78235,124.71551559194961
2026-02-28 20:00:00,122.28635,122.3893162015857
2026-02-28 21:00:00,122.28635,122.2757548318713
2026-02-28 22:00:00,122.28535,122.82317725900796
2026-02-28 23:00:00,122.28435,123.08339200604155
2026-03-01 00:00:00,103.13361,121.46263879773588
2026-03-01 01:00:00,103.13361,103.07331676044929
2026-03-01 02:00:00,103.13361,103.5716973586999
2026-03-01 03:00:00,103.13361,103.27764473331213
2026-03-01 04:00:00,103.13361,103.97759285290206
2026-03-01 05:00:00,103.13361,104.7911327889659
2026-03-01 06:00:00,103.13361,102.8928199614766
2026-03-01 07:00:00,103.13361,103.53455575657273
2026-03-01 08:00:00,103.13361,103.56018202633055
2026-03-01 09:00:00,103.13361,103.83148698463707
2026-03-01 10:00:00,103.13361,104.73428039753719
2026-03-01 11:00:00,103.13361,105.70725967592352
2026-03-01 12:00:00,103.13361,113.25541242379161
2026-03-01 13:00:00,103.13361,111.99220710526576
2026-03-01 14:00:00,103.13361,112.05868217319815
2026-03-01 15:00:00,103.13361,112.15121801152682
2026-03-01 16:00:00,103.13361,114.50251916468531
2026-03-01 17:00:00,107.63261,115.21907138573144
2026-03-01 18:00:00,108.35261,113.6949659133023
2026-03-01 19:00:00,108.35261,116.6927705583011
2026-03-01 20:00:00,108.35261,114.44427887490862
2026-03-01 21:00:00,108.35261,113.56344700803541
2026-03-01 22:00:00,107.63261,114.25845991503667
2026-03-01 23:00:00,107.63261,114.91538457873028
2026-03-02 00:00:00,101.84342,106.35727395851998
2026-03-02 01:00:00,101.84342,101.77611332719238
2026-03-02 02:00:00,101.84342,102.02271427424112
2026-03-02 03:00:00,101.84342,101.72680673545133
2026-03-02 04:00:00,104.47142,102.30011594313444
2026-03-02 05:00:00,105.49242,104.2862852606845
2026-03-02 06:00:00,105.49242,101.98772988022674
2026-03-02 07:00:00,105.43642,102.09025264587017
2026-03-02 08:00:00,104.47142,104.63250516894713
2026-03-02 09:00:00,101.84342,104.0235472662278
2026-03-02 10:00:00,101.84342,103.6248669092295
2026-03-02 11:00:00,104.47142,104.77737707873068
2026-03-02 12:00:00,104.47142,106.49290818470675
2026-03-02 13:00:00,104.47142,107.08708470249289
2026-03-02 14:00:00,105.49242,107.87111646272149
2026-03-02 15:00:00,105.49242,108.55010279427452
2026-03-02 16:00:00,106.34242,109.0156671998966
2026-03-02 17:00:00,107.06242,112.8078333420432
2026-03-02 18:00:00,108.40842,116.21818923105856
2026-03-02 19:00:00,108.40842,118.48928251705118
2026-03-02 20:00:00,108.40742,114.69864369976519
2026-03-02 21:00:00,108.40742,111.21045391106045
2026-03-02 22:00:00,107.06242,109.49174656097512
2026-03-02 23:00:00,105.49242,108.88443841825816
2026-03-03 00:00:00,111.27833,110.74414851468777
2026-03-03 01:00:00,111.27833,111.5064710281693
2026-03-03 02:00:00,111.27833,111.5083530319999
2026-03-03 03:00:00,111.27833,110.96819719894106
2026-03-03 04:00:00,113.90633,111.40918417442954
2026-03-03 05:00:00,114.77733,111.35150378570522
2026-03-03 06:00:00,114.77733,115.06780978226146
2026-03-03 07:00:00,114.77733,116.16020010712583
2026-03-03 08:00:00,113.90633,117.90161900040864
2026-03-03 09:00:00,111.27833,121.50956058576688
2026-03-03 10:00:00,111.27833,120.69549819937495
2026-03-03 11:00:00,111.27833,123.13593089136914
2026-03-03 12:00:00,111.27833,114.68720122992868
2026-03-03 13:00:00,113.90633,114.9384338080971
2026-03-03 14:00:00,114.77733,116.92364928786401
2026-03-03 15:00:00,116.49733,115.15102092187607
2026-03-03 16:00:00,116.49733,115.22543724527023
2026-03-03 17:00:00,117.84233,116.62836166704699
2026-03-03 18:00:00,125.77733,123.30017690352528
2026-03-03 19:00:00,195.77733,125.22790386462492
2026-03-03 20:00:00,117.84333,122.91597778638835
2026-03-03 21:00:00,117.84333,119.32136137596044
2026-03-03 22:00:00,117.84333,118.1345245119175
2026-03-03 23:00:00,116.49733,115.06074609004287
2026-03-04 00:00:00,113.48755,112.34780088446777
2026-03-04 01:00:00,113.48755,114.16796155281678
2026-03-04 02:00:00,113.48755,114.18095880909785
2026-03-04 03:00:00,113.48755,114.07159711261667
2026-03-04 04:00:00,113.48755,114.40203559150616
2026-03-04 05:00:00,116.11555,115.02381241808872
2026-03-04 06:00:00,116.11555,115.27981508868115
2026-03-04 07:00:00,113.48755,116.64690708577311
2026-03-04 08:00:00,113.48755,116.27095502210031
2026-03-04 09:00:00,113.48755,119.32353739354313
2026-03-04 10:00:00,113.48755,121.77878512165225
2026-03-04 11:00:00,113.48755,120.96101568213082
2026-03-04 12:00:00,113.48755,117.90415696603547
2026-03-04 13:00:00,113.48755,120.35568703309076
2026-03-04 14:00:00,116.11555,122.54493705689046
2026-03-04 15:00:00,116.11555,122.4674712991152
2026-03-04 16:00:00,116.48655,122.93342252738177
2026-03-04 17:00:00,120.68655,125.00998364710466
2026-03-04 18:00:00,120.68655,134.76063386761038
2026-03-04 19:00:00,127.98655,164.00145925502162
2026-03-04 20:00:00,120.68655,131.92138156186604
2026-03-04 21:00:00,120.68655,128.263968011983
2026-03-04 22:00:00,120.05155,126.30056165722584
2026-03-04 23:00:00,116.48655,121.10008530418375
2026-03-05 00:00:00,115.21316,115.00335461256864
2026-03-05 01:00:00,115.21316,116.45055279942959
2026-03-05 02:00:00,115.21316,117.48365901524681
2026-03-05 03:00:00,115.21316,117.65759238846034
2026-03-05 04:00:00,115.21316,117.66407091642407
2026-03-05 05:00:00,115.21316,118.5440781990577
2026-03-05 06:00:00,115.21316,116.37262008280872
2026-03-05 07:00:00,115.21316,116.07936850888512
2026-03-05 08:00:00,115.21316,117.09921930755544
2026-03-05 09:00:00,115.21316,119.46186998657696
2026-03-05 10:00:00,115.21316,120.7742018247989
2026-03-05 11:00:00,115.21316,121.26929887814241
2026-03-05 12:00:00,115.21316,117.3951063868195
2026-03-05 13:00:00,115.21316,118.21719245329263
2026-03-05 14:00:00,115.21316,120.40736073970878
2026-03-05 15:00:00,115.21316,120.40221646339855
2026-03-05 16:00:00,115.21316,121.40072566306883
2026-03-05 17:00:00,119.71216,124.69512806259999
2026-03-05 18:00:00,121.77716,126.93002298601797
2026-03-05 19:00:00,121.77716,131.6675843303529
2026-03-05 20:00:00,121.77716,126.53729489967222
2026-03-05 21:00:00,120.21216,126.2357589387795
2026-03-05 22:00:00,119.71216,124.24902253461178
2026-03-05 23:00:00,115.21316,121.08131613863755
2026-03-06 00:00:00,110.28468,119.73571519894469
2026-03-06 01:00:00,110.28468,110.31050176510206
2026-03-06 02:00:00,110.28468,110.28401335718434
2026-03-06 03:00:00,110.28468,110.89326308545577
2026-03-06 04:00:00,110.28468,111.8279971815735
2026-03-06 05:00:00,110.28468,113.22193358293828
2026-03-06 06:00:00,110.28468,113.78125508471283
2026-03-06 07:00:00,110.28468,115.5294413925454
2026-03-06 08:00:00,110.28468,115.31171908518911
2026-03-06 09:00:00,110.28468,116.1019414168564
2026-03-06 10:00:00,110.28468,116.71772698537717
2026-03-06 11:00:00,110.28468,115.9969063925221
2026-03-06 12:00:00,110.28468,116.63758638154127
2026-03-06 13:00:00,110.28468,117.5412235817387
2026-03-06 14:00:00,110.28468,118.15932854299436
2026-03-06 15:00:00,110.28468,118.58861500960927
2026-03-06 16:00:00,114.78368,119.67488727030931
2026-03-06 17:00:00,114.78368,122.79288788324453
2026-03-06 18:00:00,116.78368,124.87982489205712
2026-03-06 19:00:00,116.84868,125.56071630016108
2026-03-06 20:00:00,116.78368,123.69064616095542
2026-03-06 21:00:00,116.78368,121.77466697442249
2026-03-06 22:00:00,114.78368,120.26826897069401
2026-03-06 23:00:00,110.28468,118.61156225717465
2026-03-07 00:00:00,114.4743,115.64057476040686
2026-03-07 01:00:00,114.4743,114.31489050374053
2026-03-07 02:00:00,114.4743,114.5571376706452
2026-03-07 03:00:00,114.4743,114.47950878761583
2026-03-07 04:00:00,114.4743,114.04657695688988
2026-03-07 05:00:00,114.4743,113.23265791645495
2026-03-07 06:00:00,114.4743,113.75446416780414
2026-03-07 07:00:00,114.4733,114.50642651617082
2026-03-07 08:00:00,114.4733,114.77578118642992
2026-03-07 09:00:00,114.3813,114.42285221024433
2026-03-07 10:00:00,114.3813,115.87841697362546
2026-03-07 11:00:00,114.4733,115.3983664623242
2026-03-07 12:00:00,114.3813,112.40532720197868
2026-03-07 13:00:00,114.4743,112.6085852044766
2026-03-07 14:00:00,114.4733,112.82535391480137
2026-03-07 15:00:00,114.4743,112.89492714423983
2026-03-07 16:00:00,114.4753,115.6557701494622
2026-03-07 17:00:00,115.7523,115.98710659882289
2026-03-07 18:00:00,116.2523,117.57700241252587
2026-03-07 19:00:00,116.2523,118.17390731097443
2026-03-07 20:00:00,116.2523,117.28082587102705
2026-03-07 21:00:00,116.2523,117.00019962097862
2026-03-07 22:00:00,115.9083,115.78264553847518
2026-03-07 23:00:00,115.7523,113.60699479398801
2026-03-08 00:00:00,108.18068,115.11833846725663
2026-03-08 01:00:00,108.18068,107.61813080684507
2026-03-08 02:00:00,108.18068,108.1489734426368
2026-03-08 03:00:00,108.18068,107.34479998346663
2026-03-08 04:00:00,108.18068,107.50872726545569
2026-03-08 05:00:00,108.18068,106.8989318076333
2026-03-08 06:00:00,108.18068,106.94736600358605
2026-03-08 07:00:00,108.17768,107.02722115753372
2026-03-08 08:00:00,101.70468,108.72483125067498
2026-03-08 09:00:00,101.70468,109.97579258889486
2026-03-08 10:00:00,101.70468,110.94635765258292
2026-03-08 11:00:00,101.70468,112.62746297355538
2026-03-08 12:00:00,101.70468,114.10806654064496
2026-03-08 13:00:00,101.70468,113.59952588615147
2026-03-08 14:00:00,108.17768,114.11300217331541
2026-03-08 15:00:00,108.18068,113.74657969192494
2026-03-08 16:00:00,108.18068,113.25219996273785
2026-03-08 17:00:00,109.94868,115.37041291112229
2026-03-08 18:00:00,110.04868,116.75229949443849
2026-03-08 19:00:00,110.04868,118.05315299699271
2026-03-08 20:00:00,110.04868,116.90137792351356
2026-03-08 21:00:00,110.04868,115.24726591463167
2026-03-08 22:00:00,110.04868,114.35526980063995
2026-03-08 23:00:00,109.94868,113.74162048322216
2026-03-09 00:00:00,102.03342,109.23487631153921
2026-03-09 01:00:00,102.03342,101.85286709296501
2026-03-09 02:00:00,102.03342,101.2123152045335
2026-03-09 03:00:00,102.03342,101.12386642406223
2026-03-09 04:00:00,102.03342,101.98406323129174
2026-03-09 05:00:00,102.03342,104.3965276416579
2026-03-09 06:00:00,102.03342,104.86383462683463
2026-03-09 07:00:00,102.03342,106.06198157769067
2026-03-09 08:00:00,102.03342,106.68906752628726
2026-03-09 09:00:00,102.03342,107.77320918155695
2026-03-09 10:00:00,102.03342,107.48174258493464
2026-03-09 11:00:00,102.03342,109.88192258637503
2026-03-09 12:00:00,102.03342,106.45202179907703
2026-03-09 13:00:00,102.03342,107.78414164918343
2026-03-09 14:00:00,111.37742,112.89518515253852
2026-03-09 15:00:00,111.37742,113.79453108273135
2026-03-09 16:00:00,113.37742,114.8678922690352
2026-03-09 17:00:00,114.37742,117.55799011081469
2026-03-09 18:00:00,116.37742,121.68244740792818
2026-03-09 19:00:00,140.37742,121.52461734687617
2026-03-09 20:00:00,116.37742,119.52067752182498
2026-03-09 21:00:00,116.37742,115.77693306197074
2026-03-09 22:00:00,113.37742,112.02977529902988
2026-03-09 23:00:00,111.37742,110.9099548084
2026-03-10 00:00:00,107.66054,112.43319879989453
2026-03-10 01:00:00,107.66054,107.70925905323341
2026-03-10 02:00:00,107.66054,107.98375820063305
2026-03-10 03:00:00,107.66054,107.11363100786522
2026-03-10 04:00:00,107.66054,108.14636950600475
2026-03-10 05:00:00,107.66054,109.7059717555525
2026-03-10 06:00:00,107.66054,110.6387470234412
2026-03-10 07:00:00,114.29354,113.2780885581712
2026-03-10 08:00:00,107.66054,116.22186470078677
2026-03-10 09:00:00,107.66054,120.52179744709721
2026-03-10 10:00:00,107.66054,120.83599695750135
2026-03-10 11:00:00,107.66054,122.13321520028461
2026-03-10 12:00:00,107.66054,114.27574288709957
2026-03-10 13:00:00,107.66054,115.45511346118249
2026-03-10 14:00:00,121.00454,121.93469873728665
2026-03-10 15:00:00,121.00454,120.26425794058238
2026-03-10 16:00:00,166.00454,121.68185578120247
2026-03-10 17:00:00,166.00454,124.8336582604381
2026-03-10 18:00:00,758.85354,130.86201530067385
2026-03-10 19:00:00,805.09154,141.1960786871541
2026-03-10 20:00:00,166.00454,126.34839439181889
2026-03-10 21:00:00,166.00454,121.1175329161583
2026-03-10 22:00:00,166.00454,117.24200645104918
2026-03-10 23:00:00,166.00454,114.33887586044517
2026-03-11 00:00:00,118.17152,110.3297944231481
2026-03-11 01:00:00,118.08252,119.2918685458455
2026-03-11 02:00:00,118.08252,120.0559490066984
2026-03-11 03:00:00,118.08252,117.78970169401691
2026-03-11 04:00:00,118.17152,120.55972289709071
2026-03-11 05:00:00,126.95052,119.73763438011244
2026-03-11 06:00:00,126.95052,118.05233828933584
2026-03-11 07:00:00,118.17152,115.63832350805504
2026-03-11 08:00:00,118.17152,115.02938871131879
2026-03-11 09:00:00,118.08252,120.50523523691554
2026-03-11 10:00:00,118.08252,129.4818381704932
2026-03-11 11:00:00,118.17152,130.38635197005365
2026-03-11 12:00:00,118.08252,121.58337546502139
2026-03-11 13:00:00,118.17152,122.57495470536934
2026-03-11 14:00:00,126.95052,134.74659434271058
2026-03-11 15:00:00,126.95052,138.68882306182735
2026-03-11 16:00:00,139.95052,160.62919533558477
2026-03-11 17:00:00,149.95052,192.47037091581373
2026-03-11 18:00:00,1135.36452,488.10713291980437
2026-03-11 19:00:00,761.95052,507.8741847121509
2026-03-11 20:00:00,761.95052,196.33695221452177
2026-03-11 21:00:00,189.95052,153.3578265459077
2026-03-11 22:00:00,139.95052,147.137935816233
2026-03-11 23:00:00,126.95052,139.99253150441308
2026-03-12 00:00:00,138.33999,112.59921139013845
2026-03-12 01:00:00,138.33999,140.0453854241465
2026-03-12 02:00:00,138.33999,139.36200332990734
2026-03-12 03:00:00,138.33999,138.72923467736618
2026-03-12 04:00:00,138.33999,141.55754518981104
2026-03-12 05:00:00,138.46299,139.32715022190018
2026-03-12 06:00:00,138.46299,138.9892510639144
2026-03-12 07:00:00,138.46299,132.4466166856066
2026-03-12 08:00:00,138.46299,131.0679185715571
2026-03-12 09:00:00,138.33999,138.35454732289892
2026-03-12 10:00:00,138.33999,145.76883056663664
2026-03-12 11:00:00,138.46299,146.15334384335
2026-03-12 12:00:00,138.46299,134.11903151112685
2026-03-12 13:00:00,143.33999,133.18164384796594
2026-03-12 14:00:00,158.33999,140.89721116549305
2026-03-12 15:00:00,158.33999,148.7780704838725
2026-03-12 16:00:00,158.33999,158.12740490289437
2026-03-12 17:00:00,198.33999,187.36431508975102
2026-03-12 18:00:00,291.23999,1065.79799759946
2026-03-12 19:00:00,807.42699,737.0542349941065
2026-03-12 20:00:00,807.42699,717.2226925433057
2026-03-12 21:00:00,188.33999,191.01264091868993
2026-03-12 22:00:00,158.33999,142.58549521396662
2026-03-12 23:00:00,143.33999,129.2616853552219
2026-03-13 00:00:00,142.33338,144.22778547172527
2026-03-13 01:00:00,142.33338,143.38938610149972
2026-03-13 02:00:00,142.33338,141.86275440397097
2026-03-13 03:00:00,142.33338,139.28699252197745
2026-03-13 04:00:00,152.33338,143.27383874293048
2026-03-13 05:00:00,156.33338,142.43530416831254
2026-03-13 06:00:00,156.33338,144.3965182110148
2026-03-13 07:00:00,156.33338,141.98092609313355
2026-03-13 08:00:00,152.33338,140.59419763488563
2026-03-13 09:00:00,142.33338,141.55014206332604
2026-03-13 10:00:00,142.33338,147.31559126221376
2026-03-13 11:00:00,142.33338,150.73668509852524
2026-03-13 12:00:00,109.61438,149.19290747263182
2026-03-13 13:00:00,142.33338,151.9666629465844
2026-03-13 14:00:00,152.33338,165.44267741890104
2026-03-13 15:00:00,156.33338,178.52248242200005
2026-03-13 16:00:00,161.45638,181.2452040316524
2026-03-13 17:00:00,180.33338,208.9613307086334
2026-03-13 18:00:00,284.23338,299.976345277677
2026-03-13 19:00:00,800.42038,768.2094654668028
2026-03-13 20:00:00,284.23338,755.4510672202487
2026-03-13 21:00:00,180.33338,189.83720371337728
2026-03-13 22:00:00,181.33338,158.7575348943628
2026-03-13 23:00:00,161.45638,143.5134377360464
2026-03-14 00:00:00,185.07122,144.7855166590071
2026-03-14 01:00:00,185.07122,183.54688340542867
2026-03-14 02:00:00,185.07122,183.23708716303884
2026-03-14 03:00:00,185.07122,182.7094487253338
2026-03-14 04:00:00,185.07122,185.20138281278736
2026-03-14 05:00:00,185.07122,184.85799430530773
2026-03-14 06:00:00,165.97122,168.4390645292762
2026-03-14 07:00:00,165.97122,163.31589802998465
2026-03-14 08:00:00,157.07122,162.1769913746472
2026-03-14 09:00:00,157.07122,159.15881691955593
2026-03-14 10:00:00,157.07122,163.2429870666688
2026-03-14 11:00:00,165.97122,167.9543166933158
2026-03-14 12:00:00,165.97122,134.26694084946297
2026-03-14 13:00:00,165.97122,153.77816864323117
2026-03-14 14:00:00,165.97122,160.807321702007
2026-03-14 15:00:00,165.97122,166.64655957023407
2026-03-14 16:00:00,186.07122,170.18954027349594
2026-03-14 17:00:00,266.07122,186.46853576000197
2026-03-14 18:00:00,332.19422,277.48510128184125
2026-03-14 19:00:00,332.19422,741.5301255438724
2026-03-14 20:00:00,332.19422,276.3360935192807
2026-03-14 21:00:00,266.07122,182.3483187636022
2026-03-14 22:00:00,266.07122,182.3993585971318
2026-03-14 23:00:00,201.07122,163.41196555421436
2026-03-15 00:00:00,229.49337,184.84207251060243
2026-03-15 01:00:00,229.49337,224.428441953078
2026-03-15 02:00:00,229.49337,222.99336353083794
2026-03-15 03:00:00,229.49337,222.7199024940926
2026-03-15 04:00:00,229.49337,224.83971356861613
2026-03-15 05:00:00,229.49337,221.91101742842926
2026-03-15 06:00:00,194.49337,196.1594755468945
2026-03-15 07:00:00,170.49337,193.90753879852315
2026-03-15 08:00:00,117.71437,189.15020120258714
2026-03-15 09:00:00,117.62437,187.52651403891375
2026-03-15 10:00:00,117.62437,190.2741910497303
2026-03-15 11:00:00,170.49337,194.7943664589422
2026-03-15 12:00:00,170.49337,190.8496315564017
2026-03-15 13:00:00,170.49337,189.08212858634772
2026-03-15 14:00:00,171.49337,190.17726262435534
2026-03-15 15:00:00,171.49337,195.54661320857377
2026-03-15 16:00:00,229.49337,209.24309789449208
2026-03-15 17:00:00,272.41637,257.7490264714198
2026-03-15 18:00:00,299.49337,293.6754101675466
2026-03-15 19:00:00,344.49337,301.89844506303416
2026-03-15 20:00:00,339.49337,294.5100649095713
2026-03-15 21:00:00,279.49337,258.90513151418173
2026-03-15 22:00:00,272.41637,254.82574485313205
2026-03-15 23:00:00,272.41637,218.67920448817523
2026-03-16 00:00:00,279.95154,226.51105098005533
2026-03-16 01:00:00,269.95154,268.55522499646327
2026-03-16 02:00:00,219.95154,266.1138215331304
2026-03-16 03:00:00,219.95154,265.5999607153302
2026-03-16 04:00:00,269.95154,266.5050726857863
2026-03-16 05:00:00,279.95154,271.76043041572
2026-03-16 06:00:00,299.07454,229.5333740581483
2026-03-16 07:00:00,279.95154,216.11514511013488
2026-03-16 08:00:00,231.91454,188.56305363060537
2026-03-16 09:00:00,219.95154,188.514747298366
2026-03-16 10:00:00,269.95154,192.1798084242307
2026-03-16 11:00:00,279.95154,220.31204118049618
2026-03-16 12:00:00,279.95154,209.82887372747138
2026-03-16 13:00:00,279.95154,210.60485736339461
2026-03-16 14:00:00,299.07454,213.21469860033244
2026-03-16 15:00:00,299.07454,215.36369078478197
2026-03-16 16:00:00,319.95154,256.1675558186704
2026-03-16 17:00:00,336.95154,292.36127477140934
2026-03-16 18:00:00,336.95154,336.7170694126534
2026-03-16 19:00:00,799.03854,384.8863473170994
2026-03-16 20:00:00,339.95154,355.0180731917701
2026-03-16 21:00:00,339.95154,294.4661651464686
2026-03-16 22:00:00,336.95154,281.01133014759336
2026-03-16 23:00:00,319.95154,277.80985888727025
2026-03-17 00:00:00,306.49125,289.3844993388594
2026-03-17 01:00:00,306.49125,306.4071337290733
2026-03-17 02:00:00,280.36825,305.2091137923248
2026-03-17 03:00:00,280.36825,303.39056219187376
2026-03-17 04:00:00,306.49125,308.070843103324
2026-03-17 05:00:00,306.49125,316.7595114964138
2026-03-17 06:00:00,306.49125,306.54001181659373
2026-03-17 07:00:00,306.49125,302.9259280437873
2026-03-17 08:00:00,306.49125,290.0493650409884
2026-03-17 09:00:00,280.36825,285.4795740710374
2026-03-17 10:00:00,280.36825,307.56355710405677
2026-03-17 11:00:00,306.49125,307.59997193943616
2026-03-17 12:00:00,280.36825,301.757954832263
2026-03-17 13:00:00,306.49125,306.7922700523952
2026-03-17 14:00:00,330.36825,319.09587185527846
2026-03-17 15:00:00,332.36825,323.6419768624894
2026-03-17 16:00:00,332.36825,338.45195803170475
2026-03-17 17:00:00,335.36825,369.8887731428044
2026-03-17 18:00:00,335.36825,448.13856588189486
2026-03-17 19:00:00,794.45525,742.7338371488249
2026-03-17 20:00:00,335.36825,407.6151670739249
2026-03-17 21:00:00,332.36825,349.70813325342635
2026-03-17 22:00:00,332.36825,332.1801755721332
2026-03-17 23:00:00,306.49125,321.1572814410579
2026-03-18 00:00:00,311.84308,321.02183850813407
2026-03-18 01:00:00,311.84308,313.64892045643705
2026-03-18 02:00:00,311.84308,310.7009365751389
2026-03-18 03:00:00,311.84308,310.2176909967442
2026-03-18 04:00:00,311.84308,314.8540780953591
2026-03-18 05:00:00,334.84308,323.8593890014765
2026-03-18 06:00:00,334.84308,311.34622985715794
2026-03-18 07:00:00,334.84308,313.21911115766164
2026-03-18 08:00:00,334.84308,313.8378235450882
2026-03-18 09:00:00,311.84308,304.29052919544927
2026-03-18 10:00:00,311.84308,310.32762289206386
2026-03-18 11:00:00,334.84308,316.041244479782
2026-03-18 12:00:00,311.84308,299.60860335577524
2026-03-18 13:00:00,334.84308,317.8289139790666
2026-03-18 14:00:00,338.84308,334.47162063554686
2026-03-18 15:00:00,339.96608,345.60060823352075
2026-03-18 16:00:00,339.96608,350.334445881174
2026-03-18 17:00:00,339.96608,366.47330631207524
2026-03-18 18:00:00,341.84308,356.7175032454034
2026-03-18 19:00:00,389.84308,780.0064454842998
2026-03-18 20:00:00,353.84308,350.6627934695219
2026-03-18 21:00:00,339.96608,337.06438891955446
2026-03-18 22:00:00,339.96608,333.54335115841394
2026-03-18 23:00:00,334.84308,309.1699269460472
2026-03-19 00:00:00,347.22084,322.77383039439275
2026-03-19 01:00:00,347.22084,330.57156539511936
2026-03-19 02:00:00,347.22084,324.1459774937703
2026-03-19 03:00:00,347.22084,323.68891520015745
2026-03-19 04:00:00,347.22084,325.2612176883473
2026-03-19 05:00:00,354.19084,336.4777458447996
2026-03-19 06:00:00,354.19084,338.24509295522256
2026-03-19 07:00:00,347.22084,341.15568631234646
2026-03-19 08:00:00,347.22084,341.6332190248476
2026-03-19 09:00:00,308.99084,335.4716565511005
2026-03-19 10:00:00,347.22084,336.294611509607
2026-03-19 11:00:00,347.22084,340.70511872768947
2026-03-19 12:00:00,347.22084,329.84038503825604
2026-03-19 13:00:00,347.22084,345.9105802998874
2026-03-19 14:00:00,354.19084,350.4564187971408
2026-03-19 15:00:00,354.19084,355.06191014653155
2026-03-19 16:00:00,360.09084,358.6661974604299
2026-03-19 17:00:00,360.09084,368.32249417985906
2026-03-19 18:00:00,415.09084,351.09385525412716
2026-03-19 19:00:00,415.09084,396.73366511663687
2026-03-19 20:00:00,390.09084,359.0641893282619
2026-03-19 21:00:00,375.09084,343.23595114661407
2026-03-19 22:00:00,360.09084,341.4865794863825
2026-03-19 23:00:00,354.19084,336.0756386168919
2026-03-20 00:00:00,347.8728,352.7859333267826
2026-03-20 01:00:00,347.8728,343.95128573545196
2026-03-20 02:00:00,347.8728,344.28579275016097
2026-03-20 03:00:00,330.1428,345.4052887781466
2026-03-20 04:00:00,330.1428,345.9084684229053
2026-03-20 05:00:00,347.8728,349.3833864666741
2026-03-20 06:00:00,347.8728,354.60104569710234
2026-03-20 07:00:00,339.1428,352.94276350323776
2026-03-20 08:00:00,330.1428,350.454102711622
2026-03-20 09:00:00,330.1428,340.4938901845467
2026-03-20 10:00:00,330.1428,354.484048141971
2026-03-20 11:00:00,330.1428,358.21070724977017
2026-03-20 12:00:00,330.1428,354.20610164710115
2026-03-20 13:00:00,330.1428,357.93100789351627
2026-03-20 14:00:00,347.8728,363.77795803942314
2026-03-20 15:00:00,347.8728,364.5979382909053
2026-03-20 16:00:00,354.1428,370.24807692792206
2026-03-20 17:00:00,379.1428,376.052039697877
2026-03-20 18:00:00,384.1428,411.67220822699926
2026-03-20 19:00:00,384.1428,412.1272782688288
2026-03-20 20:00:00,384.1428,390.15415963839666
2026-03-20 21:00:00,379.1428,376.2995601450124
2026-03-20 22:00:00,379.1428,361.45977629932435
2026-03-20 23:00:00,354.1428,355.41754636724045
2026-03-21 00:00:00,346.45843,362.2882677550781
2026-03-21 01:00:00,346.45843,345.8653260176402
2026-03-21 02:00:00,325.45843,345.64514531035724
2026-03-21 03:00:00,325.45843,345.34197688806796
2026-03-21 04:00:00,346.45843,345.59197229692717
2026-03-21 05:00:00,346.45843,347.503215583341
2026-03-21 06:00:00,346.45843,348.2532068165663
2026-03-21 07:00:00,325.45843,344.60877324907676
2026-03-21 08:00:00,229.92343,343.6792567287064
2026-03-21 09:00:00,229.92343,343.45262558534046
2026-03-21 10:00:00,278.35843,342.97047541585573
2026-03-21 11:00:00,304.35843,348.49636895323584
2026-03-21 12:00:00,260.50443,342.0004389328526
2026-03-21 13:00:00,278.35843,341.21084952815556
2026-03-21 14:00:00,325.45843,350.538828901626
2026-03-21 15:00:00,346.45843,354.127797252309
2026-03-21 16:00:00,346.45843,360.58368540242236
2026-03-21 17:00:00,350.45843,377.825344349965
2026-03-21 18:00:00,375.45843,383.0657167968928
2026-03-21 19:00:00,375.45843,383.7493069088506
2026-03-21 20:00:00,375.45843,383.4676044357091
2026-03-21 21:00:00,350.45843,378.7851467248284
2026-03-21 22:00:00,346.45843,377.70797234403364
2026-03-21 23:00:00,346.45843,354.93933369922445
2026-03-22 00:00:00,331.85997,357.71359823942885
2026-03-22 01:00:00,331.85997,330.80007064969965
2026-03-22 02:00:00,366.85997,329.4516470699819
2026-03-22 03:00:00,331.85997,331.2030750433922
2026-03-22 04:00:00,331.85997,326.9583423421
2026-03-22 05:00:00,331.85997,325.35788271208435
2026-03-22 06:00:00,331.85997,329.30403643475245
2026-03-22 07:00:00,261.85997,318.0978547960819
2026-03-22 08:00:00,110.08097,284.5494962968977
2026-03-22 09:00:00,110.08097,282.6321704824807
2026-03-22 10:00:00,110.08097,300.25432623437814
2026-03-22 11:00:00,259.70797,310.81843455843415
2026-03-22 12:00:00,261.85997,286.97139347127666
2026-03-22 13:00:00,261.85997,296.18026236811164
2026-03-22 14:00:00,261.85997,321.59526806842825
2026-03-22 15:00:00,331.85997,336.2660070754198
2026-03-22 16:00:00,366.85997,338.56265501185266
2026-03-22 17:00:00,366.85997,344.6958321810877
2026-03-22 18:00:00,383.85997,372.2998195518891
2026-03-22 19:00:00,383.85997,373.1015483551767
2026-03-22 20:00:00,383.85997,373.5243445076191
2026-03-22 21:00:00,383.85997,351.0618261871707
2026-03-22 22:00:00,366.85997,346.53604701606116
2026-03-22 23:00:00,366.85997,346.19949960299124
2026-03-23 00:00:00,376.5061,336.10893343761165
2026-03-23 01:00:00,376.5061,369.91732298880584
2026-03-23 02:00:00,376.5061,367.73183216257985
2026-03-23 03:00:00,336.5061,363.20483112380043
2026-03-23 04:00:00,336.5061,362.9206899139108
2026-03-23 05:00:00,336.5061,368.64034191190416
2026-03-23 06:00:00,336.5061,349.3568773503733
2026-03-23 07:00:00,266.5061,319.1664583701201
2026-03-23 08:00:00,114.7271,260.0848629586034
2026-03-23 09:00:00,114.7271,259.34854306513256
2026-03-23 10:00:00,114.7271,262.2222281957314
2026-03-23 11:00:00,289.4061,323.38267717951095
2026-03-23 12:00:00,266.5061,310.24145146204864
2026-03-23 13:00:00,266.5061,312.32727701407146
2026-03-23 14:00:00,266.5061,312.9240476790398
2026-03-23 15:00:00,315.4061,355.48983340527684
2026-03-23 16:00:00,376.5061,376.79238324743744
2026-03-23 17:00:00,392.4261,376.875666580299
2026-03-23 18:00:00,393.5061,384.04758560665186
2026-03-23 19:00:00,407.6171,393.7976432949081
2026-03-23 20:00:00,393.5061,386.8266529341067
2026-03-23 21:00:00,393.5061,385.108491539662
2026-03-23 22:00:00,392.4261,371.71670128210405
2026-03-23 23:00:00,392.4261,368.95400265753017
2026-03-24 00:00:00,114.49924,385.0364230649816
2026-03-24 01:00:00,114.49924,125.66676809542257
2026-03-24 02:00:00,114.49924,164.26552165466563
2026-03-24 03:00:00,114.49924,182.94304427023644
2026-03-24 04:00:00,114.59024,201.84328521616874
2026-03-24 05:00:00,266.36924,244.01782963226884
2026-03-24 06:00:00,266.36924,327.54627163413016
2026-03-24 07:00:00,270.62924,273.67443340549346
2026-03-24 08:00:00,271.41524,165.40753946136277
2026-03-24 09:00:00,266.36924,164.63766576829715
2026-03-24 10:00:00,266.36924,169.1446060052865
2026-03-24 11:00:00,266.36924,295.51225826670264
2026-03-24 12:00:00,264.21724,279.60499848108384
2026-03-24 13:00:00,266.36924,286.82561678377124
2026-03-24 14:00:00,381.36924,296.9770091779451
2026-03-24 15:00:00,388.07724,337.84232878051495
2026-03-24 16:00:00,388.07724,384.9795856767733
2026-03-24 17:00:00,388.36924,395.4285328375349
2026-03-24 18:00:00,429.36924,394.1784361529087
2026-03-24 19:00:00,516.36924,421.29675976854537
2026-03-24 20:00:00,396.36924,392.9950503936627
2026-03-24 21:00:00,388.36924,385.3340477515535
2026-03-24 22:00:00,388.07724,378.90811428327623
2026-03-24 23:00:00,381.36924,374.8823530493447
2026-03-25 00:00:00,186.70675,277.02723608661694
2026-03-25 01:00:00,254.55475,189.35672909842782
2026-03-25 02:00:00,254.55475,187.09558338349717
2026-03-25 03:00:00,261.75275,185.99698264314617
2026-03-25 04:00:00,279.60675,192.4186434475402
2026-03-25 05:00:00,305.70675,221.22058748659515
2026-03-25 06:00:00,325.62675,254.89644179522676
2026-03-25 07:00:00,304.70675,254.71043942786338
2026-03-25 08:00:00,304.70675,253.11908500388697
2026-03-25 09:00:00,186.70675,251.54926625150767
2026-03-25 10:00:00,304.70675,260.33597881436003
2026-03-25 11:00:00,304.70675,268.0290151126383
2026-03-25 12:00:00,261.75275,270.1906043123162
2026-03-25 13:00:00,304.70675,279.2010285222134
2026-03-25 14:00:00,325.62675,365.3042136616362
2026-03-25 15:00:00,326.70675,376.64998350649637
2026-03-25 16:00:00,381.70675,381.2266571321945
2026-03-25 17:00:00,384.70675,382.180345571833
2026-03-25 18:00:00,406.70675,428.3956014169363
2026-03-25 19:00:00,406.70675,515.0315419989295
2026-03-25 20:00:00,406.70675,398.96062018136206
2026-03-25 21:00:00,384.70675,386.1735416071629
2026-03-25 22:00:00,381.70675,382.90945001919187
2026-03-25 23:00:00,325.62675,373.73843836216236
2026-03-26 00:00:00,290.73411,234.43790282442666
2026-03-26 01:00:00,290.73411,292.00474894626694
2026-03-26 02:00:00,290.73411,292.03794240887515
2026-03-26 03:00:00,290.73411,293.0383687314271
2026-03-26 04:00:00,290.73411,297.0416384426045
2026-03-26 05:00:00,292.72711,303.16414583299746
2026-03-26 06:00:00,290.73411,324.5893069886307
2026-03-26 07:00:00,290.73411,311.9309431872588
2026-03-26 08:00:00,262.72711,311.6193772292771
2026-03-26 09:00:00,260.57511,237.73789196662202
2026-03-26 10:00:00,262.72711,314.4820449070885
2026-03-26 11:00:00,290.73411,316.47564405843104
2026-03-26 12:00:00,285.62711,290.5363031392252
2026-03-26 13:00:00,290.73411,322.1647099528357
2026-03-26 14:00:00,290.73411,339.96857622377405
2026-03-26 15:00:00,331.72711,347.8880957227576
2026-03-26 16:00:00,332.72711,387.4806820527923
2026-03-26 17:00:00,367.72711,388.1634483571023
2026-03-26 18:00:00,367.72711,406.7208025009341
2026-03-26 19:00:00,462.72711,415.26124565678384
2026-03-26 20:00:00,367.72711,407.2999126342588
2026-03-26 21:00:00,367.72711,385.2125044374569
2026-03-26 22:00:00,332.72711,380.01887836684625
2026-03-26 23:00:00,320.72711,330.6065540072115
2026-03-27 00:00:00,265.74992,309.7834597678749
2026-03-27 01:00:00,265.74992,265.53073891195675
2026-03-27 02:00:00,265.74992,265.1746104720065
2026-03-27 03:00:00,263.75092,267.2031650994705
2026-03-27 04:00:00,265.74992,270.60943128494415
2026-03-27 05:00:00,265.74992,278.3225298874681
2026-03-27 06:00:00,265.74992,283.10455557570236
2026-03-27 07:00:00,265.74992,282.4411720946796
2026-03-27 08:00:00,265.74992,266.99897843132794
2026-03-27 09:00:00,265.74992,264.38054099815224
2026-03-27 10:00:00,265.74992,267.0540247414524
2026-03-27 11:00:00,265.74992,281.9781581323434
2026-03-27 12:00:00,263.75092,278.51167149883025
2026-03-27 13:00:00,265.74992,282.095305603528
2026-03-27 14:00:00,270.79692,285.1115985487471
2026-03-27 15:00:00,294.75092,312.922378963691
2026-03-27 16:00:00,305.75092,316.8706767267316
2026-03-27 17:00:00,305.75092,341.28832925086874
2026-03-27 18:00:00,333.75092,361.5525541529627
2026-03-27 19:00:00,335.75092,447.7451612430281
2026-03-27 20:00:00,305.75092,363.0800188013154
2026-03-27 21:00:00,305.75092,358.40056130922665
2026-03-27 22:00:00,305.75092,327.00992580801676
2026-03-27 23:00:00,294.75092,315.798071025625
2026-03-28 00:00:00,198.48526,269.8925060572973
2026-03-28 01:00:00,198.48526,201.2191996652001
2026-03-28 02:00:00,198.48526,202.98826432522435
2026-03-28 03:00:00,198.48526,203.39055970463042
2026-03-28 04:00:00,212.48526,204.35605368469288
2026-03-28 05:00:00,213.48526,205.63564018035044
2026-03-28 06:00:00,198.48526,239.39589269106457
2026-03-28 07:00:00,198.48526,241.05801115961452
2026-03-28 08:00:00,116.70626,239.34954288863176
2026-03-28 09:00:00,116.70626,238.00145353807088
2026-03-28 10:00:00,116.70626,240.35577459057453
2026-03-28 11:00:00,116.70626,243.24333092333728
2026-03-28 12:00:00,116.70626,243.7107190204588
2026-03-28 13:00:00,117.32926,245.05545651854123
2026-03-28 14:00:00,198.48526,252.24065476840912
2026-03-28 15:00:00,212.48526,269.8440268621138
2026-03-28 16:00:00,215.48626,280.2545027378567
2026-03-28 17:00:00,288.48526,282.77097785838674
2026-03-28 18:00:00,288.48526,318.4041365094291
2026-03-28 19:00:00,313.48526,327.22967110227734
2026-03-28 20:00:00,288.48526,302.87000829802395
2026-03-28 21:00:00,288.48526,298.75405843791395
2026-03-28 22:00:00,288.48526,293.028932170605
2026-03-28 23:00:00,215.48626,280.01872756846217
2026-03-29 00:00:00,170.45135,220.1196679786548
2026-03-29 01:00:00,108.67235,171.55286981811363
2026-03-29 02:00:00,170.45135,172.00574122169314
2026-03-29 03:00:00,170.45135,168.82742024444602
2026-03-29 04:00:00,170.45135,165.789379013408
2026-03-29 05:00:00,170.45135,165.92116915278433
2026-03-29 06:00:00,108.03435,172.9575266202543
2026-03-29 07:00:00,108.03435,166.98472007561702
2026-03-29 08:00:00,108.03435,136.13501340599166
2026-03-29 09:00:00,102.10735,132.25682577378
2026-03-29 10:00:00,102.10735,131.66609896171903
2026-03-29 11:00:00,102.10735,134.27401648754608
2026-03-29 12:00:00,108.03135,127.22568030227406
2026-03-29 13:00:00,108.03435,129.36182507384018
2026-03-29 14:00:00,108.03435,169.94336934857805
2026-03-29 15:00:00,110.10735,181.12249642109026
2026-03-29 16:00:00,189.95135,185.48391092102693
2026-03-29 17:00:00,203.45135,227.7952810326645
2026-03-29 18:00:00,207.45235,269.4628598711968
2026-03-29 19:00:00,207.45235,296.35953922828935
2026-03-29 20:00:00,207.45235,273.05548146076455
2026-03-29 21:00:00,207.45235,266.1756590495256
2026-03-29 22:00:00,207.45235,262.3074298733514
2026-03-29 23:00:00,203.45135,211.69723406216565
2026-03-30 00:00:00,184.66957,175.17064487652829
2026-03-30 01:00:00,171.66257,181.56108684531958
2026-03-30 02:00:00,184.66957,176.76239571205537
2026-03-30 03:00:00,184.66957,176.3123133867934
2026-03-30 04:00:00,184.66957,178.37417745080114
2026-03-30 05:00:00,184.66957,190.29432540436264
2026-03-30 06:00:00,184.66957,180.88140595582001
2026-03-30 07:00:00,184.66957,179.59401389894734
2026-03-30 08:00:00,184.66957,176.65153015264195
2026-03-30 09:00:00,184.66957,174.17394967175073
2026-03-30 10:00:00,184.66957,173.37295525379858
2026-03-30 11:00:00,186.06257,183.80521349415153
2026-03-30 12:00:00,186.06257,172.5847233351834
2026-03-30 13:00:00,186.06257,179.42335005719957
2026-03-30 14:00:00,186.06257,184.64118816631546
2026-03-30 15:00:00,186.06257,195.06178530291555
2026-03-30 16:00:00,206.66257,238.5178813333912
2026-03-30 17:00:00,216.66257,254.0936256152887
2026-03-30 18:00:00,216.66257,258.9153311867285
2026-03-30 19:00:00,386.66257,270.9377904340641
2026-03-30 20:00:00,216.66257,259.58877364669513
2026-03-30 21:00:00,216.66257,240.44722103491438
2026-03-30 22:00:00,206.66257,227.56011939988315
2026-03-30 23:00:00,186.06257,216.28894133063125
2026-03-31 00:00:00,195.01362,206.26962866714393
2026-03-31 01:00:00,195.01362,195.50312868587864
2026-03-31 02:00:00,195.01362,197.5637828768463
2026-03-31 03:00:00,195.01362,191.48961146229794
2026-03-31 04:00:00,195.01362,195.72894503592948
2026-03-31 05:00:00,195.01362,207.12959387012742
2026-03-31 06:00:00,195.01362,200.07521062306935
2026-03-31 07:00:00,195.01362,201.9856768196956
2026-03-31 08:00:00,189.41362,201.50814238677532
2026-03-31 09:00:00,189.41362,198.44888039427718
2026-03-31 10:00:00,189.41362,196.0733292259601
2026-03-31 11:00:00,195.01362,197.06361202428033
2026-03-31 12:00:00,195.01362,194.73887090636552
2026-03-31 13:00:00,195.01362,195.9097667109462
2026-03-31 14:00:00,195.01362,199.68406243866878
2026-03-31 15:00:00,197.42062,207.90041892151254
2026-03-31 16:00:00,199.41362,218.81908697142143
2026-03-31 17:00:00,274.45962,229.47232431896649
2026-03-31 18:00:00,239.41362,246.0109965934136
2026-03-31 19:00:00,399.41362,358.7783140491784
2026-03-31 20:00:00,199.41362,248.30327769504902
2026-03-31 21:00:00,199.41362,232.9610533475855
2026-03-31 22:00:00,197.42062,215.87734300973182
2026-03-31 23:00:00,197.42062,197.87172910617068
2026-04-01 00:00:00,166.41431,202.5285721700118
2026-04-01 01:00:00,166.41431,170.64365368506253
2026-04-01 02:00:00,166.41431,171.72359848173795
2026-04-01 03:00:00,166.41431,168.77829265235607
2026-04-01 04:00:00,166.41431,171.7464360972568
2026-04-01 05:00:00,166.41431,181.80585892764412
2026-04-01 06:00:00,166.41431,183.11400895105177
2026-04-01 07:00:00,166.41431,182.4497239284676
2026-04-01 08:00:00,111.36131,179.76762577712594
2026-04-01 09:00:00,111.36131,173.90863660274067
2026-04-01 10:00:00,111.36131,175.92537118459103
2026-04-01 11:00:00,113.79731,177.31782329467686
2026-04-01 12:00:00,115.56331,177.960743672511
2026-04-01 13:00:00,166.41431,181.40860961424582
2026-04-01 14:00:00,176.41431,185.18853360840635
2026-04-01 15:00:00,176.41431,193.35047893999894
2026-04-01 16:00:00,176.41431,199.1609076686191
2026-04-01 17:00:00,192.41431,242.6491272890091
2026-04-01 18:00:00,256.41431,246.37445327171278
2026-04-01 19:00:00,256.41431,349.79708815932145
2026-04-01 20:00:00,192.41431,222.2294587641287
2026-04-01 21:00:00,192.41431,211.30545051702552
2026-04-01 22:00:00,186.91431,200.0503929216409
2026-04-01 23:00:00,176.41431,193.10478645612915
2026-04-02 00:00:00,155.6678,172.06664290122467
2026-04-02 01:00:00,155.6678,157.1156378633023
2026-04-02 02:00:00,155.6678,153.31496721020767
2026-04-02 03:00:00,155.6678,153.73197941750865
2026-04-02 04:00:00,155.6678,154.40710458729222
2026-04-02 05:00:00,155.6678,158.08244071253563
2026-04-02 06:00:00,155.6678,157.45787102208726
2026-04-02 07:00:00,125.6678,154.96460804507456
2026-04-02 08:00:00,123.0508,139.76400632314852
2026-04-02 09:00:00,120.6148,138.65556379598863
2026-04-02 10:00:00,123.0508,137.63927912806204
2026-04-02 11:00:00,125.6678,138.57466279336367
2026-04-02 12:00:00,125.6678,130.35653238426315
2026-04-02 13:00:00,125.6678,154.4802698401329
2026-04-02 14:00:00,155.6678,160.4600304492456
2026-04-02 15:00:00,155.6678,162.18410740805876
2026-04-02 16:00:00,155.6678,167.0511773403478
2026-04-02 17:00:00,165.5678,180.25938544186482
2026-04-02 18:00:00,180.7788,224.53422832405525
2026-04-02 19:00:00,180.7788,231.21469292643042
2026-04-02 20:00:00,180.7788,187.2929394991274
2026-04-02 21:00:00,165.5678,186.42286922460514
2026-04-02 22:00:00,165.5678,183.07851332715862
2026-04-02 23:00:00,165.5678,176.1437527391745
2026-04-03 00:00:00,146.09312,151.8723636677359
2026-04-03 01:00:00,146.09312,147.07451379771038
2026-04-03 02:00:00,146.09312,146.1405918405233
2026-04-03 03:00:00,146.09312,146.4943558579389
2026-04-03 04:00:00,146.09312,145.92385695215773
2026-04-03 05:00:00,146.09312,146.31464738970277
2026-04-03 06:00:00,123.47612,147.1636922215543
2026-04-03 07:00:00,117.24212,138.25429391286292
2026-04-03 08:00:00,117.24212,136.99976986359945
2026-04-03 09:00:00,117.24212,137.12862723113716
2026-04-03 10:00:00,117.24212,138.31778231319612
2026-04-03 11:00:00,117.24212,139.80029207711254
2026-04-03 12:00:00,117.24212,132.98372099135963
2026-04-03 13:00:00,117.24212,134.8515550415064
2026-04-03 14:00:00,121.04012,148.28889341178336
2026-04-03 15:00:00,123.47612,148.67988562293147
2026-04-03 16:00:00,146.09312,150.5800503557363
2026-04-03 17:00:00,147.09312,158.83390023308655
2026-04-03 18:00:00,176.09312,177.4031492675257
2026-04-03 19:00:00,176.20412,178.11558889667072
2026-04-03 20:00:00,176.20412,177.26151528459198
2026-04-03 21:00:00,176.20412,168.9770785478299
2026-04-03 22:00:00,176.09312,164.50302037241318
2026-04-03 23:00:00,161.09312,160.3944243622944
2026-04-04 00:00:00,143.28764,145.58606856528786
2026-04-04 01:00:00,143.28764,142.03200008815983
2026-04-04 02:00:00,143.28764,143.09432434728868
2026-04-04 03:00:00,143.28764,142.58402058129388
2026-04-04 04:00:00,143.28764,143.3677796402609
2026-04-04 05:00:00,143.28764,143.3243960657131
2026-04-04 06:00:00,132.28764,136.9758819760741
2026-04-04 07:00:00,132.28764,133.72120230275155
2026-04-04 08:00:00,132.28764,132.28196047423413
2026-04-04 09:00:00,132.28764,131.70210677376159
2026-04-04 10:00:00,132.28764,132.22576174059932
2026-04-04 11:00:00,132.28764,131.82791074456492
2026-04-04 12:00:00,132.28764,128.5638162607923
2026-04-04 13:00:00,132.28764,129.67351000089917
2026-04-04 14:00:00,143.28764,131.50688225768732
2026-04-04 15:00:00,147.28764,133.07045340374282
2026-04-04 16:00:00,160.28764,143.64705082575887
2026-04-04 17:00:00,162.28764,146.69683347202815
2026-04-04 18:00:00,178.28764,171.73154087280975
2026-04-04 19:00:00,178.28764,173.33152541691302
2026-04-04 20:00:00,162.28764,172.5871688245128
2026-04-04 21:00:00,162.28764,171.45243792409383
2026-04-04 22:00:00,162.28764,170.1083711992681
2026-04-04 23:00:00,162.28764,156.71769684455333
2026-04-05 00:00:00,134.15781,147.65188568297532
2026-04-05 01:00:00,133.15781,135.98224503375332
2026-04-05 02:00:00,133.15781,137.6192054839575
2026-04-05 03:00:00,122.15781,137.9573398212799
2026-04-05 04:00:00,122.15781,138.27914314395193
2026-04-05 05:00:00,133.15781,136.7623134637713
2026-04-05 06:00:00,122.15781,133.87760166129945
2026-04-05 07:00:00,122.15781,133.23252315771958
2026-04-05 08:00:00,122.15781,132.65444534516408
2026-04-05 09:00:00,110.28781,131.90891592830826
2026-04-05 10:00:00,122.15781,131.23418576149027
2026-04-05 11:00:00,122.15781,131.04277571693817
2026-04-05 12:00:00,122.15781,131.56009221389186
2026-04-05 13:00:00,122.15781,131.41826165140958
2026-04-05 14:00:00,122.15781,135.55571842935382
2026-04-05 15:00:00,133.15781,137.8975336498454
2026-04-05 16:00:00,134.15781,145.34054903262765
2026-04-05 17:00:00,142.15781,148.44398163115966
2026-04-05 18:00:00,142.15781,166.5862887551089
2026-04-05 19:00:00,157.15781,167.38563698208486
2026-04-05 20:00:00,142.15781,158.25364425442825
2026-04-05 21:00:00,142.15781,158.63783934916847
2026-04-05 22:00:00,142.15781,159.04383348536646
2026-04-05 23:00:00,142.15781,158.73343405331667
2026-04-06 00:00:00,140.80127,144.51190580546907
2026-04-06 01:00:00,131.80127,142.09402698249846
2026-04-06 02:00:00,131.80127,142.35209557341926
2026-04-06 03:00:00,131.80127,141.58177176443894
2026-04-06 04:00:00,140.80127,146.22563166550188
2026-04-06 05:00:00,140.80127,151.81126680524918
2026-04-06 06:00:00,140.80127,144.3435130124927
2026-04-06 07:00:00,140.80127,147.17859188473554
2026-04-06 08:00:00,140.80127,149.10860576218067
2026-04-06 09:00:00,140.80127,146.49491872674898
2026-04-06 10:00:00,140.80127,151.5625564933415
2026-04-06 11:00:00,140.80127,151.96362235896171
2026-04-06 12:00:00,140.80127,149.0317059509482
2026-04-06 13:00:00,140.80127,149.82001319535814
2026-04-06 14:00:00,150.80127,151.45382589383738
2026-04-06 15:00:00,151.80127,156.8032356904112
2026-04-06 16:00:00,195.80127,158.09657410745504
2026-04-06 17:00:00,195.80127,161.66921202191347
2026-04-06 18:00:00,200.80127,163.5674812992014
2026-04-06 19:00:00,195.80127,178.34060918685765
2026-04-06 20:00:00,1175.43727,163.68923321978264
2026-04-06 21:00:00,570.80127,158.1658188466575
2026-04-06 22:00:00,195.80127,153.67936407884008
2026-04-06 23:00:00,151.80127,150.17300759200685
2026-04-07 00:00:00,137.09785,152.418364084829
2026-04-07 01:00:00,137.09785,141.78563283896952
2026-04-07 02:00:00,137.09785,144.8136294391149
2026-04-07 03:00:00,137.09785,143.30477452630365
2026-04-07 04:00:00,137.09785,144.64285371533936
2026-04-07 05:00:00,149.98685,160.90652493359318
2026-04-07 06:00:00,149.98685,152.26404056405005
2026-04-07 07:00:00,149.98685,152.24788185528698
2026-04-07 08:00:00,137.09785,148.69067263862536
2026-04-07 09:00:00,137.09785,148.97047979852695
2026-04-07 10:00:00,137.09785,149.50625981196973
2026-04-07 11:00:00,149.98685,159.24097571496264
2026-04-07 12:00:00,149.98685,159.74660637580934
2026-04-07 13:00:00,149.98685,160.49800856801417
2026-04-07 14:00:00,158.98685,167.96149699442722
2026-04-07 15:00:00,158.98685,180.7385769770271
2026-04-07 16:00:00,398.98685,208.953182384233
2026-04-07 17:00:00,398.98685,217.69943808617342
2026-04-07 18:00:00,1091.02085,245.37167183276404
2026-04-07 19:00:00,1091.02085,288.5897285442648
2026-04-07 20:00:00,274.03285,671.7074004359299
2026-04-07 21:00:00,189.48685,400.8134611008195
2026-04-07 22:00:00,158.98685,189.4145941899805
2026-04-07 23:00:00,158.98685,157.17196073310822
2026-04-08 00:00:00,207.3678,152.8887044034376
2026-04-08 01:00:00,187.3678,207.08731791211315
2026-04-08 02:00:00,187.3678,201.42403563963842
2026-04-08 03:00:00,187.3678,197.47460637327777
2026-04-08 04:00:00,207.3678,201.4544641875311
2026-04-08 05:00:00,207.3678,206.31394879478123
2026-04-08 06:00:00,237.3678,189.62079392652078
2026-04-08 07:00:00,237.3678,188.02627772763364
2026-04-08 08:00:00,207.3678,181.73188388683386
2026-04-08 09:00:00,207.3678,179.1959918637914
2026-04-08 10:00:00,207.3678,180.91514773366902
2026-04-08 11:00:00,237.3678,187.52256430436958
2026-04-08 12:00:00,207.3678,173.98833888610915
2026-04-08 13:00:00,207.3678,175.22449845088664
2026-04-08 14:00:00,237.3678,183.99028590159693
2026-04-08 15:00:00,237.3678,193.10898641662487
2026-04-08 16:00:00,237.3678,297.8551445516406
2026-04-08 17:00:00,272.4138,318.33528519450795
2026-04-08 18:00:00,397.3678,482.30565676288927
2026-04-08 19:00:00,1161.9998,523.2987976292594
2026-04-08 20:00:00,397.3678,310.9566038150683
2026-04-08 21:00:00,237.3678,208.32848214047036
2026-04-08 22:00:00,237.3678,178.63047155963417
2026-04-08 23:00:00,207.3678,186.54694763775785
2026-04-09 00:00:00,202.13742,194.76663226447909
2026-04-09 01:00:00,202.13742,200.4659319009692
2026-04-09 02:00:00,202.13742,199.5414249311298
2026-04-09 03:00:00,202.13742,196.91837346306602
2026-04-09 04:00:00,202.13742,201.21581151708637
2026-04-09 05:00:00,255.13742,205.96336227586397
2026-04-09 06:00:00,255.13742,216.59698873142892
2026-04-09 07:00:00,236.63742,214.16358516640696
2026-04-09 08:00:00,236.63742,203.89545728457185
2026-04-09 09:00:00,202.13742,199.56369382131533
2026-04-09 10:00:00,236.63742,202.54716977056967
2026-04-09 11:00:00,255.13742,215.4087233372676
2026-04-09 12:00:00,255.13742,203.85586239174228
2026-04-09 13:00:00,255.13742,209.61393241829035
2026-04-09 14:00:00,255.13742,229.88318343584712
2026-04-09 15:00:00,255.13742,246.3569677705507
2026-04-09 16:00:00,255.13742,241.01642952431254
2026-04-09 17:00:00,268.13742,258.3674891050124
2026-04-09 18:00:00,1079.17142,403.90507195237495
2026-04-09 19:00:00,457.13742,549.9757326214706
2026-04-09 20:00:00,372.11742,400.58878625633054
2026-04-09 21:00:00,268.13742,288.3844572186786
2026-04-09 22:00:00,255.13742,228.60974979684556
2026-04-09 23:00:00,255.13742,211.3236936524811
2026-04-10 00:00:00,256.01145,190.41433217455273
2026-04-10 01:00:00,256.01145,253.4328049757742
2026-04-10 02:00:00,256.01145,246.57399185329228
2026-04-10 03:00:00,256.01145,245.93563693282584
2026-04-10 04:00:00,256.01145,245.53831543581188
2026-04-10 05:00:00,267.45145,245.96453345753878
2026-04-10 06:00:00,266.01145,253.21883941476094
2026-04-10 07:00:00,256.01145,247.6508171231678
2026-04-10 08:00:00,256.01145,248.4720981747921
2026-04-10 09:00:00,256.01145,237.69951661034912
2026-04-10 10:00:00,256.01145,252.51480274326389
2026-04-10 11:00:00,266.01145,259.8949608151119
2026-04-10 12:00:00,266.01145,255.67376793483243
2026-04-10 13:00:00,268.01145,256.05783001328734
2026-04-10 14:00:00,268.01145,260.90965886744647
2026-04-10 15:00:00,268.01145,268.77471547683143
2026-04-10 16:00:00,279.01145,261.57420383268095
2026-04-10 17:00:00,279.01145,279.11270775622836
2026-04-10 18:00:00,1090.04545,433.63694949895785
2026-04-10 19:00:00,468.01145,455.3557739277135
2026-04-10 20:00:00,318.01145,345.10165623161225
2026-04-10 21:00:00,279.01145,287.6394406802492
2026-04-10 22:00:00,268.01145,264.4899502377306
2026-04-10 23:00:00,268.01145,255.66859460978196
2026-04-11 00:00:00,279.47077,256.1282279064474
2026-04-11 01:00:00,279.47077,280.0947043167329
2026-04-11 02:00:00,279.47077,279.69748021620626
2026-04-11 03:00:00,279.47077,278.187344135382
2026-04-11 04:00:00,279.47077,277.4222679563181
2026-04-11 05:00:00,279.47077,277.7621441961851
2026-04-11 06:00:00,279.47077,275.0924056454327
2026-04-11 07:00:00,279.47077,269.271265138925
2026-04-11 08:00:00,279.47077,269.7562788157304
2026-04-11 09:00:00,279.47077,270.503672643614
2026-04-11 10:00:00,279.47077,272.15245145618366
2026-04-11 11:00:00,279.47077,276.46951070420425
2026-04-11 12:00:00,279.47077,274.60111261939056
2026-04-11 13:00:00,266.47077,275.67045574219685
2026-04-11 14:00:00,266.47077,275.3958410414226
2026-04-11 15:00:00,279.47077,277.2782213559966
2026-04-11 16:00:00,279.47077,282.4332999862285
2026-04-11 17:00:00,290.47077,294.2008230680036
2026-04-11 18:00:00,354.97077,404.86118661588057
2026-04-11 19:00:00,355.27077,380.9957820318305
2026-04-11 20:00:00,354.97077,338.7067662447522
2026-04-11 21:00:00,290.47077,307.15263640323803
2026-04-11 22:00:00,280.47077,300.12373149219246
2026-04-11 23:00:00,280.47077,284.2515068153681
2026-04-12 00:00:00,281.96721,289.4818956355522
2026-04-12 01:00:00,278.96721,281.8409485959226
2026-04-12 02:00:00,278.96721,281.48500891086854
2026-04-12 03:00:00,277.96721,279.99969476480857
2026-04-12 04:00:00,277.96721,281.6776512597205
2026-04-12 05:00:00,277.96721,284.5403440520385
2026-04-12 06:00:00,277.96721,284.62367385103795
2026-04-12 07:00:00,200.46721,283.5966174276626
2026-04-12 08:00:00,200.46721,284.0050393568607
2026-04-12 09:00:00,200.46721,282.1322728320738
2026-04-12 10:00:00,200.46721,281.6721034074
2026-04-12 11:00:00,242.43621,281.36531859159965
2026-04-12 12:00:00,277.96721,283.93972653160677
2026-04-12 13:00:00,277.96721,279.4357628603704
2026-04-12 14:00:00,277.96721,277.2103719411835
2026-04-12 15:00:00,278.96721,282.6074790316461
2026-04-12 16:00:00,281.96721,287.35679109611
2026-04-12 17:00:00,308.96721,300.89222534415705
2026-04-12 18:00:00,353.46721,350.237525984052
2026-04-12 19:00:00,353.76721,345.5679427967324
2026-04-12 20:00:00,353.76721,339.4458232970263
2026-04-12 21:00:00,353.76721,318.93301313028843
2026-04-12 22:00:00,338.96721,307.08593854182783
2026-04-12 23:00:00,308.96721,296.62933393804525
2026-04-13 00:00:00,298.56081,289.9725668568525
2026-04-13 01:00:00,298.56081,298.9515391361861
2026-04-13 02:00:00,284.56081,296.9151232653345
2026-04-13 03:00:00,284.56081,296.51841782478124
2026-04-13 04:00:00,284.56081,304.3615324266139
2026-04-13 05:00:00,304.56081,318.1882215138647
2026-04-13 06:00:00,304.56081,312.9206979650822
2026-04-13 07:00:00,298.56081,291.56109918217373
2026-04-13 08:00:00,304.56081,297.5320541411993
2026-04-13 09:00:00,304.56081,293.635707266498
2026-04-13 10:00:00,304.56081,294.32834397072804
2026-04-13 11:00:00,304.56081,307.1367470749873
2026-04-13 12:00:00,304.56081,311.14676294463175
2026-04-13 13:00:00,314.56081,312.851616916846
2026-04-13 14:00:00,330.56081,310.5401033689444
2026-04-13 15:00:00,333.56081,313.5329360339193
2026-04-13 16:00:00,345.06081,320.76565158243784
2026-04-13 17:00:00,345.06081,353.3198049393806
2026-04-13 18:00:00,1081.59481,465.6325400854658
2026-04-13 19:00:00,1081.59481,506.4356109629002
2026-04-13 20:00:00,459.56081,439.92058731006426
2026-04-13 21:00:00,330.56081,363.32362305039504
2026-04-13 22:00:00,314.56081,330.58420345593487
2026-04-13 23:00:00,314.56081,324.919264015534
2026-04-14 00:00:00,335.71938,322.04632018463445
2026-04-14 01:00:00,323.71938,336.0184960106553
2026-04-14 02:00:00,323.71938,332.8555437988401
2026-04-14 03:00:00,323.71938,325.4174185059082
2026-04-14 04:00:00,323.71938,333.1654866920801
2026-04-14 05:00:00,328.71938,340.98438867413114
2026-04-14 06:00:00,328.71938,335.57875986189634
2026-04-14 07:00:00,323.71938,334.85905451007477
2026-04-14 08:00:00,323.71938,336.02821359636874
2026-04-14 09:00:00,323.71938,331.97396766043147
2026-04-14 10:00:00,323.71938,335.39061175601535
2026-04-14 11:00:00,328.71938,330.8632176297849
2026-04-14 12:00:00,328.71938,319.80658670494836
2026-04-14 13:00:00,328.71938,334.88634131070273
2026-04-14 14:00:00,335.71938,360.6300922137133
2026-04-14 15:00:00,335.71938,384.2743187265232
2026-04-14 16:00:00,378.71938,410.17220184973354
2026-04-14 17:00:00,378.71938,500.1629961150386
2026-04-14 18:00:00,1150.80138,809.7736285928981
2026-04-14 19:00:00,1150.74838,816.0151224688861
2026-04-14 20:00:00,563.71938,547.0167906547593
2026-04-14 21:00:00,378.71938,374.2027192789571
2026-04-14 22:00:00,335.71938,334.81022137218844
2026-04-14 23:00:00,335.71938,333.3623624572794
2026-04-15 00:00:00,330.20876,340.2596073497862
2026-04-15 01:00:00,327.40876,329.5640064341235
2026-04-15 02:00:00,340.40876,327.60685431991794
2026-04-15 03:00:00,330.20876,320.1555828556401
2026-04-15 04:00:00,355.40876,328.50735409756794
2026-04-15 05:00:00,355.40876,333.1115568599131
2026-04-15 06:00:00,355.40876,334.5853360125614
2026-04-15 07:00:00,355.40876,333.1945724878451
2026-04-15 08:00:00,355.40876,333.20912047447223
2026-04-15 09:00:00,355.40876,327.4016079297511
2026-04-15 10:00:00,355.40876,332.5356628431147
2026-04-15 11:00:00,355.40876,329.34891087610384
2026-04-15 12:00:00,340.40876,318.7509706003567
2026-04-15 13:00:00,355.40876,326.52211877439964
2026-04-15 14:00:00,355.40876,344.78697514860903
2026-04-15 15:00:00,355.40876,366.9190587159105
2026-04-15 16:00:00,375.40876,389.5059367850357
2026-04-15 17:00:00,385.40876,458.02695142428144
2026-04-15 18:00:00,390.40876,773.9241421279021
2026-04-15 19:00:00,1087.44276,825.5196386911406
2026-04-15 20:00:00,385.40876,561.9152314411585
2026-04-15 21:00:00,385.40876,379.67295839188046
2026-04-15 22:00:00,375.40876,327.5884684640362
2026-04-15 23:00:00,355.40876,321.98313789753513
2026-04-16 00:00:00,357.42949,311.9873756199245
2026-04-16 01:00:00,357.42949,353.1062954606132
2026-04-16 02:00:00,357.42949,350.8488950851842
2026-04-16 03:00:00,357.42949,346.6506760003298
2026-04-16 04:00:00,357.42949,358.32975131971796
2026-04-16 05:00:00,371.92949,363.06599629436545
2026-04-16 06:00:00,371.92949,365.55556646944507
2026-04-16 07:00:00,371.92949,365.4159627059894
2026-04-16 08:00:00,371.92949,361.95725146771196
2026-04-16 09:00:00,357.42949,354.11716351789573
2026-04-16 10:00:00,357.42949,353.7784284008815
2026-04-16 11:00:00,357.42949,347.765679213913
2026-04-16 12:00:00,357.42949,337.9862853392352
2026-04-16 13:00:00,371.92949,351.53966293884787
2026-04-16 14:00:00,381.92949,362.5451820289963
2026-04-16 15:00:00,381.92949,381.1853485267053
2026-04-16 16:00:00,402.92949,395.61433354814295
2026-04-16 17:00:00,458.92949,443.49614114454056
2026-04-16 18:00:00,458.92949,683.5469515796312
2026-04-16 19:00:00,1083.96349,719.8170138763426
2026-04-16 20:00:00,458.92949,542.9083070006004
2026-04-16 21:00:00,458.92949,419.68939329603387
2026-04-16 22:00:00,401.92949,373.7296356079728
2026-04-16 23:00:00,381.92949,350.4102172536492
2026-04-17 00:00:00,374.7422,332.5933652791776
2026-04-17 01:00:00,374.7422,369.29512882989025
2026-04-17 02:00:00,374.7422,367.58138885318056
2026-04-17 03:00:00,374.7422,364.97989312945293
2026-04-17 04:00:00,374.7422,366.9911526940463
2026-04-17 05:00:00,374.7422,371.84640881998865
2026-04-17 06:00:00,384.7422,374.3161591209206
2026-04-17 07:00:00,374.7422,377.07874218290056
2026-04-17 08:00:00,374.7422,375.99086002303295
2026-04-17 09:00:00,374.7422,366.30828289842924
2026-04-17 10:00:00,374.7422,371.1426084137822
2026-04-17 11:00:00,374.7422,370.14968791557374
2026-04-17 12:00:00,374.7422,365.7214468940076
2026-04-17 13:00:00,384.7422,375.3229228944704
2026-04-17 14:00:00,386.7422,386.85338757494554
2026-04-17 15:00:00,386.7422,399.77890139199303
2026-04-17 16:00:00,386.7422,411.5930965895434
2026-04-17 17:00:00,414.7422,455.88412472457367
2026-04-17 18:00:00,554.7422,602.6037179951652
2026-04-17 19:00:00,554.7422,650.1289948710311
2026-04-17 20:00:00,414.7422,525.905776229156
2026-04-17 21:00:00,404.7422,440.31211337529544
2026-04-17 22:00:00,386.7422,399.81380827061616
2026-04-17 23:00:00,384.7422,373.46395982157964
2026-04-18 00:00:00,307.44404,362.05696184505837
2026-04-18 01:00:00,257.44404,316.4622471971098
2026-04-18 02:00:00,257.44404,318.6753819453642
2026-04-18 03:00:00,257.44404,318.3025185724579
2026-04-18 04:00:00,307.44404,318.4699297797659
2026-04-18 05:00:00,307.44404,318.57906559136575
2026-04-18 06:00:00,307.44404,322.3984099992386
2026-04-18 07:00:00,262.49004,320.4661813118508
2026-04-18 08:00:00,257.44404,318.3151620673261
2026-04-18 09:00:00,257.44404,315.08877933287306
2026-04-18 10:00:00,257.44404,316.16053822523145
2026-04-18 11:00:00,257.44404,316.3804430323921
2026-04-18 12:00:00,257.44404,323.0494996254704
2026-04-18 13:00:00,257.44404,329.3755685317636
2026-04-18 14:00:00,307.44404,332.8519431614866
2026-04-18 15:00:00,362.44404,339.2663057892296
2026-04-18 16:00:00,367.44404,348.068179150047
2026-04-18 17:00:00,381.64404,371.6110475532505
2026-04-18 18:00:00,555.74404,411.5053955674929
2026-04-18 19:00:00,305.64104,449.78536044009763
2026-04-18 20:00:00,537.44404,406.13363587654607
2026-04-18 21:00:00,405.44404,372.959428721035
2026-04-18 22:00:00,381.64404,344.66127060294014
2026-04-18 23:00:00,381.64404,325.34924682364306
2026-04-19 00:00:00,176.31917,306.861710705904
2026-04-19 01:00:00,176.31917,182.68257558842728
2026-04-19 02:00:00,176.31917,185.2920288147132
2026-04-19 03:00:00,176.31917,185.1777282929883
2026-04-19 04:00:00,176.31917,193.04430868321035
2026-04-19 05:00:00,176.31917,196.50225894914524
2026-04-19 06:00:00,124.12817,210.38212053193058
2026-04-19 07:00:00,124.12817,196.2397132864802
2026-04-19 08:00:00,124.12517,187.07070707274494
2026-04-19 09:00:00,124.12517,182.40000106060438
2026-04-19 10:00:00,124.12517,180.2349774674124
2026-04-19 11:00:00,124.12817,187.16879840188875
2026-04-19 12:00:00,124.12817,201.51210625140357
2026-04-19 13:00:00,176.31917,208.1036358007428
2026-04-19 14:00:00,176.31917,233.1118723427539
2026-04-19 15:00:00,176.31917,266.80457498962284
2026-04-19 16:00:00,176.31917,278.96148608152396
2026-04-19 17:00:00,326.31917,307.2971701226347
2026-04-19 18:00:00,331.31917,374.45719809079475
2026-04-19 19:00:00,556.31917,424.55522394754064
2026-04-19 20:00:00,331.31917,360.34561645802637
2026-04-19 21:00:00,331.31917,301.6182875143587
2026-04-19 22:00:00,326.31917,256.01825419932686
2026-04-19 23:00:00,240.79917,227.9121039729309
2026-04-20 00:00:00,227.71794,197.4823203589383
2026-04-20 01:00:00,227.71794,231.28832527238225
2026-04-20 02:00:00,227.71794,229.83305279017029
2026-04-20 03:00:00,227.71794,220.3014160633427
2026-04-20 04:00:00,227.71794,237.04958996688663
2026-04-20 05:00:00,243.21794,251.15891884875023
2026-04-20 06:00:00,243.21794,236.35325599372916
2026-04-20 07:00:00,243.21794,235.5924527090955
2026-04-20 08:00:00,243.21794,236.9199631288312
2026-04-20 09:00:00,227.71794,232.48225083002282
2026-04-20 10:00:00,227.71794,229.72214806361768
2026-04-20 11:00:00,243.21794,228.1347023656721
2026-04-20 12:00:00,227.71794,216.62715276744413
2026-04-20 13:00:00,243.21794,241.4543120422974
2026-04-20 14:00:00,249.71794,249.08584054160164
2026-04-20 15:00:00,249.71794,273.19888904312313
2026-04-20 16:00:00,249.71794,286.4818083540072
2026-04-20 17:00:00,319.71794,372.2867585900313
2026-04-20 18:00:00,379.71794,586.810099036009
2026-04-20 19:00:00,549.71794,675.875009276293
2026-04-20 20:00:00,549.71794,494.87549954003464
2026-04-20 21:00:00,319.71794,344.2284971077019
2026-04-20 22:00:00,249.71794,278.23821757063945
2026-04-20 23:00:00,249.71794,256.56875240598606
2026-04-21 00:00:00,254.85568,239.31574777714906
2026-04-21 01:00:00,254.85568,256.39408360864775
2026-04-21 02:00:00,254.85568,262.8039007084044
2026-04-21 03:00:00,254.85568,252.11521416382593
2026-04-21 04:00:00,254.85568,262.96167500939333
2026-04-21 05:00:00,254.85568,272.9433742815641
2026-04-21 06:00:00,254.85568,271.2368784442391
2026-04-21 07:00:00,254.85568,270.7605691535956
2026-04-21 08:00:00,254.85568,266.3188084841326
2026-04-21 09:00:00,254.85568,253.07309042422474
2026-04-21 10:00:00,254.85568,248.50156045431788
2026-04-21 11:00:00,254.85568,252.4202899098712
2026-04-21 12:00:00,254.85568,249.66271309795297
2026-04-21 13:00:00,254.85568,263.8617183700443
2026-04-21 14:00:00,274.85568,281.6818446021007
2026-04-21 15:00:00,354.85568,313.6327211002605
2026-04-21 16:00:00,364.85568,322.1264370003605
2026-04-21 17:00:00,364.85568,376.6941804788828
2026-04-21 18:00:00,364.85568,602.6489985118353
2026-04-21 19:00:00,614.85568,718.4083146606007
2026-04-21 20:00:00,364.85568,543.0567251159159
2026-04-21 21:00:00,364.85568,372.737735710534
2026-04-21 22:00:00,254.85568,291.04455591782886
2026-04-21 23:00:00,254.85568,273.6582811240054
2026-04-22 00:00:00,206.59557,257.3506574926421
2026-04-22 01:00:00,206.59557,211.17491490306708
2026-04-22 02:00:00,206.59557,217.31280045514862
2026-04-22 03:00:00,206.59557,209.6493779717793
2026-04-22 04:00:00,206.59557,214.09692449572395
2026-04-22 05:00:00,238.59557,224.56619724587048
2026-04-22 06:00:00,246.45257,231.2708212500139
2026-04-22 07:00:00,246.45257,237.39174643029642
2026-04-22 08:00:00,238.59557,231.0654909758288
2026-04-22 09:00:00,223.07557,220.50786566183982
2026-04-22 10:00:00,238.59557,218.2724662232387
2026-04-22 11:00:00,223.07557,225.95297787743192
2026-04-22 12:00:00,206.59557,237.84699379874223
2026-04-22 13:00:00,238.59557,244.98328498694974
2026-04-22 14:00:00,328.69557,266.52119401361654
2026-04-22 15:00:00,348.59557,312.1636457118295
2026-04-22 16:00:00,348.59557,315.86308124450227
2026-04-22 17:00:00,348.59557,338.45044527296426
2026-04-22 18:00:00,598.59557,443.8152043895576
2026-04-22 19:00:00,305.73557,587.3928713271316
2026-04-22 20:00:00,305.73557,445.3806389508876
2026-04-22 21:00:00,328.69557,339.79153897872754
2026-04-22 22:00:00,328.69557,268.8117553514706
2026-04-22 23:00:00,277.59557,249.2695362637703
2026-04-23 00:00:00,250.81233,217.60295786784914
2026-04-23 01:00:00,250.81233,251.32244014580834
2026-04-23 02:00:00,250.81233,251.2317330356677
2026-04-23 03:00:00,250.81233,248.07438390905318
2026-04-23 04:00:00,250.81233,254.4004961539948
2026-04-23 05:00:00,250.81233,257.3208781942383
2026-04-23 06:00:00,250.81233,256.34411178302804
2026-04-23 07:00:00,250.81233,256.90891519078065
2026-04-23 08:00:00,250.81233,253.2255294513361
2026-04-23 09:00:00,237.81233,245.88781231841008
2026-04-23 10:00:00,250.81233,249.31481666241334
2026-04-23 11:00:00,250.81233,248.94369239214825
2026-04-23 12:00:00,250.81233,245.07751214485904
2026-04-23 13:00:00,250.81233,258.39605419243446
2026-04-23 14:00:00,255.66933,293.12406298332326
2026-04-23 15:00:00,296.22233,308.3474223742422
2026-04-23 16:00:00,317.81233,312.2953060107978
2026-04-23 17:00:00,317.81233,333.503356510741
2026-04-23 18:00:00,357.81233,431.78866500024185
2026-04-23 19:00:00,357.81233,428.1341674531333
2026-04-23 20:00:00,317.81233,354.0982015064558
2026-04-23 21:00:00,316.81233,312.874145848685
2026-04-23 22:00:00,296.22233,289.62161365668817
2026-04-23 23:00:00,250.81233,270.02404666385473
2026-04-24 00:00:00,274.13793,245.84407173672255
2026-04-24 01:00:00,274.13793,270.02244244986076
2026-04-24 02:00:00,274.13793,269.22154816465275
2026-04-24 03:00:00,274.13793,267.7096648711926
2026-04-24 04:00:00,274.13793,270.8306922063529
2026-04-24 05:00:00,274.13793,272.77531576435473
2026-04-24 06:00:00,274.13793,269.46892360154544
2026-04-24 07:00:00,251.34993,269.3248417467493
2026-04-24 08:00:00,251.34993,268.12742680047404
2026-04-24 09:00:00,251.34993,263.01516419392937
2026-04-24 10:00:00,251.99493,263.9291296128682
2026-04-24 11:00:00,274.13793,264.947125217013
2026-04-24 12:00:00,274.13793,270.3421584755345
2026-04-24 13:00:00,279.13793,270.96207289768995
2026-04-24 14:00:00,279.13793,277.63455896449045
2026-04-24 15:00:00,279.13793,291.41960666622475
2026-04-24 16:00:00,294.13793,302.4034950016753
2026-04-24 17:00:00,314.13793,310.76888947787495
2026-04-24 18:00:00,354.13793,350.1222366780371
2026-04-24 19:00:00,604.13793,355.09665772925496
2026-04-24 20:00:00,314.13793,328.4725599557845
2026-04-24 21:00:00,314.13793,310.02784200996024
2026-04-24 22:00:00,306.13793,286.66289976100734
2026-04-24 23:00:00,279.13793,275.2095990445649
2026-04-25 00:00:00,246.00735,265.08696395220005
2026-04-25 01:00:00,246.00735,244.72447801382143
2026-04-25 02:00:00,246.00735,245.3225656304599
2026-04-25 03:00:00,246.00735,245.49875094678424
2026-04-25 04:00:00,246.00735,246.41876299338224
2026-04-25 05:00:00,246.00735,246.8902343272356
2026-04-25 06:00:00,246.00735,249.08270281762253
2026-04-25 07:00:00,246.00735,246.40205625402842
2026-04-25 08:00:00,246.00735,245.58533730206076
2026-04-25 09:00:00,246.00735,242.85779599264086
2026-04-25 10:00:00,246.00735,242.03560199121472
2026-04-25 11:00:00,246.00735,244.526344747046
2026-04-25 12:00:00,246.00735,253.8768976425672
2026-04-25 13:00:00,246.00735,252.38243098804
2026-04-25 14:00:00,246.00735,257.05243765179404
2026-04-25 15:00:00,246.00735,263.0316644045658
2026-04-25 16:00:00,266.21935,274.7294573348895
2026-04-25 17:00:00,306.00735,290.69880154351904
2026-04-25 18:00:00,316.00735,339.59101995625593
2026-04-25 19:00:00,336.00735,399.4201461003697
2026-04-25 20:00:00,316.00735,330.1578074467846
2026-04-25 21:00:00,306.00735,300.55346595447014
2026-04-25 22:00:00,286.00735,284.3360751961512
2026-04-25 23:00:00,266.21935,266.3256017122304
2026-04-26 00:00:00,258.12799,247.19159413864892
2026-04-26 01:00:00,257.12799,258.21096571880923
2026-04-26 02:00:00,250.42799,257.7673195405904
2026-04-26 03:00:00,238.12799,258.1802903823973
2026-04-26 04:00:00,238.12799,258.7399341724352
2026-04-26 05:00:00,238.12799,258.77378177657357
2026-04-26 06:00:00,238.12799,254.74950705298906
2026-04-26 07:00:00,227.12799,253.40422631514807
2026-04-26 08:00:00,227.12799,250.96269154764192
2026-04-26 09:00:00,227.12799,250.21590147885453
2026-04-26 10:00:00,227.12799,248.9250681675086
2026-04-26 11:00:00,227.12799,248.381575732646
2026-04-26 12:00:00,227.12799,247.71549307599142
2026-04-26 13:00:00,238.12799,244.67020565312416
2026-04-26 14:00:00,238.12799,244.04579551063824
2026-04-26 15:00:00,257.12799,246.9151792554341
2026-04-26 16:00:00,258.33999,257.08667354565983
2026-04-26 17:00:00,268.12799,277.08476436172754
2026-04-26 18:00:00,278.12799,298.22674010427113
2026-04-26 19:00:00,308.12799,334.4864226883891
2026-04-26 20:00:00,308.12799,309.54020434285087
2026-04-26 21:00:00,308.12799,295.0868172554086
2026-04-26 22:00:00,268.12799,279.8657778179146
2026-04-26 23:00:00,258.33999,270.3518302088586
2026-04-27 00:00:00,251.80531,261.9780991337643
2026-04-27 01:00:00,245.80531,251.82393341643834
2026-04-27 02:00:00,245.80531,251.99692299580985
2026-04-27 03:00:00,245.80531,251.76949900170436
2026-04-27 04:00:00,251.80531,256.3188690575545
2026-04-27 05:00:00,251.80531,262.52988740806177
2026-04-27 06:00:00,251.80531,259.80460827809253
2026-04-27 07:00:00,251.80531,257.66010976078087
2026-04-27 08:00:00,251.80531,259.9054479042127
2026-04-27 09:00:00,251.80531,257.4023290020524
2026-04-27 10:00:00,251.80531,259.6362660836508
2026-04-27 11:00:00,251.80531,263.8080325205845
2026-04-27 12:00:00,251.80531,265.3033084402611
2026-04-27 13:00:00,251.80531,269.78710383656187
2026-04-27 14:00:00,277.01731,273.9451569088916
2026-04-27 15:00:00,277.01731,284.4753670389325
2026-04-27 16:00:00,281.80531,288.45586726617944
2026-04-27 17:00:00,306.80531,301.66541379251424
2026-04-27 18:00:00,346.80531,329.192080322846
2026-04-27 19:00:00,596.80531,360.6283938929829
2026-04-27 20:00:00,306.80531,334.2390245945825
2026-04-27 21:00:00,306.80531,308.54878594310355
2026-04-27 22:00:00,281.80531,281.4067207882801
2026-04-27 23:00:00,277.01731,274.96458026149344
2026-04-28 00:00:00,98.19155,268.9825995692687
2026-04-28 01:00:00,103.40455,106.99482410348135
2026-04-28 02:00:00,98.19155,119.13407920539535
2026-04-28 03:00:00,98.19155,134.57262029007174
2026-04-28 04:00:00,101.98955,161.54051200593685
2026-04-28 05:00:00,257.04255,197.62870246002296
2026-04-28 06:00:00,257.04255,224.16188895593604
2026-04-28 07:00:00,257.04255,232.5300156575248
2026-04-28 08:00:00,105.34955,237.87539274685105
2026-04-28 09:00:00,98.19155,240.8093644907175
2026-04-28 10:00:00,98.19155,241.87682301893932
2026-04-28 11:00:00,101.98955,238.99645935831492
2026-04-28 12:00:00,101.98955,240.6576583051795
2026-04-28 13:00:00,257.04255,242.92291966568777
2026-04-28 14:00:00,257.04255,258.5333617914172
2026-04-28 15:00:00,267.04255,271.796437958252
2026-04-28 16:00:00,267.04255,280.08491238165044
2026-04-28 17:00:00,272.04255,291.4861810821803
2026-04-28 18:00:00,597.04255,330.62598930648187
2026-04-28 19:00:00,1134.59455,430.778482207
2026-04-28 20:00:00,307.04255,334.5004393869914
2026-04-28 21:00:00,307.04255,294.93909258655844
2026-04-28 22:00:00,257.04255,249.5276717341607
2026-04-28 23:00:00,257.04255,218.61588815858985
2026-04-29 00:00:00,121.41992,164.9961433421725
2026-04-29 01:00:00,121.41992,127.37881320818214
2026-04-29 02:00:00,115.33292,125.89079569498989
2026-04-29 03:00:00,115.33292,121.49193662799901
2026-04-29 04:00:00,115.33292,137.05678341342932
2026-04-29 05:00:00,122.49092,167.47796417923223
2026-04-29 06:00:00,121.41992,187.69373612473274
2026-04-29 07:00:00,122.49092,188.19583277434919
2026-04-29 08:00:00,122.49092,162.675879355496
2026-04-29 09:00:00,115.33292,160.34289706953498
2026-04-29 10:00:00,115.33292,162.80491008072127
2026-04-29 11:00:00,115.33292,163.6164507766125
2026-04-29 12:00:00,115.33292,167.08322926710875
2026-04-29 13:00:00,122.49092,219.67130679994608
2026-04-29 14:00:00,274.18392,244.6641461745203
2026-04-29 15:00:00,279.18392,275.9377901501647
2026-04-29 16:00:00,282.18392,286.14857737276395
2026-04-29 17:00:00,364.18392,328.45660241861344
2026-04-29 18:00:00,364.18392,485.7099532597215
2026-04-29 19:00:00,614.18392,627.2391438285531
2026-04-29 20:00:00,614.18392,366.3153812282477
2026-04-29 21:00:00,284.18392,273.70397049099824
2026-04-29 22:00:00,274.18392,223.21381309802888
2026-04-29 23:00:00,274.18392,201.38516275097567
2026-04-30 00:00:00,123.9943,131.10402809747256
2026-04-30 01:00:00,123.9943,130.78227332623362
2026-04-30 02:00:00,123.9943,133.69781695513737
2026-04-30 03:00:00,123.9943,124.38716235732247
2026-04-30 04:00:00,123.9943,130.72172898865767
2026-04-30 05:00:00,225.6873,149.38568093473182
2026-04-30 06:00:00,225.6873,159.85654174347604
2026-04-30 07:00:00,123.9943,160.7768109342525
2026-04-30 08:00:00,116.8363,160.8563886171844
2026-04-30 09:00:00,116.8363,157.94075219118014
2026-04-30 10:00:00,120.6343,168.83828083689613
2026-04-30 11:00:00,225.6873,180.72426830169525
2026-04-30 12:00:00,225.6873,177.71393102184268
2026-04-30 13:00:00,225.6873,195.35942879835048
2026-04-30 14:00:00,225.6873,257.94248276971956
2026-04-30 15:00:00,265.6873,293.00481731308133
2026-04-30 16:00:00,265.6873,302.19212232652063
2026-04-30 17:00:00,274.6873,350.90010435102164
2026-04-30 18:00:00,285.6873,396.21816780412144
2026-04-30 19:00:00,285.6873,540.8244550471164
2026-04-30 20:00:00,285.6873,457.9527018314599
2026-04-30 21:00:00,265.6873,296.1631648336179
2026-04-30 22:00:00,265.6873,242.3382622015048
2026-04-30 23:00:00,225.6873,217.74085670078378
2026-05-01 00:00:00,183.43366,161.44994527168734
2026-05-01 01:00:00,183.43366,180.49868539168156
2026-05-01 02:00:00,148.43366,175.03333034959385
2026-05-01 03:00:00,129.44266,174.40871886027645
2026-05-01 04:00:00,129.44266,173.89295281885603
2026-05-01 05:00:00,129.44266,173.80299037237648
2026-05-01 06:00:00,127.43366,184.3532401330655
2026-05-01 07:00:00,121.75366,170.25016275123596
2026-05-01 08:00:00,121.62366,167.97271890191297
2026-05-01 09:00:00,121.62366,167.27289637226738
2026-05-01 10:00:00,121.62366,168.78205388224296
2026-05-01 11:00:00,127.43366,182.44466462827586
2026-05-01 12:00:00,127.43366,195.29738147441128
2026-05-01 13:00:00,127.43366,191.7500590618087
2026-05-01 14:00:00,129.44266,199.92387771216835
2026-05-01 15:00:00,183.43366,216.65454669466655
2026-05-01 16:00:00,183.43366,219.30144361574133
2026-05-01 17:00:00,233.43366,232.21855085996577
2026-05-01 18:00:00,262.43366,268.19052637810216
2026-05-01 19:00:00,623.43366,291.01421522727856
2026-05-01 20:00:00,233.43366,270.6843926467519
2026-05-01 21:00:00,233.43366,250.14917368670802
2026-05-01 22:00:00,233.43366,237.00953950206127
2026-05-01 23:00:00,233.43366,211.88028495888784
2026-05-02 00:00:00,143.40286,173.87968842947572
2026-05-02 01:00:00,168.40286,144.1659640576916
2026-05-02 02:00:00,143.40286,145.0682480157256
2026-05-02 03:00:00,143.40286,143.2309040176224
2026-05-02 04:00:00,143.40286,142.07857518095972
2026-05-02 05:00:00,143.40286,142.16424352568077
2026-05-02 06:00:00,143.40286,141.62710893295466
2026-05-02 07:00:00,143.40286,140.44765276578346
2026-05-02 08:00:00,143.40286,139.44438586486095
2026-05-02 09:00:00,198.90286,140.43945682005307
2026-05-02 10:00:00,168.40286,139.73146198618002
2026-05-02 11:00:00,168.40286,142.11089105293564
2026-05-02 12:00:00,168.40286,143.82920073208632
2026-05-02 13:00:00,168.40286,142.7850207172652
2026-05-02 14:00:00,168.40286,146.62488519642068
2026-05-02 15:00:00,198.90286,167.1158346668177
2026-05-02 16:00:00,208.40286,166.7029966327753
2026-05-02 17:00:00,208.40286,188.20988162183068
2026-05-02 18:00:00,238.40286,254.36132169473328
2026-05-02 19:00:00,238.40286,370.88960571578446
2026-05-02 20:00:00,238.40286,246.0852256807783
2026-05-02 21:00:00,208.40286,223.7715500362042
2026-05-02 22:00:00,208.40286,210.88266773728313
2026-05-02 23:00:00,198.90286,201.92657392259102
2026-05-03 00:00:00,206.23212,157.9133808204224
2026-05-03 01:00:00,206.23212,204.23370477769214
2026-05-03 02:00:00,206.23212,202.47952099123884
2026-05-03 03:00:00,183.73212,202.59894989037707
2026-05-03 04:00:00,206.23212,201.7264050762872
2026-05-03 05:00:00,206.23212,201.05140187394193
2026-05-03 06:00:00,183.73212,189.94526193421547
2026-05-03 07:00:00,183.73212,187.4579260473011
2026-05-03 08:00:00,183.73212,185.4898280535931
2026-05-03 09:00:00,183.73212,191.87926719289206
2026-05-03 10:00:00,183.73212,188.97008696065546
2026-05-03 11:00:00,183.73212,188.85835186894278
2026-05-03 12:00:00,183.73212,191.27298298800588
2026-05-03 13:00:00,183.73212,185.51726158096477
2026-05-03 14:00:00,206.23212,187.51803548819146
2026-05-03 15:00:00,206.23212,197.83422556946547
2026-05-03 16:00:00,213.23212,207.08301287513493
2026-05-03 17:00:00,213.23212,213.9867720243678
2026-05-03 18:00:00,238.23212,225.82234351560714
2026-05-03 19:00:00,238.23212,263.1149583095088
2026-05-03 20:00:00,238.23212,240.37468039075193
2026-05-03 21:00:00,238.23212,220.38113520112674
2026-05-03 22:00:00,213.23212,215.56749502237358
2026-05-03 23:00:00,213.23212,205.6526118319867
2026-05-04 00:00:00,214.6534,203.7111622269015
2026-05-04 01:00:00,214.6534,214.82349509488142
2026-05-04 02:00:00,214.6534,216.9167023404209
2026-05-04 03:00:00,214.6534,216.12557660124952
2026-05-04 04:00:00,214.6534,221.41601732124275
2026-05-04 05:00:00,248.6534,223.7612328720584
2026-05-04 06:00:00,248.6534,216.60520918173097
2026-05-04 07:00:00,214.6534,219.71632473139175
2026-05-04 08:00:00,214.6534,221.00823009324387
2026-05-04 09:00:00,214.6534,220.2378948153745
2026-05-04 10:00:00,223.6534,223.1624837209314
2026-05-04 11:00:00,248.6534,225.1355543406833
2026-05-04 12:00:00,248.6534,215.89676700045132
2026-05-04 13:00:00,248.6534,215.977133554384
2026-05-04 14:00:00,248.6534,228.16333516940728
2026-05-04 15:00:00,258.6534,233.0179113796192
2026-05-04 16:00:00,294.1534,237.1466490066136
2026-05-04 17:00:00,294.1534,245.79132609930852
2026-05-04 18:00:00,508.6534,280.5282802943102
2026-05-04 19:00:00,558.6534,305.38613956315817
2026-05-04 20:00:00,508.6534,280.6537232867558
2026-05-04 21:00:00,558.6534,265.6632528610045
2026-05-04 22:00:00,294.1534,239.2782245467019
2026-05-04 23:00:00,248.6534,235.01493436181306
2026-05-05 00:00:00,231.43242,238.9500604205452
2026-05-05 01:00:00,231.43242,234.45031007948296
2026-05-05 02:00:00,231.43242,234.51232242420102
2026-05-05 03:00:00,231.43242,224.48193447052836
2026-05-05 04:00:00,265.93242,235.7192096281958
2026-05-05 05:00:00,265.93242,260.19214558790054
2026-05-05 06:00:00,265.93242,255.84043793106866
2026-05-05 07:00:00,231.43242,255.87368440441946
2026-05-05 08:00:00,231.43242,253.46865179892126
2026-05-05 09:00:00,231.43242,249.66133369370766
2026-05-05 10:00:00,231.43242,255.4990595062169
2026-05-05 11:00:00,265.93242,265.287661963383
2026-05-05 12:00:00,265.93242,260.2898938357109
2026-05-05 13:00:00,265.93242,271.04558508134016
2026-05-05 14:00:00,280.93242,281.1129490121023
2026-05-05 15:00:00,285.93242,297.78484677619724
2026-05-05 16:00:00,315.93242,309.59968444168106
2026-05-05 17:00:00,315.93242,322.2618271583989
2026-05-05 18:00:00,515.93242,444.6709135391119
2026-05-05 19:00:00,1118.61742,525.0163566799995
2026-05-05 20:00:00,515.93242,442.2876058571387
2026-05-05 21:00:00,495.93242,404.62502838089125
2026-05-05 22:00:00,315.93242,295.10584151412354
2026-05-05 23:00:00,280.93242,269.31791669342726
2026-05-06 00:00:00,230.28631,255.3258342997781
2026-05-06 01:00:00,230.28631,232.47099157020224
2026-05-06 02:00:00,230.28631,229.92958287775653
2026-05-06 03:00:00,230.28631,224.4676238959144
2026-05-06 04:00:00,230.28631,230.35736454652914
2026-05-06 05:00:00,264.28631,246.03464209253036
2026-05-06 06:00:00,230.28631,241.83261660531736
2026-05-06 07:00:00,230.28631,233.77149391390964
2026-05-06 08:00:00,230.28631,230.74226595071937
2026-05-06 09:00:00,230.28631,229.3481708808474
2026-05-06 10:00:00,230.28631,235.69198297306014
2026-05-06 11:00:00,230.28631,248.68163368255642
2026-05-06 12:00:00,230.28631,253.06009393098694
2026-05-06 13:00:00,230.28631,261.39372804077084
2026-05-06 14:00:00,264.28631,282.0396226517509
2026-05-06 15:00:00,279.78631,306.9933818339748
2026-05-06 16:00:00,314.78631,324.66618934388157
2026-05-06 17:00:00,314.78631,329.35392952822986
2026-05-06 18:00:00,504.78631,457.98456905240806
2026-05-06 19:00:00,1117.47131,708.149601285343
2026-05-06 20:00:00,504.78631,489.506260945067
2026-05-06 21:00:00,504.78631,402.91094887892154
2026-05-06 22:00:00,284.78631,314.5379278426415
2026-05-06 23:00:00,230.28631,279.22652603270114
2026-05-07 00:00:00,225.7132,225.52149963378903
2026-05-07 01:00:00,251.8442,229.08897399902344
2026-05-07 02:00:00,225.7132,224.86880493164065
2026-05-07 03:00:00,225.7132,219.8055725097656
2026-05-07 04:00:00,225.7132,228.87294006347656
2026-05-07 05:00:00,251.8442,237.8434295654297
2026-05-07 06:00:00,225.7132,229.41728795249037
2026-05-07 07:00:00,225.7132,223.16808947795167
2026-05-07 08:00:00,225.7132,224.16237887812548
2026-05-07 09:00:00,221.2132,223.98476981128175
2026-05-07 10:00:00,225.7132,234.5948686400019
2026-05-07 11:00:00,225.7132,244.8437671706223
2026-05-07 12:00:00,225.7132,240.28901915401383
2026-05-07 13:00:00,225.7132,249.46021115048748
2026-05-07 14:00:00,251.8442,269.07912631132467
2026-05-07 15:00:00,251.8442,297.1890625824665
2026-05-07 16:00:00,280.7132,307.4869272098646
2026-05-07 17:00:00,315.7132,313.984272129416
2026-05-07 18:00:00,495.7132,452.8028733415773
2026-05-07 19:00:00,1118.3982,664.8348013278792
2026-05-07 20:00:00,495.7132,451.81617749277575
2026-05-07 21:00:00,475.7132,399.79211756130394
2026-05-07 22:00:00,280.7132,289.73219636554205
2026-05-07 23:00:00,251.8442,238.49685155453474
2026-05-08 00:00:00,244.22873,219.14251708984372
2026-05-08 01:00:00,244.22873,245.9238128662109
2026-05-08 02:00:00,244.22873,236.4690399169922
2026-05-08 03:00:00,244.22873,234.39537048339844
2026-05-08 04:00:00,244.22873,234.55093383789065
2026-05-08 05:00:00,244.22873,245.8972930908203
2026-05-08 06:00:00,244.22873,237.36634065097329
2026-05-08 07:00:00,244.22873,234.6163203796861
2026-05-08 08:00:00,244.22873,237.30648250474246
2026-05-08 09:00:00,244.22873,233.69320630265412
2026-05-08 10:00:00,244.22873,239.05246460802934
2026-05-08 11:00:00,244.22873,246.08889790968112
2026-05-08 12:00:00,244.22873,242.09228821701316
2026-05-08 13:00:00,244.22873,245.13508932198047
2026-05-08 14:00:00,244.22873,258.7328125448009
2026-05-08 15:00:00,251.22873,279.8097333151941
2026-05-08 16:00:00,307.72873,283.2303038394899
2026-05-08 17:00:00,307.72873,298.191446162502
2026-05-08 18:00:00,1110.41373,436.69077334068925
2026-05-08 19:00:00,1122.29073,713.5477840969261
2026-05-08 20:00:00,457.72873,444.16980714267316
2026-05-08 21:00:00,307.72873,389.1854503929092
2026-05-08 22:00:00,252.72873,284.0909953360967
2026-05-08 23:00:00,244.22873,258.39315637246045
2026-05-09 00:00:00,163.73167,240.0989680963747
2026-05-09 01:00:00,163.73167,166.69205062221812
2026-05-09 02:00:00,163.73167,163.63017553758584
2026-05-09 03:00:00,163.73167,160.50855102011872
2026-05-09 04:00:00,163.73167,165.7223359495388
2026-05-09 05:00:00,163.73167,164.96316432203096
2026-05-09 06:00:00,163.73167,177.67185150069548
2026-05-09 07:00:00,148.73167,177.16615365912222
2026-05-09 08:00:00,148.73167,177.62256840190236
2026-05-09 09:00:00,148.73167,180.1621209414581
2026-05-09 10:00:00,148.73167,185.1269826577232
2026-05-09 11:00:00,148.73167,188.13651484259512
2026-05-09 12:00:00,148.73167,178.47615679759303
2026-05-09 13:00:00,148.73167,176.7124761351458
2026-05-09 14:00:00,163.73167,186.07850076358176
2026-05-09 15:00:00,163.73167,204.4127527572423
2026-05-09 16:00:00,218.73167,203.9475559295095
2026-05-09 17:00:00,308.73167,230.09558994922884
2026-05-09 18:00:00,438.73167,698.1268170025672
2026-05-09 19:00:00,458.73167,737.378888876852
2026-05-09 20:00:00,308.73167,395.21153326610556
2026-05-09 21:00:00,308.73167,297.27716093434566
2026-05-09 22:00:00,246.05567,246.02855993913772
2026-05-09 23:00:00,238.73167,226.9263682663804
2026-05-10 00:00:00,276.57911,170.96911678401895
2026-05-10 01:00:00,276.57911,273.53488741534574
2026-05-10 02:00:00,267.46811,273.85737195815
2026-05-10 03:00:00,229.46811,268.3319777046714
2026-05-10 04:00:00,267.46811,269.72567178340887
2026-05-10 05:00:00,229.46811,268.34838204918475
2026-05-10 06:00:00,147.46811,252.9745462882857
2026-05-10 07:00:00,147.46811,246.84619844988788
2026-05-10 08:00:00,147.46811,247.07918916736133
2026-05-10 09:00:00,147.46811,245.11957412758832
2026-05-10 10:00:00,147.46811,248.3555327212593
2026-05-10 11:00:00,147.46811,250.39521006642696
2026-05-10 12:00:00,147.46811,244.01309936790955
2026-05-10 13:00:00,147.46811,243.94019914338082
2026-05-10 14:00:00,147.46811,245.53551295605197
2026-05-10 15:00:00,218.46811,254.1643505499311
2026-05-10 16:00:00,267.46811,264.98671995323366
2026-05-10 17:00:00,276.57911,289.5498845382568
2026-05-10 18:00:00,358.46811,344.5473767180537
2026-05-10 19:00:00,358.46811,376.7696139491348
2026-05-10 20:00:00,358.46811,318.986638755998
2026-05-10 21:00:00,358.46811,307.50599959644524
2026-05-10 22:00:00,358.46811,266.65279590518287
2026-05-10 23:00:00,353.46811,255.42951258988256
2026-05-11 00:00:00,276.39693,261.8712774018672
2026-05-11 01:00:00,278.39693,276.1592601406436
2026-05-11 02:00:00,276.39693,275.245499881704
2026-05-11 03:00:00,268.39693,268.66681406082336
2026-05-11 04:00:00,276.39693,281.25328996259736
2026-05-11 05:00:00,292.39693,287.2684168348349
2026-05-11 06:00:00,278.39693,256.7354710016715
2026-05-11 07:00:00,307.39693,259.125770869092
2026-05-11 08:00:00,278.39693,263.91744643340854
2026-05-11 09:00:00,276.39693,264.1867968417474
2026-05-11 10:00:00,278.39693,267.3348268545494
2026-05-11 11:00:00,307.39693,274.1951645866923
2026-05-11 12:00:00,307.39693,260.6497975879044
2026-05-11 13:00:00,307.39693,269.61561139710903
2026-05-11 14:00:00,458.39693,280.5324729396399
2026-05-11 15:00:00,468.39693,325.3604804559171
2026-05-11 16:00:00,488.50793,349.11980810109026
2026-05-11 17:00:00,488.50793,367.1345487509628
2026-05-11 18:00:00,699.99193,446.5370952443553
2026-05-11 19:00:00,699.99193,482.77516415440414
2026-05-11 20:00:00,488.50793,433.4380785181678
2026-05-11 21:00:00,488.50793,386.49419869036285
2026-05-11 22:00:00,468.39693,346.0154786891041
2026-05-11 23:00:00,463.39693,337.5449397394998
2026-05-12 00:00:00,495.64994,302.9579916298636
2026-05-12 01:00:00,495.64994,489.82933021290427
2026-05-12 02:00:00,495.64994,479.2698181549615
2026-05-12 03:00:00,469.53894,468.7535118301761
2026-05-12 04:00:00,495.64994,475.05846263968493
2026-05-12 05:00:00,495.64994,488.19007610225503
2026-05-12 06:00:00,495.64994,443.138876579289
2026-05-12 07:00:00,469.53894,448.4872681096764
2026-05-12 08:00:00,482.53894,447.0202940954502
2026-05-12 09:00:00,469.53894,438.91533153573755
2026-05-12 10:00:00,482.53894,438.55626944914763
2026-05-12 11:00:00,482.53894,453.2406460261737
2026-05-12 12:00:00,482.53894,478.6340976335099
2026-05-12 13:00:00,495.64994,485.818268896892
2026-05-12 14:00:00,508.45494,508.10635713600186
2026-05-12 15:00:00,803.53894,523.480321281465
2026-05-12 16:00:00,824.53894,538.1946218772853
2026-05-12 17:00:00,824.53894,561.3564174082544
2026-05-12 18:00:00,834.53894,642.569621014914
2026-05-12 19:00:00,834.53894,699.4728982663828
2026-05-12 20:00:00,829.53894,538.4379455698053
2026-05-12 21:00:00,824.53894,507.7209959384504
2026-05-12 22:00:00,824.53894,496.3328046417973
2026-05-12 23:00:00,503.53894,477.346381146638
2026-05-13 00:00:00,660.78986,497.6459590913892
2026-05-13 01:00:00,654.55886,650.0097922837384
2026-05-13 02:00:00,654.55886,632.757875224232
2026-05-13 03:00:00,654.55886,614.7375258568804
2026-05-13 04:00:00,703.44786,610.7713434821895
2026-05-13 05:00:00,770.97986,619.1463920993549
2026-05-13 06:00:00,703.44786,623.2843448328847
2026-05-13 07:00:00,654.55886,605.9380046921101
2026-05-13 08:00:00,654.55886,620.4526028340557
2026-05-13 09:00:00,489.44786,620.8158650804728
2026-05-13 10:00:00,654.55886,621.0131958484867
2026-05-13 11:00:00,654.55886,634.2498225001158
2026-05-13 12:00:00,654.55886,673.3120655105731
2026-05-13 13:00:00,703.44786,691.6563788511103
2026-05-13 14:00:00,703.44786,703.2008275129916
2026-05-13 15:00:00,770.97986,724.0609278534536
2026-05-13 16:00:00,823.44786,738.3375686901354
2026-05-13 17:00:00,833.44786,764.6802024965016
2026-05-13 18:00:00,1083.44786,833.92085823657
2026-05-13 19:00:00,1093.44786,875.716025865991
2026-05-13 20:00:00,903.44786,785.8086204379501
2026-05-13 21:00:00,833.44786,738.1835458770818
2026-05-13 22:00:00,823.44786,700.8786223580985
2026-05-13 23:00:00,703.44786,610.3522252644369
2026-05-14 00:00:00,822.47869,643.2593797591284
2026-05-14 01:00:00,822.47869,815.6962777043505
2026-05-14 02:00:00,801.47869,796.5234068990919
2026-05-14 03:00:00,771.75269,776.3683255603144
2026-05-14 04:00:00,801.47869,771.4297160237743
2026-05-14 05:00:00,822.47869,771.7242931052782
2026-05-14 06:00:00,822.47869,768.9396181796658
2026-05-14 07:00:00,704.47869,754.641709762139
2026-05-14 08:00:00,704.47869,754.9498547273663
2026-05-14 09:00:00,704.47869,742.2597311803752
2026-05-14 10:00:00,704.47869,756.1469918100308
2026-05-14 11:00:00,801.47869,761.548101629191
2026-05-14 12:00:00,771.75269,796.459143674813
2026-05-14 13:00:00,822.47869,808.6845101917014
2026-05-14 14:00:00,832.47869,819.312237733433
2026-05-14 15:00:00,832.47869,825.64599730122
2026-05-14 16:00:00,913.23569,841.9657433515993
2026-05-14 17:00:00,913.23569,865.1280963844151
2026-05-14 18:00:00,1082.47869,893.3481463712274
2026-05-14 19:00:00,1094.47869,933.2712053140802
2026-05-14 20:00:00,1082.47869,866.8877698553479
2026-05-14 21:00:00,913.23569,820.393908166204
2026-05-14 22:00:00,832.47869,780.1654846612768
2026-05-14 23:00:00,832.47869,733.4790853349615
2026-05-15 00:00:00,792.65294,800.2147914083723
2026-05-15 01:00:00,792.65294,792.7727504690984
2026-05-15 02:00:00,774.53594,788.2182030960881
2026-05-15 03:00:00,774.53594,785.0930866242069
2026-05-15 04:00:00,792.65294,784.5416831782308
2026-05-15 05:00:00,792.65294,786.0653278885048
2026-05-15 06:00:00,792.65294,759.9846100191354
2026-05-15 07:00:00,666.05494,733.796724010831
2026-05-15 08:00:00,644.65294,725.1375846302426
2026-05-15 09:00:00,642.65294,726.7346400563241
2026-05-15 10:00:00,666.05494,728.0207677057244
2026-05-15 11:00:00,698.50794,745.1058842679784
2026-05-15 12:00:00,792.65294,786.246661985284
2026-05-15 13:00:00,792.65294,798.7521639954334
2026-05-15 14:00:00,792.65294,814.9618922226454
2026-05-15 15:00:00,792.65294,824.2888411887114
2026-05-15 16:00:00,801.65294,849.1419789067108
2026-05-15 17:00:00,822.65294,880.6644975673411
2026-05-15 18:00:00,902.65294,945.8004848585783
2026-05-15 19:00:00,1082.65294,934.2740561055314
2026-05-15 20:00:00,902.65294,882.5859048324874
2026-05-15 21:00:00,902.65294,854.8383969584352
2026-05-15 22:00:00,822.65294,833.1025550595602
2026-05-15 23:00:00,792.65294,795.680672183044
2026-05-16 00:00:00,691.8236,804.5317863636285
2026-05-16 01:00:00,693.1876,689.1536257949562
2026-05-16 02:00:00,798.6876,696.0722926079509
2026-05-16 03:00:00,691.8236,697.4967743182763
2026-05-16 04:00:00,798.6876,689.9118967572475
2026-05-16 05:00:00,798.6876,688.433700945997
2026-05-16 06:00:00,691.8236,656.9320675392476
2026-05-16 07:00:00,442.8236,637.5477094053874
2026-05-16 08:00:00,442.8236,619.9421401040859
2026-05-16 09:00:00,442.8236,624.1340577751197
2026-05-16 10:00:00,509.8466,632.8459703115844
2026-05-16 11:00:00,442.8236,635.856055595526
2026-05-16 12:00:00,442.8236,686.758902679306
2026-05-16 13:00:00,442.8236,708.7491644326318
2026-05-16 14:00:00,691.8236,730.4690953451487
2026-05-16 15:00:00,798.6876,756.9904198401085
2026-05-16 16:00:00,798.6876,777.5140448117411
2026-05-16 17:00:00,802.8236,799.9807006652978
2026-05-16 18:00:00,832.8236,826.5751305195142
2026-05-16 19:00:00,822.8236,861.9812707707857
2026-05-16 20:00:00,822.8236,826.8268332794075
2026-05-16 21:00:00,802.8236,817.0649222797058
2026-05-16 22:00:00,798.6876,785.0552391469951
2026-05-16 23:00:00,798.6876,747.9614317777098
2026-05-17 00:00:00,759.4927,754.1818794679817
2026-05-17 01:00:00,759.4927,755.0322754823521
2026-05-17 02:00:00,759.4927,746.1367377901939
2026-05-17 03:00:00,759.4927,746.5231095577067
2026-05-17 04:00:00,759.4927,713.2630921527143
2026-05-17 05:00:00,759.4927,650.3659250178891
2026-05-17 06:00:00,759.4927,539.9783955139369
2026-05-17 07:00:00,413.8287,477.0718391223327
2026-05-17 08:00:00,408.8287,452.18730118252034
2026-05-17 09:00:00,408.8287,443.0964982050679
2026-05-17 10:00:00,408.8287,455.88566703177264
2026-05-17 11:00:00,408.8287,451.4514218202797
2026-05-17 12:00:00,413.8287,519.5290117536101
2026-05-17 13:00:00,652.8287,551.1692851673863
2026-05-17 14:00:00,759.4927,596.0061779417564
2026-05-17 15:00:00,759.4927,650.9033749223424
2026-05-17 16:00:00,803.8287,685.9940480451031
2026-05-17 17:00:00,824.3287,731.2138093066657
2026-05-17 18:00:00,824.3287,786.5615387574194
2026-05-17 19:00:00,824.3287,818.5235666012445
2026-05-17 20:00:00,824.3287,803.5558686080045
2026-05-17 21:00:00,824.3287,803.8155313325445
2026-05-17 22:00:00,824.3287,776.8302144923617
2026-05-17 23:00:00,823.8287,746.1182579653668
2026-05-18 00:00:00,821.81402,764.1776816407136
2026-05-18 01:00:00,821.81402,820.2618041071111
2026-05-18 02:00:00,706.22402,819.6306606535647
2026-05-18 03:00:00,583.14002,821.4159172284559
2026-05-18 04:00:00,821.81402,795.2327671637436
2026-05-18 05:00:00,821.81402,760.4568373816821
2026-05-18 06:00:00,821.81402,712.1605670708881
2026-05-18 07:00:00,553.14002,642.3999814832197
2026-05-18 08:00:00,553.14002,621.0197506614079
2026-05-18 09:00:00,553.14002,613.8929623211695
2026-05-18 10:00:00,553.14002,626.9927647915274
2026-05-18 11:00:00,553.14002,635.0831120314934
2026-05-18 12:00:00,583.14002,672.6884485960045
2026-05-18 13:00:00,583.14002,718.6759346920028
2026-05-18 14:00:00,821.81402,763.2635695084625
2026-05-18 15:00:00,821.81402,798.8592656281769
2026-05-18 16:00:00,822.14002,833.0427565646628
2026-05-18 17:00:00,833.14002,872.1339741910451
2026-05-18 18:00:00,903.14002,857.4086565408752
2026-05-18 19:00:00,903.14002,877.1997355099213
2026-05-18 20:00:00,903.14002,862.9623782775764
2026-05-18 21:00:00,903.14002,864.7682170363236
2026-05-18 22:00:00,833.14002,835.114080526361
2026-05-18 23:00:00,823.14002,805.9184927672787
2026-05-19 00:00:00,829.28103,817.7766035248598
2026-05-19 01:00:00,829.28103,831.0309209911128
2026-05-19 02:00:00,829.28103,829.3909308522075
2026-05-19 03:00:00,822.42803,831.2489454229341
2026-05-19 04:00:00,829.28103,834.8082702808363
2026-05-19 05:00:00,829.28103,833.6144972059435
2026-05-19 06:00:00,829.28103,811.6113851550753
2026-05-19 07:00:00,822.42803,758.1904753916674
2026-05-19 08:00:00,822.42803,763.8189843826815
2026-05-19 09:00:00,707.42803,752.6234239165071
2026-05-19 10:00:00,822.42803,751.9432238895993
2026-05-19 11:00:00,822.42803,752.8092055060594
2026-05-19 12:00:00,822.42803,801.7546244879276
2026-05-19 13:00:00,822.42803,819.6287452376113
2026-05-19 14:00:00,829.28103,850.8261267186436
2026-05-19 15:00:00,832.42803,866.9921507392337
2026-05-19 16:00:00,891.42803,882.5688632121838
2026-05-19 17:00:00,905.42803,910.3913304313758
2026-05-19 18:00:00,905.42803,937.9989485965259
2026-05-19 19:00:00,907.42803,978.7916982021602
2026-05-19 20:00:00,907.42803,938.6221080908167
2026-05-19 21:00:00,905.42803,898.6697665355937
2026-05-19 22:00:00,905.42803,869.2602007729546
2026-05-19 23:00:00,852.42803,842.7825723404419
2026-05-20 00:00:00,832.39948,848.0463341436284
2026-05-20 01:00:00,822.39948,832.718677510686
2026-05-20 02:00:00,822.39948,836.1963138764905
2026-05-20 03:00:00,822.39948,837.3583104333366
2026-05-20 04:00:00,822.39948,839.3827178191361
2026-05-20 05:00:00,832.39948,841.168077772684
2026-05-20 06:00:00,822.39948,850.2409343751569
2026-05-20 07:00:00,752.39948,850.0742139152546
2026-05-20 08:00:00,752.39948,859.5471083480152
2026-05-20 09:00:00,752.39948,834.3460045440877
2026-05-20 10:00:00,752.39948,850.8061098866267
2026-05-20 11:00:00,822.39948,853.6052336626807
2026-05-20 12:00:00,820.04448,850.9974914109661
2026-05-20 13:00:00,822.39948,871.0394012717147
2026-05-20 14:00:00,832.39948,882.5423966560656
2026-05-20 15:00:00,881.39948,891.008416477591
2026-05-20 16:00:00,905.89948,907.3767137966294
2026-05-20 17:00:00,905.89948,930.1165065869777
2026-05-20 18:00:00,951.39948,954.1820632940814
2026-05-20 19:00:00,952.39948,970.2618184795635
2026-05-20 20:00:00,907.39948,938.5966728119249
2026-05-20 21:00:00,905.89948,914.5214869735998
2026-05-20 22:00:00,905.89948,896.566111536924
2026-05-20 23:00:00,881.39948,881.0263953776566
2026-05-21 00:00:00,633.75144,859.9138493588742
2026-05-21 01:00:00,633.75144,637.8804390143449
2026-05-21 02:00:00,633.75144,660.6033389611937
2026-05-21 03:00:00,633.75144,666.3211740276793
2026-05-21 04:00:00,633.75144,663.3422722212009
2026-05-21 05:00:00,653.75144,668.07925257975
2026-05-21 06:00:00,653.75144,678.8101021529606
2026-05-21 07:00:00,653.75144,669.3869905114187
2026-05-21 08:00:00,653.75144,661.7528892291463
2026-05-21 09:00:00,653.75144,664.6105082198746
2026-05-21 10:00:00,653.75144,684.1644086148126
2026-05-21 11:00:00,653.75144,693.6762958720985
2026-05-21 12:00:00,633.75144,705.4820495006461
2026-05-21 13:00:00,653.75144,739.34246863726
2026-05-21 14:00:00,802.75144,770.3859724960801
2026-05-21 15:00:00,823.75144,795.4022382272714
2026-05-21 16:00:00,823.75144,819.735931951521
2026-05-21 17:00:00,823.75144,834.9731323054111
2026-05-21 18:00:00,902.75144,873.3471905047297
2026-05-21 19:00:00,902.75144,884.298150566483
2026-05-21 20:00:00,823.75144,847.138933475562
2026-05-21 21:00:00,823.75144,818.2815890132126
2026-05-21 22:00:00,705.37444,785.2537811601989
2026-05-21 23:00:00,653.75144,749.858041338724
2026-05-22 00:00:00,390.96186,718.0065319251848
2026-05-22 01:00:00,390.96186,395.92802073849316
2026-05-22 02:00:00,390.96186,435.40176107189916
2026-05-22 03:00:00,390.96186,449.14279743223085
2026-05-22 04:00:00,390.96186,452.6602595602871
2026-05-22 05:00:00,395.96186,466.01960068858693
2026-05-22 06:00:00,395.96186,570.8419037715728
2026-05-22 07:00:00,390.96186,562.4730406169688
2026-05-22 08:00:00,390.96186,556.0822596001656
2026-05-22 09:00:00,390.96186,553.1776840215834
2026-05-22 10:00:00,390.96186,571.2669342872274
2026-05-22 11:00:00,395.96186,590.1526836615511
2026-05-22 12:00:00,395.96186,547.2102591564817
2026-05-22 13:00:00,644.96186,586.7883602871048
2026-05-22 14:00:00,670.96186,646.043672642181
2026-05-22 15:00:00,689.34086,681.9361849412646
2026-05-22 16:00:00,715.96186,713.3252571170076
2026-05-22 17:00:00,810.96186,720.9040104561461
2026-05-22 18:00:00,911.96186,759.4297231549067
2026-05-22 19:00:00,911.96186,783.0516287050384
2026-05-22 20:00:00,904.96186,739.8993079849506
2026-05-22 21:00:00,810.96186,691.3160468132639
2026-05-22 22:00:00,715.96186,619.889781326211
2026-05-22 23:00:00,670.96186,549.1716936946318
2026-05-23 00:00:00,691.64388,479.48351059730203
2026-05-23 01:00:00,691.64388,632.1663125739486
2026-05-23 02:00:00,691.64388,526.8252230649779
2026-05-23 03:00:00,667.64388,455.8929860586382
2026-05-23 04:00:00,667.64388,414.406675570268
2026-05-23 05:00:00,667.64388,397.1153866141044
2026-05-23 06:00:00,667.64388,426.4215274027634
2026-05-23 07:00:00,592.64388,410.70633789004506
2026-05-23 08:00:00,592.64388,401.02270442937174
2026-05-23 09:00:00,592.64388,390.14973587881536
2026-05-23 10:00:00,592.64388,397.55619030154566
2026-05-23 11:00:00,592.64388,407.9676304475213
2026-05-23 12:00:00,592.64388,425.71897720949437
2026-05-23 13:00:00,667.64388,474.8846178392961
2026-05-23 14:00:00,695.89388,521.9184337315457
2026-05-23 15:00:00,722.64388,574.6341898665237
2026-05-23 16:00:00,802.64388,605.1292848052196
2026-05-23 17:00:00,807.64388,649.6278667757565
2026-05-23 18:00:00,908.64388,752.5500691136244
2026-05-23 19:00:00,908.64388,782.3351373766466
2026-05-23 20:00:00,901.64388,769.6238737103565
2026-05-23 21:00:00,807.64388,737.6867876149157
2026-05-23 22:00:00,722.64388,693.71819342595
2026-05-23 23:00:00,695.89388,662.988131127388
2026-05-24 00:00:00,669.81899,561.1841975555021
2026-05-24 01:00:00,669.81899,661.7565031442482
2026-05-24 02:00:00,669.81899,656.3779121608417
2026-05-24 03:00:00,669.81899,640.063943483012
2026-05-24 04:00:00,669.81899,620.0910080159666
2026-05-24 05:00:00,653.81899,608.8855762663958
2026-05-24 06:00:00,554.81899,556.1357068748036
2026-05-24 07:00:00,554.81899,515.2951553473898
2026-05-24 08:00:00,98.71499,499.0193665495848
2026-05-24 09:00:00,246.00899,480.3552261177586
2026-05-24 10:00:00,253.29899,482.9594697392513
2026-05-24 11:00:00,554.81899,487.6286477901763
2026-05-24 12:00:00,554.81899,527.9562706817719
2026-05-24 13:00:00,554.81899,546.0517255582796
2026-05-24 14:00:00,554.81899,579.8989380248172
2026-05-24 15:00:00,554.81899,628.4248689067686
2026-05-24 16:00:00,669.81899,660.2682788969732
2026-05-24 17:00:00,724.81899,699.780967799081
2026-05-24 18:00:00,724.81899,790.2477055804096
2026-05-24 19:00:00,809.81899,833.3234990771823
2026-05-24 20:00:00,809.81899,809.2411571961877
2026-05-24 21:00:00,809.81899,765.6612893583653
2026-05-24 22:00:00,724.81899,697.7493397098843
2026-05-24 23:00:00,724.81899,677.4978650656298
2026-05-25 00:00:00,455.51831,643.284867983236
2026-05-25 01:00:00,455.51831,460.024208963651
2026-05-25 02:00:00,455.51831,467.5133920052528
2026-05-25 03:00:00,455.51831,465.69453223662845
2026-05-25 04:00:00,455.51831,471.3523565322265
2026-05-25 05:00:00,670.51831,502.58073671576625
2026-05-25 06:00:00,670.51831,564.8523016748733
2026-05-25 07:00:00,549.84831,557.934485401403
2026-05-25 08:00:00,644.51831,516.1879771819657
2026-05-25 09:00:00,455.51831,520.9820619784748
2026-05-25 10:00:00,644.51831,537.6231110117232
2026-05-25 11:00:00,670.51831,567.670744333402
2026-05-25 12:00:00,670.51831,571.5142806701349
2026-05-25 13:00:00,705.51831,611.0337898842262
2026-05-25 14:00:00,720.51831,646.446955538142
2026-05-25 15:00:00,720.51831,677.5573701133591
2026-05-25 16:00:00,720.51831,710.9128377004802
2026-05-25 17:00:00,720.51831,733.1544373271145
2026-05-25 18:00:00,725.51831,741.6248936041341
2026-05-25 19:00:00,725.51831,799.6437357829441
2026-05-25 20:00:00,723.51831,769.2489695253837
2026-05-25 21:00:00,720.51831,734.6614259035762
2026-05-25 22:00:00,720.51831,679.7222831570946
2026-05-25 23:00:00,705.51831,638.7513265239643
2026-05-26 00:00:00,465.8808,562.9815285977091
2026-05-26 01:00:00,465.8808,468.49990244054493
2026-05-26 02:00:00,465.8808,465.35370267433956
2026-05-26 03:00:00,465.8808,462.57394830273296
2026-05-26 04:00:00,465.8808,472.72997779656566
2026-05-26 05:00:00,644.8808,493.94237830825284
2026-05-26 06:00:00,644.8808,508.1303365851994
2026-05-26 07:00:00,465.8808,499.19746775681926
2026-05-26 08:00:00,465.8808,514.2743596110624
2026-05-26 09:00:00,465.8808,513.1185905002358
2026-05-26 10:00:00,465.8808,556.9273340081146
2026-05-26 11:00:00,644.8808,571.5500435871226
2026-05-26 12:00:00,644.8808,591.4505590963997
2026-05-26 13:00:00,670.8808,618.0757776304224
2026-05-26 14:00:00,685.8808,638.6811710119044
2026-05-26 15:00:00,685.8808,662.4498564553469
2026-05-26 16:00:00,685.8808,675.9652622830757
2026-05-26 17:00:00,685.8808,686.6506772102427
2026-05-26 18:00:00,904.8808,717.5547521727888
2026-05-26 19:00:00,904.8808,726.9972775425911
2026-05-26 20:00:00,904.8808,707.3972999660638
2026-05-26 21:00:00,685.8808,692.1902573684392
2026-05-26 22:00:00,685.8808,660.9477541443775
2026-05-26 23:00:00,670.8808,626.8994605253401
2026-05-27 00:00:00,446.08831,519.1328322816466
2026-05-27 01:00:00,436.08831,449.88491351166147
2026-05-27 02:00:00,436.08831,451.22221138617954
2026-05-27 03:00:00,436.08831,449.2740308762277
2026-05-27 04:00:00,446.08831,466.12006093943745
2026-05-27 05:00:00,456.08831,490.44257758600037
2026-05-27 06:00:00,446.08831,532.4622705904301
2026-05-27 07:00:00,446.08831,494.3904857378296
2026-05-27 08:00:00,446.08831,480.10922345277544
2026-05-27 09:00:00,446.08831,486.51489589193335
2026-05-27 10:00:00,446.08831,528.4772971691934
2026-05-27 11:00:00,446.08831,570.9950234169494
2026-05-27 12:00:00,446.08831,622.1398930570458
2026-05-27 13:00:00,446.08831,659.3648611754816
2026-05-27 14:00:00,456.08831,690.8368589117848
2026-05-27 15:00:00,456.08831,720.4263932790695
2026-05-27 16:00:00,671.08831,730.5089288792341
2026-05-27 17:00:00,671.08831,750.1016865303595
2026-05-27 18:00:00,905.08831,834.8591339123805
2026-05-27 19:00:00,1126.08831,865.8691321668894
2026-05-27 20:00:00,905.08831,825.8555698989757
2026-05-27 21:00:00,691.08831,740.1365510364683
2026-05-27 22:00:00,630.08831,676.4144892384631
2026-05-27 23:00:00,456.08831,611.2319648731648
2026-05-28 00:00:00,265.41213,494.220582585468
2026-05-28 01:00:00,265.41213,279.29056133893414
2026-05-28 02:00:00,265.41213,278.95356319403976
2026-05-28 03:00:00,265.41213,284.3840750216887
2026-05-28 04:00:00,265.41213,307.039954749311
2026-05-28 05:00:00,435.41213,348.6044893346736
2026-05-28 06:00:00,267.18413,456.40041977698695
2026-05-28 07:00:00,265.41213,423.10851517248375
2026-05-28 08:00:00,265.41213,412.8519931102525
2026-05-28 09:00:00,265.41213,400.1052452603554
2026-05-28 10:00:00,265.41213,428.75727314238617
2026-05-28 11:00:00,265.41213,453.1334222277636
2026-05-28 12:00:00,265.41213,465.4104515790713
2026-05-28 13:00:00,435.41213,486.24466591679453
2026-05-28 14:00:00,450.41213,541.0699318284876
2026-05-28 15:00:00,450.41213,581.7695626017655
2026-05-28 16:00:00,636.41213,608.2196084155546
2026-05-28 17:00:00,680.41213,635.4184743875319
2026-05-28 18:00:00,705.41213,811.6797977710055
2026-05-28 19:00:00,1095.41213,953.4180650198507
2026-05-28 20:00:00,705.41213,815.0079523716033
2026-05-28 21:00:00,680.41213,664.2252794778811
2026-05-28 22:00:00,450.41213,540.4396292949958
2026-05-28 23:00:00,450.41213,444.01518830109546
2026-05-29 00:00:00,331.58546,319.5686486698135
2026-05-29 01:00:00,336.58546,337.2797134455376
2026-05-29 02:00:00,331.58546,331.2285317911678
2026-05-29 03:00:00,331.58546,320.07130163819653
2026-05-29 04:00:00,331.58546,334.1302872334606
2026-05-29 05:00:00,336.58546,346.07116527993196
2026-05-29 06:00:00,336.58546,319.45501240136696
2026-05-29 07:00:00,336.58546,311.72101629239825
2026-05-29 08:00:00,336.58546,310.95662896518013
2026-05-29 09:00:00,331.58546,308.36305427149
2026-05-29 10:00:00,336.58546,323.01538187471397
2026-05-29 11:00:00,336.58546,330.64852756501915
2026-05-29 12:00:00,336.58546,335.99834550807896
2026-05-29 13:00:00,336.58546,362.4711673661744
2026-05-29 14:00:00,336.58546,388.7857341557209
2026-05-29 15:00:00,411.58546,420.5098656858494
2026-05-29 16:00:00,412.58546,464.94790836843777
2026-05-29 17:00:00,412.58546,539.9565048283251
2026-05-29 18:00:00,676.58546,731.7688837013335
2026-05-29 19:00:00,676.58546,873.4519770404612
2026-05-29 20:00:00,632.58546,664.5151942185088
2026-05-29 21:00:00,412.58546,529.3195209391449
2026-05-29 22:00:00,336.58546,440.2499479473987
2026-05-29 23:00:00,336.58546,391.3020705885251
2026-05-30 00:00:00,338.71689,345.8023290379554
2026-05-30 01:00:00,338.71689,331.2041413856636
2026-05-30 02:00:00,270.62789,330.1787437001784
2026-05-30 03:00:00,262.19689,330.53645823066813
2026-05-30 04:00:00,262.19689,332.57222139769897
2026-05-30 05:00:00,265.48889,328.6424272983477
2026-05-30 06:00:00,265.48889,340.0272428954305
2026-05-30 07:00:00,262.19689,343.01949379683305
2026-05-30 08:00:00,262.19689,337.2385111092648
2026-05-30 09:00:00,260.71689,351.56159224776866
2026-05-30 10:00:00,260.71689,354.49634120328966
2026-05-30 11:00:00,262.19689,355.34128610938694
2026-05-30 12:00:00,260.71689,338.48236353038
2026-05-30 13:00:00,260.71689,339.91866719523557
2026-05-30 14:00:00,260.71689,348.31262668119996
2026-05-30 15:00:00,338.71689,384.77033775343665
2026-05-30 16:00:00,338.71689,401.97219465527127
2026-05-30 17:00:00,413.71689,438.63599310287367
2026-05-30 18:00:00,678.71689,665.1601155634876
2026-05-30 19:00:00,678.71689,742.4332948843397
2026-05-30 20:00:00,678.71689,622.4761493995576
2026-05-30 21:00:00,414.71689,488.46704731270654
2026-05-30 22:00:00,338.71689,411.19156702556654
2026-05-30 23:00:00,338.71689,380.4715052317323
2026-05-31 00:00:00,335.48873,321.2740766778384
2026-05-31 01:00:00,310.48873,328.2954950864871
2026-05-31 02:00:00,260.48873,325.69395686144014
2026-05-31 03:00:00,260.48873,321.89007874704157
2026-05-31 04:00:00,260.48873,318.3241608090177
2026-05-31 05:00:00,260.48873,321.7709890509759
2026-05-31 06:00:00,255.48873,274.7613164227862
2026-05-31 07:00:00,255.48873,263.386900414132
2026-05-31 08:00:00,255.48873,240.56679164564653
2026-05-31 09:00:00,255.48873,245.96393407718753
2026-05-31 10:00:00,255.48873,259.21294425621085
2026-05-31 11:00:00,255.48873,247.17117072138356
2026-05-31 12:00:00,255.48873,271.76920125838535
2026-05-31 13:00:00,255.48873,274.32340269321776
2026-05-31 14:00:00,255.48873,285.13999050489315
2026-05-31 15:00:00,260.48873,322.58840754190106
2026-05-31 16:00:00,336.48873,343.8067244664908
2026-05-31 17:00:00,410.48873,386.18345507810534
2026-05-31 18:00:00,480.48873,557.8256525682679
2026-05-31 19:00:00,675.48873,618.6994229572889
2026-05-31 20:00:00,480.48873,574.2680227228486
2026-05-31 21:00:00,480.48873,449.82430163978086
2026-05-31 22:00:00,410.48873,366.46994754680105
2026-05-31 23:00:00,410.48873,345.1160081688733
2026-06-01 00:00:00,352.26015,335.9388133516611
2026-06-01 01:00:00,352.26015,350.9551226656466
2026-06-01 02:00:00,352.26015,352.8623147130522
2026-06-01 03:00:00,352.26015,340.5206102285131
2026-06-01 04:00:00,352.26015,348.4600398949006
2026-06-01 05:00:00,402.26015,362.9676600632231
2026-06-01 06:00:00,402.26015,351.09022730119113
2026-06-01 07:00:00,352.26015,361.08400616433505
2026-06-01 08:00:00,352.26015,373.9718858849963
2026-06-01 09:00:00,328.26015,381.6413402755143
2026-06-01 10:00:00,352.26015,400.77072016520134
2026-06-01 11:00:00,402.26015,412.43858036544424
2026-06-01 12:00:00,402.26015,402.41500445043073
2026-06-01 13:00:00,402.26015,418.83527110671935
2026-06-01 14:00:00,402.26015,439.56921811099636
2026-06-01 15:00:00,667.26015,477.66506401860147
2026-06-01 16:00:00,667.26015,506.2111354839187
2026-06-01 17:00:00,682.26015,547.9576038438988
2026-06-01 18:00:00,1082.26015,640.4096305117371
2026-06-01 19:00:00,1112.26015,751.7930744494615
2026-06-01 20:00:00,901.26015,616.2191807189027
2026-06-01 21:00:00,682.26015,505.1387814588634
2026-06-01 22:00:00,672.26015,433.7769044571983
2026-06-01 23:00:00,472.26015,419.26796754802996
2026-06-02 00:00:00,399.80252,389.2182101483486
2026-06-02 01:00:00,399.80252,402.85684933661855
2026-06-02 02:00:00,399.80252,409.3145776152824
2026-06-02 03:00:00,399.80252,403.08744680285474
2026-06-02 04:00:00,404.80252,419.30213177850123
2026-06-02 05:00:00,469.80252,434.0435800984331
2026-06-02 06:00:00,404.80252,420.4440345720514
2026-06-02 07:00:00,399.80252,421.15524076490794
2026-06-02 08:00:00,354.80252,433.44802602733506
2026-06-02 09:00:00,354.80252,443.21003669277775
2026-06-02 10:00:00,399.80252,475.6290280066806
2026-06-02 11:00:00,399.80252,488.18920729163835
2026-06-02 12:00:00,399.80252,493.1116733643063
2026-06-02 13:00:00,399.80252,516.9377818734922
2026-06-02 14:00:00,469.80252,550.5752905538043
2026-06-02 15:00:00,664.80252,613.4680071225016
2026-06-02 16:00:00,669.80252,622.1778744724855
2026-06-02 17:00:00,679.80252,683.2035958260826
2026-06-02 18:00:00,897.80252,928.7252725268751
2026-06-02 19:00:00,1079.80252,1020.4741668448078
2026-06-02 20:00:00,898.80252,777.3508559163657
2026-06-02 21:00:00,679.80252,601.1529307544696
2026-06-02 22:00:00,664.80252,531.2766026267178
2026-06-02 23:00:00,659.80252,466.77076394987347
2026-06-03 00:00:00,422.63257,462.0680652257786
2026-06-03 01:00:00,477.63257,427.5580723031843
2026-06-03 02:00:00,477.63257,427.5313732895151
2026-06-03 03:00:00,422.63257,425.1601633985882
2026-06-03 04:00:00,422.63257,444.0792878253712
2026-06-03 05:00:00,552.63257,469.99356250620497
2026-06-03 06:00:00,477.63257,471.9020965813276
2026-06-03 07:00:00,422.63257,464.9493595587384
2026-06-03 08:00:00,477.63257,465.69207934079975
2026-06-03 09:00:00,422.63257,470.6652453037081
2026-06-03 10:00:00,477.63257,501.5305089780838
2026-06-03 11:00:00,477.63257,515.1133020668609
2026-06-03 12:00:00,477.63257,499.4917220935607
2026-06-03 13:00:00,552.63257,515.5767604076989
2026-06-03 14:00:00,552.63257,550.0690596050688
2026-06-03 15:00:00,552.63257,611.5581670461702
2026-06-03 16:00:00,667.63257,624.9440251843013
2026-06-03 17:00:00,667.63257,657.7152739862762
2026-06-03 18:00:00,901.63257,893.7155353726904
2026-06-03 19:00:00,1082.63257,1033.7137753829777
2026-06-03 20:00:00,901.63257,830.4648454188771
2026-06-03 21:00:00,692.63257,652.5102195762286
2026-06-03 22:00:00,552.63257,584.2845870957822
2026-06-03 23:00:00,477.63257,543.2101473210705
2026-06-04 00:00:00,414.08495,464.07376193416485
2026-06-04 01:00:00,414.08495,416.25314582070143
2026-06-04 02:00:00,414.08495,413.1823839165132
2026-06-04 03:00:00,414.08495,413.06320461904687
2026-06-04 04:00:00,414.08495,430.16463252575454
2026-06-04 05:00:00,414.08495,444.46519358010386
2026-06-04 06:00:00,414.08495,437.7806885754834
2026-06-04 07:00:00,414.08495,432.1244077019094
2026-06-04 08:00:00,414.08495,426.86571226334337
2026-06-04 09:00:00,414.08495,426.48459541494947
2026-06-04 10:00:00,414.08495,447.16820424086336
2026-06-04 11:00:00,414.08495,450.2583901254772
2026-06-04 12:00:00,414.08495,468.99759057746996
2026-06-04 13:00:00,414.08495,505.68539911005996
2026-06-04 14:00:00,414.08495,533.4025326232176
2026-06-04 15:00:00,483.08495,576.5704728594148
2026-06-04 16:00:00,613.08495,614.224735085035
2026-06-04 17:00:00,613.08495,639.5437636322586
2026-06-04 18:00:00,902.08495,869.2572508063365
2026-06-04 19:00:00,1083.08495,985.0802049539124
2026-06-04 20:00:00,902.08495,808.9052440900891
2026-06-04 21:00:00,693.08495,651.4685550468595
2026-06-04 22:00:00,613.08495,545.6165729703072
2026-06-04 23:00:00,483.08495,480.1695401557842
2026-06-05 00:00:00,481.29214,433.95030104270245
2026-06-05 01:00:00,481.29214,461.6019533481976
2026-06-05 02:00:00,481.29214,452.94123430103446
2026-06-05 03:00:00,481.29214,450.3079423067844
2026-06-05 04:00:00,512.29214,464.06944900251483
2026-06-05 05:00:00,512.29214,471.5139538463904
2026-06-05 06:00:00,512.29214,453.08078338760924
2026-06-05 07:00:00,512.29214,444.7336235678862
2026-06-05 08:00:00,512.29214,447.88530601928124
2026-06-05 09:00:00,512.29214,442.340933801784
2026-06-05 10:00:00,512.29214,443.3475464174443
2026-06-05 11:00:00,512.29214,450.63974814156956
2026-06-05 12:00:00,512.29214,470.6010717290662
2026-06-05 13:00:00,666.29214,478.1038291504251
2026-06-05 14:00:00,900.29214,491.0278555592275
2026-06-05 15:00:00,712.29214,528.3253417608958
2026-06-05 16:00:00,712.29214,563.8979951272232
2026-06-05 17:00:00,900.29214,587.0686232799292
2026-06-05 18:00:00,961.29214,798.5515033658314
2026-06-05 19:00:00,961.29214,902.8178385555342
2026-06-05 20:00:00,941.29214,757.6525138348659
2026-06-05 21:00:00,900.29214,632.6232543681789
2026-06-05 22:00:00,691.29214,561.2313935859185
2026-06-05 23:00:00,666.29214,495.0260671427769
2026-06-06 00:00:00,382.8563,470.5550616869968
2026-06-06 01:00:00,382.8563,389.02490397806815
2026-06-06 02:00:00,496.8563,386.69431304636794
2026-06-06 03:00:00,496.8563,380.01283124273436
2026-06-06 04:00:00,496.8563,385.2700405513548
2026-06-06 05:00:00,496.8563,394.2083324920668
2026-06-06 06:00:00,496.8563,379.1378605000357
2026-06-06 07:00:00,591.8563,378.7520225101756
2026-06-06 08:00:00,591.8563,363.4632189902597
2026-06-06 09:00:00,591.8563,372.82278783877933
2026-06-06 10:00:00,496.8563,385.80901320889836
2026-06-06 11:00:00,591.8563,384.7658248176191
2026-06-06 12:00:00,591.8563,424.0870980872434
2026-06-06 13:00:00,496.8563,460.1035582660728
2026-06-06 14:00:00,591.8563,514.6552311100716
2026-06-06 15:00:00,591.8563,527.0397691767272
2026-06-06 16:00:00,591.8563,556.8440739309805
2026-06-06 17:00:00,666.8563,629.0038399303974
2026-06-06 18:00:00,711.8563,869.2779097939483
2026-06-06 19:00:00,721.8563,899.830507625524
2026-06-06 20:00:00,711.8563,838.5882517402597
2026-06-06 21:00:00,666.8563,778.4999633850573
2026-06-06 22:00:00,711.8563,626.5057576692546
2026-06-06 23:00:00,666.8563,577.3099452697275
2026-06-07 00:00:00,416.49967,427.18922297190176
2026-06-07 01:00:00,416.49967,423.84250377808746
2026-06-07 02:00:00,416.49967,418.2789890464579
2026-06-07 03:00:00,416.49967,419.2879606483941
2026-06-07 04:00:00,416.49967,425.3660292315461
2026-06-07 05:00:00,376.49967,436.97931821111126
2026-06-07 06:00:00,376.49967,427.1800554848761
2026-06-07 07:00:00,254.97967,439.81237512600086
2026-06-07 08:00:00,376.49967,435.483274708971
2026-06-07 09:00:00,201.49967,440.98583197214896
2026-06-07 10:00:00,254.97967,437.5152144684152
2026-06-07 11:00:00,247.68967,458.5353467881947
2026-06-07 12:00:00,296.49967,502.0944467749732
2026-06-07 13:00:00,296.49967,482.0668064704966
2026-06-07 14:00:00,376.49967,537.060485876348
2026-06-07 15:00:00,416.49967,554.5604101522249
2026-06-07 16:00:00,666.49967,583.0330461431047
2026-06-07 17:00:00,671.49967,636.7800495627175
2026-06-07 18:00:00,701.49967,705.03492421128
2026-06-07 19:00:00,701.49967,742.8801668512422
2026-06-07 20:00:00,701.49967,718.5258667552146
2026-06-07 21:00:00,701.49967,675.1078998557682
2026-06-07 22:00:00,671.49967,651.4884235376701
2026-06-07 23:00:00,666.49967,600.0098896499298
2026-06-08 00:00:00,293.68127,478.99624653367334
2026-06-08 01:00:00,293.68127,309.59174880883756
2026-06-08 02:00:00,293.68127,296.8975380363823
2026-06-08 03:00:00,293.68127,295.3576051589735
2026-06-08 04:00:00,293.68127,336.0950569588007
2026-06-08 05:00:00,303.68127,399.2624722075876
2026-06-08 06:00:00,303.68127,367.6593483123605
2026-06-08 07:00:00,293.68127,339.3291592667004
2026-06-08 08:00:00,293.68127,368.21717782769093
2026-06-08 09:00:00,293.68127,351.6738457541863
2026-06-08 10:00:00,293.68127,386.63950212540885
2026-06-08 11:00:00,253.68127,393.7633683938337
2026-06-08 12:00:00,303.68127,386.6317394245234
2026-06-08 13:00:00,363.68127,391.29111050907096
2026-06-08 14:00:00,363.68127,441.1361508559227
2026-06-08 15:00:00,363.68127,480.75091560351484
2026-06-08 16:00:00,652.68127,555.9755191245715
2026-06-08 17:00:00,652.68127,568.2829712841136
2026-06-08 18:00:00,703.68127,737.4763045543397
2026-06-08 19:00:00,703.68127,784.2990468631679
2026-06-08 20:00:00,703.68127,711.2150075213751
2026-06-08 21:00:00,668.68127,662.9408254147975
2026-06-08 22:00:00,652.68127,602.5386114706785
2026-06-08 23:00:00,652.68127,563.2986390934174
2026-06-09 00:00:00,205.07529,370.8978672713099
2026-06-09 01:00:00,205.07529,224.18117281309918
2026-06-09 02:00:00,205.07529,219.13633916203446
2026-06-09 03:00:00,205.07529,225.00692499063257
2026-06-09 04:00:00,205.07529,297.2597306579494
2026-06-09 05:00:00,245.07529,392.4420396871305
2026-06-09 06:00:00,245.07529,319.180645482751
2026-06-09 07:00:00,245.07529,345.01625392642285
2026-06-09 08:00:00,245.07529,366.38116491033185
2026-06-09 09:00:00,229.55529,347.3052127059606
2026-06-09 10:00:00,245.07529,397.17225633925034
2026-06-09 11:00:00,245.07529,402.3650416786138
2026-06-09 12:00:00,245.07529,407.7243614409934
2026-06-09 13:00:00,245.07529,436.0966747270767
2026-06-09 14:00:00,255.07529,487.71006181767973
2026-06-09 15:00:00,670.07529,522.7512207278207
2026-06-09 16:00:00,673.07529,610.8677761205015
2026-06-09 17:00:00,695.07529,605.7703612654116
2026-06-09 18:00:00,715.07529,738.7874482830377
2026-06-09 19:00:00,1275.07529,794.0574229183736
2026-06-09 20:00:00,1275.07529,774.0718372687468
2026-06-09 21:00:00,1054.07529,705.5704673322216
2026-06-09 22:00:00,670.07529,635.3185937915657
2026-06-09 23:00:00,268.10729,600.0078693136404
2026-06-10 00:00:00,176.82348,342.1101738430019
2026-06-10 01:00:00,176.82348,178.65520864315886
2026-06-10 02:00:00,196.82348,173.97141113877683
2026-06-10 03:00:00,196.82348,150.54192310914124
2026-06-10 04:00:00,196.82348,179.062716210749
2026-06-10 05:00:00,196.82348,224.7091042909816
2026-06-10 06:00:00,196.82348,237.07199792170107
2026-06-10 07:00:00,196.82348,251.37335178124795
2026-06-10 08:00:00,196.82348,271.72862038966025
2026-06-10 09:00:00,196.82348,303.4408389010617
2026-06-10 10:00:00,196.82348,341.9170154393064
2026-06-10 11:00:00,196.82348,334.8757794202365
2026-06-10 12:00:00,196.82348,301.25141867003543
2026-06-10 13:00:00,196.82348,315.85132917395725
2026-06-10 14:00:00,196.82348,364.3540390950341
2026-06-10 15:00:00,516.82348,553.2258391966002
2026-06-10 16:00:00,546.82348,599.5145572165077
2026-06-10 17:00:00,671.82348,609.8275547829173
2026-06-10 18:00:00,1276.82348,841.1137790761863
2026-06-10 19:00:00,1276.82348,1356.5066340536187
2026-06-10 20:00:00,742.02048,1304.459780136598
2026-06-10 21:00:00,742.02048,992.6570839943906
2026-06-10 22:00:00,516.82348,583.4303445403184
2026-06-10 23:00:00,196.82348,281.13066062134124
2026-06-11 00:00:00,138.83873,236.30468712942655
2026-06-11 01:00:00,138.83873,140.1927764002183
2026-06-11 02:00:00,138.83873,139.651779220123
2026-06-11 03:00:00,138.83873,121.66048049446137
2026-06-11 04:00:00,138.83873,136.16190973931896
2026-06-11 05:00:00,208.83873,158.2622341636045
2026-06-11 06:00:00,148.83873,171.92184009293467
2026-06-11 07:00:00,138.83873,185.52958535644936
2026-06-11 08:00:00,138.83873,191.87669305515828
2026-06-11 09:00:00,118.83873,236.58693952361537
2026-06-11 10:00:00,138.83873,262.3678530217709
2026-06-11 11:00:00,208.83873,256.1164406246812
2026-06-11 12:00:00,208.83873,209.34365676757403
2026-06-11 13:00:00,208.83873,201.5434987708143
2026-06-11 14:00:00,548.83873,229.62684239373993
2026-06-11 15:00:00,548.83873,401.2406304759594
2026-06-11 16:00:00,608.83873,448.08452455658227
2026-06-11 17:00:00,673.83873,517.3409066230558
2026-06-11 18:00:00,1157.83873,1015.4035587129822
2026-06-11 19:00:00,1278.83873,1219.9479018586571
2026-06-11 20:00:00,1157.83873,849.3559805911196
2026-06-11 21:00:00,743.96573,638.0778850086175
2026-06-11 22:00:00,608.83873,393.4073735571644
2026-06-11 23:00:00,233.31873,210.89664703720746
2026-06-12 00:00:00,135.79209,206.56840810008774
2026-06-12 01:00:00,227.79209,138.69423020577867
2026-06-12 02:00:00,135.79209,133.2729460962523
2026-06-12 03:00:00,227.79209,121.07261784195269
2026-06-12 04:00:00,227.79209,144.61157670768566
2026-06-12 05:00:00,307.79209,176.8257008177634
2026-06-12 06:00:00,227.79209,162.5868928016011
2026-06-12 07:00:00,227.79209,191.78344610817828
2026-06-12 08:00:00,227.79209,186.80993332975993
2026-06-12 09:00:00,135.79209,219.29015723523347
2026-06-12 10:00:00,227.79209,259.434584894321
2026-06-12 11:00:00,227.79209,264.86719034732266
2026-06-12 12:00:00,227.79209,232.50024624574476
2026-06-12 13:00:00,227.79209,240.14491806790886
2026-06-12 14:00:00,515.79209,437.989837981541
2026-06-12 15:00:00,515.79209,468.8791404855993
2026-06-12 16:00:00,545.79209,514.601686901301
2026-06-12 17:00:00,670.79209,562.5315371672261
2026-06-12 18:00:00,740.00009,1077.3677245122065
2026-06-12 19:00:00,1275.79209,1255.9913063894824
2026-06-12 20:00:00,1204.79209,1071.1121971490581
2026-06-12 21:00:00,670.79209,682.5629693284918
2026-06-12 22:00:00,545.79209,519.2911660105252
2026-06-12 23:00:00,505.79209,239.47408252517755
2026-06-13 00:00:00,500.46301,216.77254091338108
2026-06-13 01:00:00,500.46301,430.6203725404936
2026-06-13 02:00:00,490.46301,369.6665686032428
2026-06-13 03:00:00,490.46301,358.46737747924874
2026-06-13 04:00:00,490.46301,361.96072040498626
2026-06-13 05:00:00,490.46301,379.16304518287404
2026-06-13 06:00:00,440.46301,320.3882516119615
2026-06-13 07:00:00,349.46301,331.08092953099174
2026-06-13 08:00:00,349.46301,343.41008521610695
2026-06-13 09:00:00,222.46301,326.0292656330381
2026-06-13 10:00:00,332.92001,334.7256739467582
2026-06-13 11:00:00,349.46301,363.61012874819994
2026-06-13 12:00:00,349.46301,343.2785147809215
2026-06-13 13:00:00,440.46301,337.0462878429647
2026-06-13 14:00:00,440.46301,505.59000806649067
2026-06-13 15:00:00,502.46301,538.6700050284942
2026-06-13 16:00:00,550.46301,562.0061150659346
2026-06-13 17:00:00,550.46301,617.3093092647521
2026-06-13 18:00:00,1249.46301,735.9999622950369
2026-06-13 19:00:00,1249.46301,1122.8329868372034
2026-06-13 20:00:00,665.46301,1049.8189741420592
2026-06-13 21:00:00,1270.46301,658.1850419213079
2026-06-13 22:00:00,665.46301,555.3950171068417
2026-06-13 23:00:00,550.46301,500.0915431591218
2026-06-14 00:00:00,501.97868,428.30011125306766
2026-06-14 01:00:00,501.97868,461.293446555234
2026-06-14 02:00:00,501.97868,434.09982043168395
2026-06-14 03:00:00,501.97868,407.7302646429426
2026-06-14 04:00:00,441.97868,420.6431274910162
2026-06-14 05:00:00,441.97868,436.1351912233314
2026-06-14 06:00:00,226.97868,428.65300048738897
2026-06-14 07:00:00,226.97868,380.3345998880244
2026-06-14 08:00:00,223.97868,390.6849784912978
2026-06-14 09:00:00,222.47868,310.4600544421163
2026-06-14 10:00:00,223.97868,372.1902414468158
2026-06-14 11:00:00,223.97868,388.55969092434407
2026-06-14 12:00:00,223.97868,402.0832573201325
2026-06-14 13:00:00,223.97868,432.997849615003
2026-06-14 14:00:00,226.97868,450.98347451932165
2026-06-14 15:00:00,501.97868,494.82732313803535
2026-06-14 16:00:00,503.47868,526.9710280570464
2026-06-14 17:00:00,503.47868,527.1780707283076
2026-06-14 18:00:00,503.97868,992.5092228744312
2026-06-14 19:00:00,600.97868,1052.8891981675526
2026-06-14 20:00:00,503.97868,709.7441199757125
2026-06-14 21:00:00,600.97868,1005.495214105765
2026-06-14 22:00:00,552.97868,618.7817618394213
2026-06-14 23:00:00,503.97868,538.114060745094
2026-06-15 00:00:00,340.96241,452.10537369396275
2026-06-15 01:00:00,340.96241,355.55516629425597
2026-06-15 02:00:00,340.96241,347.4064021747337
2026-06-15 03:00:00,340.96241,343.06956436816495
2026-06-15 04:00:00,340.96241,365.2652668548045
2026-06-15 05:00:00,340.96241,402.2296671159355
2026-06-15 06:00:00,338.16241,377.38068123196945
2026-06-15 07:00:00,227.46241,374.53549307007165
2026-06-15 08:00:00,227.46241,362.0735925952613
2026-06-15 09:00:00,227.46241,364.65638264206024
2026-06-15 10:00:00,243.94241,369.55363556317525
2026-06-15 11:00:00,338.16241,365.9801084404874
2026-06-15 12:00:00,338.16241,377.66422566504764
2026-06-15 13:00:00,338.16241,397.226096614647
2026-06-15 14:00:00,340.96241,407.7032257195866
2026-06-15 15:00:00,340.96241,570.8304783476434
2026-06-15 16:00:00,494.46241,579.3979806456339
2026-06-15 17:00:00,505.46241,580.0499104012658
2026-06-15 18:00:00,506.46241,738.286474647555
2026-06-15 19:00:00,505.46241,827.0260838064531
2026-06-15 20:00:00,505.46241,755.9664568054429
2026-06-15 21:00:00,494.46241,699.284265262772
2026-06-15 22:00:00,340.96241,612.8824544146887
2026-06-15 23:00:00,340.96241,557.3703823715279
2026-06-16 00:00:00,246.4869,428.2189656684868
2026-06-16 01:00:00,246.4869,241.71836122642625
2026-06-16 02:00:00,233.0069,248.00221351569667
2026-06-16 03:00:00,258.0069,247.91256960890314
2026-06-16 04:00:00,269.0069,268.90859395214113
2026-06-16 05:00:00,269.0069,318.8788479667311
2026-06-16 06:00:00,269.0069,342.22955842756204
2026-06-16 07:00:00,269.0069,291.9046906006424
2026-06-16 08:00:00,269.0069,292.15490288083663
2026-06-16 09:00:00,258.0069,286.367777773419
2026-06-16 10:00:00,269.0069,303.4379510856536
2026-06-16 11:00:00,269.0069,356.413155227688
2026-06-16 12:00:00,269.0069,381.93091087293016
2026-06-16 13:00:00,269.0069,392.93979547196136
2026-06-16 14:00:00,458.0069,418.90388168455627
2026-06-16 15:00:00,508.0069,442.0786637360877
2026-06-16 16:00:00,559.0069,538.9970930541243
2026-06-16 17:00:00,673.0069,548.7621523942555
2026-06-16 18:00:00,1256.0069,706.5266973524272
2026-06-16 19:00:00,1257.0069,750.4713624356679
2026-06-16 20:00:00,1257.0069,680.7349904735213
2026-06-16 21:00:00,1256.0069,616.5345007449134
2026-06-16 22:00:00,509.0069,481.7291987319247
2026-06-16 23:00:00,508.0059,443.2342328883449
2026-06-17 00:00:00,271.7723,388.3725186275193
2026-06-17 01:00:00,271.7723,274.6262728076178
2026-06-17 02:00:00,271.7723,273.48230481476105
2026-06-17 03:00:00,271.7723,266.9799807667938
2026-06-17 04:00:00,271.7723,278.36557845848085
2026-06-17 05:00:00,310.7723,317.6801014264199
2026-06-17 06:00:00,310.7723,288.82224580980005
2026-06-17 07:00:00,271.7723,281.1074613329078
2026-06-17 08:00:00,271.7723,286.5550821767435
2026-06-17 09:00:00,271.7723,291.7044322010054
2026-06-17 10:00:00,271.7723,300.8893797736027
2026-06-17 11:00:00,271.7723,300.8389187025938
2026-06-17 12:00:00,271.7723,306.4770808387391
2026-06-17 13:00:00,310.7723,316.51508351206746
2026-06-17 14:00:00,510.7713,430.51870988662404
2026-06-17 15:00:00,510.7723,516.2771954257677
2026-06-17 16:00:00,675.7723,560.6919142963097
2026-06-17 17:00:00,675.7723,638.1383952844757
2026-06-17 18:00:00,680.7723,1101.653523465197
2026-06-17 19:00:00,1258.7723,1425.331540129319
2026-06-17 20:00:00,675.7723,1239.3567334192273
2026-06-17 21:00:00,511.7723,901.6540091982763
2026-06-17 22:00:00,510.7723,553.3815167672212
2026-06-17 23:00:00,510.7713,433.9156917428429
2026-06-18 00:00:00,341.70205,380.9345455581016
2026-06-18 01:00:00,341.70205,339.4757140110987
2026-06-18 02:00:00,341.70205,328.30878427347795
2026-06-18 03:00:00,341.70205,320.52734969682365
2026-06-18 04:00:00,341.70205,318.1952113984567
2026-06-18 05:00:00,341.70205,342.71682399518585
2026-06-18 06:00:00,341.70205,333.6997886902324
2026-06-18 07:00:00,341.70205,294.98499763920165
2026-06-18 08:00:00,341.70205,298.4071940320216
2026-06-18 09:00:00,341.70205,302.88702097930985
2026-06-18 10:00:00,341.70205,307.2210016882085
2026-06-18 11:00:00,341.70205,317.29392800624845
2026-06-18 12:00:00,341.70205,307.4491683865068
2026-06-18 13:00:00,341.70205,341.58424794805444
2026-06-18 14:00:00,355.70205,483.2526663103699
2026-06-18 15:00:00,436.70205,499.6749030868089
2026-06-18 16:00:00,456.70205,614.1441370038116
2026-06-18 17:00:00,456.70205,634.3244180442457
2026-06-18 18:00:00,676.70205,883.3858003230823
2026-06-18 19:00:00,1254.70205,1145.200253789013
2026-06-18 20:00:00,671.70205,869.4371479637905
2026-06-18 21:00:00,456.70205,585.6200818272118
2026-06-18 22:00:00,426.70205,433.3125087519164
2026-06-18 23:00:00,341.70205,406.78284233621446
2026-06-19 00:00:00,304.76006,345.6548177194835
2026-06-19 01:00:00,423.76006,304.64428990859807
2026-06-19 02:00:00,423.76006,299.59948431615703
2026-06-19 03:00:00,339.76006,287.78215047105294
2026-06-19 04:00:00,423.76006,295.0702341117483
2026-06-19 05:00:00,431.76006,307.2837396167033
2026-06-19 06:00:00,431.76006,334.83252838949534
2026-06-19 07:00:00,431.76006,340.1310547149674
2026-06-19 08:00:00,304.76006,346.0433503898282
2026-06-19 09:00:00,304.76006,339.0186476340973
2026-06-19 10:00:00,304.76006,350.2804100605793
2026-06-19 11:00:00,339.76006,352.1902862164429
2026-06-19 12:00:00,339.76006,344.09569450967535
2026-06-19 13:00:00,431.76006,345.5372674972765
2026-06-19 14:00:00,431.76006,364.45803263543945
2026-06-19 15:00:00,668.76006,423.30072308695446
2026-06-19 16:00:00,668.76006,448.80546279447657
2026-06-19 17:00:00,670.76006,463.44247407252976
2026-06-19 18:00:00,673.76006,744.7672450277281
2026-06-19 19:00:00,1252.76006,951.8172066496325
2026-06-19 20:00:00,673.76006,733.7049709208311
2026-06-19 21:00:00,670.76006,522.909326652336
2026-06-19 22:00:00,670.76006,400.7414675728008
2026-06-19 23:00:00,431.76006,363.59479927163477
2026-06-20 00:00:00,452.51934,329.447409037921
2026-06-20 01:00:00,352.51934,439.0803468563032
2026-06-20 02:00:00,452.51934,416.9149426531157
2026-06-20 03:00:00,452.51934,411.75130882702325
2026-06-20 04:00:00,452.51934,426.80394697576014
2026-06-20 05:00:00,452.51934,422.25421300958703
2026-06-20 06:00:00,352.51934,380.30257941495523
2026-06-20 07:00:00,352.51934,385.8071230908315
2026-06-20 08:00:00,352.51934,320.66981641822895
2026-06-20 09:00:00,352.51934,300.9300426903861
2026-06-20 10:00:00,352.51934,316.33172194498775
2026-06-20 11:00:00,352.51934,336.69909010784903
2026-06-20 12:00:00,352.51934,365.5141355776584
2026-06-20 13:00:00,352.51934,413.7377951821183
2026-06-20 14:00:00,352.51934,419.6261920432595
2026-06-20 15:00:00,452.51934,552.9077784652368
2026-06-20 16:00:00,667.51934,558.4088404147981
2026-06-20 17:00:00,668.31934,573.7264516010155
2026-06-20 18:00:00,669.51934,591.4351095980519
2026-06-20 19:00:00,669.51934,681.9794856759959
2026-06-20 20:00:00,669.51934,558.2662034305497
2026-06-20 21:00:00,669.51934,522.6551627285978
2026-06-20 22:00:00,668.31934,495.46862749967215
2026-06-20 23:00:00,667.51934,440.89716210227107
2026-06-21 00:00:00,451.97153,429.9914911404691
2026-06-21 01:00:00,351.97153,434.5712592470362
2026-06-21 02:00:00,351.97153,409.77075878107655
2026-06-21 03:00:00,351.97153,387.685366424501
2026-06-21 04:00:00,351.97153,394.43117865339707
2026-06-21 05:00:00,351.97153,396.8146023328119
2026-06-21 06:00:00,351.97153,348.3030113243948
2026-06-21 07:00:00,336.97153,347.26375644920876
2026-06-21 08:00:00,336.97153,351.6039527916945
2026-06-21 09:00:00,301.97153,351.2792480286931
2026-06-21 10:00:00,301.97153,351.5414694630169
2026-06-21 11:00:00,301.97153,351.9410108738492
2026-06-21 12:00:00,301.97153,367.05820606178014
2026-06-21 13:00:00,336.97153,371.9669433649863
2026-06-21 14:00:00,336.97153,375.46394553129824
2026-06-21 15:00:00,351.97153,447.14633148426844
2026-06-21 16:00:00,351.97153,575.6744665762554
2026-06-21 17:00:00,487.47053,579.8132741273132
2026-06-21 18:00:00,666.97153,554.988418778318
2026-06-21 19:00:00,667.77153,603.4241438135425
2026-06-21 20:00:00,667.77153,593.5743144973789
2026-06-21 21:00:00,667.77153,568.4209001329065
2026-06-21 22:00:00,550.97153,525.201736425657
2026-06-21 23:00:00,550.97153,508.2622861604598
2026-06-22 00:00:00,450.6114,424.5671833731032
2026-06-22 01:00:00,450.6114,433.76156012952686
2026-06-22 02:00:00,450.6114,425.7107629835473
2026-06-22 03:00:00,450.6114,423.79519404442556
2026-06-22 04:00:00,451.6114,451.0822041323538
2026-06-22 05:00:00,451.6114,469.00080207918006
2026-06-22 06:00:00,451.6114,398.6650522623161
2026-06-22 07:00:00,450.6114,369.8025366604929
2026-06-22 08:00:00,450.6114,370.5792251643808
2026-06-22 09:00:00,450.6114,351.9973800118637
2026-06-22 10:00:00,451.6114,358.4656847630994
2026-06-22 11:00:00,550.6114,378.54986172100917
2026-06-22 12:00:00,550.6114,406.72368496630503
2026-06-22 13:00:00,650.6114,439.6386275457798
2026-06-22 14:00:00,665.6114,451.1344344369148
2026-06-22 15:00:00,666.6114,470.989944269365
2026-06-22 16:00:00,666.6114,483.86394779891043
2026-06-22 17:00:00,667.6114,541.7814668646882
2026-06-22 18:00:00,1248.6114,708.2513840144798
2026-06-22 19:00:00,1270.6114,819.2877369454084
2026-06-22 20:00:00,1249.6114,772.0706580200372
2026-06-22 21:00:00,712.9964,675.8702575806706
2026-06-22 22:00:00,666.6114,560.5361961968563
2026-06-22 23:00:00,666.6114,528.5506537344185
2026-06-23 00:00:00,661.21518,484.18258901585125
2026-06-23 01:00:00,666.21518,629.4949409740543
2026-06-23 02:00:00,666.21518,607.6827184412373
2026-06-23 03:00:00,666.21518,601.5170940454161
2026-06-23 04:00:00,666.21518,612.5969414826661
2026-06-23 05:00:00,666.41518,618.0033410471218
2026-06-23 06:00:00,666.21518,428.27228549898706
2026-06-23 07:00:00,666.21518,433.6436682254582
2026-06-23 08:00:00,666.21518,435.44028543691405
2026-06-23 09:00:00,661.21518,428.47280037818155
2026-06-23 10:00:00,666.21518,429.07223501261154
2026-06-23 11:00:00,666.41518,497.9596205342946
2026-06-23 12:00:00,666.21518,558.6570244733284
2026-06-23 13:00:00,667.21518,613.0374440935506
2026-06-23 14:00:00,667.21518,649.6048109746157
2026-06-23 15:00:00,667.21518,665.3518051587804
2026-06-23 16:00:00,668.71518,676.6786006489159
2026-06-23 17:00:00,668.71518,688.3195691651312
2026-06-23 18:00:00,672.21518,1070.7893963534457
2026-06-23 19:00:00,711.58518,1165.465951344364
2026-06-23 20:00:00,672.21518,1029.6017354198627
2026-06-23 21:00:00,668.71518,781.5543057579812
2026-06-23 22:00:00,667.21518,710.2606802804365
2026-06-23 23:00:00,667.21518,669.9364377866692
2026-06-24 00:00:00,451.52262,636.8662147919383
2026-06-24 01:00:00,473.52262,457.4567918465834
2026-06-24 02:00:00,651.52262,473.32313773328315
2026-06-24 03:00:00,651.52262,465.0195162927292
2026-06-24 04:00:00,666.52262,471.49790370720154
2026-06-24 05:00:00,666.52262,498.6226141707073
2026-06-24 06:00:00,666.52262,584.5350568003503
2026-06-24 07:00:00,651.52262,586.722570865764
2026-06-24 08:00:00,666.52262,589.5405185585657
2026-06-24 09:00:00,666.52262,595.1085805802039
2026-06-24 10:00:00,666.52262,602.7359341148499
2026-06-24 11:00:00,666.72262,608.5096233112222
2026-06-24 12:00:00,666.72262,616.546657724327
2026-06-24 13:00:00,666.72262,642.9935574842204
2026-06-24 14:00:00,671.52262,664.8248081932062
2026-06-24 15:00:00,701.52262,675.2065460464635
2026-06-24 16:00:00,701.52262,686.5430677653659
2026-06-24 17:00:00,701.52262,691.3124011006023
2026-06-24 18:00:00,713.97062,736.5368723706397
2026-06-24 19:00:00,1271.52262,772.6744154140449
2026-06-24 20:00:00,1271.52262,738.9821012171543
2026-06-24 21:00:00,713.97062,720.1380051652658
2026-06-24 22:00:00,701.52262,670.7188166045518
2026-06-24 23:00:00,701.52262,634.4291040942577
2026-06-25 00:00:00,662.90216,510.5201597744085
2026-06-25 01:00:00,662.70216,656.9520465114722
2026-06-25 02:00:00,662.70216,632.7351965852288
2026-06-25 03:00:00,662.90216,638.1120873869096
2026-06-25 04:00:00,662.90216,642.8604679523553
2026-06-25 05:00:00,666.70216,669.7673602144057
2026-06-25 06:00:00,662.70216,656.6837365460264
2026-06-25 07:00:00,662.70216,647.7974487285092
2026-06-25 08:00:00,652.70216,654.5607042592636
2026-06-25 09:00:00,652.70216,656.2048242066691
2026-06-25 10:00:00,662.90216,662.9300421468354
2026-06-25 11:00:00,662.90216,663.9413677956045
2026-06-25 12:00:00,662.90216,677.8705592265628
2026-06-25 13:00:00,663.16616,687.3829880434727
2026-06-25 14:00:00,669.70216,696.2137459461525
2026-06-25 15:00:00,677.70216,719.7493035301155
2026-06-25 16:00:00,697.70216,729.4157718869019
2026-06-25 17:00:00,701.41616,741.8046087858488
2026-06-25 18:00:00,707.70216,870.5778952459325
2026-06-25 19:00:00,1246.70216,985.7865373790464
2026-06-25 20:00:00,1245.70216,909.3919517616522
2026-06-25 21:00:00,707.70216,776.539247515808
2026-06-25 22:00:00,697.70216,722.5513477313958
2026-06-25 23:00:00,697.70216,694.3621525638289
2026-06-26 00:00:00,669.473,675.4984232867723
2026-06-26 01:00:00,669.473,652.1690102509651
2026-06-26 02:00:00,669.473,645.920320838957
2026-06-26 03:00:00,669.473,631.9856912331884
2026-06-26 04:00:00,669.473,644.4756265182803
2026-06-26 05:00:00,669.473,647.234753129603
2026-06-26 06:00:00,669.473,667.7965872605041
2026-06-26 07:00:00,669.473,662.97582307477
2026-06-26 08:00:00,669.473,650.8895969334823
2026-06-26 09:00:00,669.473,653.3623837018524
2026-06-26 10:00:00,669.473,660.1552493862023
2026-06-26 11:00:00,669.473,661.2026388888922
2026-06-26 12:00:00,669.473,665.8391197186398
2026-06-26 13:00:00,669.473,674.4167461335537
2026-06-26 14:00:00,691.334,681.3704560059075
2026-06-26 15:00:00,695.473,690.600474720653
2026-06-26 16:00:00,697.473,706.9790449701088
2026-06-26 17:00:00,707.473,716.1520227772894
2026-06-26 18:00:00,712.473,787.355874045742
2026-06-26 19:00:00,1246.473,946.9111675713764
2026-06-26 20:00:00,712.473,924.3532572619933
2026-06-26 21:00:00,712.473,776.1050041621825
2026-06-26 22:00:00,707.473,737.2590492119207
2026-06-26 23:00:00,697.473,717.0938920103731
2026-06-27 00:00:00,709.58972,645.5213181689128
2026-06-27 01:00:00,697.58972,691.2978799624718
2026-06-27 02:00:00,697.58972,659.7481566232425
2026-06-27 03:00:00,693.58972,643.982014250443
2026-06-27 04:00:00,693.58972,645.0543228084081
2026-06-27 05:00:00,693.58972,637.5043214157183
2026-06-27 06:00:00,693.58972,639.1088155526438
2026-06-27 07:00:00,687.58972,638.7725719977133
2026-06-27 08:00:00,687.58972,636.4304147799871
2026-06-27 09:00:00,682.58972,638.1243599437712
2026-06-27 10:00:00,687.58972,648.7096682295174
2026-06-27 11:00:00,691.20372,649.3096024152393
2026-06-27 12:00:00,691.20372,645.1323962957251
2026-06-27 13:00:00,691.20372,650.3680679975866
2026-06-27 14:00:00,692.58972,660.5056059059652
2026-06-27 15:00:00,693.58972,672.1027803147986
2026-06-27 16:00:00,697.58972,678.3496105237508
2026-06-27 17:00:00,709.58972,687.6018827020397
2026-06-27 18:00:00,712.58972,737.8849978103356
2026-06-27 19:00:00,712.58972,845.860004942417
2026-06-27 20:00:00,712.58972,777.4834570293694
2026-06-27 21:00:00,712.58972,764.0911800309345
2026-06-27 22:00:00,712.58972,726.1412054259977
2026-06-27 23:00:00,709.58972,705.9098620087022
2026-06-28 00:00:00,727.38783,682.5595656599754
2026-06-28 01:00:00,717.38783,719.2703174447252
2026-06-28 02:00:00,717.38783,707.1063751383058
2026-06-28 03:00:00,717.38783,699.3097449696186
2026-06-28 04:00:00,717.38783,701.483867079827
2026-06-28 05:00:00,706.38783,707.615949591978
2026-06-28 06:00:00,692.38783,691.7292827628218
2026-06-28 07:00:00,690.97283,679.7773789854201
2026-06-28 08:00:00,682.38783,678.6487013853489
2026-06-28 09:00:00,682.38783,672.0490724804584
2026-06-28 10:00:00,682.38783,672.7426088557548
2026-06-28 11:00:00,682.38783,683.1870066144411
2026-06-28 12:00:00,692.38783,670.4527218617859
2026-06-28 13:00:00,692.38783,675.687180752974
2026-06-28 14:00:00,692.38783,677.1281440476022
2026-06-28 15:00:00,692.38783,681.3034626210626
2026-06-28 16:00:00,706.38783,682.4028815421933
2026-06-28 17:00:00,727.38783,692.2442116910048
2026-06-28 18:00:00,750.03883,719.9542608631059
2026-06-28 19:00:00,802.38783,730.381279504403
2026-06-28 20:00:00,802.38783,735.3024114015487
2026-06-28 21:00:00,802.38783,728.9620824332417
2026-06-28 22:00:00,750.03883,711.4706763723137
2026-06-28 23:00:00,750.03883,703.6740725135911
2026-06-29 00:00:00,747.35582,719.0694328932442
2026-06-29 01:00:00,747.35582,742.1852161889044
2026-06-29 02:00:00,747.35582,725.8824904694862
2026-06-29 03:00:00,747.35582,720.8594694176818
2026-06-29 04:00:00,747.35582,724.1623151307327
2026-06-29 05:00:00,747.35582,728.6416315032877
2026-06-29 06:00:00,706.35582,702.9114735518714
2026-06-29 07:00:00,705.35582,699.4846720775295
2026-06-29 08:00:00,705.35582,693.5222888618595
2026-06-29 09:00:00,705.35582,695.0052076731528
2026-06-29 10:00:00,705.35582,696.9479553692912
2026-06-29 11:00:00,709.35582,696.3991794403735
2026-06-29 12:00:00,709.35582,705.6009901284573
2026-06-29 13:00:00,709.35582,708.8960204052161
2026-06-29 14:00:00,709.35582,709.5887494065593
2026-06-29 15:00:00,727.35582,713.7854663547395
2026-06-29 16:00:00,747.35582,725.4696264428352
2026-06-29 17:00:00,767.35582,744.2345667994473
2026-06-29 18:00:00,777.35582,789.7474705764307
2026-06-29 19:00:00,811.30782,813.0882598720609
2026-06-29 20:00:00,811.30782,799.6410440895609
2026-06-29 21:00:00,811.30782,787.9732084722552
2026-06-29 22:00:00,777.35582,755.1192228099819
2026-06-29 23:00:00,767.35582,747.6596515835831
2026-06-30 00:00:00,792.29531,732.0740107607173
2026-06-30 01:00:00,792.29531,778.1245794876837
2026-06-30 02:00:00,797.29531,773.7618287596365
2026-06-30 03:00:00,784.67031,765.3141317043161
2026-06-30 04:00:00,792.29531,771.8935826524582
2026-06-30 05:00:00,792.29531,781.1755265360547
2026-06-30 06:00:00,792.29531,734.3715309744226
2026-06-30 07:00:00,706.29531,737.8694248267661
2026-06-30 08:00:00,706.29531,738.5868085698669
2026-06-30 09:00:00,706.29531,739.2320970625899
2026-06-30 10:00:00,792.29531,742.2041883245265
2026-06-30 11:00:00,802.29531,744.8515681560234
2026-06-30 12:00:00,802.29531,749.5774100065427
2026-06-30 13:00:00,802.29531,752.0160943995977
2026-06-30 14:00:00,817.29531,755.9554670272273
2026-06-30 15:00:00,827.29531,771.7436363258973
2026-06-30 16:00:00,847.29531,783.2266717772633
2026-06-30 17:00:00,847.29531,803.1472710933558
2026-06-30 18:00:00,897.79531,843.1199638095693
2026-06-30 19:00:00,911.29531,850.6485263864131
2026-06-30 20:00:00,911.29531,840.4488126937142
2026-06-30 21:00:00,847.29531,829.3456434858555
2026-06-30 22:00:00,847.29531,812.1336208370749
2026-06-30 23:00:00,827.29531,802.5974501610702
2026-07-01 00:00:00,812.1992,799.3975628228818
2026-07-01 01:00:00,812.1992,809.2331212730667
2026-07-01 02:00:00,812.1992,802.3757851485151
2026-07-01 03:00:00,812.1992,795.8528765112918
2026-07-01 04:00:00,812.1992,796.9537559629465
2026-07-01 05:00:00,812.1992,801.7097191777895
2026-07-01 06:00:00,792.1992,799.2147846486716
2026-07-01 07:00:00,792.1992,749.5254406037485
2026-07-01 08:00:00,787.1992,752.6838739685327
2026-07-01 09:00:00,787.1992,755.5697448526303
2026-07-01 10:00:00,792.1992,811.0224459759505
2026-07-01 11:00:00,812.1992,817.6013724138223
2026-07-01 12:00:00,792.1992,812.0905661687261
2026-07-01 13:00:00,792.1992,816.3605815167973
2026-07-01 14:00:00,792.1992,828.6357713972304
2026-07-01 15:00:00,812.1992,837.5306312828405
2026-07-01 16:00:00,812.1992,853.7811511575941
2026-07-01 17:00:00,892.6992,858.1795893571605
2026-07-01 18:00:00,906.1992,885.587113838173
2026-07-01 19:00:00,892.6992,924.82233517684
2026-07-01 20:00:00,906.1992,890.0429078698357
2026-07-01 21:00:00,892.6992,856.3038524617708
2026-07-01 22:00:00,812.1992,838.1747879482757
2026-07-01 23:00:00,812.1992,825.8498824662705
2026-07-02 00:00:00,792.59321,819.6444702148438
2026-07-02 01:00:00,792.59321,790.609130859375
2026-07-02 02:00:00,782.59321,788.6519775390625
2026-07-02 03:00:00,782.59321,786.188232421875
2026-07-02 04:00:00,782.59321,785.3369140625
2026-07-02 05:00:00,782.59321,785.9253540039062
2026-07-02 06:00:00,782.59321,788.533736265866
2026-07-02 07:00:00,782.59321,788.5392398102641
2026-07-02 08:00:00,774.46621,785.7879824640233
2026-07-02 09:00:00,782.59321,787.0538814859354
2026-07-02 10:00:00,782.59321,790.7712483366399
2026-07-02 11:00:00,782.59321,802.5369122562753
2026-07-02 12:00:00,782.59321,794.9014993295475
2026-07-02 13:00:00,782.59321,798.6690434699617
2026-07-02 14:00:00,792.59321,801.0008885546763
2026-07-02 15:00:00,792.59321,816.2551347543218
2026-07-02 16:00:00,892.59321,819.6768270963265
2026-07-02 17:00:00,892.59321,864.9265023030346
2026-07-02 18:00:00,892.59321,856.0882206521778
2026-07-02 19:00:00,893.09321,865.6837232548078
2026-07-02 20:00:00,893.09321,853.8082874075455
2026-07-02 21:00:00,892.59321,839.9514500024619
2026-07-02 22:00:00,892.59321,805.6191589891805
2026-07-02 23:00:00,792.59321,795.8965717358719
2026-07-03 00:00:00,792.40976,796.9760742187485
2026-07-03 01:00:00,761.05376,789.7277832031235
2026-07-03 02:00:00,752.40976,781.896850585936
2026-07-03 03:00:00,752.40976,769.3358764648423
2026-07-03 04:00:00,752.40976,757.606567382811
2026-07-03 05:00:00,761.05376,750.6506958007799
2026-07-03 06:00:00,792.40976,751.3324023456263
2026-07-03 07:00:00,752.40976,751.7039285270439
2026-07-03 08:00:00,752.40976,748.5566792681368
2026-07-03 09:00:00,752.40976,754.8063652550135
2026-07-03 10:00:00,752.40976,756.9343291623148
2026-07-03 11:00:00,792.40976,760.3244341004576
2026-07-03 12:00:00,752.40976,759.0989436621933
2026-07-03 13:00:00,752.40976,764.0054252783056
2026-07-03 14:00:00,792.40976,773.3141865293888
2026-07-03 15:00:00,877.40976,778.838374264568
2026-07-03 16:00:00,877.40976,833.4184185609604
2026-07-03 17:00:00,877.40976,837.766188313181
2026-07-03 18:00:00,882.40976,845.4250481825513
2026-07-03 19:00:00,892.90976,865.1524364215084
2026-07-03 20:00:00,892.90976,842.875256024877
2026-07-03 21:00:00,877.40976,834.2065070423306
2026-07-03 22:00:00,822.40976,816.5507645159895
2026-07-03 23:00:00,822.40976,799.590894902685
2026-07-04 00:00:00,754.09592,784.4620971679686
2026-07-04 01:00:00,752.33192,751.0712280273436
2026-07-04 02:00:00,747.33192,743.7500610351561
2026-07-04 03:00:00,747.33192,730.0561523437499
2026-07-04 04:00:00,747.33192,722.3252563476561
2026-07-04 05:00:00,747.33192,722.2982788085936
2026-07-04 06:00:00,747.33192,745.2425763392431
2026-07-04 07:00:00,742.33192,725.0149515578984
2026-07-04 08:00:00,742.33192,725.9832516512787
2026-07-04 09:00:00,742.33192,731.4784264929218
2026-07-04 10:00:00,742.33192,734.1942173387317
2026-07-04 11:00:00,742.33192,758.9560333331865
2026-07-04 12:00:00,742.33192,731.7139707935563
2026-07-04 13:00:00,742.33192,735.2624068829097
2026-07-04 14:00:00,742.33192,759.650246438934
2026-07-04 15:00:00,747.33192,809.0485995792301
2026-07-04 16:00:00,752.33192,813.9053485545592
2026-07-04 17:00:00,792.33192,820.279447271821
2026-07-04 18:00:00,802.33192,832.082036966259
2026-07-04 19:00:00,892.83192,851.1950111347858
2026-07-04 20:00:00,892.83192,836.5326890068964
2026-07-04 21:00:00,802.33192,822.8407672983163
2026-07-04 22:00:00,792.33192,798.2433794623615
2026-07-04 23:00:00,792.33192,780.1974221401277
2026-07-05 00:00:00,744.81769,754.6357421874999
2026-07-05 01:00:00,744.81769,737.3229980468749
2026-07-05 02:00:00,742.31769,726.6204223632811
2026-07-05 03:00:00,742.31769,707.0643310546874
2026-07-05 04:00:00,744.81769,691.9165039062499
2026-07-05 05:00:00,744.81769,683.2404174804686
2026-07-05 06:00:00,737.81769,700.4317058289981
2026-07-05 07:00:00,701.81769,696.4346810618902
2026-07-05 08:00:00,332.81769,694.1557676576931
2026-07-05 09:00:00,332.81769,696.8276881765751
2026-07-05 10:00:00,332.81769,698.0670094950932
2026-07-05 11:00:00,332.81769,702.0356980326015
2026-07-05 12:00:00,692.81769,685.5679763158641
2026-07-05 13:00:00,701.81769,692.3051268790592
2026-07-05 14:00:00,737.81769,696.0548228562684
2026-07-05 15:00:00,737.81769,705.5251914120395
2026-07-05 16:00:00,742.31769,711.4882166168763
2026-07-05 17:00:00,755.31769,735.7549394185945
2026-07-05 18:00:00,798.31769,772.3148476308457
2026-07-05 19:00:00,872.81769,802.6192308359814
2026-07-05 20:00:00,872.81769,793.582043448766
2026-07-05 21:00:00,798.31769,782.4376308208393
2026-07-05 22:00:00,798.31769,767.6767344606858
2026-07-05 23:00:00,755.31769,753.7319562980579
2026-07-06 00:00:00,742.51853,725.2242463710159
2026-07-06 01:00:00,742.51853,737.3290775945186
2026-07-06 02:00:00,702.22553,732.1714054834847
2026-07-06 03:00:00,702.22553,727.4887904086326
2026-07-06 04:00:00,702.22553,723.018612941295
2026-07-06 05:00:00,744.22553,731.3072139996285
2026-07-06 06:00:00,742.51853,729.3578450014089
2026-07-06 07:00:00,702.22553,710.8027952797715
2026-07-06 08:00:00,701.22553,515.3933426404135
2026-07-06 09:00:00,701.22553,518.876626615634
2026-07-06 10:00:00,702.22553,525.6042665907225
2026-07-06 11:00:00,744.22553,534.2058389973348
2026-07-06 12:00:00,742.51853,755.1210181836468
2026-07-06 13:00:00,744.22553,771.9572552476328
2026-07-06 14:00:00,747.72553,797.1173023318502
2026-07-06 15:00:00,747.72553,802.6547166337294
2026-07-06 16:00:00,887.22553,807.9918174986714
2026-07-06 17:00:00,892.22553,815.1969787175558
2026-07-06 18:00:00,892.22553,841.7821424716528
2026-07-06 19:00:00,982.22553,886.7387988368422
2026-07-06 20:00:00,1062.22553,847.0855753856384
2026-07-06 21:00:00,1062.22553,808.6327648439383
2026-07-06 22:00:00,892.22553,796.2409551883359
2026-07-06 23:00:00,887.22553,772.4951712266762
2026-07-07 00:00:00,702.205,774.3472825343963
2026-07-07 01:00:00,701.705,703.8378633377066
2026-07-07 02:00:00,701.705,704.8610538209994
2026-07-07 03:00:00,701.705,702.9645963323198
2026-07-07 04:00:00,701.705,708.5610748830773
2026-07-07 05:00:00,701.705,718.6239049527584
2026-07-07 06:00:00,701.705,724.2051699875329
2026-07-07 07:00:00,701.705,717.6018185900035
2026-07-07 08:00:00,701.205,725.8749370359114
2026-07-07 09:00:00,701.205,731.5271841612159
2026-07-07 10:00:00,701.705,744.2214979150067
2026-07-07 11:00:00,701.705,766.6571527336743
2026-07-07 12:00:00,701.705,776.713946903195
2026-07-07 13:00:00,701.705,791.7281321767337
2026-07-07 14:00:00,701.705,806.7522446001815
2026-07-07 15:00:00,701.705,823.0282286523403
2026-07-07 16:00:00,702.205,859.6393702537254
2026-07-07 17:00:00,742.205,870.1823695922395
2026-07-07 18:00:00,743.705,914.7839499843053
2026-07-07 19:00:00,887.205,966.5814370135188
2026-07-07 20:00:00,887.205,925.2015991502517
2026-07-07 21:00:00,742.584,886.5644398128001
2026-07-07 22:00:00,743.705,839.9006586956806
2026-07-07 23:00:00,702.205,797.2372814742349
2026-07-08 00:00:00,737.74955,762.4081639948688
2026-07-08 01:00:00,737.74955,727.0829659000344
2026-07-08 02:00:00,701.74955,710.0898604447419
2026-07-08 03:00:00,701.74955,691.9535451430731
2026-07-08 04:00:00,701.74955,682.6402901521619
2026-07-08 05:00:00,737.74955,681.788002375178
2026-07-08 06:00:00,737.74955,724.3970557916587
2026-07-08 07:00:00,701.34955,727.9108578046007
2026-07-08 08:00:00,701.34955,727.3810029034664
2026-07-08 09:00:00,701.34955,728.6296945322813
2026-07-08 10:00:00,701.34955,728.8767349728528
2026-07-08 11:00:00,701.74955,731.6877192214353
2026-07-08 12:00:00,701.74955,709.5005209389519
2026-07-08 13:00:00,704.24955,719.2886800056939
2026-07-08 14:00:00,737.74955,726.9082813645829
2026-07-08 15:00:00,737.74955,736.143993935038
2026-07-08 16:00:00,738.24955,740.975486449871
2026-07-08 17:00:00,742.74955,756.5040942806123
2026-07-08 18:00:00,742.74955,828.245369574626
2026-07-08 19:00:00,887.24955,902.404095558612
2026-07-08 20:00:00,887.24955,867.5917975683969
2026-07-08 21:00:00,887.24955,798.6345203501683
2026-07-08 22:00:00,742.32155,768.0679956920555
2026-07-08 23:00:00,738.24955,751.99729400825
2026-07-09 00:00:00,702.28966,728.8364950205148
2026-07-09 01:00:00,702.28966,702.8150674177026
2026-07-09 02:00:00,702.28966,703.0526249276339
2026-07-09 03:00:00,702.28966,703.4928020110752
2026-07-09 04:00:00,702.28966,705.6187523525998
2026-07-09 05:00:00,702.68966,709.5308772731362
2026-07-09 06:00:00,702.68966,712.9776404309505
2026-07-09 07:00:00,702.68966,711.1606905492733
2026-07-09 08:00:00,702.68966,706.3680833314835
2026-07-09 09:00:00,702.28966,712.8892191717746
2026-07-09 10:00:00,702.28966,715.939898884686
2026-07-09 11:00:00,702.68966,715.2766863247678
2026-07-09 12:00:00,702.28966,702.9467582555726
2026-07-09 13:00:00,702.68966,708.8132671074068
2026-07-09 14:00:00,708.18966,719.0027180926044
2026-07-09 15:00:00,738.78966,729.0256696156333
2026-07-09 16:00:00,743.28966,737.0392754949229
2026-07-09 17:00:00,738.78966,746.1142328330037
2026-07-09 18:00:00,743.28966,784.958270208193
2026-07-09 19:00:00,743.28966,868.4479586529834
2026-07-09 20:00:00,888.18966,843.5964979409634
2026-07-09 21:00:00,888.18966,825.9833484038211
2026-07-09 22:00:00,738.78966,751.2641873617665
2026-07-09 23:00:00,738.18966,732.9173640793015
2026-07-10 00:00:00,703.12464,730.3777767781422
2026-07-10 01:00:00,703.12464,701.3372845430057
2026-07-10 02:00:00,703.12464,698.7901081441139
2026-07-10 03:00:00,703.12464,695.9228892027638
2026-07-10 04:00:00,703.12464,695.9778309501369
2026-07-10 05:00:00,703.12464,697.5304474030468
2026-07-10 06:00:00,703.12464,693.8507945522365
2026-07-10 07:00:00,703.07464,695.8630981101988
2026-07-10 08:00:00,703.07464,693.6555007581884
2026-07-10 09:00:00,699.07464,697.4991842882549
2026-07-10 10:00:00,703.07464,701.6352557757698
2026-07-10 11:00:00,703.12464,705.6192762183065
2026-07-10 12:00:00,703.12464,693.487377241414
2026-07-10 13:00:00,707.07464,700.3941018217386
2026-07-10 14:00:00,707.57464,707.9204900959479
2026-07-10 15:00:00,740.57464,718.9797660718314
2026-07-10 16:00:00,740.57464,724.4518844422637
2026-07-10 17:00:00,739.86164,729.7565540607882
2026-07-10 18:00:00,744.17464,769.0592435168899
2026-07-10 19:00:00,889.07464,792.4752502831801
2026-07-10 20:00:00,744.17464,831.3225346684932
2026-07-10 21:00:00,889.07464,814.0849946173824
2026-07-10 22:00:00,740.57464,741.2053331942705
2026-07-10 23:00:00,707.57464,729.3452763016513
2026-07-11 00:00:00,742.40661,717.4624042933611
2026-07-11 01:00:00,738.26961,738.9341969921359
2026-07-11 02:00:00,702.80661,732.6761636967906
2026-07-11 03:00:00,701.35661,725.951128660667
2026-07-11 04:00:00,701.35661,723.4894955056957
2026-07-11 05:00:00,701.35661,720.98154411767
2026-07-11 06:00:00,701.35661,712.5064350751632
2026-07-11 07:00:00,698.30661,713.2841920942051
2026-07-11 08:00:00,697.30661,710.6839402635993
2026-07-11 09:00:00,697.30661,710.1920552512643
2026-07-11 10:00:00,698.30661,714.8957172087478
2026-07-11 11:00:00,698.30661,716.4015415054163
2026-07-11 12:00:00,698.30661,703.5926568890256
2026-07-11 13:00:00,701.35661,709.5829224586208
2026-07-11 14:00:00,701.35661,715.0405910173785
2026-07-11 15:00:00,701.35661,722.0666957582955
2026-07-11 16:00:00,742.40661,726.3509470822148
2026-07-11 17:00:00,738.26961,730.080333573417
2026-07-11 18:00:00,922.30661,758.3024857849666
2026-07-11 19:00:00,922.30661,826.1351850681881
2026-07-11 20:00:00,922.30661,777.142442906809
2026-07-11 21:00:00,942.30661,795.4138743163439
2026-07-11 22:00:00,922.30661,751.1177737263421
2026-07-11 23:00:00,742.40661,741.3796528044973
2026-07-12 00:00:00,832.19518,736.228910067909
2026-07-12 01:00:00,832.19518,813.3139992142628
2026-07-12 02:00:00,832.19518,790.8632427057848
2026-07-12 03:00:00,832.19518,771.6477775954927
2026-07-12 04:00:00,832.19518,763.6317921028718
2026-07-12 05:00:00,832.19518,756.1704026633711
2026-07-12 06:00:00,652.69518,733.6000197085175
2026-07-12 07:00:00,632.19518,729.0558159387099
2026-07-12 08:00:00,632.19518,721.042671714955
2026-07-12 09:00:00,632.19518,717.896429595478
2026-07-12 10:00:00,632.19518,717.2834458989037
2026-07-12 11:00:00,640.75718,717.391474849383
2026-07-12 12:00:00,640.75718,746.108696948125
2026-07-12 13:00:00,652.69518,752.8770616653577
2026-07-12 14:00:00,682.19518,760.8428522886588
2026-07-12 15:00:00,832.19518,769.8001347155508
2026-07-12 16:00:00,832.19518,778.6421082254197
2026-07-12 17:00:00,832.19518,790.5054445330373
2026-07-12 18:00:00,922.19518,878.2170450159531
2026-07-12 19:00:00,922.19518,906.8437032469392
2026-07-12 20:00:00,922.19518,890.37527567088
2026-07-12 21:00:00,933.19518,900.7107442254814
2026-07-12 22:00:00,933.19518,876.5678229932448
2026-07-12 23:00:00,922.19518,804.9893993902022
2026-07-13 00:00:00,804.52814,799.7092957819136
2026-07-13 01:00:00,804.52814,798.2391332914433
2026-07-13 02:00:00,804.52814,779.8252568875456
2026-07-13 03:00:00,804.52814,766.5367649493028
2026-07-13 04:00:00,794.52814,769.1615208378981
2026-07-13 05:00:00,804.52814,773.3936090640507
2026-07-13 06:00:00,794.52814,742.7167308993837
2026-07-13 07:00:00,504.52814,737.9337179922267
2026-07-13 08:00:00,504.52814,743.294455517201
2026-07-13 09:00:00,504.52814,754.4254630708508
2026-07-13 10:00:00,504.52814,767.5110522442235
2026-07-13 11:00:00,504.52814,782.6907065264826
2026-07-13 12:00:00,664.52814,782.4796996146326
2026-07-13 13:00:00,655.02814,794.8536870892626
2026-07-13 14:00:00,804.52814,809.6291158223119
2026-07-13 15:00:00,924.52814,844.1623459277529
2026-07-13 16:00:00,933.02814,845.6281230757827
2026-07-13 17:00:00,933.02814,853.4001284380797
2026-07-13 18:00:00,944.52814,896.3210621235407
2026-07-13 19:00:00,1074.52814,919.3530206419281
2026-07-13 20:00:00,1197.52814,906.9757699260097
2026-07-13 21:00:00,1198.52814,907.7065540026169
2026-07-13 22:00:00,944.52814,888.8606289371403
2026-07-13 23:00:00,933.02814,863.9876235054262
2026-07-14 00:00:00,673.9051,846.5019713475858
2026-07-14 01:00:00,673.9051,684.4805293667039
2026-07-14 02:00:00,673.9051,689.6794412541984
2026-07-14 03:00:00,673.9051,694.99260643357
2026-07-14 04:00:00,673.9051,701.9164070768047
2026-07-14 05:00:00,673.9051,729.5826745821626
2026-07-14 06:00:00,673.9051,730.7010430596124
2026-07-14 07:00:00,654.4051,655.4807433879816
2026-07-14 08:00:00,643.9051,654.258912401263
2026-07-14 09:00:00,643.9051,667.0010087398017
2026-07-14 10:00:00,663.9051,694.9145062073327
2026-07-14 11:00:00,673.9051,707.2221093337703
2026-07-14 12:00:00,673.9051,712.6693469444504
2026-07-14 13:00:00,943.9051,717.391285077042
2026-07-14 14:00:00,975.4051,822.8383159560296
2026-07-14 15:00:00,975.4051,912.6055091884245
2026-07-14 16:00:00,1073.9051,925.7544497288576
2026-07-14 17:00:00,989.4051,934.0408843323476
2026-07-14 18:00:00,1073.9051,978.0657339435056
2026-07-14 19:00:00,1197.9051,1084.6834287271308
2026-07-14 20:00:00,1196.9051,1133.233318866654
2026-07-14 21:00:00,1197.9051,1114.8610283810108
2026-07-14 22:00:00,989.4051,942.5401631757044
2026-07-14 23:00:00,975.4051,900.4205127908858
2026-07-15 00:00:00,843.61336,778.574786018844
2026-07-15 01:00:00,726.92736,816.0184772431392
2026-07-15 02:00:00,692.69036,790.3125956417875
2026-07-15 03:00:00,672.69036,781.4388475008543
2026-07-15 04:00:00,726.92736,795.5658943548123
2026-07-15 05:00:00,927.69036,809.8054017275651
2026-07-15 06:00:00,726.92736,736.0312064049693
2026-07-15 07:00:00,643.69036,729.7745899714561
2026-07-15 08:00:00,643.69036,736.210064879246
2026-07-15 09:00:00,643.69036,746.8269125282499
2026-07-15 10:00:00,643.69036,772.1222410011244
2026-07-15 11:00:00,653.19036,789.7773180082562
2026-07-15 12:00:00,672.69036,790.5491146266394
2026-07-15 13:00:00,792.69036,960.4337767481472
2026-07-15 14:00:00,927.69036,987.0831852845624
2026-07-15 15:00:00,927.69036,995.629410030285
2026-07-15 16:00:00,942.69036,1058.7274649098822
2026-07-15 17:00:00,1182.69036,1016.0533724672187
2026-07-15 18:00:00,1196.69036,1078.9463013627876
2026-07-15 19:00:00,1197.69036,1197.7569977762626
2026-07-15 20:00:00,1197.69036,1185.9025113143773
2026-07-15 21:00:00,1197.69036,1180.3519223376761
2026-07-15 22:00:00,1196.69036,995.8250521359918
2026-07-15 23:00:00,942.69036,972.6866885896958
2026-07-16 00:00:00,733.91903,885.7451149390522
2026-07-16 01:00:00,733.91903,739.9678790134662
2026-07-16 02:00:00,693.91903,734.2956342387473
2026-07-16 03:00:00,693.91903,735.5221824606544
2026-07-16 04:00:00,733.91903,748.0622669066759
2026-07-16 05:00:00,733.91903,765.3498754326813
2026-07-16 06:00:00,733.91903,726.7798568515751
2026-07-16 07:00:00,654.41903,703.4230863932889
2026-07-16 08:00:00,644.91903,699.1231147088431
2026-07-16 09:00:00,644.91903,718.3824471056596
2026-07-16 10:00:00,644.91903,738.9788710058344
2026-07-16 11:00:00,693.91903,743.8849139107269
2026-07-16 12:00:00,693.91903,741.3738339774966
2026-07-16 13:00:00,733.91903,826.3048343492367
2026-07-16 14:00:00,733.91903,921.818654488724
2026-07-16 15:00:00,733.91903,935.1759830153034
2026-07-16 16:00:00,923.88903,955.159261119296
2026-07-16 17:00:00,943.91903,1108.9800285070105
2026-07-16 18:00:00,1198.91903,1184.7776030366779
2026-07-16 19:00:00,1203.91903,1194.559949039712
2026-07-16 20:00:00,1198.91903,1186.687037007924
2026-07-16 21:00:00,1203.91903,1186.9331590715908
2026-07-16 22:00:00,1066.26703,1173.3797688630889
2026-07-16 23:00:00,923.88903,941.5380539774752
2026-07-17 00:00:00,923.52112,786.6992756429518
2026-07-17 01:00:00,743.51912,842.7097353659483
2026-07-17 02:00:00,730.06412,771.4943110053497
2026-07-17 03:00:00,730.06412,755.2935687331683
2026-07-17 04:00:00,730.06412,769.3502640567124
2026-07-17 05:00:00,923.52112,791.3430404298706
2026-07-17 06:00:00,743.51912,753.9389436275037
2026-07-17 07:00:00,643.52112,730.4302786291507
2026-07-17 08:00:00,643.52112,732.9937915454747
2026-07-17 09:00:00,643.52112,731.4762805976891
2026-07-17 10:00:00,642.52112,738.1544172851127
2026-07-17 11:00:00,643.52112,778.629123721874
2026-07-17 12:00:00,643.52112,777.6942382872639
2026-07-17 13:00:00,643.52112,791.1074098521433
2026-07-17 14:00:00,923.52112,806.5487251094041
2026-07-17 15:00:00,923.52112,819.7733969806654
2026-07-17 16:00:00,923.52112,935.0180943882925
2026-07-17 17:00:00,923.52112,956.487107391403
2026-07-17 18:00:00,1196.52112,1169.3513323668171
2026-07-17 19:00:00,1197.52112,1183.900207013277
2026-07-17 20:00:00,1196.52112,1172.712443726664
2026-07-17 21:00:00,1197.52112,1177.4788060088995
2026-07-17 22:00:00,942.52112,1052.2343273934357
2026-07-17 23:00:00,923.52112,923.9939441350244
2026-07-18 00:00:00,942.49543,879.5745860583307
2026-07-18 01:00:00,854.20243,858.4860270223095
2026-07-18 02:00:00,932.49543,783.7646869899584
2026-07-18 03:00:00,727.39843,749.0190239976637
2026-07-18 04:00:00,727.39843,738.2967071177272
2026-07-18 05:00:00,727.39843,764.8026892578683
2026-07-18 06:00:00,647.49543,733.4697328684902
2026-07-18 07:00:00,647.49543,673.6587829297774
2026-07-18 08:00:00,647.49543,668.6191620330652
2026-07-18 09:00:00,643.49543,665.6794803540079
2026-07-18 10:00:00,643.49543,672.1167888770515
2026-07-18 11:00:00,643.49543,680.7234678682876
2026-07-18 12:00:00,643.49543,712.3940261621512
2026-07-18 13:00:00,647.49543,715.3230961146211
2026-07-18 14:00:00,647.49543,866.1948027623256
2026-07-18 15:00:00,743.49343,877.7108677083262
2026-07-18 16:00:00,952.49543,889.0121582416834
2026-07-18 17:00:00,952.49543,904.4779908020354
2026-07-18 18:00:00,952.49543,1164.9764140251043
2026-07-18 19:00:00,952.49543,1174.1206497657004
2026-07-18 20:00:00,952.49543,1166.479451524189
2026-07-18 21:00:00,952.49543,1163.1484692182528
2026-07-18 22:00:00,952.49543,946.3909516662849
2026-07-18 23:00:00,743.49343,917.2740928157708
2026-07-19 00:00:00,943.72728,850.7420909365719
2026-07-19 01:00:00,932.72728,855.7330634422808
2026-07-19 02:00:00,932.72728,761.8937368374732
2026-07-19 03:00:00,932.72728,701.8473667794369
2026-07-19 04:00:00,724.75628,675.2157506876699
2026-07-19 05:00:00,724.75628,671.6758151874368
2026-07-19 06:00:00,652.72728,628.7417372445531
2026-07-19 07:00:00,648.72728,627.8960732182991
2026-07-19 08:00:00,648.72728,624.6710773506195
2026-07-19 09:00:00,648.72728,616.3186922496761
2026-07-19 10:00:00,652.72728,621.0642649041213
2026-07-19 11:00:00,652.72728,626.5940110244037
2026-07-19 12:00:00,652.72728,654.7614647083291
2026-07-19 13:00:00,652.72728,662.4446472833781
2026-07-19 14:00:00,724.75628,690.9566304540188
2026-07-19 15:00:00,942.72728,747.1687008993532
2026-07-19 16:00:00,942.72728,859.7297040964922
2026-07-19 17:00:00,942.72728,881.0040042486494
2026-07-19 18:00:00,943.72728,945.812231431747
2026-07-19 19:00:00,952.72728,951.2205355441425
2026-07-19 20:00:00,944.72728,953.5647576707465
2026-07-19 21:00:00,943.72728,955.1762885280139
2026-07-19 22:00:00,944.72728,946.4626218926812
2026-07-19 23:00:00,932.72728,774.5627981938453
2026-07-20 00:00:00,752.71069,846.1583642234434
2026-07-20 01:00:00,752.71069,760.0664357509966
2026-07-20 02:00:00,747.71069,756.9334978168397
2026-07-20 03:00:00,747.71069,754.0673935573061
2026-07-20 04:00:00,747.71069,748.6143582991524
2026-07-20 05:00:00,747.71069,769.95613050001
2026-07-20 06:00:00,747.71069,682.0187299317736
2026-07-20 07:00:00,677.71069,681.0333643023178
2026-07-20 08:00:00,677.71069,682.1119742768335
2026-07-20 09:00:00,677.71069,681.7285622861338
2026-07-20 10:00:00,677.71069,685.0495456017189
2026-07-20 11:00:00,677.71069,685.4486940995198
2026-07-20 12:00:00,677.71069,699.4056979989625
2026-07-20 13:00:00,747.71069,705.6985332935924
2026-07-20 14:00:00,747.71069,756.3841308530291
2026-07-20 15:00:00,752.71069,892.3320878358502
2026-07-20 16:00:00,926.71069,903.3287612667452
2026-07-20 17:00:00,926.71069,913.3484984330294
2026-07-20 18:00:00,943.71069,946.6288962534209
2026-07-20 19:00:00,943.71069,959.6959700250376
2026-07-20 20:00:00,943.71069,949.373473383793
2026-07-20 21:00:00,942.71069,945.4238122367767
2026-07-20 22:00:00,926.71069,936.4595588942485
2026-07-20 23:00:00,752.71069,917.1693591625295
2026-07-21 00:00:00,691.59804,834.3221871997182
2026-07-21 01:00:00,642.48704,692.125468880048
2026-07-21 02:00:00,642.48704,690.9219117230496
2026-07-21 03:00:00,642.48704,687.645998388276
2026-07-21 04:00:00,642.48704,702.6794619593975
2026-07-21 05:00:00,691.59804,740.314042254765
2026-07-21 06:00:00,733.48504,739.2788944849899
2026-07-21 07:00:00,691.59804,697.598435640618
2026-07-21 08:00:00,642.48704,696.1001896343146
2026-07-21 09:00:00,642.48704,695.7081181994353
2026-07-21 10:00:00,642.48704,703.7603045431913
2026-07-21 11:00:00,642.48704,704.7236810620301
2026-07-21 12:00:00,642.48704,708.5920158278118
2026-07-21 13:00:00,642.48704,754.6685704651774
2026-07-21 14:00:00,942.48704,773.1376311913848
2026-07-21 15:00:00,942.48704,810.7575596952431
2026-07-21 16:00:00,942.48704,899.1456794879575
2026-07-21 17:00:00,947.48704,904.6691609896063
2026-07-21 18:00:00,962.48704,962.3283511272651
2026-07-21 19:00:00,962.48704,967.9296776291479
2026-07-21 20:00:00,962.48704,962.421417700534
2026-07-21 21:00:00,962.48704,955.6158494380987
2026-07-21 22:00:00,947.48704,932.1842210800888
2026-07-21 23:00:00,942.48704,772.3234736412059
2026-07-22 00:00:00,932.12121,771.7291358461488
2026-07-22 01:00:00,932.12121,871.4252585420495
2026-07-22 02:00:00,932.12121,810.0187296008032
2026-07-22 03:00:00,932.12121,778.545872983055
2026-07-22 04:00:00,932.12121,779.0093638541839
2026-07-22 05:00:00,932.12121,799.489133859229
2026-07-22 06:00:00,932.12121,742.0327521426707
2026-07-22 07:00:00,926.12121,723.2417803977156
2026-07-22 08:00:00,932.12121,694.5756508311865
2026-07-22 09:00:00,691.00121,696.8596849209106
2026-07-22 10:00:00,926.12121,701.3373760702293
2026-07-22 11:00:00,932.12121,704.9831500036345
2026-07-22 12:00:00,932.12121,712.361458732968
2026-07-22 13:00:00,932.12121,720.2276202680042
2026-07-22 14:00:00,932.12121,924.5205475434359
2026-07-22 15:00:00,941.12121,930.3712883253222
2026-07-22 16:00:00,942.12121,933.4738389419408
2026-07-22 17:00:00,1042.12121,941.8891096407783
2026-07-22 18:00:00,1042.12121,984.5443493494881
2026-07-22 19:00:00,1047.12121,986.0037674851269
2026-07-22 20:00:00,1047.12121,980.8618946530371
2026-07-22 21:00:00,1042.12121,977.5106724897956
2026-07-22 22:00:00,942.12121,960.8972034966114
2026-07-22 23:00:00,941.12121,951.3983694719943
2026-07-23 00:00:00,932.13321,884.5379111524264
2026-07-23 01:00:00,932.13321,914.8651780000091
2026-07-23 02:00:00,932.13321,897.6672053186953
2026-07-23 03:00:00,932.13321,885.4538427424504
2026-07-23 04:00:00,932.13321,895.0769757852668
2026-07-23 05:00:00,932.13321,911.1941347810982
2026-07-23 06:00:00,932.13321,912.5394284741502
2026-07-23 07:00:00,932.13321,913.7933203847844
2026-07-23 08:00:00,932.13321,916.8715356844709
2026-07-23 09:00:00,932.13321,753.8526784516978
2026-07-23 10:00:00,932.13321,912.4271320188011
2026-07-23 11:00:00,932.13321,915.2599384068835
2026-07-23 12:00:00,922.13321,898.5756974618938
2026-07-23 13:00:00,932.13321,907.3537059892872
2026-07-23 14:00:00,932.13321,918.4380770084788
2026-07-23 15:00:00,952.13321,932.1189871804719
2026-07-23 16:00:00,1012.13321,944.4520325024372
2026-07-23 17:00:00,1012.13321,991.5360552727258
2026-07-23 18:00:00,1092.13321,1033.1743586238842
2026-07-23 19:00:00,1097.13321,1039.0101511608507
2026-07-23 20:00:00,1092.13321,1034.4075528646345
2026-07-23 21:00:00,952.13321,1026.1356350220208
2026-07-23 22:00:00,937.13321,938.1038271113674
2026-07-23 23:00:00,932.13321,933.4780407934693
2026-07-24 00:00:00,883.4134,930.6549677508638
2026-07-24 01:00:00,842.4134,884.5744307651535
2026-07-24 02:00:00,842.4134,873.1671338999281
2026-07-24 03:00:00,842.4134,866.074010708958
2026-07-24 04:00:00,842.4134,869.9494071359865
2026-07-24 05:00:00,883.4134,879.9472455408322
2026-07-24 06:00:00,853.5724,892.4412147612695
2026-07-24 07:00:00,842.4134,891.238077077619
2026-07-24 08:00:00,688.0954,891.0919546902682
2026-07-24 09:00:00,642.4134,889.9812984163195
2026-07-24 10:00:00,642.4134,892.404894646998
2026-07-24 11:00:00,842.4134,892.2860404024996
2026-07-24 12:00:00,688.0954,881.9487802753497
2026-07-24 13:00:00,692.4134,888.3813068128817
2026-07-24 14:00:00,883.4134,908.0017067922436
2026-07-24 15:00:00,883.4134,923.0446502105312
2026-07-24 16:00:00,912.4134,954.0601256913803
2026-07-24 17:00:00,937.4134,962.9931407807444
2026-07-24 18:00:00,952.4134,1060.8749720043058
2026-07-24 19:00:00,1012.4134,1065.0357837768304
2026-07-24 20:00:00,1012.4134,1058.237985690729
2026-07-24 21:00:00,952.4134,935.8415867757944
2026-07-24 22:00:00,912.4134,919.2123084087257
2026-07-24 23:00:00,883.4134,912.4559256066811
2026-07-25 00:00:00,692.47061,867.9170475306212
2026-07-25 01:00:00,685.99961,692.5565168931486
2026-07-25 02:00:00,685.99961,688.1008904891517
2026-07-25 03:00:00,685.99961,681.5838435350892
2026-07-25 04:00:00,695.99961,682.4876553357602
2026-07-25 05:00:00,645.99961,694.3577866410192
2026-07-25 06:00:00,645.99961,763.5219965223449
2026-07-25 07:00:00,635.99961,751.6843284036904
2026-07-25 08:00:00,313.71361,646.8796081164288
2026-07-25 09:00:00,295.99961,619.0326533879172
2026-07-25 10:00:00,295.99961,620.4106571685594
2026-07-25 11:00:00,626.74361,746.8341051456989
2026-07-25 12:00:00,635.99961,681.8112245997795
2026-07-25 13:00:00,635.99961,679.8879123284389
2026-07-25 14:00:00,635.99961,784.9543949739109
2026-07-25 15:00:00,645.99961,803.8164946419365
2026-07-25 16:00:00,775.99961,827.7205847626399
2026-07-25 17:00:00,775.99961,847.6436054131046
2026-07-25 18:00:00,935.99961,924.8641888640421
2026-07-25 19:00:00,935.99961,980.0378722436321
2026-07-25 20:00:00,935.99961,975.9953252299166
2026-07-25 21:00:00,880.99961,920.4268905990393
2026-07-25 22:00:00,775.99961,881.7696257935501
2026-07-25 23:00:00,775.99961,853.3527109379194
2026-07-26 00:00:00,656.43802,707.8207765034643
2026-07-26 01:00:00,656.43802,638.0096595387356
2026-07-26 02:00:00,646.43802,605.4823787587478
2026-07-26 03:00:00,646.43802,586.5249870509201
2026-07-26 04:00:00,646.43802,561.6799481684831
2026-07-26 05:00:00,646.43802,558.0854700789646
2026-07-26 06:00:00,616.43802,530.1273081225758
2026-07-26 07:00:00,156.43802,506.6652348264206
2026-07-26 08:00:00,156.43802,399.82427197663867
2026-07-26 09:00:00,156.43802,388.38563546023164
2026-07-26 10:00:00,156.43802,396.850505259041
2026-07-26 11:00:00,156.43802,507.321607013724
2026-07-26 12:00:00,301.17402,553.0692640157548
2026-07-26 13:00:00,616.43802,556.6692399207252
2026-07-26 14:00:00,646.43802,582.1551349369324
2026-07-26 15:00:00,656.43802,619.1266642617861
2026-07-26 16:00:00,656.43802,672.4601997626559
2026-07-26 17:00:00,694.83502,693.4383071800739
2026-07-26 18:00:00,786.43802,845.193986398296
2026-07-26 19:00:00,796.43802,853.8440695654297
2026-07-26 20:00:00,786.43802,847.9784773199656
2026-07-26 21:00:00,786.43802,803.3424394336345
2026-07-26 22:00:00,776.43802,731.075178289098
2026-07-26 23:00:00,656.43802,722.7176596351857
2026-07-27 00:00:00,593.78592,626.1939556626191
2026-07-27 01:00:00,593.78592,574.3199684599206
2026-07-27 02:00:00,592.78592,531.1221366266011
2026-07-27 03:00:00,592.78592,527.1961141654833
2026-07-27 04:00:00,593.78592,544.705403375301
2026-07-27 05:00:00,593.78592,588.6719471837768
2026-07-27 06:00:00,593.78592,594.8427661186956
2026-07-27 07:00:00,593.78592,425.2212118396501
2026-07-27 08:00:00,593.78592,409.17023472448057
2026-07-27 09:00:00,593.78592,415.50923184211507
2026-07-27 10:00:00,593.78592,425.4705432453445
2026-07-27 11:00:00,593.78592,437.57853963934764
2026-07-27 12:00:00,593.78592,556.5478173295512
2026-07-27 13:00:00,593.78592,684.3180767464074
2026-07-27 14:00:00,593.78592,731.9261783660966
2026-07-27 15:00:00,643.78592,762.0949439036062
2026-07-27 16:00:00,643.78592,792.5667225261902
2026-07-27 17:00:00,683.78592,813.4170575376586
2026-07-27 18:00:00,713.78592,868.742852519679
2026-07-27 19:00:00,713.78592,877.4394117579496
2026-07-27 20:00:00,713.78592,837.6198684436135
2026-07-27 21:00:00,683.78592,812.0902844875338
2026-07-27 22:00:00,673.78592,786.2793178421682
2026-07-27 23:00:00,613.78592,691.3167252391783
2026-07-28 00:00:00,644.01838,645.3580519417553
2026-07-28 01:00:00,644.01838,644.1119105891272
2026-07-28 02:00:00,644.01838,641.6196897731625
2026-07-28 03:00:00,644.01838,631.1905121986989
2026-07-28 04:00:00,644.01838,630.3270858922169
2026-07-28 05:00:00,644.51838,641.8377175447677
2026-07-28 06:00:00,644.01838,631.7755219370878
2026-07-28 07:00:00,604.01838,633.6770744256555
2026-07-28 08:00:00,604.01838,637.1132051819056
2026-07-28 09:00:00,604.01838,640.4038816808976
2026-07-28 10:00:00,604.01838,660.335470411198
2026-07-28 11:00:00,604.01838,656.4143321679421
2026-07-28 12:00:00,604.01838,656.1347747393907
2026-07-28 13:00:00,644.01838,659.1201747207014
2026-07-28 14:00:00,654.01838,668.426660830366
2026-07-28 15:00:00,654.01838,705.1960254183375
2026-07-28 16:00:00,654.01838,718.2833170185047
2026-07-28 17:00:00,691.02838,742.8948397927307
2026-07-28 18:00:00,954.01838,762.6980675445188
2026-07-28 19:00:00,984.01838,765.5119482719991
2026-07-28 20:00:00,1164.01838,743.6258833897009
2026-07-28 21:00:00,943.01838,710.4199242452121
2026-07-28 22:00:00,674.01838,694.628947697038
2026-07-28 23:00:00,654.01838,652.4149121864406
2026-07-29 00:00:00,662.76372,676.4130897847658
2026-07-29 01:00:00,643.26372,663.9322782296156
2026-07-29 02:00:00,642.96372,662.6232956312858
2026-07-29 03:00:00,643.26372,654.089556634844
2026-07-29 04:00:00,643.26372,657.0017243666817
2026-07-29 05:00:00,662.76372,667.6059637982482
2026-07-29 06:00:00,643.26372,663.0818999705918
2026-07-29 07:00:00,642.96372,640.7273285671166
2026-07-29 08:00:00,642.96372,646.2042875810092
2026-07-29 09:00:00,642.96372,642.1980165509825
2026-07-29 10:00:00,642.96372,655.7858842636526
2026-07-29 11:00:00,642.96372,655.1775392020529
2026-07-29 12:00:00,642.96372,651.0088160983368
2026-07-29 13:00:00,642.96372,689.656680454304
2026-07-29 14:00:00,642.96372,703.9238837031487
2026-07-29 15:00:00,662.76372,718.2330817620955
2026-07-29 16:00:00,672.76372,724.3673916711111
2026-07-29 17:00:00,742.76372,755.9637637230283
2026-07-29 18:00:00,1002.76372,946.308391488753
2026-07-29 19:00:00,1002.76372,975.4969965236089
2026-07-29 20:00:00,1002.76372,1059.6738689672964
2026-07-29 21:00:00,991.76372,901.037121880732
2026-07-29 22:00:00,742.76372,721.3643277986906
2026-07-29 23:00:00,689.73572,694.1926898442407
2026-07-30 00:00:00,893.34505,696.4661816446007
2026-07-30 01:00:00,893.34505,846.4584408813375
2026-07-30 02:00:00,893.34505,823.4899712230948
2026-07-30 03:00:00,893.34505,806.4295972468523
2026-07-30 04:00:00,992.84505,808.0115659350063
2026-07-30 05:00:00,992.84505,830.4268862441987
2026-07-30 06:00:00,992.84505,758.8514563588067
2026-07-30 07:00:00,893.34505,771.5553761169724
2026-07-30 08:00:00,743.34505,770.4094607810708
2026-07-30 09:00:00,743.34505,775.7724145880042
2026-07-30 10:00:00,893.34505,781.9107870985861
2026-07-30 11:00:00,893.34505,784.6522964480142
2026-07-30 12:00:00,893.34505,728.4804600349971
2026-07-30 13:00:00,893.34505,723.8649698492234
2026-07-30 14:00:00,992.84505,728.3604572112993
2026-07-30 15:00:00,992.84505,749.5861291381896
2026-07-30 16:00:00,1003.34505,753.5236583041094
2026-07-30 17:00:00,1003.34505,802.1749560435966
2026-07-30 18:00:00,1199.34505,981.0481234965753
2026-07-30 19:00:00,1208.34505,986.4177534665645
2026-07-30 20:00:00,1199.34505,981.1901257969611
2026-07-30 21:00:00,1208.34505,958.6997626375844
2026-07-30 22:00:00,1003.34505,814.0146005334456
2026-07-30 23:00:00,992.84505,775.4291746757617
2026-07-31 00:00:00,982.09867,876.6512242501387
2026-07-31 01:00:00,892.09867,972.3155263052629
2026-07-31 02:00:00,972.59867,958.6419612283071
2026-07-31 03:00:00,972.59867,950.966691826923
2026-07-31 04:00:00,982.09867,962.5720223360997
2026-07-31 05:00:00,982.09867,966.7993368034805
2026-07-31 06:00:00,982.09867,918.2047227512985
2026-07-31 07:00:00,892.09867,924.731812049746
2026-07-31 08:00:00,892.09867,850.9882104194869
2026-07-31 09:00:00,892.09867,859.0179310324844
2026-07-31 10:00:00,892.09867,934.3914999298279
2026-07-31 11:00:00,892.09867,948.4592821920378
2026-07-31 12:00:00,892.09867,953.3275761947484
2026-07-31 13:00:00,892.09867,956.2461152310182
2026-07-31 14:00:00,982.09867,991.3900540710805
2026-07-31 15:00:00,982.09867,1001.847168673031
2026-07-31 16:00:00,991.59867,1018.8088492687453
2026-07-31 17:00:00,991.59867,1034.5469359853644
2026-07-31 18:00:00,1106.09867,1160.4487492180797
2026-07-31 19:00:00,1162.09867,1164.7320797269424
2026-07-31 20:00:00,1106.09867,1144.0896329562938
2026-07-31 21:00:00,1107.09867,1135.63921628664
2026-07-31 22:00:00,991.59867,1017.4585957798587
2026-07-31 23:00:00,982.09867,1006.4389551007805
2026-08-01 00:00:00,989.5918,1006.0641292743728
2026-08-01 01:00:00,989.5918,980.0198100471792
2026-08-01 02:00:00,989.5918,962.5718736386427
2026-08-01 03:00:00,985.0918,951.0252960316416
2026-08-01 04:00:00,989.5918,945.8532891097386
2026-08-01 05:00:00,989.5918,937.629784536369
2026-08-01 06:00:00,989.5918,909.335002699723
2026-08-01 07:00:00,985.0918,901.2255583041501
2026-08-01 08:00:00,650.0918,893.0588333842032
2026-08-01 09:00:00,890.5918,888.2086646908439
2026-08-01 10:00:00,890.5918,892.8776925798503
2026-08-01 11:00:00,890.5918,907.3262331500662
2026-08-01 12:00:00,890.5918,908.326856442408
2026-08-01 13:00:00,890.5918,914.7044354743008
2026-08-01 14:00:00,985.0918,937.146983008999
2026-08-01 15:00:00,989.5918,949.5715787320999
2026-08-01 16:00:00,989.5918,964.9923978694476
2026-08-01 17:00:00,990.0918,981.7255745340567
2026-08-01 18:00:00,1015.0918,1066.1958550708125
2026-08-01 19:00:00,1050.0918,1100.3189543714393
2026-08-01 20:00:00,1040.0918,1066.1462636570582
2026-08-01 21:00:00,1050.0918,1058.7405842679782
2026-08-01 22:00:00,1015.0918,994.2707570519142
2026-08-01 23:00:00,990.0918,986.36636217363
2026-08-02 00:00:00,942.6046,991.3723187323977
2026-08-02 01:00:00,942.6046,935.5375179804105
2026-08-02 02:00:00,722.6046,933.1140012804512
2026-08-02 03:00:00,893.1046,931.30405803789
2026-08-02 04:00:00,893.1046,928.6955611515647
2026-08-02 05:00:00,942.6046,928.190018837412
2026-08-02 06:00:00,652.6046,910.0327113466503
2026-08-02 07:00:00,622.6046,881.9461835452827
2026-08-02 08:00:00,492.6046,796.9279039505678
2026-08-02 09:00:00,241.0846,863.726531126828
2026-08-02 10:00:00,369.8146,863.8582396437754
2026-08-02 11:00:00,492.6046,857.7611616459494
2026-08-02 12:00:00,492.6046,906.5828918019341
2026-08-02 13:00:00,622.6046,917.0278088537009
2026-08-02 14:00:00,622.6046,947.549188618369
2026-08-02 15:00:00,642.6046,960.4079082303473
2026-08-02 16:00:00,942.6046,972.445591029423
2026-08-02 17:00:00,992.1046,986.5437470950599
2026-08-02 18:00:00,992.1046,1008.9707644857602
2026-08-02 19:00:00,992.1046,1031.7194051835672
2026-08-02 20:00:00,1017.6046,1021.7991762383002
2026-08-02 21:00:00,1017.6046,1019.7436489059877
2026-08-02 22:00:00,992.1046,996.1701237770188
2026-08-02 23:00:00,992.1046,980.9873495657996
2026-08-03 00:00:00,989.52102,951.8646337547501
2026-08-03 01:00:00,989.52102,959.6465814692224
2026-08-03 02:00:00,989.52102,913.4928832010202
2026-08-03 03:00:00,989.52102,906.9114824469249
2026-08-03 04:00:00,995.02102,909.3709259585294
2026-08-03 05:00:00,989.52102,928.0066288981225
2026-08-03 06:00:00,989.52102,801.1948637816462
2026-08-03 07:00:00,989.52102,789.7357417968062
2026-08-03 08:00:00,989.52102,723.6381652683674
2026-08-03 09:00:00,989.52102,615.895822827288
2026-08-03 10:00:00,989.52102,691.7555582337379
2026-08-03 11:00:00,989.52102,754.3795053283095
2026-08-03 12:00:00,989.52102,837.9724898474446
2026-08-03 13:00:00,989.52102,885.2152723062434
2026-08-03 14:00:00,995.02102,908.8519985404346
2026-08-03 15:00:00,1001.02102,945.8316383345121
2026-08-03 16:00:00,1020.02102,1022.4497898241445
2026-08-03 17:00:00,1020.02102,1056.1190653159126
2026-08-03 18:00:00,1025.02102,1074.5969196639712
2026-08-03 19:00:00,1050.02102,1084.0602086258227
2026-08-03 20:00:00,1025.02102,1088.9833932016227
2026-08-03 21:00:00,1025.02102,1077.3776560401282
2026-08-03 22:00:00,1020.02102,1046.5813312455211
2026-08-03 23:00:00,995.02102,1030.1642537825428
2026-08-04 00:00:00,1024.02798,1023.660662438159
2026-08-04 01:00:00,1021.02798,1017.4748605171734
2026-08-04 02:00:00,1021.02798,1001.544229297196
2026-08-04 03:00:00,980.02798,997.3110590462278
2026-08-04 04:00:00,1018.22798,980.8650888332209
2026-08-04 05:00:00,1024.02798,978.7488692153693
2026-08-04 06:00:00,1024.02798,949.647371302245
2026-08-04 07:00:00,980.02798,940.6825461526121
2026-08-04 08:00:00,686.89998,952.3257803829606
2026-08-04 09:00:00,816.13198,970.5670109466421
2026-08-04 10:00:00,980.02798,970.1704811516765
2026-08-04 11:00:00,1021.02798,976.9973638351838
2026-08-04 12:00:00,980.02798,1006.4024781992005
2026-08-04 13:00:00,1021.02798,1010.0058518157045
2026-08-04 14:00:00,1024.02798,1022.2737547125726
2026-08-04 15:00:00,1024.02798,1034.2457436567825
2026-08-04 16:00:00,1049.52798,1046.441621613942
2026-08-04 17:00:00,1024.02798,1054.2850925568034
2026-08-04 18:00:00,1050.02798,1040.8502306013947
2026-08-04 19:00:00,1060.02798,1052.0055759014872
2026-08-04 20:00:00,1060.02798,1039.6547006685812
2026-08-04 21:00:00,1060.02798,1036.6408257411954
2026-08-04 22:00:00,1024.02798,1027.1475913697036
2026-08-04 23:00:00,1024.02798,1011.6035707797042
2026-08-05 00:00:00,1024.0,1003.5952406840682
