fecha_hora,real,q50,q10,q90,margen
2026-01-01 01:00:00,307.90985,282.71982928841544,253.17697928841545,293.86826928841543,0.0
2026-01-01 02:00:00,296.32185,280.79689151929455,238.18842151929456,296.1990115192946,0.0
2026-01-01 03:00:00,296.32185,279.7305850758697,229.23085507586973,296.1435450758697,0.0
2026-01-01 04:00:00,296.32185,279.4705971754364,224.0328771754364,292.00615717543644,0.0
2026-01-01 05:00:00,296.32185,279.9483461436487,219.11991614364868,289.4946661436487,0.0
2026-01-01 06:00:00,296.32185,273.41542838410413,226.28264838410414,287.9535083841041,0.0
2026-01-01 07:00:00,296.32185,275.3652316525723,233.4777316525723,290.0735116525723,0.0
2026-01-01 08:00:00,272.90985,280.4485228964476,242.56272289644764,295.77494289644767,0.0
2026-01-01 09:00:00,104.99185,284.1126013427009,258.09319134270083,305.3080313427009,0.0
2026-01-01 10:00:00,103.53785,284.7457191390321,259.7843491390321,307.8743991390321,0.0
2026-01-01 11:00:00,244.80985,285.7805649458232,266.5139849458232,310.2171849458232,0.0
2026-01-01 12:00:00,272.90985,291.22067673179777,271.59921673179775,321.9169067317978,0.0
2026-01-01 13:00:00,292.90985,291.91215159756814,269.66865159756816,317.9659015975681,0.0
2026-01-01 14:00:00,296.32185,291.9780381004401,276.2821381004401,324.9579181004401,0.0
2026-01-01 15:00:00,296.32185,294.00732861136566,272.31482861136567,320.33918861136567,0.0
2026-01-01 16:00:00,296.32185,295.552039138815,274.35725913881504,321.70755913881504,0.0
2026-01-01 17:00:00,327.90985,303.7889405648092,289.5910905648092,343.1554905648092,0.0
2026-01-01 18:00:00,332.90985,310.0264116134098,289.2349616134098,344.70206161340974,0.0
2026-01-01 19:00:00,332.90985,308.0954988162044,289.5746488162044,342.07910881620444,0.0
2026-01-01 20:00:00,332.90985,309.8703956323676,290.1017156323676,347.53449563236757,0.0
2026-01-01 21:00:00,332.90985,307.3106836699154,289.49031366991545,335.6537336699154,0.0
2026-01-01 22:00:00,332.90985,299.82146956101616,283.6266395610162,329.4922795610162,0.0
2026-01-01 23:00:00,327.90985,297.56672972453254,287.04465972453255,328.90580972453256,0.0
2026-01-02 00:00:00,329.20101,326.68901438075943,311.06239438075943,331.5435143807594,0.0
2026-01-02 01:00:00,326.20101,312.8477774601221,281.9139174601221,324.5919374601221,0.0
2026-01-02 02:00:00,326.20101,303.57600903625195,263.42189903625194,318.162499036252,0.0
2026-01-02 03:00:00,329.20101,303.23721356236257,261.6799335623625,319.97357356236256,0.0
2026-01-02 04:00:00,326.20101,304.65684508870163,258.3877650887016,315.9143450887016,0.0
2026-01-02 05:00:00,329.20101,305.5732806817157,260.1364806817157,317.37712068171567,0.0
2026-01-02 06:00:00,329.20101,304.9920913769086,267.5864813769086,320.3064813769086,0.0
2026-01-02 07:00:00,329.20101,304.96586533151446,268.2000553315145,319.78623533151443,0.0
2026-01-02 08:00:00,329.20101,293.95385980850574,261.4418898085057,309.13286980850575,0.0
2026-01-02 09:00:00,326.20101,243.1022871925149,213.7668371925149,256.9660571925149,0.0
2026-01-02 10:00:00,326.20101,241.9216626478932,220.2754826478932,251.0190426478932,0.0
2026-01-02 11:00:00,329.20101,286.5732951186008,268.9801551186008,293.8296951186008,0.0
2026-01-02 12:00:00,329.20101,293.27048295639094,277.1596129563909,305.0617129563909,0.0
2026-01-02 13:00:00,329.20101,306.237605098064,288.316175098064,320.135135098064,0.0
2026-01-02 14:00:00,329.20101,309.3038037769959,295.6988337769959,325.4907837769959,0.0
2026-01-02 15:00:00,331.20101,310.3584776650809,292.87267766508086,328.53705766508085,0.0
2026-01-02 16:00:00,331.20101,310.82217986445994,297.83356986445995,343.36407986445994,0.0
2026-01-02 17:00:00,352.17901,330.0407068451038,312.4430868451038,370.1347368451038,0.0
2026-01-02 18:00:00,352.17901,341.66707599799673,323.79317599799674,373.71499599799677,0.0
2026-01-02 19:00:00,352.17901,344.25954983609364,332.2561598360936,372.97689983609365,0.0
2026-01-02 20:00:00,352.17901,341.30313606397954,324.4183060639795,370.35538606397955,0.0
2026-01-02 21:00:00,352.17901,340.8529527041844,328.01953270418437,374.1265527041844,0.0
2026-01-02 22:00:00,352.17901,340.1263400823179,328.4682900823179,367.3492900823179,0.0
2026-01-02 23:00:00,331.20101,335.6390128048543,317.6735228048543,358.9670428048543,0.0
2026-01-03 00:00:00,342.48147,328.00532974796755,324.3627497479676,332.59407974796756,0.0
2026-01-03 01:00:00,342.48147,333.6172082646399,321.64184826464,345.0727482646399,0.0
2026-01-03 02:00:00,327.48147,333.3063084874929,318.50515848749296,349.876008487493,0.0
2026-01-03 03:00:00,327.48147,334.9006229232479,312.989322923248,355.8057729232479,0.0
2026-01-03 04:00:00,327.48147,333.723207014101,309.07928701410094,352.51250701410095,0.0
2026-01-03 05:00:00,327.48147,334.7973299470458,308.36226994704583,349.82122994704577,0.0
2026-01-03 06:00:00,327.48147,326.8774343513202,296.9794943513202,336.87793435132016,0.0
2026-01-03 07:00:00,327.48147,324.8438807194218,295.3621007194218,340.77864071942184,0.0
2026-01-03 08:00:00,327.48147,325.1151433488985,290.15342334889857,341.9350733488986,0.0
2026-01-03 09:00:00,327.48147,324.0785191713054,290.5151791713054,341.26304917130545,0.0
2026-01-03 10:00:00,327.48147,325.5647891320538,293.8174691320539,336.7680091320538,0.0
2026-01-03 11:00:00,327.48147,328.163102579013,307.47960257901303,343.59616257901297,0.0
2026-01-03 12:00:00,327.48147,335.20708802834633,310.7999080283464,345.37718802834627,0.0
2026-01-03 13:00:00,327.48147,334.6965201290402,313.49923012904026,343.87640012904023,0.0
2026-01-03 14:00:00,332.48147,335.66179400647195,319.679344006472,343.9361740064719,0.0
2026-01-03 15:00:00,342.48147,338.96504072110446,322.2723407211045,349.2819407211045,0.0
2026-01-03 16:00:00,352.07947,339.8502856044892,327.7446356044892,354.92962560448916,0.0
2026-01-03 17:00:00,354.48147,351.902703312105,337.6944833121051,374.30779331210505,0.0
2026-01-03 18:00:00,354.48147,365.0021309193258,353.01168091932584,389.8885809193258,0.0
2026-01-03 19:00:00,354.48147,361.5061454094726,347.7173054094726,383.8830654094726,0.0
2026-01-03 20:00:00,354.48147,359.9821341750949,346.628954175095,385.59330417509494,0.0
2026-01-03 21:00:00,354.48147,363.25044251459394,351.50371251459404,390.5088025145939,0.0
2026-01-03 22:00:00,352.07947,361.4888708872873,348.7665808872874,389.8975508872873,0.0
2026-01-03 23:00:00,352.07947,345.04561399683007,325.6014539968302,370.1806539968301,0.0
2026-01-04 00:00:00,282.47952,343.3548781930933,303.9100281930933,349.5791481930933,0.0
2026-01-04 01:00:00,282.47952,328.91061682522184,291.78603682522186,339.66714682522183,0.0
2026-01-04 02:00:00,282.47952,319.9155354132167,276.6951754132167,339.0743254132167,0.0
2026-01-04 03:00:00,282.47952,319.6622926070529,274.15803260705286,340.8634026070529,0.0
2026-01-04 04:00:00,282.47952,319.26472221255693,270.15786221255695,346.748562212557,0.0
2026-01-04 05:00:00,282.47952,319.2530038754593,266.3738638754593,337.52440387545926,0.0
2026-01-04 06:00:00,282.47952,288.52805062766186,236.99845062766184,308.1337906276619,0.0
2026-01-04 07:00:00,282.47952,288.0358700756023,242.14265007560232,315.9762900756023,0.0
2026-01-04 08:00:00,282.47952,288.72537926222253,245.10843926222253,320.3156492622225,0.0
2026-01-04 09:00:00,268.11152,290.5015904223972,251.82611042239722,314.7089904223972,0.0
2026-01-04 10:00:00,268.11152,292.022570368196,253.838400368196,310.23372036819603,0.0
2026-01-04 11:00:00,282.47952,294.926645545494,260.29364554549403,320.915395545494,0.0
2026-01-04 12:00:00,282.47952,313.17904759208943,274.3668675920895,330.50129759208943,0.0
2026-01-04 13:00:00,282.47952,314.1462469481187,288.79827694811866,330.60822694811867,0.0
2026-01-04 14:00:00,282.47952,319.27772786404887,291.38730786404886,333.33305786404884,0.0
2026-01-04 15:00:00,282.47952,328.9327502209443,304.2234302209443,344.5513402209443,0.0
2026-01-04 16:00:00,330.47952,337.08633853572275,311.22236853572275,354.54214853572273,0.0
2026-01-04 17:00:00,334.47952,340.6991626936326,318.64557269363263,366.1549426936326,0.0
2026-01-04 18:00:00,347.07752,353.61330562286366,336.0705556228637,382.63107562286365,0.0
2026-01-04 19:00:00,347.07752,354.4748781198172,329.82563811981726,384.00199811981724,0.0
2026-01-04 20:00:00,347.07752,351.987157261797,333.88708726179703,381.148347261797,0.0
2026-01-04 21:00:00,343.47952,352.4663966396028,338.3563666396028,376.7101566396028,0.0
2026-01-04 22:00:00,342.47952,346.2866793891808,320.4170793891808,372.7394693891808,0.0
2026-01-04 23:00:00,334.47952,338.5523163309406,299.1695663309406,372.6262263309406,0.0
2026-01-05 00:00:00,293.94594,296.87979350526933,261.3138935052693,307.7554335052694,0.0
2026-01-05 01:00:00,293.94594,294.93211699690363,253.02656699690368,314.7807769969036,0.0
2026-01-05 02:00:00,269.57794,294.2303101210729,250.87212012107284,310.7469701210729,0.0
2026-01-05 03:00:00,262.43094,293.52024812083823,250.67357812083827,313.4025081208383,0.0
2026-01-05 04:00:00,269.57794,293.8417303443039,251.19473034430393,313.1047003443039,0.0
2026-01-05 05:00:00,293.94594,295.4525576708896,257.92460767088954,313.2980076708895,0.0
2026-01-05 06:00:00,334.16294,293.8568939269799,265.2527939269799,313.38529392697995,0.0
2026-01-05 07:00:00,334.16294,296.54659143820624,273.50958143820617,318.66287143820625,0.0
2026-01-05 08:00:00,334.16294,298.4423364537357,275.5997064537358,321.4372364537358,0.0
2026-01-05 09:00:00,334.16294,293.6337232746121,272.4304132746121,316.8867732746121,0.0
2026-01-05 10:00:00,334.16294,299.49011185244984,275.99328185244985,326.08492185244984,0.0
2026-01-05 11:00:00,334.16294,311.78464976380883,288.04648976380884,341.50046976380884,0.0
2026-01-05 12:00:00,334.16294,301.9801612191527,275.0761712191526,328.6806912191527,0.0
2026-01-05 13:00:00,338.94594,303.4921241928039,277.68207419280384,332.2920541928039,0.0
2026-01-05 14:00:00,338.94594,306.8547244628966,285.1262044628966,334.3462344628967,0.0
2026-01-05 15:00:00,338.94594,309.802526995721,289.62742699572095,343.14358699572097,0.0
2026-01-05 16:00:00,338.94594,336.0399262074276,319.57773620742756,366.29932620742755,0.0
2026-01-05 17:00:00,338.94594,338.1291303419305,321.42176034193045,384.6544903419305,0.0
2026-01-05 18:00:00,353.94594,352.10948584031433,321.0819258403143,413.26242584031434,0.0
2026-01-05 19:00:00,353.94594,354.9237049494824,327.45559494948236,417.30552494948245,0.0
2026-01-05 20:00:00,353.94594,350.5164367124356,327.94756671243556,392.81172671243564,0.0
2026-01-05 21:00:00,338.94594,347.904530527706,325.193910527706,376.2944505277059,0.0
2026-01-05 22:00:00,338.94594,341.628720048787,314.68549004878696,369.23264004878695,0.0
2026-01-05 23:00:00,338.94594,330.92588658104626,291.3401365810462,364.90049658104624,0.0
2026-01-06 00:00:00,301.18493,295.6497304795677,261.57966047956774,311.3750104795677,0.0
2026-01-06 01:00:00,301.18493,292.4455262512343,254.9389062512343,318.77637625123435,0.0
2026-01-06 02:00:00,301.18493,276.23035429806214,234.74759429806215,298.3442342980622,0.0
2026-01-06 03:00:00,301.18493,272.8960862166734,230.96478621667342,295.7650662166734,0.0
2026-01-06 04:00:00,301.18493,276.3588319737873,233.0815219737873,296.4539619737873,0.0
2026-01-06 05:00:00,312.18493,293.0116581600722,256.5457281600722,311.70060816007225,0.0
2026-01-06 06:00:00,312.18493,299.6761037460593,268.8949437460593,316.1992437460593,0.0
2026-01-06 07:00:00,312.18493,300.3166677560034,277.32519775600343,321.88239775600346,0.0
2026-01-06 08:00:00,312.18493,303.82023443504727,281.52800443504725,323.78020443504727,0.0
2026-01-06 09:00:00,312.18493,307.5232982240294,282.1443582240294,327.96603822402943,0.0
2026-01-06 10:00:00,312.18493,311.0508936790264,291.7888236790264,331.66799367902644,0.0
2026-01-06 11:00:00,312.18493,315.4755063695645,297.36448636956453,341.30060636956455,0.0
2026-01-06 12:00:00,312.18493,329.36286173417534,305.37922173417536,358.22587173417537,0.0
2026-01-06 13:00:00,312.18493,334.4494298681912,309.21553986819123,370.29129986819123,0.0
2026-01-06 14:00:00,312.18493,338.3107870403704,315.5042370403704,369.78136704037047,0.0
2026-01-06 15:00:00,312.18493,339.526521276791,320.823051276791,374.721921276791,0.0
2026-01-06 16:00:00,339.18493,339.07707505549007,317.83110505549007,377.4598350554901,0.0
2026-01-06 17:00:00,339.18493,338.0545909027431,316.1547509027431,382.7001009027431,0.0
2026-01-06 18:00:00,349.60093,353.216204328346,328.060834328346,403.074144328346,0.0
2026-01-06 19:00:00,349.60093,356.2000984081428,328.03618840814283,407.3281384081429,0.0
2026-01-06 20:00:00,339.18493,353.19489981706664,326.0618998170666,401.54012981706666,0.0
2026-01-06 21:00:00,339.18493,343.4734081619859,316.88883816198586,377.7889681619859,0.0
2026-01-06 22:00:00,322.18493,338.6198852843194,313.7537352843195,367.89900528431946,0.0
2026-01-06 23:00:00,312.18493,329.47840017424056,289.95048017424057,356.06172017424063,0.0
2026-01-07 00:00:00,252.71747,297.9874761240559,250.2277861240559,316.0106061240559,0.0
2026-01-07 01:00:00,252.71747,285.0382172572844,229.8198672572844,322.8819972572844,0.0
2026-01-07 02:00:00,245.61747,284.7420776630049,226.7659576630049,323.2867476630049,0.0
2026-01-07 03:00:00,245.61747,284.5747904379906,226.28161043799062,325.73993043799055,0.0
2026-01-07 04:00:00,249.61747,284.7028169805898,215.34524698058976,314.2748969805898,0.0
2026-01-07 05:00:00,252.71747,291.8447892369061,226.79644923690608,319.3937992369061,0.0
2026-01-07 06:00:00,252.71747,262.60324105117263,211.69687105117265,290.41922105117266,0.0
2026-01-07 07:00:00,252.71747,264.783692987471,213.988892987471,289.83425298747096,0.0
2026-01-07 08:00:00,252.71747,266.8957128445806,222.13669284458064,286.7766328445806,0.0
2026-01-07 09:00:00,245.61747,269.7516696202397,232.77280962023968,285.8189696202397,0.0
2026-01-07 10:00:00,249.61747,272.8233808766466,239.6913508766466,291.1538908766466,0.0
2026-01-07 11:00:00,252.71747,277.1385533770441,251.54684337704418,292.38403337704415,0.0
2026-01-07 12:00:00,252.71747,294.2168329410851,272.3930029410851,316.1419329410851,0.0
2026-01-07 13:00:00,252.71747,295.6033863148459,274.04127631484596,315.04465631484595,0.0
2026-01-07 14:00:00,261.20247,298.77532004230704,285.0874200423071,325.01122004230706,0.0
2026-01-07 15:00:00,292.71747,300.7723650711107,284.37994507111074,322.6313150711107,0.0
2026-01-07 16:00:00,292.71747,315.3154384124721,297.14046841247216,342.59693841247207,0.0
2026-01-07 17:00:00,312.71747,316.2993041209889,302.4672641209889,347.26441412098893,0.0
2026-01-07 18:00:00,328.20947,333.6908766423396,318.5312366423396,359.6578866423396,0.0
2026-01-07 19:00:00,328.20947,336.84155154117576,316.50392154117577,369.2471215411757,0.0
2026-01-07 20:00:00,328.20947,329.1971959406486,300.9751559406487,366.1383959406486,0.0
2026-01-07 21:00:00,321.71747,325.27066458784,296.15462458784003,356.38518458783994,0.0
2026-01-07 22:00:00,312.71747,308.7429010370501,276.1626810370501,333.64988103705014,0.0
2026-01-07 23:00:00,292.71747,292.77495995171387,252.5156499517139,315.64781995171387,0.0
2026-01-08 00:00:00,108.19992,256.1940853784812,183.6553053784812,291.31700537848116,0.0
2026-01-08 01:00:00,108.19992,215.4688205560963,121.19649984451172,288.08906126768085,14.041580711584572
2026-01-08 02:00:00,108.19992,207.7014869527588,116.86452598901077,268.7157079165068,8.038510963748024
2026-01-08 03:00:00,108.19992,207.71508041392167,117.61672397628422,275.5130768515591,9.227436437637436
2026-01-08 04:00:00,118.19992,215.21603603405856,121.19916612276018,282.83704094535693,10.286664911298374
2026-01-08 05:00:00,156.68492,221.7592861679654,131.80445684968106,285.00565548624974,11.82388931828433
2026-01-08 06:00:00,118.19992,197.6141577145873,112.36351664156726,261.7036237876073,20.777646073020037
2026-01-08 07:00:00,118.19992,208.66143405119143,132.40972048939767,263.0740226129851,15.50006856179374
2026-01-08 08:00:00,118.19992,212.2327294772045,131.88097928571023,266.4675396686987,20.06814019149425
2026-01-08 09:00:00,108.19992,207.47993191292252,2.3058005702216917,390.31186325562334,153.10134134270083
2026-01-08 10:00:00,118.19992,213.96371613041464,9.697676991382565,409.6289652694468,156.2464991390321
2026-01-08 11:00:00,156.68492,220.9692414681772,137.981886586778,292.5580263495764,35.3713148813992
2026-01-08 12:00:00,228.19992,231.2876774709116,155.40445042730255,291.63286451452075,24.139297043609076
2026-01-08 13:00:00,118.19992,234.25609187184645,164.0792355570005,290.22974818669246,21.323806314845967
2026-01-08 14:00:00,238.19992,246.89985865744845,178.52622861514138,304.1070086997555,23.884950042307082
2026-01-08 15:00:00,270.19992,267.4805797507799,198.32634952983557,313.2346399717242,21.743910220944315
2026-01-08 16:00:00,270.19992,266.02834175204936,222.42669333957713,301.4157901645215,4.422998412472168
2026-01-08 17:00:00,288.19992,277.84221808435234,245.5201539633634,308.5373422053412,-10.250205879011105
2026-01-08 18:00:00,288.19992,305.5091942365178,265.657893317192,346.64347515584365,-1.4697890806741611
2026-01-08 19:00:00,288.19992,312.3112952870991,279.5142898776265,345.2434506965717,-6.7641645905274
2026-01-08 20:00:00,288.19992,303.6880636336,265.196609458505,333.208167808695,-7.852515824905026
2026-01-08 21:00:00,288.19992,298.8988393837461,262.52826305366153,320.1686757138307,-2.7438836699154194
2026-01-08 22:00:00,270.19992,279.0545101044476,224.61835966546374,302.43441054343145,3.41757043898383
2026-01-08 23:00:00,270.19992,245.6208166993105,198.27220642384302,282.8947569747779,-0.995959724532554
2026-01-09 00:00:00,148.95631,135.4802363772769,-21.604509001204278,269.04756175575807,75.45538537848118
2026-01-09 01:00:00,124.95631,136.44383132045314,47.345530764356866,245.95362187654945,27.038160556096287
2026-01-09 02:00:00,124.95631,136.07104045919914,65.99628350644034,222.9102974119579,16.70311695275879
2026-01-09 03:00:00,124.95631,136.01271157104313,75.6797911571215,220.5526419849648,18.64424041392165
2026-01-09 04:00:00,148.95631,142.66764468159187,78.05434364753332,193.4339657156504,13.285911034058543
2026-01-09 05:00:00,148.95631,162.53868134154095,96.51481202325661,212.95326065982528,11.82388931828433
2026-01-09 06:00:00,209.95631,154.46923636873493,91.34326029571488,227.08573244175497,20.777646073020037
2026-01-09 07:00:00,209.95631,159.06725099451384,89.38935194332244,246.58994004570525,29.709869051191404
2026-01-09 08:00:00,148.95631,163.5408490220579,88.35321954485345,252.86647849926237,33.74919947720447
2026-01-09 09:00:00,124.95631,163.9727259465244,-33.49401539617642,372.09004728922525,153.10134134270083
2026-01-09 10:00:00,124.95631,170.75239016797258,-26.29690897105951,387.17364930700467,156.2464991390321
2026-01-09 11:00:00,148.95631,181.38642294620607,92.72163806480685,272.7634978276053,35.3713148813992
2026-01-09 12:00:00,148.95631,212.4387390181953,132.08646197458623,291.0641160618044,24.139297043609076
2026-01-09 13:00:00,209.95631,159.0040610390654,33.76037916721894,274.0495329109118,67.20312187184645
2026-01-09 14:00:00,249.95631,223.98064420986697,137.69324416755987,284.294634252174,23.884950042307082
2026-01-09 15:00:00,249.95631,242.91347356959585,172.66215334865154,302.01131379054016,21.743910220944315
2026-01-09 16:00:00,249.95631,243.63818253436511,195.43672412189295,289.3771509468373,4.422998412472168
2026-01-09 17:00:00,249.95631,253.7466837177254,220.4179595967365,280.80117783871424,-10.250205879011105
2026-01-09 18:00:00,279.95631,271.0913549000806,221.86389398075474,324.5634458194064,-1.4697890806741611
2026-01-09 19:00:00,279.95631,278.3542210777859,238.60860566831332,321.88171648725853,-6.7641645905274
2026-01-09 20:00:00,279.95631,273.64782749973057,226.79659332463558,309.30123167482554,-7.852515824905026
2026-01-09 21:00:00,249.95631,269.0711959168074,216.44584958672283,307.146802246892,-2.7438836699154194
2026-01-09 22:00:00,249.95631,251.74427918957184,187.35482875058804,297.42078962855567,3.41757043898383
2026-01-09 23:00:00,228.85631,238.66571633003616,181.30839605456873,279.4651966055036,-0.995959724532554
2026-01-10 00:00:00,176.78564,159.27480138266472,28.158926004183527,288.9788167611459,75.45538537848118
2026-01-10 01:00:00,176.78564,152.3636991446667,96.01556400591417,231.83936428341926,15.485645138752535
2026-01-10 02:00:00,165.78564,151.73449335293168,100.96520839040468,220.87007831545867,9.001244962526995
2026-01-10 03:00:00,165.78564,151.96438881921716,107.78646082865927,210.43778680977505,10.2737479905579
2026-01-10 04:00:00,165.78564,162.20713699953734,109.10432251904338,198.47504148003128,10.619914480493946
2026-01-10 05:00:00,176.78564,162.09394254014592,105.75435918802432,200.9825758922675,7.382373352121607
2026-01-10 06:00:00,176.78564,175.57126630964933,110.95282433301395,234.10023828628468,15.58973197663537
2026-01-10 07:00:00,176.78564,172.21335070505697,117.95376542221906,252.50998598789488,17.078935282837918
2026-01-10 08:00:00,151.78564,153.89268149973233,79.20288360982582,223.4901393896388,21.588257889906494
2026-01-10 09:00:00,113.86764,153.84324803547506,32.39186261296601,287.9887384579841,78.55344042250906
2026-01-10 10:00:00,113.86764,157.24935170249418,32.571614151840166,288.3475992531482,84.18913755065402
2026-01-10 11:00:00,151.78564,159.8173431581772,89.35850266395667,236.05885365239772,23.22271049422053
2026-01-10 12:00:00,151.78564,155.66278539698283,77.86091866672838,228.52339212723723,20.17150673025445
2026-01-10 13:00:00,151.78564,189.5914261361934,111.91483809279185,255.43710417959497,26.42150804340156
2026-01-10 14:00:00,176.78564,212.27747275404465,144.7980557590782,251.239709749011,10.571916994966456
2026-01-10 15:00:00,176.78564,214.47377509524463,149.2817350468811,253.36652514360821,10.094320048363558
2026-01-10 16:00:00,214.78564,216.60134497543163,167.476562355814,250.7493675950493,-2.042027380382336
2026-01-10 17:00:00,276.78564,221.41025624196143,191.00316850834864,238.66003397557424,-14.690592266387197
2026-01-10 18:00:00,276.78564,257.2437962027027,217.25557019625353,299.27204220915183,-8.766183993550836
2026-01-10 19:00:00,276.78564,263.1469064435012,228.40733256796375,310.66363031903865,-8.902026124462541
2026-01-10 20:00:00,276.78564,255.79388168823493,229.03805916472075,282.9054242117491,-12.53741747648581
2026-01-10 21:00:00,276.78564,236.4582641706151,194.92134567652212,262.20571266470813,-2.9517715059070104
2026-01-10 22:00:00,276.78564,234.1470468220296,186.66413709566487,269.76921654839435,-2.5650602736352566
2026-01-10 23:00:00,214.78564,214.02166940756013,183.42162466152658,246.43670415359364,-12.135095253966451
2026-01-11 00:00:00,119.10337,176.37182075192155,128.7840084271185,229.2611230767246,27.43327232480306
2026-01-11 01:00:00,116.18537,161.4829141032947,128.61305540725894,205.12557279933043,15.34123869603574
2026-01-11 02:00:00,116.18537,156.5806362603752,112.7632046977261,192.8235278230243,8.904971562649097
2026-01-11 03:00:00,116.18537,155.71489703348888,120.12974019822302,191.26712386875477,10.169116835265854
2026-01-11 04:00:00,116.18537,155.69579211741103,109.81514259383664,180.91913164098543,10.58658952357439
2026-01-11 05:00:00,116.18537,160.73758425192966,112.71604984938509,181.97604865447423,7.326854402544573
2026-01-11 06:00:00,116.18537,134.8664909681901,74.81073791775955,166.11973401862068,15.524883050430562
2026-01-11 07:00:00,114.73137,135.63775319185294,91.08196458111945,180.28982180258643,16.9210486107335
2026-01-11 08:00:00,110.59537,126.91097682747188,65.37355070740662,167.54219294753716,21.436246120065267
2026-01-11 09:00:00,110.59537,122.40224752866042,6.108295867653766,220.46355918966708,77.62159166100666
2026-01-11 10:00:00,110.59537,123.45724727878368,17.20862674798437,234.918157809583,83.2884205307993
2026-01-11 11:00:00,110.59537,127.97570484215468,76.45621190277387,188.42601778153548,23.070852939380796
2026-01-11 12:00:00,112.10337,134.9925635311748,83.30219417983726,183.5234528825123,20.121909351337518
2026-01-11 13:00:00,116.17837,135.7169776979591,79.03509982741309,184.50778556850508,25.911737870546
2026-01-11 14:00:00,116.18537,152.1308385651602,113.3778444832855,183.0622326470349,10.4055040818747
2026-01-11 15:00:00,116.18537,156.19492205605516,124.8779318848488,189.87024222726146,9.9487001712063
2026-01-11 16:00:00,119.10337,178.1203250341367,166.0033352369297,208.68640483134368,-2.122840202793017
2026-01-11 17:00:00,119.10337,216.25739099577672,197.12102491108286,240.20575708047056,-6.88168391530615
2026-01-11 18:00:00,154.10337,249.908398508319,231.66381743828077,277.5200695783572,-8.857388929961795
2026-01-11 19:00:00,219.10337,255.36715535514932,231.32596474878605,283.29561596151257,-8.92874939363673
2026-01-11 20:00:00,154.10337,245.6953701675932,220.76084891472377,268.45747142046264,-12.59597874713057
2026-01-11 21:00:00,154.10337,244.07902511576856,217.74973483575394,288.3325853957832,-1.306679719985396
2026-01-11 22:00:00,124.10337,234.1510447359981,191.6539050231156,285.4116744488806,3.5209497128824863
2026-01-11 23:00:00,119.10337,188.49714974495788,159.40698419304223,213.0733052968735,-12.274334448084373
2026-01-12 00:00:00,117.87734,133.3748274639578,83.74186924938031,179.36331967853528,40.9480582145775
2026-01-12 01:00:00,113.88434,129.82070146193055,89.85158785608897,171.10303506777214,27.104593605841593
2026-01-12 02:00:00,113.88434,128.61928316750166,107.00314475020721,154.5450655847961,8.826202417294448
2026-01-12 03:00:00,113.88434,128.62327160396404,106.45007789952673,160.94472530840133,14.525373704437296
2026-01-12 04:00:00,113.88434,127.92465194696774,98.91503829723663,160.51467559669888,10.559323649731114
2026-01-12 05:00:00,113.88434,128.9871170766543,104.78223726921821,155.8949768840904,7.281429807436088
2026-01-12 06:00:00,113.88434,128.85978286990502,97.07774403182384,163.03735370798617,15.47182483808117
2026-01-12 07:00:00,113.88434,126.79634965136763,100.8594810450832,168.76754825765204,16.79186860628442
2026-01-12 08:00:00,113.46634,124.86562709453165,81.73832924070011,172.31981494836316,21.31187285383153
2026-01-12 09:00:00,113.46634,123.6444703759516,26.59484042890149,220.32383032300172,76.8591699470501
2026-01-12 10:00:00,113.46634,126.20446225785054,28.728432016023334,228.18347249967775,82.5514702418272
2026-01-12 11:00:00,151.38434,127.000814329838,80.60295848078064,182.21856017889536,22.946605849057367
2026-01-12 12:00:00,151.38434,116.72009996670974,70.10329028903152,167.71485964438793,20.081329677678205
2026-01-12 13:00:00,196.38434,119.9441541840496,68.29278500038544,183.26654736771374,25.49465318366415
2026-01-12 14:00:00,196.38434,124.26162752873704,81.06820446666468,173.82056559080942,10.269348062072343
2026-01-12 15:00:00,196.38434,128.31937747358123,68.50210149344528,195.99563845371716,18.923320980135934
2026-01-12 16:00:00,206.38434,131.20265420710712,64.2605488290291,197.7180695851851,8.091555378077995
2026-01-12 17:00:00,206.38434,136.2701102395037,46.476255823489,246.6464646555184,27.771464416014712
2026-01-12 18:00:00,216.38434,163.47503356709348,95.53332286695014,271.8678742672368,4.909560700143329
2026-01-12 19:00:00,216.38434,202.77378801836136,144.4939180683727,290.27023796835,-5.849800050011346
2026-01-12 20:00:00,216.38434,167.43998224755546,122.38241116405162,246.27271333105932,-2.2239689164961582
2026-01-12 21:00:00,216.38434,158.74832741587971,111.34148256046001,232.27605227129936,16.238294855419696
2026-01-12 22:00:00,206.38434,139.6204802392397,110.29622237417594,183.9037981043035,10.507737865063756
2026-01-12 23:00:00,206.38434,129.56141481878524,112.60689040972778,149.9692532278427,1.6426984090574557
2026-01-13 00:00:00,105.22064,130.34843882196895,51.250179467632925,238.28865817630498,40.599499354336025
2026-01-13 01:00:00,105.21064,120.69800055109684,70.78076303273403,209.17400806945966,27.099057518362816
2026-01-13 02:00:00,105.21064,119.67410624933856,90.94821978650631,167.8667227121708,8.760561462832245
2026-01-13 03:00:00,105.20264,119.0898455957965,99.73865078060493,176.5533654109881,14.491049815191593
2026-01-13 04:00:00,105.21064,118.97661571641191,92.87414362821686,161.08440780460697,10.536602088195052
2026-01-13 05:00:00,105.22064,121.33071752440382,83.8074355462248,148.51186350258286,7.243575978179018
2026-01-13 06:00:00,105.22064,120.17534345821927,85.03936879709593,157.9268831193426,15.427609661123345
2026-01-13 07:00:00,105.22064,123.75385759287936,94.66949899030249,176.9674461954562,16.684218602576863
2026-01-13 08:00:00,105.22064,127.73131600560885,73.52423754030544,191.45167447091228,21.20822846530342
2026-01-13 09:00:00,105.22064,131.8284884180807,29.225729899327717,245.2084869368337,76.22381851875299
2026-01-13 10:00:00,105.22064,135.89562040974286,29.064075408725728,255.12106541076002,81.93734500101714
2026-01-13 11:00:00,105.22064,146.84576750463725,79.50311089751608,209.53038411175845,22.843066607121184
2026-01-13 12:00:00,105.22064,146.32133468374124,74.16774140077914,206.35516796670336,20.047513282962115
2026-01-13 13:00:00,105.22064,177.27083537784114,94.51689322389942,260.2970275317829,40.995002153941726
2026-01-13 14:00:00,188.12064,183.8051603150177,119.8844192369643,260.3991713930711,24.63063107805339
2026-01-13 15:00:00,208.12064,191.51933276100087,129.79665292670495,257.4891025952968,19.51467983429591
2026-01-13 16:00:00,208.12064,196.1674895836007,131.86908218727086,278.9714369799306,19.09276739632985
2026-01-13 17:00:00,208.12064,201.80855278364643,129.9700192557964,297.30048631149646,27.41009352785002
2026-01-13 18:00:00,209.12064,215.3909939641412,152.01167574573267,312.2964221825497,4.377948218408517
2026-01-13 19:00:00,209.12064,222.900413041964,150.36014013701833,323.1394059469097,-5.9259970950543535
2026-01-13 20:00:00,209.12064,215.56926732550625,134.70218181770315,354.0294528333093,-2.693014492196916
2026-01-13 21:00:00,208.12064,207.72763805983405,114.00574145658393,330.93735466308414,15.854116603250112
2026-01-13 22:00:00,208.12064,189.99665942553847,115.3397092501751,288.43083960090183,36.16188017536337
2026-01-13 23:00:00,188.12064,174.79857937045222,108.01954417247299,239.28338456843147,30.531655197979234
2026-01-14 00:00:00,109.65888,113.78627073381494,41.770292096346815,208.8829093712831,40.30903363746814
2026-01-14 01:00:00,109.65888,113.02387894282886,68.91512580617885,198.95410207947887,27.09437313665001
2026-01-14 02:00:00,109.65888,112.1925623552801,88.59792323853125,147.94856147202893,8.70501911674885
2026-01-14 03:00:00,109.65888,112.2615851795527,96.7831926552613,163.06154170384409,14.462006524291386
2026-01-14 04:00:00,109.65888,112.43145691621412,88.64422076470342,158.0911730677248,10.517376151510694
2026-01-14 05:00:00,109.65888,114.29842727045636,81.79058145549486,151.66034308541785,7.211545814961503
2026-01-14 06:00:00,109.65888,115.55080320954526,77.46415639046315,166.0688600286274,15.390196819082115
2026-01-14 07:00:00,109.65888,116.65089844597976,91.51181630807852,172.70945258388102,16.593130137901248
2026-01-14 08:00:00,109.65888,115.67566852360396,62.88686515628585,179.87239789092206,21.12052936731811
2026-01-14 09:00:00,109.65888,116.18186714617346,11.79104768213331,225.35094061021363,75.68621346404015
2026-01-14 10:00:00,109.65888,117.97381210432964,3.9017615378439814,231.8187626708153,81.41770056648565
2026-01-14 11:00:00,109.65888,122.96716942949791,54.91348295016887,185.41698590882694,22.75545647932904
2026-01-14 12:00:00,109.65888,112.6661861613198,42.910036750809766,173.43149557182986,20.01889941051004
2026-01-14 13:00:00,109.65888,116.7220611304082,31.210622540927318,193.2889097198891,40.81172858948088
2026-01-14 14:00:00,138.16688,166.34944791122626,100.47409691284564,234.60174890960684,24.573270998380607
2026-01-14 15:00:00,138.16688,184.89534906835652,127.61419825774347,250.8902298789696,19.49909081061306
2026-01-14 16:00:00,142.16688,188.9402054025884,140.1505088988306,267.9103719063462,18.9131565037578
2026-01-14 17:00:00,213.16688,192.62234331544008,134.7326551544986,283.43171147638157,27.104318160941485
2026-01-14 18:00:00,213.16688,204.9912286378836,155.92177636555832,284.8857209102088,3.9281222723252913
2026-01-14 19:00:00,217.16688,215.14082569406375,157.1264672118468,304.9760441762807,-5.990471517783042
2026-01-14 20:00:00,213.16688,207.30072441089595,132.17898362099345,324.07645520079853,-3.0898992100974887
2026-01-14 21:00:00,213.16688,202.2714874756452,111.77760477807699,325.20558017321343,15.529042697568212
2026-01-14 22:00:00,142.16688,188.2986766892353,104.29843962268751,291.3103637557831,35.91775706654778
2026-01-14 23:00:00,138.16688,162.47033865448543,97.24920787596935,234.0095934330015,30.33916477851608
2026-01-15 00:00:00,111.95694,100.05512516180649,30.422714207841892,172.63573411577107,40.06325495396459
2026-01-15 01:00:00,111.95694,106.63428446160276,64.08095348651653,158.92429943668898,15.89823497508624
2026-01-15 02:00:00,111.95694,105.0690110222759,76.39436408999032,139.48686195456148,5.847906932285589
2026-01-15 03:00:00,111.95694,107.251567507891,86.16014384227478,147.0016611735072,9.925443665616209
2026-01-15 04:00:00,111.95694,106.06575288699236,82.20777387719596,138.65866789678873,5.524639009796395
2026-01-15 05:00:00,111.95694,109.3945224985421,80.04881258883795,128.15859640824624,4.281769909704165
2026-01-15 06:00:00,117.54694,109.42016568523684,79.34383076336033,139.47070060711337,9.758344921876516
2026-01-15 07:00:00,117.54694,106.58936461280426,79.22920224527466,144.8291769803338,10.284102367529586
2026-01-15 08:00:00,117.54694,102.34369536918936,70.10442730217804,151.2062284362007,13.774623067011333
2026-01-15 09:00:00,111.95694,99.64529593932726,26.05260932718153,169.084170551473,50.35404061214574
2026-01-15 10:00:00,117.54694,100.9472290688421,24.751183906757156,173.84422823092703,51.66392916208495
2026-01-15 11:00:00,117.54694,102.61260484271249,50.98271573487159,150.48411395055336,17.3876891078409
2026-01-15 12:00:00,117.54694,106.74956016170806,65.2236834402428,154.36310688317334,9.041746721465271
2026-01-15 13:00:00,119.09994,107.7117187077716,45.689266838771985,179.5593105767712,31.479996868999603
2026-01-15 14:00:00,190.55694,121.37606011637826,75.77502765543534,181.12359257732115,11.047382460942906
2026-01-15 15:00:00,190.55694,125.1733178764903,67.02076289609754,201.3477428568831,18.737084980392765
2026-01-15 16:00:00,190.55694,130.74268997301576,77.42094280730922,214.40195713872234,16.777677165706542
2026-01-15 17:00:00,190.55694,137.7814852311634,91.33980687631029,219.57898358601653,-5.438031645146884
2026-01-15 18:00:00,190.55694,180.8449499353324,114.84324839628053,282.08775147438433,-8.5055984609481
2026-01-15 19:00:00,191.55694,204.4477464190297,129.62002034585169,314.4742524922077,-8.825673926822
2026-01-15 20:00:00,190.55694,206.85249317789132,144.4862327382492,321.5136436175334,-12.370099560357925
2026-01-15 21:00:00,190.55694,186.1863928238581,132.91464691898568,275.2997787287306,1.9582359048724105
2026-01-15 22:00:00,190.55694,152.98208614861505,122.70405060167471,203.22590169555542,8.528065546940361
2026-01-15 23:00:00,117.54694,144.17130135563934,117.59454429881613,177.85728441246255,3.1505030568232053
2026-01-16 00:00:00,109.64545,110.71426607992387,67.28181180699796,137.1726603528498,23.670994272925913
2026-01-16 01:00:00,109.64545,106.4584036323652,66.38396560817907,125.95134165655134,15.774458024186128
2026-01-16 02:00:00,109.64545,103.7335509449565,73.05139405746493,115.22214783244807,5.823566887491562
2026-01-16 03:00:00,109.64545,103.83912093744496,79.68901108702734,129.79577478786257,9.878909850417624
2026-01-16 04:00:00,109.64545,103.02342446229534,80.21658185140451,123.49527707318616,5.471727610890818
2026-01-16 05:00:00,109.64545,104.2647178551419,78.2269903226227,121.73965138766108,4.253487532519197
2026-01-16 06:00:00,109.64545,101.85200390441946,68.98110173579528,123.88601607304363,9.700757168624174
2026-01-16 07:00:00,109.64545,103.05525040407812,73.25832321648481,130.59333759167146,10.226147187593318
2026-01-16 08:00:00,109.64545,99.96600466945628,66.11638957049476,127.8642447684178,13.704695098961524
2026-01-16 09:00:00,109.64545,100.31533310533707,32.27236040647289,161.21900580420126,50.144252698864186
2026-01-16 10:00:00,109.64545,99.59597724612274,34.495234619482474,161.920244872763,51.402617626640264
2026-01-16 11:00:00,109.64545,101.5284168829794,60.88696228444941,127.41259548150937,17.339728598529984
2026-01-16 12:00:00,109.64545,112.94616301550164,90.46697447425437,139.7886815567489,8.923593541247273
2026-01-16 13:00:00,109.64545,115.52929499375098,69.16320755749527,154.88026243000667,31.400747436255706
2026-01-16 14:00:00,109.64545,124.45091100583018,91.98854910105037,165.61515691060998,20.934625904779804
2026-01-16 15:00:00,109.64545,128.0962884814977,90.20405169606079,176.06501526693464,18.730696785436923
2026-01-16 16:00:00,113.78145,131.66498923451502,94.85781049366271,180.7087729753673,16.7763537408523
2026-01-16 17:00:00,117.24545,134.12822862788576,121.89588788862359,174.84566136714795,-5.758843260737832
2026-01-16 18:00:00,168.24545,169.79120654061776,147.6338006613467,221.95906241988885,-8.58377412072892
2026-01-16 19:00:00,168.24545,177.41346615497747,137.64559574109163,249.5971965688633,-8.848579586114163
2026-01-16 20:00:00,168.24545,173.2195837718275,142.9023387070238,257.6463288366312,-12.42029493519629
2026-01-16 21:00:00,117.24545,163.25243550070232,134.15647915054672,235.82786785085793,1.8507923501556058
2026-01-16 22:00:00,109.64545,152.10189486564244,128.0646194766334,192.1676902546515,8.25628538900903
2026-01-16 23:00:00,109.64545,139.1940352508919,118.4728299100101,163.51090059177366,6.508930340881795
2026-01-17 00:00:00,100.55036,108.6458893353518,78.31564080108139,133.11408786962218,23.52162853427041
2026-01-17 01:00:00,100.55036,99.70558308416273,74.80873989201417,119.66586627631125,15.666153192148537
2026-01-17 02:00:00,100.55036,99.42796381738404,82.39023046908726,110.11956916568082,5.8022693482967895
2026-01-17 03:00:00,100.55036,99.60092395118107,81.6082211890622,118.98687671329994,9.838192762118865
2026-01-17 04:00:00,100.55036,98.98702654060344,85.468701403755,113.63815667745189,5.4254301368484406
2026-01-17 05:00:00,100.55036,100.2295556681006,88.63720121561825,112.77627212058296,4.228740452482352
2026-01-17 06:00:00,104.68636,98.0353355027662,76.21712361823782,115.60113338729458,9.650367884528377
2026-01-17 07:00:00,100.55036,98.88329466238362,79.09078825723454,117.63877106753269,10.175436405149085
2026-01-17 08:00:00,100.55036,95.92347238678508,71.31898425986714,119.855430513703,13.643508126917943
2026-01-17 09:00:00,100.55036,94.90525153935032,36.03198326460748,154.66748981409316,49.96068827474284
2026-01-17 10:00:00,100.55036,95.16760812596829,34.76136809284211,154.79148415909447,51.173970033126174
2026-01-17 11:00:00,100.55036,95.96386435566244,68.75133620277951,123.11998750854538,17.297763152882936
2026-01-17 12:00:00,100.55036,100.59674379432458,82.47115428576805,119.76089330288113,8.82020950855653
2026-01-17 13:00:00,100.55036,99.0676975693309,59.72323338672609,141.39865175193572,31.3314041826048
2026-01-17 14:00:00,100.55036,101.17640051172704,72.10503310826962,130.79664191518447,20.906257403457428
2026-01-17 15:00:00,100.55036,101.65492594719676,74.76882883234622,129.76360906204735,18.72510711485056
2026-01-17 16:00:00,108.15036,103.16570730739376,78.21000556328892,130.0441070514986,16.77519574410484
2026-01-17 17:00:00,114.15036,101.5854437760324,91.60927675687753,120.69182079518725,1.9595220191548535
2026-01-17 18:00:00,126.15036,135.03461431667603,137.35527213971315,142.54623649363887,-8.652177823037135
2026-01-17 19:00:00,126.15036,134.5423706970507,135.33894873504553,145.2179046590559,-8.868622037994804
2026-01-17 20:00:00,126.15036,133.99275845573828,137.43900434391816,142.65582256755843,-12.464215888179858
2026-01-17 21:00:00,126.15036,126.59926309173171,105.81842905343218,160.85074713003127,12.519864038299549
2026-01-17 22:00:00,126.15036,124.03482139544218,84.76687341791002,166.08149937297435,27.464557977532166
2026-01-17 23:00:00,108.15036,122.87270009160902,91.07414865395887,155.44723152925914,16.922931437650142
2026-01-18 00:00:00,105.32193,102.79722098175752,75.92164746881068,127.26420449470437,23.390933512946845
2026-01-18 01:00:00,105.32193,104.91514496085924,83.71698485580269,124.13462506591576,15.570590105056533
2026-01-18 02:00:00,105.32193,105.24007698626258,91.90366558431411,113.85302438821104,5.783477401948459
2026-01-18 03:00:00,103.31193,104.98989998281814,89.48249406331585,118.92028090232043,9.80226591950231
2026-01-18 04:00:00,101.85793,104.55560659950956,93.25472717505147,113.80622002396765,5.384579424458103
2026-01-18 05:00:00,103.31193,104.83863594636614,94.64813615273985,114.02648073999244,4.206904793626309
2026-01-18 06:00:00,97.72193,102.46057566531016,85.49411891380748,115.48933741681282,9.605906751502669
2026-01-18 07:00:00,97.72193,103.87129555500316,86.36538395789312,119.9821771521132,10.130691597110053
2026-01-18 08:00:00,97.72193,102.19203572815822,79.72723610598462,123.30569535033182,13.5895196221736
2026-01-18 09:00:00,97.72193,102.92018317747178,44.346499512247796,162.11258884269577,49.79871966522399
2026-01-18 10:00:00,97.72193,103.65847476542388,44.2689826089278,160.47407692191996,50.97222215649607
2026-01-18 11:00:00,97.72193,103.29295450720944,76.30490968872095,126.4491293256979,17.26073481848848
2026-01-18 12:00:00,97.72193,101.6986618812279,83.18939357798675,115.18717018446904,8.72898830324116
2026-01-18 13:00:00,97.72193,100.57928663496077,61.30711767616559,139.91033559375592,31.27021895879517
2026-01-18 14:00:00,97.72193,99.58274127094856,74.17755889806972,126.70134764382742,20.881226372878857
2026-01-18 15:00:00,97.72193,99.78586581027604,73.57932075770756,127.4537808628445,18.72017505256847
2026-01-18 16:00:00,105.32193,101.5925971073179,77.29700912504904,129.9493070895867,16.77417398226884
2026-01-18 17:00:00,113.32193,102.57860293554512,93.80936323352377,117.75708463756648,1.7790557020213664
2026-01-18 18:00:00,166.32193,120.41581955886836,114.46252059279547,134.46644352494127,-0.996551033927084
2026-01-18 19:00:00,171.32193,123.9456662287572,121.20781860898133,132.8009788485331,-5.9307373802240955
2026-01-18 20:00:00,171.32193,121.80404953494217,119.79126250330093,129.04753156658342,-7.066992968358756
2026-01-18 21:00:00,166.32193,120.30423016481711,99.5355495505714,146.80780477906285,12.467410614245741
2026-01-18 22:00:00,166.32193,118.5882145401583,80.72614439273733,154.69396468757932,27.418140147421003
2026-01-18 23:00:00,113.32193,114.2852718789632,84.31936509935767,142.60392265856873,16.829600779605535
2026-01-19 00:00:00,111.91666,107.20962341076093,75.35180403427606,133.6804827872458,23.275614376484867
2026-01-19 01:00:00,107.91666,111.9463663823636,85.13798124361107,134.11397152111616,15.485645138752535
2026-01-19 02:00:00,105.90666,111.61743889273204,92.7656754430932,120.68449234237087,5.7667734496388325
2026-01-19 03:00:00,107.91666,111.1968490100406,90.572768061753,129.3673199583282,9.770330948287594
2026-01-19 04:00:00,107.91666,111.61584844058206,90.46223076047092,125.8561061206932,5.348267680111138
2026-01-19 05:00:00,111.91666,114.05121859245746,97.18215127336984,126.67624791154506,4.187495319087606
2026-01-19 06:00:00,149.91666,109.48560124201224,88.42060549764352,126.99679698638096,9.56638574436871
2026-01-19 07:00:00,149.91666,112.53097610070006,90.50166366629136,134.46036453510877,10.090918434408692
2026-01-19 08:00:00,149.91666,110.25806915367288,82.50430931349423,136.35079899385153,13.541529840178635
2026-01-19 09:00:00,111.91666,110.59566539927052,45.175847831396595,169.36458296714443,49.65474756787391
2026-01-19 10:00:00,149.91666,113.01200818814526,51.067033477542594,171.51983889874793,50.79289071060266
2026-01-19 11:00:00,149.91666,116.24759896329113,86.39506821981993,141.5886397067623,17.227820743471185
2026-01-19 12:00:00,149.91666,115.93571664195878,96.00880885455348,132.60366942936406,8.647902787405279
2026-01-19 13:00:00,149.91666,121.8121680633179,80.26913597013129,165.16754015650451,31.215832093186613
2026-01-19 14:00:00,149.91666,127.88528180212084,95.2241452342007,167.73165837004098,20.85897656792013
2026-01-19 15:00:00,158.91666,131.92599457907954,101.89659358187293,181.84031557628617,18.715790997206618
2026-01-19 16:00:00,173.91666,129.42494020937878,90.05866445985303,179.87370595890448,16.773265749525734
2026-01-19 17:00:00,178.91666,132.9371436337252,112.1427274358225,189.6419098316279,1.6186411979027215
2026-01-19 18:00:00,178.91666,169.0242092285815,124.26250145363265,259.7597470035304,5.697867774948847
2026-01-19 19:00:00,178.91666,172.58279607636234,118.53016841730066,271.806203735424,0.6503976590616694
2026-01-19 20:00:00,178.91666,173.54431246999124,126.92075101321744,279.47829392676493,2.8669814567737886
2026-01-19 21:00:00,178.91666,168.8694948667132,119.45915221773524,264.79492351569115,20.23067864897794
2026-01-19 22:00:00,178.91666,160.9676982903954,109.03486178529275,239.29403479549802,33.66137150510264
2026-01-19 23:00:00,173.91666,146.34539812086987,115.89542392619286,194.87758831554692,16.746640194677
2026-01-20 00:00:00,174.33117,119.51279231788236,73.27549384047481,142.9032507952899,23.17310847740756
2026-01-20 01:00:00,174.33117,170.8086121947603,136.00680370327063,192.02990068624996,10.054158491489666
2026-01-20 02:00:00,174.33117,168.44976383882698,146.33831278555695,187.951494892097,3.2578710532700317
2026-01-20 03:00:00,174.33117,168.3619869361718,149.76557804955831,191.75418582278533,9.0586988866135
2026-01-20 04:00:00,174.33117,168.68837671842016,147.14232412517515,184.67028931166516,4.381262593244993
2026-01-20 05:00:00,176.23117,171.0902497491622,153.13302542312888,178.81456407519556,1.0169343260333177
2026-01-20 06:00:00,176.33117,170.13628705351914,147.09148410019154,183.4406200068467,9.84927295332758
2026-01-20 07:00:00,176.23117,169.88523326720068,146.19254272082435,193.85207381357696,10.375610546376322
2026-01-20 08:00:00,174.33117,166.354536923603,138.8891712754604,197.4020125717456,13.88503564814261
2026-01-20 09:00:00,174.33117,166.45595101833285,128.9576282107027,204.40873382596303,22.00212280763018
2026-01-20 10:00:00,174.33117,171.856399110063,122.32842240580408,219.7298658143219,32.11937670425892
2026-01-20 11:00:00,174.33117,170.82727163896928,130.13645541116375,213.89264786677478,17.4634162278055
2026-01-20 12:00:00,174.33117,176.21474314106263,144.8046187666216,216.35114751550373,9.228304374441054
2026-01-20 13:00:00,176.23117,175.25666941117123,128.04758008637864,247.6884587359638,22.739719324792567
2026-01-20 14:00:00,176.33117,180.40862004235703,142.01292554363877,238.17098454107528,10.735094498718277
2026-01-20 15:00:00,176.33117,188.25079664457024,144.55495131499816,268.64455197414236,10.477175329572086
2026-01-20 16:00:00,176.33117,189.68248445775575,133.69650635098634,273.66453256452513,11.75436810676941
2026-01-20 17:00:00,178.33117,195.8628414285245,149.45585769615948,293.9570851608895,-2.411726267634981
2026-01-20 18:00:00,181.33117,222.50334422323343,163.78990803064178,345.65301041582507,-0.8346538074083482
2026-01-20 19:00:00,191.33117,234.49264776057396,178.4733353056943,343.77502021545365,-5.645617545120335
2026-01-20 20:00:00,181.33117,232.19365218806885,179.1199536528723,345.79694072326544,-6.7982614648034545
2026-01-20 21:00:00,181.33117,219.29931130242852,161.05581720915143,317.94725539570567,12.754524093277091
2026-01-20 22:00:00,178.33117,206.11138473232072,159.35962804113336,290.60112142350806,27.67221669118735
2026-01-20 23:00:00,176.33117,196.19861164765013,174.4824959401288,236.0259473551714,5.11466570752131
2026-01-21 00:00:00,175.89024,177.7779751843401,138.2087102714318,205.80818009724842,23.906834912908288
2026-01-21 01:00:00,175.89024,175.0059379257487,149.21380151757245,194.246454333925,10.016776408176275
2026-01-21 02:00:00,175.89024,176.16034992668494,158.30103764098152,192.88580221238837,3.2370122857034196
2026-01-21 03:00:00,175.89024,176.17336652169496,159.22678954962228,195.48607349376763,9.05711697207265
2026-01-21 04:00:00,175.89024,176.24599711207327,160.54840300726235,186.2880712168842,4.37798410481092
2026-01-21 05:00:00,175.89024,179.118227078191,164.61521337646298,187.33274077991908,0.9903037017280377
2026-01-21 06:00:00,177.89024,184.6148349723864,166.16486923557062,205.63174070920215,9.801535736815765
2026-01-21 07:00:00,175.89024,189.19930245979236,169.87616370731058,216.1249512122742,10.327568752481781
2026-01-21 08:00:00,175.89024,189.08402444935535,161.21704540630668,217.20704349240407,13.827069043048684
2026-01-21 09:00:00,175.89024,192.2311215667804,148.35740656326234,232.3295765702984,21.765825003518046
2026-01-21 10:00:00,175.89024,197.8509505893178,143.85050712967907,251.4587340489565,31.972893459638698
2026-01-21 11:00:00,175.89024,199.96467808049564,161.03772859067158,247.11940757031974,17.42365948982408
2026-01-21 12:00:00,175.89024,205.4559701842339,172.82465857760513,243.85210179086266,9.130361606628759
2026-01-21 13:00:00,175.89024,209.22543448791905,164.08317081362384,266.8823281622143,22.66892367429523
2026-01-21 14:00:00,175.89024,214.28274953558935,181.69343036860454,255.75117870257415,10.6437291669848
2026-01-21 15:00:00,177.89024,214.43119659280725,181.83416957629595,265.8169336093186,10.400637016511302
2026-01-21 16:00:00,188.09024,209.62004140384852,171.0914507128865,258.9176820948105,11.707460690961998
2026-01-21 17:00:00,188.09024,214.3828853835921,196.2282202846226,267.60725048256165,-2.423944901030489
2026-01-21 18:00:00,205.89024,224.0298609314911,187.09829150256274,301.5498603604195,-0.8664105710716413
2026-01-21 19:00:00,205.89024,228.928622105162,188.9576270025527,309.48982720777127,-5.701544897390693
2026-01-21 20:00:00,195.89024,227.06061230481595,194.41944648762447,301.03470812200743,-6.850974182808537
2026-01-21 21:00:00,188.09024,226.35196031295555,186.03499463287307,293.39659599303803,12.698205680082475
2026-01-21 22:00:00,188.09024,219.48512364703464,171.72876504712454,286.90089224694475,27.6223785999101
2026-01-21 23:00:00,180.89024,211.846262107052,182.67663266891563,248.8240415451884,5.076539438136386
2026-01-22 00:00:00,181.84677,191.43198013942455,155.17631156250704,229.28680871634208,23.78301857691753
2026-01-22 01:00:00,181.84677,180.76411997996013,158.71475545668645,207.61966450323382,9.982954523273689
2026-01-22 02:00:00,181.84677,180.9741949028268,166.33546483539794,201.23638497025567,3.218140067428869
2026-01-22 03:00:00,181.84677,181.3308058403802,163.95682012432067,201.60442155643972,9.055685716059502
2026-01-22 04:00:00,181.84677,182.35907660223492,166.65867874886436,198.5058644556055,4.375017853370569
2026-01-22 05:00:00,181.84677,185.46507344569835,171.38810411834174,203.88404277305494,0.9662093273565988
2026-01-22 06:00:00,181.84677,191.91300048492135,171.81213556304485,217.7351254067979,9.758344921876516
2026-01-22 07:00:00,181.84677,197.11390297305172,178.86946060552214,232.1857453405813,10.284102367529586
2026-01-22 08:00:00,181.84677,197.7375187813749,165.72666571436355,232.8047918483862,13.774623067011333
2026-01-22 09:00:00,181.84677,199.4931803080505,154.14110855587197,248.73226206022906,21.552031752178543
2026-01-22 10:00:00,181.84677,207.62784381843937,152.39882281821895,268.1801048186598,31.84036100022043
2026-01-22 11:00:00,181.84677,209.7987420739352,168.63215296609428,260.6898611817761,17.3876891078409
2026-01-22 12:00:00,181.84677,210.42678628230263,176.95946956083733,252.1027630037679,9.041746721465271
2026-01-22 13:00:00,181.84677,213.25550278032543,163.70025231362303,267.21121324702784,22.604870466702415
2026-01-22 14:00:00,191.16677,218.522341841626,178.0761436848892,268.0489899983628,17.02317815673682
2026-01-22 15:00:00,191.16677,220.61640606895725,181.9208558385432,267.8660162993713,14.958380230414075
2026-01-22 16:00:00,195.84677,216.1184366097605,183.53400596167185,253.58037725784914,11.665020648088635
2026-01-22 17:00:00,195.84677,216.98638072079643,199.96250169923832,253.34008974235454,-0.13377097844191344
2026-01-22 18:00:00,210.84677,226.7179199997995,195.73455288085222,277.98605711874677,-0.8951428810527103
2026-01-22 19:00:00,220.84677,229.7951449650392,207.35092080019834,276.5904991298801,-5.7521458351591015
2026-01-22 20:00:00,195.84677,221.91828982873045,203.71675647068642,254.71034318677448,-6.898666641955983
2026-01-22 21:00:00,195.84677,216.14722376090003,188.83579283561266,256.8836446861874,12.647250925287356
2026-01-22 22:00:00,191.16677,211.83420251475624,167.7034055212398,271.15012950827264,27.57728699351641
2026-01-22 23:00:00,191.16677,202.99359325801677,171.8371885589876,244.4378479570459,8.07341469902914
2026-01-23 00:00:00,196.7875,196.3302145916141,168.73406031868814,225.75943886454002,23.670994272925913
2026-01-23 01:00:00,196.7875,195.32214697540508,179.14338962022464,212.0780343305855,9.952207355180427
2026-01-23 02:00:00,196.7875,194.57954424849004,183.36371074312893,205.29095775385116,3.2009835053610964
2026-01-23 03:00:00,196.7875,194.9136206646259,177.92350609039653,212.55749523885527,9.054384574229367
2026-01-23 04:00:00,196.7875,195.46177858220528,180.62836732105322,206.97151984335738,4.372321261152068
2026-01-23 05:00:00,196.7875,197.95478981466815,189.42662446401286,210.34984516532344,0.9443053506552905
2026-01-23 06:00:00,196.7875,197.12347125564295,183.5668407109839,222.36817180030195,9.719080544659015
2026-01-23 07:00:00,196.7875,199.2814210991248,180.9439136270063,226.33444857124329,10.244587472118498
2026-01-23 08:00:00,196.7875,200.4503980763116,171.9265731693342,231.28834298328894,13.726944906977378
2026-01-23 09:00:00,196.7875,202.333099886191,166.2815156352302,244.30423413715178,21.35767425096081
2026-01-23 10:00:00,196.7875,203.4413696917194,153.88594274551556,252.6728466379232,31.719876946203822
2026-01-23 11:00:00,196.7875,203.60021618042725,167.71665741984378,242.3516549410107,17.35498876058346
2026-01-23 12:00:00,196.7875,200.85720711996143,172.58454938500844,231.67917485491444,8.96118773495301
2026-01-23 13:00:00,196.7875,201.7366235316184,160.33388325363669,240.0516638096001,22.546640277981677
2026-01-23 14:00:00,196.7875,205.2204554142633,173.66030083121498,241.79275999731158,16.9969845830483
2026-01-23 15:00:00,207.7875,205.35840623833985,176.20822662781697,237.97512584886272,14.930479610522859
2026-01-23 16:00:00,211.3075,206.7524748278655,180.73092603693442,234.24349361879655,11.626438790931033
2026-01-23 17:00:00,211.3075,208.16510920582164,190.98078648555304,234.1808219260902,4.218152720268564
2026-01-23 18:00:00,211.7875,215.6926126143988,204.2762557772525,238.86223945154512,-0.921263162853682
2026-01-23 19:00:00,220.7875,216.09606523459257,212.0609419222684,231.58947854691672,-5.798146687675836
2026-01-23 20:00:00,211.7875,206.03012845432195,197.38265208408475,223.87820482455916,-0.8828136297627689
2026-01-23 21:00:00,220.7875,204.07201042881744,183.77228200788926,233.4467188497456,12.600928420928158
2026-01-23 22:00:00,211.7875,200.25770830428516,161.5373436802175,244.34141292835275,27.536294624067597
2026-01-23 23:00:00,211.3075,196.800335270873,174.98605250784283,225.3603880339032,8.018392763030185
2026-01-24 00:00:00,236.7244,203.1521353921648,175.67052139559493,231.50805938873467,23.5691539965699
2026-01-24 01:00:00,231.7244,235.09381088756132,217.51028703368343,251.44674474143923,9.92413385387788
2026-01-24 02:00:00,201.7244,235.14979644689527,221.53983762863956,245.40864526515102,3.185318818255735
2026-01-24 03:00:00,201.7244,234.1907130268036,215.25450645163653,250.79093960197065,9.053196575167068
2026-01-24 04:00:00,201.7244,234.10983345782464,219.22755430261122,245.21840261303808,4.369859155213436
2026-01-24 05:00:00,201.7244,234.13675933448764,223.8445432669075,244.98623540206785,0.9243060675801784
2026-01-24 06:00:00,201.7244,225.3061152771704,208.44553481605783,246.79563573828304,9.683230461112592
2026-01-24 07:00:00,201.7244,224.6464939381468,206.53378528357763,249.32196259271603,10.208508654569236
2026-01-24 08:00:00,201.7244,224.51329961590724,200.37354694200437,252.74382228981014,13.683412673902888
2026-01-24 09:00:00,201.7244,224.11502836904376,192.14381096702095,265.1436457710666,21.180217402022837
2026-01-24 10:00:00,201.7244,222.78161413399832,177.18758436754885,269.9384539004479,31.609869766449503
2026-01-24 11:00:00,201.7244,224.0639183151514,194.8717463933682,261.33176023693454,17.325131921783186
2026-01-24 12:00:00,201.7244,219.56638060724785,195.46814672954525,247.6171644849505,8.887633877702667
2026-01-24 13:00:00,201.7244,220.98785627576632,183.94146269183406,259.49790985969867,22.493473583932293
2026-01-24 14:00:00,201.7244,221.4126431407194,189.15338442929976,256.29234185213903,16.973068711419646
2026-01-24 15:00:00,201.7244,224.933346986819,194.7545618553273,255.2454621183108,14.905005131491741
2026-01-24 16:00:00,206.7244,228.5210391624615,204.04160728458743,260.2514410403356,11.591211877874082
2026-01-24 17:00:00,211.7244,230.07089895293643,209.31633545003623,255.99055245583662,4.207883502900208
2026-01-24 18:00:00,241.9144,227.64295429507783,214.56127641088025,254.4974821792754,-0.9451121158024011
2026-01-24 19:00:00,241.9144,228.0075774310235,220.12268489708427,248.5911799649628,-5.840147466060691
2026-01-24 20:00:00,241.9144,227.43786964689843,217.3928418816394,252.29525741215744,-0.8955422347409847
2026-01-24 21:00:00,211.7244,227.16248896687145,208.12049500644517,261.6898629272977,12.558633960426272
2026-01-24 22:00:00,211.7244,227.11644380074097,191.25737699225712,275.2725706092249,27.49886680848389
2026-01-24 23:00:00,241.9144,224.11794972305944,205.25802437985442,254.48534506626453,7.9681553432050425
2026-01-25 00:00:00,227.85962,234.4906129029386,189.20379314587473,270.1069926600025,29.87180975706388
2026-01-25 01:00:00,227.85962,226.2765658697615,206.97410184728236,237.1628798922406,4.11095402247912
2026-01-25 02:00:00,227.85962,225.3292510421191,200.33327358044173,239.94150850379648,3.2810474616773826
2026-01-25 03:00:00,227.85962,223.9975228940499,193.46511632461323,242.79478946348655,9.060456569436667
2026-01-25 04:00:00,227.85962,224.03014403915572,196.16302868098396,242.53513939732747,4.384905358171741
2026-01-25 05:00:00,227.85962,223.88952675600405,200.9039928474093,235.50327066459877,1.0465239085947449
2026-01-25 06:00:00,227.85962,213.83671672658545,183.25203242157806,233.02515103159283,9.90231430500738
2026-01-25 07:00:00,217.92962,213.4782765362713,187.8883586561755,245.21810441636708,10.348627880095787
2026-01-25 08:00:00,217.92962,213.4922404135892,179.40035680928915,248.12868401788927,12.39808360430008
2026-01-25 09:00:00,217.85962,212.41798910837767,178.00992101327654,242.1333872034788,12.545718095101144
2026-01-25 10:00:00,217.85962,213.14215469917312,184.9920509409055,231.72686845744073,11.59663375826761
2026-01-25 11:00:00,217.85962,214.09940502407105,185.04577285008202,240.97811719806006,11.505112173989032
2026-01-25 12:00:00,217.85962,208.82366294961403,182.0818546263866,228.31435127284152,6.265558323227454
2026-01-25 13:00:00,217.85962,208.16353538061009,179.12492104756734,237.6375397136528,16.85809433304275
2026-01-25 14:00:00,217.92962,210.5391198254496,180.18554001614393,226.8680496347552,10.164309809305635
2026-01-25 15:00:00,217.92962,213.9909701494039,186.0650381603056,235.21613213850222,9.846101989098322
2026-01-25 16:00:00,217.92962,219.93865344142836,196.9749175076069,251.0752393752499,9.226385933821474
2026-01-25 17:00:00,227.85962,225.0522901669529,205.98777091937313,246.85940941453268,2.1635092475797797
2026-01-25 18:00:00,253.85962,244.47863467102772,238.39566900580772,262.6229003362477,-7.272054334780005
2026-01-25 19:00:00,253.85962,246.60816227766213,236.24565205625373,267.90202249907054,-8.768409778591591
2026-01-25 20:00:00,253.85962,244.5945982133063,237.94761999143745,264.3595364351752,-6.739691778131131
2026-01-25 21:00:00,253.85962,230.5551371188258,211.578967553132,268.4011266845196,10.807159565693771
2026-01-25 22:00:00,232.85962,228.69009428235725,199.19200876555462,267.4068897991599,13.829995516802622
2026-01-25 23:00:00,232.85962,234.57670407243285,204.57709234821573,260.60256579664997,3.8654817242171235
2026-01-26 00:00:00,235.5724,227.18374032091708,199.1112310587001,253.55835958313403,22.656339262216978
2026-01-26 01:00:00,235.5724,234.04711544115685,217.94670592109966,246.46422496121403,4.069389520057172
2026-01-26 02:00:00,230.5724,233.8805468447552,219.3999834534674,250.98927023604298,3.2634333912877973
2026-01-26 03:00:00,230.5724,233.56144452420165,210.11818379371056,257.49378525469274,9.059120730491061
2026-01-26 04:00:00,230.5724,233.95357077842883,212.3229739216014,252.0191676352562,4.382136856827413
2026-01-26 05:00:00,235.5724,234.7263211135601,216.81518528771198,253.39759693940815,1.024035825848062
2026-01-26 06:00:00,248.5724,228.5609389589423,202.19307608121156,252.05451183667304,9.862002877730735
2026-01-26 07:00:00,235.5724,229.5797695619309,203.2714958102995,257.3143833135623,10.311273751631372
2026-01-26 08:00:00,235.5724,230.02078766552893,195.06526502076454,259.9030403102933,12.395462644764367
2026-01-26 09:00:00,235.5724,231.11030340685187,194.36269890079302,265.65668791291074,12.507874506058844
2026-01-26 10:00:00,235.5724,233.96102838665115,199.51703925281225,272.35385752049,11.45588913383889
2026-01-26 11:00:00,235.5724,235.5629418796705,202.66357506003496,279.54620869930596,11.46380681963552
2026-01-26 12:00:00,235.5724,236.0447311013857,203.43888390371797,271.7973982990534,6.257527197667709
2026-01-26 13:00:00,235.5724,237.8010749108485,191.53827627366013,284.4357935480368,16.82236863718832
2026-01-26 14:00:00,248.5724,241.98964830415548,202.6675693726601,279.0591172356508,10.114048931495358
2026-01-26 15:00:00,248.5724,245.688699099194,208.47996482692537,286.67261337146266,9.810114272268645
2026-01-26 16:00:00,248.5724,246.73155777854856,214.00822051558148,284.35275504151565,9.213667262967073
2026-01-26 17:00:00,252.5724,251.693775576475,231.02421394068094,289.57872721226903,2.1489616357940444
2026-01-26 18:00:00,291.5234,274.9940548158221,258.8738272726349,311.8237323590092,-7.318472456812859
2026-01-26 19:00:00,291.5234,276.55011164020374,266.4544053802998,303.0155179001076,-8.784443740096108
2026-01-26 20:00:00,291.5234,274.9979475972891,266.1253423372912,296.024522857287,-6.784204740002093
2026-01-26 21:00:00,291.5234,271.90523653484354,250.98944493925922,307.40891813042776,10.800591595584242
2026-01-26 22:00:00,252.5724,256.28580899164984,227.43614714963795,295.2011208336617,13.727231842011888
2026-01-26 23:00:00,248.5724,251.391812974366,226.09029085321157,286.26406509552044,3.8415021211544405
2026-01-27 00:00:00,259.32244,246.084229193228,217.95130317377595,276.82418521268005,22.607306019452025
2026-01-27 01:00:00,254.32244,257.48777687295524,244.09379458590294,278.1804791600075,4.0310222870522985
2026-01-27 02:00:00,254.32244,256.7510953563184,244.20064110692863,281.28288960570814,3.2471742493897193
2026-01-27 03:00:00,254.32244,256.53290992702097,240.85550227863354,284.9009175754084,9.057887648387425
2026-01-27 04:00:00,259.32244,257.041063269031,236.88955195190604,283.07369458615597,4.379581317124956
2026-01-27 05:00:00,259.32244,256.88693426141464,238.66062666579433,284.688431857035,1.0032775956203557
2026-01-27 06:00:00,259.32244,249.5205897260423,223.26043739656686,285.3280820555176,9.82479232947537
2026-01-27 07:00:00,259.32244,250.37339810125175,226.0187350835875,286.780441118916,10.276793017664223
2026-01-27 08:00:00,259.32244,249.85248770882183,211.88858441132112,287.70656100632243,12.39304329750063
2026-01-27 09:00:00,259.32244,249.6869435283037,203.1142515659762,294.94363549063115,12.472941962327491
2026-01-27 10:00:00,259.32244,250.6173334097007,205.73793239071907,298.1218344286823,11.325971018981615
2026-01-27 11:00:00,259.32244,251.0977559508952,202.01373715066288,300.61536475112746,11.42567880023228
2026-01-27 12:00:00,259.32244,251.50532699907097,210.33980314807383,305.3201408500682,6.250113850997177
2026-01-27 13:00:00,259.32244,253.3394273695069,195.36517629772266,320.81349844129113,16.78939107178423
2026-01-27 14:00:00,265.32244,256.77563351787614,207.291119242821,319.15118779293124,10.067654275055103
2026-01-27 15:00:00,265.32244,258.3496301282896,213.52726528694066,325.8295849696386,9.776894841348945
2026-01-27 16:00:00,267.65544,259.1634037451608,216.55611679375158,320.6783206965699,9.201926951409165
2026-01-27 17:00:00,267.65544,263.66999734621453,232.2204042751458,324.59163041728334,2.1355330710687506
2026-01-27 18:00:00,267.65544,286.54221120279533,260.7008011568693,356.4871312487213,-7.361319954073954
2026-01-27 19:00:00,285.32244,290.30073995152713,265.6928242714735,353.6184756315807,-8.79924431994643
2026-01-27 20:00:00,267.65544,285.97801092137547,262.4678545492584,342.9447672934925,-6.82529362788298
2026-01-27 21:00:00,267.65544,282.7599321580234,253.12540330407873,345.195431011968,10.794528853944676
2026-01-27 22:00:00,265.32244,270.3538709685321,240.5723579032501,330.306094033814,13.632373065281984
2026-01-27 23:00:00,259.32244,261.3794124872344,233.82557538429162,306.08912959017715,3.819367102942734
2026-01-28 00:00:00,253.93714,260.45564566914163,229.66011110454954,288.02098023373367,22.56204456459207
2026-01-28 01:00:00,253.93714,252.25587064104792,234.9843135697409,268.241087712355,3.9954970713070557
2026-01-28 02:00:00,253.93714,252.48253068667785,238.06712119830485,270.7659501750509,3.2321194883729856
2026-01-28 03:00:00,253.93714,252.175907511618,232.73282160591913,274.56788341731686,9.056745905698872
2026-01-28 04:00:00,253.93714,252.08137991286145,233.88792483620176,270.05258498952116,4.377215076659718
2026-01-28 05:00:00,254.86714,252.75115181832035,238.9276248062441,271.27910883039647,0.9840570120761893
2026-01-28 06:00:00,254.86714,249.93982161208547,229.3003134939576,277.0926497302132,9.790338118127822
2026-01-28 07:00:00,254.86714,250.04181261907937,230.1939262069403,281.1998990312185,10.244866412139094
2026-01-28 08:00:00,253.93714,251.5981470186212,222.6139238574759,286.08343017976654,12.390803161145321
2026-01-28 09:00:00,253.93714,250.8602775824754,216.0187305680473,292.09564459690347,12.440597014428102
2026-01-28 10:00:00,254.86714,253.29029806279215,219.77349159460425,294.16348453098004,11.205676468187884
2026-01-28 11:00:00,254.86714,255.205020221726,218.18401514316335,297.7883653002886,11.390375078562624
2026-01-28 12:00:00,254.86714,256.90891563927323,225.41775599815614,301.4575652803903,6.243249641117057
2026-01-28 13:00:00,254.86714,260.5689678754112,215.76013158640856,318.1615941644139,16.758856289002676
2026-01-28 14:00:00,261.93714,262.4645736409375,228.5171773811048,316.0296699007701,10.024696259832659
2026-01-28 15:00:00,261.93714,263.6190726380137,229.22985652899777,315.4328987470296,9.746136109015898
2026-01-28 16:00:00,264.93714,264.54809308747974,231.20551679492047,312.806499380039,9.191056292559255
2026-01-28 17:00:00,264.93714,265.77946129303405,245.96744207819242,313.2225105078757,2.123099214841631
2026-01-28 18:00:00,264.93714,276.74941760310963,261.07877116575867,324.5294840404606,-7.4009935626490275
2026-01-28 19:00:00,266.93714,283.23763623233606,268.12693479288464,325.37094767178746,-8.812948560548575
2026-01-28 20:00:00,264.93714,273.9185376968554,259.64532659129475,312.0074288024161,-6.8633388944393445
2026-01-28 21:00:00,264.93714,271.77048738349737,245.7319221792189,318.0756325877757,10.788915204278414
2026-01-28 22:00:00,264.93714,268.4174840547865,236.9331731901803,315.27803491939267,13.544540864606173
2026-01-28 23:00:00,254.86714,262.64027837191725,234.00880665620755,293.8891900876269,3.798871715709679
2026-01-29 00:00:00,242.61517,255.09297225417413,218.484456444082,281.0099680642662,22.520135810092125
2026-01-29 01:00:00,242.61517,241.31199832046636,216.31635894949417,250.61494769143854,3.9625093709721737
2026-01-29 02:00:00,242.61517,241.49858921138295,214.23624914395404,250.54588927881179,3.218140067428869
2026-01-29 03:00:00,242.61517,240.7838945046854,209.13285878862584,257.7832102207449,9.055685716059502
2026-01-29 04:00:00,242.61517,241.08035671306877,214.45225885969816,250.09816456643932,4.375017853370569
2026-01-29 05:00:00,242.73817,241.95725271290715,222.7304233855505,250.2308020402637,0.9662093273565988
2026-01-29 06:00:00,242.73817,238.55059306569987,215.2713381438233,257.4687779875764,9.758344921876516
2026-01-29 07:00:00,242.73817,238.80119627552395,215.1684659970868,259.9737265539611,10.215220278437176
2026-01-29 08:00:00,242.61517,240.1209747807089,214.38872174617924,264.59761781523855,12.388723034529676
2026-01-29 09:00:00,242.61517,240.5386441410985,215.90334172114842,274.46950656104866,12.410562419950084
2026-01-29 10:00:00,242.73817,241.90659637231948,217.9561619870115,273.4122507576274,11.093974385307941
2026-01-29 11:00:00,242.73817,244.00290344237203,220.52682039107407,274.09874649367,11.35759305129793
2026-01-29 12:00:00,242.61517,246.72621585407344,226.09433012213077,270.9877115860161,6.236875731942656
2026-01-29 13:00:00,242.73817,250.03484314939817,218.3948705872641,283.56145571153223,16.730502562134077
2026-01-29 14:00:00,242.73817,252.24145818647128,234.62466151220232,280.9714348607402,9.984806674268945
2026-01-29 15:00:00,242.73817,253.37443681932496,233.91680239033255,278.2757312483173,9.717574428992343
2026-01-29 16:00:00,255.61517,254.1773129468391,237.5427808374976,278.74975505618056,9.180962109341475
2026-01-29 17:00:00,255.61517,255.2674060949788,246.66443260377665,279.86120958618096,2.111553491202158
2026-01-29 18:00:00,255.61517,268.6082208447399,261.73154418678007,288.8736975026997,-7.437833342040184
2026-01-29 19:00:00,264.61517,269.64937403990183,263.8653450679748,286.2304230118288,-7.500441028073015
2026-01-29 20:00:00,255.61517,266.97568831744377,262.71497495939974,278.5260816754878,-6.898666641955983
2026-01-29 21:00:00,255.61517,264.87160127249683,243.25838874290847,289.1469738020851,10.78370252958831
2026-01-29 22:00:00,255.61517,262.31593718019826,231.2816047876482,285.8176695727483,13.46298239255003
2026-01-29 23:00:00,242.73817,257.01016784337423,230.03891755866667,276.2742681280818,3.7798402847075487
2026-01-30 00:00:00,108.3633,246.71728613730687,208.66348559925044,273.7203766753633,22.481220538056444
2026-01-30 01:00:00,112.4993,109.89958888458544,86.5447248064226,117.15445296274827,1.8612740781628416
2026-01-30 02:00:00,112.4993,109.79100613622862,81.95738991106553,119.66566236139168,2.0994362251630765
2026-01-30 03:00:00,113.9533,108.47610192273883,75.67192600983817,122.00670783563949,7.424895912900672
2026-01-30 04:00:00,113.9533,117.2057132777672,86.55422517636435,126.55771137917,4.233488101402837
2026-01-30 05:00:00,247.0863,130.84199453670794,107.83689125326849,134.53214782014743,-1.212876716560523
2026-01-30 06:00:00,247.0863,150.44508510925354,123.71772159556535,169.5159986229417,8.459063513688204
2026-01-30 07:00:00,247.0863,170.53529013987628,145.39101204692216,187.32666823283037,7.670238092954113
2026-01-30 08:00:00,166.9633,180.8486681459948,164.66943659895807,192.4369596930315,1.4260615470367202
2026-01-30 09:00:00,114.9663,188.11470956794167,175.12337219279837,203.32448694308493,2.189377375143308
2026-01-30 10:00:00,247.0863,193.2029651398902,175.7649913483829,214.2766789313975,7.246323791507274
2026-01-30 11:00:00,247.0863,195.73887770019417,179.61804110191133,213.91805429847702,5.2591765982828225
2026-01-30 12:00:00,113.9533,204.0507905324919,187.18752530278485,224.31325576219896,5.582685229707032
2026-01-30 13:00:00,247.0863,206.8084270532466,186.48319817760975,228.45285592888342,11.741698875636827
2026-01-30 14:00:00,247.0863,210.420103570624,196.51488581600026,229.5678613252478,7.8238077546237585
2026-01-30 15:00:00,251.9633,209.53873641501104,191.9548520707088,228.17412075931333,8.691274344302272
2026-01-30 16:00:00,251.9633,212.917825020408,201.3181282027653,231.44346183805072,5.196346817642746
2026-01-30 17:00:00,251.9633,217.46325174292295,209.2187991279595,232.79643435788643,-0.6069873850365416
2026-01-30 18:00:00,256.9633,244.95906954593815,241.84289825827608,256.2383208336003,-7.2320387123379035
2026-01-30 19:00:00,251.9633,248.5881729522771,249.8695561205763,258.97053978397787,-8.142143168299194
2026-01-30 20:00:00,251.9633,247.4386993577081,246.71049789284703,257.39021082256914,-6.701318535138935
2026-01-30 21:00:00,251.9633,243.3198701719998,228.15626683511385,267.3482535088858,9.245803336885945
2026-01-30 22:00:00,247.0863,231.69412721564723,211.52915370492758,250.10837072636687,9.142093510719672
2026-01-30 23:00:00,247.0863,202.81746407020745,179.5850025262904,217.41500561412454,3.2098115439170614
2026-01-31 00:00:00,208.1695,142.56396308927285,59.54965379018955,193.7542123883562,22.6986092990833
2026-01-31 01:00:00,208.1695,206.07850896501512,150.4109916047951,246.93473632523512,1.8528673602200119
2026-01-31 02:00:00,208.1695,205.50980744521112,148.76776885530342,244.06394603511882,2.094288589907697
2026-01-31 03:00:00,208.1695,205.625184217548,148.84537444827853,244.35240398681745,7.413769769269453
2026-01-31 04:00:00,208.1695,205.57403241268767,154.74660517741788,237.68389964795745,4.232917235269777
2026-01-31 05:00:00,208.1695,209.0527596119701,159.48071570337535,240.5550835205648,1.0465239085947449
2026-01-31 06:00:00,208.1695,200.25480713701785,147.92329283201047,241.05840144202523,9.90231430500738
2026-01-31 07:00:00,208.1695,201.51160347839456,146.77382559829877,241.72290135849033,10.348627880095787
2026-01-31 08:00:00,208.1695,200.2420064440641,160.72580446695008,231.6040584211781,1.3503219771140222
2026-01-31 09:00:00,208.1695,197.0650440793204,151.47191598421924,232.2678221744215,12.545718095101144
2026-01-31 10:00:00,208.1695,204.37953845858237,162.50372470031473,236.96516221685,11.59663375826761
2026-01-31 11:00:00,208.1695,195.9301026530385,159.16202047904943,232.90028482702752,11.505112173989032
2026-01-31 12:00:00,208.1695,178.96212715448303,138.38158883125553,211.53252547771046,6.265558323227454
2026-01-31 13:00:00,208.1695,203.9653827558134,158.14795842277064,241.00927708885615,16.85809433304275
2026-01-31 14:00:00,208.1695,205.6414369975224,166.93675718821675,231.95540680682802,10.164309809305635
2026-01-31 15:00:00,208.1695,210.9867127152054,170.91156072610707,234.58371470430373,9.846101989098322
2026-01-31 16:00:00,218.6695,214.2168580530101,179.15840211918862,242.68717398683157,9.226385933821474
2026-01-31 17:00:00,218.6695,217.73261166614577,186.22216241856597,238.79442091372553,2.1635092475797797
2026-01-31 18:00:00,218.7925,234.56914841843212,213.06101288682632,258.5558239500379,-5.667514468394192
2026-01-31 19:00:00,218.7925,235.52187268011943,217.26950994147856,261.01354541876026,-8.145747261359162
2026-01-31 20:00:00,218.6695,232.90460712347587,211.929408901607,257.2237853453447,-6.739691778131131
2026-01-31 21:00:00,218.6695,228.1374954885181,189.3586046306326,259.66829634640357,9.236100857885463
2026-01-31 22:00:00,218.6695,221.02469762793828,173.9268480764986,248.32529717937797,9.12737955143971
2026-01-31 23:00:00,208.1695,215.9173630392416,167.51892131502447,246.4428647634587,3.8654817242171235
2026-02-01 00:00:00,165.00424,204.38139237855637,156.38334072023915,235.6343840368736,30.173561658317222
2026-02-01 01:00:00,165.00424,165.26124250959907,144.59076949842236,175.3558155207758,1.84500301117672
2026-02-01 02:00:00,165.00424,165.08239501461856,140.44060195446588,178.1224880747712,2.0894730601526654
2026-02-01 03:00:00,165.00424,164.7769577847422,135.85407634338583,185.39097922609855,7.4033614413563775
2026-02-01 04:00:00,165.00424,164.923624866345,135.19568166713518,183.3395580655548,4.232383199209817
2026-02-01 05:00:00,165.00424,165.4392161894827,139.0437178314901,177.72460454747528,1.0283883579925885
2026-02-01 06:00:00,122.36124,160.79899276097177,127.46340767151007,179.8034178504335,9.86980508946171
2026-02-01 07:00:00,124.98524,163.0864717736607,133.1267181907136,189.48918535660775,10.318503582947079
2026-02-01 08:00:00,165.00424,164.21640912868074,140.42827029762344,175.88251795973804,1.2794688310573092
2026-02-01 09:00:00,165.00424,165.53208593806755,135.1750268663876,186.2779350097475,12.515199071679946
2026-02-01 10:00:00,165.00424,166.47441301254582,140.79037298365617,183.5599530414355,11.483130028889656
2026-02-01 11:00:00,165.00424,167.4760899855369,135.40776858118778,185.64140138988603,11.471801404349115
2026-02-01 12:00:00,165.00424,167.1185122407177,143.1459406316513,180.6968338497841,6.259081609066373
2026-02-01 13:00:00,165.00424,169.1803452366151,140.00430194861624,194.47446852461397,16.829283287998866
2026-02-01 14:00:00,165.00424,170.32895606680577,147.80371922347615,187.1009229101354,10.12377684332962
2026-02-01 15:00:00,165.00424,173.38918583157445,152.0365561947581,194.32835546839084,9.817079636816336
2026-02-01 16:00:00,165.00424,174.13551222759128,155.38452328639434,194.55268116878824,9.216128941196962
2026-02-01 17:00:00,165.00424,176.95008100498885,164.66268370239754,193.37317830758016,2.151777302591288
2026-02-01 18:00:00,215.50424,201.0652055345944,196.9742121022642,215.93946896692464,-5.694596567669798
2026-02-01 19:00:00,215.50424,202.39189928816012,194.46486812044634,212.14860045587386,-8.149118832286227
2026-02-01 20:00:00,215.50424,200.2643418716228,194.95841119964985,213.0103525435958,-6.775589328027054
2026-02-01 21:00:00,215.50424,197.6094953794261,180.424061034154,224.5169297246982,9.22702434527211
2026-02-01 22:00:00,190.50424,192.9373954555585,168.96814057570325,210.9553503354137,9.11361487985523
2026-02-01 23:00:00,165.00424,183.16586626926332,157.82397293461284,195.2946996039138,3.8461433346504514
2026-02-02 00:00:00,105.56538,164.81286970940295,103.49203440755288,209.25966501125305,30.128785301850073
2026-02-02 01:00:00,105.56538,106.35277692080814,58.15618673685952,125.10849710475678,1.8376301839486282
2026-02-02 02:00:00,105.56538,106.60329634036862,60.41651783936129,127.93373484137595,2.0849585010073195
2026-02-02 03:00:00,105.56538,107.84183252752342,57.581908893585556,133.08922616146128,7.393603633937862
2026-02-02 04:00:00,105.56538,113.45066276267522,61.32634022227161,137.49145530307882,4.231882540403604
2026-02-02 05:00:00,109.70438,120.3922705584336,75.49669927913052,140.44947683773665,1.0113862793030544
2026-02-02 06:00:00,111.06838,132.28113787295217,86.6298535886173,166.96978215728706,14.946044284334867
2026-02-02 07:00:00,111.06838,141.64325597574634,96.99595225265466,175.00810969883804,15.093233723091693
2026-02-02 08:00:00,109.70438,142.71488691321755,113.37996290658849,165.4096409198467,1.213044006629091
2026-02-02 09:00:00,109.70438,142.9048047162021,107.69079722897953,179.02922220342467,12.486587487222552
2026-02-02 10:00:00,111.06838,147.73431574584407,118.06839546324633,187.84999602844184,11.376720282597745
2026-02-02 11:00:00,111.06838,150.4194318728372,109.52428931502554,186.4703944306489,11.440572557811672
2026-02-02 12:00:00,109.70438,152.2963016647359,121.16288197519556,190.01688135427628,6.253009689540354
2026-02-02 13:00:00,111.06838,155.2985055724284,117.2060726391582,205.6136385056986,16.802272933270203
2026-02-02 14:00:00,111.06838,163.59030501091414,133.09209782318706,207.95095219864126,10.085777187727079
2026-02-02 15:00:00,194.33438,165.70189510956703,123.38218392801507,214.43693629111903,9.789871181551954
2026-02-02 16:00:00,194.33438,165.99894704681176,118.96683403620028,206.66753005742325,9.206513010611474
2026-02-02 17:00:00,194.33438,167.6612500635763,138.39968472799254,219.06332539916008,2.1495553355837567
2026-02-02 18:00:00,204.21138,209.12035627756796,186.26643111623738,272.3459014388985,-5.401694838669389
2026-02-02 19:00:00,204.21138,211.82274697578777,182.58722368452416,266.50397026705144,-7.4889367087363645
2026-02-02 20:00:00,204.21138,210.11574211563055,191.69365112360325,262.2273331076579,-3.7963690079726526
2026-02-02 21:00:00,194.33438,207.74794775622684,188.3401626415298,256.13936287092395,9.218515114697084
2026-02-02 22:00:00,194.33438,183.4144808797179,157.46106037947314,213.06043137996267,9.10071050024477
2026-02-02 23:00:00,111.06838,163.31863461236577,137.50034101793406,189.58129820679747,3.828013594431683
2026-02-03 00:00:00,119.29749,120.13530442487294,63.67912695721087,165.51889189253504,30.086807467662087
2026-02-03 01:00:00,119.29749,118.719813767468,89.53330557273364,132.78901296220235,1.8307041947343647
2026-02-03 02:00:00,119.29749,117.07639533583644,88.74271778432929,126.48485288734358,2.080717551507149
2026-02-03 03:00:00,119.29749,116.54684047986451,93.23844827107737,141.85857668865168,7.3844372087871415
2026-02-03 04:00:00,119.29749,117.10032148333386,92.2385542587785,140.7408437078892,4.231412224555345
2026-02-03 05:00:00,119.29749,117.4663084849452,93.98550985532019,134.68851911457025,0.9954146296250177
2026-02-03 06:00:00,119.29749,110.70433231553793,76.45764353331663,147.53437109775925,14.945898782221304
2026-02-03 07:00:00,119.29749,113.73725402669166,84.30060732738619,152.06960872599717,15.090950699305486
2026-02-03 08:00:00,119.29849,110.11055772882013,87.09564822428591,145.3227232333543,6.016495504534202
2026-02-03 09:00:00,119.29749,112.9051824293784,78.42289249119156,159.65348236756526,12.459709938186837
2026-02-03 10:00:00,119.29749,113.84125923431893,72.27594378150351,176.97549468713436,20.015065452815392
2026-02-03 11:00:00,119.29749,117.3615233710976,66.60488700245745,177.5717897397377,11.411236368640154
2026-02-03 12:00:00,119.29749,121.81038612004626,78.92705639782965,187.5777258422629,8.851579722216615
2026-02-03 13:00:00,119.29749,126.08880921544151,72.14401428581033,216.5471281450727,21.568678929631183
2026-02-03 14:00:00,123.43349,133.34963826029502,81.52197033864014,217.1437011819499,17.058102921654854
2026-02-03 15:00:00,123.43449,152.48319144140345,100.55519471782709,231.72460316497978,9.76431172357634
2026-02-03 16:00:00,126.43949,163.42415271122002,87.72243284752217,240.33055257491787,9.19747986369784
2026-02-03 17:00:00,187.94349,183.1713443776432,114.31834190056233,281.9422068547241,2.1392724770808815
2026-02-03 18:00:00,187.94349,219.3595186862125,141.19180809142512,359.2692092809999,-5.423759405212569
2026-02-03 19:00:00,187.94349,218.1170874473559,140.52754133969614,349.88133355501566,-7.49300389234023
2026-02-03 20:00:00,187.94349,198.6383035076305,147.4871895720774,297.5218974431836,-3.811076064446898
2026-02-03 21:00:00,187.94349,176.06700877422503,140.839457179159,242.29854036929103,9.210521595066005
2026-02-03 22:00:00,124.80049,159.90838034719195,131.64090814294485,195.592998551439,9.088588204247074
2026-02-03 23:00:00,123.43349,125.73855019215476,98.64885291179367,155.35810747251588,8.146777280361096
2026-02-04 00:00:00,120.65612,115.4763024772254,74.64198873258836,162.67544622186242,30.04737374463704
2026-02-04 01:00:00,120.65512,118.21359224837678,108.55252449740497,132.53480999934857,-0.15369724902818954
2026-02-04 02:00:00,120.65512,116.78861425670073,100.03053377004697,120.66546474335448,0.5465404866537562
2026-02-04 03:00:00,120.65512,117.83341319130363,107.70260832198218,130.08155306062508,5.714789869321445
2026-02-04 04:00:00,120.75212,119.47780244138664,106.76254441891606,123.81121046385721,-0.7382019775294253
2026-02-04 05:00:00,143.24912,119.7477630984423,110.11138521423572,129.1350259826489,-1.2045571157934252
2026-02-04 06:00:00,143.24912,109.13777237475524,97.01076655904693,135.40610819046356,9.961595815708309
2026-02-04 07:00:00,143.24912,108.50078990538358,94.04243448342838,130.19885032733876,10.403560421955202
2026-02-04 08:00:00,120.65612,105.41407357344076,89.64907798340384,123.5916731634777,0.1658895900369215
2026-02-04 09:00:00,115.24912,105.59865215339627,76.89186149845742,139.63710280833513,10.671820654938854
2026-02-04 10:00:00,120.65512,108.2657733219865,83.24948442179627,146.63032222217674,9.89543890019025
2026-02-04 11:00:00,120.65512,111.96048663741765,77.50041333358381,156.66363494125147,9.998128303833832
2026-02-04 12:00:00,120.65512,116.709899150166,85.02292434817421,167.50086795215776,6.277368801991779
2026-02-04 13:00:00,143.24912,115.56010266258762,74.66111054152367,172.59608478365158,16.910632121063955
2026-02-04 14:00:00,143.24912,119.56113145550046,86.51584859059149,166.75799432040938,10.238222864908959
2026-02-04 15:00:00,162.99512,126.038318829328,92.48739382461372,173.9144638340423,8.692525004714303
2026-02-04 16:00:00,162.99512,132.62087918733835,98.73599593663276,178.18976243804389,5.214543250705579
2026-02-04 17:00:00,173.99512,146.33065562231454,107.09480101313355,210.71414023149552,1.801654609180984
2026-02-04 18:00:00,173.99512,180.44732702778495,122.01983986583895,276.40072818973096,-6.4404888380540095
2026-02-04 19:00:00,203.89512,193.2750548306594,120.46269393326922,312.2798857280496,-8.139599102609807
2026-02-04 20:00:00,173.99512,184.09130035957625,136.09507254566677,293.67769817348574,-7.2223721860905234
2026-02-04 21:00:00,173.99512,169.254550140745,141.42408663761475,242.1523136438753,6.221883503130273
2026-02-04 22:00:00,162.99512,136.51290368283978,121.5912278479225,173.0912235177571,9.152479834917292
2026-02-04 23:00:00,162.99512,129.40290981022363,123.23495896385552,144.76741565659177,3.9007458463681157
2026-02-05 00:00:00,116.19335,116.54916008609202,51.576723159318675,184.56285901286537,28.18427292677335
2026-02-05 01:00:00,116.19335,115.81585614028616,83.91924585740969,155.37588642316265,-0.16448971712352534
2026-02-05 02:00:00,116.19335,115.6279195350415,86.13876326187895,138.97288580820404,0.7777062731625461
2026-02-05 03:00:00,116.19335,115.94108376107393,93.42218635135232,145.79340717079555,5.7063634097215985
2026-02-05 04:00:00,116.19335,116.05771363057224,95.18821467398901,131.81779258715545,-0.7685360434167943
2026-02-05 05:00:00,121.69635,117.74938781709318,89.26940099225078,130.75930464193556,1.0625868248423787
2026-02-05 06:00:00,123.83935,112.22623832567452,72.92439760313557,138.35844904821343,14.946510722538918
2026-02-05 07:00:00,123.83935,114.2283750438687,81.81529259881093,144.87181748892647,15.100552445057764
2026-02-05 08:00:00,121.59935,113.53773621387604,90.51456134214428,132.77720108560777,0.13697487173175427
2026-02-05 09:00:00,116.19335,112.03608700656729,82.9807068070209,142.99969720611367,10.666140199546378
2026-02-05 10:00:00,116.19335,112.69382755030377,84.17374495733175,144.67581014327578,9.843512592971999
2026-02-05 11:00:00,121.59935,112.86706745515664,79.30466333506554,154.3369015752477,9.995224120091075
2026-02-05 12:00:00,121.59935,115.5427585267042,83.30018368521976,158.6008533681886,6.271294841484415
2026-02-05 13:00:00,121.60035,118.13505209184012,78.99108940461562,165.1209447790646,16.883612687224492
2026-02-05 14:00:00,142.95035,120.50049932034013,86.23227888402712,163.7884597566531,10.200210436312982
2026-02-05 15:00:00,142.95035,124.9418270082996,89.25796639581168,174.33085762078755,8.690970612487924
2026-02-05 16:00:00,143.83935,125.50996787320145,95.23174018930253,175.3760555571004,5.191927683898927
2026-02-05 17:00:00,143.83935,128.05209965479986,98.95337749294015,174.96394181665957,1.8016021618597116
2026-02-05 18:00:00,143.83935,159.4459288561172,118.94343971439649,219.50810799783795,-6.442390858279271
2026-02-05 19:00:00,204.83935,175.3623590674212,122.27889008024498,253.34960805459747,-8.142761012823758
2026-02-05 20:00:00,143.83935,159.60296379868836,112.591270088745,245.82054750863173,-7.2403762900566395
2026-02-05 21:00:00,143.83935,157.0621814187397,100.66334962253028,224.05311321494912,6.205151796209421
2026-02-05 22:00:00,142.95035,147.9377531100645,102.48120199236425,186.78736422776475,9.139571117700257
2026-02-05 23:00:00,142.95035,142.3968915191612,91.64059030173661,178.3221327365858,8.315511217424593
2026-02-06 00:00:00,121.47377,113.95992379841286,58.96508182070721,155.07643577611847,28.180591977705628
2026-02-06 01:00:00,121.47377,121.48547735114064,95.89148995479866,130.3047847474826,-0.17468260365802007
2026-02-06 02:00:00,121.47377,121.3566820801606,97.63268443282759,128.4166397274936,0.7709976473330085
2026-02-06 03:00:00,121.37777,121.29893254843212,98.03724246166595,135.28412763519827,5.698405086766179
2026-02-06 04:00:00,121.47377,121.19628380567636,105.60416268909792,127.98882292225478,-0.7971848834215625
2026-02-06 05:00:00,129.61677,121.97823025948313,105.06200635088838,132.93534416807788,1.0465239085947449
2026-02-06 06:00:00,129.61677,120.89207288177737,88.19728849279265,143.6856072707621,14.946364388984705
2026-02-06 07:00:00,129.61677,124.11368628992614,92.41889991450478,151.57024266534748,15.098256375421348
2026-02-06 08:00:00,129.61677,120.46041486993585,106.30953334327012,132.52514139660158,0.10966652666573362
2026-02-06 09:00:00,129.61677,117.06225110438002,92.92659577937097,139.06910642938905,10.660775325009036
2026-02-06 10:00:00,129.61677,124.1298751034476,100.20459002284845,147.43171618404676,9.794471080599152
2026-02-06 11:00:00,129.61677,124.51553415798088,98.63048787809132,146.74769543787048,9.992481279889578
2026-02-06 12:00:00,129.61677,114.83156075996064,97.6258524367332,136.7910390831881,6.265558323227454
2026-02-06 13:00:00,129.61677,121.40285192141104,95.8947975883683,155.85487625445379,16.85809433304275
2026-02-06 14:00:00,129.61677,124.705569606945,103.21476979763936,150.91568941625064,10.164309809305635
2026-02-06 15:00:00,129.61677,124.1903318196138,102.08960524422857,149.37069439499902,8.68950257538523
2026-02-06 16:00:00,129.61677,124.40233127128056,108.41827273381016,147.44023980875093,5.170568537470397
2026-02-06 17:00:00,129.61677,125.07944522840948,109.59287260013099,149.81591785668797,1.80155262827851
2026-02-06 18:00:00,144.72777,141.07110387996858,125.77004109068282,163.41440666925433,-6.444187210714242
2026-02-06 19:00:00,144.72777,160.34738509328636,147.24492235464552,184.6059978319272,-8.145747261359162
2026-02-06 20:00:00,144.72777,138.38035459448943,126.0010147605141,165.03065442846477,-7.257380166024656
2026-02-06 21:00:00,144.72777,137.48278087367072,116.08389124510879,175.72169050223263,6.189349628561931
2026-02-06 22:00:00,129.61677,135.90091678015344,106.4031322287137,162.15122633159314,9.12737955143971
2026-02-06 23:00:00,129.61677,132.58392017429162,94.3031033765996,157.0781619719836,8.275161797692007
2026-02-07 00:00:00,114.18896,125.27898741553098,88.22363188972264,157.59399294133928,28.17711552580833
2026-02-07 01:00:00,114.18896,114.3180984063269,103.77505292967972,117.66797388297408,-0.18432452335281302
2026-02-07 02:00:00,114.18896,114.30276448189798,102.48864283197129,120.40422613182466,0.7646516499266887
2026-02-07 03:00:00,114.18896,114.29885066130954,97.62816371787957,127.21213760473951,5.690876943429971
2026-02-07 04:00:00,114.18896,114.24018136208306,105.2423264995632,118.61084622460295,-0.8242851374801288
2026-02-07 05:00:00,114.18896,114.8077368384802,105.04098758038998,120.26473609657042,1.0313292580902251
2026-02-07 06:00:00,114.18896,110.6124060278294,84.63152006247705,132.12931199318174,14.946225965352342
2026-02-07 07:00:00,114.18896,111.64861873342096,88.1126293157638,133.11548815107813,15.096084417657172
2026-02-07 08:00:00,114.18896,112.27357011116707,103.47853980280703,117.34081441952713,0.0838343083600368
2026-02-07 09:00:00,114.18896,112.33718777063628,95.48223732694635,131.0563082143262,10.655700443689927
2026-02-07 10:00:00,114.18896,112.75886597860932,94.16360951782234,128.96072643939632,9.748080460786998
2026-02-07 11:00:00,114.18896,112.39291472160876,92.80394802028817,127.01043142292934,9.989886701320593
2026-02-07 12:00:00,114.18896,113.22508257191002,99.17150168487159,123.83177945894845,6.260131887038436
2026-02-07 13:00:00,114.18896,113.25636379451215,89.09909844515485,137.86182914386947,16.833955349357318
2026-02-07 14:00:00,114.18896,113.6183194078466,98.04473365111548,129.6148231645777,10.130349756731114
2026-02-07 15:00:00,114.18896,113.99865046965382,98.76387657801439,129.24588436129326,8.688113891639437
2026-02-07 16:00:00,114.18896,115.73396121174244,103.55239727224497,128.6622151512399,5.150363939497463
2026-02-07 17:00:00,117.18896,116.21540595723738,106.45268518504919,126.29789172942556,1.8015057721881838
2026-02-07 18:00:00,117.18896,130.9167748401213,130.60692130313888,134.1988683771037,-6.445886463017593
2026-02-07 19:00:00,117.18896,132.56389733530912,134.1190655607347,136.0524391098835,-7.483858225425592
2026-02-07 20:00:00,117.18896,131.76608956261012,132.83303447617212,137.53959464904815,-7.27346491356197
2026-02-07 21:00:00,117.18896,130.49142455511944,118.19536292298082,148.26962618725807,6.174401632138631
2026-02-07 22:00:00,114.68896,127.27717285624496,111.39996586748414,145.59533984500575,9.115846988760813
2026-02-07 23:00:00,114.18896,124.08178915531524,104.06266572764055,141.90977258298994,8.236993427674694
2026-02-08 00:00:00,109.22942,114.36237828618584,82.92770129595604,143.65822027641565,28.173826990229802
2026-02-08 01:00:00,109.22942,109.31695477565368,105.57679974924365,112.28155580206372,-0.19345897358998532
2026-02-08 02:00:00,109.22942,109.35107658973484,102.19206093735099,113.08321624211871,0.7586396523838593
2026-02-08 03:00:00,109.22942,109.27964879391943,98.04603377575536,119.0696438120835,5.68374501816409
2026-02-08 04:00:00,109.22942,109.23658653695608,105.07613059933381,113.36878747457837,-0.8499590623777179
2026-02-08 05:00:00,109.22942,109.5007029494391,102.75229862340582,114.6434872754724,1.016934326033312
2026-02-08 06:00:00,109.22942,106.92546071378251,85.7163458866082,125.70016554095682,14.946094827174315
2026-02-08 07:00:00,103.82342,106.39501354329936,85.52677676983984,127.3948503167589,15.094026773459532
2026-02-08 08:00:00,103.82342,108.07281900036465,100.30571731987317,114.78887068085612,0.05936168049148183
2026-02-08 09:00:00,103.82342,108.20177444801242,90.9575417866248,126.53169710940006,10.650892661387612
2026-02-08 10:00:00,103.82342,107.83103932970016,91.12410787715626,122.53416478224408,9.704131452543903
2026-02-08 11:00:00,103.82342,107.95465321416648,90.97164453464806,122.51841189368488,9.987428679518398
2026-02-08 12:00:00,103.82342,106.9399704591572,92.90453040640307,116.7528225119113,6.254991052754104
2026-02-08 13:00:00,103.82342,107.31777335552346,84.44491651702603,128.74628619402088,16.81108683849743
2026-02-08 14:00:00,103.82342,107.29644779613524,93.05050072079051,122.33686487147996,10.098177075344726
2026-02-08 15:00:00,109.22942,107.49075661521373,93.57815231870188,122.65980991172557,8.686798296511846
2026-02-08 16:00:00,110.66942,107.69568171565624,96.88870897423838,119.52687445707407,5.131222741417843
2026-02-08 17:00:00,110.66942,108.97133637530422,102.39324499309635,120.3074617575121,1.801461382207875
2026-02-08 18:00:00,113.58042,119.37324382401484,121.28076412904294,122.87140351898677,-5.394030305028085
2026-02-08 19:00:00,122.58042,119.60592806819533,121.15744218233108,121.06467395405957,-6.584864114135756
2026-02-08 20:00:00,122.58042,119.43106408742364,117.5558043284105,123.49236384643676,-3.7912602409868694
2026-02-08 21:00:00,122.36942,118.94286737527668,106.66462949198586,134.98403125856748,7.460897883290814
2026-02-08 22:00:00,110.66942,114.20282503931811,98.05014763625307,129.24380444238312,9.104921403065017
2026-02-08 23:00:00,110.66942,113.0597686549018,94.56864973566456,127.58576757413904,8.20083391923724
2026-02-09 00:00:00,111.65248,109.53292742744424,75.67015589197302,139.84926896291546,28.170711535471202
2026-02-09 01:00:00,111.65248,111.7244484244495,107.79564098586063,115.50119586303839,-2.221562561411131
2026-02-09 02:00:00,111.65248,111.6369307736078,100.2848712873389,114.1431952598767,0.2987994862688869
2026-02-09 03:00:00,113.53648,111.61639452785889,98.1117032399365,116.40196981578127,2.274391287922364
2026-02-09 04:00:00,113.69548,111.49800184515529,102.66249453241981,113.43151915789076,-2.8731926872645306
2026-02-09 05:00:00,113.69548,111.5219195036038,104.30215024959604,117.55350875761157,-1.1983707459922486
2026-02-09 06:00:00,113.69548,107.30873768198124,90.62343140144188,125.74132396252062,9.979836280539368
2026-02-09 07:00:00,113.69548,107.42731397459347,90.07051123206612,125.42379071712081,10.420462742527333
2026-02-09 08:00:00,113.69548,106.62696003461168,97.56663127006502,113.60313879915834,-0.8639112354533234
2026-02-09 09:00:00,111.65248,106.71518824151735,92.79108855758776,115.90819792544696,2.871309683929592
2026-02-09 10:00:00,113.53648,107.64215820680629,92.1988959165294,124.15356049708316,7.25343229027687
2026-02-09 11:00:00,113.69548,108.14598810452608,94.17833734873668,120.85001886031549,5.2003507557894055
2026-02-09 12:00:00,111.65248,105.46897371461728,91.97660201521343,115.95560941402113,5.586805699403842
2026-02-09 13:00:00,113.69548,107.2147070989499,85.84248204330414,130.32208215459568,11.777795055645756
2026-02-09 14:00:00,113.69548,108.33689593913704,89.57436939725324,129.87908448102084,7.833072541883801
2026-02-09 15:00:00,113.69548,113.9901690283946,97.33506964660366,141.1885314101856,8.070458381790944
2026-02-09 16:00:00,116.90648,114.36797812714198,101.06445555867465,134.51152069560933,0.4627225684673396
2026-02-09 17:00:00,116.90648,115.6461093323688,102.57088572306368,147.7679529416739,-0.5864163906948943
2026-02-09 18:00:00,118.79548,127.17445128883664,110.91553002400947,169.1889825536638,-5.293408735172847
2026-02-09 19:00:00,118.79548,132.18605135910548,113.96991174997399,174.35508696823695,-6.5603443908685195
2026-02-09 20:00:00,118.79548,130.21347652754926,117.7064803711112,167.7994406839873,-4.627549843561947
2026-02-09 21:00:00,118.79548,126.96219114707996,110.0270719102944,163.15733238386554,5.913497236785562
2026-02-09 22:00:00,116.90648,119.35092141850598,100.95126386081475,140.2600389761972,7.331377557691206
2026-02-09 23:00:00,116.90648,112.7909178387122,95.36810149322069,131.5643241842037,3.9115963454914997
2026-02-10 00:00:00,113.62716,113.28061094563736,84.86647340513417,138.13514848614057,22.719827540503182
2026-02-10 01:00:00,113.62716,113.66415333989224,109.32296779388408,117.7445728859004,-2.2308054539918554
2026-02-10 02:00:00,113.62716,113.47410664276174,101.48219541727349,116.86801786824998,0.29750122548825136
2026-02-10 03:00:00,113.62716,113.5329343187333,104.88619083352017,119.35178980394642,2.257189485213113
2026-02-10 04:00:00,113.62716,113.53837130178476,107.8012440736658,113.85992852990374,-2.4675977718810342
2026-02-10 05:00:00,113.62716,113.79180407969342,106.86226705076491,119.45433110862193,-1.2075729710715033
2026-02-10 06:00:00,113.62716,112.7841705142385,99.94400692513534,130.38397410334167,9.952703589103155
2026-02-10 07:00:00,113.62716,113.6718237525772,100.9649432119009,133.3596802932535,10.395320540676275
2026-02-10 08:00:00,113.62716,112.00849021888423,105.26309355422309,116.33148688354535,-0.8330783353388734
2026-02-10 09:00:00,113.62716,111.61925293131289,98.16181401709105,120.66966484553474,2.8297379142218313
2026-02-10 10:00:00,113.62716,112.82919763838922,96.67378480201931,129.59592047475914,7.248922836369905
2026-02-10 11:00:00,113.62716,112.93987360962578,100.49051082088275,130.89968239836884,5.174668788743038
2026-02-10 12:00:00,113.62716,111.26549695005274,94.0668851736128,128.09407872649265,5.584191776439927
2026-02-10 13:00:00,113.62716,113.0317480803102,90.1286675388576,148.20411462176276,11.754896541452577
2026-02-10 14:00:00,113.62716,115.373163846636,95.44928865417029,145.6252140391017,7.827195192465708
2026-02-10 15:00:00,113.62716,114.31883996415284,96.15686598881891,151.31720393948675,8.067353975333912
2026-02-10 16:00:00,119.03316,114.09442194017323,102.7581871302278,142.96464675011867,0.4410648099454275
2026-02-10 17:00:00,119.13016,117.49179485281348,101.48799096804386,156.5355687375831,-0.5994661152303846
2026-02-10 18:00:00,132.27316,124.50199426433986,100.42296341949825,186.0191251091815,-5.3143191551583975
2026-02-10 19:00:00,132.27316,126.17685664609846,97.18945654195844,195.3927467502385,-6.565439895859994
2026-02-10 20:00:00,132.27316,123.83995124122728,101.53422244088576,189.3173200415688,-4.62944119965849
2026-02-10 21:00:00,122.27416,122.7559444689614,97.43909781907297,168.2171811188498,5.90656664988842
2026-02-10 22:00:00,119.13016,117.68690911070884,104.00478989694139,144.9928083244763,7.323889213767447
2026-02-10 23:00:00,113.62716,115.90991150764869,107.26480527960321,130.92050773569414,3.895456228045458
2026-02-11 00:00:00,126.72728,114.1938795010296,88.09218508957511,140.3608379124841,22.690648411454497
2026-02-11 01:00:00,126.72728,126.63147308904966,125.51020056281344,130.72237961528592,-2.2395974737637516
2026-02-11 02:00:00,126.72728,126.53596428545607,117.74837299095428,131.3125755799579,0.29626629450179487
2026-02-11 03:00:00,126.72728,126.80874351771448,120.13956672288332,134.29054031254563,2.2408267948311664
2026-02-11 04:00:00,126.72728,126.73333061542894,121.81044287690204,128.60114235395585,-2.471052261473086
2026-02-11 05:00:00,132.13328,126.69315379119573,120.07589009831821,134.8284524840732,-1.2163263071224892
2026-02-11 06:00:00,132.23028,125.804553365917,113.0626889223263,145.56592780950768,9.926894443590696
2026-02-11 07:00:00,132.13328,124.91613519968708,112.73811541199105,147.8094799873831,10.371404787696036
2026-02-11 08:00:00,126.72728,123.5715158520631,116.08866241216555,134.99808929196067,-0.8333965601024285
2026-02-11 09:00:00,126.72728,122.89098206142768,109.14965802570829,140.38160609714706,2.7901940357193826
2026-02-11 10:00:00,126.72728,124.0185707755166,104.20747741969235,152.96398413134085,7.244633355824261
2026-02-11 11:00:00,126.72728,124.55045801262574,105.83504441204873,153.82309361320276,5.150239600577015
2026-02-11 12:00:00,126.72728,121.15281334174183,101.38839797982855,152.0700987036551,5.581705361913279
2026-02-11 13:00:00,126.72728,122.59845642400744,95.21958139605567,168.18234145195922,11.73311502795178
2026-02-11 14:00:00,132.23028,123.7203623781294,96.63118783511018,164.21482692114864,7.821604543019237
2026-02-11 15:00:00,132.23028,123.88365168181656,99.16243067847837,167.29506268515476,8.064401003338201
2026-02-11 16:00:00,134.37328,124.19680839241524,109.18786986496623,159.79032191986423,0.4204635274490035
2026-02-11 17:00:00,134.37328,124.77463929548642,102.79022456332372,176.1511160276491,-0.6118792678372971
2026-02-11 18:00:00,147.48428,139.59059483661883,107.35409439127568,208.73262528196204,-5.33420955465682
2026-02-11 19:00:00,147.48428,145.1436298640935,114.02767670372589,213.06139302446115,-6.570286839632365
2026-02-11 20:00:00,147.48428,138.8449743443719,120.49460063885394,192.30548404988988,-4.631240294482028
2026-02-11 21:00:00,135.37328,131.33813327988815,110.69550913948727,168.52202742028908,5.8999741404009045
2026-02-11 22:00:00,134.37328,126.64329920672547,113.50987305181232,153.39462536163862,7.31676615491315
2026-02-11 23:00:00,134.37328,123.53934975457472,117.57831632117302,141.02845318797637,3.8801034334016835
2026-02-12 00:00:00,127.02862,125.64021571067973,94.90342305612513,151.3063583652343,22.662892654554568
2026-02-12 01:00:00,126.02862,127.08355836264936,119.47138918857681,131.1060875367219,-2.2479708259274624
2026-02-12 02:00:00,126.02862,127.01160389849603,117.13947372874323,133.3283240682488,0.2950901697527887
2026-02-12 03:00:00,126.02862,127.06973457719972,116.37201129701803,132.53364785738142,2.225243280181693
2026-02-12 04:00:00,127.02862,127.15500814680058,123.16903539836133,128.23634589523982,-2.474342251560755
2026-02-12 05:00:00,128.02862,127.43313549302388,120.30597831067112,129.77163267537668,-1.2246628176472378
2026-02-12 06:00:00,128.02862,126.6663522672648,113.56683796225738,141.6185665722722,9.902314305007401
2026-02-12 07:00:00,128.02862,126.90080606753952,114.54536818744373,143.89136394763534,10.348627880095808
2026-02-12 08:00:00,126.02862,126.29803177699782,122.25699140830363,130.074302145692,-0.8336996313058143
2026-02-12 09:00:00,125.88562,125.41079794462672,117.24166474557633,135.72041114367713,2.7525331990503843
2026-02-12 10:00:00,125.88562,126.87763780947851,112.15143367322152,142.80782594573552,7.24054813625698
2026-02-12 11:00:00,126.02862,127.13885167726264,117.57490797017705,141.6786653843482,5.126973707085565
2026-02-12 12:00:00,126.02862,125.69673937787104,113.82774702979265,140.4539167259494,5.579337348078376
2026-02-12 13:00:00,127.02862,127.20456401335548,109.46329328397589,152.52035474273507,11.712370729379591
2026-02-12 14:00:00,128.02862,132.30155785354947,120.46257773857448,153.48432796852444,7.816280114974979
2026-02-12 15:00:00,128.02862,131.87843817510847,118.80489952605188,155.78598682416504,8.061588649056572
2026-02-12 16:00:00,129.02862,130.25387043852925,126.99952718012443,142.98021369693402,0.4008432584047902
2026-02-12 17:00:00,134.02962,131.65275387911606,127.69482519705517,153.47883256117694,-0.6237013179391183
2026-02-12 18:00:00,134.02962,143.40119444669705,128.13320123897142,177.54645165442267,-5.353152792274364
2026-02-12 19:00:00,139.02862,146.7692561450682,135.23853912162664,182.46611316850974,-6.574902976558433
2026-02-12 20:00:00,139.02862,142.0162087281288,136.6797124462523,168.6804750100053,-4.632953718123494
2026-02-12 21:00:00,134.02962,137.8443184752049,126.55002291526829,159.7403640351415,5.893695559936603
2026-02-12 22:00:00,134.02962,135.99645931893923,121.9993170296016,151.30375160827685,7.309982289337629
2026-02-12 23:00:00,128.02862,134.31597574889906,120.80238402468193,147.3446674731162,3.865481724217136
2026-02-13 00:00:00,118.63686,127.699231732671,102.44456913230687,153.09413033303514,22.636458600364158
2026-02-13 01:00:00,118.63686,118.71100263699292,115.67611735684393,119.98305791714189,-2.2559547198510206
2026-02-13 02:00:00,118.63686,118.55373269921051,114.63103395073004,123.53573144769099,0.29396874848047766
2026-02-13 03:00:00,118.63686,118.62996659677177,113.42506201660474,125.6284711769388,2.2103845801670414
2026-02-13 04:00:00,118.63686,118.65866388042944,118.1774030992831,121.46456466157578,-2.477479218853656
2026-02-13 05:00:00,118.63686,119.3389292609349,116.53329584443136,123.71487267743848,-1.2326115834964366
2026-02-13 06:00:00,118.63686,120.20136855880288,107.22667113011917,139.03843598748665,9.878877428683737
2026-02-13 07:00:00,118.63686,121.54080830009212,105.52137793654542,140.11960866363881,10.326910363546698
2026-02-13 08:00:00,118.63686,121.51996118032396,113.57050578649813,129.3679325741498,-0.8339886061741596
2026-02-13 09:00:00,118.63686,122.94626170501556,112.29313767581247,135.65476573421867,2.716624029203109
2026-02-13 10:00:00,118.63686,122.48534411484304,104.8717611879409,137.73772704174516,7.2366529269021225
2026-02-13 11:00:00,118.63686,122.52502068637084,106.17283673819581,136.2129906345459,5.104789948175056
2026-02-13 12:00:00,118.63686,122.83555455468692,106.89950508026509,138.57903402910873,5.5770794744218355
2026-02-13 13:00:00,118.63686,123.3845078397743,101.7425865578706,145.65188912167804,11.692591281903734
2026-02-13 14:00:00,118.83586,124.34800452656904,108.8662051918223,144.35660786131575,7.81120333474672
2026-02-13 15:00:00,119.77286,123.40541236071344,107.52735525876265,144.59720946266427,8.058907101950828
2026-02-13 16:00:00,119.83686,124.27732432151186,115.45643376149812,137.95407988152562,0.38213556001374893
2026-02-13 17:00:00,121.93786,126.65610083047184,118.58950433571738,143.62485732522632,-0.6349735052455345
2026-02-13 18:00:00,121.93786,134.3523907714387,133.41310572051123,146.04077582236616,-5.371214949072534
2026-02-13 19:00:00,121.93786,135.07721560782545,134.2255450172669,141.52295119838402,-6.5793044094414395
2026-02-13 20:00:00,121.93786,132.3107135469018,130.18393099454389,141.0342760992597,-4.634587447642104
2026-02-13 21:00:00,121.93786,131.024301435896,119.97121242942536,148.16098044236665,5.887709006470627
2026-02-13 22:00:00,119.83686,129.80448490093164,115.53264094853813,144.4720788533251,7.303513952393511
2026-02-13 23:00:00,118.83586,125.18636714167322,111.84371704714371,139.9853372362027,3.8515400945295095
2026-02-14 00:00:00,116.55786,121.64443552803252,97.21304149096625,144.8158295650988,22.611254037066264
2026-02-14 01:00:00,116.55786,116.62595478292172,115.98420219115343,117.35220737469004,-2.7570424082316967
2026-02-14 02:00:00,114.75686,116.65690631185907,111.86183581763765,121.60173080608052,0.14538949422142622
2026-02-14 03:00:00,114.75686,116.61039627425698,111.61548875823173,120.47127379028225,0.4343075160252537
2026-02-14 04:00:00,114.75686,116.58934125890988,114.87524165948928,117.30276885833047,-2.683796400579409
2026-02-14 05:00:00,116.55786,116.73302171202556,115.32644805824698,119.20467536580414,-1.7744523462214323
2026-02-14 06:00:00,116.55786,114.98903313980452,103.283761158964,128.20118512064505,8.464011980840514
2026-02-14 07:00:00,116.55786,115.38155982090665,104.2654174486851,127.79363219312818,7.690062372221527
2026-02-14 08:00:00,116.55786,115.9148090160584,111.26194972399806,120.40020830811875,-0.8638607079396623
2026-02-14 09:00:00,114.75686,115.7657549514759,110.86181008293349,123.33647982001831,0.40700486854239987
2026-02-14 10:00:00,114.75686,116.15343781770858,103.68414854901016,128.395887086407,6.015739268698408
2026-02-14 11:00:00,114.75686,116.51518605108056,106.35661306268679,125.02660703947431,2.8624069883937557
2026-02-14 12:00:00,114.75686,113.50158284194202,101.60711792354036,124.16056276034367,4.39586491840165
2026-02-14 13:00:00,114.75686,113.80915260633547,97.32397596149343,129.0861392511775,9.392416644842031
2026-02-14 14:00:00,114.75686,113.5914545751654,102.71674348750626,125.82569066282453,5.144846087659129
2026-02-14 15:00:00,116.55786,113.64881738676551,98.65188946600273,127.10098530752832,7.937187920762796
2026-02-14 16:00:00,116.55786,113.78891355470031,109.77409001442511,122.02851209497551,-0.6033514597248084
2026-02-14 17:00:00,119.85886,115.66655613131633,112.43013123714671,124.48969102548594,-2.3747001058304056
2026-02-14 18:00:00,168.75786,117.90858787149884,117.62295805083501,123.05651569216263,-5.282546179336176
2026-02-14 19:00:00,168.75786,118.68260391396416,120.30419628925269,123.52921153867563,-6.5576973752885275
2026-02-14 20:00:00,119.85886,118.22581563606724,116.42663895698163,124.29092431515282,-4.62656732091439
2026-02-14 21:00:00,168.75786,117.68298746903936,108.13961524677897,131.47297169129973,4.232918222260372
2026-02-14 22:00:00,119.85886,116.03900494774716,104.46124652405105,129.81895337144326,6.285808423696101
2026-02-14 23:00:00,116.55786,115.1502621605415,104.15291620635473,124.20617111472825,3.210449954186756
2026-02-15 00:00:00,112.70936,118.61607454296154,91.33223149796585,140.42766758795722,21.452718044995688
2026-02-15 01:00:00,112.70936,112.79568250158624,109.40708349818136,115.11432650499115,-2.757860996595114
2026-02-15 02:00:00,112.70936,112.80029410546464,103.7552557448769,120.60457746605239,0.1448883605877363
2026-02-15 03:00:00,112.70936,112.7031398591118,105.0843712895731,120.43863242865051,0.42861856953869026
2026-02-15 04:00:00,112.70936,112.58123968277609,107.95751682054203,115.82250254501018,-2.6014421377659316
2026-02-15 05:00:00,112.70936,112.69404828057723,107.88995775073477,117.69759881041969,-1.7754794701575285
2026-02-15 06:00:00,112.70936,110.8356695397812,92.00025856705055,123.75703551251182,8.46188597273063
2026-02-15 07:00:00,110.66936,111.86337167661904,96.34979640215687,125.99708695108124,7.681545274462186
2026-02-15 08:00:00,110.66936,111.25236311877812,103.99560140774145,117.12604482981477,-0.8639482889633415
2026-02-15 09:00:00,105.26336,110.87604550054176,103.41516733089851,120.741441670185,0.40304716964324555
2026-02-15 10:00:00,105.26336,110.9236742510848,97.23142629036317,123.63749821180642,6.010517960721612
2026-02-15 11:00:00,105.26336,111.5029968312509,98.13959826303267,119.32468739946913,2.8559345682182333
2026-02-15 12:00:00,110.66936,109.34163501958926,94.2242109597676,119.41230107941092,4.390500059821664
2026-02-15 13:00:00,110.66936,109.8894582444002,91.59115308273387,125.49706340606653,9.385160161666331
2026-02-15 14:00:00,112.70936,109.94275604072492,98.3524191875226,120.73408789392722,5.132731853202316
2026-02-15 15:00:00,112.70936,110.54178049135793,94.89381748023833,127.02419350247753,7.937143011119601
2026-02-15 16:00:00,112.70936,111.61942302695992,104.20074097402949,118.97067007989035,-0.6043379470695807
2026-02-15 17:00:00,116.00836,112.72958317641331,109.33921658957073,124.24754976325589,-2.3809534131574077
2026-02-15 18:00:00,164.90936,133.2033448175005,126.4206341336566,151.24515550134439,-1.443419316156111
2026-02-15 19:00:00,164.90936,134.07812268179006,126.91919903943378,146.10565032414635,-5.529132357643709
2026-02-15 20:00:00,164.90936,117.4598122992546,113.57660265942472,130.9542319390844,-4.628270360170154
2026-02-15 21:00:00,164.90936,134.2316670484121,121.3812240352064,153.51271406161783,5.9108570132057
2026-02-15 22:00:00,116.00836,115.76414924966085,97.53368495128349,129.93941354803823,6.282124298377355
2026-02-15 23:00:00,116.00836,114.34986408133778,96.44234840711876,125.56675975555683,3.2101756742190353
2026-02-16 00:00:00,109.05489,115.09324320091008,86.2198937081789,136.54546769364129,21.45222449273119
2026-02-16 01:00:00,109.05489,109.04958390374556,101.81435389790569,109.51702990958542,-2.758643994160121
2026-02-16 02:00:00,109.05489,108.91786651026575,98.40725249489286,114.10517552563864,0.14440901537290288
2026-02-16 03:00:00,109.05489,108.76098688218168,100.89299991363013,120.2050938507332,0.4231769685515474
2026-02-16 04:00:00,109.15189,109.02402919709913,98.53338067633007,117.06805771786821,-2.601611479230918
2026-02-16 05:00:00,111.09489,110.23076273642286,103.63726467295407,123.04856079989169,-1.776461936531185
2026-02-16 06:00:00,111.09489,108.30841251071853,92.76611011096257,131.4505649104745,8.459852399755961
2026-02-16 07:00:00,111.09489,111.27045809147332,93.90194560617225,132.40311257677442,7.673398485301084
2026-02-16 08:00:00,111.09489,110.75053148627698,97.4982935483934,121.36038942416054,-0.8640320621164259
2026-02-16 09:00:00,109.15189,114.10690795365292,92.18242140904364,124.5843394982622,0.3992615446092752
2026-02-16 10:00:00,111.09489,116.82212808211403,94.8245144159789,140.79663174824913,6.005523666135114
2026-02-16 11:00:00,111.09489,117.23600957146866,96.8869260138531,138.95981312908418,2.849743557615565
2026-02-16 12:00:00,111.09489,116.61971049372974,94.75692203776718,137.45462894969225,4.385368455962552
2026-02-16 13:00:00,111.09489,120.11010878859794,90.84551961083879,146.1642279663571,9.378219177759147
2026-02-16 14:00:00,111.09489,125.96067916545088,103.82830484085945,146.31137349004234,5.121144324591461
2026-02-16 15:00:00,111.09489,131.46849405947316,104.90914400540358,161.49010411354277,7.937100054069589
2026-02-16 16:00:00,112.29489,131.3063535682509,111.74244511191114,148.72094202459067,-0.6052815436602316
2026-02-16 17:00:00,112.29489,137.6219577014885,126.27165253904566,166.83979286393134,-2.386934837557144
2026-02-16 18:00:00,117.30589,159.9907715837666,145.0976936991528,203.05829946838037,-0.6905421153862298
2026-02-16 19:00:00,117.30589,162.69986684593255,147.4991177349913,197.98935595687374,-5.02118088905876
2026-02-16 20:00:00,117.30589,158.58160064678583,144.51779593973714,184.4644553538345,-3.741505292951337
2026-02-16 21:00:00,117.30589,152.5593173153189,134.10746416685132,185.29460046378654,7.489313148467619
2026-02-16 22:00:00,112.29489,127.88227483779946,110.54205448537915,150.84112519021974,6.278600352420297
2026-02-16 23:00:00,111.09489,121.45442241048887,104.96595909102157,141.24292572995617,3.209913319467302
2026-02-17 00:00:00,105.34535,115.74835289001582,84.001770490755,140.80836028927664,21.4517523992608
2026-02-17 01:00:00,105.34535,105.36305191081873,94.55854558349851,104.55253823813892,-2.759393672679808
2026-02-17 02:00:00,105.34535,105.3657239784336,88.61571391060683,107.8853040462604,0.14395006782678607
2026-02-17 03:00:00,105.34535,105.53161942489372,93.41209749984048,110.17774634994696,0.4179669250532225
2026-02-17 04:00:00,105.34535,105.60631115888272,94.23861977355884,109.7463675442066,-2.6017736146761172
2026-02-17 05:00:00,110.84835,105.77042966121012,95.68504825703523,115.83459306538502,-1.7774025958251105
2026-02-17 06:00:00,112.99135,105.0439836462293,92.3030182844278,125.4028690080308,8.45790536180149
2026-02-17 07:00:00,112.99135,106.26518805913636,92.37260569111719,128.21356642715557,7.665598368019184
2026-02-17 08:00:00,112.99135,105.341584161533,94.10598643198747,118.61339189107852,-0.8641122704544854
2026-02-17 09:00:00,110.84835,106.10491114494852,87.77508413494623,122.9735081549508,0.3956370100022847
2026-02-17 10:00:00,110.84835,107.76300331631344,85.67599142159092,139.56623521103597,6.0007418947225135
2026-02-17 11:00:00,110.84835,110.72729135408936,85.93144535981676,138.79988734836195,2.8438159942725885
2026-02-17 12:00:00,110.84835,112.67827011810196,92.91792489987684,148.25173533632704,4.380455218225107
2026-02-17 13:00:00,110.84835,115.78630389030994,87.31942033544064,159.37644744517922,9.371573554869293
2026-02-17 14:00:00,112.99135,116.12093494385029,90.67278506154578,151.29678482615478,5.110049882304481
2026-02-17 15:00:00,112.99135,115.25311230341585,87.19582337843669,158.86229122839498,7.937058924979151
2026-02-17 16:00:00,116.99235,115.54276969798843,96.85247968519289,148.89458471078396,-0.6061849872044711
2026-02-17 17:00:00,116.99235,119.62715111374116,96.68108957946379,162.21676264801854,-0.6133884657226474
2026-02-17 18:00:00,117.99135,132.45763477496828,102.67510703730899,195.1038825126276,2.3482577376593023
2026-02-17 19:00:00,119.99135,131.1408935774882,106.80281908093156,187.65548807404483,-3.9231055034433657
2026-02-17 20:00:00,116.99235,126.63967494785672,111.05996289863664,166.6291669970768,-0.9412379507799224
2026-02-17 21:00:00,116.99235,120.85953161860684,103.59623412474235,153.26213911247132,9.242087493864478
2026-02-17 22:00:00,112.99135,112.27115637755692,101.01822501594656,127.60093373916729,6.2752263616103505
2026-02-17 23:00:00,110.84835,108.43915485825876,98.4514677295112,120.02678298700631,3.2096621287475586
2026-02-18 00:00:00,129.11559,108.4207476531834,80.70682725830915,134.43025804805765,21.45130039487426
2026-02-18 01:00:00,129.11559,128.94491302916387,122.85663523483358,131.75106082349413,-2.487162205669723
2026-02-18 02:00:00,123.96959,128.67712226653867,116.14730702344359,132.01026250963375,0.14351024309509164
2026-02-18 03:00:00,123.97059,128.94145029680246,119.89935033010177,132.48120826350313,0.4129739667006708
2026-02-18 04:00:00,129.11559,128.98107089491234,122.6448248893901,128.86842690043457,-2.601928994477767
2026-02-18 05:00:00,129.47259,128.53171977473147,121.01620783571325,135.4227657137497,-1.7783040609817877
2026-02-18 06:00:00,131.61559,126.50090146991772,116.07522201948923,144.92040092034617,8.456039450428461
2026-02-18 07:00:00,129.47259,125.63427775539476,115.30635449977072,142.65221701101882,7.6581232556240435
2026-02-18 08:00:00,129.47259,124.70175503112242,117.77573416790086,134.65997589434397,-0.8641891367784589
2026-02-18 09:00:00,129.11559,124.01729477175736,114.53347127408678,138.67583826942797,0.3921634976705921
2026-02-18 10:00:00,129.11559,124.9286318715476,109.44036250776215,151.94927123533304,5.996159363785447
2026-02-18 11:00:00,129.11559,126.2983621022664,113.44039768953081,150.32028251500196,2.8381354127355802
2026-02-18 12:00:00,129.11559,124.74885647670776,110.56507977798103,152.2959431754345,4.375746698726731
2026-02-18 13:00:00,129.11559,125.96091890240692,105.3614540694737,159.15148373534012,9.365204832933196
2026-02-18 14:00:00,129.47259,126.9837084594229,108.98794575097676,154.91247616786904,5.099417708446144
2026-02-18 15:00:00,129.47259,127.0379406603029,108.17674115070207,160.5901501699037,7.937019509600816
2026-02-18 16:00:00,131.61559,129.26293867903752,124.07562946630522,153.46327789176982,-0.6070507872676991
2026-02-18 17:00:00,132.61559,129.45610415816833,116.68049047610744,165.6256828402292,-0.6237013179391183
2026-02-18 18:00:00,134.61459,133.8330844358955,101.48365052977047,189.09636834202055,2.3473839061250446
2026-02-18 19:00:00,134.61459,134.2778155182339,112.75829380885881,186.51254722760893,-3.941238290624928
2026-02-18 20:00:00,134.61459,129.91952718039943,117.08604308104353,167.64128327975533,-0.9461199006441163
2026-02-18 21:00:00,132.61559,128.9530966319401,112.58315177405464,155.0299134898256,9.236100857885468
2026-02-18 22:00:00,131.61559,125.01038108595196,111.82691813220111,139.06190403970277,6.271992953750825
2026-02-18 23:00:00,131.61559,121.23787414041928,111.11101873611148,132.6283415447271,3.2094214043078044
2026-02-19 00:00:00,125.63308,126.24168526317882,96.140868039175,151.12378248718264,21.450867224003826
2026-02-19 01:00:00,125.63308,125.57784994843956,116.92778647425946,127.31254342261963,-2.7566665258199246
2026-02-19 02:00:00,125.63308,125.5126729666064,118.71791979554443,130.15740613766835,-1.7667568289380389
2026-02-19 03:00:00,125.63308,125.6247684624194,117.79682798889253,127.25626893594628,-0.4497795264731385
2026-02-19 04:00:00,125.63308,125.62845107534712,121.07818488098025,124.650137269714,-2.6011838056331213
2026-02-19 05:00:00,131.13608,125.8854741594222,120.57405837757395,125.41519994127044,-2.18914421815177
2026-02-19 06:00:00,131.13608,126.05661180195636,115.61745514511209,137.60190845880066,6.745116656844284
2026-02-19 07:00:00,131.13608,125.48947658127972,115.14688820057415,137.1435849619853,6.442748380705588
2026-02-19 08:00:00,125.63308,125.6410202348019,121.18570095788455,126.20978951171924,-2.0740707230826807
2026-02-19 09:00:00,131.13608,124.77186720454492,120.86240697797285,130.56259243111703,-1.0880847734279202
2026-02-19 10:00:00,131.13608,125.22142082706893,114.87219775754667,140.21545389659116,5.137923069522229
2026-02-19 11:00:00,131.13608,125.37005457865136,122.93409463160471,133.72333452569802,0.12333994704664253
2026-02-19 12:00:00,131.13608,122.663585568167,115.65140826464994,136.75577287168403,3.824947303517046
2026-02-19 13:00:00,134.27908,125.29609076356928,117.73178655121687,144.4866249759217,7.096904212352416
2026-02-19 14:00:00,134.27908,125.22613956704612,120.18931292495006,140.80356620914216,4.438356642096041
2026-02-19 15:00:00,134.27908,124.69154952331547,114.9106122653632,142.40446678126773,6.1207172579522675
2026-02-19 16:00:00,134.27908,126.54800957584531,126.09973565303139,135.7541234986592,-1.0640560771860974
2026-02-19 17:00:00,134.27908,127.2535292621916,128.2483479513923,139.65940057299096,-2.3718286892006706
2026-02-19 18:00:00,135.79008,133.59799678452868,124.55423029053418,154.57978327852314,-0.6551335060055379
2026-02-19 19:00:00,135.79008,133.94608977539238,130.76329031256083,148.39112923822393,-5.018490537168442
2026-02-19 20:00:00,135.79008,131.6539605420675,132.17873868009335,141.43406240404164,-3.7111881380258844
2026-02-19 21:00:00,134.27908,132.18299845688938,124.48347105063179,149.55944586314692,7.506627406257573
2026-02-19 22:00:00,134.27908,131.33926572134317,118.05850532728248,144.08152611540382,5.880700394060678
2026-02-19 23:00:00,133.27908,129.88533394129635,114.63820658243958,142.63920130015313,2.380607358856784
2026-02-20 00:00:00,120.37685,124.24627994344176,104.15733305343146,143.68726683345204,17.108976890010297
2026-02-20 01:00:00,120.37685,120.37516689992806,118.0236176729233,120.86771612693285,-2.757410772995235
2026-02-20 02:00:00,120.37685,120.33743959234262,118.25705960017403,121.50284958451117,-1.7752600078314371
2026-02-20 03:00:00,120.37685,120.3564218008404,117.44610770734127,121.76185589433953,-0.4526059065008547
2026-02-20 04:00:00,120.37685,120.370757608226,119.70207555700416,120.46906965944787,-2.527497948778133
2026-02-20 05:00:00,120.37685,120.86213080018122,119.3185453521739,123.08138624818856,-1.7749145519926763
2026-02-20 06:00:00,120.37685,120.7583077971153,110.93980965258676,133.26291994164384,6.73781214452855
2026-02-20 07:00:00,120.37685,120.73980923386196,110.80980905382192,133.73937941390196,6.438860180040028
2026-02-20 08:00:00,120.37685,121.3267922593244,117.62750119231795,125.36729332633088,-2.079498932993531
2026-02-20 09:00:00,120.37685,122.21152241126332,118.31060860373563,127.82574621879098,-0.3807661924723248
2026-02-20 10:00:00,120.37685,121.97482258290624,111.50878837141501,131.35123279439748,5.135030211491235
2026-02-20 11:00:00,120.37685,121.93798836665457,115.43382355620847,126.50447317710069,0.11232481044611864
2026-02-20 12:00:00,120.37685,120.45349609462924,110.44221153651672,127.49202065274174,3.823464558112511
2026-02-20 13:00:00,120.37685,120.6630813467062,109.73217750245692,133.55128519095547,7.088043844249287
2026-02-20 14:00:00,120.37685,120.42413112332557,112.65827055125703,130.27943169539407,4.437630572068508
2026-02-20 15:00:00,127.52285,119.96277809145272,109.53476585728038,133.12176032562508,6.112552234172364
2026-02-20 16:00:00,129.02285,120.65421851623933,117.72452800051668,129.641349031962,-1.0659294842773577
2026-02-20 17:00:00,129.02285,120.8891648282268,119.69981892235434,129.91059073409923,-2.377514094127561
2026-02-20 18:00:00,129.02285,126.86468748172808,124.7502275007187,137.91419746273743,-0.6684600189906339
2026-02-20 19:00:00,131.02385,127.5184963103722,129.1670193981612,131.5401832225832,-5.01950308778898
2026-02-20 20:00:00,131.02385,125.79040972083094,125.82557813352875,128.70210130813308,-3.7225984126978267
2026-02-20 21:00:00,129.02285,125.11877854634452,114.7251275971097,138.53125949557932,7.500110949234809
2026-02-20 22:00:00,129.02285,124.3857074459406,113.16826400263623,135.38761088924497,5.8796234433043635
2026-02-20 23:00:00,127.52285,122.70717596774588,111.5956413588746,132.17784457661713,2.376928608871262
2026-02-21 00:00:00,107.25893,122.4007008544942,99.50934085534777,140.0137308536406,17.089529999146418
2026-02-21 01:00:00,107.25893,107.35604934511623,103.25058517912305,105.90593351110944,-2.758125834006808
2026-02-21 02:00:00,107.25893,107.38336222114212,101.06099194987115,107.03314249241308,-1.7834297287290222
2026-02-21 03:00:00,107.25893,107.33791130754618,102.0949167556423,109.31933985945008,-0.4553214480961135
2026-02-21 04:00:00,107.25893,107.32074351245524,102.91287892774932,108.87937609716118,-2.528241415294055
2026-02-21 05:00:00,107.25893,107.84980485480668,103.81935762976708,110.73155807984628,-1.7758117749603834
2026-02-21 06:00:00,107.25893,106.6615226746722,94.50494359099604,119.50157675834836,6.730794083676172
2026-02-21 07:00:00,107.25893,107.52991162781476,96.13431716998284,118.09480608564672,6.4351244578319395
2026-02-21 08:00:00,107.25893,108.55906001717364,105.06465428910114,110.72106574524615,-2.0847142719274894
2026-02-21 09:00:00,107.25893,108.26789066929234,103.6817569992563,112.7755903393284,-0.3833903299639476
2026-02-21 10:00:00,107.25893,108.56229168933623,98.77241489046304,118.76237248820946,5.132250798873219
2026-02-21 11:00:00,107.25893,108.80803005821458,101.1577734182278,112.43905669820137,0.10174163998678332
2026-02-21 12:00:00,107.25893,106.77897598801698,95.5477560284304,113.65237594760357,3.8220399595865833
2026-02-21 13:00:00,107.25893,106.98091401519466,94.91296507363269,119.9562309567566,7.079530941561961
2026-02-21 14:00:00,107.25893,106.65403572515504,97.79327274977965,116.14057870053043,4.436932975375387
2026-02-21 15:00:00,107.25893,107.83158334207056,95.43893093466713,118.07827574947399,6.104707407403431
2026-02-21 16:00:00,112.76193,108.08342826002608,104.89732268444996,114.25311383560224,-1.0677294244238642
2026-02-21 17:00:00,116.90493,108.93210277018886,105.57989931218737,113.94609622819037,-2.3829765419984996
2026-02-21 18:00:00,120.90493,119.4552366211808,115.0435305448042,126.21559269755743,-0.6812639236233832
2026-02-21 19:00:00,165.90493,122.97325857836913,122.52665450891118,124.54463264782707,-5.020475930542046
2026-02-21 20:00:00,120.90493,118.80053117212456,114.85360092061973,125.62941142362945,-1.361094748495164
2026-02-21 21:00:00,116.90493,118.93424823688396,104.82517319733772,134.40655827643025,7.493850039546266
2026-02-21 22:00:00,116.90493,115.16615462829482,102.21152590238378,127.38753335420584,5.878588725911041
2026-02-21 23:00:00,114.70493,113.4464066901068,102.84916256651574,122.73788081369787,2.373394123591051
2026-02-22 00:00:00,114.40661,110.5508181584883,86.79333242703464,127.69347388994196,17.070845731453655
2026-02-22 01:00:00,113.50361,114.39864851640438,109.46835025826756,114.32306077454119,-2.4831577418631823
2026-02-22 02:00:00,114.40661,114.40664401583663,105.43234880781283,116.11347922386045,-1.266789791976181
2026-02-22 03:00:00,113.50361,114.37903576371124,106.88061830949512,118.20047321792738,-0.4579325457838589
2026-02-22 04:00:00,113.50361,114.35930355833206,112.18197584527604,117.95105327138808,-2.5289562869439797
2026-02-22 05:00:00,114.40661,114.33141949285287,109.70624398220528,117.97329500350047,-1.7766744893524087
2026-02-22 06:00:00,113.50361,112.69241796729352,98.55548201905233,123.72402391553472,6.724045948241203
2026-02-22 07:00:00,113.36061,112.70985922088644,99.02283680363921,123.09820163813369,6.431532417247244
2026-02-22 08:00:00,113.36061,112.06856390972708,106.05086293062952,114.54401088882463,-2.089729020902442
2026-02-22 09:00:00,107.85761,112.15196619686972,107.43099473596024,119.86453265777921,-0.3859135390905046
2026-02-22 10:00:00,107.85761,112.2450513812154,99.66915309447491,122.56562966795592,5.129578286740515
2026-02-22 11:00:00,107.85761,112.5430654376879,105.09493992314279,116.72738495223302,0.09156551454512862
2026-02-22 12:00:00,107.85761,108.97998368290256,96.2448175295909,115.8709478362142,3.8206701533116547
2026-02-22 13:00:00,107.85761,108.86689703661646,94.0529115784077,121.05929249482523,7.071345458208773
2026-02-22 14:00:00,113.36061,108.66559947163437,100.14716726231006,117.35592168095867,4.436262209324311
2026-02-22 15:00:00,113.50361,108.7044195071146,96.74801520237358,120.07625881185558,6.097164304741007
2026-02-22 16:00:00,114.40661,110.5105705499908,108.076400686094,114.86822441388762,-1.0694601361031948
2026-02-22 17:00:00,116.50361,111.50213977956444,107.10480816288393,120.77471739624495,-0.8168983833194783
2026-02-22 18:00:00,117.00361,119.19502802722454,112.79504339761017,131.00481265683894,-0.6935753703856253
2026-02-22 19:00:00,117.00361,135.39249312950707,131.79690892022683,140.18021933878728,-3.908459790719771
2026-02-22 20:00:00,117.00361,119.78203600094592,115.94144526813986,129.40725673375198,-1.3618592671939282
2026-02-22 21:00:00,117.00361,118.86809929663498,105.87670936255847,136.1568092307115,7.487829934076521
2026-02-22 22:00:00,116.50361,115.44757808594014,102.1700542805996,126.84116189128066,5.877593805340539
2026-02-22 23:00:00,116.50361,113.4639648996949,100.42576531964251,121.82109047974728,2.3699955800523913
2026-02-23 00:00:00,106.00391,114.61333654661684,90.87830045717544,132.96729563605822,17.05288008944141
2026-02-23 01:00:00,111.64991,106.018729256762,99.45093700848889,108.4097115050351,-2.4851977517268917
2026-02-23 02:00:00,106.00391,105.97746492245318,94.76799749611173,107.34967734879461,-1.2722775736585494
2026-02-23 03:00:00,106.00391,105.93391639078796,96.71436150227134,110.17227127930458,-0.46044511148338474
2026-02-23 04:00:00,111.50691,105.99316870172062,97.39658288402586,109.38544451941537,-2.529644182305227
2026-02-23 05:00:00,111.64991,106.510699944024,102.23342459250836,110.78900529553964,-1.7775046484843564
2026-02-23 06:00:00,111.64991,105.75054749903217,94.42254003960574,119.39074995845858,6.717552459426428
2026-02-23 07:00:00,111.64991,105.4352610467198,91.41329512135596,119.07589197208365,6.428075925363861
2026-02-23 08:00:00,111.64991,106.1487943921083,99.64899892617532,111.67294985804129,-2.0945545340670146
2026-02-23 09:00:00,112.40991,105.28767583339402,94.69261236617236,111.76721930061568,-0.38834153277832095
2026-02-23 10:00:00,112.40991,105.61761006536425,92.17570344124199,121.15019668948649,5.127006624122256
2026-02-23 11:00:00,112.40991,106.85457943218908,99.14143103835197,117.20777782602623,0.08177339383713178
2026-02-23 12:00:00,112.40991,105.84351297871623,91.9138159408767,117.05323501655582,3.8193520378395553
2026-02-23 13:00:00,112.41091,106.97931743519877,89.8410485741789,124.34908629621864,7.0634688610198655
2026-02-23 14:00:00,112.64991,109.43223019427953,96.06372943907985,124.20080694947922,4.435616755199691
2026-02-23 15:00:00,112.64991,111.05133855123974,96.30974270377767,132.25892439870182,6.089905847462077
2026-02-23 16:00:00,112.64991,111.97851098523964,102.87288652314747,125.64398544733184,-1.0711255379078322
2026-02-23 17:00:00,112.64991,114.31102240066558,106.53347091584911,132.95492388548206,-0.8223985151835234
2026-02-23 18:00:00,114.64991,118.70585234474107,111.19263457899226,141.59755011048992,-0.7054222342511665
2026-02-23 19:00:00,115.62991,118.98088801605218,106.80056105630547,141.71216697579888,0.8249649597467059
2026-02-23 20:00:00,114.64991,117.07368185397053,109.56569679010101,135.5294669178401,-1.3625949361304739
2026-02-23 21:00:00,112.64991,115.81972370811847,102.51524070572039,140.20698471051656,7.482037002398093
2026-02-23 22:00:00,112.64991,114.11938516978394,100.58479874084145,128.15213159872644,5.876636428942511
2026-02-23 23:00:00,112.40991,111.65220079771338,97.18341551427366,122.5950860811531,2.366725283439722
2026-02-24 00:00:00,120.44202,108.43049459476984,82.11801819858547,128.1773529909542,17.03559239618436
2026-02-24 01:00:00,120.44202,120.41253737194536,111.54995112661842,122.2531936172723,-2.4755937546730387
2026-02-24 02:00:00,120.44202,120.27153509247178,108.30675280080817,120.0135873841354,-2.0744577083363875
2026-02-24 03:00:00,120.44202,120.30950398108256,110.55319749736216,122.92940046480295,-0.6215835162795793
2026-02-24 04:00:00,120.44202,120.39818853865285,112.79054923415453,121.36850184315121,-2.5264056955016554
2026-02-24 05:00:00,120.44202,120.29080307624334,113.79977448585137,124.88424166663532,-1.7735964096080217
2026-02-24 06:00:00,120.44202,119.54034694532032,112.55827945567557,132.65543943496505,5.041062489644752
2026-02-24 07:00:00,120.44202,119.53463626900025,110.46347409194527,135.2756234460552,6.154422177054967
2026-02-24 08:00:00,120.44202,118.15729361120977,113.71229356566509,124.80740365675443,-2.3032799544553315
2026-02-24 09:00:00,120.44202,118.23782262240148,107.70191760053427,125.89856564426871,-0.3769109781327855
2026-02-24 10:00:00,120.44202,118.89078524835064,105.67219345965675,138.81844703704454,3.2820317886938932
2026-02-24 11:00:00,120.44202,119.61943784135158,110.44504303097843,131.48134265172473,-1.0329951896268426
2026-02-24 12:00:00,120.44202,117.04793380690204,106.36371259327886,136.8806850205252,3.0596212136231533
2026-02-24 13:00:00,120.44202,119.0732615242356,102.23056367628777,148.11019937218344,6.380817847947829
2026-02-24 14:00:00,120.44202,119.26630091659275,104.36262638994947,143.60195344323603,4.019496526643279
2026-02-24 15:00:00,120.44202,118.8234260545636,105.98073813926703,147.25791196986015,3.2284919152965648
2026-02-24 16:00:00,125.94502,118.81933459732198,113.20871060689764,142.41006858774628,-1.4619360095756722
2026-02-24 17:00:00,125.94602,119.44879332425796,108.57140234064921,144.11869430786672,-2.369489016391255
2026-02-24 18:00:00,127.78802,120.96495617825846,107.1477767542263,156.2428656022906,-1.4423205759678592
2026-02-24 19:00:00,129.08802,122.690467772192,110.7892926186464,157.87656292573763,-3.8465448464543908
2026-02-24 20:00:00,126.84902,119.63828588288098,110.7554691637456,144.49014460201636,-2.2345472808645983
2026-02-24 21:00:00,126.84802,117.9105554970076,103.93101151495583,138.11466347905937,5.922297982051767
2026-02-24 22:00:00,125.94502,116.49921284548226,104.62150578204475,125.96043990891977,4.76670706343751
2026-02-24 23:00:00,125.44202,115.14291840349428,107.94955842892753,121.00006437806101,0.2818959745667317
2026-02-25 00:00:00,120.8945,119.82577374388086,100.70602743725875,131.55523705050294,11.044657306622096
2026-02-25 01:00:00,120.8945,120.89419993393464,112.70133704333433,124.23018282453492,-2.477697109399705
2026-02-25 02:00:00,120.8945,120.87353199038584,110.3011274698886,123.86411651088308,-1.6299554795027515
2026-02-25 03:00:00,120.8945,120.9423840858851,113.4588275731912,127.975758598579,-0.6217094873061108
2026-02-25 04:00:00,120.8945,120.86566123974386,114.45335619061984,121.30053628886787,-2.52711495087599
2026-02-25 05:00:00,120.8945,121.00792199566337,111.5021283418848,126.67839364944192,-1.7744523462214323
2026-02-25 06:00:00,120.8945,120.40144383184372,109.78854369158496,133.3806639721025,5.035530140258759
2026-02-25 07:00:00,120.8945,119.21725377448314,107.04737968077683,134.19774386818946,6.15403409370632
2026-02-25 08:00:00,120.8945,119.93815570962354,113.14402795979106,126.86893845945602,-2.3040472501675078
2026-02-25 09:00:00,120.8945,119.68353758194368,111.63171194601122,131.82912321787614,-0.3794143640675468
2026-02-25 10:00:00,120.8945,121.1137753720454,106.97922885764602,141.31231588644476,3.274960514399368
2026-02-25 11:00:00,120.8945,121.62673621315128,114.826249792475,135.63520463382753,-1.0354975793237278
2026-02-25 12:00:00,120.8945,120.00201642467752,107.02348636320176,142.23067148615328,3.056765061475774
2026-02-25 13:00:00,120.8945,120.52593192624514,104.07409245829419,153.06131139419608,6.3796894679509375
2026-02-25 14:00:00,120.8945,121.21739757915437,106.46537186496595,151.23236329334281,4.0179157141884225
2026-02-25 15:00:00,126.3975,120.9391543785033,108.03081681921357,152.10127193779303,3.2182275592897236
2026-02-25 16:00:00,129.5405,121.35303504301407,113.91082311696093,149.6471519690672,-1.4631930739468537
2026-02-25 17:00:00,129.5405,121.32947423286991,106.22502933870031,159.80797412703953,-2.3747001058304056
2026-02-25 18:00:00,129.5405,128.80320832835395,103.3577733316801,177.78794832502783,-1.4428200033261545
2026-02-25 19:00:00,130.2605,130.68336855174937,113.54348538805293,172.01623671544587,-3.8637618363035497
2026-02-25 20:00:00,129.5405,127.30463939772235,115.83135170982676,157.53969708561795,-2.2379923121043994
2026-02-25 21:00:00,129.5405,126.88118533181114,108.37206779014393,148.63824287347833,5.917097541667201
2026-02-25 22:00:00,128.0305,125.26535695549477,107.99543240066299,136.56228151032656,4.9468445548317845
2026-02-25 23:00:00,126.3975,124.1237523816946,112.19245097737597,135.86514578601324,2.3787494043186466
2026-02-26 00:00:00,120.62002,119.96140040931331,102.74457432186553,132.6803464967611,11.023616087447781
2026-02-26 01:00:00,120.62002,120.5517567256773,114.611972069992,121.53656138136257,-2.479725344314715
2026-02-26 02:00:00,120.62002,120.52653987606796,114.20939231294516,124.07174743919074,-1.6302424368771995
2026-02-26 03:00:00,120.62002,120.51375592189176,114.38850688125918,122.14973496252435,-0.6218309593674095
2026-02-26 04:00:00,120.62002,120.55234747129528,118.39995634699653,121.36001859559401,-2.5277988757012446
2026-02-26 05:00:00,120.62002,120.72980254844056,115.59728026211064,121.18467483477048,-1.7752777136700824
2026-02-26 06:00:00,120.62002,120.07609618868852,112.94922581390914,129.2432925634679,5.030195374779382
2026-02-26 07:00:00,120.62002,119.83681823913534,110.98754836865807,129.2841881096126,6.1536598704772665
2026-02-26 08:00:00,120.62002,119.97857670585452,116.04472384831591,119.90939956339312,-2.3047871424613957
2026-02-26 09:00:00,120.62002,120.13956416973348,116.87839251309526,122.70696582637167,-0.38182834336179355
2026-02-26 10:00:00,120.62002,120.04850772119894,112.60513193558363,127.17295550681428,3.268141785615326
2026-02-26 11:00:00,120.62002,120.37428984136903,119.83683543932905,121.371034243409,-1.0379105979600225
2026-02-26 12:00:00,120.62002,118.60009668880636,112.27097577404415,124.38579760356856,3.0540109147622156
2026-02-26 13:00:00,120.62002,119.44672386322938,111.02689247598974,131.74336525046903,6.378601387239644
2026-02-26 14:00:00,120.62002,119.60594309254525,114.55556673322401,130.09375445186646,4.016391359321231
2026-02-26 15:00:00,120.62102,120.905177910288,114.24637812286207,132.06719369771392,3.2083297874259324
2026-02-26 16:00:00,129.26602,121.12367234860696,120.59105759176889,125.31876710544502,-1.464405243161928
2026-02-26 17:00:00,129.26602,121.76676268167232,122.80077776660478,129.08313759673987,-2.3797250849324696
2026-02-26 18:00:00,129.26602,127.48338772953193,121.403389323525,140.45505613553885,-1.4433015939930847
2026-02-26 19:00:00,129.98602,128.30565035525495,126.44715428891314,138.63685642159678,-3.8803639336581828
2026-02-26 20:00:00,129.98602,126.49330925258016,127.11040355909438,136.03939494606593,-2.2413143065142256
2026-02-26 21:00:00,129.26602,126.36608665333355,118.57251382203721,138.03836948462992,5.912082831296343
2026-02-26 22:00:00,129.26602,125.47757689410332,114.20237943570572,133.7758893525009,4.9433524583975945
2026-02-26 23:00:00,126.12302,123.9483026903798,112.48032470650291,130.95238067425672,2.3754979838768873
2026-02-27 00:00:00,112.71828,120.51756247219274,105.77858113180599,133.27333381257947,11.00332634038673
2026-02-27 01:00:00,112.71828,112.71640867456227,109.60214608765462,112.15547626146994,-2.4816824130923485
2026-02-27 02:00:00,112.71828,112.6882470023513,108.81366232792314,113.59192367677944,-1.6305193255718413
2026-02-27 03:00:00,112.71828,112.71843375577797,109.33197692502907,114.50796558652685,-0.6219481692511185
2026-02-27 04:00:00,112.71828,112.6959406581128,110.56332346127702,112.40135685494859,-2.5284588031642072
2026-02-27 05:00:00,118.22128,113.0495749152199,109.94378903607728,114.13340679436251,-1.7760741208573732
2026-02-27 06:00:00,118.22128,112.70843340168533,103.99946160763163,122.72623319573901,5.0250477940536875
2026-02-27 07:00:00,112.71928,112.96479162741562,103.1645968495278,124.40941440530344,6.153298777887829
2026-02-27 08:00:00,112.71828,113.50057101802231,109.45588599148961,115.81571604455502,-2.0257649734672882
2026-02-27 09:00:00,112.71828,113.73491295959052,109.12392058121867,118.32253533796235,-0.38415762162816247
2026-02-27 10:00:00,112.71828,113.8232779480045,106.10453563753164,121.09756025847736,3.261562310472856
2026-02-27 11:00:00,112.71828,113.78627839272818,109.34589334200392,115.24385544345245,-1.0402389492757358
2026-02-27 12:00:00,112.71828,111.29956863498532,102.63858923020986,116.11858203976077,3.05135340477546
2026-02-27 13:00:00,112.71828,111.75083533920842,101.40054385440949,123.33090682400736,6.377551484798926
2026-02-27 14:00:00,112.71928,112.14906447922512,105.08907398863539,120.74903496981484,4.014920490589737
2026-02-27 15:00:00,118.22128,113.16125577971611,105.7894164739131,122.02279508551912,3.198779305803015
2026-02-27 16:00:00,121.36428,114.48301335100484,110.61215907371715,120.44818762829254,-1.0682557227123146
2026-02-27 17:00:00,121.36428,114.75495257784628,112.35090734556107,120.4870338101315,-2.0058887677147794
2026-02-27 18:00:00,121.36428,122.83963597538964,119.84825726213151,130.3598146886478,-1.4437662867418752
2026-02-27 19:00:00,122.08428,124.15749083949488,123.63810034077589,127.34260333821388,-3.8963835012810084
2026-02-27 20:00:00,121.36428,122.35520004581348,120.13004978553015,125.9859203060968,-2.2445197397166763
2026-02-27 21:00:00,121.36428,122.20180692262014,112.62452284694477,132.6133609982955,5.90724407567536
2026-02-27 22:00:00,121.36428,121.72315364167927,111.87464075001641,129.97055653334212,4.939982891662863
2026-02-27 23:00:00,119.12528,120.03320862695932,110.02809797859639,126.94671927532225,2.372360648362922
2026-02-28 00:00:00,122.28435,114.37712108524106,101.64524257096579,125.79099959951631,10.98374851427527
2026-02-28 01:00:00,116.78235,122.30358269982634,121.1070599147388,122.59248548491387,-1.9583572149124497
2026-02-28 02:00:00,116.78235,122.28720943759848,119.68476610397894,122.69100677121801,-1.630786666380461
2026-02-28 03:00:00,116.78235,122.27598848744546,118.76344382486018,123.66281115003073,-0.6220613374146996
2026-02-28 04:00:00,122.18935,122.25236111322054,120.9707921397192,123.55062508672191,-2.3300710264986226
2026-02-28 05:00:00,122.18935,122.22412481781276,119.56967377298567,123.70251386263986,-1.4544149551728953
2026-02-28 06:00:00,122.28435,120.6805309369499,111.7232732208383,129.07455865306153,5.020077716111631
2026-02-28 07:00:00,116.78235,120.4286353070141,111.19383517024711,129.5523654437811,6.152950136766994
2026-02-28 08:00:00,116.78235,120.20647772161684,117.78946696092277,122.0358454823109,-2.0273482393059274
2026-02-28 09:00:00,116.78235,120.30871597248164,116.91748755243596,123.55144339252732,-0.3864065799543148
2026-02-28 10:00:00,116.78235,120.58501638744194,112.49338667365838,127.48595610122551,3.255209713783566
2026-02-28 11:00:00,116.78235,121.03068254988148,117.60301956249653,123.82243053726643,-1.0424870126150485
2026-02-28 12:00:00,116.78235,116.9046206799488,109.39456714688473,123.33197221301289,3.0487875330641057
2026-02-28 13:00:00,116.78235,116.58435840417282,107.02345461828217,126.29906019006347,6.376537785890645
2026-02-28 14:00:00,116.78235,116.83242822785728,109.45884388638761,123.72334456932693,4.013500341469672
2026-02-28 15:00:00,116.78235,117.52452913563934,109.50204098450675,123.37598728677195,3.189558151132599
2026-02-28 16:00:00,122.28435,118.73754683588324,115.40550442994503,121.88450424182146,-0.6056475940617772
2026-02-28 17:00:00,122.28535,119.02644849653208,116.41690190097631,122.88963509208784,-1.1251534044442162
2026-02-28 18:00:00,122.28635,120.92706030792276,119.45921926352554,123.33338535231998,-1.4442149556027768
2026-02-28 19:00:00,124.78235,125.6941198234932,124.69259611200594,127.95797353498041,-1.8835062885127454
2026-02-28 20:00:00,122.28635,121.3986860804891,120.28678572122885,124.23154143974936,-2.247614640739736
2026-02-28 21:00:00,122.28635,121.3336785631906,110.35875238949414,132.73977673688708,5.9025721736964725
2026-02-28 22:00:00,122.28535,121.20851302320398,111.1044835063195,131.52481254008848,4.936729516884498
2026-02-28 23:00:00,122.28435,119.78406139997558,112.1749339031434,127.48595689680775,2.369331496832193
2026-03-01 00:00:00,103.13361,122.47110885065436,107.12477706503846,133.70538863627027,10.964845785615902
2026-03-01 01:00:00,103.13361,103.18686278613488,100.3349968732448,104.20704469902498,-1.9576880871099045
2026-03-01 02:00:00,103.13361,103.18471410135488,97.55756303137538,105.89858917133441,-1.6295469300204883
2026-03-01 03:00:00,103.13361,103.17602890360756,96.99237044763996,106.76558235957518,-0.6215365440323978
2026-03-01 04:00:00,103.13361,103.14057240271651,101.5484436301125,105.87395117532056,-2.52614122739597
2026-03-01 05:00:00,103.13361,103.61534764342068,100.54872989022371,106.80626539661768,-1.7732772468030196
2026-03-01 06:00:00,103.13361,102.81180416892232,92.31103873996837,109.30970559787627,3.8511754289539564
2026-03-01 07:00:00,103.13361,103.46123806132113,93.02063591569899,111.6913502069433,4.65273714562215
2026-03-01 08:00:00,103.13361,103.4972991529909,98.34925533240781,105.70000297357399,-2.0200061794169173
2026-03-01 09:00:00,103.13361,103.54405193513706,98.87569005582961,110.89175981444455,-0.46550212069252483
2026-03-01 10:00:00,103.13361,103.63675488672244,93.7015156153237,109.3824991581212,2.485764271398765
2026-03-01 11:00:00,103.13361,103.8660889500237,99.07636104518731,106.37883685486014,-1.0320620951635924
2026-03-01 12:00:00,103.13361,104.08551930909556,93.11025989471275,109.78083372347838,2.6819344143828197
2026-03-01 13:00:00,103.13361,104.13764432927113,92.57567430103231,113.98797835750996,5.010374028238816
2026-03-01 14:00:00,103.13361,104.00245509043056,96.91556832836136,112.53985185249977,3.751676762069196
2026-03-01 15:00:00,103.13361,104.05613064068132,96.85895114002331,110.60021014133932,1.9214995006580051
2026-03-01 16:00:00,103.13361,105.09964218177458,101.7066750330965,110.30518933045268,-0.6022228513218932
2026-03-01 17:00:00,107.63261,105.19768598475034,101.83846568288337,111.56214028661732,-1.6174256981330246
2026-03-01 18:00:00,108.35261,113.17824432575588,110.62600870995433,119.86306194155745,-2.3008083841984384
2026-03-01 19:00:00,108.35261,114.4855704211872,109.81802048298077,119.11414035939363,-2.2737100617935697
2026-03-01 20:00:00,108.35261,113.61542245594144,111.46128858798464,119.35044632389825,-3.2821061320431846
2026-03-01 21:00:00,108.35261,112.78442722155012,101.92618043692457,125.10146400617568,4.240846784625562
2026-03-01 22:00:00,107.63261,112.21379461963484,99.75202724820994,122.11080599105973,4.5678113714249005
2026-03-01 23:00:00,107.63261,110.83145892099256,100.47313260145661,117.39029524052852,0.284846319535946
2026-03-02 00:00:00,101.84342,105.58424349135514,91.5174058056813,117.24738117702897,10.832387685673831
2026-03-02 01:00:00,101.84342,101.90336674010535,98.75117305761042,103.8008704226003,-1.957836317505052
2026-03-02 02:00:00,101.84342,101.88870824821224,95.98492981427357,103.63389668215089,-1.6298215660613438
2026-03-02 03:00:00,101.84342,101.86636065345134,97.9017334537955,108.73385785310717,-0.6216528003441718
2026-03-02 04:00:00,104.47142,102.00758442024468,95.52470020620223,105.15483863428713,-2.5267957859575407
2026-03-02 05:00:00,105.49242,102.48084677598936,100.09068395073477,107.67152960124396,-1.7740671747453989
2026-03-02 06:00:00,105.49242,101.85379242941372,95.23353953042125,113.67471132840618,3.847792898992469
2026-03-02 07:00:00,105.43642,100.96194437191582,89.38917130439084,112.74274743944079,4.647083067524977
2026-03-02 08:00:00,104.47142,102.44053946977124,93.92783211939968,108.7257718201428,-2.0216326496284434
2026-03-02 09:00:00,101.84342,102.24834058455475,89.72866095664482,109.45952521246468,-0.4663203720900665
2026-03-02 10:00:00,101.84342,101.84066358121716,88.53112115070105,116.06883801173325,2.484208430516106
2026-03-02 11:00:00,104.47142,103.13753317747016,94.5876756814303,113.34448767351002,-1.0343715039601333
2026-03-02 12:00:00,104.47142,102.6840127195052,89.82155486857464,115.93035457043577,2.6810918509305695
2026-03-02 13:00:00,104.47142,103.78842995978523,84.90038722742098,118.11924069214949,5.005376732364266
2026-03-02 14:00:00,105.49242,105.12559651530374,89.7578545955523,119.19916643505516,3.750985919751443
2026-03-02 15:00:00,105.49242,106.50251645204196,93.23443770873705,124.00368019534687,1.9186637433049194
2026-03-02 16:00:00,106.34242,105.3411519782472,91.28421350521772,116.71169545127668,-0.6029815269705213
2026-03-02 17:00:00,107.06242,107.16810248614402,97.65502506425037,125.64338990803769,-1.6192925781063452
2026-03-02 18:00:00,108.40842,113.17864697929494,105.87445724030988,134.96310671828002,-1.4425952610149224
2026-03-02 19:00:00,108.40842,113.38775204610305,104.02999611303261,134.9216479791735,-1.759684066929568
2026-03-02 20:00:00,108.40742,111.89488823859772,103.11291028664422,130.53000619055123,-2.2364420480464946
2026-03-02 21:00:00,108.40742,111.05558565339554,99.48313862458215,133.68493268220894,4.235517028813393
2026-03-02 22:00:00,107.06242,111.29447887281778,101.4569082769533,124.33113546868223,4.567110595864475
2026-03-02 23:00:00,105.49242,109.404620766639,102.11423655090185,119.80877498237614,0.27754421573715105
2026-03-03 00:00:00,111.27833,106.3102563577257,92.25549362927926,119.13622508617216,10.816637728446448
2026-03-03 01:00:00,111.27833,111.26420660964703,109.43410120941975,110.0470760098743,-2.4767505997727084
2026-03-03 02:00:00,111.27833,111.22301377701906,106.15997959241861,109.14088196161951,-2.0918358153995475
2026-03-03 03:00:00,111.27833,111.21937658113572,108.76764607099082,113.32795309128062,-1.615943489855097
2026-03-03 04:00:00,113.90633,111.35136190214745,106.90382661155745,115.38950319273742,-2.6011987094100144
2026-03-03 05:00:00,114.77733,111.33985079276448,106.00049854062242,120.43357304490654,-2.1892977478579416
2026-03-03 06:00:00,114.77733,111.83071616180484,106.20107308978022,125.57204923382947,2.906363072024637
2026-03-03 07:00:00,114.77733,112.00232173196363,102.21925356571813,129.38578489820912,3.8671981662454975
2026-03-03 08:00:00,113.90633,109.5701668847729,97.33653953440134,119.50932423514445,-2.0216326496284434
2026-03-03 09:00:00,111.27833,108.68419819329849,92.77764120335476,127.63030018324223,-0.7579080100562884
2026-03-03 10:00:00,111.27833,110.17405406833288,90.7511503870095,136.86317774965627,0.38402368132338904
2026-03-03 11:00:00,111.27833,112.51630547309622,92.3429856410895,139.61229530510298,-1.6755701679932697
2026-03-03 12:00:00,111.27833,113.2047707165468,95.42563486561623,147.27251856747736,2.6810918509305695
2026-03-03 13:00:00,113.90633,117.252514275021,93.94948254265674,160.77410600738523,5.005376732364266
2026-03-03 14:00:00,114.77733,118.92232888716975,90.7195329674183,153.41103480692118,3.750985919751443
2026-03-03 15:00:00,116.49733,118.05175920421529,92.86023146091037,155.0477229475202,1.9186637433049194
2026-03-03 16:00:00,116.49733,117.8319287450028,97.74529027197333,155.85450721803227,-0.6029815269705213
2026-03-03 17:00:00,117.84233,120.58168792359486,90.61341450170119,171.93885534548855,-1.6192925781063452
2026-03-03 18:00:00,125.77733,124.3522734263088,91.88822868732373,193.59764816529392,-1.4425952610149224
2026-03-03 19:00:00,195.77733,124.43959522534722,98.0683092922768,182.5051711584177,-1.759684066929568
2026-03-03 20:00:00,117.84333,122.73126832411518,113.92259037216168,151.35948627606868,-2.2364420480464946
2026-03-03 21:00:00,117.84333,120.53555119519194,109.92131416637855,140.87162822400535,4.235517028813393
2026-03-03 22:00:00,117.84333,116.24736226206836,107.0777516662039,129.06871285793284,4.567110595864475
2026-03-03 23:00:00,116.49733,112.31726811249872,106.55039389676158,118.39455632823586,0.27754421573715105
2026-03-04 00:00:00,113.48755,111.04938641460056,98.16045868615413,125.30552414304701,10.816637728446448
2026-03-04 01:00:00,113.48755,113.54653777704463,114.62305837681734,115.08760717727192,-2.4767505997727084
2026-03-04 02:00:00,113.48755,113.47459100753323,109.3768268229328,114.79144519213368,-2.0918358153995475
2026-03-04 03:00:00,113.48755,113.5703828760126,113.2230226171425,117.68747313488265,-2.029819741129922
2026-03-04 04:00:00,113.48755,113.6479085821768,110.32693880050648,113.1062883638471,-2.6177952183297015
2026-03-04 05:00:00,116.11555,113.96598617422156,109.02817363635326,121.31356371208987,-2.327487462131698
2026-03-04 06:00:00,116.11555,114.1162567515041,111.63690873143412,125.12221477157404,1.2189480200699567
2026-03-04 07:00:00,113.48755,113.16520786004064,108.00785121043042,126.64528450965089,1.5242766496102353
2026-03-04 08:00:00,113.48755,114.05840295921834,104.66297492631537,122.61368699212133,-2.3037019670970293
2026-03-04 09:00:00,113.48755,113.31816850850451,102.6603921863176,126.08347483069146,-1.2795636778130632
2026-03-04 10:00:00,113.48755,115.053199148601,102.90162112489297,132.101547172309,-0.7245319762919766
2026-03-04 11:00:00,113.48755,116.1674736825598,105.38722352217374,133.22331384294583,-1.9238898396139554
2026-03-04 12:00:00,113.48755,115.05927409366085,102.08963868260285,138.66767950471882,1.5307554110579922
2026-03-04 13:00:00,113.48755,118.99543390207026,99.57023248091399,152.55006532322653,4.504586421156272
2026-03-04 14:00:00,116.11555,121.40776778486622,101.4725325309323,151.39471303880015,3.4317352539339243
2026-03-04 15:00:00,116.11555,121.20544004290014,106.52253022954805,153.37545385625222,1.0529838133520797
2026-03-04 16:00:00,116.48655,119.06441995285655,107.79774147982708,153.53092842588606,-0.6029815269705213
2026-03-04 17:00:00,120.68655,120.88433956937308,98.42685214747941,173.47248699126672,-1.6192925781063452
2026-03-04 18:00:00,120.68655,133.15616587026506,96.42900513127998,208.65188060925013,-1.4425952610149224
2026-03-04 19:00:00,127.98655,154.58097657593754,121.28608333750869,227.78925581436633,-0.6014507615711534
2026-03-04 20:00:00,120.68655,130.91474154149097,115.58907358953746,175.86220949344448,-2.2364420480464946
2026-03-04 21:00:00,120.68655,128.0957681685358,115.29426513972243,153.68481919734924,4.235517028813393
2026-03-04 22:00:00,120.05155,122.68485893245388,112.64152833658942,137.60853952831835,4.567110595864475
2026-03-04 23:00:00,116.48655,118.08794341824444,115.40014920250728,127.74889763398158,0.27754421573715105
2026-03-05 00:00:00,115.21316,113.3688815549285,96.7227975011383,127.7789156087187,10.369554053790202
2026-03-05 01:00:00,115.21316,115.3016497107614,108.14368102826644,118.60218339325634,-1.957836317505052
2026-03-05 02:00:00,115.21316,115.22481119460409,109.41560201000362,118.01808037920453,-2.0918358153995475
2026-03-05 03:00:00,115.21316,115.27779471685125,110.26933445798117,116.61968497572133,-2.029819741129922
2026-03-05 04:00:00,115.21316,115.3539902326641,111.48972894207411,114.98621752325408,-2.6011987094100144
2026-03-05 05:00:00,115.21316,115.63574874413804,110.44668620626973,120.26710128200635,-2.327487462131698
2026-03-05 06:00:00,115.21316,116.4171940830836,111.55665006301363,124.89132610315356,1.2189480200699567
2026-03-05 07:00:00,115.21316,116.3008274202016,111.40281077059136,128.28034406981186,1.5242766496102353
2026-03-05 08:00:00,115.21316,115.59592173479368,110.2367687018907,123.05996476769666,-2.3037019670970293
2026-03-05 09:00:00,115.21316,113.85139184649395,105.967055524307,126.01509816868088,-1.2795636778130632
2026-03-05 10:00:00,115.21316,115.5341510365592,104.75991301285116,131.45192906026722,-0.7245319762919766
2026-03-05 11:00:00,115.21316,116.04295150684092,107.12817634645486,131.71147166722696,-1.9238898396139554
2026-03-05 12:00:00,115.21316,115.65845181635896,105.20593640530096,139.11960722741694,1.5307554110579922
2026-03-05 13:00:00,115.21316,118.57794656943643,102.51187414828016,143.3667769905927,4.504586421156272
2026-03-05 14:00:00,115.21316,121.30497751693376,104.69406226299984,143.39511277086768,3.4317352539339243
2026-03-05 15:00:00,115.21316,119.9828049451377,107.31797113178561,141.8018687584898,1.0529838133520797
2026-03-05 16:00:00,115.21316,118.36747012426248,109.898585651233,135.44643859729197,-0.6029815269705213
2026-03-05 17:00:00,119.71216,120.06921357630397,112.8694611544103,147.05647599819764,-1.6192925781063452
2026-03-05 18:00:00,121.77716,125.98931660717442,109.05407020377568,160.2721880105731,-2.2767885966012775
2026-03-05 19:00:00,121.77716,130.40666523924386,116.29452600081501,166.7939644776727,-0.6014507615711534
2026-03-05 20:00:00,121.77716,126.02209792445512,120.37064997250161,146.97524587640865,-2.2364420480464946
2026-03-05 21:00:00,120.21216,125.64992481185811,119.04374378304472,146.05010184067152,4.235517028813393
2026-03-05 22:00:00,119.71216,123.20416611246358,113.5441555165991,138.75931670832804,4.567110595864475
2026-03-05 23:00:00,115.21316,118.709368352348,110.79574413661084,132.34232256808517,0.27754421573715105
2026-03-06 00:00:00,110.28468,116.98745001414892,105.52361167655368,128.85986535174413,9.307534337595236
2026-03-06 01:00:00,110.28468,110.38320156556767,108.19486933829587,111.80664379283948,-2.6422077727282005
2026-03-06 02:00:00,110.28468,110.31614703938186,108.8281428547814,112.36141122398232,-2.0918358153995475
2026-03-06 03:00:00,110.28468,110.35466846866808,109.192244209798,111.33552872753816,-2.029819741129922
2026-03-06 04:00:00,110.28468,110.46343022651398,109.03657924105933,111.8955262119686,-2.5303690145453634
2026-03-06 05:00:00,110.28468,110.79272147583062,108.81479893796231,113.0250640136989,-2.327487462131698
2026-03-06 06:00:00,110.28468,109.9068403903481,105.86391237027813,118.26915841041806,1.2189480200699567
2026-03-06 07:00:00,110.28468,111.01913463764224,104.58760398803201,120.28502128725248,1.5242766496102353
2026-03-06 08:00:00,110.28468,110.76367140515944,104.49236337225646,116.2391894380624,-2.3037019670970293
2026-03-06 09:00:00,110.28468,111.21790142818725,105.21716510600032,119.2556317503742,-1.2795636778130632
2026-03-06 10:00:00,110.28468,111.13598314852848,102.74030512482047,118.5649011722365,-0.7245319762919766
2026-03-06 11:00:00,110.28468,111.77742379797463,101.9261436375886,116.6004739583607,-1.9238898396139554
2026-03-06 12:00:00,110.28468,111.37058804387742,100.89296263281942,122.01688345493542,1.5307554110579922
2026-03-06 13:00:00,110.28468,112.37767960533031,99.91059411084069,124.22880909981994,3.35711549448963
2026-03-06 14:00:00,110.28468,113.25706527608683,103.45578689725764,126.53230365491602,3.285348378829219
2026-03-06 15:00:00,110.28468,113.16854197110584,105.21473716224934,125.21719477996237,0.5837788088565253
2026-03-06 16:00:00,114.78368,113.5495133679198,107.23136489489033,124.99963184094926,-0.6029815269705213
2026-03-06 17:00:00,114.78368,114.63271829750803,109.28997487561436,128.29169571940167,-1.6192925781063452
2026-03-06 18:00:00,116.78368,120.56064962607054,117.02373322267184,133.47057102946926,-2.2767885966012775
2026-03-06 19:00:00,116.84868,121.84290173245512,115.5476224940263,134.51768097088396,-0.6014507615711534
2026-03-06 20:00:00,116.78368,119.21601021165093,115.12687825969742,128.24278816360444,-2.2364420480464946
2026-03-06 21:00:00,116.78368,117.56318550072764,109.67267847191427,133.12127252954107,4.235517028813393
2026-03-06 22:00:00,114.78368,116.40908968281131,106.24729908694682,128.45101027867577,4.567110595864475
2026-03-06 23:00:00,110.28468,113.23328373483848,104.74764351910133,123.74014795057565,0.27754421573715105
2026-03-07 00:00:00,114.4743,112.27192768008808,101.37269334249285,121.89231201768331,9.307534337595236
2026-03-07 01:00:00,114.4743,114.49892131678445,113.27567908951265,116.81954354405623,-2.6422077727282005
2026-03-07 02:00:00,114.4743,114.51658177661515,111.55855759201471,119.4493459612156,-2.0918358153995475
2026-03-07 03:00:00,114.4743,114.49105944994318,112.8056591910731,117.01008970881324,-2.029819741129922
2026-03-07 04:00:00,114.4743,114.50870072466702,113.17669973921238,116.87720171012165,-2.5303690145453634
2026-03-07 05:00:00,114.4743,114.45857235815566,113.93725982028737,118.35513489602396,-2.327487462131698
2026-03-07 06:00:00,114.4743,112.61960384183928,109.05784394820816,120.0032927354704,0.5856238936311264
2026-03-07 07:00:00,114.4733,113.08112560799216,108.44868234504382,121.06816887094051,0.6481032629483493
2026-03-07 08:00:00,114.4733,113.14894056532891,109.86701931383175,118.51672181682608,-2.5948087485028344
2026-03-07 09:00:00,114.3813,113.49382561575705,110.26144799606053,120.93805723545357,-1.4210723803034686
2026-03-07 10:00:00,114.3813,113.11141223666012,107.30766751537169,118.39098495794853,-1.0041312787115708
2026-03-07 11:00:00,114.4733,113.4148158769239,106.73067171653786,115.86540603730994,-1.9238898396139554
2026-03-07 12:00:00,114.3813,112.88520682931144,104.70388089556263,118.71565676306025,-0.04963406625118594
2026-03-07 13:00:00,114.4743,112.71570074677504,105.09395619692621,117.03172529662386,-1.5265754501511706
2026-03-07 14:00:00,114.4733,112.98650478231431,102.32833300297747,124.69760656165116,3.086831779336854
2026-03-07 15:00:00,114.4743,113.40312655024752,104.66558774139101,121.31456535910404,0.5837788088565253
2026-03-07 16:00:00,114.4753,114.840404895905,109.83760442287551,124.31878336893448,-0.6029815269705213
2026-03-07 17:00:00,115.7523,115.57087127926728,111.13012385737363,128.22098870116093,-1.6192925781063452
2026-03-07 18:00:00,116.2523,118.05494455383894,115.91731595434568,129.97719815333218,-1.90560140050674
2026-03-07 19:00:00,116.2523,119.88068626188604,117.0884670234572,132.4233755003149,-0.6014507615711534
2026-03-07 20:00:00,116.2523,118.63854447026208,115.64585251830857,128.94262842221562,-2.2364420480464946
2026-03-07 21:00:00,116.2523,117.87249552120538,108.806993492392,133.9046975500188,4.235517028813393
2026-03-07 22:00:00,115.9083,116.1897233605612,106.85050676469673,130.95688795642567,4.567110595864475
2026-03-07 23:00:00,115.7523,114.08105058000667,106.64178636426952,123.70974479574382,0.27754421573715105
2026-03-08 00:00:00,108.18068,114.56028847245452,98.46932413485928,124.56234281004976,9.307534337595236
2026-03-08 01:00:00,108.18068,108.3037284071566,105.55324217988479,111.0173006344284,-2.6422077727282005
2026-03-08 02:00:00,108.18068,108.32161268998166,102.17071049753056,113.64927488243276,-2.3585878075488953
2026-03-08 03:00:00,108.18068,108.30609090393943,101.35370595826126,111.8775308496176,-2.137140054321835
2026-03-08 04:00:00,108.18068,108.22660029443315,101.92869900384318,109.90158558502314,-2.6011987094100144
2026-03-08 05:00:00,108.18068,108.34680599971402,102.78777931344679,111.45702268598124,-2.7427833137327786
2026-03-08 06:00:00,108.18068,106.65845861679352,94.7856197231624,112.14828251042464,0.5856238936311264
2026-03-08 07:00:00,108.17768,107.66347347377976,99.38135021083141,115.75689673672812,0.6481032629483493
2026-03-08 08:00:00,101.70468,107.40404150742393,101.55086025592676,111.4478027589211,-2.5948087485028344
2026-03-08 09:00:00,101.70468,107.00330066550757,102.03182304581104,115.81206428520409,-1.4210723803034686
2026-03-08 10:00:00,101.70468,107.4109369105726,100.37946218928417,110.34439963186104,-1.0041312787115708
2026-03-08 11:00:00,101.70468,107.9133567973402,102.19561163695414,112.23844695772624,-1.9238898396139554
2026-03-08 12:00:00,101.70468,107.5328661905292,98.92146625678039,114.394693124278,-0.04963406625118594
2026-03-08 13:00:00,101.70468,108.34205216762535,102.84471761777654,115.30023671747419,-1.5265754501511706
2026-03-08 14:00:00,108.17768,108.14772683555036,99.44486731365431,116.58760635744642,2.086289521896055
2026-03-08 15:00:00,108.18068,108.15889868776816,100.66074935201141,115.1808240235249,-0.2941446642432441
2026-03-08 16:00:00,108.18068,109.3573918441814,102.00718337115191,116.42916031721087,-0.6029815269705213
2026-03-08 17:00:00,109.94868,111.23686423401227,105.51695281211862,120.97131165590595,-1.6192925781063452
2026-03-08 18:00:00,110.04868,114.36520650613468,107.35460790664142,130.51172510562793,-1.90560140050674
2026-03-08 19:00:00,110.04868,116.17996359228842,104.23053608395551,133.4535631006213,0.2503455083328932
2026-03-08 20:00:00,110.04868,115.31584637314668,111.4288484211932,130.8036843251002,-2.2364420480464946
2026-03-08 21:00:00,110.04868,114.46745532289115,104.39948829407777,132.01524235170456,4.235517028813393
2026-03-08 22:00:00,110.04868,113.2075079278897,100.04488133202521,126.93601852375416,4.567110595864475
2026-03-08 23:00:00,109.94868,111.2502200199952,99.14028980425805,121.22685423573236,0.27754421573715105
2026-03-09 00:00:00,102.03342,109.4514375203092,93.57347318271397,118.75897185790444,9.307534337595236
2026-03-09 01:00:00,102.03342,102.0198296417282,95.2882974144564,101.62939186899999,-2.6422077727282005
2026-03-09 02:00:00,102.03342,101.99676249736471,93.60045530491361,103.89110368981581,-2.3585878075488953
2026-03-09 03:00:00,102.03342,101.98768500096624,96.17327005528807,110.6952399466444,-2.137140054321835
2026-03-09 04:00:00,102.03342,102.22431730166798,91.05915601107799,109.54827359225797,-2.6011987094100144
2026-03-09 05:00:00,102.03342,102.95003603511624,99.44150934884901,114.74081272138345,-2.7427833137327786
2026-03-09 06:00:00,102.03342,102.01943841694636,96.47184452331523,116.63519231057747,0.5856238936311264
2026-03-09 07:00:00,102.03342,101.46883773345284,92.96511947050449,116.38836599640119,0.6481032629483493
2026-03-09 08:00:00,102.03342,101.99851033091724,91.62024507942007,111.8418915824144,-2.5948087485028344
2026-03-09 09:00:00,102.03342,102.47946455415058,86.69451332938003,112.73223077892114,-1.3311537752294595
2026-03-09 10:00:00,102.03342,102.30364646248005,89.0345917411916,117.25514518376846,-1.0041312787115708
2026-03-09 11:00:00,102.03342,105.25496533720968,91.95914517682364,125.14914549759574,-1.9238898396139554
2026-03-09 12:00:00,102.03342,106.61293266364318,87.98090670924903,121.86238261803734,-0.6452500456058287
2026-03-09 13:00:00,102.03342,107.14574129699544,88.0206101592533,119.26036243473757,-2.1675888622578614
2026-03-09 14:00:00,111.37742,111.2358164879675,90.90779967789827,126.54708329803674,1.344206810069235
2026-03-09 15:00:00,111.37742,115.37739376168275,93.696792425926,131.9412990974395,-0.2941446642432441
2026-03-09 16:00:00,113.37742,117.4820503369642,98.04515987776988,131.94591079615859,-1.0642295408056608
2026-03-09 17:00:00,114.37742,120.22641388228465,105.99986646039098,144.0585813041783,-1.6192925781063452
2026-03-09 18:00:00,116.37742,119.39975258449014,110.62705398499688,148.8459011839834,-1.90560140050674
2026-03-09 19:00:00,140.37742,119.42447669370276,105.71748118536986,143.82333220203563,0.2503455083328932
2026-03-09 20:00:00,116.37742,117.88831116575356,108.94936988754677,136.28178244396034,-1.3595487217932183
2026-03-09 21:00:00,116.37742,116.2331534483673,105.53132641955389,138.92857047718067,4.235517028813393
2026-03-09 22:00:00,113.37742,112.6369065583015,99.70414596243701,131.37081715416596,4.567110595864475
2026-03-09 23:00:00,111.37742,109.56516492744603,99.94288071170888,125.80655914318318,0.27754421573715105
2026-03-10 00:00:00,107.66054,105.27034693370284,91.15097546858482,116.31133839882084,9.10167146511802
2026-03-10 01:00:00,107.66054,107.64491492307802,104.24673561313962,105.6343642330164,-2.6920006900615987
2026-03-10 02:00:00,107.66054,107.67863617422712,101.5209500221935,107.22614232626074,-2.484333847966386
2026-03-10 03:00:00,107.66054,107.87089609239524,105.14914299599846,111.939749188792,-2.2681669036032184
2026-03-10 04:00:00,107.66054,107.88450472865632,103.43842594698604,113.83075951032662,-2.6177952183297015
2026-03-10 05:00:00,107.66054,107.99613953133826,102.22795784507102,119.79324621760547,-2.7427833137327786
2026-03-10 06:00:00,107.66054,109.32779570080136,106.68284215707789,122.76280924452486,0.44440354372350105
2026-03-10 07:00:00,114.29354,111.21581637010176,103.79067277186095,127.29553496834257,0.45892859824079985
2026-03-10 08:00:00,107.66054,108.54938779671627,95.47065244203377,120.9710381513988,-2.730689645317467
2026-03-10 09:00:00,107.66054,109.030310600727,91.41125298103047,129.09237822042357,-1.4210723803034686
2026-03-10 10:00:00,107.66054,112.38114669898192,95.65927705623166,136.43041834173218,-1.8403443572497387
2026-03-10 11:00:00,107.66054,114.56262354791514,93.7304882729769,143.02960882285342,-2.3704647250617468
2026-03-10 12:00:00,107.66054,113.99877736052738,97.21282740613321,149.87616731492156,-0.6452500456058287
2026-03-10 13:00:00,107.66054,117.70032233026072,98.14659944257963,153.02761521794181,-2.8552171123189183
2026-03-10 14:00:00,121.00454,120.08079151111107,93.54172470104184,156.4403783211803,1.344206810069235
2026-03-10 15:00:00,121.00454,119.44824169713694,92.1656363613802,159.34484703289368,-0.2941446642432441
2026-03-10 16:00:00,166.00454,119.9173337249158,95.60571326572146,161.00171418411014,-1.0642295408056608
2026-03-10 17:00:00,166.00454,124.37885457761358,93.58104715571992,179.84036199950725,-1.6192925781063452
2026-03-10 18:00:00,758.85354,131.82017804720624,101.35724944771299,206.1952066466995,-1.90560140050674
2026-03-10 19:00:00,805.09154,139.30500983940686,106.41903433107399,206.06945534773976,0.2503455083328932
2026-03-10 20:00:00,166.00454,125.68971075088812,108.86126447268136,166.36291202909482,-1.3595487217932183
2026-03-10 21:00:00,166.00454,120.6009562254969,108.50752919668352,147.3899532543103,4.235517028813393
2026-03-10 22:00:00,166.00454,113.84015124643622,104.78303065057175,132.1381818423007,4.567110595864475
2026-03-10 23:00:00,166.00454,108.9681321817486,105.15819796601147,118.53635639748576,0.27754421573715105
2026-03-11 00:00:00,118.17152,108.45076451629748,77.00855305117946,131.2091659814155,9.10167146511802
2026-03-11 01:00:00,118.08252,118.26233581320604,106.53009253760081,121.59827908881124,-2.1883867243947828
2026-03-11 02:00:00,118.08252,118.13828198037692,98.9282297879258,115.77969417282802,-2.3585878075488953
2026-03-11 03:00:00,118.08252,118.28985445529196,112.32900135889516,127.61149755168874,-2.2681669036032184
2026-03-11 04:00:00,118.17152,118.6099839963168,106.71168921464646,124.52655877798709,-2.6177952183297015
2026-03-11 05:00:00,126.95052,120.07246800053564,118.28816131426842,129.84459468680285,-2.7427833137327786
2026-03-11 06:00:00,126.95052,126.48543382613344,115.95820965743813,140.9066179948287,0.30644416869529156
2026-03-11 07:00:00,118.17152,125.3206586794449,115.1068100812041,149.0766772776857,0.45892859824079985
2026-03-11 08:00:00,118.17152,122.7002008517949,104.97374049711236,147.80389120647746,-2.730689645317467
2026-03-11 09:00:00,118.08252,125.0278607544674,100.94615313477087,155.27417837416394,-1.4210723803034686
2026-03-11 10:00:00,118.08252,129.75038668258833,111.53489039264483,170.5657229725318,-2.15618371005652
2026-03-11 11:00:00,118.17152,132.85738829455056,103.23939301961231,182.55716356948884,-2.3704647250617468
2026-03-11 12:00:00,118.08252,129.21048717413262,85.31582899969874,170.9532053485665,-0.8034018255661185
2026-03-11 13:00:00,118.17152,134.13220074180373,92.02966868516381,177.58091279844365,-3.07565794336009
2026-03-11 14:00:00,126.95052,150.18476697511718,102.85625016504795,205.8116337851865,1.344206810069235
2026-03-11 15:00:00,126.95052,154.0424149042878,104.96393956853103,228.75325024004454,-0.2941446642432441
2026-03-11 16:00:00,139.95052,163.20687248819414,130.20879401516467,225.7256409612236,-0.6029815269705213
2026-03-11 17:00:00,149.95052,213.2193487671093,150.65152134521563,377.7580261890029,-1.6192925781063452
2026-03-11 18:00:00,1135.36452,397.1001169370465,217.76918368745373,703.6215001866393,-1.0842167504071942
2026-03-11 19:00:00,761.95052,403.3196622054344,214.01231442106564,727.9986099898033,0.8651777843687807
2026-03-11 20:00:00,761.95052,231.7243956652917,137.51558438708494,418.1701169434985,-1.3595487217932183
2026-03-11 21:00:00,189.95052,176.46598032735122,154.27416258751097,256.9705480671915,5.919437739840248
2026-03-11 22:00:00,139.95052,147.79318742790176,124.96806322806735,183.27197162773615,4.948474199834393
2026-03-11 23:00:00,126.95052,139.1969957223277,107.46430898846958,160.12763245618584,2.3802667338581207
2026-03-12 00:00:00,138.33999,118.71591154882113,109.61424008370311,148.62910301393916,9.10167146511802
2026-03-12 01:00:00,138.33999,137.97258022099754,140.16096694539232,137.62967349660275,-2.1883867243947828
2026-03-12 02:00:00,138.33999,137.71142380871024,139.87730998909825,135.54553762832222,-2.165886180388025
2026-03-12 03:00:00,138.33999,138.07550798701388,140.3436748906171,144.49858108341064,-2.2681669036032184
2026-03-12 04:00:00,138.33999,138.96163451689344,134.39202473522315,144.03522929856373,-2.6177952183297015
2026-03-12 05:00:00,138.46299,139.46995880795163,139.78550712168442,148.60529549421884,-2.7427833137327786
2026-03-12 06:00:00,138.46299,145.99237983281466,140.69538566411939,178.87968400150993,0.30644416869529156
2026-03-12 07:00:00,138.46299,147.4269114115314,137.7408268132906,180.7276840097722,0.45892859824079985
2026-03-12 08:00:00,138.46299,146.20445372044398,128.82636336576144,185.0443400751265,-2.730689645317467
2026-03-12 09:00:00,138.33999,145.55888127993612,115.8528836602396,163.64138889963266,-1.4210723803034686
2026-03-12 10:00:00,138.33999,148.5416052862206,132.1749175432727,176.8799030291685,-2.2551822570521076
2026-03-12 11:00:00,138.46299,149.85350717945943,133.39749190452116,191.8237424543977,-2.3704647250617468
2026-03-12 12:00:00,138.46299,147.2621915919646,104.63976341753072,168.14095976639848,-0.8034018255661185
2026-03-12 13:00:00,143.33999,155.6594597007501,135.52978364411018,177.72348175739,-3.07565794336009
2026-03-12 14:00:00,158.33999,171.54960423046225,123.07591742039301,214.5843510405315,1.344206810069235
2026-03-12 15:00:00,158.33999,175.76646265536442,130.30628731960766,258.37453799112114,-0.2941446642432441
2026-03-12 16:00:00,158.33999,171.90124075911595,147.28429228608647,244.51685923214538,-0.6029815269705213
2026-03-12 17:00:00,198.33999,219.1735817016132,151.72305427971952,415.71246912350676,-1.6192925781063452
2026-03-12 18:00:00,291.23999,611.4245019377348,372.0338823039648,1006.0057415715048,0.4004396337700352
2026-03-12 19:00:00,807.42699,573.2802518135638,275.92261166209056,1035.465031965037,3.7365101514732584
2026-03-12 20:00:00,807.42699,504.3766855807058,340.14331917344265,820.6755519879689,-1.1170335927368296
2026-03-12 21:00:00,188.33999,204.0084601724092,175.5443531435958,360.9569972012226,4.235517028813393
2026-03-12 22:00:00,158.33999,151.04918436230884,127.78909016247444,202.3858985621432,4.948474199834393
2026-03-12 23:00:00,143.33999,143.31150284296731,122.0471461091092,186.87740957682544,2.3802667338581207
2026-03-13 00:00:00,142.33338,135.29923238652233,110.01998834799127,155.38634642505338,7.766764038531047
2026-03-13 01:00:00,142.33338,142.09962542771223,128.944892152107,139.91123870331745,-2.1883867243947828
2026-03-13 02:00:00,142.33338,141.8405255350638,127.73802171545181,141.76086935467578,-2.165886180388025
2026-03-13 03:00:00,142.33338,142.16414476064364,139.74830166424687,163.2139978570404,-2.2681669036032184
2026-03-13 04:00:00,152.33338,142.47549756864774,124.62397827661339,157.16757686068206,-2.6855807079656606
2026-03-13 05:00:00,156.33338,142.66757957806382,128.54332289179658,164.206716264331,-2.7427833137327786
2026-03-13 06:00:00,156.33338,145.24767299710092,129.11410945337744,186.63705654082443,0.44440354372350105
2026-03-13 07:00:00,156.33338,147.41415868778748,125.68656008954667,191.67486728602827,0.45892859824079985
2026-03-13 08:00:00,152.33338,141.4386360410836,128.64326568640107,182.55445639576615,-2.730689645317467
2026-03-13 09:00:00,142.33338,135.6347287361205,106.01553111642397,163.73454635581706,-1.4210723803034686
2026-03-13 10:00:00,142.33338,136.18778186872586,120.53749412577794,178.82661961167375,-2.2551822570521076
2026-03-13 11:00:00,142.33338,141.92889626546915,115.70965099053089,190.09163154040738,-2.3704647250617468
2026-03-13 12:00:00,109.61438,146.26055980996122,115.0044016355273,197.9591979843951,-0.8034018255661185
2026-03-13 13:00:00,142.33338,146.8166564792868,126.63630442264687,190.92762853592671,-3.07565794336009
2026-03-13 14:00:00,152.33338,158.6336147620274,121.42811046519458,214.78439905886026,0.5848542968328397
2026-03-13 15:00:00,156.33338,167.39853956067117,113.58518594041035,250.756963180932,-0.579406379739167
2026-03-13 16:00:00,161.45638,167.51091810095926,113.54505764176491,238.62908856015363,-1.0642295408056608
2026-03-13 17:00:00,180.33338,188.89399167019027,127.3798835845869,324.38310975579367,-2.1111519143966224
2026-03-13 18:00:00,284.23338,332.60760375671373,182.22230412294365,607.5660433904837,0.4004396337700352
2026-03-13 19:00:00,800.42038,537.8483943415824,301.09142176088966,856.5326369222752,1.3078425806927378
2026-03-13 20:00:00,284.23338,484.1849016069282,341.5202503287214,748.952242885135,-1.3595487217932183
2026-03-13 21:00:00,180.33338,197.1396398628557,151.0235620986895,356.04691762702186,3.3520377641661994
2026-03-13 22:00:00,181.33338,160.39762103729103,115.19355044142657,227.83037163315547,4.567110595864475
2026-03-13 23:00:00,161.45638,152.71428276243176,114.68479854669462,202.69219697816894,0.27754421573715105
2026-03-14 00:00:00,185.07122,139.47281734453804,119.121353306007,155.05868138306909,7.766764038531047
2026-03-14 01:00:00,185.07122,184.3487584176073,173.9626551420021,190.98291169321254,-2.1883867243947828
2026-03-14 02:00:00,185.07122,183.55794999618772,171.56577617657572,189.50000381579972,-2.165886180388025
2026-03-14 03:00:00,185.07122,184.1155666824465,179.9801378890629,203.4002554758302,-2.39013120661637
2026-03-14 04:00:00,185.07122,184.34491522036345,172.64751592832914,193.03549451239778,-2.6855807079656606
2026-03-14 05:00:00,185.07122,184.0454840476592,170.57955180846548,201.18278628685292,-2.858787760806316
2026-03-14 06:00:00,165.97122,173.50121815013688,156.40097460641337,200.35328169386037,0.44440354372350105
2026-03-14 07:00:00,165.97122,168.03569159348962,149.8435718806403,190.515641306339,-0.13518028715064925
2026-03-14 08:00:00,157.07122,167.44132101373134,145.6939306590488,186.4925013684139,-2.730689645317467
2026-03-14 09:00:00,157.07122,160.1625214422138,134.99724382251728,183.1684290619104,-1.4210723803034686
2026-03-14 10:00:00,157.07122,161.8157535282192,143.0854246461,184.45651241033843,-2.3185811178807767
2026-03-14 11:00:00,165.97122,166.40974812511524,140.08113285017697,193.74936340005354,-2.3704647250617468
2026-03-14 12:00:00,165.97122,157.076995585259,128.67348741082512,183.42963375969293,-0.8034018255661185
2026-03-14 13:00:00,165.97122,160.76508481551542,138.71927308557758,185.27927654545323,-3.134758270062179
2026-03-14 14:00:00,165.97122,164.81910964318456,130.6088877992521,187.34107148711703,0.28520184393242787
2026-03-14 15:00:00,165.97122,172.91701192117387,143.77846972089867,210.6914941214491,-0.6909077997248247
2026-03-14 16:00:00,186.07122,178.1461074827417,155.01442487772155,232.11271008776194,-1.462627394979824
2026-03-14 17:00:00,266.07122,191.9841622998959,144.74906421429253,299.5652703854994,-2.1111519143966224
2026-03-14 18:00:00,332.19422,251.44892123997,165.41960160619996,418.08420087374003,0.4004396337700352
2026-03-14 19:00:00,332.19422,376.06798314082863,281.8086405601359,540.7998257215215,1.3078425806927378
2026-03-14 20:00:00,332.19422,259.85589925116574,223.98081284390256,399.07016565842895,-1.1170335927368296
2026-03-14 21:00:00,266.07122,189.2803817420624,164.7235639778962,285.38430950622853,3.3520377641661994
2026-03-14 22:00:00,266.07122,192.6769009535763,156.83280401292882,242.41943789422382,4.189426940647472
2026-03-14 23:00:00,201.07122,180.1908248982992,147.41651242327126,225.32836737332718,-0.6886675249720595
2026-03-15 00:00:00,229.49337,174.11425030372834,144.2243788386103,193.96001176884636,9.10167146511802
2026-03-15 01:00:00,229.49337,228.73175486178144,209.77311158617624,245.86392813738664,-2.1883867243947828
2026-03-15 02:00:00,229.49337,228.10876793737617,201.6972041177642,251.4436317569881,-2.165886180388025
2026-03-15 03:00:00,229.49337,228.42698618103677,214.00303293742544,251.05337942464809,-2.4966467563886834
2026-03-15 04:00:00,229.49337,228.34182460643268,209.53901860755073,232.94976060531465,-2.8904740011180308
2026-03-15 05:00:00,229.49337,227.20068078604,205.5719785468463,240.9750630252337,-2.858787760806316
2026-03-15 06:00:00,194.49337,211.5989421750457,188.14846863132217,225.49599571876914,0.44440354372350105
2026-03-15 07:00:00,170.49337,205.02764951650204,184.4463557958758,218.2682632371283,-0.863216279373743
2026-03-15 08:00:00,117.71437,203.48596190753491,192.90754155285236,216.22100226221747,-2.730689645317467
2026-03-15 09:00:00,117.62437,204.09949404641543,179.94369510695148,204.4377229858794,-1.4422410605360356
2026-03-15 10:00:00,117.62437,205.4574205846495,190.96355352594836,209.47900764335063,-2.45297294129886
2026-03-15 11:00:00,170.49337,209.1774632387205,189.00361796378223,214.40784851365876,-2.3704647250617468
2026-03-15 12:00:00,170.49337,203.0095763473548,183.6950681729209,210.53856452178866,-0.8034018255661185
2026-03-15 13:00:00,170.49337,197.32630044944744,189.32927506857513,209.22127583031974,-3.2008946191276886
2026-03-15 14:00:00,171.49337,199.02093309132744,188.148971247395,210.7074149352599,0.28520184393242787
2026-03-15 15:00:00,171.49337,206.2823775808949,189.2188253806197,229.45021978117003,-0.6909077997248247
2026-03-15 16:00:00,229.49337,210.37243060082963,200.12553799580945,241.23597320584977,-1.462627394979824
2026-03-15 17:00:00,272.41637,237.17072251427447,219.2285344286711,283.79798059987786,-2.1111519143966224
2026-03-15 18:00:00,299.49337,281.3904380443394,246.98506841056937,354.29476767810945,0.4004396337700352
2026-03-15 19:00:00,344.49337,303.95919322898527,254.49902064829251,381.016675809678,1.3078425806927378
2026-03-15 20:00:00,339.49337,287.35420680557405,245.17244039831087,376.3641232128372,-1.1170335927368296
2026-03-15 21:00:00,279.49337,253.6662648861983,218.27729712203208,327.0218926503645,3.3520377641661994
2026-03-15 22:00:00,272.41637,253.4238495200246,218.97727892416012,294.75645011588904,4.567110595864475
2026-03-15 23:00:00,272.41637,228.8483789964722,185.22883652144426,255.47037147150013,-0.6886675249720595
2026-03-16 00:00:00,279.95154,218.77119773406,174.77050339646476,242.15588207165524,9.307534337595236
2026-03-16 01:00:00,269.95154,278.9171537853788,241.34709050977352,291.452247060984,-2.1883867243947828
2026-03-16 02:00:00,219.95154,277.77217925430693,232.05008543469495,290.0757730739189,-2.165886180388025
2026-03-16 03:00:00,219.95154,277.17054444951816,244.41692056525838,292.8721183337779,-2.6719861157402622
2026-03-16 04:00:00,269.95154,278.4628558995275,240.81654990064553,296.12110189840945,-2.8904740011180308
2026-03-16 05:00:00,279.95154,278.2113486212312,238.7655563820375,293.6178508604249,-2.858787760806316
2026-03-16 06:00:00,299.07454,264.37630745640985,231.00444391268638,280.0833110001334,0.44440354372350105
2026-03-16 07:00:00,279.95154,256.81738643790067,236.70768672505136,276.61974615075,-0.13518028715064925
2026-03-16 08:00:00,231.91454,247.80038910441357,232.78606785291637,268.19651035591073,-2.5948087485028344
2026-03-16 09:00:00,219.95154,243.14712992664852,208.02813230695196,263.54627754634504,-1.4210723803034686
2026-03-16 10:00:00,269.95154,252.48401766726508,232.58106878514582,275.98020654938426,-2.3185811178807767
2026-03-16 11:00:00,279.95154,257.00896781790266,231.01358765751658,289.2402979782887,-1.9238898396139554
2026-03-16 12:00:00,279.95154,239.58737324005543,205.62006328566125,277.00039319444954,-0.6452500456058287
2026-03-16 13:00:00,279.95154,244.2830260508564,214.91473432091854,271.15598778079413,-3.134758270062179
2026-03-16 14:00:00,299.07454,248.17766396751475,224.65653967068192,299.03831826434754,0.5848542968328397
2026-03-16 15:00:00,299.07454,257.2121955266698,211.5413033263946,319.630617726945,-0.6909077997248247
2026-03-16 16:00:00,319.95154,275.8495052868559,233.6104794295553,322.04577114415645,-1.610434142699441
2026-03-16 17:00:00,336.95154,307.456846096259,273.87060801065564,400.25151418186243,-2.1111519143966224
2026-03-16 18:00:00,336.95154,362.1389402300837,255.63926059631362,542.6126798638537,0.4004396337700352
2026-03-16 19:00:00,799.03854,404.7242015353367,267.89343895464395,608.9582241160294,1.3078425806927378
2026-03-16 20:00:00,339.95154,378.4730144145194,300.7015780072563,527.8016508217826,-1.1170335927368296
2026-03-16 21:00:00,339.95154,315.8971373570737,279.0363595929075,400.0888251212399,3.3520377641661994
2026-03-16 22:00:00,336.95154,303.2658056045316,280.5512950086671,336.354666200396,4.567110595864475
2026-03-16 23:00:00,319.95154,287.52513336841105,248.8948191526739,309.41070758414816,0.27754421573715105
2026-03-17 00:00:00,306.49125,263.867776213916,212.39196216012576,285.7795402677062,10.369554053790202
2026-03-17 01:00:00,306.49125,306.0601171286245,248.20745385301927,322.37597040422975,-2.1883867243947828
2026-03-17 02:00:00,280.36825,305.13717403979626,255.5520198490349,329.19527823055756,-1.97588580923865
2026-03-17 03:00:00,280.36825,305.5313702999367,264.42965705632537,339.13302354354806,-2.4966467563886834
2026-03-17 04:00:00,306.49125,306.37234407841885,264.9392780795369,333.41605007730084,-2.8904740011180308
2026-03-17 05:00:00,306.49125,307.41379115660874,269.408168917415,334.16266339580244,-2.858787760806316
2026-03-17 06:00:00,306.49125,311.6835183695464,285.34659447591525,343.3357922631775,0.5856238936311264
2026-03-17 07:00:00,306.49125,306.6272742689824,285.9234756707416,332.03973286722317,0.45892859824079985
2026-03-17 08:00:00,306.49125,302.8582527857101,274.75828475280707,324.637500818613,-2.3037019670970293
2026-03-17 09:00:00,280.36825,300.8347139060963,269.42000628639977,340.11567152579283,-1.4210723803034686
2026-03-17 10:00:00,280.36825,312.5744863233878,284.5354674412686,344.71110520550695,-2.3185811178807767
2026-03-17 11:00:00,306.49125,315.7166641028831,283.993253942497,354.34140426326917,-1.9238898396139554
2026-03-17 12:00:00,280.36825,310.81738175643886,263.81217582269005,357.6205576901877,-0.04963406625118594
2026-03-17 13:00:00,306.49125,313.1123902412156,266.80739818457573,377.8410822978555,-3.07565794336009
2026-03-17 14:00:00,330.36825,326.3186556467729,286.8665921093187,408.5017391842271,0.4739735374542364
2026-03-17 15:00:00,332.36825,339.29551705525296,272.93453665730647,443.0837974531994,-1.0793696020535055
2026-03-17 16:00:00,332.36825,352.626433579679,289.6329777223784,416.9256794369795,-1.610434142699441
2026-03-17 17:00:00,335.36825,386.8602028047508,334.78977471914743,556.2316708903543,-2.1111519143966224
2026-03-17 18:00:00,335.36825,468.36099627926296,283.11821664549285,806.9701359130328,0.4004396337700352
2026-03-17 19:00:00,794.45525,598.7770367715638,375.73369059703293,953.7045629460944,6.393656174530799
2026-03-17 20:00:00,335.36825,457.9968369257935,333.80558051853035,690.8908833330566,-1.1170335927368296
2026-03-17 21:00:00,332.36825,377.0833577935297,321.9529400293635,488.6038855576959,3.3520377641661994
2026-03-17 22:00:00,332.36825,341.0143603561702,304.50284204081146,388.3304486715289,4.826948315358702
2026-03-17 23:00:00,306.49125,331.07331354626814,274.168319330531,379.0453077620053,0.27754421573715105
2026-03-18 00:00:00,311.84308,299.9502195537625,262.0608197954785,337.36043931204665,15.172459758284102
2026-03-18 01:00:00,311.84308,311.39281800862136,271.32109869868293,321.8113973185597,-2.6920006900615987
2026-03-18 02:00:00,311.84308,311.2299418566228,268.09665803701085,335.71832567623477,-2.165886180388025
2026-03-18 03:00:00,311.84308,311.36996223184593,272.90983898823464,345.0880554754573,-2.4966467563886834
2026-03-18 04:00:00,311.84308,312.2945998405308,268.0396938416489,344.21482583941275,-2.8904740011180308
2026-03-18 05:00:00,334.84308,313.0033428974645,273.9238706582708,341.60693513665825,-2.858787760806316
2026-03-18 06:00:00,334.84308,312.10911302683576,286.4008391332046,363.43472692046686,0.5856238936311264
2026-03-18 07:00:00,334.84308,313.0042561262593,290.3972575280185,350.6586547245001,0.45892859824079985
2026-03-18 08:00:00,334.84308,309.3070923606805,278.73756432777753,338.9123403935835,-2.3037019670970293
2026-03-18 09:00:00,311.84308,308.41845001517635,272.89619035067886,348.94040967967396,-1.4340103355024203
2026-03-18 10:00:00,311.84308,313.9719466492854,276.9092077671663,341.8895455314047,-2.3185811178807767
2026-03-18 11:00:00,334.84308,312.2946508090088,269.76106553407055,345.12208608394695,-2.3704647250617468
2026-03-18 12:00:00,311.84308,308.45603608767607,260.0032001539273,347.2102920214249,-0.04963406625118594
2026-03-18 13:00:00,334.84308,317.5641751259628,277.19043306932286,366.29629718260264,-3.07565794336009
2026-03-18 14:00:00,338.84308,332.2252007517379,296.92696890780553,392.98337259567035,0.28520184393242787
2026-03-18 15:00:00,339.96608,339.2968175626209,282.8341218412253,419.63029328401655,-1.850204278604418
2026-03-18 16:00:00,339.96608,343.9472826505478,281.4344967932472,390.5023485078484,-1.610434142699441
2026-03-18 17:00:00,339.96608,359.6829659855149,317.66814794118335,475.5681440298464,-2.571901955668442
2026-03-18 18:00:00,341.84308,435.71674130957,308.5105416758001,676.63298094334,0.4004396337700352
2026-03-18 19:00:00,389.84308,578.9067150089478,390.26577883441706,851.7118711834786,6.393656174530799
2026-03-18 20:00:00,353.84308,440.7280726877728,328.0369662805097,640.0423390950359,-1.1170335927368296
2026-03-18 21:00:00,339.96608,370.534460416293,317.27423016463393,460.7027606679521,3.0959202516590483
2026-03-18 22:00:00,339.96608,339.2327730505994,300.70094245473496,380.39482364646386,4.567110595864475
2026-03-18 23:00:00,334.84308,326.5115390354455,273.8654765604175,367.3526415104734,-0.6886675249720595
2026-03-19 00:00:00,347.22084,309.946606448755,250.55459669047087,360.2103162070391,15.172459758284102
2026-03-19 01:00:00,347.22084,346.613041828409,293.7708425184706,379.7957211383474,-2.6920006900615987
2026-03-19 02:00:00,347.22084,346.6686731321451,289.7002493125331,376.7939569517571,-2.165886180388025
2026-03-19 03:00:00,347.22084,347.1687253694355,288.24827212582414,374.5616786130468,-2.4966467563886834
2026-03-19 04:00:00,347.22084,347.70516404383267,292.92766804495074,372.92739004271465,-2.8904740011180308
2026-03-19 05:00:00,354.19084,347.81820131964463,296.48387908045095,378.98935355883833,-2.858787760806316
2026-03-19 06:00:00,354.19084,340.2757013266672,299.7546274330361,376.57669522029835,0.5856238936311264
2026-03-19 07:00:00,347.22084,337.8473405599604,311.9773719617196,375.95208915820115,0.45892859824079985
2026-03-19 08:00:00,347.22084,335.75688603859174,296.2171280056888,356.6819740714947,-2.3037019670970293
2026-03-19 09:00:00,308.99084,337.1786523964054,300.16228273190785,374.361892060903,-1.4340103355024203
2026-03-19 10:00:00,347.22084,337.08665391585185,301.11543503373264,367.1583727979711,-2.3185811178807767
2026-03-19 11:00:00,347.22084,338.06790415784167,299.0878688829034,368.30776943277993,-2.3704647250617468
2026-03-19 12:00:00,347.22084,336.96254937418416,297.2160934404354,372.455425307933,-0.04963406625118594
2026-03-19 13:00:00,347.22084,346.56108582579213,307.03297376915225,379.50437788243204,-3.07565794336009
2026-03-19 14:00:00,354.19084,351.4074570567851,313.9593752128527,386.8081289007176,0.28520184393242787
2026-03-19 15:00:00,354.19084,357.73708963760663,314.204033916211,396.3621453590022,-1.850204278604418
2026-03-19 16:00:00,360.09084,362.707423194723,331.00985733742243,388.0900490520235,-1.610434142699441
2026-03-19 17:00:00,360.09084,368.47298714192647,345.2070890975949,420.804685186258,-2.571901955668442
2026-03-19 18:00:00,415.09084,391.0540865114044,340.1300732618117,488.52073976099723,-1.0842167504071942
2026-03-19 19:00:00,415.09084,430.8953448800524,364.722242944605,548.8740868154999,7.298501935447433
2026-03-19 20:00:00,390.09084,404.4839919312428,365.1103127015112,483.25503116097445,-1.3010107702683475
2026-03-19 21:00:00,375.09084,370.9979999997085,340.7717797480494,408.4847202513675,3.0959202516590483
2026-03-19 22:00:00,360.09084,361.50435440258894,321.78924380672447,395.67936499845337,4.567110595864475
2026-03-19 23:00:00,354.19084,353.579455540448,301.5583863056438,399.59994477525225,-1.471030765195801
2026-03-20 00:00:00,347.8728,343.33433236266546,295.9372626043814,375.4419721209496,15.172459758284102
2026-03-20 01:00:00,347.8728,347.3967951621741,302.6040558522357,372.5689344721125,-2.6920006900615987
2026-03-20 02:00:00,347.8728,347.496595570453,290.605461750841,371.19464939006497,-2.165886180388025
2026-03-20 03:00:00,330.1428,347.4651125679625,291.00209932435115,369.07173581157383,-2.4966467563886834
2026-03-20 04:00:00,330.1428,347.5698789489341,291.42957295005215,363.75782494781606,-2.8904740011180308
2026-03-20 05:00:00,347.8728,347.67872312084233,296.18336088164864,364.86135536003604,-2.858787760806316
2026-03-20 06:00:00,347.8728,340.16320699003313,292.250313096402,359.74266088366426,0.5856238936311264
2026-03-20 07:00:00,339.1428,339.4530010097058,303.31813241146506,360.7742296079466,0.45892859824079985
2026-03-20 08:00:00,330.1428,340.88709291959657,308.9121948866936,355.08494095249955,-2.3037019670970293
2026-03-20 09:00:00,330.1428,342.08567296921683,313.1576833047192,364.8977626337144,-1.4340103355024203
2026-03-20 10:00:00,330.1428,342.98787917197666,319.60462028985745,365.04551805409585,-2.3185811178807767
2026-03-20 11:00:00,330.1428,344.83372809720106,324.63167282226283,371.1062133721392,-2.3704647250617468
2026-03-20 12:00:00,330.1428,347.0712487640001,319.1004028302513,375.5839846977489,-0.04963406625118594
2026-03-20 13:00:00,330.1428,349.68894997464923,324.0874279180094,368.78776203128916,-3.07565794336009
2026-03-20 14:00:00,347.8728,352.31373211776224,323.55166027382984,378.4677039616947,0.28520184393242787
2026-03-20 15:00:00,347.8728,356.83749389192644,326.72647817053087,383.84162961332197,-1.850204278604418
2026-03-20 16:00:00,354.1428,361.0256924078071,341.6346565505066,386.5871982651077,-1.610434142699441
2026-03-20 17:00:00,379.1428,369.5465879998821,349.04679136764213,405.899184632122,-2.5992833677600764
2026-03-20 18:00:00,384.1428,412.103331461943,376.91295286244974,470.7901700614363,-1.90560140050674
2026-03-20 19:00:00,384.1428,422.676424525326,382.7394952772948,501.52533377335715,5.911509248031246
2026-03-20 20:00:00,384.1428,402.0461708673567,376.77273192940095,463.06209980531247,-1.6597910620442453
2026-03-20 21:00:00,379.1428,381.9817470702358,361.2765753145932,419.5221688258785,0.737341755642669
2026-03-20 22:00:00,379.1428,370.9224422903578,347.0673153497103,402.6305292310053,4.189426940647472
2026-03-20 23:00:00,354.1428,364.1313728692277,325.5977336344235,395.6949221040319,-1.471030765195801
2026-03-21 00:00:00,346.45843,345.7789810037717,308.5092312454876,373.6303707620559,15.172459758284102
2026-03-21 01:00:00,346.45843,346.3023270345604,318.08678772462196,364.24208634449883,-2.6920006900615987
2026-03-21 02:00:00,325.45843,346.06835168517983,308.3370378655679,362.3843455047919,-2.165886180388025
2026-03-21 03:00:00,325.45843,345.90812675629275,307.6127435126814,361.5723299999042,-2.4966467563886834
2026-03-21 04:00:00,346.45843,345.9936993331879,302.695713334306,355.8041453320699,-2.8904740011180308
2026-03-21 05:00:00,346.45843,345.8318393850685,306.8473071458748,351.7005116242622,-2.858787760806316
2026-03-21 06:00:00,346.45843,335.4487857760097,299.3370922322862,347.8141193197332,0.44440354372350105
2026-03-21 07:00:00,325.45843,334.9657053595946,302.60464564674527,348.55593507244396,-0.13518028715064925
2026-03-21 08:00:00,229.92343,335.7691539645459,307.31391271304875,347.9259252160431,-2.5948087485028344
2026-03-21 09:00:00,229.92343,335.3919882501391,307.20159858564153,351.07435791463666,-1.4340103355024203
2026-03-21 10:00:00,278.35843,336.81073363545,317.1030951825899,350.4802420883101,-2.873111547139887
2026-03-21 11:00:00,304.35843,341.9736377447041,324.9556274766784,358.11718801272986,-2.633119731974287
2026-03-21 12:00:00,260.50443,341.2073237292911,322.1575637748969,361.3524036836852,-0.6452500456058287
2026-03-21 13:00:00,278.35843,341.8905477328516,328.2781260029138,355.76388946278934,-3.134758270062179
2026-03-21 14:00:00,325.45843,343.331405587376,327.5972481140482,359.39118306070395,-0.505162526672161
2026-03-21 15:00:00,346.45843,349.3325750067735,333.1831992853779,367.77784072816905,-1.850204278604418
2026-03-21 16:00:00,346.45843,356.66159686939375,345.0028059105922,374.4620778281953,-1.674129041198432
2026-03-21 17:00:00,350.45843,367.3640679245848,352.99039129234484,395.2842245568247,-2.5992833677600764
2026-03-21 18:00:00,375.45843,391.7730026756376,373.8275040761443,435.44603127513085,-1.90560140050674
2026-03-21 19:00:00,375.45843,395.2917713666697,362.6853721186385,449.079010614701,5.911509248031246
2026-03-21 20:00:00,375.45843,395.27975917330775,371.608800235352,441.2083481112636,-1.6597910620442453
2026-03-21 21:00:00,350.45843,386.96354882061314,365.9290570649705,424.4442105762558,0.737341755642669
2026-03-21 22:00:00,346.45843,379.1706321107595,355.5647651701121,405.105539051407,4.189426940647472
2026-03-21 23:00:00,346.45843,360.65588401097017,340.65880477616594,381.02634324577434,-1.471030765195801
2026-03-22 00:00:00,331.85997,349.0802243732184,313.5499703194282,381.4599684270086,10.369554053790202
2026-03-22 01:00:00,331.85997,331.86077660182104,307.26707729188263,361.9031159117594,-2.6920006900615987
2026-03-22 02:00:00,366.85997,331.92867456990393,298.748660750292,362.8574083895159,-2.165886180388025
2026-03-22 03:00:00,331.85997,331.41183168768623,300.25457844407487,359.83312493129756,-2.4966467563886834
2026-03-22 04:00:00,331.85997,331.2235425062139,293.27857650733193,355.61866850509585,-2.8904740011180308
2026-03-22 05:00:00,331.85997,330.7825243567236,278.5520504589422,344.68515825450515,-2.948686102218541
2026-03-22 06:00:00,331.85997,314.2049317017149,258.3430675330196,329.7088858704102,0.30644416869529156
2026-03-22 07:00:00,261.85997,310.32963352164984,260.5454438088005,325.78866323449915,-0.13518028715064925
2026-03-22 08:00:00,110.08097,304.314401676835,257.25150364393204,313.84794970973803,-2.3037019670970293
2026-03-22 09:00:00,110.08097,302.87836916287074,255.3069229381002,307.6657653876413,-1.3311537752294595
2026-03-22 10:00:00,110.08097,307.2956787174122,269.146849835293,314.4031575995314,-2.3185811178807767
2026-03-22 11:00:00,259.70797,305.3822520793024,273.9706368043642,311.95383735424065,-2.3704647250617468
2026-03-22 12:00:00,261.85997,296.55310118917527,261.73197525542645,302.17002712292407,-0.04963406625118594
2026-03-22 13:00:00,261.85997,297.215191217362,279.7684791607221,312.0763832740019,-3.07565794336009
2026-03-22 14:00:00,261.85997,311.6100262808132,293.1019244368808,324.17620812474564,0.28520184393242787
2026-03-22 15:00:00,331.85997,318.56209136250334,306.08093564110777,333.898787083899,-1.850204278604418
2026-03-22 16:00:00,366.85997,320.9581321230319,314.84692116423037,343.50280308183346,-1.674129041198432
2026-03-22 17:00:00,366.85997,334.73102931678807,318.8216412311847,369.7059374023915,-2.1111519143966224
2026-03-22 18:00:00,383.85997,361.8783995797782,334.1811609802849,408.87587817927147,-1.90560140050674
2026-03-22 19:00:00,383.85997,371.2073317395312,336.5555424915,425.9500909875624,5.911509248031246
2026-03-22 20:00:00,383.85997,365.29351793575165,341.8592689977959,410.7891868737074,-1.6597910620442453
2026-03-22 21:00:00,383.85997,352.0236373299319,333.8035870782728,397.7721275815909,3.0959202516590483
2026-03-22 22:00:00,366.85997,348.8880614346594,329.2147544940119,387.48394837530685,4.189426940647472
2026-03-22 23:00:00,366.85997,339.09194217489426,311.5558629186782,369.56906143111024,-1.8398707437839803
2026-03-23 00:00:00,376.5061,327.5702627477231,292.7825586939329,352.1547568015133,10.369554053790202
2026-03-23 01:00:00,376.5061,376.2438119424672,341.7565226325288,389.46670125240564,-2.6920006900615987
2026-03-23 02:00:00,376.5061,376.29549794261567,339.8078837518543,396.787882133377,-1.97588580923865
2026-03-23 03:00:00,336.5061,375.9137316933437,332.9338784497324,398.4775749369551,-2.4966467563886834
2026-03-23 04:00:00,336.5061,375.99744354944505,328.2041375505631,398.49618954832704,-2.8904740011180308
2026-03-23 05:00:00,336.5061,374.5637004311018,321.6665865333203,394.6181843288833,-2.948686102218541
2026-03-23 06:00:00,336.5061,347.46503689253143,310.8308133488079,374.625230436255,0.44440354372350105
2026-03-23 07:00:00,266.5061,339.5360673781239,311.3795736574976,370.5464810987502,-0.863216279373743
2026-03-23 08:00:00,114.7271,323.430292479584,284.79561444668104,352.55421051248703,-2.3037019670970293
2026-03-23 09:00:00,114.7271,318.9350981708636,282.3606674079397,347.63720893378763,-1.0423392370760332
2026-03-23 10:00:00,114.7271,320.9271905904068,292.2309717082876,350.67743947252603,-2.3185811178807767
2026-03-23 11:00:00,289.4061,332.7399424557671,297.4306871808289,349.3101777307054,-2.3704647250617468
2026-03-23 12:00:00,266.5061,328.7128842174397,294.91921421799555,345.83427421688384,-0.3175400005558784
2026-03-23 13:00:00,266.5061,329.1155861917516,303.5931441351117,355.8810882483915,-3.07565794336009
2026-03-23 14:00:00,266.5061,334.64242889311424,313.5180470491818,362.66349073704674,0.28520184393242787
2026-03-23 15:00:00,315.4061,356.1329570075732,328.7850484641322,405.5860255510142,-2.1860914565590455
2026-03-23 16:00:00,376.5061,367.17282125618215,340.08732539888155,417.85721711348276,-1.610434142699441
2026-03-23 17:00:00,392.4261,375.5295971026008,342.60452047036085,449.26759373484083,-2.5992833677600764
2026-03-23 18:00:00,393.5061,399.1801485951243,365.90312999563105,484.96148719461763,-1.90560140050674
2026-03-23 19:00:00,407.6171,411.0024766627212,380.27556741469,498.02159591075247,5.911509248031246
2026-03-23 20:00:00,393.5061,398.4823527787861,385.16932384083026,456.76166171674186,-1.6597910620442453
2026-03-23 21:00:00,393.5061,395.0137718201498,374.93787006450714,444.8808135757925,0.737341755642669
2026-03-23 22:00:00,392.4261,384.4050498973968,355.3716966005973,425.08066319419635,3.2036432967994783
2026-03-23 23:00:00,392.4261,379.371803582568,343.93999594441937,418.1091612207167,-2.206792361851337
2026-03-24 00:00:00,114.49924,356.868521940502,307.8179521822179,385.4842216987861,15.172459758284102
2026-03-24 01:00:00,114.49924,117.27934820692292,68.70913889698448,128.53387751686125,-2.6920006900615987
2026-03-24 02:00:00,114.49924,128.90503884592368,81.50937465516238,154.57594303668498,-1.97588580923865
2026-03-24 03:00:00,114.49924,133.94858673165763,94.62489348804633,163.43152997526892,-2.4966467563886834
2026-03-24 04:00:00,114.59024,136.15482097532254,81.80777497644056,157.90367697420447,-2.8904740011180308
2026-03-24 05:00:00,266.36924,146.17212375353952,83.3257698557581,154.69362765132104,-2.948686102218541
2026-03-24 06:00:00,266.36924,270.31928344152084,222.1459698977974,284.5764369852444,0.44440354372350105
2026-03-24 07:00:00,270.62924,264.77028144457176,233.02323772394553,292.872455165198,-0.863216279373743
2026-03-24 08:00:00,271.41524,237.1535565666667,193.60978015107932,258.62314298225397,-2.0453035844126286
2026-03-24 09:00:00,266.36924,234.36990912523837,198.3010271352947,262.8166411151821,-0.7579080100562884
2026-03-24 10:00:00,266.36924,235.52189864530052,202.64678976318135,271.92521752741976,-2.3185811178807767
2026-03-24 11:00:00,266.36924,273.2006386649745,240.05747339003628,300.27803393991275,-2.3704647250617468
2026-03-24 12:00:00,264.21724,286.85969357947585,246.5040035800318,321.91173357891995,-0.3175400005558784
2026-03-24 13:00:00,266.36924,301.7589329118292,266.04971085518935,349.22832496846905,-3.07565794336009
2026-03-24 14:00:00,381.36924,318.8420263205905,289.57504447665804,359.0950381645229,0.28520184393242787
2026-03-24 15:00:00,388.07724,350.7429586133144,302.0350300698734,407.5075771567553,-2.1860914565590455
2026-03-24 16:00:00,388.07724,373.5852788742348,327.1735879154333,441.63667983303634,-1.674129041198432
2026-03-24 17:00:00,388.36924,385.3132580639258,327.19503115944,461.63010496841156,-3.159723095514212
2026-03-24 18:00:00,429.36924,411.6582491702375,362.8770505707443,490.0882477697308,-1.90560140050674
2026-03-24 19:00:00,516.36924,427.5940861567699,373.7442069087387,497.4383954048011,5.911509248031246
2026-03-24 20:00:00,396.36924,411.2389335696568,381.78745530654714,460.46564183276644,-2.2945717368903042
2026-03-24 21:00:00,388.36924,404.3676386999632,379.07634786972557,456.7951095302008,-0.008309169762351541
2026-03-24 22:00:00,388.07724,385.78595593886473,360.61562400387834,424.60175787385117,0.9038819349864068
2026-03-24 23:00:00,381.36924,347.9595245455402,324.2539969073916,382.1920321836888,-2.206792361851337
2026-03-25 00:00:00,186.70675,146.34524796409232,41.061836778123435,243.18081915006115,17.12957118596888
2026-03-25 01:00:00,254.55475,186.6163476328133,127.29778832287491,284.3846569427517,-2.6920006900615987
2026-03-25 02:00:00,254.55475,186.43283296444508,133.05713877368376,244.70807715520644,-1.97588580923865
2026-03-25 03:00:00,261.75275,186.34436370865092,159.01477046503962,236.9191769522622,-2.4966467563886834
2026-03-25 04:00:00,279.60675,187.2771594421804,155.61666344329848,226.12457544106238,-2.8904740011180308
2026-03-25 05:00:00,305.70675,195.15721220715892,155.19036996796524,214.03581444635262,-2.858787760806316
2026-03-25 06:00:00,325.62675,228.58393954122545,177.96546599750198,254.56059308494892,0.44440354372350105
2026-03-25 07:00:00,304.70675,230.22000670890523,192.84174298827898,279.7581304295315,-0.863216279373743
2026-03-25 08:00:00,304.70675,227.57050234528364,180.68383230608595,268.0080923844814,-1.6996099608022561
2026-03-25 09:00:00,186.70675,229.37934783918655,196.64426821127662,273.50451746709643,-0.4663203720900665
2026-03-25 10:00:00,304.70675,233.38657624110368,201.31245735898452,289.8883151232229,-2.3185811178807767
2026-03-25 11:00:00,304.70675,251.5029336775657,209.14932840262748,305.288438952504,-2.3704647250617468
2026-03-25 12:00:00,261.75275,266.3506781575887,208.79770815814456,321.69929815703284,-0.3175400005558784
2026-03-25 13:00:00,304.70675,273.61938695021894,214.150614893579,323.6254890068588,-3.07565794336009
2026-03-25 14:00:00,325.62675,320.9673353043129,262.18912176685865,377.7409088417672,0.4739735374542364
2026-03-25 15:00:00,326.70675,333.695618179476,278.3542996360351,390.8747967229169,-2.1860914565590455
2026-03-25 16:00:00,381.70675,340.14949725090656,302.40807629210497,401.67919820970815,-1.674129041198432
2026-03-25 17:00:00,384.70675,342.91277153135,295.3768446268643,402.0834884358359,-3.159723095514212
2026-03-25 18:00:00,406.70675,392.4238356932543,339.4429370937611,463.73918429274755,-1.90560140050674
2026-03-25 19:00:00,406.70675,438.6296116885821,374.01546975313477,529.8526136240295,7.298501935447433
2026-03-25 20:00:00,406.70675,399.67383473094833,330.0498664678387,474.976462994058,-2.2945717368903042
2026-03-25 21:00:00,384.70675,383.1673321265715,317.57035117516205,437.133833077981,-0.9053990485905348
2026-03-25 22:00:00,381.70675,353.5804463821356,280.42898444714916,387.1077483171221,0.9038819349864068
2026-03-25 23:00:00,325.62675,313.50695375228526,238.28659611413661,358.2786613904339,-2.206792361851337
2026-03-26 00:00:00,290.73411,203.217749747172,154.01263998888786,246.83643950545607,15.172459758284102
2026-03-26 01:00:00,290.73411,290.5703157082828,250.6670763983444,329.33748501822123,-2.6920006900615987
2026-03-26 02:00:00,290.73411,290.68477199413354,255.3577678033722,319.1777861848949,-1.97588580923865
2026-03-26 03:00:00,290.73411,290.97630134394075,259.04112810032944,316.2917545875521,-2.4966467563886834
2026-03-26 04:00:00,290.73411,291.11245720019514,256.7715412013132,317.8031531990771,-2.8904740011180308
2026-03-26 05:00:00,292.72711,293.7529761179489,245.9933638787552,305.43024835714255,-2.858787760806316
2026-03-26 06:00:00,290.73411,290.7891225002748,249.12575895655127,319.9930260439983,0.44440354372350105
2026-03-26 07:00:00,290.73411,285.2361810816975,252.8974073610713,323.2610648023238,-0.863216279373743
2026-03-26 08:00:00,262.72711,281.6703550366648,246.80331499746694,319.2159250758625,-1.6996099608022561
2026-03-26 09:00:00,260.57511,266.4261747571656,230.48957512925566,304.1673343850755,-0.4663203720900665
2026-03-26 10:00:00,262.72711,280.7974943094817,242.90547542736246,317.2929731916009,-2.3185811178807767
2026-03-26 11:00:00,290.73411,279.41008127144744,234.5249710034217,312.02359153947316,-2.633119731974287
2026-03-26 12:00:00,285.62711,288.1124936985575,244.21838374416333,334.61994365295163,-0.6452500456058287
2026-03-26 13:00:00,290.73411,304.03254604422347,265.90418431428566,334.16881777416125,-3.134758270062179
2026-03-26 14:00:00,290.73411,316.7859133216704,285.51105147773796,357.49531516560285,0.28520184393242787
2026-03-26 15:00:00,331.72711,322.45535144898525,289.4353837668872,372.40996913108324,-2.5364323179019763
2026-03-26 16:00:00,332.72711,337.8903066711809,307.4425241173755,381.4125192249863,-1.9659574461946228
2026-03-26 17:00:00,367.72711,343.90741377443203,318.8201659813883,405.7381315674758,-3.8516822069562426
2026-03-26 18:00:00,367.72711,375.3398773333933,336.47750873390004,439.42271593288655,-1.90560140050674
2026-03-26 19:00:00,462.72711,389.1014523271144,335.1834203916669,465.1545942625618,7.298501935447433
2026-03-26 20:00:00,367.72711,384.31285691999824,344.9974786568886,444.55398518310795,-2.2945717368903042
2026-03-26 21:00:00,367.72711,370.8604673840447,337.6025224727853,415.798732295304,-1.3665750887406563
2026-03-26 22:00:00,332.72711,353.482875802144,322.95620948024776,383.19035212404026,-0.31672367810377744
2026-03-26 23:00:00,320.72711,322.4846872281435,287.55387958999484,353.5806648662922,-2.206792361851337
2026-03-27 00:00:00,265.74992,271.07424956939826,211.06957838342942,315.23015075536716,17.12957118596888
2026-03-27 01:00:00,265.74992,265.6552019760603,225.4330526661219,299.3394912859987,-2.6920006900615987
2026-03-27 02:00:00,265.74992,265.6699326262322,227.4263684354708,293.9761468169935,-1.97588580923865
2026-03-27 03:00:00,263.75092,266.2716225992356,233.30949935562427,289.02745584284696,-2.4966467563886834
2026-03-27 04:00:00,265.74992,265.9901274104169,230.2692614115349,284.47351340929885,-2.8904740011180308
2026-03-27 05:00:00,265.74992,267.22361372417106,230.6156814849774,281.7362559633648,-2.858787760806316
2026-03-27 06:00:00,265.74992,271.7278980556796,227.42370388698433,292.7174022243749,0.30644416869529156
2026-03-27 07:00:00,265.74992,272.61418836613353,239.18540464550725,305.3089720867598,-0.863216279373743
2026-03-27 08:00:00,265.74992,265.99031548798087,230.13945544878308,293.13113552717857,-1.6996099608022561
2026-03-27 09:00:00,265.74992,265.3737759964757,230.24076636856572,295.1035556243856,-0.4663203720900665
2026-03-27 10:00:00,265.74992,267.8878051385973,236.31441668573717,295.3239535914574,-2.873111547139887
2026-03-27 11:00:00,265.74992,272.4594474041321,240.55664713610636,297.33120767215786,-2.633119731974287
2026-03-27 12:00:00,263.75092,281.7275827087058,247.2564927543116,315.68334266309995,-0.6452500456058287
2026-03-27 13:00:00,265.74992,285.57809910183266,257.89185372096034,313.149334482705,-3.2008946191276886
2026-03-27 14:00:00,270.79692,293.44902959924366,261.9873321259158,321.7080270725715,-0.505162526672161
2026-03-27 15:00:00,294.75092,310.9623622645749,281.81609458247686,347.2627699466729,-2.5364323179019763
2026-03-27 16:00:00,305.75092,315.2650046955424,290.128852141737,349.8824172493478,-1.9659574461946228
2026-03-27 17:00:00,305.75092,323.421378927226,307.04546113418223,363.51209672026977,-3.8516822069562426
2026-03-27 18:00:00,333.75092,347.6240227727652,324.3575341732719,395.10485137225845,-1.90560140050674
2026-03-27 19:00:00,335.75092,378.6641730079409,332.6633310724935,441.0541249433884,7.298501935447433
2026-03-27 20:00:00,305.75092,355.0715534626998,314.4377751995901,415.4269417258094,-2.2945717368903042
2026-03-27 21:00:00,305.75092,345.38379699386235,309.033372082603,392.4662219051217,-1.3665750887406563
2026-03-27 22:00:00,305.75092,323.605325669584,286.1581393476877,354.8462219914802,-0.31672367810377744
2026-03-27 23:00:00,294.75092,307.5332043397949,267.70413670164623,337.6613719779436,-2.206792361851337
2026-03-28 00:00:00,198.48526,259.5500959425263,229.36196475655743,281.5869871284952,17.12957118596888
2026-03-28 01:00:00,198.48526,198.55718227881232,187.53925296887394,211.61158158875077,-2.6920006900615987
2026-03-28 02:00:00,198.48526,198.57091852526477,180.0037443345034,211.5099127160261,-1.97588580923865
2026-03-28 03:00:00,198.48526,198.67659355267165,183.25872030906035,207.77854679628294,-2.4966467563886834
2026-03-28 04:00:00,212.48526,198.8079613821514,176.4974453832694,205.2688973810334,-2.8904740011180308
2026-03-28 05:00:00,213.48526,201.67013400440263,179.23665176520885,206.29974624359633,-2.858787760806316
2026-03-28 06:00:00,198.48526,207.13110959649484,183.94347043786567,218.608958755124,-0.38432084137087597
2026-03-28 07:00:00,198.48526,214.1933711729137,193.77694745228746,232.25835489353994,-0.863216279373743
2026-03-28 08:00:00,116.70626,213.14534693551312,189.9744068963153,224.0640269747108,-1.6996099608022561
2026-03-28 09:00:00,116.70626,211.3435322255758,193.15791259766578,224.71748185348574,-0.4663203720900665
2026-03-28 10:00:00,116.70626,215.36431219224932,202.77465373938918,226.7888006451094,-2.873111547139887
2026-03-28 11:00:00,116.70626,217.6113096369502,202.88602936892448,229.10890990497592,-2.633119731974287
2026-03-28 12:00:00,116.70626,221.89885778952865,204.14899783513448,234.31121774392284,-0.6452500456058287
2026-03-28 13:00:00,117.32926,222.72528876355915,206.36017338268684,230.30152414443145,-3.2008946191276886
2026-03-28 14:00:00,198.48526,229.45446407533663,210.88528660200885,245.0051715486645,-0.505162526672161
2026-03-28 15:00:00,212.48526,240.47585153690488,225.33149385480687,259.70775921900287,-2.5364323179019763
2026-03-28 16:00:00,215.48626,243.50872603943995,230.61577348563455,262.94096859324526,-1.9659574461946228
2026-03-28 17:00:00,288.48526,250.01417433531552,243.14366743082977,271.7880812398013,-3.159723095514212
2026-03-28 18:00:00,288.48526,296.75400864483333,286.0258900453401,328.7072672443266,-1.90560140050674
2026-03-28 19:00:00,313.48526,302.930896270526,270.8564243350785,344.6334182059734,7.298501935447433
2026-03-28 20:00:00,288.48526,288.14224963109484,269.8252706931391,325.7862985690506,-1.6597910620442453
2026-03-28 21:00:00,288.48526,280.96274342081006,263.7705724694006,316.3289243722195,-0.9053990485905348
2026-03-28 22:00:00,288.48526,268.41939043777944,248.5645141158832,289.6925867596757,-0.31672367810377744
2026-03-28 23:00:00,215.48626,252.73983691221096,232.85520927406233,270.6489245503596,-2.206792361851337
2026-03-29 00:00:00,170.45135,216.3910868959284,176.06819867338348,261.8262751184733,22.74483822254488
2026-03-29 01:00:00,108.67235,170.79149203009698,154.00911272015856,199.1455913400353,-2.6920006900615987
2026-03-29 02:00:00,170.45135,170.84742288534747,144.88795869458613,205.1592670761088,-1.97588580923865
2026-03-29 03:00:00,170.45135,170.96238686250223,153.5230136188909,199.66497010611357,-2.4966467563886834
2026-03-29 04:00:00,170.45135,170.85509301508273,140.44760372304842,192.30485230711707,-2.6855807079656606
2026-03-29 05:00:00,170.45135,172.41612290297252,136.5401462167053,188.7308695892397,-2.7427833137327786
2026-03-29 06:00:00,108.03435,165.22391267053527,135.46907351190612,196.69671182916443,-0.38432084137087597
2026-03-29 07:00:00,108.03435,164.24791954169362,143.31929582106736,203.80221326231987,-0.863216279373743
2026-03-29 08:00:00,108.03435,156.04602135285268,120.97153656367077,192.76598614203454,-1.4889452108181036
2026-03-29 09:00:00,102.10735,155.92633154662602,123.36165390522153,189.92646918803044,-0.15857235859555371
2026-03-29 10:00:00,102.10735,157.73287754499418,128.458032188661,189.3005329013274,-2.272894643666831
2026-03-29 11:00:00,102.10735,157.51428600540393,119.00566073046566,190.2070912803422,-2.3704647250617468
2026-03-29 12:00:00,108.03135,159.2274660225315,114.99462602308736,189.65136602197563,-0.3175400005558784
2026-03-29 13:00:00,108.03435,160.3383094482168,120.51987771827896,190.9987211781546,-3.134758270062179
2026-03-29 14:00:00,108.03435,166.2343341836994,132.54380233976696,196.93326602763187,0.28520184393242787
2026-03-29 15:00:00,110.10735,171.94167537421114,136.10332683077013,219.3124439176521,-2.1860914565590455
2026-03-29 16:00:00,189.95135,177.7828888319981,143.01884787319648,223.41071979079967,-1.674129041198432
2026-03-29 17:00:00,203.45135,195.77982173193303,166.04544980472838,253.33228365913766,-2.6653380727953833
2026-03-29 18:00:00,207.45235,237.79131195526844,191.05252335577512,312.07897055476167,-1.90560140050674
2026-03-29 19:00:00,207.45235,259.335799549101,179.98349761365355,356.1778214845484,7.298501935447433
2026-03-29 20:00:00,207.45235,241.346030434048,178.90861149609222,330.34514937200373,-1.6597910620442453
2026-03-29 21:00:00,207.45235,231.4519688779042,179.32876792649475,292.75963982931364,-0.9053990485905348
2026-03-29 22:00:00,207.45235,226.5275599508846,189.95794362898835,286.30034627278087,-0.31672367810377744
2026-03-29 23:00:00,203.45135,195.91511778476303,157.14965852854698,227.33823704097904,-1.8398707437839803
2026-03-30 00:00:00,184.66957,175.88714912363042,115.77805409669782,218.14279415056302,28.111585026932605
2026-03-30 01:00:00,171.66257,184.5295626601337,149.29661938452847,214.64740593573893,-2.1883867243947828
2026-03-30 02:00:00,184.66957,184.53572979155297,148.8068356007916,218.7826839823143,-1.97588580923865
2026-03-30 03:00:00,184.66957,184.37369271113675,161.81757946752543,215.19440595474808,-2.4966467563886834
2026-03-30 04:00:00,184.66957,184.1231417307669,149.09128243873255,210.10458102280123,-2.6855807079656606
2026-03-30 05:00:00,184.66957,184.5369338099213,141.52617712365407,208.5810304961885,-2.7427833137327786
2026-03-30 06:00:00,184.66957,176.12093998876557,147.69380582007025,205.58014415746086,0.30644416869529156
2026-03-30 07:00:00,184.66957,173.94420096729132,149.69399125444198,210.03666068014067,-0.13518028715064925
2026-03-30 08:00:00,184.66957,169.65723760318005,136.31298848709392,210.5961917192662,-0.9922858839138639
2026-03-30 09:00:00,184.66957,167.94213044979384,137.5587948328686,209.56757606671906,0.429265616925221
2026-03-30 10:00:00,184.66957,167.53873730075313,146.04528165800286,213.9500729435034,-1.8403443572497387
2026-03-30 11:00:00,186.06257,174.47591940176173,133.9075892413757,211.8135595621478,-1.9238898396139554
2026-03-30 12:00:00,186.06257,180.4378673461901,131.77136422271013,216.69921446967004,0.09027712347996386
2026-03-30 13:00:00,186.06257,180.03966100240518,146.11233067747412,213.09679132733626,-3.011049675068945
2026-03-30 14:00:00,186.06257,188.92715398479368,153.96528044733944,228.1055175222479,0.4739735374542364
2026-03-30 15:00:00,186.06257,211.87871563062748,175.47877990923192,263.9015713520231,-1.850204278604418
2026-03-30 16:00:00,206.66257,240.0985133486909,189.8668823898893,282.4592843074925,-1.674129041198432
2026-03-30 17:00:00,216.66257,257.540988560259,203.6369966330544,320.01628048746363,-2.6653380727953833
2026-03-30 18:00:00,216.66257,274.58039709374657,207.85612849425334,373.24983569323985,-1.90560140050674
2026-03-30 19:00:00,386.66257,282.67203671591767,192.00879478047023,394.0251686513651,7.298501935447433
2026-03-30 20:00:00,216.66257,268.1381782982335,215.07413936027774,356.44555723618936,-1.6597910620442453
2026-03-30 21:00:00,216.66257,250.3837486650881,226.98626771367861,287.0561396164975,-0.9053990485905348
2026-03-30 22:00:00,206.66257,237.2485902838668,223.95899396197058,270.4937466057631,-0.31672367810377744
2026-03-30 23:00:00,186.06257,215.06800396871117,196.83226471249517,233.79585322492719,-1.8398707437839803
2026-03-31 00:00:00,195.01362,171.64072168468726,119.10795665775467,215.27910671161987,28.111585026932605
2026-03-31 01:00:00,195.01362,194.4561243343516,162.5953710587464,209.80722760995684,-2.1883867243947828
2026-03-31 02:00:00,195.01362,194.45023016004995,157.9379959692886,206.6911543508113,-1.97588580923865
2026-03-31 03:00:00,195.01362,194.45944397658536,155.05114073297403,202.18570722019666,-2.4966467563886834
2026-03-31 04:00:00,195.01362,194.49755049842364,171.1844612063893,212.25744979045797,-2.6855807079656606
2026-03-31 05:00:00,195.01362,194.4860399345226,163.6288032482554,207.64876662078981,-2.7427833137327786
2026-03-31 06:00:00,195.01362,197.0947964244924,175.54188225579708,210.00320059318767,0.30644416869529156
2026-03-31 07:00:00,195.01362,197.0860869001822,183.54263718733287,220.29998661303156,-0.13518028715064925
2026-03-31 08:00:00,189.41362,192.7366687985325,168.55633468244636,211.93509291461862,-0.9922858839138639
2026-03-31 09:00:00,189.41362,190.90385754486292,165.69794192793768,212.52819316178812,0.429265616925221
2026-03-31 10:00:00,189.41362,198.79577341443027,178.10959777168,217.52485905718052,-1.8403443572497387
2026-03-31 11:00:00,195.01362,197.38222456766889,178.78908440728284,224.8379547280549,-1.9238898396139554
2026-03-31 12:00:00,195.01362,199.9031063558101,182.38882923233015,231.67430347929005,0.09027712347996386
2026-03-31 13:00:00,195.01362,203.01954476389585,185.1692244389648,238.47076508882697,-3.011049675068945
2026-03-31 14:00:00,195.01362,212.83524813325843,191.208936289326,255.2217099771909,0.28520184393242787
2026-03-31 15:00:00,197.42062,224.68010601318625,194.8102474697453,280.11043455662724,-2.1860914565590455
2026-03-31 16:00:00,199.41362,238.4563319642257,206.42866100542415,275.85980292302725,-1.674129041198432
2026-03-31 17:00:00,274.45962,267.27665628424893,238.5701643570443,330.2870182114535,-2.6653380727953833
2026-03-31 18:00:00,239.41362,297.2608867243957,254.79757965731426,409.53063379147716,-2.2032129329186008
2026-03-31 19:00:00,399.41362,339.8075776858288,251.5166957503814,466.5188496212762,7.298501935447433
2026-03-31 20:00:00,199.41362,283.7400913693291,219.08076310621936,391.44621963243884,-2.2945717368903042
2026-03-31 21:00:00,199.41362,261.3078828928896,216.90611883721277,311.10491694856637,0.5262840556767842
2026-03-31 22:00:00,197.42062,238.17439960917537,205.09005767418898,268.2756015441618,0.9038819349864068
2026-03-31 23:00:00,197.42062,217.59228051824576,172.83368128344156,242.75424975305,-1.471030765195801
2026-04-01 00:00:00,166.41431,193.69956795675105,150.9630197342062,220.58416617929595,22.74483822254488
2026-04-01 01:00:00,166.41431,166.37515137922077,141.64549810361552,169.11046465482602,-2.1883867243947828
2026-04-01 02:00:00,166.41431,166.35688763080634,142.410633440045,168.91757182156766,-1.97588580923865
2026-04-01 03:00:00,166.41431,166.5198302694415,150.54522638518176,173.71982415370132,-2.6719861157402622
2026-04-01 04:00:00,166.41431,166.58492734574162,154.9940080537073,180.045416637776,-2.6855807079656606
2026-04-01 05:00:00,166.41431,167.84042828079097,147.9055460415973,175.62804051998467,-2.858787760806316
2026-04-01 06:00:00,166.41431,174.82653332823375,162.37368416960462,190.24492248686286,-0.38432084137087597
2026-04-01 07:00:00,166.41431,173.79436857443767,162.7884948538114,189.9431922950639,-0.863216279373743
2026-04-01 08:00:00,111.36131,166.4562582848864,148.6328534957045,187.3629230740683,-1.4889452108181036
2026-04-01 09:00:00,111.36131,168.7365388513756,148.67468120997117,192.70597649278008,-0.15857235859555371
2026-04-01 10:00:00,111.36131,174.16628097201925,160.60311561568608,193.38810632835242,-2.272894643666831
2026-04-01 11:00:00,113.79731,172.20394276049865,151.3117374855604,198.04758803543697,-2.3704647250617468
2026-04-01 12:00:00,115.56331,177.04564682995456,154.68196683051045,200.59469682939869,-0.3175400005558784
2026-04-01 13:00:00,166.41431,180.3578237075474,163.33251197760958,209.45935543748521,-3.134758270062179
2026-04-01 14:00:00,176.41431,189.83300438071677,162.93186690738892,219.7702118540446,-0.505162526672161
2026-04-01 15:00:00,176.41431,192.0219250536769,168.4610173715789,231.69432273577496,-2.5364323179019763
2026-04-01 16:00:00,176.41431,192.2729779621664,162.3924170033648,236.62275892096804,-1.674129041198432
2026-04-01 17:00:00,192.41431,219.44167710201276,182.21872019752695,289.09582400649856,-3.159723095514212
2026-04-01 18:00:00,256.41431,248.6545548325248,195.15968382817863,354.759695836871,-1.6683589956538052
2026-04-01 19:00:00,256.41431,300.03785325513377,233.20846131968634,406.0331551905813,7.298501935447433
2026-04-01 20:00:00,192.41431,234.8848363421722,199.17039740421646,300.133035280128,-1.6597910620442453
2026-04-01 21:00:00,192.41431,219.00459017469507,192.2388254808668,262.62062486852335,2.1269346938282396
2026-04-01 22:00:00,186.91431,200.64915201798917,182.05092008300275,223.78837395297555,0.9038819349864068
2026-04-01 23:00:00,176.41431,186.4313175402124,158.7105982839964,212.3664267964284,-1.8398707437839803
2026-04-02 00:00:00,155.6678,172.40887852578246,128.42231733981356,209.44914971175132,17.12957118596888
2026-04-02 01:00:00,155.6678,155.54470900807422,132.441935732469,168.6704122836794,-2.1883867243947828
2026-04-02 02:00:00,155.6678,155.55958608916103,129.76571189839967,166.42039027992234,-1.97588580923865
2026-04-02 03:00:00,155.6678,155.50602560612592,137.19801172186618,169.98492949038564,-2.6719861157402622
2026-04-02 04:00:00,155.6678,155.43095194967364,136.89308265763933,176.28298124170792,-2.6855807079656606
2026-04-02 05:00:00,155.6678,156.03747522049036,140.67092298129668,165.14866745968402,-2.858787760806316
2026-04-02 06:00:00,155.6678,150.21047645914723,135.07146730051812,164.75451561777632,-0.38432084137087597
2026-04-02 07:00:00,125.6678,146.00494536490484,134.7555216442786,158.3754890855311,-0.863216279373743
2026-04-02 08:00:00,123.0508,142.39154048748648,125.00534387117817,162.0075571037947,-0.9746433836917131
2026-04-02 09:00:00,120.6148,142.37503620795798,119.83389059103274,169.96200182488315,0.429265616925221
2026-04-02 10:00:00,123.0508,142.70242833644804,129.28702269369776,163.77062397919826,-1.8403443572497387
2026-04-02 11:00:00,125.6678,144.12627514930855,123.03704498892246,170.83663530969457,-1.9238898396139554
2026-04-02 12:00:00,125.6678,144.8692747219926,117.52967472254846,170.68701472143673,-0.3175400005558784
2026-04-02 13:00:00,125.6678,152.41626103668446,137.53354930674664,186.4413527666223,-3.134758270062179
2026-04-02 14:00:00,155.6678,156.04358548660548,138.24975801327764,193.4408929599333,-0.505162526672161
2026-04-02 15:00:00,155.6678,158.2584961077817,136.76038842568366,190.18788378987966,-2.5364323179019763
2026-04-02 16:00:00,155.6678,160.55034139206694,135.87776043326537,199.4355123508685,-1.674129041198432
2026-04-02 17:00:00,165.5678,168.79785831970588,139.99820141522008,218.21720522419167,-3.159723095514212
2026-04-02 18:00:00,180.7788,209.045875505358,163.2668245010118,295.89507650970415,-1.6683589956538052
2026-04-02 19:00:00,180.7788,215.6777630214711,146.82659108602365,308.17896495691855,7.298501935447433
2026-04-02 20:00:00,180.7788,189.4727206408142,156.75018141108254,247.91620987054583,-1.3010107702683475
2026-04-02 21:00:00,165.5678,180.09483271917844,159.32455659433685,216.43391884402004,2.1559861248416112
2026-04-02 22:00:00,165.5678,174.9802835820563,152.81929164706992,191.67563551704268,0.9038819349864068
2026-04-02 23:00:00,165.5678,166.52573333646296,134.28990408024694,190.54510259267894,-1.8398707437839803
2026-04-03 00:00:00,146.09312,152.5640724289826,122.12994267069848,176.06359218726672,15.172459758284102
2026-04-03 01:00:00,146.09312,146.21115083829963,132.7448175626944,154.64936411390485,-2.1883867243947828
2026-04-03 02:00:00,146.09312,146.24390267904596,128.67071848828462,151.2045468698073,-1.97588580923865
2026-04-03 03:00:00,146.09312,146.2631676740027,131.91549378974292,156.11419155826243,-2.6719861157402622
2026-04-03 04:00:00,146.09312,146.22406031089153,126.5931310188572,157.5290696029259,-2.6855807079656606
2026-04-03 05:00:00,146.09312,146.64562128864011,128.82785904944643,152.7436835278338,-2.858787760806316
2026-04-03 06:00:00,123.47612,138.54145259078882,121.42719992938312,148.84068525219453,-0.8419873385943056
2026-04-03 07:00:00,117.24212,136.8752729359217,122.87598921529545,150.70001665654794,-0.863216279373743
2026-04-03 08:00:00,117.24212,135.94481745172075,120.0543945572811,152.43576034616038,-0.45046710556035224
2026-04-03 09:00:00,117.24212,135.00242028293218,114.17649466600696,153.7656258998574,0.429265616925221
2026-04-03 10:00:00,117.24212,136.68757418161863,118.89178963925328,150.66128872398397,-0.5053154576346424
2026-04-03 11:00:00,117.24212,138.93770243302814,117.71643227264208,150.75603259341415,-1.9238898396139554
2026-04-03 12:00:00,117.24212,138.5101371862456,118.6605571868015,150.74086718568972,-0.3175400005558784
2026-04-03 13:00:00,117.24212,141.36024159700088,129.0952612720698,156.53617192193192,-3.011049675068945
2026-04-03 14:00:00,121.04012,145.35015817136616,136.7820206980383,169.29516564469398,-0.505162526672161
2026-04-03 15:00:00,123.47612,148.3518931253904,131.5413554432924,167.29911080748843,-2.5364323179019763
2026-04-03 16:00:00,146.09312,150.79644193931009,141.32031938550472,171.94671449311545,-1.9659574461946228
2026-04-03 17:00:00,147.09312,158.35564483496307,144.8228570419193,188.36522262800682,-3.8516822069562426
2026-04-03 18:00:00,176.09312,173.88135594225002,140.06610493790384,230.08057694659624,-1.6683589956538052
2026-04-03 19:00:00,176.20412,173.19495510400435,122.54081316855692,242.0193970394518,7.298501935447433
2026-04-03 20:00:00,176.20412,168.23973070231835,146.4673414725867,227.98747993205004,-1.3010107702683475
2026-04-03 21:00:00,176.20412,161.5830378957574,147.88194177091577,193.80692402059898,2.1559861248416112
2026-04-03 22:00:00,176.09312,159.09626766740672,149.2144657324203,169.3716196023931,0.9038819349864068
2026-04-03 23:00:00,161.09312,154.37624088255853,150.83439162634252,173.45122013877454,-1.8398707437839803
2026-04-04 00:00:00,143.28764,142.76958646640637,121.10234241261615,158.73650052019656,10.369554053790202
2026-04-04 01:00:00,143.28764,143.3875731375045,132.97904986189926,147.6238564131097,-2.1883867243947828
2026-04-04 02:00:00,143.28764,143.41685273095547,129.79263854019413,151.9852169217168,-1.97588580923865
2026-04-04 03:00:00,143.28764,143.4366445988131,133.89603071455335,149.91532848307284,-2.6719861157402622
2026-04-04 04:00:00,143.28764,143.39034363858428,129.30319434654996,149.6663329306186,-2.6855807079656606
2026-04-04 05:00:00,143.28764,143.6935627385105,127.85516049931682,145.37499497770418,-2.858787760806316
2026-04-04 06:00:00,132.28764,137.13413873358033,121.73992607217464,143.36816139498606,-0.8419873385943056
2026-04-04 07:00:00,132.28764,137.71178544986378,123.45096172923752,150.32769917049004,-0.863216279373743
2026-04-04 08:00:00,132.28764,136.9695422094955,119.55599931505584,149.53451510393515,-0.45046710556035224
2026-04-04 09:00:00,132.28764,134.80942204435365,118.90668440294924,146.61143968575809,-0.15857235859555371
2026-04-04 10:00:00,132.28764,136.1504849707349,125.30956882102721,146.40114112044256,-0.6344338502923264
2026-04-04 11:00:00,132.28764,137.43378580795385,124.0338756475678,143.1438559683399,-1.9238898396139554
2026-04-04 12:00:00,132.28764,132.37815086676113,116.628580867317,134.92853086620525,-0.3175400005558784
2026-04-04 13:00:00,132.28764,132.921946463955,124.95948613902395,136.58166678888608,-3.011049675068945
2026-04-04 14:00:00,143.28764,134.16269570088716,120.95837822755934,139.070803174215,-0.505162526672161
2026-04-04 15:00:00,147.28764,136.87056919636368,125.30146065292271,144.04099773980465,-2.1860914565590455
2026-04-04 16:00:00,160.28764,144.2160000562065,139.8009675024011,156.73124261001186,-1.9659574461946228
2026-04-04 17:00:00,162.28764,147.33535246262457,143.78144466958082,162.47145025566834,-3.8516822069562426
2026-04-04 18:00:00,178.28764,167.16515308048452,157.15149207613834,191.6065340848307,-1.6683589956538052
2026-04-04 19:00:00,178.28764,171.6585219924528,145.93183005700536,206.29520392790022,7.298501935447433
2026-04-04 20:00:00,162.28764,168.38332824512474,157.50893901539308,195.2820974748564,-1.3010107702683475
2026-04-04 21:00:00,162.28764,167.04026225201085,150.28079350832914,189.15874099569254,1.9223987436816832
2026-04-04 22:00:00,162.28764,160.81753133147782,143.14098360878708,177.80897905416856,3.2791477226907384
2026-04-04 23:00:00,162.28764,153.92656517638773,141.92151753823907,166.3446528145364,-2.206792361851337
2026-04-05 00:00:00,134.15781,143.13820200592068,124.95149795213048,158.2956860597109,10.369554053790202
2026-04-05 01:00:00,133.15781,134.29790683469366,125.83674355908845,140.5893101102989,-2.1883867243947828
2026-04-05 02:00:00,133.15781,134.31768305178156,117.0866188610202,141.6158972425429,-1.97588580923865
2026-04-05 03:00:00,122.15781,134.3260790559612,122.99472517170146,143.00726294022095,-2.6719861157402622
2026-04-05 04:00:00,122.15781,134.26088517345585,121.29471588142151,144.3635844654902,-2.6855807079656606
2026-04-05 05:00:00,133.15781,134.77638651844887,118.12037427925522,142.49939875764258,-2.858787760806316
2026-04-05 06:00:00,122.15781,129.96096544334685,111.10038278194115,132.87357810475254,-0.8419873385943056
2026-04-05 07:00:00,122.15781,131.07506769878128,119.40946397815503,140.56651141940753,-0.863216279373743
2026-04-05 08:00:00,122.15781,129.49833005637274,112.79707716193307,140.07189295081238,-0.45046710556035224
2026-04-05 09:00:00,110.28781,129.47793446885976,107.3575768274553,136.1923321102642,-0.15857235859555371
2026-04-05 10:00:00,122.15781,128.63258432360385,108.65065817389619,132.66462047331152,-0.6344338502923264
2026-04-05 11:00:00,122.15781,127.66606453666684,111.06726437628083,132.89705469705288,-1.9238898396139554
2026-04-05 12:00:00,122.15781,126.1544536410776,113.19454364163346,131.1995136405217,-0.3175400005558784
2026-04-05 13:00:00,122.15781,125.58563537115126,116.7425550462202,131.64334569608232,-3.011049675068945
2026-04-05 14:00:00,122.15781,126.64922853087477,115.29918668694233,132.00575037480718,0.28520184393242787
2026-04-05 15:00:00,133.15781,129.79321851706115,122.70792279566558,137.69295423845674,-1.850204278604418
2026-04-05 16:00:00,134.15781,134.7239868519086,127.44907589310702,146.00380781071016,-1.674129041198432
2026-04-05 17:00:00,142.15781,138.5203959365519,129.05804814350813,152.46658372959567,-3.8516822069562426
2026-04-05 18:00:00,142.15781,159.1695664272949,144.65584542294874,181.2786374316411,-1.6683589956538052
2026-04-05 19:00:00,157.15781,163.0360774757993,142.16900554035186,189.54279941124673,7.298501935447433
2026-04-05 20:00:00,142.15781,154.79937967071487,141.8058704409832,169.36757890044652,-1.3010107702683475
2026-04-05 21:00:00,142.15781,153.19878704979322,140.62954830611153,167.57886579347493,1.9223987436816832
2026-04-05 22:00:00,142.15781,150.93564814259287,143.30624620760645,163.22036007757927,0.9038819349864068
2026-04-05 23:00:00,142.15781,144.38501414608197,132.9794965079333,158.08467178423064,-2.206792361851337
2026-04-06 00:00:00,140.80127,137.6883012452762,107.91060719148598,152.6280352990664,10.369554053790202
2026-04-06 01:00:00,131.80127,140.77117256203172,116.50661928642653,146.97566583763694,-2.1883867243947828
2026-04-06 02:00:00,131.80127,140.83031975592976,110.44047593631777,155.68039357554173,-2.165886180388025
2026-04-06 03:00:00,131.80127,140.85083778749447,110.89487454388315,160.85239103110578,-2.4966467563886834
2026-04-06 04:00:00,140.80127,140.84583391947734,106.79440462744299,161.19772321151166,-2.6855807079656606
2026-04-06 05:00:00,140.80127,140.99204886011916,113.8346349623377,162.5267327579006,-2.948686102218541
2026-04-06 06:00:00,140.80127,142.2420217627694,119.06070561258078,166.55324791295803,-1.0027538498113615
2026-04-06 07:00:00,140.80127,142.30118692509666,125.5560122129133,161.64032163728,-1.251025287816631
2026-04-06 08:00:00,140.80127,141.13035038470875,119.3644874902691,159.80548327914835,-0.45046710556035224
2026-04-06 09:00:00,140.80127,140.0921487737287,117.04549113232427,162.54134641513312,-0.15857235859555371
2026-04-06 10:00:00,140.80127,142.05387772579778,122.03667157609009,167.66492387550542,-0.6344338502923264
2026-04-06 11:00:00,140.80127,147.0645507196449,121.05088055925886,173.40514088003093,-1.9238898396139554
2026-04-06 12:00:00,140.80127,145.5613841752956,117.26287417585146,171.25904417473967,-0.3175400005558784
2026-04-06 13:00:00,140.80127,150.8153372050242,124.33165688009315,177.66173752995525,-3.011049675068945
2026-04-06 14:00:00,150.80127,156.32458055644912,126.43485871251669,184.75334240038154,0.28520184393242787
2026-04-06 15:00:00,151.80127,161.4909854671406,128.22087974574504,190.85524118853616,-1.850204278604418
2026-04-06 16:00:00,195.80127,165.19596817213767,132.2049572133361,184.39410913093923,-1.674129041198432
2026-04-06 17:00:00,195.80127,173.2866432408888,144.37587544784503,203.05907103393255,-3.8516822069562426
2026-04-06 18:00:00,200.80127,178.6323799705745,153.62060719286976,229.21058274827925,0.12972277770471835
2026-04-06 19:00:00,195.80127,189.99534022464812,146.57888828920068,244.38851216009556,7.298501935447433
2026-04-06 20:00:00,1175.43727,174.44484464425182,149.40079541452016,217.9452938739835,-1.3010107702683475
2026-04-06 21:00:00,570.80127,169.00580012901543,144.9073813853337,198.8329288726971,1.9223987436816832
2026-04-06 22:00:00,195.80127,164.6959024837936,138.03209193550532,184.12523303208187,2.225930548288283
2026-04-06 23:00:00,151.80127,161.4665428704946,139.55676616172488,184.1461395792643,-2.421633291230265
2026-04-07 00:00:00,137.09785,139.87208845093522,129.502534397145,176.60540250472542,10.369554053790202
2026-04-07 01:00:00,137.09785,136.9724998735386,126.16332659793339,181.30244314914384,-2.1883867243947828
2026-04-07 02:00:00,137.09785,137.02622085998547,120.6571070403735,177.19306467959743,-2.165886180388025
2026-04-07 03:00:00,137.09785,136.93845268458358,119.83693944097229,167.64114592819487,-2.4966467563886834
2026-04-07 04:00:00,137.09785,137.20673748999155,107.52614819795721,167.63254678202588,-2.6855807079656606
2026-04-07 05:00:00,149.98685,138.70786382281324,110.93710992503176,151.63960772059465,-2.948686102218541
2026-04-07 06:00:00,149.98685,154.29059911489975,131.85263323931133,206.08353499048812,-1.4327341244115979
2026-04-07 07:00:00,149.98685,162.5630623569523,150.5052876447689,228.8013470691357,-1.251025287816631
2026-04-07 08:00:00,137.09785,170.7878441038602,135.81138120942057,226.9785369982998,-0.45046710556035224
2026-04-07 09:00:00,137.09785,176.39098113532086,142.43831349391638,232.0200487767253,-0.15857235859555371
2026-04-07 10:00:00,137.09785,176.99742678145316,137.3469706317455,212.7297329311608,-0.6344338502923264
2026-04-07 11:00:00,149.98685,188.3671966379984,144.03119647761238,229.51323679838444,-1.9238898396139554
2026-04-07 12:00:00,149.98685,185.99493398586213,136.42159398641803,235.54267398530624,-0.3175400005558784
2026-04-07 13:00:00,149.98685,185.67633456736257,140.81513424243147,238.81702489229366,-3.011049675068945
2026-04-07 14:00:00,158.98685,194.66876818398907,148.80199634005663,234.7968700279215,0.28520184393242787
2026-04-07 15:00:00,158.98685,204.02753005909625,152.66807433770066,273.4109957804919,-1.850204278604418
2026-04-07 16:00:00,398.98685,227.07938194311407,164.02562608581346,318.3827078004146,-1.610434142699441
2026-04-07 17:00:00,398.98685,227.43199739650495,177.3058096034612,314.92791518954874,-3.8516822069562426
2026-04-07 18:00:00,1091.02085,278.48163754843966,216.7785847707349,420.90925032614433,0.12972277770471835
2026-04-07 19:00:00,1091.02085,471.80937450638186,275.97718257093436,711.4126164418293,7.298501935447433
2026-04-07 20:00:00,274.03285,601.0104987105301,333.991253888871,948.9724835321892,-0.7310851783409368
2026-04-07 21:00:00,189.48685,398.1447316711464,201.2504055463048,694.3451777959881,2.1559861248416112
2026-04-07 22:00:00,158.98685,244.35678270757725,154.6776649848865,440.26688043026803,3.2791477226907384
2026-04-07 23:00:00,158.98685,192.78791282628495,141.47701611751523,277.8843995350547,-2.421633291230265
2026-04-08 00:00:00,207.3678,148.36873725512712,127.6577132013369,183.08184130891735,10.369554053790202
2026-04-08 01:00:00,187.3678,206.75355184650044,203.71594857089522,204.56516512210567,-2.1883867243947828
2026-04-08 02:00:00,187.3678,206.1397215076885,189.13162768807652,203.9738353273005,-2.165886180388025
2026-04-08 03:00:00,187.3678,206.8043166638167,199.31848342020538,221.16891990742806,-2.4966467563886834
2026-04-08 04:00:00,207.3678,207.3465773314288,191.69962803939444,227.1912366234631,-2.6855807079656606
2026-04-08 05:00:00,207.3678,206.8140447810763,205.5009425503115,237.1495070118411,-2.967657769235216
2026-04-08 06:00:00,237.3678,198.3691306628791,186.05864097071685,244.09699035504133,-1.530090307837747
2026-04-08 07:00:00,237.3678,198.420315778908,179.3183801182879,247.6426114395281,-0.9492643393799101
2026-04-08 08:00:00,207.3678,196.18685614510815,165.64155325066852,253.30943903954778,-0.45046710556035224
2026-04-08 09:00:00,207.3678,195.51476647002747,147.72626882862303,251.37821411143193,-0.15857235859555371
2026-04-08 10:00:00,207.3678,200.4715905538941,165.53207474907725,260.7572863587109,-0.10487419518316332
2026-04-08 11:00:00,237.3678,209.62359485761536,172.66629469722932,275.35292501800143,-1.9238898396139554
2026-04-08 12:00:00,207.3678,201.42590378778365,144.48806378833953,242.66205378722776,-0.3175400005558784
2026-04-08 13:00:00,207.3678,207.60935680126525,161.32826647633416,271.20383712619633,-3.011049675068945
2026-04-08 14:00:00,237.3678,222.9186906325493,158.64949878861685,303.30184247648174,0.28520184393242787
2026-04-08 15:00:00,237.3678,229.67264688570555,153.27381116430996,332.8057926071011,-1.850204278604418
2026-04-08 16:00:00,237.3678,273.55953126207294,221.85510865705277,357.9533838670931,-1.462627394979824
2026-04-08 17:00:00,272.4138,337.2400593468741,218.37833244238828,573.7453962513598,-3.159723095514212
2026-04-08 18:00:00,397.3678,536.6459152885138,251.70702200515365,978.773448571874,1.1003932833602303
2026-04-08 19:00:00,1161.9998,542.8023454870291,231.99895632278364,1007.4823346512742,9.70998916424541
2026-04-08 20:00:00,397.3678,376.58823197972026,222.26435915710272,634.4088148023378,0.5204728226175083
2026-04-08 21:00:00,237.3678,238.28853196496456,196.6965517053662,338.84123222456293,3.223660259598387
2026-04-08 22:00:00,237.3678,194.50232740968315,163.5388796869924,241.88273513237388,3.2791477226907384
2026-04-08 23:00:00,207.3678,198.209032006614,168.06060529784426,254.49008871538373,-2.421633291230265
2026-04-09 00:00:00,202.13742,193.59439535211945,157.97679559383536,238.82528511040357,15.172459758284102
2026-04-09 01:00:00,202.13742,201.9506729972867,178.1767193147917,211.60440667978165,-1.957836317505052
2026-04-09 02:00:00,202.13742,201.5789680130725,171.74604382231118,214.0140322038338,-1.97588580923865
2026-04-09 03:00:00,202.13742,201.96624496326885,182.6254461698852,231.15968375665244,-2.39013120661637
2026-04-09 04:00:00,202.13742,202.43756565999087,171.51766636795654,225.2261849520252,-2.6855807079656606
2026-04-09 05:00:00,255.13742,203.03957055845413,177.22057832768934,224.79330278921893,-2.967657769235216
2026-04-09 06:00:00,255.13742,210.7077213508745,187.38915165871222,245.43461104303674,-1.530090307837747
2026-04-09 07:00:00,236.63742,211.03883749703732,188.89019183641724,256.2345331576574,-0.9492643393799101
2026-04-09 08:00:00,236.63742,206.96123982718368,184.97568693274405,255.57938272162332,-0.45046710556035224
2026-04-09 09:00:00,202.13742,202.8861488713773,169.19729122997285,234.96739651278173,-0.15857235859555371
2026-04-09 10:00:00,236.63742,204.64242499606485,184.25497919124803,242.9735608008817,-0.10487419518316332
2026-04-09 11:00:00,255.13742,212.741669360148,185.26514919976194,258.98870952053403,-1.9238898396139554
2026-04-09 12:00:00,255.13742,212.546186421998,175.67383642255385,258.6088664214421,-0.3175400005558784
2026-04-09 13:00:00,255.13742,219.51971068867584,187.6151603637448,257.67377101360694,-3.011049675068945
2026-04-09 14:00:00,255.13742,239.29635023113357,197.05158838720112,313.882272075066,0.28520184393242787
2026-04-09 15:00:00,255.13742,251.7464109546329,188.73552523323727,344.7512466760285,-1.850204278604418
2026-04-09 16:00:00,255.13742,252.47398431295267,196.65184170793248,320.7678569179728,-1.462627394979824
2026-04-09 17:00:00,268.13742,267.3966443793621,212.52223747487628,410.6359112838479,-3.159723095514212
2026-04-09 18:00:00,1079.17142,390.1106597885589,216.3437670108542,691.1566825662637,0.12972277770471835
2026-04-09 19:00:00,457.13742,525.1899077922587,265.2789321278083,878.9168434567092,10.99990566445044
2026-04-09 20:00:00,372.11742,382.01498221319264,228.32342739153358,651.9509470348519,-0.7310851783409368
2026-04-09 21:00:00,268.13742,266.9531039153347,213.54321779049306,404.6150800401762,2.1559861248416112
2026-04-09 22:00:00,255.13742,226.28414598929743,197.95826544100913,285.0814265375857,2.225930548288283
2026-04-09 23:00:00,255.13742,216.28120244849748,187.94038104382068,266.1326538531743,-2.464508595323223
2026-04-10 00:00:00,256.01145,194.3439044726469,125.77655471436279,244.013784230931,15.172459758284102
2026-04-10 01:00:00,256.01145,255.4717622683741,218.41212858587912,286.6220359508691,-1.957836317505052
2026-04-10 02:00:00,256.01145,255.2780545306775,204.55216033991616,272.95252872143885,-1.97588580923865
2026-04-10 03:00:00,256.01145,254.98738203019903,232.64983323681534,283.66910082358265,-2.39013120661637
2026-04-10 04:00:00,256.01145,255.14592054221697,219.4387712501826,279.41261983425136,-2.6855807079656606
2026-04-10 05:00:00,267.45145,255.6325941124944,214.61453021471291,283.30313801027586,-2.948686102218541
2026-04-10 06:00:00,266.01145,242.1822440271365,199.76509774560333,265.8132503086697,-1.4381737184668528
2026-04-10 07:00:00,256.01145,236.93274497621317,202.54925931559308,255.67063063683327,-0.9492643393799101
2026-04-10 08:00:00,256.01145,236.18101252628884,203.63473963184916,259.4031754207285,-0.45046710556035224
2026-04-10 09:00:00,256.01145,227.9219826355991,187.36871499419465,246.12059027700352,-0.15857235859555371
2026-04-10 10:00:00,256.01145,233.07953509405317,206.90783928923634,268.31890089887,-0.10487419518316332
2026-04-10 11:00:00,266.01145,242.41865761704852,207.94053745666247,282.99519777743456,-1.9238898396139554
2026-04-10 12:00:00,266.01145,243.91691689538104,203.5067168959369,278.94973689482515,-0.3175400005558784
2026-04-10 13:00:00,268.01145,244.62806286362783,208.88478113369,266.1377745935656,-3.134758270062179
2026-04-10 14:00:00,268.01145,253.69826837797348,231.08249653404098,316.1280102219059,0.28520184393242787
2026-04-10 15:00:00,268.01145,259.9677145738799,218.83649885248428,321.51321029527554,-1.850204278604418
2026-04-10 16:00:00,279.01145,261.7957488140167,222.65203620899652,331.2587514190368,-1.462627394979824
2026-04-10 17:00:00,279.01145,288.1366295179571,222.31532261347124,420.71227642244287,-3.159723095514212
2026-04-10 18:00:00,1090.04545,502.69561433540616,372.9393915577014,723.278207113111,0.12972277770471835
2026-04-10 19:00:00,468.01145,417.5699389822262,263.3536733177757,632.9133446466767,10.99990566445044
2026-04-10 20:00:00,318.01145,356.2038598817943,275.6413450601352,514.4094347034534,-0.7310851783409368
2026-04-10 21:00:00,279.01145,280.10482344022483,235.0162073153832,382.85739956506643,2.1559861248416112
2026-04-10 22:00:00,268.01145,269.1533869810108,217.2253164327225,314.7578375292991,2.225930548288283
2026-04-10 23:00:00,268.01145,259.16103012996444,202.97058872528768,317.35587153464127,-2.464508595323223
2026-04-11 00:00:00,279.47077,246.5547121677345,205.7385727378195,273.96269159764944,18.159439429914936
2026-04-11 01:00:00,279.47077,279.0936749009816,262.52994121848667,298.7338385834766,-1.957836317505052
2026-04-11 02:00:00,279.47077,279.0612205969278,254.6650064061665,291.20149478768917,-1.97588580923865
2026-04-11 03:00:00,279.47077,278.9834763515608,264.0499931079495,295.4862195951721,-2.4966467563886834
2026-04-11 04:00:00,279.47077,279.1256342361036,256.14905823722165,286.64563023498556,-2.8904740011180308
2026-04-11 05:00:00,279.47077,279.0393900349916,263.7984661372101,301.13968393277304,-2.948686102218541
2026-04-11 06:00:00,279.47077,268.0119506637314,242.9172488273821,286.0926825000807,-1.2002481636507014
2026-04-11 07:00:00,279.47077,265.26688903921155,238.1272571933396,280.5006608850835,-0.7098281541280395
2026-04-11 08:00:00,279.47077,263.83222614691056,231.56638660155096,279.75753569227015,-0.6535404546403949
2026-04-11 09:00:00,279.47077,261.849981648806,219.92964316903817,279.19232012857384,0.7200784797678464
2026-04-11 10:00:00,279.47077,261.54200602998947,235.56787022517264,282.7746218348063,-0.10487419518316332
2026-04-11 11:00:00,279.47077,264.8656195755391,237.5940160356887,279.3404831153894,-2.3401664601496197
2026-04-11 12:00:00,279.47077,264.59206645579417,233.0831565014,284.3446764101883,-0.6452500456058287
2026-04-11 13:00:00,266.47077,266.71121518131105,244.35920032989105,280.9260800327309,-2.7715551485800125
2026-04-11 14:00:00,266.47077,269.7819252799941,246.35930343606162,288.9474471239265,0.28520184393242787
2026-04-11 15:00:00,279.47077,272.71483792190253,245.50936220050693,304.5308936432981,-1.850204278604418
2026-04-11 16:00:00,279.47077,274.20910089641114,257.832738291391,321.6628235014313,-1.462627394979824
2026-04-11 17:00:00,290.47077,288.1331420704239,254.12163516593807,365.2386889749097,-3.159723095514212
2026-04-11 18:00:00,354.97077,510.2285045343013,443.80908314391337,619.1191459246892,1.796641390387921
2026-04-11 19:00:00,355.27077,362.5960273522357,282.7716216877852,479.0295730166862,10.99990566445044
2026-04-11 20:00:00,354.97077,325.8984193958994,280.58183457424036,419.0937242175585,-0.7310851783409368
2026-04-11 21:00:00,290.47077,284.8307061950291,253.13124007018754,357.0448923198707,2.1559861248416112
2026-04-11 22:00:00,280.47077,283.366449776949,240.83335922866075,321.2898203252373,2.225930548288283
2026-04-11 23:00:00,280.47077,278.10395883900947,230.23625743433269,314.1439702436863,-2.464508595323223
2026-04-12 00:00:00,281.96721,272.1358647054977,219.27736212913274,308.0279272818626,24.30966257636491
2026-04-12 01:00:00,278.96721,281.6765152628071,259.9324215803121,292.820748945302,-1.957836317505052
2026-04-12 02:00:00,278.96721,281.8369190091447,252.89695481838336,295.63349319990607,-1.97588580923865
2026-04-12 03:00:00,277.96721,281.83937185017714,258.87119860656577,297.0061250937885,-2.4966467563886834
2026-04-12 04:00:00,277.96721,281.8045690423426,259.0011812672783,294.70262681740695,-2.9362422249356666
2026-04-12 05:00:00,277.96721,281.46360755998126,257.92490366219977,297.48590145776274,-2.948686102218541
2026-04-12 06:00:00,277.96721,268.5388573762108,238.9124055398615,274.1848292125601,-1.2002481636507014
2026-04-12 07:00:00,200.46721,268.6837467902293,243.40568494435735,278.9597886361013,-0.7098281541280395
2026-04-12 08:00:00,200.46721,267.4598472733169,247.76190553725462,284.4718190093791,-0.5882682639377543
2026-04-12 09:00:00,200.46721,265.45798897594887,232.9416341621008,279.7899637897969,1.3278248138480655
2026-04-12 10:00:00,200.46721,268.154899546687,241.96213374187013,278.8954453515038,-0.10487419518316332
2026-04-12 11:00:00,242.43621,271.2534631779759,253.8362077189171,284.95446863703467,-2.1327045409412118
2026-04-12 12:00:00,277.96721,270.66743863299905,243.09890867860483,282.7813785873932,-0.6452500456058287
2026-04-12 13:00:00,277.96721,269.7927541824877,259.7494693310677,288.6905290339077,-2.7715551485800125
2026-04-12 14:00:00,277.96721,269.4916302110736,261.11191836714113,286.162932055006,0.28520184393242787
2026-04-12 15:00:00,278.96721,273.645253587802,254.35394786640646,293.54936930919763,-1.850204278604418
2026-04-12 16:00:00,281.96721,280.1170481636644,273.12733555864423,310.3032007686845,-1.462627394979824
2026-04-12 17:00:00,308.96721,292.3722129368229,273.42844603233704,329.5376198413087,-3.159723095514212
2026-04-12 18:00:00,353.46721,373.552760629612,328.2669048828122,445.2964463764118,7.225435746799816
2026-04-12 19:00:00,353.76721,350.57494025911643,286.957814594666,419.8354659235669,10.99990566445044
2026-04-12 20:00:00,353.76721,341.8072860867032,303.06279126504415,402.8228809083622,-0.7310851783409368
2026-04-12 21:00:00,353.76721,301.895215278488,267.3338591536464,350.8963214033296,2.1559861248416112
2026-04-12 22:00:00,338.96721,295.10922885255496,265.1187283042667,328.2370194008432,2.225930548288283
2026-04-12 23:00:00,308.96721,286.77913851059725,242.35677030340287,319.1460567177916,-2.7161817928056413
2026-04-13 00:00:00,298.56081,278.7877881422628,216.5635455658979,330.16275071862776,24.30966257636491
2026-04-13 01:00:00,298.56081,298.39303648848795,250.08486280599294,325.5603501709829,-1.957836317505052
2026-04-13 02:00:00,284.56081,298.2772367938951,244.23952260313376,332.4461709846565,-1.97588580923865
2026-04-13 03:00:00,284.56081,298.3263466272374,241.33498338362608,340.6535598708488,-2.4966467563886834
2026-04-13 04:00:00,284.56081,298.82370698441935,234.39071920935493,327.2062847594837,-2.9362422249356666
2026-04-13 05:00:00,304.56081,298.7173612342765,243.87075733649496,329.55718513205795,-2.948686102218541
2026-04-13 06:00:00,304.56081,295.4652419657396,267.209335815551,335.69780811592824,-1.0027538498113615
2026-04-13 07:00:00,298.56081,282.29641659261483,263.2263429977415,322.7750801874882,-0.5451564051266513
2026-04-13 08:00:00,304.56081,282.03468314277046,240.78210304517435,315.4763032403665,1.2332500975960758
2026-04-13 09:00:00,304.56081,283.36445859304564,233.5146143371815,322.8836328489098,3.2323442558641275
2026-04-13 10:00:00,304.56081,286.0724298405076,251.0696172662313,323.6364924147839,1.2734725742763222
2026-04-13 11:00:00,304.56081,291.92098790920204,248.88878908359823,318.04806673480584,-1.7267111743962131
2026-04-13 12:00:00,304.56081,294.5438644357369,253.84194448134272,323.740894390131,-0.6452500456058287
2026-04-13 13:00:00,314.56081,302.6098016642232,264.2588868128032,339.12837651564314,-2.7715551485800125
2026-04-13 14:00:00,330.56081,310.28001460874685,277.8976127648143,361.35326645267935,0.28520184393242787
2026-04-13 15:00:00,333.56081,322.478053009589,279.5505872881934,384.5849187309846,-1.850204278604418
2026-04-13 16:00:00,345.06081,324.7586300297083,287.60753742468813,369.13380263472845,-1.462627394979824
2026-04-13 17:00:00,345.06081,356.7055040340141,318.4052071295283,441.7793309384999,-3.159723095514212
2026-04-13 18:00:00,1081.59481,416.3889919534853,329.2746362066855,594.4474277002851,7.225435746799816
2026-04-13 19:00:00,1081.59481,435.8386978325706,318.8867621681201,613.410003497021,10.99990566445044
2026-04-13 20:00:00,459.56081,405.3566819605495,349.16238713889044,523.8057167822087,-0.7310851783409368
2026-04-13 21:00:00,330.56081,372.11470560044506,325.61349534084667,424.3913758600434,3.223660259598387
2026-04-13 22:00:00,314.56081,339.744774957118,299.74674723442723,367.75706267980877,3.2791477226907384
2026-04-13 23:00:00,314.56081,319.9612280295865,266.4019877661362,358.8774582930368,-2.762899736549674
2026-04-14 00:00:00,335.71938,294.3497912149886,267.2179286386237,341.5877737913535,24.30966257636491
2026-04-14 01:00:00,323.71938,335.1345166846765,314.1844030021815,342.29058036717146,-1.957836317505052
2026-04-14 02:00:00,323.71938,334.6573853841255,314.4650311933641,351.19693957488687,-1.97588580923865
2026-04-14 03:00:00,323.71938,335.0666826474076,328.4989794037962,376.54691589101895,-2.4966467563886834
2026-04-14 04:00:00,323.71938,335.8535503043708,322.10999252930645,386.1624280794352,-2.9362422249356666
2026-04-14 05:00:00,328.71938,334.7834598301914,328.76251593240994,386.46021372797287,-2.948686102218541
2026-04-14 06:00:00,328.71938,332.05275031498445,320.2582841647958,379.50216646517305,-1.0027538498113615
2026-04-14 07:00:00,323.71938,332.8467888840174,307.85734528914406,372.68826247889075,-0.5451564051266513
2026-04-14 08:00:00,323.71938,323.1082127943227,270.7726426967266,364.19586289191875,1.2332500975960758
2026-04-14 09:00:00,323.71938,329.2214254008856,285.7497511450215,381.3421496567497,3.2323442558641275
2026-04-14 10:00:00,323.71938,338.02392660012526,296.513644025849,381.32748917440165,1.2734725742763222
2026-04-14 11:00:00,328.71938,335.49680339705577,288.396554571452,368.77812222265953,-1.7267111743962131
2026-04-14 12:00:00,328.71938,330.868478355068,287.78798840067384,365.93092830946216,-0.6452500456058287
2026-04-14 13:00:00,328.71938,345.21801533527923,295.37260048385923,404.3008901866992,-2.7715551485800125
2026-04-14 14:00:00,335.71938,365.1173587058668,312.61672166675453,459.3692157449791,-1.5917429608876896
2026-04-14 15:00:00,335.71938,366.54028286151305,291.729587806646,494.42859791638,-2.4957049451330113
2026-04-14 16:00:00,378.71938,389.19366876636616,343.637266161346,473.52000137138634,-1.462627394979824
2026-04-14 17:00:00,378.71938,510.3727597296444,407.80165282515856,788.8941566341301,-3.159723095514212
2026-04-14 18:00:00,1150.80138,744.3033725929103,426.24081446106317,1284.9955507247575,12.396778131847121
2026-04-14 19:00:00,1150.74838,735.107184104848,402.25365719720975,1251.8726110124862,11.835526907638211
2026-04-14 20:00:00,563.71938,527.9834879909549,372.7503031692959,818.170822812614,-0.7310851783409368
2026-04-14 21:00:00,378.71938,390.0407824912994,342.43576223170106,488.5169427508979,3.223660259598387
2026-04-14 22:00:00,335.71938,352.52180750061564,308.3333397779249,382.3201552233064,3.2791477226907384
2026-04-14 23:00:00,335.71938,345.2335031139738,299.9493328505235,376.1997033774241,-2.762899736549674
2026-04-15 00:00:00,330.20876,329.1955635985103,278.0917110221454,386.5656261748752,24.30966257636491
2026-04-15 01:00:00,327.40876,329.57643856451165,301.6599748820167,336.1872022470066,-1.957836317505052
2026-04-15 02:00:00,340.40876,329.11809132970507,290.83030713894374,339.76046552046637,-1.97588580923865
2026-04-15 03:00:00,330.20876,329.55274024060924,313.7232914472256,372.53574903399283,-2.39013120661637
2026-04-15 04:00:00,355.40876,330.25855268211143,300.42115218593096,379.8699831782918,-3.1594195038195334
2026-04-15 05:00:00,355.40876,330.2726013914797,315.1905507644948,375.0722220184646,-2.898029373015133
2026-04-15 06:00:00,355.40876,329.18548635144884,319.6787202012602,373.91433250163743,-1.0027538498113615
2026-04-15 07:00:00,355.40876,327.9229075530257,306.24019395815236,373.844641147899,-0.5451564051266513
2026-04-15 08:00:00,355.40876,325.42413396953725,281.5738238719412,374.73002406713334,1.2332500975960758
2026-04-15 09:00:00,355.40876,326.6882339628907,279.8449897070266,373.9656782187548,3.2323442558641275
2026-04-15 10:00:00,355.40876,331.0053736506092,287.7882310763329,379.18783622488553,1.2734725742763222
2026-04-15 11:00:00,355.40876,334.860120585886,292.5221917602822,382.59916941148975,-1.7267111743962131
2026-04-15 12:00:00,340.40876,333.97945792691235,286.2593179725182,370.1106378813065,-0.6452500456058287
2026-04-15 13:00:00,355.40876,346.2266689884553,300.4306241370353,396.33484383987525,-2.7715551485800125
2026-04-15 14:00:00,355.40876,363.1666716558577,306.9243046167454,451.01198869496994,-1.5917429608876896
2026-04-15 15:00:00,355.40876,368.9432907878566,304.16412573298965,503.5115158427236,-2.4957049451330113
2026-04-15 16:00:00,375.40876,381.2988959818133,333.74966337679314,456.46876858683345,-1.462627394979824
2026-04-15 17:00:00,385.40876,468.0449712140712,380.6811092868667,717.2752631412758,-2.6653380727953833
2026-04-15 18:00:00,390.40876,739.0072530706593,423.6838149388122,1264.8299312025063,12.396778131847121
2026-04-15 19:00:00,1087.44276,731.813413324905,362.4443864172667,1263.5550402325432,11.835526907638211
2026-04-15 20:00:00,385.40876,549.9172840871258,365.4277948573942,866.1981733168575,-1.3010107702683475
2026-04-15 21:00:00,385.40876,391.4302756428164,348.0866395179748,514.0410317676581,2.1559861248416112
2026-04-15 22:00:00,375.40876,347.87770491835016,298.78577154830276,390.5004082883975,2.505783370047377
2026-04-15 23:00:00,355.40876,342.7268712143573,281.560510950907,394.75102147780757,-2.762899736549674
2026-04-16 00:00:00,357.42949,324.43490236043385,242.61116978406895,404.0451649367988,24.30966257636491
2026-04-16 01:00:00,357.42949,357.2840551248204,298.3684714423254,402.68009880731535,-1.957836317505052
2026-04-16 02:00:00,357.42949,356.85988382055586,290.6992864941695,393.7922711469422,-1.6363726736136546
2026-04-16 03:00:00,357.42949,357.0728433556584,310.16125456227473,400.322392149042,-2.39013120661637
2026-04-16 04:00:00,357.42949,357.80240632413563,294.6575569027383,408.3720757455329,-3.2572405786026604
2026-04-16 05:00:00,371.92949,358.3430613874582,313.5409107604733,407.0553820144431,-2.898029373015133
2026-04-16 06:00:00,371.92949,352.14004724503263,310.035381094844,393.0501333952212,-1.0027538498113615
2026-04-16 07:00:00,371.92949,352.3884985915738,318.42373499670043,397.04384218644714,-0.5451564051266513
2026-04-16 08:00:00,371.92949,349.511204721897,306.546514624301,387.46543481949305,1.2332500975960758
2026-04-16 09:00:00,357.42949,347.5927511362964,306.74229688043226,401.8680253921605,3.2323442558641275
2026-04-16 10:00:00,357.42949,349.8959690143894,312.9736964401131,409.1489915886657,1.2734725742763222
2026-04-16 11:00:00,357.42949,353.0100172577529,303.1102084321491,412.5502460833566,-1.7267111743962131
2026-04-16 12:00:00,357.42949,348.2632292275255,293.1431592731314,402.31499918191963,-0.6452500456058287
2026-04-16 13:00:00,371.92949,358.96042054432195,307.668165692902,416.32384539574184,-2.7715551485800125
2026-04-16 14:00:00,381.92949,372.6539164850624,332.7221994459501,465.19234352417465,-1.5917429608876896
2026-04-16 15:00:00,381.92949,384.2748174819967,323.16454176786937,469.52165319612413,-2.9533442858726353
2026-04-16 16:00:00,402.92949,393.0039803345354,339.8544577295152,432.2390229395555,-1.462627394979824
2026-04-16 17:00:00,458.92949,445.98142113698987,367.8279192097853,633.7335430641945,-2.6653380727953833
2026-04-16 18:00:00,458.92949,554.7921717644356,327.54034363258853,940.5283998962826,12.396778131847121
2026-04-16 19:00:00,1083.96349,633.1885455234884,394.829059859038,987.5111511879388,10.99990566445044
2026-04-16 20:00:00,458.92949,473.5940833466608,371.0144141169292,669.2644925763924,-1.3010107702683475
2026-04-16 21:00:00,458.92949,399.975677063874,373.2871883201923,466.5245658075557,1.9223987436816832
2026-04-16 22:00:00,401.92949,371.9935997124169,331.3792563423695,413.87682308246417,2.505783370047377
2026-04-16 23:00:00,381.92949,362.1173450317714,279.18056476832106,429.1081352952217,-2.762899736549674
2026-04-17 00:00:00,374.7422,352.1755938738457,269.53463129748076,409.5880264502105,24.30966257636491
2026-04-17 01:00:00,374.7422,374.5230189760423,322.6344752935474,412.9762526585373,-1.957836317505052
2026-04-17 02:00:00,374.7422,374.3704843829969,305.68710705661056,396.8363617093832,-1.6363726736136546
2026-04-17 03:00:00,374.7422,374.5204775882044,324.3627887948208,411.23769638158797,-2.39013120661637
2026-04-17 04:00:00,374.7422,374.7360552400644,319.416615818667,411.35379466146173,-3.2572405786026604
2026-04-17 05:00:00,374.7422,374.7681090130242,325.56264838603926,415.68535964000904,-2.898029373015133
2026-04-17 06:00:00,384.7422,354.6849902892696,303.72237413908096,384.70949643945823,-1.0027538498113615
2026-04-17 07:00:00,374.7422,353.1118762104888,310.4735226156154,386.21069980536214,-0.5451564051266513
2026-04-17 08:00:00,374.7422,352.82107175228936,302.8756816546933,388.0927118498854,1.2332500975960758
2026-04-17 09:00:00,374.7422,351.2196036857366,303.28544942987253,399.02218794160075,3.2323442558641275
2026-04-17 10:00:00,374.7422,352.68266947964145,311.63717690536515,407.54010205391774,1.2734725742763222
2026-04-17 11:00:00,374.7422,356.8399744316307,310.7795156060269,401.6865032572345,-1.7267111743962131
2026-04-17 12:00:00,374.7422,353.49593511770405,304.7431351633099,396.4168750720982,-0.6452500456058287
2026-04-17 13:00:00,384.7422,361.15156215728587,310.2232373058659,391.3519470087058,-2.7715551485800125
2026-04-17 14:00:00,386.7422,370.1882874928245,337.95863045371215,423.37540453193674,-1.5917429608876896
2026-04-17 15:00:00,386.7422,382.2873091339697,338.82095341984234,441.4082648480971,-2.9533442858726353
2026-04-17 16:00:00,386.7422,391.3551154786099,351.3845028735897,442.33098808363,-1.462627394979824
2026-04-17 17:00:00,414.7422,434.4853499132034,366.5703079859988,564.9983818404079,-2.6653380727953833
2026-04-17 18:00:00,554.7422,503.5355723020036,354.7355329869069,739.8096616171002,3.0940393150966736
2026-04-17 19:00:00,554.7422,620.5484759169415,470.88524025249103,845.0508315813919,10.99990566445044
2026-04-17 20:00:00,414.7422,471.4647428755159,396.61547475991784,595.9460709911141,-1.6067318844018703
2026-04-17 21:00:00,404.7422,416.4124134787167,383.52411077251077,475.1354061849226,0.673122706205886
2026-04-17 22:00:00,386.7422,386.38985005593264,339.53550668588525,427.73807342598,2.505783370047377
2026-04-17 23:00:00,384.7422,371.656070715695,291.2047404522447,437.48522097914525,-2.762899736549674
2026-04-18 00:00:00,307.44404,367.65191010323673,293.3517775268718,420.51162267960166,24.30966257636491
2026-04-18 01:00:00,257.44404,307.30758931646125,270.10035563396633,346.9651829989562,-1.957836317505052
2026-04-18 02:00:00,257.44404,307.1000423527379,264.1953650263515,345.7307596791242,-1.6363726736136546
2026-04-18 03:00:00,257.44404,306.8663711630007,275.77574236961703,337.9541099563843,-2.39013120661637
2026-04-18 04:00:00,307.44404,306.75656888617726,269.9544494647799,333.7748383075746,-3.2572405786026604
2026-04-18 05:00:00,307.44404,308.278734185709,267.4852935587241,329.2102248126939,-2.898029373015133
2026-04-18 06:00:00,307.44404,298.5742795753185,247.05152637049045,308.49290278014655,-0.9592767951719283
2026-04-18 07:00:00,262.49004,294.573168023481,260.9428144286076,319.6991816183543,-0.5451564051266513
2026-04-18 08:00:00,257.44404,290.86482010752536,248.8449500099293,307.53400020512146,1.2332500975960758
2026-04-18 09:00:00,257.44404,291.90533422533355,246.54530996946943,313.92454848119763,3.2323442558641275
2026-04-18 10:00:00,257.44404,293.85391493619977,262.66369236192344,320.30377751047604,1.2734725742763222
2026-04-18 11:00:00,257.44404,298.6232643075581,265.1540554819543,332.3922231331619,-1.7267111743962131
2026-04-18 12:00:00,257.44404,302.2982750117169,265.33122505732274,332.10459496611105,-0.6452500456058287
2026-04-18 13:00:00,257.44404,302.5324182398591,282.78601338843913,334.98140309127905,-2.7715551485800125
2026-04-18 14:00:00,307.44404,305.5926478455313,287.06244080641903,328.8755048846436,-1.5917429608876896
2026-04-18 15:00:00,362.44404,315.0685540467533,293.864382557306,351.54226553620066,-3.3604885105526687
2026-04-18 16:00:00,367.44404,324.3434806627244,303.6996342851515,363.0310070402973,-1.656313622427106
2026-04-18 17:00:00,381.64404,355.27977584044373,322.05006893595794,393.99240274492956,-3.159723095514212
2026-04-18 18:00:00,555.74404,424.95878733627177,391.47358455856704,487.9181101139765,0.12972277770471835
2026-04-18 19:00:00,305.64104,431.90972429124616,375.11493052686245,499.3760480556299,7.562243764383719
2026-04-18 20:00:00,537.44404,385.0465017059509,338.69711121287844,436.6123921990234,-1.7060095069275223
2026-04-18 21:00:00,405.44404,358.4838429901342,324.0202982600345,400.7435077202338,-0.872435269900329
2026-04-18 22:00:00,381.64404,343.2925675219021,302.4002679926111,378.84675705119304,0.7302695292909622
2026-04-18 23:00:00,381.64404,321.0792377287202,266.9906974652699,353.34746799217055,-2.762899736549674
2026-04-19 00:00:00,176.31917,311.84979572908674,172.41156315272184,408.8020583054517,24.30966257636491
2026-04-19 01:00:00,176.31917,176.8188066736726,90.18749797116978,279.2529953761754,-1.8246912974971847
2026-04-19 02:00:00,176.31917,176.7597502331439,91.29009466065538,266.6976458056324,-1.5868244275114745
2026-04-19 03:00:00,176.31917,176.91480149046794,110.65590839407118,267.0273145868647,-2.2681669036032184
2026-04-19 04:00:00,176.31917,176.96714960748432,106.56324018608699,246.23027902888165,-3.2572405786026604
2026-04-19 05:00:00,176.31917,181.8053417270732,107.24609110008834,244.05883235405815,-2.898029373015133
2026-04-19 06:00:00,124.12817,188.4530979522197,122.15296474739164,238.26307115704776,-0.9592767951719283
2026-04-19 07:00:00,124.12817,179.9182133404612,125.46130974558784,230.14658693533457,-0.5451564051266513
2026-04-19 08:00:00,124.12517,169.70186612978802,120.66797603219196,213.2763662273841,1.2332500975960758
2026-04-19 09:00:00,124.12517,167.76365528090375,102.6118210250396,201.1765695367679,3.2323442558641275
2026-04-19 10:00:00,124.12517,172.41206591152368,115.31175521907481,219.16518660397261,2.3156306924488645
2026-04-19 11:00:00,124.12817,173.21595020152608,107.43266088504072,222.5429195180115,-1.4465306835146567
2026-04-19 12:00:00,124.12817,185.46853705296635,117.36052705352225,231.26510705241054,-0.3175400005558784
2026-04-19 13:00:00,176.31917,188.51265423838117,135.51100384627924,238.27093463048317,-1.1007496078980479
2026-04-19 14:00:00,176.31917,202.97356924415985,154.27055220504752,246.7598062832722,-1.5917429608876896
2026-04-19 15:00:00,176.31917,225.34282275836264,183.83678704423528,283.50446847249,-2.9533442858726353
2026-04-19 16:00:00,176.31917,238.5018201464619,192.84041803219966,287.83703226072413,-1.2881078857377553
2026-04-19 17:00:00,326.31917,280.2407232795999,214.66234637511405,337.32124018408564,-3.159723095514212
2026-04-19 18:00:00,331.31917,414.6493887071896,328.2619493920929,519.3438880222863,3.0940393150966736
2026-04-19 19:00:00,556.31917,404.80362275659786,308.12535709214734,530.0253284210484,10.99990566445044
2026-04-19 20:00:00,331.31917,379.1190682335917,289.2247001179935,485.8691563491898,-1.6067318844018703
2026-04-19 21:00:00,331.31917,306.1838674890719,238.33090478286599,387.1687101952778,0.673122706205886
2026-04-19 22:00:00,326.31917,275.22674649364075,206.1589487228719,329.65365426440957,2.3227777707687727
2026-04-19 23:00:00,240.79917,239.50573654160183,149.93488983283206,311.6476732503716,-2.421633291230265
2026-04-20 00:00:00,227.71794,200.7253439504646,111.81409137409973,293.1346165268295,24.30966257636491
2026-04-20 01:00:00,227.71794,227.8187433258257,176.6720146233229,292.7645320283286,-1.8246912974971847
2026-04-20 02:00:00,227.71794,227.44780463027547,137.15420905778697,276.393560202764,-1.5868244275114745
2026-04-20 03:00:00,227.71794,226.98419222692112,147.33233913052436,279.45143532331787,-2.2681669036032184
2026-04-20 04:00:00,227.71794,228.23796501151003,147.04294937114733,280.2168606518727,-3.4189543596373015
2026-04-20 05:00:00,243.21794,228.4847771239882,164.88860649700334,273.7555177509731,-2.898029373015133
2026-04-20 06:00:00,243.21794,231.3011135169653,198.89874031213722,280.03194672179336,-0.9592767951719283
2026-04-20 07:00:00,243.21794,231.79592457039556,205.77566485754622,274.45958428324485,-0.13518028715064925
2026-04-20 08:00:00,243.21794,227.58858468158436,175.58276458398828,279.30065477918043,1.2332500975960758
2026-04-20 09:00:00,227.71794,235.0611354740107,194.2159712181466,290.2271097298748,3.2323442558641275
2026-04-20 10:00:00,227.71794,235.93243926110569,206.2471785686568,305.7297699535545,2.3156306924488645
2026-04-20 11:00:00,243.21794,236.72680634990536,197.68491703342002,282.1193356663907,-1.4465306835146567
2026-04-20 12:00:00,227.71794,228.7134534172572,175.16316341781308,258.3001734167013,-0.3175400005558784
2026-04-20 13:00:00,243.21794,234.26859104804365,198.71083065594172,286.32533144014565,-1.1007496078980479
2026-04-20 14:00:00,249.71794,239.83228759294684,209.30571055383456,303.48736463205915,-1.5917429608876896
2026-04-20 15:00:00,249.71794,260.3885885569765,226.29156689396544,355.0252502199876,-1.7476483369889264
2026-04-20 16:00:00,249.71794,285.19306831178324,217.6067964254388,368.9036001981277,-0.1959681136555334
2026-04-20 17:00:00,319.71794,363.72591749194265,264.64381058745687,530.9679843964284,-3.159723095514212
2026-04-20 18:00:00,379.71794,463.4956130969224,260.9792737818257,831.8252524120189,3.0940393150966736
2026-04-20 19:00:00,549.71794,529.3266125140153,251.40776657679018,912.4558384512404,13.956285937225207
2026-04-20 20:00:00,549.71794,419.9379532051869,286.96485508958875,682.956771320785,-1.6067318844018703
2026-04-20 21:00:00,319.71794,334.7518413824792,303.3731386762733,420.9674840886851,0.673122706205886
2026-04-20 22:00:00,249.71794,290.9868908885272,256.0114031177585,307.882558659296,2.3227777707687727
2026-04-20 23:00:00,249.71794,250.167280309585,184.8926700461347,265.7127905730353,-2.762899736549674
2026-04-21 00:00:00,254.85568,226.94694069017464,158.40563811380974,290.4163832665396,24.30966257636491
2026-04-21 01:00:00,254.85568,254.5177140514131,200.9479453489103,287.53065275391594,-1.8246912974971847
2026-04-21 02:00:00,254.85568,254.0744625527589,183.45587698027038,283.1831181252474,-1.5868244275114745
2026-04-21 03:00:00,254.85568,253.89138551190905,194.2331467185254,291.73993430529265,-2.39013120661637
2026-04-21 04:00:00,254.85568,254.45018822168936,196.62114452797894,306.4772619153998,-3.531076306289567
2026-04-21 05:00:00,254.85568,254.6835844261441,203.75338132515608,305.46073752713215,-2.9562068990119856
2026-04-21 06:00:00,254.85568,247.3264271944072,223.70062453831622,299.71794985049814,-1.0135273439090127
2026-04-21 07:00:00,254.85568,252.9370180606621,230.65908446578874,296.72928165553543,-0.5451564051266513
2026-04-21 08:00:00,254.85568,237.23753543782183,181.67190534022575,285.1496255354179,1.2332500975960758
2026-04-21 09:00:00,254.85568,228.4677033548448,185.26253909898065,282.1324876107089,3.2323442558641275
2026-04-21 10:00:00,254.85568,238.7897507053982,204.31534001294935,303.432621397847,2.3156306924488645
2026-04-21 11:00:00,254.85568,240.24483185185417,197.42296253536884,289.9525411683395,-1.4465306835146567
2026-04-21 12:00:00,254.85568,246.87005650385183,211.5881965044077,298.4337965032959,-0.3175400005558784
2026-04-21 13:00:00,254.85568,253.5821930178649,203.48569262576297,328.6761734099669,-1.1007496078980479
2026-04-21 14:00:00,274.85568,276.13266444991194,240.70276741079968,377.18353148902423,-1.5917429608876896
2026-04-21 15:00:00,354.85568,301.15453736745883,243.03359046700496,435.7202142679128,-2.696323099546091
2026-04-21 16:00:00,364.85568,336.09475018706325,251.32769830071877,430.68814207340773,-0.1959681136555334
2026-04-21 17:00:00,364.85568,418.1701305328736,308.3179136283878,607.9416474373595,-3.159723095514212
2026-04-21 18:00:00,364.85568,524.1597066266141,308.66430731151746,915.3745859417107,3.0940393150966736
2026-04-21 19:00:00,614.85568,642.0048335415344,331.5728276043091,1038.3440194787593,13.956285937225207
2026-04-21 20:00:00,364.85568,568.3715799823964,395.0461218667982,859.5972480979946,-1.6067318844018703
2026-04-21 21:00:00,364.85568,393.7931988484628,325.5538861422569,496.4131015546687,0.673122706205886
2026-04-21 22:00:00,254.85568,303.3813292264512,281.42589539100965,337.30061306189276,3.751903835441582
2026-04-21 23:00:00,254.85568,277.8484163996605,231.58717613621022,301.4598966631108,-2.762899736549674
2026-04-22 00:00:00,206.59557,244.82426988865743,185.71542731229255,325.4493624650224,24.30966257636491
2026-04-22 01:00:00,206.59557,206.48256305128467,150.2303943487819,242.5439617537875,-1.8246912974971847
2026-04-22 02:00:00,206.59557,206.15972595518303,146.83916038269453,231.3357615276715,-1.5868244275114745
2026-04-22 03:00:00,206.59557,206.3727401806119,163.54017693700058,245.77282342422325,-2.4966467563886834
2026-04-22 04:00:00,206.59557,206.99506253013163,158.0311289343856,241.64646612587768,-3.548666404253948
2026-04-22 05:00:00,238.59557,209.05810751488588,163.51993792622318,231.7470571035485,-3.6452404113373387
2026-04-22 06:00:00,246.45257,218.28600572885276,189.24011307276177,250.67407838494373,-1.0135273439090127
2026-04-22 07:00:00,246.45257,219.1650393475529,196.90445575267952,260.6353529424262,-0.5451564051266513
2026-04-22 08:00:00,238.59557,217.82731725103127,177.91870715343518,256.2577573486273,1.2332500975960758
2026-04-22 09:00:00,223.07557,219.3533013278752,186.85456707201106,258.99691558373934,3.2323442558641275
2026-04-22 10:00:00,238.59557,227.11219304985465,193.09411235740578,272.2533437423035,2.3156306924488645
2026-04-22 11:00:00,223.07557,230.61054316455392,184.07573384806858,264.49446248103925,-1.4465306835146567
2026-04-22 12:00:00,206.59557,236.9037896159649,194.4826296165208,274.33961961540905,-0.3175400005558784
2026-04-22 13:00:00,238.59557,244.06172429903413,202.20388390693222,295.24225469113605,-1.1007496078980479
2026-04-22 14:00:00,328.69557,262.13498232209344,220.92036528298115,327.8626993612057,-1.5917429608876896
2026-04-22 15:00:00,348.59557,289.76790559378884,241.73114410434147,381.14697708323615,-3.3604885105526687
2026-04-22 16:00:00,348.59557,300.5580661243127,246.33298423796825,357.9154080106572,-0.1959681136555334
2026-04-22 17:00:00,348.59557,334.8517251595378,283.8440556564769,453.4559046625987,-3.788750496939086
2026-04-22 18:00:00,598.59557,397.6780260708941,259.4086867557974,653.1117653859907,3.0940393150966736
2026-04-22 19:00:00,305.73557,498.57042716412974,297.4816112269045,784.747813101355,13.956285937225207
2026-04-22 20:00:00,305.73557,406.578854045261,277.9154869791003,610.5007811114216,-1.5068929338393129
2026-04-22 21:00:00,328.69557,326.6600378247893,265.7253251185834,419.6780105309952,0.673122706205886
2026-04-22 22:00:00,328.69557,256.8081816982207,220.202543382862,289.0601400135794,4.826948315358702
2026-04-22 23:00:00,277.59557,240.3724274417556,186.52018059983533,280.37361428367586,-2.926363158079687
2026-04-23 00:00:00,250.81233,215.2028587613118,115.86183618494691,300.9747013376767,24.30966257636491
2026-04-23 01:00:00,250.81233,250.598462241412,184.9273833724931,304.6020811103309,-2.179641131081102
2026-04-23 02:00:00,250.81233,250.41652441980492,187.7879970934186,285.54307174619123,-1.6363726736136546
2026-04-23 03:00:00,250.81233,250.4659458088111,204.18104791344936,291.3512837041729,-2.95801210463824
2026-04-23 04:00:00,250.81233,250.952423650709,200.53953005496294,288.4801072464551,-3.548666404253948
2026-04-23 05:00:00,250.81233,252.2532226072824,208.27246950629439,271.1259357082704,-2.9562068990119856
2026-04-23 06:00:00,250.81233,250.2929035839252,205.64472092783424,279.9503062400162,-1.0135273439090127
2026-04-23 07:00:00,250.81233,249.44051032737715,211.34463673250383,277.4745839222505,-0.5451564051266513
2026-04-23 08:00:00,250.81233,242.32498258229128,205.67355248469522,274.22379267988737,1.2332500975960758
2026-04-23 09:00:00,237.81233,244.71300804823764,212.97215379237352,268.44832230410174,3.2323442558641275
2026-04-23 10:00:00,250.81233,250.17742300066143,218.54150230821256,278.5351336931103,2.3156306924488645
2026-04-23 11:00:00,250.81233,253.3892543357956,215.5511050193103,280.743503652281,-1.4465306835146567
2026-04-23 12:00:00,250.81233,249.75973679513905,217.80637679569494,271.2688867945831,-0.3175400005558784
2026-04-23 13:00:00,250.81233,256.58954941694225,224.64524902484033,282.44443980904424,-1.1007496078980479
2026-04-23 14:00:00,255.66933,282.34662529079856,251.74457009030783,333.5442304912892,-0.5389047995092908
2026-04-23 15:00:00,296.22233,294.5588294605881,264.3983179711407,344.64004095003537,-3.3604885105526687
2026-04-23 16:00:00,317.81233,298.6931504279562,273.3260385416117,341.82440231430064,-0.1959681136555334
2026-04-23 17:00:00,317.81233,323.22995178936475,287.8220661828896,412.99086739584,-4.788154393524809
2026-04-23 18:00:00,357.81233,428.3268903124364,330.0249409973397,616.9034796275331,3.0940393150966736
2026-04-23 19:00:00,357.81233,398.5718114736546,270.1471658092042,579.893877138105,10.99990566445044
2026-04-23 20:00:00,317.81233,355.9839754847844,289.1651584186237,481.103092550945,-1.5068929338393129
2026-04-23 21:00:00,316.81233,315.60689920327786,268.19659649707194,377.41837190948377,0.673122706205886
2026-04-23 22:00:00,296.22233,287.3521569276944,232.0273462437531,306.91539761163574,5.615240683941327
2026-04-23 23:00:00,250.81233,266.6855876511613,188.88428080924095,305.2213144930816,-2.926363158079687
2026-04-24 00:00:00,274.13793,250.06374908320535,187.46362650684048,294.1878216595703,24.30966257636491
2026-04-24 01:00:00,274.13793,274.0435535759047,233.5293347069858,299.32540244482357,-2.179641131081102
2026-04-24 02:00:00,274.13793,274.06906987004743,226.2484125436611,298.74563719643373,-1.6363726736136546
2026-04-24 03:00:00,274.13793,274.066384800519,227.07491690515727,304.1193726958808,-2.95801210463824
2026-04-24 04:00:00,274.13793,274.2317374106553,222.18696381490923,310.89833100640135,-3.548666404253948
2026-04-24 05:00:00,274.13793,273.8132012335523,229.41530813256435,304.4660143345404,-2.9562068990119856
2026-04-24 06:00:00,274.13793,261.89092222122565,221.14607956513467,301.06592487731666,-1.0135273439090127
2026-04-24 07:00:00,251.34993,260.4887657450696,223.8148621501963,303.488209339943,-0.5451564051266513
2026-04-24 08:00:00,251.34993,257.46495178186854,215.13754168427246,299.75664187946455,1.2332500975960758
2026-04-24 09:00:00,251.34993,256.0863484818616,218.48100422599748,292.94456273772573,3.2323442558641275
2026-04-24 10:00:00,251.99493,257.33898997173264,218.99823927928378,284.4562506641815,2.3156306924488645
2026-04-24 11:00:00,274.13793,258.7966445916352,215.13729527514982,273.66035390812056,-1.4465306835146567
2026-04-24 12:00:00,274.13793,261.74078051382946,226.6066305143854,282.0531505132736,-0.3175400005558784
2026-04-24 13:00:00,279.13793,264.98403393757565,242.13328354547372,285.5638943296776,-1.1007496078980479
2026-04-24 14:00:00,279.13793,267.84212095039663,250.31585143386846,302.4452004669248,-1.8117104834718514
2026-04-24 15:00:00,279.13793,278.04212084650567,244.25284613408397,317.2911055589273,-3.800115287578325
2026-04-24 16:00:00,294.13793,285.7258568904457,252.7739250041013,325.5830587767902,-0.1959681136555334
2026-04-24 17:00:00,314.13793,295.7347804372472,262.17807483077206,364.62688604372244,-4.788154393524809
2026-04-24 18:00:00,354.13793,342.618960656806,267.5325213417094,487.19354997190266,3.0940393150966736
2026-04-24 19:00:00,604.13793,337.27544060753365,232.18363030820655,500.1623509068607,7.677310299327087
2026-04-24 20:00:00,314.13793,320.0262924888009,269.74744542264017,447.6320395549616,-1.5068929338393129
2026-04-24 21:00:00,314.13793,301.22914076961894,274.2036580634131,371.03583347582486,0.673122706205886
2026-04-24 22:00:00,306.13793,287.3375089388919,256.5376182549506,319.5422596228333,5.615240683941327
2026-04-24 23:00:00,279.13793,272.7667433318974,246.44292453408406,308.7131321297107,-2.9934112021866506
2026-04-25 00:00:00,246.00735,263.2049606124989,202.97060803613402,300.72848318886383,24.30966257636491
2026-04-25 01:00:00,246.00735,245.9574602547281,206.17621013105506,261.0125403784012,-2.8857498763269818
2026-04-25 02:00:00,246.00735,245.9656815942284,204.8259342678421,262.0959689206147,-1.6363726736136546
2026-04-25 03:00:00,246.00735,246.0234309222149,218.9612430268532,265.8839088175767,-2.95801210463824
2026-04-25 04:00:00,246.00735,246.0384331455096,217.69362384538965,268.5471424456296,-3.7363406998800124
2026-04-25 05:00:00,246.00735,246.9460486683577,219.24169907969502,262.5303382570204,-3.6452404113373387
2026-04-25 06:00:00,246.00735,237.96064943471325,201.63047744324084,259.21072142618567,-1.1904880085275635
2026-04-25 07:00:00,246.00735,237.03680880139365,205.7294452065203,268.21413239626696,-0.5451564051266513
2026-04-25 08:00:00,246.00735,235.53318940260272,197.45920930500665,265.2111395001988,1.2332500975960758
2026-04-25 09:00:00,246.00735,236.16014805793444,196.6867038020703,266.7935423137986,3.2323442558641275
2026-04-25 10:00:00,246.00735,238.90610595315445,209.4691052607056,269.27010664560333,2.3156306924488645
2026-04-25 11:00:00,246.00735,240.30001701603803,209.36625789001005,263.56665614206605,-1.3478908739719664
2026-04-25 12:00:00,246.00735,242.0653409950468,211.95038099560267,269.86498099449096,-0.3175400005558784
2026-04-25 13:00:00,246.00735,243.5733632831968,211.92753289109487,259.8486136752988,-1.1007496078980479
2026-04-25 14:00:00,246.00735,244.5854707931341,226.98156127660596,262.73139030966223,-1.8117104834718514
2026-04-25 15:00:00,246.00735,249.24334592100803,222.77109120858634,283.6098306334297,-3.800115287578325
2026-04-25 16:00:00,266.21935,256.0413011735914,234.09056928724695,289.3193330599359,-0.1959681136555334
2026-04-25 17:00:00,306.00735,272.48507278375115,254.63339717727595,319.28963839022634,-4.788154393524809
2026-04-25 18:00:00,316.00735,322.825439846962,286.29062053186533,398.77457916205867,3.0940393150966736
2026-04-25 19:00:00,336.00735,358.7557261569631,297.16584021973785,440.1580920941883,13.956285937225207
2026-04-25 20:00:00,316.00735,301.3543757965699,272.9698187304092,354.5933028627306,-1.5068929338393129
2026-04-25 21:00:00,306.00735,287.2254198970943,271.60030719088843,334.4067526033002,0.673122706205886
2026-04-25 22:00:00,286.00735,271.52922898516806,238.51142830122674,301.3380096691094,5.615240683941327
2026-04-25 23:00:00,266.21935,259.42184703134404,226.8349382335307,290.96112582915737,-2.9934112021866506
2026-04-26 00:00:00,258.12799,244.55910358523755,199.4720210088727,277.3998361616025,24.30966257636491
2026-04-26 01:00:00,257.12799,258.1396131481025,240.2870730244295,273.81536327177554,-2.8857498763269818
2026-04-26 02:00:00,250.42799,258.18934874650284,231.6264721368834,282.1406653561223,-1.9662333903805163
2026-04-26 03:00:00,238.12799,258.10750686635026,238.01561897098856,276.91826476171207,-2.95801210463824
2026-04-26 04:00:00,238.12799,257.8692084820992,236.5028428487603,272.7289341154382,-3.818894366661034
2026-04-26 05:00:00,238.12799,257.61513937167456,229.87722978301196,268.62021896033724,-3.6452404113373387
2026-04-26 06:00:00,238.12799,244.0807550940705,214.11252310259806,251.0145370855429,-1.1904880085275635
2026-04-26 07:00:00,227.12799,242.4113135212306,211.2631999263573,246.56482711610397,-0.5451564051266513
2026-04-26 08:00:00,227.12799,241.3207960717067,210.88444597411063,258.8835761693027,1.2332500975960758
2026-04-26 09:00:00,227.12799,241.8485966011152,203.1786323452511,250.7014408569793,3.2323442558641275
2026-04-26 10:00:00,227.12799,244.5880787350701,207.24235804262125,253.10895942751895,2.3156306924488645
2026-04-26 11:00:00,227.12799,245.9245308366877,215.97918171065967,246.86858996271576,-1.3478908739719664
2026-04-26 12:00:00,227.12799,241.61357828697965,214.35442828753554,246.04087828642375,-0.3175400005558784
2026-04-26 13:00:00,238.12799,240.21600764306856,226.60411725096665,250.0401780351705,-1.1007496078980479
2026-04-26 14:00:00,238.12799,238.3454486583215,237.3364391417933,245.99312817484963,-1.8117104834718514
2026-04-26 15:00:00,257.12799,246.29766058951023,238.3872058770886,257.7784753019319,-3.800115287578325
2026-04-26 16:00:00,258.33999,254.32708491076656,246.08711302442214,274.7539767971111,-0.1959681136555334
2026-04-26 17:00:00,268.12799,275.2807903387626,266.2812747322874,307.7262959452378,-4.788154393524809
2026-04-26 18:00:00,278.12799,313.5320788556378,277.24001954054114,363.51856817073445,3.0940393150966736
2026-04-26 19:00:00,308.12799,327.5045932666305,277.4854473294052,385.1550792038557,13.956285937225207
2026-04-26 20:00:00,308.12799,309.7100615528388,288.37621448667807,348.4533886189995,-1.5068929338393129
2026-04-26 21:00:00,308.12799,295.08755340692227,279.9307507007163,326.33791611312813,0.673122706205886
2026-04-26 22:00:00,268.12799,277.9419410517792,258.07459036783786,300.18601173572057,5.615240683941327
2026-04-26 23:00:00,258.33999,260.5423395337229,239.01080207431679,277.56145699312907,-3.0876125405938413
2026-04-27 00:00:00,251.80531,262.0374764364758,200.57825386011092,307.37110901284075,24.30966257636491
2026-04-27 01:00:00,245.80531,251.65960944538304,199.57328932171,272.99403956905616,-2.8857498763269818
2026-04-27 02:00:00,245.80531,251.74974713952565,189.04089052990614,276.7855637491452,-1.9662333903805163
2026-04-27 03:00:00,245.80531,251.896277857106,197.58163027147924,278.7914054427328,-2.9496124143732176
2026-04-27 04:00:00,251.80531,252.03081967307995,193.06117442697806,273.7846349191818,-4.037364753898121
2026-04-27 05:00:00,251.80531,251.6451977958551,200.02827820719244,267.30887738451776,-3.6452404113373387
2026-04-27 06:00:00,251.80531,246.5078975129492,205.98175552147677,263.8206695044217,-1.1904880085275635
2026-04-27 07:00:00,251.80531,243.3745297981773,207.48960620330394,269.80781339305065,-0.5451564051266513
2026-04-27 08:00:00,251.80531,244.51507776941696,200.9838176718209,271.882697867013,1.2332500975960758
2026-04-27 09:00:00,251.80531,245.81819428381803,210.12896002795392,279.26702853968226,3.2323442558641275
2026-04-27 10:00:00,251.80531,249.93819886410665,219.3248281716578,282.8126295565555,2.3156306924488645
2026-04-27 11:00:00,251.80531,251.22098573551423,221.7770166094862,276.01912486154225,-1.3478908739719664
2026-04-27 12:00:00,251.80531,247.1979496613884,218.8334396619443,284.0720096608325,-0.3175400005558784
2026-04-27 13:00:00,251.80531,252.2780425356109,226.47116214350896,282.10122292771285,-1.1007496078980479
2026-04-27 14:00:00,277.01731,257.1299798822633,235.91493036573516,295.1289293987915,-1.8117104834718514
2026-04-27 15:00:00,277.01731,267.9523524130051,238.15205770058344,318.1180971254268,-3.800115287578325
2026-04-27 16:00:00,281.80531,271.7139112298864,233.9355093435419,313.4324331162309,-0.1959681136555334
2026-04-27 17:00:00,306.80531,285.4232035032403,252.65799789676512,346.3735891097155,-4.788154393524809
2026-04-27 18:00:00,346.80531,318.39343457886747,261.96639144729073,427.37417771044426,4.2180931315766985
2026-04-27 19:00:00,596.80531,343.6868113601629,252.93340542293768,463.1208872973882,13.956285937225207
2026-04-27 20:00:00,306.80531,325.538942520664,273.17361545450336,423.8870995868247,-1.5068929338393129
2026-04-27 21:00:00,306.80531,302.5686591461809,264.897426439975,354.3257718523868,0.673122706205886
2026-04-27 22:00:00,281.80531,277.6917930240285,236.2547423400872,312.64368370796984,5.615240683941327
2026-04-27 23:00:00,277.01731,266.31407081701906,213.1083933576129,300.6612982764252,-3.0876125405938413
2026-04-28 00:00:00,98.19155,251.6884149651196,192.75390238875468,299.6678575414845,24.30966257636491
2026-04-28 01:00:00,103.40455,98.16883723737185,53.19571711369878,120.26493736104487,-2.8857498763269818
2026-04-28 02:00:00,98.19155,98.52970928390287,47.51587267428341,117.6325358935224,-1.9662333903805163
2026-04-28 03:00:00,98.19155,99.42487699726956,63.71172982118428,128.29980417335486,-3.0787828239147217
2026-04-28 04:00:00,101.98955,101.67064072939914,61.68979011590761,121.4241213428906,-4.106369386508532
2026-04-28 05:00:00,257.04255,109.1536648510678,79.39568678089013,118.19716292124546,-3.924611929822367
2026-04-28 06:00:00,257.04255,220.68530628454025,191.94943429306775,234.84616827601266,-1.1904880085275635
2026-04-28 07:00:00,257.04255,230.03432003743436,207.833566442561,253.3051136323077,-0.5451564051266513
2026-04-28 08:00:00,105.34955,229.871126141565,192.9392460439689,254.28109623916106,1.2332500975960758
2026-04-28 09:00:00,98.19155,234.23469460027064,204.19038034440655,268.5928288561348,3.2323442558641275
2026-04-28 10:00:00,98.19155,234.2356798051109,205.44531911266202,267.03522049755975,2.3156306924488645
2026-04-28 11:00:00,101.98955,234.44298219179356,201.29838306576548,257.83694131782164,-1.3478908739719664
2026-04-28 12:00:00,101.98955,237.90881127562227,208.97159127617817,275.3759212750664,-0.3175400005558784
2026-04-28 13:00:00,257.04255,251.53490847674243,216.3848980846405,284.7809888688444,-1.1007496078980479
2026-04-28 14:00:00,257.04255,268.87941490063264,245.36520950249817,316.60315029876705,-2.1533246018655223
2026-04-28 15:00:00,267.04255,277.05967339654933,243.11287078978515,348.3962560033134,-4.268067393235893
2026-04-28 16:00:00,267.04255,278.9714245141878,234.40953040231716,332.2186286260585,-1.6948758881293426
2026-04-28 17:00:00,272.04255,290.54979452311926,258.94433378540987,383.08337526082863,-5.438819262290602
2026-04-28 18:00:00,597.04255,331.25239665542944,233.1295435238528,520.5734097870061,4.2180931315766985
2026-04-28 19:00:00,1134.59455,388.7140479155746,227.230512847933,619.559222983216,26.67105506764157
2026-04-28 20:00:00,307.04255,324.9261281017685,244.62492103560783,486.35391516792924,-1.5068929338393129
2026-04-28 21:00:00,307.04255,310.5893369417492,278.97374423554334,389.1579696479551,0.673122706205886
2026-04-28 22:00:00,257.04255,264.9911568038128,238.23656611987153,299.3585274877542,5.615240683941327
2026-04-28 23:00:00,257.04255,217.5243667308556,180.04093243588758,243.4808910258236,-3.9493457050319978
2026-04-29 00:00:00,121.41992,130.23364035116722,36.23353190624199,202.30157879609249,27.388578444925244
2026-04-29 01:00:00,121.41992,121.22909248704472,65.91356508912881,145.51708988496063,-3.692382602084094
2026-04-29 02:00:00,115.33292,121.27758166497014,51.126985055350666,133.49298827458964,-1.9662333903805163
2026-04-29 03:00:00,115.33292,121.58305314263332,84.03234054731766,161.500825737949,-3.371137404684341
2026-04-29 04:00:00,115.33292,122.7614799955454,70.92177822883444,167.65088176225632,-4.283458233289051
2026-04-29 05:00:00,122.49092,130.62258196001952,90.46292388984185,156.5545500301971,-3.924611929822367
2026-04-29 06:00:00,121.41992,167.9592571237985,135.04604513232604,214.40648911527094,-1.1904880085275635
2026-04-29 07:00:00,122.49092,166.47287266574853,128.91949777337862,215.01100755811845,-0.11149510763011122
2026-04-29 08:00:00,122.49092,154.1643709279948,104.72845604631175,205.47224580967787,3.899054881683038
2026-04-29 09:00:00,115.33292,159.1548825920725,108.40472856104297,214.902156623102,5.968264031029531
2026-04-29 10:00:00,115.33292,165.84747722451544,130.58120367811293,232.91755077091793,4.780373546402512
2026-04-29 11:00:00,115.33292,173.5667794373383,121.46714888636217,219.3999599883145,-0.8319794490238315
2026-04-29 12:00:00,115.33292,170.58849263875925,132.68222501678778,212.02062026073074,0.056767621971497345
2026-04-29 13:00:00,122.49092,205.53981954070215,162.68224914860022,250.93223993280412,-1.1007496078980479
2026-04-29 14:00:00,274.18392,230.53868775159697,200.22075235346247,292.54301314973145,-2.1533246018655223
2026-04-29 15:00:00,279.18392,250.10813438811516,210.53870075209028,357.2084680241401,-4.432736363975093
2026-04-29 16:00:00,282.18392,256.07317738216915,207.70555470550562,315.46417005883274,-2.9279773233364517
2026-04-29 17:00:00,364.18392,314.28057718212824,254.24804525488912,472.4520291093674,-5.958608072760867
2026-04-29 18:00:00,364.18392,473.5708263005714,260.2066804126942,869.2504721884486,19.137445887877213
2026-04-29 19:00:00,614.18392,592.3063618533653,266.88024982651314,1032.0240738802177,35.27114202685221
2026-04-29 20:00:00,614.18392,390.9058026111944,225.30161554503377,676.5338496773551,-1.5068929338393129
2026-04-29 21:00:00,284.18392,283.4171381112029,244.83463540499704,408.55718081740883,0.673122706205886
2026-04-29 22:00:00,274.18392,202.4522287355198,173.56110805157846,242.0086294194611,5.615240683941327
2026-04-29 23:00:00,274.18392,175.37748537197967,127.09747791257352,196.19276283138583,-3.0876125405938413
2026-04-30 00:00:00,123.9943,134.82683947077754,26.482501025852315,255.9489579157028,27.388578444925244
2026-04-30 01:00:00,123.9943,123.91879437223074,66.19816046857296,211.30877827588847,-3.901636096342227
2026-04-30 02:00:00,123.9943,123.94877166427896,46.154093619039415,178.5593497095185,-3.149001954760448
2026-04-30 03:00:00,123.9943,123.97456850730995,85.86218107999353,184.69367593462636,-3.623542572683569
2026-04-30 04:00:00,123.9943,124.25664145826644,72.3843314970097,181.8158114195232,-4.504650038743262
2026-04-30 05:00:00,225.6873,127.64557180073972,61.309562717544196,147.3923608839352,-4.28391091680449
2026-04-30 06:00:00,225.6873,142.24800590854628,102.2792427037182,189.79168911337433,-0.9592767951719283
2026-04-30 07:00:00,123.9943,139.67169348877664,109.4902647902748,199.6627521872785,-0.07051130149814586
2026-04-30 08:00:00,116.8363,135.30757332019527,97.10632843851224,204.79229820187828,3.899054881683038
2026-04-30 09:00:00,116.8363,135.03113242440557,81.66309839337605,199.10048645543506,5.968264031029531
2026-04-30 10:00:00,120.6343,144.03433607379228,97.96841752009819,231.3328246274864,7.5943585536941045
2026-04-30 11:00:00,225.6873,154.7764516086081,75.89063546159821,232.68090775561802,0.1807661470099069
2026-04-30 12:00:00,225.6873,159.16575716833475,83.88067339357765,238.09830094309183,1.3218137747570995
2026-04-30 13:00:00,225.6873,172.38779584831693,94.18386618741323,224.50146550922065,0.7221396609037083
2026-04-30 14:00:00,225.6873,224.09459321952596,155.90046782139146,296.38171861766045,-2.1533246018655223
2026-04-30 15:00:00,265.6873,261.39124983262855,182.23076389763565,351.41925576762145,-4.479644065007083
2026-04-30 16:00:00,265.6873,276.8683134808735,222.04269820575018,376.09746875599666,-3.5992647248767686
2026-04-30 17:00:00,274.6873,320.18624428112787,234.33583645633917,465.5282821059166,-6.108942175211256
2026-04-30 18:00:00,285.6873,430.0491247877411,241.5554488998639,702.2957406756184,19.137445887877213
2026-04-30 19:00:00,285.6873,587.4168631142321,342.8797910873799,908.2069851410843,35.27114202685221
2026-04-30 20:00:00,285.6873,512.1771600516508,349.7916629854902,747.8168171178115,-1.5068929338393129
2026-04-30 21:00:00,265.6873,305.7039591145698,225.2971364083639,444.0944618207756,0.673122706205886
2026-04-30 22:00:00,265.6873,221.3640368807192,170.34304604741914,284.7687377140192,7.799170833300002
2026-04-30 23:00:00,225.6873,190.3161838106772,135.92352635127102,221.24163127008333,-3.0876125405938413
2026-05-01 00:00:00,183.43366,120.08688815661203,42.550879711686804,211.20335660153734,27.388578444925244
2026-05-01 01:00:00,183.43366,182.99359566326228,158.28385334416188,228.20536298236271,-4.118542680899592
2026-05-01 02:00:00,148.43366,182.77763720577823,147.1580591605387,216.09151525101782,-3.149001954760448
2026-05-01 03:00:00,129.44266,182.64671221851268,165.46309079119624,208.43037964582913,-3.623542572683569
2026-05-01 04:00:00,129.44266,182.69405587148668,154.38766855530432,205.41335318766906,-5.279332683817619
2026-05-01 05:00:00,129.44266,185.6322350491634,145.7967269789858,204.16964311934103,-3.924611929822367
2026-05-01 06:00:00,127.43366,165.2147709603257,116.60055829891999,196.74786362173137,-0.8419873385943056
2026-05-01 07:00:00,121.75366,154.39643526661737,120.15099656811553,200.60506396511923,-0.07051130149814586
2026-05-01 08:00:00,121.62366,151.0821710255454,114.26070614386232,207.62719590722844,3.899054881683038
2026-05-01 09:00:00,121.62366,148.65748655714452,106.36051252611496,193.84830058817406,5.968264031029531
2026-05-01 10:00:00,121.62366,154.4633065386587,111.17014198496462,207.48652509235282,7.5943585536941045
2026-05-01 11:00:00,127.43366,165.70130399772293,120.10323785071301,222.29329014473285,0.1807661470099069
2026-05-01 12:00:00,127.43366,173.0422949631023,127.48055118834519,230.3328387378594,1.3218137747570995
2026-05-01 13:00:00,127.43366,173.4752900423126,131.85314892776177,223.23802115686343,2.5959911145508197
2026-05-01 14:00:00,129.44266,175.05931741345597,134.0089807682106,234.51303405870135,-2.265123354754619
2026-05-01 15:00:00,183.43366,185.48219737079955,138.37781303199472,249.1033417096044,-4.739575661195166
2026-05-01 16:00:00,183.43366,188.3935427988029,158.7513377364041,254.88976786120176,-4.959074937601173
2026-05-01 17:00:00,233.43366,202.19667310276049,161.27522917161565,291.0901970339054,-6.219556068855155
2026-05-01 18:00:00,262.43366,251.00336525081607,152.3081893629389,393.74435113869333,19.137445887877213
2026-05-01 19:00:00,623.43366,269.33559693419136,127.67842539868465,438.1822784696981,44.57985153550671
2026-05-01 20:00:00,233.43366,256.9831937319913,173.81376666583063,388.525960798152,-1.5068929338393129
2026-05-01 21:00:00,233.43366,223.8565202814604,162.97798757525456,321.0082529876663,0.673122706205886
2026-05-01 22:00:00,233.43366,220.4869605818424,167.8786497485424,297.0098314151424,7.799170833300002
2026-05-01 23:00:00,233.43366,196.98194980267905,157.64244223549494,255.16610736986314,-2.7711024328158986
2026-05-02 00:00:00,143.40286,172.42505155731334,113.38753311238808,226.81604000223854,27.388578444925244
2026-05-02 01:00:00,168.40286,143.3949407045717,122.63177428462276,160.29972712452064,-4.752473580051058
2026-05-02 02:00:00,143.40286,143.3641702494628,104.94097220422324,162.03835829470236,-3.149001954760448
2026-05-02 03:00:00,143.40286,143.39498569803425,125.93830310271859,166.37313829334988,-3.371137404684341
2026-05-02 04:00:00,143.40286,143.4592244667327,113.92090715055033,144.75865178291505,-5.279332683817619
2026-05-02 05:00:00,143.40286,144.3943052861319,116.07170377866848,150.94526679359527,-3.633868492536574
2026-05-02 06:00:00,143.40286,139.8599955610616,98.5123428996559,146.2138082224673,-0.8419873385943056
2026-05-02 07:00:00,143.40286,137.1913553496422,113.43252665114035,155.85049404814404,-0.07051130149814586
2026-05-02 08:00:00,143.40286,135.770385935235,103.94487105355196,158.64241081691804,3.899054881683038
2026-05-02 09:00:00,198.90286,136.57535535022856,95.46918131919905,154.53697938125805,5.968264031029531
2026-05-02 10:00:00,168.40286,138.93409847648175,104.52831992278765,161.2402170301758,7.5943585536941045
2026-05-02 11:00:00,168.40286,139.17509597232174,107.84465982531182,163.54683211933164,0.1807661470099069
2026-05-02 12:00:00,168.40286,139.52655539330468,104.5905419341146,157.54875885249467,1.5405234591900483
2026-05-02 13:00:00,168.40286,140.78138444055497,108.06786137433032,168.2730275067796,5.9091530662246425
2026-05-02 14:00:00,168.40286,142.7492971942995,121.33595898472018,170.09394540387882,-0.5058817904206874
2026-05-02 15:00:00,198.90286,150.85764884677224,132.2103645079674,171.9973031855771,-4.739575661195166
2026-05-02 16:00:00,208.40286,149.57957471313435,142.17285965073555,182.17727977553315,-4.959074937601173
2026-05-02 17:00:00,208.40286,166.40215760374164,154.65470367259678,216.44862153488646,-6.219556068855155
2026-05-02 18:00:00,238.40286,225.3983176905426,162.83590180266538,313.2587635784198,19.137445887877213
2026-05-02 19:00:00,238.40286,309.58051226381724,175.47234318835706,460.8819013392775,79.86450907546022
2026-05-02 20:00:00,238.40286,215.797001207322,162.49356414116133,300.6639982734827,-1.5068929338393129
2026-05-02 21:00:00,208.40286,196.31039612916564,147.48973342295977,256.1103888353715,0.673122706205886
2026-05-02 22:00:00,208.40286,186.35932963555868,134.43441880225868,232.61504046885867,7.799170833300002
2026-05-02 23:00:00,198.90286,179.05605914897805,140.10355158179394,213.65896671616218,-2.7711024328158986
2026-05-03 00:00:00,206.23212,145.3829533672419,91.62910492231667,181.88988181216718,27.388578444925244
2026-05-03 01:00:00,206.23212,205.680146080893,184.81262966094405,217.00750250084192,-4.752473580051058
2026-05-03 02:00:00,206.23212,205.38675863783288,176.49981724038545,216.8068800352803,-3.5203886025525724
2026-05-03 03:00:00,183.73212,204.53376160176515,186.89716900644947,220.5940941970808,-3.371137404684341
2026-05-03 04:00:00,206.23212,204.5454285290627,183.41836556926452,205.65915148886083,-6.181347040201833
2026-05-03 05:00:00,206.23212,203.91516264973143,179.49820114226802,210.31196415719484,-3.633868492536574
2026-05-03 06:00:00,183.73212,187.0230551453524,152.54488248394668,188.83801780675807,-0.8419873385943056
2026-05-03 07:00:00,183.73212,184.6698810388831,159.99768234038126,199.99242973738492,-0.07051130149814586
2026-05-03 08:00:00,183.73212,184.13452681729268,158.53169193560964,210.6645516989757,3.899054881683038
2026-05-03 09:00:00,183.73212,186.61624209338788,157.56685784124537,215.50362634553042,9.51906425214254
2026-05-03 10:00:00,183.73212,189.27678568041927,157.49830149800897,210.49374986282956,12.913664182410306
2026-05-03 11:00:00,183.73212,188.2562330132214,155.8810221604388,203.880443866004,5.085460852782613
2026-05-03 12:00:00,183.73212,186.11814038597367,156.56835106685935,201.32933970508802,2.724029319114326
2026-05-03 13:00:00,183.73212,186.9390019564209,156.45980240845012,205.75167150439162,6.218009547970741
2026-05-03 14:00:00,206.23212,186.7344205428164,176.33500233323707,201.53872875239568,-0.5058817904206874
2026-05-03 15:00:00,206.23212,193.37015625272264,179.8984903177297,212.16567218771553,-4.479644065007083
2026-05-03 16:00:00,213.23212,195.7029110631195,186.2572557879963,221.35572633824273,-3.5992647248767686
2026-05-03 17:00:00,213.23212,198.76579810298028,188.75664417183543,227.63584203412512,-6.219556068855155
2026-05-03 18:00:00,238.23212,221.0342875539964,179.30989166611917,280.6678234418736,19.137445887877213
2026-05-03 19:00:00,238.23212,240.52077422980148,129.09256515434123,357.70862330526165,79.86450907546022
2026-05-03 20:00:00,238.23212,227.059741962792,190.4942548966313,271.41021902895267,-1.5068929338393129
2026-05-03 21:00:00,238.23212,210.9614310299825,178.56766832377662,246.04578373618835,0.673122706205886
2026-05-03 22:00:00,213.23212,211.82569348639888,182.39272265309887,250.49741431969886,7.799170833300002
2026-05-03 23:00:00,213.23212,206.3588930968263,171.92552210909116,235.70543408456146,-3.9363190122648453
2026-05-04 00:00:00,214.6534,199.75888774572525,131.99723175326838,238.57449373818216,28.86027599245688
2026-05-04 01:00:00,214.6534,214.68981157526667,170.99224472894593,234.70420842158742,-5.199043153679259
2026-05-04 02:00:00,214.6534,214.587810342508,163.39588377480248,237.38369691021353,-4.0938234322945
2026-05-04 03:00:00,214.6534,214.4810135867716,169.57827099145592,246.3625461820873,-3.371137404684341
2026-05-04 04:00:00,214.6534,214.8009796254616,161.0204351177098,236.47242413321345,-6.211475492248186
2026-05-04 05:00:00,248.6534,214.8750613450544,169.255359837591,235.36141285251787,-3.633868492536574
2026-05-04 06:00:00,248.6534,210.3883603279753,172.6840176665696,240.12196298938102,-0.8419873385943056
2026-05-04 07:00:00,214.6534,211.50497163900164,177.4687829404998,248.1474903375035,-0.07051130149814586
2026-05-04 08:00:00,214.6534,210.31744257402403,175.77384769234098,240.7452274557071,3.899054881683038
2026-05-04 09:00:00,214.6534,209.27957370968377,164.59797945754124,241.62148796182632,9.51906425214254
2026-05-04 10:00:00,223.6534,210.873633028968,170.0076688465577,245.02484721137833,12.913664182410306
2026-05-04 11:00:00,248.6534,213.3523670871352,173.7246662343526,244.77552793991782,5.085460852782613
2026-05-04 12:00:00,248.6534,210.8324508283634,174.83611150924906,240.77795014747772,2.724029319114326
2026-05-04 13:00:00,248.6534,218.0903532751719,177.24989372720114,246.4407928231427,6.218009547970741
2026-05-04 14:00:00,248.6534,228.28807917621444,199.87072355866584,275.126624793763,0.8067156175485919
2026-05-04 15:00:00,258.6534,238.53059149338463,198.2581555583917,290.26791742837753,-4.479644065007083
2026-05-04 16:00:00,294.1534,242.786576634914,192.75374135979078,277.78313191003724,-3.5992647248767686
2026-05-04 17:00:00,294.1534,256.1769913750345,218.90645744388962,320.12662530617933,-6.219556068855155
2026-05-04 18:00:00,508.6534,284.87288440449447,184.72585851661725,458.8572802923717,19.137445887877213
2026-05-04 19:00:00,558.6534,317.4528628076427,120.08355373218255,576.7250118831029,79.86450907546022
2026-05-04 20:00:00,508.6534,294.83899529690893,227.76402823074824,447.2206823630696,-1.5068929338393129
2026-05-04 21:00:00,558.6534,260.0275363518474,234.46291364564146,344.15622905805327,0.673122706205886
2026-05-04 22:00:00,294.1534,237.00029653879568,211.38046570549565,276.9714073720957,7.799170833300002
2026-05-04 23:00:00,248.6534,228.34047870490565,204.12023094980543,271.6770364600058,-4.473962244899847
2026-05-05 00:00:00,231.43242,206.89946631444664,147.89521032198977,262.2829623069035,28.86027599245688
2026-05-05 01:00:00,231.43242,231.4205195263833,192.44252268006255,259.49454637270406,-5.199043153679259
2026-05-05 02:00:00,231.43242,231.3088738748443,192.40680730713885,264.3339304425498,-4.0938234322945
2026-05-05 03:00:00,231.43242,231.3095873441488,193.37096601261769,267.1787286756799,-3.5851986684688906
2026-05-05 04:00:00,265.93242,231.710007001255,192.25846657363797,261.363347428872,-6.5256295723830045
2026-05-05 05:00:00,265.93242,233.30805826154375,192.4414676345589,259.35656888852867,-2.898029373015133
2026-05-05 06:00:00,265.93242,247.3719533611422,223.88715018413552,306.08698653814884,0.015023177006716515
2026-05-05 07:00:00,231.43242,249.4338758650206,218.29184716651875,300.41483456352245,-0.07051130149814586
2026-05-05 08:00:00,231.43242,255.3215481088648,210.8608732271818,306.8175729905478,3.899054881683038
2026-05-05 09:00:00,231.43242,257.0758320009344,210.22397774879184,317.0145162530769,9.51906425214254
2026-05-05 10:00:00,231.43242,268.8925182115081,212.3904340290978,313.7560423939184,12.913664182410306
2026-05-05 11:00:00,265.93242,275.3751480813128,218.8491285905958,318.1298775720297,5.366759490716948
2026-05-05 12:00:00,265.93242,273.2345933955985,224.3089489466661,318.42065784453087,4.964124448932405
2026-05-05 13:00:00,265.93242,279.01558904186544,227.52149727442503,347.9055908093059,7.274921767440422
2026-05-05 14:00:00,280.93242,295.41622190335903,253.0586962858104,361.0187875209076,0.8067156175485919
2026-05-05 15:00:00,285.93242,318.59201614725487,253.394340212262,414.0180720822478,-4.479644065007083
2026-05-05 16:00:00,315.93242,324.97877659554774,250.38053099584744,398.0300721952481,-2.264384400299663
2026-05-05 17:00:00,315.93242,340.2012812542042,289.6730573230594,474.9496251853491,-6.219556068855155
2026-05-05 18:00:00,515.93242,464.6828399356258,284.1138999395706,787.485339931681,49.75719999605521
2026-05-05 19:00:00,1118.61742,551.4868921219727,247.40931304651247,941.9737511974329,79.86450907546022
2026-05-05 20:00:00,515.93242,488.2107687550727,308.50586788760467,763.0923196225407,0.23503086746801927
2026-05-05 21:00:00,495.93242,424.4722780703668,336.6937353641609,588.6502807765727,0.673122706205886
2026-05-05 22:00:00,315.93242,302.2477729599064,247.03272444951648,396.4152414702963,8.581188510389886
2026-05-05 23:00:00,280.93242,276.6418340450123,230.85522246029151,347.2601956297331,-5.129228415279185
2026-05-06 00:00:00,230.28631,240.65695789045463,177.37588189799774,305.97103388291146,28.86027599245688
2026-05-06 01:00:00,230.28631,230.4566938936739,189.61931133314675,248.58924645420097,-5.62448743947288
2026-05-06 02:00:00,230.28631,230.3893193895352,194.0224681126665,246.72005066640392,-4.386408723131296
2026-05-06 03:00:00,230.28631,230.3154049172857,207.77638654267332,260.35428329189807,-4.581361625387636
2026-05-06 04:00:00,230.28631,230.36254028593677,200.75864985831976,255.7999907135538,-6.5256295723830045
2026-05-06 05:00:00,264.28631,232.69662268903411,200.14088906508252,250.52335631298573,-2.5997463760484094
2026-05-06 06:00:00,230.28631,235.14871719389689,210.03317401689011,286.7256903709035,0.015023177006716515
2026-05-06 07:00:00,230.28631,231.77156538802572,199.8425966895239,287.0828940865276,-0.07051130149814586
2026-05-06 08:00:00,230.28631,234.55738005333785,201.98897517165483,290.5855949350209,3.899054881683038
2026-05-06 09:00:00,230.28631,229.06819766926867,179.67323341712614,282.49912192141124,9.51906425214254
2026-05-06 10:00:00,230.28631,232.01964930372432,182.191175121314,280.39745348613457,12.913664182410306
2026-05-06 11:00:00,230.28631,243.34641333631612,191.03542384559915,298.1786428270331,5.366759490716948
2026-05-06 12:00:00,230.28631,247.3347574928652,194.16588304393278,302.96471194179765,4.964124448932405
2026-05-06 13:00:00,230.28631,252.30942235834297,200.1151105909026,319.5408641257834,7.274921767440422
2026-05-06 14:00:00,264.28631,273.420492009211,230.7416763916624,337.63632762675957,0.8067156175485919
2026-05-06 15:00:00,279.78631,295.5962517628349,233.57540746014305,396.62769606552683,-4.733055697308111
2026-05-06 16:00:00,314.78631,300.9353706007973,230.04494500109695,400.7947962004976,-2.264384400299663
2026-05-06 17:00:00,314.78631,303.9795538136014,251.38490988245653,432.71989774474616,-6.219556068855155
2026-05-06 18:00:00,504.78631,439.5671652050366,281.8292452089814,737.9781652010919,49.75719999605521
2026-05-06 19:00:00,1117.47131,623.6215935670016,279.9290483696849,1037.0071087643182,95.21154519731665
2026-05-06 20:00:00,504.78631,490.5572358206245,259.29004495315644,815.5825466880925,0.23503086746801927
2026-05-06 21:00:00,504.78631,390.3711555485668,275.73305284236085,613.3522982547726,0.673122706205886
2026-05-06 22:00:00,284.78631,282.7881734767922,211.8122749664023,400.9846019871821,8.581188510389886
2026-05-06 23:00:00,230.28631,262.84364253044856,205.26501833994618,320.76633672095085,-5.492575809497661
2026-05-07 00:00:00,225.7132,238.7244662988616,183.98732030640474,308.6303222913185,28.86027599245688
2026-05-07 01:00:00,251.8442,225.5287254036201,195.3061913650032,247.32106944223705,-6.374185961383092
2026-05-07 02:00:00,225.7132,225.3921387709448,194.40536749407607,252.62057004781343,-4.386408723131296
2026-05-07 03:00:00,225.7132,225.52983955623725,197.53954655143914,271.5566625610353,-4.839736995201906
2026-05-07 04:00:00,225.7132,225.66715859437664,190.04697633077782,269.5349408579754,-6.6224077364012075
2026-05-07 05:00:00,251.8442,227.24396549688143,191.68731293145,264.5720180623128,-0.5726174345685803
2026-05-07 06:00:00,225.7132,225.55506179275508,193.65168861574838,286.62989496976184,0.015023177006716515
2026-05-07 07:00:00,225.7132,223.46473893179504,189.5636302332932,298.0533776302969,-0.07051130149814586
2026-05-07 08:00:00,225.7132,218.42548869224623,185.6147338105632,293.7898235739293,3.899054881683038
2026-05-07 09:00:00,221.2132,211.97205383110804,160.5232295789655,274.3705280832506,9.51906425214254
2026-05-07 10:00:00,225.7132,212.23540565387927,169.62186147146892,269.8281498362896,12.913664182410306
2026-05-07 11:00:00,225.7132,223.35256423331916,172.5115647426022,274.96102372403607,5.366759490716948
2026-05-07 12:00:00,225.7132,227.88498097257835,179.86451652364588,280.6844354215107,4.964124448932405
2026-05-07 13:00:00,225.7132,231.5872539545241,186.83851218708367,287.9210157219646,7.274921767440422
2026-05-07 14:00:00,251.8442,252.0288752899412,201.73569967239263,333.53269090748984,0.8067156175485919
2026-05-07 15:00:00,251.8442,274.8038817000157,208.8275573973239,382.53732600270763,-4.733055697308111
2026-05-07 16:00:00,280.7132,284.620620354154,217.4596147544537,365.10614595385437,-2.264384400299663
2026-05-07 17:00:00,315.7132,296.7603734023449,242.99938690594558,440.18755989874427,-6.540833503600666
2026-05-07 18:00:00,495.7132,435.40379777196574,216.73783777591055,799.4880777680208,49.75719999605521
2026-05-07 19:00:00,1118.3982,617.810144095905,215.82788138480163,1108.9041068070082,108.2223627111034
2026-05-07 20:00:00,495.7132,479.3799437769459,260.1688429094778,818.2037046444138,0.23503086746801927
2026-05-07 21:00:00,475.7132,383.4407372022986,288.98478449609263,575.6867799085044,0.673122706205886
2026-05-07 22:00:00,280.7132,266.6694054556758,200.4312669452859,372.5704839660657,8.581188510389886
2026-05-07 23:00:00,251.8442,245.1260512357979,193.82797704529554,312.81037542630025,-5.492575809497661
2026-05-08 00:00:00,244.22873,232.700688464816,173.80005247235908,285.45494445727286,28.86027599245688
2026-05-08 01:00:00,244.22873,243.97793219937148,218.49481816075456,263.8573462379884,-6.374185961383092
2026-05-08 02:00:00,244.22873,243.81199976968756,209.43348849281887,266.2091010465563,-4.386408723131296
2026-05-08 03:00:00,244.22873,243.96864827210635,224.93120526730826,279.3767512769045,-4.839736995201906
2026-05-08 04:00:00,244.22873,244.19178479061267,213.654150181111,272.93247940011435,-6.802365390498309
2026-05-08 05:00:00,244.22873,245.0042297477527,207.65956718232124,282.1295523131841,-0.5726174345685803
2026-05-08 06:00:00,244.22873,238.8752880610649,205.94358488405817,279.7032612380716,0.015023177006716515
2026-05-08 07:00:00,244.22873,233.89238121914488,197.11113252064297,274.76239991764675,-0.07051130149814586
2026-05-08 08:00:00,244.22873,231.28437164390357,191.8230267622205,279.7481665255866,3.899054881683038
2026-05-08 09:00:00,244.22873,226.6167463636034,166.30208211146086,266.10163061574593,9.51906425214254
2026-05-08 10:00:00,244.22873,226.8915329415101,176.27396875909977,278.4871171239204,12.913664182410306
2026-05-08 11:00:00,244.22873,239.3385337850045,190.92127429428754,290.56850327572147,5.366759490716948
2026-05-08 12:00:00,244.22873,233.78495039975252,180.61924595082007,275.93631484868496,4.964124448932405
2026-05-08 13:00:00,244.22873,236.56702854219785,184.9283367747574,272.0343403096383,7.274921767440422
2026-05-08 14:00:00,244.22873,255.35979279736537,210.76029717981675,305.87523841491395,0.8067156175485919
2026-05-08 15:00:00,251.22873,268.627579913235,221.47649561054314,350.04552421592695,-4.733055697308111
2026-05-08 16:00:00,307.72873,280.1746838542916,233.01741825459123,363.2598594539919,-2.264384400299663
2026-05-08 17:00:00,307.72873,298.5231178759136,238.4126081556489,436.51685759617834,-7.254000279735307
2026-05-08 18:00:00,1110.41373,438.4365869016849,251.3029869056297,747.1399668977401,49.75719999605521
2026-05-08 19:00:00,1122.29073,642.2517220972207,323.2293888442892,1032.7602753501524,112.76454325293162
2026-05-08 20:00:00,457.72873,482.5236315411315,345.8521599806495,727.7637231016136,-0.41558843951798496
2026-05-08 21:00:00,307.72873,371.9610856388754,317.7471629326694,516.9182483450812,0.673122706205886
2026-05-08 22:00:00,252.72873,270.2467972035051,219.42276869311516,347.313395713895,8.581188510389886
2026-05-08 23:00:00,244.22873,259.40166456268,218.11738037217765,306.65034875318236,-5.492575809497661
2026-05-09 00:00:00,163.73167,244.54070688698,182.71618089452315,309.6804328794369,28.86027599245688
2026-05-09 01:00:00,163.73167,163.6547480181103,136.10878930103212,199.25336673518848,-7.8112412829217925
2026-05-09 02:00:00,163.73167,163.63272811907817,129.78748586317735,195.72786037497897,-4.469147744099153
2026-05-09 03:00:00,163.73167,163.7279298646848,158.50719685988676,203.7250128694829,-4.839736995201906
2026-05-09 04:00:00,163.73167,163.77570906656675,137.2164444570651,180.19801367606846,-6.802365390498309
2026-05-09 05:00:00,163.73167,165.8577957003718,137.71708313494042,205.27945826580327,-0.5726174345685803
2026-05-09 06:00:00,163.73167,166.03741516821455,132.50663199120783,203.1469983452213,0.015023177006716515
2026-05-09 07:00:00,148.73167,167.33966807063518,125.97466937213333,199.77754676913707,-0.07051130149814586
2026-05-09 08:00:00,148.73167,159.56650395788952,114.67076907620648,200.3315388395726,3.899054881683038
2026-05-09 09:00:00,148.73167,158.9424155481967,97.53520129605415,202.3835298003392,9.51906425214254
2026-05-09 10:00:00,148.73167,166.0337285196128,114.05663433720251,224.2747927020231,12.913664182410306
2026-05-09 11:00:00,148.73167,168.72382994177886,124.6125704510619,213.57141943249582,5.366759490716948
2026-05-09 12:00:00,148.73167,174.47161700388276,122.31964255495032,213.96818145281517,4.964124448932405
2026-05-09 13:00:00,148.73167,176.03038824524245,128.45025647780207,207.25446001268287,7.274921767440422
2026-05-09 14:00:00,163.73167,183.84824375743705,146.2194981398885,220.24543937498566,0.8067156175485919
2026-05-09 15:00:00,163.73167,190.3208407734274,158.34796647073554,253.86860507611928,-4.733055697308111
2026-05-09 16:00:00,218.73167,192.1337392802193,155.750243680519,266.84973487991965,-2.264384400299663
2026-05-09 17:00:00,308.73167,246.31765983920167,168.15795011893695,385.1966495594664,-7.254000279735307
2026-05-09 18:00:00,438.73167,562.3856075553124,334.08960085409166,864.1790242565332,68.13493670122074
2026-05-09 19:00:00,458.73167,573.5607420757351,273.3109931700874,947.9871209813828,123.20256890564771
2026-05-09 20:00:00,308.73167,398.2205768696644,291.18532530918236,595.3435284301465,-0.41558843951798496
2026-05-09 21:00:00,308.73167,269.6856121351444,220.74627339146275,393.2586108788261,1.9223987436816832
2026-05-09 22:00:00,246.05567,227.69312401734769,169.68051550695782,294.51735252773756,8.581188510389886
2026-05-09 23:00:00,238.73167,207.67115750647685,153.62508331597454,265.3409016969792,-5.492575809497661
2026-05-10 00:00:00,276.57911,177.04425621826823,96.1337034564063,247.09614898013015,31.736542761861926
2026-05-10 01:00:00,276.57911,275.6663309061548,239.2570887010497,319.18151311125996,-9.251067794894867
2026-05-10 02:00:00,267.46811,275.23392082886943,235.96646505807055,330.4521565996683,-6.206824229201136
2026-05-10 03:00:00,229.46811,274.3754560233332,238.07035010098448,327.62524194568186,-5.846004077651292
2026-05-10 04:00:00,267.46811,274.1022133052316,231.81891447186158,296.05129213860164,-7.357591166629967
2026-05-10 05:00:00,229.46811,272.2501506006888,230.79026803525736,303.8842231661202,-0.5726174345685803
2026-05-10 06:00:00,147.46811,246.07594228153943,198.9516221439284,263.5471324191504,-0.2936698623889733
2026-05-10 07:00:00,147.46811,235.6586763913324,198.20943769283056,261.44326508983426,-0.07051130149814586
2026-05-10 08:00:00,147.46811,228.7828301691513,194.01351528746827,262.64949505083433,3.899054881683038
2026-05-10 09:00:00,147.46811,227.200306500636,166.26217224849347,251.5676707527785,9.51906425214254
2026-05-10 10:00:00,147.46811,233.5781723476647,183.46029816525436,273.26798653007495,12.913664182410306
2026-05-10 11:00:00,147.46811,233.4351314621362,193.31388197141925,277.64948095285314,5.366759490716948
2026-05-10 12:00:00,147.46811,223.0305712318953,166.59236678296287,250.4787556808277,4.964124448932405
2026-05-10 13:00:00,147.46811,221.7064460117005,188.9337842442601,268.53397777914097,7.274921767440422
2026-05-10 14:00:00,147.46811,223.58817983159707,197.75958421404846,262.10241544914567,0.8067156175485919
2026-05-10 15:00:00,218.46811,232.69395363422103,206.65344933152915,280.1578879369129,-4.733055697308111
2026-05-10 16:00:00,267.46811,244.9011919150508,224.18439663992757,298.51900719017397,-3.5992647248767686
2026-05-10 17:00:00,276.57911,274.66013327850897,233.85009355824428,354.0459329987737,-7.254000279735307
2026-05-10 18:00:00,358.46811,388.3544541466698,253.33649415061458,582.536154142725,49.75719999605521
2026-05-10 19:00:00,358.46811,392.59344468748407,150.58533143455242,651.6947579404157,112.76454325293162
2026-05-10 20:00:00,358.46811,341.6404211382501,255.33121957776808,492.2982026987321,-0.41558843951798496
2026-05-10 21:00:00,358.46811,301.03628462912263,249.22161192291674,385.8879773353285,0.673122706205886
2026-05-10 22:00:00,358.46811,281.4708101646265,231.37583933132655,339.9051709979266,7.799170833300002
2026-05-10 23:00:00,353.46811,266.3100148665275,221.42995379156602,298.50795594148906,-6.161248925038505
2026-05-11 00:00:00,276.39693,263.3429578511752,131.8944479466116,384.6068277557388,34.66749990456359
2026-05-11 01:00:00,278.39693,276.5215261271847,212.6477667018421,343.54742555252733,-10.511360574657374
2026-05-11 02:00:00,276.39693,276.046023692648,189.2353385465033,343.2086388387927,-6.996994853855288
2026-05-11 03:00:00,268.39693,276.33121667268426,192.86731385932774,347.82375948604073,-4.526387186643485
2026-05-11 04:00:00,276.39693,277.3973046745226,194.62822584115256,362.12558350789266,-7.357591166629967
2026-05-11 05:00:00,292.39693,277.9484895412303,193.48747809506347,353.31402098739704,1.1993914461667647
2026-05-11 06:00:00,278.39693,278.13091576617023,209.55258035322134,356.74033117911904,2.4724354129488324
2026-05-11 07:00:00,307.39693,275.95327637817195,236.64457532365824,353.2795774326856,1.2287710545136736
2026-05-11 08:00:00,278.39693,272.7257338172268,213.40060159864822,357.29677603580535,10.875392218578579
2026-05-11 09:00:00,276.39693,266.4995073539184,198.44631188944288,344.12057281839384,11.815585464475499
2026-05-11 10:00:00,278.39693,278.6940009372641,214.61970920189634,369.44721267263185,15.723471735367742
2026-05-11 11:00:00,307.39693,279.64576206605125,201.48868960412238,387.2686545279801,5.7144724619288265
2026-05-11 12:00:00,307.39693,264.5134813902285,171.2752422196797,368.8019405607773,6.755039170548809
2026-05-11 13:00:00,307.39693,271.4824543518012,182.6935290031328,389.72529970046963,8.485685348668406
2026-05-11 14:00:00,458.39693,285.0849052852223,204.24542702973162,417.91693354071305,1.756038255490694
2026-05-11 15:00:00,468.39693,324.6196676065608,220.88916330386897,459.25791190925275,-4.733055697308111
2026-05-11 16:00:00,488.50793,338.5969323839868,229.8111971088636,454.9621676591101,-3.5992647248767686
2026-05-11 17:00:00,488.50793,375.9932230179843,253.14027894213044,530.7644570938382,-10.428125924146133
2026-05-11 18:00:00,699.99193,466.355734156381,243.5474882685038,781.7546800442582,19.137445887877213
2026-05-11 19:00:00,699.99193,523.7187537704447,163.065540517513,937.8887270233765,112.76454325293162
2026-05-11 20:00:00,488.50793,469.11680903843,296.70244410940086,730.147973967459,-2.4914650709709107
2026-05-11 21:00:00,488.50793,398.7861626477487,308.6357399415428,524.9410153539545,0.673122706205886
2026-05-11 22:00:00,468.39693,351.3997657358291,305.1987772254392,412.494004246219,8.581188510389886
2026-05-11 23:00:00,463.39693,330.15108120500736,278.3360270145051,377.7460453955097,-5.492575809497661
2026-05-12 00:00:00,495.64994,263.63082000209295,155.3003700975294,365.6217199066566,34.66749990456359
2026-05-12 01:00:00,495.64994,493.3888348048922,419.27738439299736,563.528485216787,-10.74309958810517
2026-05-12 02:00:00,495.64994,492.1330467425079,412.49295539262124,541.0852380923944,-9.82041865011337
2026-05-12 03:00:00,469.53894,491.20739972197646,431.4333037996277,536.5374356443251,-5.846004077651292
2026-05-12 04:00:00,495.64994,492.21063867402506,439.3947746997876,535.3324426482625,-8.781116025762573
2026-05-12 05:00:00,495.64994,491.1684134797285,412.65966203356174,510.03296492589527,1.1993914461667647
2026-05-12 06:00:00,495.64994,468.7001099819258,392.4496898443148,506.35856011953683,-0.2936698623889733
2026-05-12 07:00:00,469.53894,465.5932154576175,408.1608044031037,511.67748651213105,1.2287710545136736
2026-05-12 08:00:00,482.53894,467.5562439824649,374.0781717638863,516.7796362010434,10.875392218578579
2026-05-12 09:00:00,469.53894,458.5993621932805,379.13727672880503,516.917047657756,11.815585464475499
2026-05-12 10:00:00,482.53894,473.510964583351,411.6879528479832,538.8236963187188,15.723471735367742
2026-05-12 11:00:00,482.53894,476.3050996701613,388.63429720823245,527.0436521320901,5.7144724619288265
2026-05-12 12:00:00,482.53894,451.47926094898816,368.79643177843934,487.26091011953696,6.755039170548809
2026-05-12 13:00:00,495.64994,456.309942879842,359.9461775311736,502.65545822851044,8.485685348668406
2026-05-12 14:00:00,508.45494,487.891488958525,420.7282341160319,555.3671038010181,2.5597848424930674
2026-05-12 15:00:00,803.53894,507.9766753400568,422.26483973794905,581.1201509421644,-4.3476443978922905
2026-05-12 16:00:00,824.53894,521.7394102973451,479.49949469764476,590.9880958970454,-2.264384400299663
2026-05-12 17:00:00,824.53894,552.0224546586423,494.6952105827885,685.6107487344963,-10.428125924146133
2026-05-12 18:00:00,834.53894,664.6161633025421,520.2290501709654,914.7769564341187,4.2180931315766985
2026-05-12 19:00:00,834.53894,707.1099069358827,416.33646368295115,1064.4778501888145,112.76454325293162
2026-05-12 20:00:00,829.53894,591.7412926195797,455.37237769055054,785.3880275486088,-2.4914650709709107
2026-05-12 21:00:00,824.53894,536.6200812362822,460.25173853007635,654.758663942488,0.673122706205886
2026-05-12 22:00:00,824.53894,501.8566055296325,435.3902399269702,552.6225611322947,9.411885602662187
2026-05-12 23:00:00,503.53894,493.8087361844172,422.91963579392996,542.3301365749046,-4.270409609512678
2026-05-13 00:00:00,660.78986,463.1889537977523,355.15240888822484,560.0280787072797,35.28160490952746
2026-05-13 01:00:00,654.55886,658.9081448791565,546.8699159806289,722.3708737776841,-11.300121101472403
2026-05-13 02:00:00,654.55886,658.0592643062118,559.4430305959855,733.6039680164382,-10.62955628977358
2026-05-13 03:00:00,654.55886,656.7559842775204,573.2313276764094,736.1166608786314,-7.222283398888998
2026-05-13 04:00:00,703.44786,657.429084872548,584.0100413324396,741.0190484126564,-9.88180645989171
2026-05-13 05:00:00,770.97986,653.6423840308232,563.3910825846565,727.2585254769899,1.1993914461667647
2026-05-13 06:00:00,703.44786,613.3814760830311,523.70013594542,702.7544262206422,-0.2936698623889733
2026-05-13 07:00:00,654.55886,613.5195463085587,555.119265254045,708.3052373630725,1.2287710545136736
2026-05-13 08:00:00,654.55886,606.399020805968,522.3941485873894,723.4690730245466,10.875392218578579
2026-05-13 09:00:00,489.44786,611.7201263933375,487.6876409288621,719.917271857813,11.815585464475499
2026-05-13 10:00:00,654.55886,609.1553149822655,494.41442324689774,696.1194867176333,15.723471735367742
2026-05-13 11:00:00,654.55886,611.3169872214992,494.9978647595703,685.607759683428,5.7144724619288265
2026-05-13 12:00:00,654.55886,591.0152983146558,454.7445891441069,675.6636374852045,6.755039170548809
2026-05-13 13:00:00,703.44786,600.9601867647314,469.85030141606296,696.7957721133998,8.485685348668406
2026-05-13 14:00:00,703.44786,610.6732097427185,499.0263249002254,692.5411945852115,2.5597848424930674
2026-05-13 15:00:00,770.97986,669.6123706232289,557.6829704219401,776.9682208245177,-2.9815997987111342
2026-05-13 16:00:00,823.44786,677.0288564161635,582.1967585835649,777.856774248762,1.8042578325985525
2026-05-13 17:00:00,833.44786,701.0051524061399,636.3887526858753,843.7964521264046,-7.254000279735307
2026-05-13 18:00:00,1083.44786,805.5596746912983,682.9833115597216,949.3653978228749,4.2180931315766985
2026-05-13 19:00:00,1093.44786,844.2904110772133,611.5351678242816,1104.229054330145,112.76454325293162
2026-05-13 20:00:00,903.44786,790.0774970496934,680.1144121206643,934.4174519787225,-2.4914650709709107
2026-05-13 21:00:00,833.44786,768.1017897896174,687.2320010459358,911.7190085332992,1.9223987436816832
2026-05-13 22:00:00,823.44786,717.5774225524045,613.0814938950185,865.5093912097905,13.018388657386048
2026-05-13 23:00:00,703.44786,634.34112549302,517.7157851025325,781.9999458835073,-4.270409609512678
2026-05-14 00:00:00,822.47869,625.4150632128076,480.73864501246504,706.46225141315,36.53848820034255
2026-05-14 01:00:00,822.47869,821.7217580425979,708.0631664662814,873.9491496189144,-11.480348423683445
2026-05-14 02:00:00,801.47869,821.046214140451,700.6725439107571,873.1893543701449,-11.128159770306064
2026-05-14 03:00:00,771.75269,819.8846775491472,717.8853376610649,878.9211574372296,-8.707360111917678
2026-05-14 04:00:00,801.47869,820.4726005822513,713.999207042143,886.0086541223596,-9.88180645989171
2026-05-14 05:00:00,822.47869,818.716590044949,712.5216868633888,894.9413732265092,3.2902731815601958
2026-05-14 06:00:00,822.47869,757.1467733054574,661.7726525852472,840.3452640256675,0.7770207202101278
2026-05-14 07:00:00,704.47869,758.1077451283484,698.8399640738346,809.753016182862,1.2287710545136736
2026-05-14 08:00:00,704.47869,752.2850028572988,660.4915806387202,833.1611950758773,10.875392218578579
2026-05-14 09:00:00,704.47869,755.0657739626499,641.4309806245429,843.637307300757,12.079433338107084
2026-05-14 10:00:00,704.47869,744.1449222254324,656.4540504900647,822.7209939608001,15.723471735367742
2026-05-14 11:00:00,801.47869,745.6198387414623,648.4123062795335,818.2453712033912,5.7144724619288265
2026-05-14 12:00:00,771.75269,739.0908954504616,635.3956962799128,815.6708746210105,6.755039170548809
2026-05-14 13:00:00,822.47869,740.1451637888704,652.8860043161279,810.6782232616129,8.751359472742465
2026-05-14 14:00:00,832.47869,747.3563907696779,671.1733800249187,818.9752615144372,3.798910744759154
2026-05-14 15:00:00,832.47869,764.693893064935,683.345822863646,860.0335232662238,-2.9815997987111342
2026-05-14 16:00:00,913.23569,781.8252008673627,703.3597128818129,891.7810488529126,3.2304879855497535
2026-05-14 17:00:00,913.23569,808.1412012233634,743.5187315030988,937.8831709436282,-7.254000279735307
2026-05-14 18:00:00,1082.47869,942.3741913352902,815.143045447413,1136.3486372231673,19.137445887877213
2026-05-14 19:00:00,1094.47869,950.06367382753,726.4271705745984,1275.6831570804616,112.76454325293162
2026-05-14 20:00:00,1082.47869,897.7927528197091,790.94131789068,1040.4388877487384,-2.4914650709709107
2026-05-14 21:00:00,913.23569,862.2023911656795,775.3814224219979,978.4655399093613,1.9223987436816832
2026-05-14 22:00:00,832.47869,835.380105196001,708.9977495933388,946.6659507986632,9.411885602662187
2026-05-14 23:00:00,832.47869,794.6353814349686,653.2466910444813,916.595331825456,-4.270409609512678
2026-05-15 00:00:00,792.65294,775.1412979379186,632.6882432664702,837.6536826093669,36.9909846714484
2026-05-15 01:00:00,792.65294,792.3622663667213,695.7709447904048,820.6004179430378,-11.480348423683445
2026-05-15 02:00:00,774.53594,792.1519949959929,686.382314766299,822.2088752256868,-11.128159770306064
2026-05-15 03:00:00,774.53594,791.9262477991508,711.9092979110684,832.6880476872332,-8.707360111917678
2026-05-15 04:00:00,792.65294,791.9423035865625,723.6519246311346,841.5425725419902,-10.985801044572215
2026-05-15 05:00:00,792.65294,791.9487822327028,705.9529490511426,860.940415414263,3.2902731815601958
2026-05-15 06:00:00,792.65294,749.3863148917733,664.9731541715631,794.3190956119834,0.7770207202101278
2026-05-15 07:00:00,666.05494,747.9366907390357,688.450823857192,778.9736576208795,-0.3524331181561911
2026-05-15 08:00:00,644.65294,743.0483794234667,648.9183645417837,784.2275743051497,3.899054881683038
2026-05-15 09:00:00,642.65294,745.7488700052968,662.8651214855909,814.6111185250028,9.791518519705994
2026-05-15 10:00:00,666.05494,750.6133631594457,675.8335589770354,808.2709273418561,12.913664182410306
2026-05-15 11:00:00,698.50794,749.2362622597958,685.1561027690789,807.3056717505128,5.366759490716948
2026-05-15 12:00:00,792.65294,757.744147023374,685.8450130652885,815.5018209814596,3.101533958085539
2026-05-15 13:00:00,792.65294,775.6591312181552,700.5849717454126,822.1382506908976,8.751359472742465
2026-05-15 14:00:00,792.65294,790.8503551185593,749.4768443738001,843.8015258633184,3.798910744759154
2026-05-15 15:00:00,792.65294,807.9547809517347,760.695585349627,863.4093365538424,-4.3476443978922905
2026-05-15 16:00:00,801.65294,823.2906338721017,783.951029932876,898.4281978113275,6.146133939225744
2026-05-15 17:00:00,822.65294,852.6706713050683,808.2433015848036,915.5638010253331,-7.254000279735307
2026-05-15 18:00:00,902.65294,1003.7255010716938,912.8543551838166,1114.111686959571,19.137445887877213
2026-05-15 19:00:00,1082.65294,1016.4055864388316,848.9079531858999,1237.7987296917631,112.76454325293162
2026-05-15 20:00:00,902.65294,968.2074616124776,899.0794200519955,1038.5452331729596,-0.41558843951798496
2026-05-15 21:00:00,902.65294,892.8679166898647,819.5412779461831,955.0054154335464,1.9223987436816832
2026-05-15 22:00:00,822.65294,845.9358290557819,727.8025934531198,922.3492646584443,9.411885602662187
2026-05-15 23:00:00,792.65294,823.3138008423683,730.900126651866,908.7670750328708,-5.492575809497661
2026-05-16 00:00:00,691.8236,784.0270458087457,690.6960259041822,843.3861357133093,34.66749990456359
2026-05-16 01:00:00,693.1876,691.92412016638,631.6835685900635,722.8720017426965,-11.480348423683445
2026-05-16 02:00:00,798.6876,691.9971656190924,619.6295641048175,742.7586671333671,-12.453798485725164
2026-05-16 03:00:00,691.8236,691.885082220992,618.7019053116524,750.8727591303316,-9.60107309066043
2026-05-16 04:00:00,798.6876,691.687929832114,617.0424308766862,747.0575287875419,-10.985801044572215
2026-05-16 05:00:00,798.6876,692.6119512112842,582.5589280297239,768.4328043928444,3.2902731815601958
2026-05-16 06:00:00,691.8236,659.0723937498474,575.4562505266846,721.5647069730101,-0.652836776837268
2026-05-16 07:00:00,442.8236,644.1205545382857,558.9488376564419,692.7234214201294,-0.3524331181561911
2026-05-16 08:00:00,442.8236,640.0134106578228,548.0557069992138,701.1467643164317,8.637903658608987
2026-05-16 09:00:00,442.8236,635.1053666516339,531.9158333135268,690.945939989741,12.079433338107084
2026-05-16 10:00:00,509.8466,636.3287192303867,538.0677474950189,687.5285909657545,15.723471735367742
2026-05-16 11:00:00,442.8236,645.5558837964793,554.0815643057623,682.3673932871963,5.366759490716948
2026-05-16 12:00:00,442.8236,674.0846172675148,593.3861226050577,714.1103419299719,2.878724662457112
2026-05-16 13:00:00,442.8236,684.7391627961325,622.06930332339,738.967022268875,8.751359472742465
2026-05-16 14:00:00,691.8236,703.4334057618737,636.3245450171145,739.1465165066328,3.798910744759154
2026-05-16 15:00:00,798.6876,727.0432352633098,678.4611496612021,771.4163608654176,-4.3476443978922905
2026-05-16 16:00:00,798.6876,750.3671625224141,703.7781285831884,813.4419964616399,6.146133939225744
2026-05-16 17:00:00,802.8236,787.4271724906627,755.074072770398,836.0386422109273,-7.254000279735307
2026-05-16 18:00:00,832.8236,881.3517564754928,800.4060172039888,983.1082957469971,32.33323927150411
2026-05-16 19:00:00,822.8236,900.6683535260365,743.7311308149331,1090.43455623714,108.2223627111034
2026-05-16 20:00:00,822.8236,868.2528497512938,813.2055981908118,934.976901311776,-0.41558843951798496
2026-05-16 21:00:00,802.8236,829.3016623565641,758.7162636128824,890.3909611002457,1.9223987436816832
2026-05-16 22:00:00,798.6876,777.7189011904863,695.1169655878241,855.7920567931485,9.411885602662187
2026-05-16 23:00:00,798.6876,740.6172302287338,667.3178791537723,791.9170813036953,-6.161248925038505
2026-05-17 00:00:00,759.4927,710.8739896563263,620.7923497517627,767.2982495608899,34.66749990456359
2026-05-17 01:00:00,759.4927,759.9486849804232,688.9785334041068,785.3345865567397,-11.480348423683445
2026-05-17 02:00:00,759.4927,760.561789873592,665.9578496438982,795.837590103286,-11.128159770306064
2026-05-17 03:00:00,759.4927,760.0004931292071,657.7105162198676,832.4691700385467,-9.60107309066043
2026-05-17 04:00:00,759.4927,757.7252998556698,641.1067063155615,842.1895433957782,-9.88180645989171
2026-05-17 05:00:00,759.4927,755.2263637036008,614.7338461846687,857.3119112225329,3.7967875189320814
2026-05-17 06:00:00,759.4927,620.9468898721636,496.3840266490008,706.2783630953263,-0.652836776837268
2026-05-17 07:00:00,413.8287,580.7748900451647,445.680318990651,652.8290910996784,1.2287710545136736
2026-05-17 08:00:00,408.8287,539.3507702077716,420.83657798919296,642.51649242635,10.875392218578579
2026-05-17 09:00:00,408.8287,516.9599468009958,350.96239617946804,623.7927674225236,22.418920621527796
2026-05-17 10:00:00,408.8287,512.176622378045,364.73033373212564,611.0037110239643,20.516988645919312
2026-05-17 11:00:00,408.8287,530.3568892110407,393.70125674911174,590.1803616729694,5.7144724619288265
2026-05-17 12:00:00,413.8287,539.422654158721,402.6982449881722,591.3378933292698,6.755039170548809
2026-05-17 13:00:00,652.8287,533.1893127148592,430.35506351180203,608.6230119179163,8.93534920305711
2026-05-17 14:00:00,759.4927,595.5645967731605,508.57713602840124,626.3724575179197,3.798910744759154
2026-05-17 15:00:00,759.4927,636.0982898789554,571.1506896776665,688.8467500802442,-2.9815997987111342
2026-05-17 16:00:00,803.8287,669.3639883546066,588.2334944153808,720.6016122938323,6.146133939225744
2026-05-17 17:00:00,824.3287,698.614587582808,641.262613506954,756.774011658662,-10.428125924146133
2026-05-17 18:00:00,824.3287,798.9909098651704,684.1773805936663,907.7463991366745,32.33323927150411
2026-05-17 19:00:00,824.3287,815.7191345905727,631.9102818794694,1000.1059873016762,108.2223627111034
2026-05-17 20:00:00,824.3287,811.577831758207,764.401820197725,869.4946433186892,-0.41558843951798496
2026-05-17 21:00:00,824.3287,795.3382586820659,746.2552599383841,865.6491574257476,1.9223987436816832
2026-05-17 22:00:00,824.3287,786.1998263828706,722.5449607802084,842.8083019855328,9.411885602662187
2026-05-17 23:00:00,823.8287,757.5849427862215,718.0990685957192,805.7636169767238,-5.492575809497661
2026-05-18 00:00:00,821.81402,737.5143432232132,645.2327833186497,794.8603831277768,34.66749990456359
2026-05-18 01:00:00,821.81402,821.8026459179439,755.5351543416274,842.7719974942604,-11.480348423683445
2026-05-18 02:00:00,706.22402,821.8405766456005,729.0194364159066,834.3940168752945,-11.128159770306064
2026-05-18 03:00:00,583.14002,820.4167231002114,715.0088961908717,854.1597500095509,-9.60107309066043
2026-05-18 04:00:00,821.81402,818.0377958923557,692.1702023522473,878.010689432464,-9.88180645989171
2026-05-18 05:00:00,821.81402,812.4432248715116,652.2754373525795,865.3482523904437,3.7967875189320814
2026-05-18 06:00:00,821.81402,674.7754260674059,531.8462753471957,730.1758467876159,0.7770207202101278
2026-05-18 07:00:00,553.14002,623.42616524796,467.2676769069457,693.8894435889742,3.4816483410142656
2026-05-18 08:00:00,553.14002,587.801717760769,445.6292544511812,675.8945410703566,13.544663309587742
2026-05-18 09:00:00,553.14002,584.8289719038563,421.09191128232845,655.3390925253841,22.418920621527796
2026-05-18 10:00:00,553.14002,587.6228528479103,448.633864201991,655.3545814938296,20.516988645919312
2026-05-18 11:00:00,553.14002,604.7992412633954,480.2086688014665,646.5368137253242,5.7144724619288265
2026-05-18 12:00:00,583.14002,621.2641231783091,514.5469840077602,662.4900023488578,6.755039170548809
2026-05-18 13:00:00,583.14002,663.8195809435525,570.7757631709925,720.4777587161126,10.355817772560057
2026-05-18 14:00:00,821.81402,697.2059137617571,633.4687592912454,708.9425682322687,5.600524470511668
2026-05-18 15:00:00,821.81402,722.6483772287495,685.3763009669827,759.5961534905164,1.6738762617668264
2026-05-18 16:00:00,822.14002,756.3791555046005,701.0237622282472,797.4669487809538,10.289993276353322
2026-05-18 17:00:00,833.14002,790.1108672513548,750.7076375310901,827.5055469716193,-7.254000279735307
2026-05-18 18:00:00,903.14002,856.0092966312459,786.5487273597417,929.1321359027498,32.33323927150411
2026-05-18 19:00:00,903.14002,848.6569413340824,680.580818622979,1005.9544440451857,108.2223627111034
2026-05-18 20:00:00,903.14002,838.0295776736693,797.8586661131873,886.1636292341514,-0.41558843951798496
2026-05-18 21:00:00,903.14002,827.8677310564278,780.7179723127462,907.3352298001095,1.9223987436816832
2026-05-18 22:00:00,833.14002,821.8010360598776,746.2602504572153,881.7464816625397,9.411885602662187
2026-05-18 23:00:00,823.14002,802.3236948655349,754.0699444750476,857.3511452560223,-4.270409609512678
2026-05-19 00:00:00,829.28103,781.4555444425071,693.4760007572014,837.4967881278128,37.12694368530574
2026-05-19 01:00:00,829.28103,829.6139088581707,774.0101572818542,849.7222204344872,-11.480348423683445
2026-05-19 02:00:00,829.28103,829.739242198912,750.4143684886857,859.1701159091384,-10.62955628977358
2026-05-19 03:00:00,822.42803,829.1451300149728,752.4609601268904,861.0273199030552,-8.707360111917678
2026-05-19 04:00:00,829.28103,828.7071745655284,738.06085102542,885.8755981056368,-9.88180645989171
2026-05-19 05:00:00,829.28103,826.5800227598751,704.871285240943,863.6346602788071,3.7967875189320814
2026-05-19 06:00:00,829.28103,744.1475746786547,638.1176022540271,777.1733471032821,2.4803724246274967
2026-05-19 07:00:00,822.42803,718.5031741910178,601.4557358500035,758.6398725320321,3.4816483410142656
2026-05-19 08:00:00,822.42803,712.3504245052274,591.3684411956397,758.9029578148151,13.544663309587742
2026-05-19 09:00:00,707.42803,708.2693385958538,593.668767974326,752.6947092173816,22.418920621527796
2026-05-19 10:00:00,822.42803,712.8594287079789,609.1551400620594,756.2900573538982,20.516988645919312
2026-05-19 11:00:00,822.42803,726.7250445762019,638.051612114273,754.5912770381307,5.7144724619288265
2026-05-19 12:00:00,822.42803,725.6652038493783,652.1262646788294,762.5637830199271,6.755039170548809
2026-05-19 13:00:00,822.42803,754.203033164517,689.4336853919569,801.755300937077,10.355817772560057
2026-05-19 14:00:00,829.28103,803.1265619532394,760.4360037445462,842.0090101619327,12.182988208693219
2026-05-19 15:00:00,832.42803,820.4618068239687,792.5321808636269,878.4224927843105,4.4349859603417885
2026-05-19 16:00:00,891.42803,838.5242944365983,785.7499230812141,907.2369557919825,12.842971355384186
2026-05-19 17:00:00,905.42803,867.4275886295801,834.0282221331807,925.2614551259795,-6.540833503600666
2026-05-19 18:00:00,905.42803,932.494530126586,871.7723508550819,1020.5218593980902,32.33323927150411
2026-05-19 19:00:00,907.42803,925.4362521363267,768.0666894252233,1079.2321148474302,108.2223627111034
2026-05-19 20:00:00,907.42803,900.2120643600467,837.4999703791111,946.9537583409825,5.333893980935602
2026-05-19 21:00:00,905.42803,883.6831912467389,834.3279425030572,946.7200399904207,1.9223987436816832
2026-05-19 22:00:00,905.42803,852.8387522574478,766.9788266547856,904.93656786011,9.411885602662187
2026-05-19 23:00:00,852.42803,838.224892678265,779.8772022877775,871.7784830687523,-4.270409609512678
2026-05-20 00:00:00,832.39948,808.8525524053194,727.9151787200137,866.6004260906251,37.12694368530574
2026-05-20 01:00:00,822.39948,832.172037841133,781.9944862648166,872.0366894174497,-11.480348423683445
2026-05-20 02:00:00,822.39948,832.3678441812174,775.781560470991,887.4073878914438,-10.62955628977358
2026-05-20 03:00:00,822.39948,831.2664343225941,759.5907944345117,877.6911142106766,-8.707360111917678
2026-05-20 04:00:00,822.39948,832.7377913632404,756.108697823132,882.6532849033488,-9.88180645989171
2026-05-20 05:00:00,832.39948,832.3314788610551,722.9913313421231,872.7226663799873,3.7967875189320814
2026-05-20 06:00:00,822.39948,792.2056187070789,679.9086446244465,841.0891327897112,3.5184740826323737
2026-05-20 07:00:00,752.39948,787.6123731216768,684.4480080686202,840.1954381747336,5.054165053056614
2026-05-20 08:00:00,752.39948,784.1605054312647,653.9345593582201,859.0497915043094,25.10449607304467
2026-05-20 09:00:00,752.39948,778.6639296291897,653.3160590076619,851.5661002507176,22.418920621527796
2026-05-20 10:00:00,752.39948,787.655309474309,672.7955171775127,854.2973017711054,22.946292296796305
2026-05-20 11:00:00,822.39948,793.7996345915335,714.7013217063359,833.9329074767312,6.529642885197661
2026-05-20 12:00:00,820.04448,810.6259436080321,718.4479588336633,841.340088382401,7.857484774368849
2026-05-20 13:00:00,822.39948,821.2432124713304,744.5818788840188,863.4572360586419,14.888753587311555
2026-05-20 14:00:00,832.39948,832.2728375478522,782.1593993391589,870.0305657565455,12.182988208693219
2026-05-20 15:00:00,881.39948,843.6153307882383,813.6483948278965,889.4456767485802,4.4349859603417885
2026-05-20 16:00:00,905.89948,860.609963525664,823.3373921702799,913.1954348810483,12.842971355384186
2026-05-20 17:00:00,905.89948,869.1468248397922,861.408488343393,914.8342613361916,-6.540833503600666
2026-05-20 18:00:00,951.39948,939.2555590579652,880.2045197864611,999.5307983294693,32.33323927150411
2026-05-20 19:00:00,952.39948,928.3711232248788,784.2068905137754,1066.1995159359822,108.2223627111034
2026-05-20 20:00:00,907.39948,917.2163909578796,861.134556976944,963.1101449388153,5.333893980935602
2026-05-20 21:00:00,905.89948,912.967755293908,879.6513965502263,951.3074540375898,1.9223987436816832
2026-05-20 22:00:00,905.89948,899.0867534476166,835.0853005808341,943.4397963143992,10.46302286678257
2026-05-20 23:00:00,881.39948,875.8187052613981,830.2395148709107,928.1975556518855,-4.270409609512678
2026-05-21 00:00:00,633.75144,829.4779113445127,738.657067659207,879.5509250298185,37.12694368530574
2026-05-21 01:00:00,633.75144,633.8293919909502,580.4071704146337,659.5620435672668,-11.480348423683445
2026-05-21 02:00:00,633.75144,634.61676292309,579.8658692128637,668.0594566333165,-10.62955628977358
2026-05-21 03:00:00,633.75144,635.0123605816368,568.6918806935544,675.0590304697191,-8.707360111917678
2026-05-21 04:00:00,633.75144,635.5993215746919,566.6156280345836,681.1692751148003,-9.88180645989171
2026-05-21 05:00:00,653.75144,642.4077109461696,549.1212434272375,690.4010984651017,3.7967875189320814
2026-05-21 06:00:00,653.75144,646.1461571456025,548.6550830629701,691.5883412282349,3.5184740826323737
2026-05-21 07:00:00,653.75144,653.8778707591457,569.8619357060891,717.6809358122023,5.054165053056614
2026-05-21 08:00:00,653.75144,656.4261629203411,547.3412196107535,719.5493162299288,13.544663309587742
2026-05-21 09:00:00,653.75144,669.1530567735724,583.6821634354653,742.8850801116794,12.079433338107084
2026-05-21 10:00:00,653.75144,680.4374178592373,588.5129592133179,758.1651665051567,20.516988645919312
2026-05-21 11:00:00,653.75144,697.2636206355835,624.3708481736546,743.7585930975123,5.7144724619288265
2026-05-21 12:00:00,633.75144,731.7171346636195,647.6327954930707,778.8353238341684,6.755039170548809
2026-05-21 13:00:00,653.75144,748.4270178582115,673.3467300856514,797.4828656307716,10.355817772560057
2026-05-21 14:00:00,802.75144,772.7579772747268,705.6171590660337,822.1629354834201,12.182988208693219
2026-05-21 15:00:00,823.75144,796.8379307625089,747.0403348021672,853.1396767228508,4.4349859603417885
2026-05-21 16:00:00,823.75144,807.1300489051383,742.6080375497542,872.9402202605226,12.842971355384186
2026-05-21 17:00:00,823.75144,820.6155302354497,776.1618305151851,863.0029299557144,-7.254000279735307
2026-05-21 18:00:00,902.75144,912.4035880403324,835.9767087688282,994.3391273118365,32.33323927150411
2026-05-21 19:00:00,902.75144,903.6329003491576,744.9804176380542,1063.874203060261,108.2223627111034
2026-05-21 20:00:00,823.75144,874.135641777963,818.9546877970273,923.0152957588987,5.333893980935602
2026-05-21 21:00:00,823.75144,864.2099789277697,818.0818062215639,911.6727416339756,0.673122706205886
2026-05-21 22:00:00,705.37444,834.0773685771774,767.7560180987456,887.1555790556093,8.852210478431843
2026-05-21 23:00:00,653.75144,784.7010379081983,736.8049875177109,833.3019082986857,-4.270409609512678
2026-05-22 00:00:00,390.96186,664.4184228941397,582.5212296803094,806.8415861079699,47.87439321383017
2026-05-22 01:00:00,390.96186,391.4917180316032,347.56096645528663,444.98756960791985,-11.480348423683445
2026-05-22 02:00:00,390.96186,392.69689918312673,364.4281589534327,442.01627941282067,-11.128159770306064
2026-05-22 03:00:00,390.96186,393.5124722304442,357.37073234236175,422.8544721185265,-8.707360111917678
2026-05-22 04:00:00,390.96186,394.4260380554367,342.8836445153285,417.2808715955451,-9.88180645989171
2026-05-22 05:00:00,395.96186,403.742137391635,337.86460987270283,446.88968491056715,3.7967875189320814
2026-05-22 06:00:00,395.96186,468.16698629929874,408.6552822166664,535.4955103819312,3.5184740826323737
2026-05-22 07:00:00,390.96186,475.27358066577233,418.3728556127156,543.0459457188291,5.054165053056614
2026-05-22 08:00:00,390.96186,483.3813359531499,397.0406437345712,561.6128281717286,10.875392218578579
2026-05-22 09:00:00,390.96186,493.1289170012001,413.794158481494,573.0689655209061,9.791518519705994
2026-05-22 10:00:00,390.96186,496.0758096899037,402.23795795453583,591.6652314252714,15.723471735367742
2026-05-22 11:00:00,395.96186,510.1373246655186,420.81022517480164,589.1057041562356,5.366759490716948
2026-05-22 12:00:00,395.96186,556.2905333109725,458.3405485366034,654.8367780853413,7.857484774368849
2026-05-22 13:00:00,644.96186,577.9167027068045,484.8903825642949,675.5122728493141,10.411720142509592
2026-05-22 14:00:00,670.96186,630.3343624810137,547.944788010502,742.0125369515256,5.600524470511668
2026-05-22 15:00:00,689.34086,661.8152494409583,569.8217634806165,797.7594854013001,4.4349859603417885
2026-05-22 16:00:00,715.96186,673.3535378835912,560.4989446072377,793.8684311599446,10.289993276353322
2026-05-22 17:00:00,810.96186,699.7205807715013,628.2094066956474,817.3760548473552,-10.428125924146133
2026-05-22 18:00:00,911.96186,791.5968881362829,655.8498888647787,952.0191274077871,32.33323927150411
2026-05-22 19:00:00,911.96186,793.0709551390279,564.6299424279244,1019.5826578501313,108.2223627111034
2026-05-22 20:00:00,904.96186,766.9589479960573,647.3514840151217,890.092211976993,5.333893980935602
2026-05-22 21:00:00,810.96186,746.1093550973042,643.1732323910983,841.8076778035102,0.673122706205886
2026-05-22 22:00:00,715.96186,659.5214360453035,546.017953178521,763.4341989120861,10.46302286678257
2026-05-22 23:00:00,670.96186,565.2420871559702,485.61057841009597,676.5802259018446,-2.3624612541256917
2026-05-23 00:00:00,691.64388,445.5956324153875,278.4877640129855,576.0250408177897,48.689108402402105
2026-05-23 01:00:00,691.64388,690.5936885483935,591.6831969720771,799.64621012471,-11.480348423683445
2026-05-23 02:00:00,691.64388,688.7000587474129,578.4249885177189,809.9749689771068,-11.128159770306064
2026-05-23 03:00:00,667.64388,686.389176199602,608.3461192902625,834.8171031089416,-9.60107309066043
2026-05-23 04:00:00,667.64388,685.1385879624427,599.5878244223344,813.7563115025511,-9.88180645989171
2026-05-23 05:00:00,667.64388,681.3764169912453,587.9472894723132,794.3123045101773,3.7967875189320814
2026-05-23 06:00:00,667.64388,387.3358967604149,278.13489777592173,511.8119957449081,7.778048984493173
2026-05-23 07:00:00,592.64388,373.4854322654836,294.305467212427,479.9336373185402,5.054165053056614
2026-05-23 08:00:00,592.64388,349.47812410868994,279.8436418901114,453.4015763272685,10.875392218578579
2026-05-23 09:00:00,592.64388,330.8758224029428,223.1311838832368,447.27074092264877,9.791518519705994
2026-05-23 10:00:00,592.64388,329.7875626587634,218.5045509233957,481.6668243941312,15.723471735367742
2026-05-23 11:00:00,592.64388,344.10186440609823,230.11335490921968,468.74620390297684,5.427109496878623
2026-05-23 12:00:00,592.64388,395.1458732576166,277.81420848324774,497.9951180319854,7.857484774368849
2026-05-23 13:00:00,667.64388,449.9951823986799,320.0750031956228,566.803521601737,8.93534920305711
2026-05-23 14:00:00,695.89388,493.32121224196175,375.8595614972026,591.2311229867208,3.798910744759154
2026-05-23 15:00:00,722.64388,533.7443446267471,444.0660383649803,662.6950208885139,1.6738762617668264
2026-05-23 16:00:00,802.64388,567.8177696912691,473.3245864149158,696.0059529676224,10.289993276353322
2026-05-23 17:00:00,807.64388,615.1680116284339,514.30939755258,741.2912857042877,-10.428125924146133
2026-05-23 18:00:00,908.64388,767.613045327045,587.3406760555409,972.4223545985491,32.33323927150411
2026-05-23 19:00:00,908.64388,794.1307543276369,534.4004516165334,1061.3662970387402,108.2223627111034
2026-05-23 20:00:00,901.64388,785.1276427731373,630.9822908521052,954.9066946941692,8.25651192103208
2026-05-23 21:00:00,807.64388,765.013780795499,627.644458089293,924.5552535017047,0.673122706205886
2026-05-23 22:00:00,722.64388,718.5332897175483,588.6037368507657,868.1389825843308,10.46302286678257
2026-05-23 23:00:00,695.89388,692.2111503293734,605.5050415834991,830.9693490752477,-2.3624612541256917
2026-05-24 00:00:00,669.81899,655.5308327709944,549.6070243685923,754.8408411733965,48.689108402402105
2026-05-24 01:00:00,669.81899,669.2453750264248,612.6163234501083,759.0698866027413,-11.480348423683445
2026-05-24 02:00:00,669.81899,667.327376934191,621.5414867044971,762.6276171638849,-11.128159770306064
2026-05-24 03:00:00,669.81899,664.4510403421464,629.1920134328068,729.222567251486,-9.60107309066043
2026-05-24 04:00:00,669.81899,662.240473257527,592.6567397174188,732.4918667976353,-9.88180645989171
2026-05-24 05:00:00,653.81899,659.8337106559018,554.8679374743416,719.6680338374621,3.2902731815601958
2026-05-24 06:00:00,554.81899,506.9876876642824,383.1879039614668,577.716911367098,8.954253702815533
2026-05-24 07:00:00,554.81899,489.3344421155997,382.9095152883392,544.3358489428603,6.666776827260502
2026-05-24 08:00:00,98.71499,477.194813398418,346.68005070217754,527.4051060946584,12.45766269624044
2026-05-24 09:00:00,246.00899,470.5546251105996,332.3642917724925,503.65461844870674,12.079433338107084
2026-05-24 10:00:00,253.29899,469.5910679654798,340.3495293195605,528.3954766113991,20.516988645919312
2026-05-24 11:00:00,554.81899,472.846229522822,353.8231166376243,525.5489724080196,6.529642885197661
2026-05-24 12:00:00,554.81899,508.6239008959751,402.831741727911,555.054330064039,10.928589168064038
2026-05-24 13:00:00,554.81899,533.9424536970238,454.5895335545142,587.5483338395334,10.411720142509592
2026-05-24 14:00:00,554.81899,545.9516063331457,497.29229558838654,597.0051170779049,3.798910744759154
2026-05-24 15:00:00,554.81899,589.6927114530962,542.2108754927543,647.586647413438,4.4349859603417885
2026-05-24 16:00:00,669.81899,634.9727019766117,576.1075906212275,720.8081733319958,12.842971355384186
2026-05-24 17:00:00,724.81899,678.6852253955835,612.4027856753189,787.7092251158482,-7.254000279735307
2026-05-24 18:00:00,724.81899,822.197416228784,691.81094695728,961.0731955002882,32.33323927150411
2026-05-24 19:00:00,809.81899,832.7802796724479,658.1554869613445,1019.3153423835513,108.2223627111034
2026-05-24 20:00:00,809.81899,818.7853720684169,748.3265601473848,888.352983989449,8.25651192103208
2026-05-24 21:00:00,809.81899,770.7145651962898,725.7556924900839,815.6723879024956,0.673122706205886
2026-05-24 22:00:00,724.81899,712.2823323227896,651.761709456007,774.4223851895722,10.46302286678257
2026-05-24 23:00:00,724.81899,680.7689740308215,644.7889739835231,743.8831740781197,-4.546899952701613
2026-05-25 00:00:00,455.51831,637.2036605931438,496.9055421907417,706.9448889955459,48.689108402402105
2026-05-25 01:00:00,455.51831,455.50656193362624,367.46675035730965,512.1736135099427,-11.480348423683445
2026-05-25 02:00:00,455.51831,455.9120860563092,358.7653545420344,525.687657570584,-12.453798485725164
2026-05-25 03:00:00,455.51831,455.61933745045127,379.8927805662025,518.9599843346999,-9.92089311575127
2026-05-25 04:00:00,455.51831,455.7576574683425,365.5047429126058,519.9028120240791,-13.365115444263347
2026-05-25 05:00:00,670.51831,462.7659880516258,349.075396605459,515.3553094977925,1.1993914461667647
2026-05-25 06:00:00,670.51831,478.973180739792,378.8663317552988,536.633129724285,7.778048984493173
2026-05-25 07:00:00,549.84831,469.0999218625968,396.45478503533633,524.3145986898573,6.666776827260502
2026-05-25 08:00:00,644.51831,460.5201365024308,379.64427380619026,511.6840291986712,12.45766269624044
2026-05-25 09:00:00,455.51831,461.65782139242833,369.06940077090036,521.1886920139561,22.418920621527796
2026-05-25 10:00:00,644.51831,465.54931742697295,393.9666051301766,564.1447597237692,22.946292296796305
2026-05-25 11:00:00,670.51831,487.7185701407851,414.56756117931656,574.6050791022536,9.019058961468492
2026-05-25 12:00:00,670.51831,529.347411370407,448.97570342422586,614.5495793165883,11.005167946181206
2026-05-25 13:00:00,705.51831,551.2953468075189,469.42182666500923,656.7657669500284,10.411720142509592
2026-05-25 14:00:00,720.51831,586.3202417442196,509.53187099946047,661.9309924889787,3.798910744759154
2026-05-25 15:00:00,720.51831,623.5456550194718,544.71937905913,719.8889109798135,4.4349859603417885
2026-05-25 16:00:00,720.51831,653.6218935932063,554.4620622378221,752.7034649485906,12.842971355384186
2026-05-25 17:00:00,720.51831,696.0096708042757,594.4405110840112,777.8429205245405,-7.254000279735307
2026-05-25 18:00:00,725.51831,733.8933346385185,632.8395953670143,849.4644139100227,32.33323927150411
2026-05-25 19:00:00,725.51831,789.01289133726,581.0251886261566,962.3425140483636,108.2223627111034
2026-05-25 20:00:00,723.51831,766.3429301896373,671.0172682686052,859.4603421106692,8.25651192103208
2026-05-25 21:00:00,720.51831,740.9688161510018,686.2976334447959,837.0183388572076,0.673122706205886
2026-05-25 22:00:00,720.51831,677.0266318683513,590.3058090015687,777.548324735134,10.46302286678257
2026-05-25 23:00:00,705.51831,643.9087160292453,577.229055981947,700.8621260765436,-4.546899952701613
2026-05-26 00:00:00,465.8808,460.53843090961806,334.211512507216,561.6329393120202,48.689108402402105
2026-05-26 01:00:00,465.8808,465.4648226576564,387.4416710813398,517.7028742339729,-11.480348423683445
2026-05-26 02:00:00,465.8808,465.5304344924936,390.5326929782186,506.0567360067685,-12.453798485725164
2026-05-26 03:00:00,465.8808,465.7148762808417,391.6248493965929,501.77982316509036,-9.92089311575127
2026-05-26 04:00:00,465.8808,466.71774351374233,393.3643089580057,487.2409280694791,-13.365115444263347
2026-05-26 05:00:00,644.8808,478.75549905629737,379.81895587473707,509.0113222378576,3.2902731815601958
2026-05-26 06:00:00,644.8808,484.55063933719794,399.35774563438235,530.5337930400135,8.954253702815533
2026-05-26 07:00:00,465.8808,496.5213611739502,421.46849018047124,553.1791521674292,9.860830993478967
2026-05-26 08:00:00,465.8808,510.0940787940936,423.26810222759656,565.9837953605905,18.041176566497032
2026-05-26 09:00:00,465.8808,521.5789296534989,453.00995903197105,581.7812002750267,22.418920621527796
2026-05-26 10:00:00,465.8808,526.616070280996,456.86842267610183,586.7854178858902,24.613447604894226
2026-05-26 11:00:00,644.8808,550.9556138707636,501.1576160077592,601.217441733768,10.231727863004364
2026-05-26 12:00:00,644.8808,586.8925810180767,528.0284109388363,647.8265310973171,13.313390079240405
2026-05-26 13:00:00,670.8808,608.6455511218895,543.0080715077131,661.680400736066,16.130349614176428
2026-05-26 14:00:00,685.8808,634.0840965153161,591.0147720448044,686.0511209858278,5.600524470511668
2026-05-26 15:00:00,685.8808,652.1771836281407,605.0565236290478,702.1435036272336,4.655959999092993
2026-05-26 16:00:00,685.8808,658.0957795874468,587.6398382320626,720.1635509428311,12.842971355384186
2026-05-26 17:00:00,685.8808,673.8008491389219,630.8746094186572,731.7397188591865,-7.254000279735307
2026-05-26 18:00:00,904.8808,719.987278118895,651.1562388473909,816.4867173903991,32.33323927150411
2026-05-26 19:00:00,904.8808,713.3141250569932,562.8519023458898,883.2799277680966,108.2223627111034
2026-05-26 20:00:00,904.8808,705.3812908614767,659.6389289404448,773.2993027825088,8.25651192103208
2026-05-26 21:00:00,685.8808,696.4995085385268,657.015485832321,752.2786712447327,0.673122706205886
2026-05-26 22:00:00,685.8808,665.1844151997216,585.320532332939,713.2480980665041,10.46302286678257
2026-05-26 23:00:00,670.8808,611.3919400833396,513.9847220491579,657.6940481175214,0.20094803418182536
2026-05-27 00:00:00,446.08831,491.4900614065688,364.29769300416666,607.8953698089708,48.689108402402105
2026-05-27 01:00:00,436.08831,446.15728127125175,384.415029694935,513.9904128475683,-11.480348423683445
2026-05-27 02:00:00,436.08831,446.28801416869055,387.2349126544157,505.1441556829655,-12.453798485725164
2026-05-27 03:00:00,436.08831,446.2900298496287,401.4086129653799,499.2520867338774,-9.92089311575127
2026-05-27 04:00:00,446.08831,447.00543250212985,402.1048679463932,499.78784705786654,-13.365115444263347
2026-05-27 05:00:00,456.08831,457.0070918626924,386.3873043437603,510.0190493816244,3.7967875189320814
2026-05-27 06:00:00,446.08831,462.1064480086461,386.6593667026725,540.7168193146196,13.127951305973534
2026-05-27 07:00:00,446.08831,466.16214184829016,397.0283108548112,547.8940328417692,9.860830993478967
2026-05-27 08:00:00,446.08831,474.20443929353024,378.60952272703315,570.0094758600272,18.041176566497032
2026-05-27 09:00:00,446.08831,496.7156289998867,409.8237683783589,591.0173796214145,22.418920621527796
2026-05-27 10:00:00,446.08831,512.5401180667686,417.8414604618743,595.0673956716628,24.613447604894226
2026-05-27 11:00:00,446.08831,534.5315592600833,409.8372621669918,593.521956353175,17.403847093091557
2026-05-27 12:00:00,446.08831,573.6909365369007,475.5296764576604,641.6330266161411,13.313390079240405
2026-05-27 13:00:00,446.08831,601.4466168513329,514.5645754349363,691.1872382677296,20.921901416396715
2026-05-27 14:00:00,456.08831,636.0406118183565,556.8198105587196,698.0736430779934,6.6153912596369215
2026-05-27 15:00:00,456.08831,664.3648629764643,584.6254329773714,735.2847929755573,4.655959999092993
2026-05-27 16:00:00,671.08831,667.3523780539776,595.2769066985934,752.0013494093618,12.842971355384186
2026-05-27 17:00:00,671.08831,688.2770284712325,655.1923043953786,774.4368525470863,-10.428125924146133
2026-05-27 18:00:00,905.08831,801.397573585607,704.1343935895519,983.3246935816624,49.75719999605521
2026-05-27 19:00:00,1126.08831,843.2087909940849,633.2635077411533,1111.6711542470166,112.76454325293162
2026-05-27 20:00:00,905.08831,815.4787015168995,711.601274866019,992.5878681677799,16.709626650880445
2026-05-27 21:00:00,691.08831,701.0720615538802,627.0373341877213,817.6802089200391,-1.3353926338411344
2026-05-27 22:00:00,630.08831,643.092630932999,563.1454180662164,712.3107037997815,10.46302286678257
2026-05-27 23:00:00,456.08831,563.4956805462045,494.1174832649613,616.7730278274477,0.7465472812431603
2026-05-28 00:00:00,265.41213,442.0031150766289,292.8288794029229,670.4719307503349,48.557225673705986
2026-05-28 01:00:00,265.41213,265.5959474684431,162.41055589212652,399.4038590447597,-11.480348423683445
2026-05-28 02:00:00,265.41213,265.87888990160326,166.33528838732846,375.70085141587816,-12.453798485725164
2026-05-28 03:00:00,265.41213,266.001706976847,186.10363009259822,375.9081838610958,-9.92089311575127
2026-05-28 04:00:00,265.41213,266.76244362562653,172.22070519946863,355.32901205178433,-14.118661573842141
2026-05-28 05:00:00,435.41213,273.7095461345408,170.57573295298064,370.616519316101,3.2902731815601958
2026-05-28 06:00:00,267.18413,340.15464649226715,245.11579518629358,461.98469779824063,13.127951305973534
2026-05-28 07:00:00,265.41213,340.0508180307732,263.40592703729425,477.4308090242521,9.860830993478967
2026-05-28 08:00:00,265.41213,330.5363530049894,226.06164030874896,455.17361570122983,12.45766269624044
2026-05-28 09:00:00,265.41213,336.64010099914213,233.87154766103504,449.06985433724924,12.079433338107084
2026-05-28 10:00:00,265.41213,337.035721158112,217.62894886131565,465.2002134549083,22.946292296796305
2026-05-28 11:00:00,265.41213,360.6584191779224,239.56066131491806,449.13484704092684,10.231727863004364
2026-05-28 12:00:00,265.41213,399.44038424601627,283.9935941667759,493.14817432525666,13.313390079240405
2026-05-28 13:00:00,435.41213,407.2712670931426,311.54864567674593,511.72051850953943,20.921901416396715
2026-05-28 14:00:00,450.41213,448.2018780964158,364.59013270342234,533.5289934894091,6.90351539299347
2026-05-28 15:00:00,450.41213,495.7328835040061,413.7971635049131,615.2177435030991,4.655959999092993
2026-05-28 16:00:00,636.41213,545.8545542189843,457.726980942631,652.4314774953377,10.289993276353322
2026-05-28 17:00:00,680.41213,574.6358949146693,499.98667237552183,699.1680174538168,-12.943577460852552
2026-05-28 18:00:00,705.41213,780.7562513384826,586.3516113424273,1064.8073013345377,49.75719999605521
2026-05-28 19:00:00,1095.41213,903.9409923800218,544.6213419072596,1293.9920428527837,119.4517504727621
2026-05-28 20:00:00,705.41213,822.8144698064569,618.9725731555766,1075.7301264573373,16.709626650880445
2026-05-28 21:00:00,680.41213,654.2138906809746,535.3497833148158,795.1057980471336,-1.3353926338411344
2026-05-28 22:00:00,450.41213,528.1842097669397,407.4993869001571,639.6228326337223,10.46302286678257
2026-05-28 23:00:00,450.41213,410.4284597815663,276.6446125003231,529.0674070628094,0.7465472812431603
2026-05-29 00:00:00,331.58546,292.068820197056,111.57274092031946,486.96774947379254,53.470409276736575
2026-05-29 01:00:00,336.58546,331.7761796256857,242.21043867010513,477.5886405812662,-12.824059044419457
2026-05-29 02:00:00,331.58546,331.8364168238616,244.86878530958677,453.6777783381364,-12.453798485725164
2026-05-29 03:00:00,331.58546,331.7692455914095,280.7583987071608,444.90862247565826,-9.92089311575127
2026-05-29 04:00:00,331.58546,332.1772019253558,258.539043499198,414.8099703515137,-14.118661573842141
2026-05-29 05:00:00,336.58546,338.17662436096555,245.36109485448634,409.21847386744474,4.774209506479231
2026-05-29 06:00:00,336.58546,333.283870060636,274.23085635782047,408.1510437634516,8.954253702815533
2026-05-29 07:00:00,336.58546,325.0979220094877,265.59613313412376,407.76377088485174,7.922438875364
2026-05-29 08:00:00,336.58546,312.39317892300187,235.17719513575994,384.4051927102438,9.775923787241965
2026-05-29 09:00:00,331.58546,311.5727737251431,202.47098520543713,355.40886224484916,9.791518519705994
2026-05-29 10:00:00,336.58546,308.0412723494323,204.83591370351297,406.34851099535155,20.516988645919312
2026-05-29 11:00:00,336.58546,317.24971649689724,198.38780753542875,408.4557854583657,9.019058961468492
2026-05-29 12:00:00,336.58546,323.3786082729196,194.96862992960266,392.0154566162366,17.99829834331697
2026-05-29 13:00:00,336.58546,366.3530597768423,251.09880836044564,461.26593119323906,20.921901416396715
2026-05-29 14:00:00,336.58546,401.9595877318811,306.23515103632246,466.46995442743975,4.415336695558689
2026-05-29 15:00:00,411.58546,435.2531189013546,365.15913294101273,533.9986348616964,4.4349859603417885
2026-05-29 16:00:00,412.58546,483.6085814100437,422.9625281336904,614.4658546863969,10.289993276353322
2026-05-29 17:00:00,412.58546,554.8636840122506,467.24352147310316,695.4642665513979,-12.943577460852552
2026-05-29 18:00:00,676.58546,699.075935622553,494.23142562649775,976.0846656186081,49.75719999605521
2026-05-29 19:00:00,676.58546,821.9655649377308,497.91961446496873,1164.6076154104928,119.4517504727621
2026-05-29 20:00:00,632.58546,688.3111535842842,491.8406969334037,923.8785102351646,16.709626650880445
2026-05-29 21:00:00,412.58546,560.2215641779461,429.6904568117872,729.706271544105,-1.3353926338411344
2026-05-29 22:00:00,336.58546,433.7522948588402,312.1105719920576,570.2097177256228,10.46302286678257
2026-05-29 23:00:00,336.58546,399.4953801201701,282.2428828389269,505.0763474014132,0.7465472812431603
2026-05-30 00:00:00,338.71689,349.2114308539701,253.7536015772335,455.6923401307067,53.470409276736575
2026-05-30 01:00:00,338.71689,338.5329813220208,312.8528003664403,388.12194227760136,-12.824059044419457
2026-05-30 02:00:00,270.62789,338.4001957360235,306.36092422174863,383.22446725029835,-12.453798485725164
2026-05-30 03:00:00,262.19689,337.9564375825616,308.1755206983128,372.8659244668103,-9.92089311575127
2026-05-30 04:00:00,262.19689,337.7576602496843,293.37040182352644,366.15416867584213,-14.118661573842141
2026-05-30 05:00:00,265.48889,337.6108137782763,269.3874042717971,389.39586328475554,4.774209506479231
2026-05-30 06:00:00,265.48889,313.98307640269354,256.60580269987804,391.3234101055091,8.954253702815533
2026-05-30 07:00:00,262.19689,309.56690096836275,250.04045209299872,390.1426298437267,7.922438875364
2026-05-30 08:00:00,262.19689,293.8270309668527,205.64601717961077,375.4686847540946,9.775923787241965
2026-05-30 09:00:00,260.71689,283.3987659492889,199.31515742958285,346.9993444689949,9.791518519705994
2026-05-30 10:00:00,260.71689,292.966143694462,210.86663504854272,380.4896023403813,20.516988645919312
2026-05-30 11:00:00,262.19689,298.9426184066526,221.05884944518414,376.6366373681211,9.019058961468492
2026-05-30 12:00:00,260.71689,309.55840843983066,220.97396009651365,387.72028678314757,17.99829834331697
2026-05-30 13:00:00,260.71689,310.90963282730246,225.1591514109057,380.1422142436992,20.921901416396715
2026-05-30 14:00:00,260.71689,312.7511180492277,254.714081353669,371.4077547447864,4.415336695558689
2026-05-30 15:00:00,338.71689,332.1391400697559,264.1239541094141,426.06835603009773,4.4349859603417885
2026-05-30 16:00:00,338.71689,360.26618062854806,292.3145055202098,479.6953957368862,13.222395108338207
2026-05-30 17:00:00,413.71689,401.0804626553656,342.9487085795117,539.4365767312195,-10.428125924146133
2026-05-30 18:00:00,678.71689,592.0420582035218,411.5810082074666,853.2441481995769,49.75719999605521
2026-05-30 19:00:00,678.71689,680.5596848514368,368.4029243786747,1045.7566753241988,119.4517504727621
2026-05-30 20:00:00,678.71689,612.5046892683383,453.03540261745786,874.9922159192188,16.709626650880445
2026-05-30 21:00:00,414.71689,433.8395998091245,346.4453724429656,598.6477571752833,-1.3353926338411344
2026-05-30 22:00:00,338.71689,368.7278270931428,285.74775661471097,495.7856175715747,8.852210478431843
2026-05-30 23:00:00,338.71689,358.01206371791267,299.9300156837308,433.4192917520944,0.20094803418182536
2026-05-31 00:00:00,335.48873,324.6509542846221,210.34756500788558,442.61153356135867,53.470409276736575
2026-05-31 01:00:00,310.48873,334.97650107263047,277.86663011704997,406.782082028211,-12.824059044419457
2026-05-31 02:00:00,260.48873,334.6308509615408,276.2377407318469,408.91770119123464,-11.128159770306064
2026-05-31 03:00:00,260.48873,333.53075352253813,298.3907857523645,378.0845512927118,-9.853232229826355
2026-05-31 04:00:00,260.48873,332.7264609688603,273.2922464131236,344.30781552459695,-13.365115444263347
2026-05-31 05:00:00,260.48873,330.9537503097689,224.02591080410326,362.7727598154346,8.853379505665654
2026-05-31 06:00:00,255.48873,279.9961072287593,197.40714352594378,317.68169093157485,8.954253702815533
2026-05-31 07:00:00,255.48873,260.1743818884134,200.95342301304942,313.7677207637774,7.922438875364
2026-05-31 08:00:00,255.48873,241.6250943628157,167.82421057557374,295.36859815005766,9.775923787241965
2026-05-31 09:00:00,255.48873,241.1062792986017,158.08790077889572,260.42413781830766,9.791518519705994
2026-05-31 10:00:00,255.48873,253.7406887238166,185.1193800778973,312.4461073697359,20.516988645919312
2026-05-31 11:00:00,255.48873,259.5813740824086,188.79558512094016,316.90502304387707,9.019058961468492
2026-05-31 12:00:00,255.48873,263.7564859513008,180.95920760798387,309.18904429461776,17.99829834331697
2026-05-31 13:00:00,255.48873,259.77138989924055,192.48506848284384,302.69542131563725,20.921901416396715
2026-05-31 14:00:00,255.48873,257.37945567231475,208.77909897675607,303.54001236787343,4.415336695558689
2026-05-31 15:00:00,260.48873,289.93123077066053,251.21150481031876,359.95769673100233,4.4349859603417885
2026-05-31 16:00:00,336.48873,312.7505013815472,264.196006273209,398.47722648988537,13.222395108338207
2026-05-31 17:00:00,410.48873,366.7561213966972,314.6648773208433,461.1819954725511,-10.428125924146133
2026-05-31 18:00:00,480.48873,549.3612407369981,379.0843507409429,745.0125807330533,49.75719999605521
2026-05-31 19:00:00,675.48873,634.8079020952243,357.3892616224622,912.0895925679865,119.4517504727621
2026-05-31 20:00:00,480.48873,599.2282333659388,448.3297109266708,791.2137258052066,7.198122439267917
2026-05-31 21:00:00,480.48873,433.22825497400834,348.65126731000936,557.1318326380073,-2.1721323360010434
2026-05-31 22:00:00,410.48873,373.4480486365092,308.93809815807737,466.0909391149411,8.852210478431843
2026-05-31 23:00:00,410.48873,350.1930079545912,291.46239992040944,396.45273598877304,0.20094803418182536
2026-06-01 00:00:00,352.26015,322.7278851700479,157.12531589331132,480.4337944467845,53.470409276736575
2026-06-01 01:00:00,352.26015,352.10315109922766,264.65797047900617,417.10545171944915,-14.811849379778515
2026-06-01 02:00:00,352.26015,351.4210327214345,236.7651124917406,425.38662295112846,-11.128159770306064
2026-06-01 03:00:00,352.26015,350.59345367164696,260.8122315018468,438.05086584144715,-8.157637830199818
2026-06-01 04:00:00,352.26015,351.72053179115085,271.6674482510426,454.98060533125914,-9.88180645989171
2026-06-01 05:00:00,402.26015,351.5886296437338,228.1489301380681,440.26364914939944,8.853379505665654
2026-06-01 06:00:00,402.26015,345.0575936952279,240.8297099924124,445.9613173980435,8.954253702815533
2026-06-01 07:00:00,352.26015,353.0159386006606,274.2849197252967,466.8881974760246,7.922438875364
2026-06-01 08:00:00,352.26015,356.6909721060027,256.3666714594619,471.3464327525435,3.4256306465408377
2026-06-01 09:00:00,328.26015,362.7335503303847,265.3718192632206,484.8879713975489,9.581851067164195
2026-06-01 10:00:00,352.26015,381.1829748032551,294.6139902492805,510.7404193572297,16.412794553974592
2026-06-01 11:00:00,402.26015,388.454085905566,284.9230430203683,529.5081287907636,6.529642885197661
2026-06-01 12:00:00,402.26015,387.1951837952904,258.54386371605005,521.6870238745308,13.313390079240405
2026-06-01 13:00:00,402.26015,409.2327857545348,262.5926843381381,509.56737717093165,20.921901416396715
2026-06-01 14:00:00,402.26015,426.71559638967886,332.41472969412024,572.4869030852376,4.415336695558689
2026-06-01 15:00:00,667.26015,463.3727306803159,331.1791247199741,597.9172566406577,4.4349859603417885
2026-06-01 16:00:00,667.26015,490.77441663198425,352.71321152364607,614.7844017403226,13.222395108338207
2026-06-01 17:00:00,682.26015,536.151060871854,402.3908567960002,653.366914947708,-10.428125924146133
2026-06-01 18:00:00,1082.26015,617.9327803373374,384.45207034128225,894.2603103333926,49.75719999605521
2026-06-01 19:00:00,1112.26015,714.5640287286694,387.7781282559073,1057.4601792014314,119.4517504727621
2026-06-01 20:00:00,901.26015,628.6763047040994,464.8308318256025,821.6474675825964,3.4748128784969667
2026-06-01 21:00:00,682.26015,530.4007207897328,436.0201695960821,635.2084619833835,-3.7546088063493497
2026-06-01 22:00:00,672.26015,464.55741879414535,382.1574783157135,544.3387692725772,8.852210478431843
2026-06-01 23:00:00,472.26015,437.0005717301085,345.05875444886533,522.4007790113517,0.7465472812431603
2026-06-02 00:00:00,399.80252,352.5551721151358,208.3837028383992,528.4900613918724,53.470409276736575
2026-06-02 01:00:00,399.80252,399.3969952016749,308.24659452425544,506.35288587909434,-15.086949322580525
2026-06-02 02:00:00,399.80252,398.7363554148308,275.41155518513693,481.28955564452474,-11.128159770306064
2026-06-02 03:00:00,399.80252,398.2299437652323,296.7794715954321,486.8490759350325,-8.157637830199818
2026-06-02 04:00:00,404.80252,399.3546319193744,291.84870837926616,498.7080654594826,-9.88180645989171
2026-06-02 05:00:00,469.80252,402.8524345075398,277.45547500187416,464.0478840132055,8.853379505665654
2026-06-02 06:00:00,404.80252,413.76799698998286,296.8047432871673,528.3405106927985,8.954253702815533
2026-06-02 07:00:00,399.80252,414.1540784410729,308.2381924584032,533.9858044237426,6.598965982669702
2026-06-02 08:00:00,354.80252,419.2764520150584,286.3197913685176,532.6933526615993,3.4256306465408377
2026-06-02 09:00:00,354.80252,432.280961022973,322.8254599558088,545.8583320901372,9.581851067164195
2026-06-02 10:00:00,399.80252,452.83055079484336,356.41152624086874,572.773445348818,16.412794553974592
2026-06-02 11:00:00,399.80252,467.3957832707692,311.8768703855715,536.4243261559669,6.529642885197661
2026-06-02 12:00:00,399.80252,486.9469219227656,334.2531618435252,542.753722002006,13.313390079240405
2026-06-02 13:00:00,399.80252,515.9074007040217,350.229319287625,585.6075421204184,20.921901416396715
2026-06-02 14:00:00,469.80252,555.129387124463,451.1185204289044,670.0433238200218,4.415336695558689
2026-06-02 15:00:00,664.80252,644.7471970718495,500.2302570727565,780.8369570709424,4.655959999092993
2026-06-02 16:00:00,669.80252,662.3045055964518,532.4362065516667,783.632234641237,16.229359044785202
2026-06-02 17:00:00,679.80252,731.1559541451527,640.480854424888,958.0750538654173,-7.254000279735307
2026-06-02 18:00:00,897.80252,945.5463841038752,639.7373474026544,1461.878920805096,68.13493670122074
2026-06-02 19:00:00,1079.80252,1013.528629850882,533.2342392565,1630.5978604452634,127.6659805943819
2026-06-02 20:00:00,898.80252,886.0469182488744,622.5732203149814,1314.6316561827675,17.228637933892923
2026-06-02 21:00:00,679.80252,697.2022974947675,587.8882298307685,952.4815151587665,-2.1721323360010434
2026-06-02 22:00:00,664.80252,608.1375357857523,530.7766629189698,733.3877586525349,10.46302286678257
2026-06-02 23:00:00,659.80252,514.4144950963864,420.56382781514327,656.3280023776296,0.7465472812431603
2026-06-03 00:00:00,422.63257,398.445175130406,222.48913585366944,592.2613844071425,53.470409276736575
2026-06-03 01:00:00,477.63257,422.5562845839662,329.782541330089,547.4735278378434,-15.759396746122778
2026-06-03 02:00:00,477.63257,422.1886019356285,306.50225026936323,506.67633360189376,-13.25260833373473
2026-06-03 03:00:00,422.63257,422.2868210750569,328.64495890525666,514.491043244857,-8.157637830199818
2026-06-03 04:00:00,422.63257,423.2039396345808,322.22459609447253,529.2446131746891,-9.88180645989171
2026-06-03 05:00:00,552.63257,430.1506298712128,284.1493782959969,495.34148144642876,9.93405157521594
2026-06-03 06:00:00,477.63257,445.5874537794597,300.5904500766441,549.9172774822753,8.954253702815533
2026-06-03 07:00:00,422.63257,447.8937451993646,326.32283921669494,550.1995111820344,6.598965982669702
2026-06-03 08:00:00,477.63257,457.1052165176882,339.1193619766962,550.29097105868,0.7289045409919483
2026-06-03 09:00:00,422.63257,466.127307618385,365.5560965512208,553.3862986855491,9.581851067164195
2026-06-03 10:00:00,477.63257,487.20846600625873,391.74568145228415,578.4067105602334,16.412794553974592
2026-06-03 11:00:00,477.63257,497.4007829510979,358.27534006590025,573.6493258362955,6.529642885197661
2026-06-03 12:00:00,477.63257,504.8084780432639,364.5042879640235,572.7669681225043,13.313390079240405
2026-06-03 13:00:00,552.63257,531.1827947264244,397.0872433100275,613.9790461428211,20.921901416396715
2026-06-03 14:00:00,552.63257,577.9717022920622,475.4444415473031,664.6767130368213,3.798910744759154
2026-06-03 15:00:00,552.63257,653.4375646509072,519.8053486905654,765.150750611249,4.4349859603417885
2026-06-03 16:00:00,667.63257,659.9633568303625,559.1880577855773,799.0329158751475,16.229359044785202
2026-06-03 17:00:00,667.63257,694.3066023646875,611.8961282888337,867.2419064405412,-10.428125924146133
2026-06-03 18:00:00,901.63257,906.8644812271168,692.456494525896,1273.9062179283374,68.13493670122074
2026-06-03 19:00:00,1082.63257,1020.5219733438114,654.7431927494295,1469.6883539381934,127.6659805943819
2026-06-03 20:00:00,901.63257,897.544671374325,665.429403440432,1234.9670793082178,17.228637933892923
2026-06-03 21:00:00,692.63257,701.228240230924,558.6780125669251,932.4493078949229,-2.1721323360010434
2026-06-03 22:00:00,552.63257,604.4736455159193,476.6071226491367,714.188268382702,10.46302286678257
2026-06-03 23:00:00,477.63257,551.8144354214559,426.98775430117973,656.212316541732,1.8829411202760975
2026-06-04 00:00:00,414.08495,415.8967671463449,274.25423786960835,602.3503764230816,53.470409276736575
2026-06-04 01:00:00,414.08495,413.9978688708789,322.8980567613861,489.25081098037174,-17.078357890507203
2026-06-04 02:00:00,414.08495,413.9810564293373,328.4312584161166,475.0786444425581,-13.82575198677929
2026-06-04 03:00:00,414.08495,413.90717884990113,350.6877473682443,501.244090331558,-8.782008518343186
2026-06-04 04:00:00,414.08495,414.515512967618,335.6247422569035,498.3186936783324,-16.83420928928551
2026-06-04 05:00:00,414.08495,419.6209690727318,324.03903634309637,533.4990818023672,11.395352729635423
2026-06-04 06:00:00,414.08495,410.7472502535562,346.7870465507407,549.2203339563719,8.954253702815533
2026-06-04 07:00:00,414.08495,406.9675107029941,334.73524472032443,524.0053166856638,6.598965982669702
2026-06-04 08:00:00,414.08495,403.58171064805225,316.1235261070603,506.4598851890442,0.7289045409919483
2026-06-04 09:00:00,414.08495,398.6810587150386,292.04940764787443,505.29552978220283,9.581851067164195
2026-06-04 10:00:00,414.08495,412.4352944571973,297.5262999032227,516.0243490111718,16.412794553974592
2026-06-04 11:00:00,414.08495,422.6949439572783,302.9601310720807,506.16553684247606,6.529642885197661
2026-06-04 12:00:00,414.08495,447.44215034230143,312.5025902630611,536.9747404215418,13.313390079240405
2026-06-04 13:00:00,414.08495,482.20806354154746,351.10380212515076,572.5485049579441,20.921901416396715
2026-06-04 14:00:00,414.08495,518.9751473838501,428.43462609571077,617.5662686719895,2.647021288139378
2026-06-04 15:00:00,483.08495,573.0286709614893,452.80093500114754,683.1648069218311,4.4349859603417885
2026-06-04 16:00:00,613.08495,607.6190382155196,477.61599917073437,685.0106572603047,16.229359044785202
2026-06-04 17:00:00,613.08495,650.4950555774321,561.7853165197791,815.2853446350852,-13.601110942347008
2026-06-04 18:00:00,902.08495,858.9607622132158,615.805525511995,1241.7634989144367,68.13493670122074
2026-06-04 19:00:00,1083.08495,969.7533802448952,584.9465596505132,1426.383220839277,127.6659805943819
2026-06-04 20:00:00,902.08495,866.0532364065167,658.6198984726237,1136.9140743404096,17.228637933892923
2026-06-04 21:00:00,693.08495,668.7903215863951,566.2352939223962,799.6899292503941,-2.1721323360010434
2026-06-04 22:00:00,613.08495,539.4778436285291,421.1392207617465,631.6612964953117,10.46302286678257
2026-06-04 23:00:00,483.08495,482.2583593895824,364.60001826930625,621.6480005098584,1.8829411202760975
2026-06-05 00:00:00,481.29214,424.0123823290005,281.25205305226393,555.9616116057371,53.470409276736575
2026-06-05 01:00:00,481.29214,480.4029295038995,418.4640008483,547.8161781594991,-17.7941113444005
2026-06-05 02:00:00,481.29214,479.51363649822304,394.9711491881832,536.1912238082629,-14.050662689960127
2026-06-05 03:00:00,481.29214,478.0570187581229,422.40569659582275,547.8241609204232,-16.477667837699805
2026-06-05 04:00:00,512.29214,477.6087554605061,412.01561833432396,546.6436925866883,-19.430042873817836
2026-06-05 05:00:00,512.29214,476.9121690191238,385.5638862894884,565.2395317487593,11.395352729635423
2026-06-05 06:00:00,512.29214,428.9298662702876,347.87584256747203,520.3873499731031,8.954253702815533
2026-06-05 07:00:00,512.29214,424.5873824266794,350.1639864440097,521.1203984093491,6.598965982669702
2026-06-05 08:00:00,512.29214,423.66863703331296,349.050412492321,514.2245815743048,0.7289045409919483
2026-06-05 09:00:00,512.29214,424.0194928409401,327.0925517737759,520.5361639081043,9.581851067164195
2026-06-05 10:00:00,512.29214,424.1888122615418,325.1314177075672,514.7988068155163,16.412794553974592
2026-06-05 11:00:00,512.29214,434.54762696532606,328.5719340801284,518.1923198505237,6.529642885197661
2026-06-05 12:00:00,512.29214,448.8334506631217,331.20576058388133,536.7463607423622,13.313390079240405
2026-06-05 13:00:00,666.29214,461.9975430152751,334.73452159887836,535.7797844316718,20.921901416396715
2026-06-05 14:00:00,900.29214,478.5089478080192,387.45592111246054,572.3147845035779,4.415336695558689
2026-06-05 15:00:00,712.29214,510.5356337166401,402.4336877562983,616.3691596769819,4.4349859603417885
2026-06-05 16:00:00,712.29214,539.012614660932,429.7022056161467,658.9566237057171,16.229359044785202
2026-06-05 17:00:00,900.29214,567.9674711418862,472.4278242477224,742.4578180360502,-13.602203105836178
2026-06-05 18:00:00,961.29214,788.0652625599466,537.672515858726,1145.6669592611674,68.13493670122074
2026-06-05 19:00:00,961.29214,889.4781513228522,539.1537407284703,1312.0783319172342,127.6659805943819
2026-06-05 20:00:00,941.29214,799.3011204397837,621.1327825058906,1047.8866983736768,17.228637933892923
2026-06-05 21:00:00,900.29214,629.2243011746533,544.4963272439866,767.5054351053202,-4.497166069333172
2026-06-05 22:00:00,691.29214,545.9412129981504,452.8008501313678,658.672365864933,10.46302286678257
2026-06-05 23:00:00,666.29214,498.3629732766334,403.97547215635734,628.7474143969094,1.8829411202760975
2026-06-06 00:00:00,382.8563,475.0106848573086,249.71423558057205,657.4986541340452,53.470409276736575
2026-06-06 01:00:00,382.8563,382.6770017051283,321.05186724936016,552.4463661608963,-18.713915544231853
2026-06-06 02:00:00,496.8563,382.7383444969676,341.0489871869277,533.0383618070074,-14.050662689960127
2026-06-06 03:00:00,496.8563,383.030328131556,379.6662959692558,491.82486029385615,-16.477667837699805
2026-06-06 04:00:00,496.8563,382.8775739792746,375.0183368530924,460.1897511054567,-19.430042873817836
2026-06-06 05:00:00,496.8563,389.414753831432,336.5885611017966,487.0089065610674,11.395352729635423
2026-06-06 06:00:00,496.8563,353.1616660318233,296.62660232900777,412.8226097346389,8.954253702815533
2026-06-06 07:00:00,591.8563,339.8225272281847,295.42278124551495,412.19005321085433,6.598965982669702
2026-06-06 08:00:00,591.8563,327.95813854600914,259.1838340050172,369.0011730870011,0.7289045409919483
2026-06-06 09:00:00,591.8563,332.06002581119,236.30875474402578,384.0590568783541,9.581851067164195
2026-06-06 10:00:00,496.8563,346.33956138323856,243.65943682926394,420.91942593721313,16.412794553974592
2026-06-06 11:00:00,591.8563,356.58602139833425,238.0878785131366,451.22146428353193,6.529642885197661
2026-06-06 12:00:00,591.8563,394.13456717568056,252.65778709644016,468.50468725492095,13.313390079240405
2026-06-06 13:00:00,496.8563,422.6014238052853,300.25013494841346,514.1023026621573,23.07647885687187
2026-06-06 14:00:00,591.8563,485.15608029176303,404.9612148987696,561.0755956847565,6.90351539299347
2026-06-06 15:00:00,591.8563,492.8649393019471,417.14444930285407,585.8828993010401,4.655959999092993
2026-06-06 16:00:00,591.8563,513.2107194186452,425.4495599645174,598.2247988727728,20.776959454127716
2026-06-06 17:00:00,666.8563,590.9406802224885,548.518176011582,690.232844433395,-12.920845789093507
2026-06-06 18:00:00,711.8563,797.4401104437927,633.169533742572,994.9571471450136,68.13493670122074
2026-06-06 19:00:00,721.8563,844.5047499088598,632.3058193144778,1074.0995705032417,127.6659805943819
2026-06-06 20:00:00,711.8563,786.4018501325403,686.6868772540433,879.8367430110374,3.4748128784969667
2026-06-06 21:00:00,666.8563,680.562943627669,566.5180696970021,760.6092375583358,-4.497166069333172
2026-06-06 22:00:00,711.8563,556.5981372753652,439.7698144085826,673.3729601421478,10.46302286678257
2026-06-06 23:00:00,666.8563,487.3732537443549,367.3981633070607,619.0718541816491,5.209460437294168
2026-06-07 00:00:00,416.49967,405.35739900905406,192.16362973231753,548.6434082857907,53.470409276736575
2026-06-07 01:00:00,416.49967,416.7524480555023,325.0636205612727,532.4758055497318,-19.449472505770434
2026-06-07 02:00:00,416.49967,416.84494204134376,338.7307047313039,520.4723793513837,-14.050662689960127
2026-06-07 03:00:00,416.49967,417.0870762447156,368.0470244102941,515.9869280791371,-11.192858165578505
2026-06-07 04:00:00,416.49967,416.93504157979487,347.0030708690804,462.4173522905093,-16.83420928928551
2026-06-07 05:00:00,376.49967,423.92913861428406,319.5523008171828,504.12295641138525,12.828857797101168
2026-06-07 06:00:00,376.49967,412.4524265130167,308.9973752070432,472.8575778189902,13.127951305973534
2026-06-07 07:00:00,254.97967,396.8736236764977,312.00877917255957,472.7374081804358,9.558764503938123
2026-06-07 08:00:00,376.49967,396.6937894414967,310.1080156542547,445.3909432287387,9.775923787241965
2026-06-07 09:00:00,201.49967,392.6983037828386,289.6128952631326,429.5053223025446,9.791518519705994
2026-06-07 10:00:00,254.97967,401.5993609798246,299.85707233390536,451.6942496257439,20.516988645919312
2026-06-07 11:00:00,247.68967,409.183634278828,317.3036753173595,459.3098932402965,9.019058961468492
2026-06-07 12:00:00,296.49967,451.93812079573513,340.6532824524182,507.22957913905213,17.99829834331697
2026-06-07 13:00:00,296.49967,449.6615524824084,356.0572736255365,527.4546813392802,23.07647885687187
2026-06-07 14:00:00,376.49967,494.0655160379342,433.23597380744843,567.79037826842,14.113662230485753
2026-06-07 15:00:00,416.49967,524.83509040234,470.2733469101467,596.1864138945334,5.518483492193323
2026-06-07 16:00:00,666.49967,545.1859252105558,485.3920061657705,622.4439642553409,16.229359044785202
2026-06-07 17:00:00,671.49967,589.3744456421457,553.0841337864613,642.5470074978301,-14.24633814431562
2026-06-07 18:00:00,701.49967,707.9937496867258,593.8918896906706,840.037759682781,49.75719999605521
2026-06-07 19:00:00,701.49967,730.91888827245,532.9824777996879,923.7452787452121,119.4517504727621
2026-06-07 20:00:00,701.49967,713.6888872225067,631.60568307969,781.5808913653232,-3.159295857183423
2026-06-07 21:00:00,701.49967,655.6233226528132,599.030847759692,722.0087975459343,-5.146585106878904
2026-06-07 22:00:00,671.49967,610.5775957226625,522.9655534843616,688.4448779609634,15.160712238300878
2026-06-07 23:00:00,666.49967,547.5819789779274,430.25256348560015,647.3055944702547,10.155015492327319
2026-06-08 00:00:00,293.68127,428.7610807365684,159.1853914598318,658.782070013305,53.470409276736575
2026-06-08 01:00:00,293.68127,294.1121908823481,150.89788887002055,471.6665728946755,-19.714417987672476
2026-06-08 02:00:00,293.68127,294.8144510225214,131.38520140807728,426.19463063696537,-17.059520385555885
2026-06-08 03:00:00,293.68127,296.00740768579163,169.11292548946892,421.56866988211425,-16.731037803677285
2026-06-08 04:00:00,293.68127,297.0836569896069,171.978936484139,396.4963174950748,-17.910499494532132
2026-06-08 05:00:00,303.68127,305.61219918468856,138.12249138758736,398.9071569817896,12.828857797101168
2026-06-08 06:00:00,303.68127,364.0649070856168,239.71167577964323,471.12341839159023,13.127951305973534
2026-06-08 07:00:00,293.68127,360.4347918913803,252.79122631696362,484.01433746579704,18.047065574416717
2026-06-08 08:00:00,293.68127,372.2002816003932,250.96384781315132,451.5419953876352,9.775923787241965
2026-06-08 09:00:00,293.68127,375.7750834758588,240.42366106284993,441.6505058888677,13.402622413008896
2026-06-08 10:00:00,293.68127,381.5279034017343,262.8007210450379,477.49295575843047,23.48195235669635
2026-06-08 11:00:00,253.68127,387.115217774356,260.29818882366396,479.18994672504783,13.107728950692005
2026-06-08 12:00:00,303.68127,386.723532752144,234.36937388434063,450.63781161994734,21.26925886780339
2026-06-08 13:00:00,363.68127,409.8761112402486,294.57449654911954,506.11235593137764,26.177814691129004
2026-06-08 14:00:00,363.68127,469.7374672217656,385.4015854993956,549.5324989441356,17.05273172237001
2026-06-08 15:00:00,363.68127,516.4842626243426,460.9647296345481,588.893725614137,8.107432989794445
2026-06-08 16:00:00,652.68127,560.497497575443,509.3513881213153,664.3170070295706,20.776959454127716
2026-06-08 17:00:00,652.68127,593.625466766255,527.6123125553486,683.8458209771616,-12.920845789093507
2026-06-08 18:00:00,703.68127,702.8777625173046,554.7181025212494,940.9223325133598,49.75719999605521
2026-06-08 19:00:00,703.68127,760.5578690237755,516.154285770844,1054.3341722767072,112.76454325293162
2026-06-08 20:00:00,703.68127,697.9019221869692,588.3284180441526,859.5233263297857,-3.159295857183423
2026-06-08 21:00:00,668.68127,626.5655016131406,529.7767867200195,774.6447665062616,-5.146585106878904
2026-06-08 22:00:00,652.68127,551.75913382845,403.55133159014906,689.7427260667508,15.160712238300878
2026-06-08 23:00:00,652.68127,481.59122154499335,327.4050923356865,622.2847407543003,12.72195920930686
2026-06-09 00:00:00,205.07529,309.9163674503154,18.76629817357886,572.024796727052,53.470409276736575
2026-06-09 01:00:00,205.07529,205.18466918369543,31.083363857047264,429.70928451034354,-23.160854673351853
2026-06-09 02:00:00,205.07529,205.93594400063307,16.46932381704315,363.16746418422304,-18.474019816410053
2026-06-09 03:00:00,205.07529,207.0543810094981,92.95138881317538,355.7069032058208,-16.731037803677285
2026-06-09 04:00:00,205.07529,209.134348828343,79.06930832287512,308.1755893338109,-17.910499494532132
2026-06-09 05:00:00,245.07529,220.99057094351977,66.25485821388438,331.6027836731553,11.395352729635423
2026-06-09 06:00:00,245.07529,406.6661572878521,270.15481598187864,509.01261859382566,13.127951305973534
2026-06-09 07:00:00,245.07529,405.6015780870433,288.5041525126266,530.3168036614601,18.047065574416717
2026-06-09 08:00:00,245.07529,417.7606553504876,295.3471815632456,517.4474591377295,9.775923787241965
2026-06-09 09:00:00,229.55529,429.6877508061126,306.6742283931037,529.3697632191215,13.402622413008896
2026-06-09 10:00:00,245.07529,433.2840531970113,320.02533084031495,574.8825255537076,23.48195235669635
2026-06-09 11:00:00,245.07529,461.5153839759636,319.65873210489457,609.3355858470327,21.647901871069053
2026-06-09 12:00:00,245.07529,450.4170037764584,269.930634908655,586.5377626442618,21.26925886780339
2026-06-09 13:00:00,245.07529,492.8441430455859,326.3973283544569,633.8745577367149,26.177814691129004
2026-06-09 14:00:00,255.07529,547.6646031709339,404.9961058529942,664.9179704888736,21.03901731793966
2026-06-09 15:00:00,670.07529,598.6433964047425,468.0380586232409,720.101864186244,12.744407781501575
2026-06-09 16:00:00,673.07529,668.9856787116464,559.5276692575187,815.780988165774,20.776959454127716
2026-06-09 17:00:00,695.07529,692.2028035523507,570.8778693414442,791.1030677632573,-12.920845789093507
2026-06-09 18:00:00,715.07529,765.0662421268826,611.2234028553785,943.9071813983866,32.33323927150411
2026-06-09 19:00:00,1275.07529,817.3856201369558,579.6370168840242,1100.7763333898874,112.76454325293162
2026-06-09 20:00:00,1275.07529,779.8410898461666,625.83238570335,956.1775939889831,-3.159295857183423
2026-06-09 21:00:00,1054.07529,706.368625921259,597.031811028138,843.6331408143801,-5.146585106878904
2026-06-09 22:00:00,670.07529,611.3791602011765,477.0206879628756,751.2478124394775,15.160712238300878
2026-06-09 23:00:00,268.10729,496.9724468898356,320.4719025829047,620.5024811967666,13.54339430693091
2026-06-10 00:00:00,176.82348,237.29540438826436,80.89980511152777,540.0879736650008,53.470409276736575
2026-06-10 01:00:00,176.82348,176.80613555552014,46.215040228872,343.23641088216823,-23.160854673351853
2026-06-10 02:00:00,196.82348,176.9510467818401,80.07206659825015,360.0934669654299,-18.474019816410053
2026-06-10 03:00:00,196.82348,176.9738430618247,134.397870865502,360.80609525814737,-16.731037803677285
2026-06-10 04:00:00,196.82348,177.27607672679056,89.44493622132269,337.98529723225835,-17.910499494532132
2026-06-10 05:00:00,196.82348,181.90385207250856,19.96183934287316,345.4872948021439,11.395352729635423
2026-06-10 06:00:00,196.82348,220.67836426776745,99.94384244217245,456.7337600933624,17.090795825594977
2026-06-10 07:00:00,196.82348,233.33459079658263,125.79475653451293,528.3872450586523,23.90557426206972
2026-06-10 08:00:00,196.82348,230.8963303037552,77.4661437372582,491.1021468702522,18.041176566497032
2026-06-10 09:00:00,196.82348,235.3774956133397,66.15750063684922,477.2058105898301,28.62306497649049
2026-06-10 10:00:00,196.82348,244.78341710308405,67.79803277277024,485.1865014333979,29.637824330313823
2026-06-10 11:00:00,196.82348,305.22442662543534,88.84341039444585,492.4118828564248,31.238956230989473
2026-06-10 12:00:00,196.82348,342.9673833654793,157.02622541432854,535.4617513166301,25.519567951150773
2026-06-10 13:00:00,196.82348,355.1176901330782,125.08668179570029,509.35601847045615,30.14863833737792
2026-06-10 14:00:00,196.82348,413.7848285928511,217.262820507134,619.9280966785683,37.88383808571719
2026-06-10 15:00:00,516.82348,582.8483083952196,366.28722061371803,883.4877561767212,12.744407781501575
2026-06-10 16:00:00,546.82348,643.8326620431947,409.539282589067,877.5603014973223,20.776959454127716
2026-06-10 17:00:00,671.82348,688.9248258469738,485.6681316360674,943.7406400578803,-12.920845789093507
2026-06-10 18:00:00,1276.82348,913.0051506054524,613.2162153244925,1361.7289258864123,10.557375280959825
2026-06-10 19:00:00,1276.82348,1302.9843778445425,611.5088273717804,1982.5755283173046,119.4517504727621
2026-06-10 20:00:00,742.02048,1229.720257303307,671.62214442481,1894.193370181804,3.4748128784969667
2026-06-10 21:00:00,742.02048,917.0739777311588,579.805383800492,1365.7849516618257,-4.497166069333172
2026-06-10 22:00:00,516.82348,570.0353700224291,382.2412877841282,887.7008822607299,15.160712238300878
2026-06-10 23:00:00,196.82348,341.62968683011104,187.21387757662598,564.893296083596,16.30800925348506
2026-06-11 00:00:00,138.83873,209.91039049698668,82.07710122025009,569.9954897737232,53.470409276736575
2026-06-11 01:00:00,138.83873,138.7293492541378,57.99378575444578,354.80120275382967,-25.00740650030801
2026-06-11 02:00:00,138.83873,138.77280426388515,87.16009494195396,297.0178435858163,-19.85421067806883
2026-06-11 03:00:00,138.83873,138.89091040636106,116.46089870064878,258.47863211207334,-17.513548294287737
2026-06-11 04:00:00,138.83873,139.21225652259153,67.38144641805053,226.1547566271325,-22.609249895459016
2026-06-11 05:00:00,208.83873,142.0447337091771,22.377410979541676,289.88184643881254,11.395352729635423
2026-06-11 06:00:00,148.83873,172.9440555440199,70.49119971842491,344.6117913696149,17.090795825594977
2026-06-11 07:00:00,138.83873,155.13192980684838,52.449015544778646,340.9426840689181,23.90557426206972
2026-06-11 08:00:00,138.83873,133.2728860871262,22.050324520629186,315.14733265362327,18.041176566497032
2026-06-11 09:00:00,118.83873,122.93767059612148,-11.641054380369006,285.64391557261195,28.62306497649049
2026-06-11 10:00:00,138.83873,145.46898058440252,3.768486254088682,352.27598491471633,29.637824330313823
2026-06-11 11:00:00,208.83873,168.20175698547072,4.750630754481236,345.58478321646015,31.238956230989473
2026-06-11 12:00:00,208.83873,178.60234294899593,15.165384997845141,306.2301909001467,25.519567951150773
2026-06-11 13:00:00,208.83873,186.12660563628705,11.077137298909147,341.20805397366496,30.14863833737792
2026-06-11 14:00:00,548.83873,246.09541704670465,72.85602878455347,414.8153553088558,39.40792826215116
2026-06-11 15:00:00,548.83873,389.1946650002308,219.42721721872925,632.2177427817325,12.744407781501575
2026-06-11 16:00:00,608.83873,447.6712708065556,273.8409613524278,666.0198302606833,20.776959454127716
2026-06-11 17:00:00,673.83873,581.6550226676976,379.42276845679106,911.9545768786039,-12.920845789093507
2026-06-11 18:00:00,1157.83873,958.13858690182,606.8803247187774,1475.7674490848624,2.964162183042479
2026-06-11 19:00:00,1278.83873,1126.3361985375286,516.2802880647665,1780.849549010291,119.4517504727621
2026-06-11 20:00:00,1157.83873,931.921388074888,527.1065351963911,1442.459460953385,3.4748128784969667
2026-06-11 21:00:00,743.96573,650.7910476367504,452.0522637060835,942.2214815674171,-4.497166069333172
2026-06-11 22:00:00,608.83873,380.60338132181744,245.59418908351657,576.5396035601184,15.160712238300878
2026-06-11 23:00:00,233.31873,244.0526591658576,93.0717599123725,423.52626841934267,16.30800925348506
2026-06-12 00:00:00,135.79209,157.37067740210205,-4.767451874634531,436.5085066788386,53.470409276736575
2026-06-12 01:00:00,227.79209,135.77229814074536,31.108965392364315,271.86999688912647,-25.864761251618933
2026-06-12 02:00:00,135.79209,135.77629297287683,54.31183813514401,289.35394081060963,-20.650152162267183
2026-06-12 03:00:00,227.79209,135.88093431469122,97.35794560897895,280.18766102040354,-17.513548294287737
2026-06-12 04:00:00,227.79209,135.83160036145637,67.80976695266958,254.01649877024315,-23.491031591213208
2026-06-12 05:00:00,307.79209,140.4427084953457,-0.33964423428972523,301.24653122498114,11.395352729635423
2026-06-12 06:00:00,227.79209,188.7385427384171,58.844366912822125,418.42809856401203,17.090795825594977
2026-06-12 07:00:00,227.79209,177.48980303747334,43.937267463056614,421.0660986118901,18.047065574416717
2026-06-12 08:00:00,227.79209,159.60139721052036,37.983879423278395,402.18418099776227,9.775923787241965
2026-06-12 09:00:00,135.79209,165.39523998382472,15.579245570815818,355.1009923968336,13.402622413008896
2026-06-12 10:00:00,227.79209,174.99787252702052,40.225930170324176,404.4035148837169,23.48195235669635
2026-06-12 11:00:00,227.79209,214.44376757755504,15.594701346565543,421.1337138085444,31.238956230989473
2026-06-12 12:00:00,227.79209,234.4630208920385,21.645022940887717,389.6580088431891,25.519567951150773
2026-06-12 13:00:00,227.79209,256.72122135689017,48.74066301951228,407.2035396942681,30.14863833737792
2026-06-12 14:00:00,515.79209,384.7476385110239,198.82545535816274,623.047301663885,43.860763152861175
2026-06-12 15:00:00,515.79209,478.3816712467845,272.2687434652829,748.9696590282861,12.744407781501575
2026-06-12 16:00:00,545.79209,523.1044200592244,299.41157060509664,755.9319395133521,20.776959454127716
2026-06-12 17:00:00,670.79209,601.3022700383751,404.8583958274686,907.1284242492816,-12.920845789093507
2026-06-12 18:00:00,740.00009,974.6507734460127,634.3850912629704,1490.0049656290553,2.964162183042479
2026-06-12 19:00:00,1275.79209,1180.13276254707,523.0132620743078,1866.555413019832,119.4517504727621
2026-06-12 20:00:00,1204.79209,1002.3509965672924,585.1395336887955,1593.3392594457896,3.4748128784969667
2026-06-12 21:00:00,670.79209,646.5955666224984,408.05456172937727,1021.4004215156198,-5.146585106878904
2026-06-12 22:00:00,545.79209,423.8803284278592,267.7755314647239,685.5307053909946,25.234336963135302
2026-06-12 23:00:00,505.79209,275.6574321413275,150.10651288784243,539.4414113948125,16.30800925348506
2026-06-13 00:00:00,500.46301,147.67472492976557,-45.920934346970995,421.1268442065022,53.470409276736575
2026-06-13 01:00:00,500.46301,500.17476939688527,435.1904706485042,660.8513881452665,-25.864761251618933
2026-06-13 02:00:00,490.46301,500.00982067470943,420.83898283697664,635.7152885124423,-20.650152162267183
2026-06-13 03:00:00,490.46301,499.80112346239264,455.8439967566803,632.9444951681049,-17.513548294287737
2026-06-13 04:00:00,490.46301,499.9307757712023,473.4717973624155,618.6157941799892,-23.491031591213208
2026-06-13 05:00:00,490.46301,501.5269687819412,374.10548098483997,617.7924965790423,12.828857797101168
2026-06-13 06:00:00,440.46301,325.7419293506132,161.71550352501822,459.9406751762082,17.090795825594977
2026-06-13 07:00:00,349.46301,344.2008700745199,229.2343045001032,533.4535556489367,18.047065574416717
2026-06-13 08:00:00,349.46301,349.93772710290256,224.4373683156606,564.7197708901444,9.775923787241965
2026-06-13 09:00:00,222.46301,341.2053863741493,200.79521896114045,511.4397287871583,13.402622413008896
2026-06-13 10:00:00,332.92001,355.3526192930808,191.92938693638447,528.3876916497771,23.48195235669635
2026-06-13 11:00:00,349.46301,389.92638261348657,188.8800863824971,627.5520388444761,31.238956230989473
2026-06-13 12:00:00,349.46301,387.7723521115141,161.38504416036332,560.0050500626648,25.519567951150773
2026-06-13 13:00:00,440.46301,393.9862370374019,179.388028700024,543.7299753747799,30.14863833737792
2026-06-13 14:00:00,440.46301,469.95662104107714,288.735657888216,698.9925841939385,43.860763152861175
2026-06-13 15:00:00,502.46301,501.2839265395007,282.7124387579992,709.6298343210022,12.744407781501575
2026-06-13 16:00:00,550.46301,538.1585105431752,378.3500510890475,791.6602699973029,20.776959454127716
2026-06-13 17:00:00,550.46301,606.2272700715808,448.1799658606744,879.5979242824873,-12.920845789093507
2026-06-13 18:00:00,1249.46301,788.1141025905926,504.96510802285417,1168.7515771583312,0.4345145677384138
2026-06-13 19:00:00,1249.46301,1043.9659394873008,581.1358462343692,1567.4687327402326,112.76454325293162
2026-06-13 20:00:00,665.46301,953.3949965394208,594.3623436609238,1403.2995094179175,3.4748128784969667
2026-06-13 21:00:00,1270.46301,634.9524233541161,359.96897674226636,999.410869965966,-5.582403388150238
2026-06-13 22:00:00,665.46301,537.5087264822256,334.65167951909035,816.264703445361,25.234336963135302
2026-06-13 23:00:00,550.46301,489.79520043122415,361.22644117773905,706.4163596847092,16.30800925348506
2026-06-14 00:00:00,501.97868,448.278756911477,284.22919041398507,629.6136734089688,61.29313649749187
2026-06-14 01:00:00,501.97868,501.0902383661282,446.19644818966844,577.777998542588,-27.116989823540266
2026-06-14 02:00:00,501.97868,500.3908269082076,455.9330299728025,627.6972638436126,-20.810543064594913
2026-06-14 03:00:00,501.97868,499.75102484866335,479.37836848449035,591.4251912128364,-20.476343635827014
2026-06-14 04:00:00,441.97868,498.8778280488212,467.6913904155596,520.8473756820825,-25.562802366738502
2026-06-14 05:00:00,441.97868,498.5190557616393,393.04245796453813,544.1912735587405,12.828857797101168
2026-06-14 06:00:00,226.97868,396.7920651312785,302.5817193056835,469.5027309568734,17.090795825594977
2026-06-14 07:00:00,226.97868,366.4910397440822,284.4300541696654,480.8587853184989,18.047065574416717
2026-06-14 08:00:00,223.97868,359.22140933757663,290.03261555033464,450.42113312481865,9.775923787241965
2026-06-14 09:00:00,222.47868,335.5777200764165,232.45545766340757,394.55068248942536,13.402622413008896
2026-06-14 10:00:00,223.97868,355.192500225418,269.9252678687216,424.4612525821143,23.48195235669635
2026-06-14 11:00:00,223.97868,376.81644747706224,257.4715512460728,500.6016437080517,31.238956230989473
2026-06-14 12:00:00,223.97868,390.004736734949,267.28197878379825,479.8235846860998,25.519567951150773
2026-06-14 13:00:00,223.97868,413.3950060814744,267.4910477440964,537.4500744188523,30.14863833737792
2026-06-14 14:00:00,226.97868,432.6530248846593,346.12632173179816,619.7004480375203,43.860763152861175
2026-06-14 15:00:00,501.97868,486.8545576310663,340.0742798495647,674.3055654125678,12.744407781501575
2026-06-14 16:00:00,503.47868,522.841905541261,364.51174608713325,683.5756649953885,20.776959454127716
2026-06-14 17:00:00,503.47868,571.9592806181698,430.6881687624854,763.816492473854,-14.24633814431562
2026-06-14 18:00:00,503.97868,878.3523444090883,728.5573622260458,1110.3796665921304,2.964162183042479
2026-06-14 19:00:00,600.97868,941.0251023133784,634.2486590604467,1231.68604556631,112.76454325293162
2026-06-14 20:00:00,503.97868,808.2927788715492,571.8280059930522,1064.8435917500462,3.4748128784969667
2026-06-14 21:00:00,600.97868,810.1284716500976,625.5467067569765,1088.4805865432186,-5.146585106878904
2026-06-14 22:00:00,552.97868,599.4854310469975,450.5415940838622,845.6784380101328,25.234336963135302
2026-06-14 23:00:00,503.97868,536.6845389352757,444.52385968179067,711.2666281887606,16.30800925348506
2026-06-15 00:00:00,340.96241,470.12735892831097,306.4390824308191,577.2960454258028,61.29313649749187
2026-06-15 01:00:00,340.96241,341.028716134411,270.9133114877467,386.85274078107534,-27.7121053533357
2026-06-15 02:00:00,340.96241,341.1928848264893,242.1423146297582,419.3769050232205,-21.299589803268834
2026-06-15 03:00:00,340.96241,340.99526704643586,251.3300772549384,409.77632683793325,-22.46811020850257
2026-06-15 04:00:00,340.96241,341.82151843446394,252.38127002567714,413.23200684325076,-23.491031591213208
2026-06-15 05:00:00,340.96241,345.7719685309447,214.62991073384356,452.0417263280459,12.828857797101168
2026-06-15 06:00:00,338.16241,386.0307249179627,267.6960971335707,512.7524627023547,23.55980778439197
2026-06-15 07:00:00,227.46241,375.1466048101468,286.5748505480771,513.9258690722166,23.90557426206972
2026-06-15 08:00:00,227.46241,378.2713561574094,296.36085959091236,504.57754272390645,18.041176566497032
2026-06-15 09:00:00,227.46241,364.9905865302549,217.11538994273158,480.2803631177783,24.283916587523358
2026-06-15 10:00:00,243.94241,380.9593657115559,255.4361836058971,491.2822078172146,30.106162105658754
2026-06-15 11:00:00,338.16241,404.54161836699245,252.49438487590555,564.9682318580794,38.62535349108696
2026-06-15 12:00:00,338.16241,387.29034265284434,223.99918632016596,535.4798789855228,33.88583633267841
2026-06-15 13:00:00,338.16241,419.2430561730498,276.6660200082767,599.5197023378231,32.50658616477323
2026-06-15 14:00:00,340.96241,472.9087097641534,313.98365865965974,644.9237508686471,52.422771104493634
2026-06-15 15:00:00,340.96241,578.4654038774695,415.05516609596793,727.274551658971,12.744407781501575
2026-06-15 16:00:00,494.46241,603.1499304498415,437.7121409957137,745.7245499039691,20.776959454127716
2026-06-15 17:00:00,505.46241,626.1477099268903,486.47768694007334,779.8030829137072,-15.253727013182953
2026-06-15 18:00:00,506.46241,728.8062593211322,578.3640971380896,965.4555215041747,2.964162183042479
2026-06-15 19:00:00,505.46241,773.2564338483676,471.93811337560555,1147.38541432113,119.4517504727621
2026-06-15 20:00:00,505.46241,694.291108622024,504.8351306881311,949.506246555917,17.228637933892923
2026-06-15 21:00:00,494.46241,660.9136077889141,544.3774338582472,882.9068417195812,-4.497166069333172
2026-06-15 22:00:00,340.96241,578.3074108215194,462.16782385838405,805.5592977846547,25.234336963135302
2026-06-15 23:00:00,340.96241,525.9907479289486,430.01468867546356,701.6399071824337,16.30800925348506
2026-06-16 00:00:00,246.4869,355.3045589221622,228.25802242467032,562.270355419654,61.29313649749187
2026-06-16 01:00:00,246.4869,246.48115956577632,194.66123491911208,359.6482242124407,-27.7121053533357
2026-06-16 02:00:00,233.0069,246.76946654501023,180.1175863482791,380.3340167417414,-21.299589803268834
2026-06-16 03:00:00,258.0069,247.00772611729437,182.63981632579691,354.75941590879165,-22.46811020850257
2026-06-16 04:00:00,269.0069,247.9304931357729,144.6075247269861,362.1858915445597,-23.491031591213208
2026-06-16 05:00:00,269.0069,251.81425520882487,97.08769741172372,380.60231300592613,12.828857797101168
2026-06-16 06:00:00,269.0069,354.50298328022706,232.1900554958351,500.935191064619,23.55980778439197
2026-06-16 07:00:00,269.0069,343.105387008053,260.1629255737822,466.4197984423238,32.24901143427079
2026-06-16 08:00:00,269.0069,352.82786291690104,234.7721078828767,464.52961795092534,27.936155034024367
2026-06-16 09:00:00,258.0069,345.0844222604282,240.53737567290486,450.0894088479516,24.283916587523358
2026-06-16 10:00:00,269.0069,346.082602013387,219.93781765671216,442.91509637006175,42.02979435667484
2026-06-16 11:00:00,269.0069,372.6515462501686,263.66243275908164,480.2963497412556,38.62535349108696
2026-06-16 12:00:00,269.0069,385.0092249910835,261.36290865840505,497.2154813237619,33.88583633267841
2026-06-16 13:00:00,269.0069,421.6056061896431,304.7413200248699,566.5415923544164,32.50658616477323
2026-06-16 14:00:00,458.0069,480.47248407436246,361.03494296986884,668.409345178856,52.422771104493634
2026-06-16 15:00:00,508.0069,554.2451887098838,421.30065173302137,736.5956056867464,22.304876976862502
2026-06-16 16:00:00,559.0069,607.4089905426569,453.0840310885291,744.1129499967846,20.776959454127716
2026-06-16 17:00:00,673.0069,634.6325477902961,526.0809748034791,833.4002207771133,-15.253727013182953
2026-06-16 18:00:00,1256.0069,703.5009350500466,513.4434597690868,1083.1706103310064,10.557375280959825
2026-06-16 19:00:00,1257.0069,757.4458135808052,355.0690331080431,1255.8472640535672,119.4517504727621
2026-06-16 20:00:00,1257.0069,697.4086817188852,484.4960428101762,1013.4394006275945,17.261758908709076
2026-06-16 21:00:00,1256.0069,598.9610245820822,447.2547358263562,774.7268533378084,-1.1543112442739198
2026-06-16 22:00:00,509.0069,483.7524898564461,349.5452982993751,621.6361314135172,27.088111557071045
2026-06-16 23:00:00,508.0059,412.9632461003176,250.83508039139247,559.5222618092425,26.233165708925114
2026-06-17 00:00:00,271.7723,281.83950909400005,129.58598259650822,412.437375591492,61.29313649749187
2026-06-17 01:00:00,271.7723,271.84176995784344,186.45003531117914,312.26482460450774,-27.7121053533357
2026-06-17 02:00:00,271.7723,272.1274650419907,187.98931484525954,322.2392252387219,-21.299589803268834
2026-06-17 03:00:00,271.7723,272.4871733604334,235.89738356893596,338.75512315193083,-22.46811020850257
2026-06-17 04:00:00,271.7723,273.34062781573493,208.40767940694812,340.10954622452164,-23.491031591213208
2026-06-17 05:00:00,310.7723,278.5818417180162,160.02193392091507,363.4960495151174,12.828857797101168
2026-06-17 06:00:00,310.7723,298.61716427228004,212.13875648788803,447.08123205667204,23.55980778439197
2026-06-17 07:00:00,271.7723,281.84697800978387,187.63329657551307,451.4824194440547,32.24901143427079
2026-06-17 08:00:00,271.7723,276.1592564546793,155.8017314206549,424.67056148870364,27.936155034024367
2026-06-17 09:00:00,271.7723,264.2095033293809,123.60768674185752,407.66811991690423,24.283916587523358
2026-06-17 10:00:00,271.7723,281.0701899522858,143.4383455956109,423.3627143089607,42.02979435667484
2026-06-17 11:00:00,271.7723,307.82964751959463,133.7633340285077,474.99110101068163,38.62535349108696
2026-06-17 12:00:00,271.7723,314.6140250739555,139.3244687412771,471.47442140663395,33.88583633267841
2026-06-17 13:00:00,310.7723,329.1318644328589,134.04194520580708,508.2341136599108,40.85974922705183
2026-06-17 14:00:00,510.7713,419.702335457282,271.8917343527883,640.2162765617757,52.422771104493634
2026-06-17 15:00:00,510.7723,511.6472839717633,326.5827069949008,793.5606609486258,22.304876976862502
2026-06-17 16:00:00,675.7723,533.4353427508111,317.70075329668333,801.2132722049388,20.776959454127716
2026-06-17 17:00:00,675.7723,616.5547723558868,415.8620293690698,936.7446453427038,-15.253727013182953
2026-06-17 18:00:00,680.7723,1010.1298559917652,650.3059697948653,1627.0317221886653,36.41860619690001
2026-06-17 19:00:00,1258.7723,1246.2914765682915,520.0344328415313,2077.347020295052,121.81594372676034
2026-06-17 20:00:00,675.7723,1118.6156018547877,576.2776957214619,1836.7347079881133,21.739906133325782
2026-06-17 21:00:00,511.7723,825.089240919217,586.5365831606995,1299.6005786777343,5.086397758517538
2026-06-17 22:00:00,510.7723,466.98604068719015,379.7728991301191,738.472962244261,27.088111557071045
2026-06-17 23:00:00,510.7713,391.9773879936613,301.0909722847361,551.7203537025863,26.233165708925114
2026-06-18 00:00:00,341.70205,297.27077944215864,106.80009294466677,448.3644159396505,61.29313649749187
2026-06-18 01:00:00,341.70205,341.5914292846692,247.62347586562987,413.30568270370856,-28.997236580960667
2026-06-18 02:00:00,341.70205,341.70145097020566,256.25223304264915,394.63882889776215,-21.715332072443495
2026-06-18 03:00:00,341.70205,341.75335250077364,278.67704758095954,400.4071474205877,-23.898435080185905
2026-06-18 04:00:00,341.70205,341.857556523712,274.1454281149252,395.98063493249873,-23.491031591213208
2026-06-18 05:00:00,341.70205,345.2230539663176,216.1053461692164,422.29039176341877,12.828857797101168
2026-06-18 06:00:00,341.70205,328.60624531615485,219.8764175317629,417.7269831005468,23.55980778439197
2026-06-18 07:00:00,341.70205,318.9553755574414,231.59910412317063,439.1071669917122,32.24901143427079
2026-06-18 08:00:00,341.70205,306.7957245585024,228.32422952447803,415.12219959252667,27.936155034024367
2026-06-18 09:00:00,341.70205,280.81236736782546,145.9399507803021,354.36700395534876,24.283916587523358
2026-06-18 10:00:00,341.70205,297.66631300277976,174.99573864610497,404.9245573594545,42.02979435667484
2026-06-18 11:00:00,341.70205,313.99161670883944,180.04169321775248,457.89655019992637,38.62535349108696
2026-06-18 12:00:00,341.70205,320.5916742097193,155.1507178770409,425.12195054239777,33.88583633267841
2026-06-18 13:00:00,341.70205,333.19802219307473,202.9739529660229,502.0409114201265,40.85974922705183
2026-06-18 14:00:00,355.70205,413.406260333113,281.3794192286194,577.1471414376067,52.422771104493634
2026-06-18 15:00:00,436.70205,463.6168672026503,336.54954022578784,632.7730141795129,22.304876976862502
2026-06-18 16:00:00,456.70205,524.5339415568006,416.8420821026729,689.3975010109283,20.776959454127716
2026-06-18 17:00:00,456.70205,591.3556700241501,470.75449703733307,760.1483030109671,-15.253727013182953
2026-06-18 18:00:00,676.70205,807.1273213639903,652.9077460830305,1054.37254664495,10.557375280959825
2026-06-18 19:00:00,1254.70205,1001.6707722454778,681.3293285187174,1335.4953159722381,121.81594372676034
2026-06-18 20:00:00,671.70205,828.9482386009917,623.2795596922825,1070.3002075097006,17.261758908709076
2026-06-18 21:00:00,456.70205,599.6106821676769,451.8995809633053,799.9757133720486,11.622531204371626
2026-06-18 22:00:00,426.70205,470.7736486677882,319.63083711071727,648.5672002248593,27.088111557071045
2026-06-18 23:00:00,341.70205,423.2120934371862,305.50382074605585,552.5704561283167,17.00750269113039
2026-06-19 00:00:00,304.76006,330.0040754118092,189.4209589143173,513.8031019093011,61.29313649749187
2026-06-19 01:00:00,423.76006,304.73753525667007,227.70163183763074,395.62841867570944,-28.997236580960667
2026-06-19 02:00:00,423.76006,304.6632558061499,234.4944078785934,427.01622373370645,-21.715332072443495
2026-06-19 03:00:00,339.76006,304.85660253428455,238.87959761447047,402.42530745409863,-23.898435080185905
2026-06-19 04:00:00,423.76006,305.11910010443347,210.31846169564668,393.16361851322023,-23.491031591213208
2026-06-19 05:00:00,431.76006,306.21650051204085,183.4849227149397,422.8792783091421,12.828857797101168
2026-06-19 06:00:00,431.76006,322.642046820038,214.27193903564603,456.1951846044299,23.55980778439197
2026-06-19 07:00:00,431.76006,316.88743855533755,215.14706712106678,450.3429899896083,32.24901143427079
2026-06-19 08:00:00,304.76006,307.0409510540981,234.42360602007375,445.18532608812245,27.936155034024367
2026-06-19 09:00:00,304.76006,295.3040980721725,193.09001148464912,408.18044465969587,24.283916587523358
2026-06-19 10:00:00,304.76006,300.46114012865706,184.94586577198228,433.86793448533183,42.02979435667484
2026-06-19 11:00:00,339.76006,310.0808021337969,203.47324864270996,481.6702556248839,38.62535349108696
2026-06-19 12:00:00,339.76006,326.42772065032005,178.65968431764162,474.5336769829985,33.88583633267841
2026-06-19 13:00:00,431.76006,334.1070228058658,194.20207357881392,515.7075520329176,40.85974922705183
2026-06-19 14:00:00,431.76006,370.7201358178659,210.30122471337228,584.4172469223595,52.422771104493634
2026-06-19 15:00:00,668.76006,429.2800312743221,253.09942429745962,607.0661682511845,22.304876976862502
2026-06-19 16:00:00,668.76006,446.2661726322484,252.7714131781207,584.9308820863761,20.776959454127716
2026-06-19 17:00:00,670.76006,485.61072694132207,335.66740395450495,662.0767299281392,-15.253727013182953
2026-06-19 18:00:00,673.76006,689.2774413158338,481.470066034874,1011.2032665967937,10.557375280959825
2026-06-19 19:00:00,1252.76006,884.5188068306923,450.29151310393195,1330.0374505574528,121.81594372676034
2026-06-19 20:00:00,673.76006,719.9266884290874,446.5670295203784,1088.0404473377966,17.261758908709076
2026-06-19 21:00:00,670.76006,513.9674666699798,318.32520546560806,722.3381978743514,11.622531204371626
2026-06-19 22:00:00,670.76006,420.8127263874719,258.1430148304009,572.1643379445429,27.088111557071045
2026-06-19 23:00:00,431.76006,377.107343758217,219.58557106708665,505.52507644934747,17.00750269113039
2026-06-20 00:00:00,452.51934,320.9524275424354,197.20699104494352,409.5847740399273,61.29313649749187
2026-06-20 01:00:00,352.51934,452.2499309332418,405.6441262865775,469.21666557990613,-27.7121053533357
2026-06-20 02:00:00,452.51934,451.98510036942,387.7825324418636,486.15627829697644,-21.715332072443495
2026-06-20 03:00:00,452.51934,451.5292784673773,410.3434435475632,495.53720338719154,-23.898435080185905
2026-06-20 04:00:00,452.51934,451.41033013837415,392.6871686949714,489.55305158177686,-20.21921855659724
2026-06-20 05:00:00,452.51934,453.04777553006414,338.322589102035,528.8561419580933,15.219046428029095
2026-06-20 06:00:00,352.51934,385.567859285628,269.874901501236,475.00891707002,23.55980778439197
2026-06-20 07:00:00,352.51934,381.690866714517,263.83653528024627,476.4896881487878,32.24901143427079
2026-06-20 08:00:00,352.51934,382.2440531595833,260.735858125559,451.5284281936077,27.936155034024367
2026-06-20 09:00:00,352.51934,377.6567513191971,256.9307247316737,430.23288790672046,24.283916587523358
2026-06-20 10:00:00,352.51934,374.83297333853966,249.23615898186475,462.2898276952145,42.02979435667484
2026-06-20 11:00:00,352.51934,394.0070481299838,261.13943463889683,470.76690162107076,38.62535349108696
2026-06-20 12:00:00,352.51934,391.46172237327886,274.83375604060046,445.0688087059573,33.88583633267841
2026-06-20 13:00:00,352.51934,413.8686565293453,293.64485730229336,469.96247575639717,40.85974922705183
2026-06-20 14:00:00,352.51934,419.8272801190887,337.0395290145951,516.2447712235822,52.422771104493634
2026-06-20 15:00:00,452.51934,492.0381339810873,414.6835688723615,589.0051290898132,29.591165108725814
2026-06-20 16:00:00,667.51934,499.3400845177137,436.34575152579,581.0042975096375,21.89325299192377
2026-06-20 17:00:00,668.31934,533.5082239120343,483.28157605965015,651.8642917644183,-12.866402147615865
2026-06-20 18:00:00,669.51934,665.2135543943875,564.3148991134278,852.4459796753474,10.557375280959825
2026-06-20 19:00:00,669.51934,797.3081906993456,566.4824469725852,1075.7695144261058,121.81594372676034
2026-06-20 20:00:00,669.51934,632.8689145936114,555.5737656849022,810.6947635023206,17.261758908709076
2026-06-20 21:00:00,669.51934,576.2868068798215,518.3377256754499,717.3543380841932,11.622531204371626
2026-06-20 22:00:00,668.31934,527.4316867942562,436.29999869416633,638.1993948943459,31.691328100089834
2026-06-20 23:00:00,667.51934,461.95125789310566,372.34115520197525,566.370160584236,17.00750269113039
2026-06-21 00:00:00,451.97153,439.3333324350415,191.09750196995043,661.6522629001327,64.25249046509113
2026-06-21 01:00:00,351.97153,451.6559883466289,372.64067817016917,632.7195485230886,-27.116989823540266
2026-06-21 02:00:00,351.97153,451.1112422044581,383.23746427690173,595.8968301320147,-21.715332072443495
2026-06-21 03:00:00,351.97153,450.5276747810016,409.52833986118753,574.0435897008158,-23.898435080185905
2026-06-21 04:00:00,351.97153,449.8822609387569,422.0625694953542,561.1337023821595,-20.21921855659724
2026-06-21 05:00:00,351.97153,453.3869605478775,394.38965411984833,570.3536869759066,15.219046428029095
2026-06-21 06:00:00,351.97153,335.47510342801286,257.72141564362084,428.6130412124048,23.55980778439197
2026-06-21 07:00:00,336.97153,315.3515690162677,260.5034675819969,422.6636004505386,32.24901143427079
2026-06-21 08:00:00,336.97153,302.17394369202776,240.37155865800338,385.88714872605215,27.936155034024367
2026-06-21 09:00:00,301.97153,291.8402636001284,211.5610770126051,397.2740501876518,24.283916587523358
2026-06-21 10:00:00,301.97153,299.122240546257,196.26382618958218,437.9592849029318,42.02979435667484
2026-06-21 11:00:00,301.97153,309.54490046418834,188.77824697310135,481.02263395527524,38.62535349108696
2026-06-21 12:00:00,301.97153,341.6758429433554,171.50903661067696,485.8099092760338,33.88583633267841
2026-06-21 13:00:00,336.97153,351.72596258367264,221.58675335662085,536.1663518107244,40.85974922705183
2026-06-21 14:00:00,336.97153,363.4827122855166,217.46457118102302,525.2270833900103,52.422771104493634
2026-06-21 15:00:00,351.97153,419.0476368568364,287.2077317481106,593.8648619655622,29.591165108725814
2026-06-21 16:00:00,351.97153,487.5254402048268,333.10034685023743,624.5186035594162,25.649713354589387
2026-06-21 17:00:00,487.47053,521.0512205482628,411.46709021084905,625.9870708856765,-6.623049662586294
2026-06-21 18:00:00,666.97153,618.4649052066092,486.4247899256493,776.860540487569,10.557375280959825
2026-06-21 19:00:00,667.77153,662.7012029116516,402.94201918489125,931.2761766384119,121.81594372676034
2026-06-21 20:00:00,667.77153,642.0895677318204,467.58130008461245,806.9254053790281,16.568237647207855
2026-06-21 21:00:00,667.77153,603.1621229957441,447.1941217913725,752.2314842001157,11.622531204371626
2026-06-21 22:00:00,550.97153,567.4609248656128,378.9625048826149,733.7298448486108,38.760779982997924
2026-06-21 23:00:00,550.97153,527.0178567561358,350.2345503213057,727.2116631909657,31.077306434830064
2026-06-22 00:00:00,450.6114,433.3778139886555,238.99611352356436,570.6582344537466,64.25249046509113
2026-06-22 01:00:00,450.6114,450.0675359794772,350.67765723109613,522.5743547278583,-25.864761251618933
2026-06-22 02:00:00,450.6114,449.93376471094746,333.0618145142163,521.6262049076786,-21.299589803268834
2026-06-22 03:00:00,450.6114,449.7714278240945,355.4494380325971,524.2770076155919,-22.46811020850257
2026-06-22 04:00:00,451.6114,450.4722907338103,321.19676844530346,523.7436730223171,-6.446887711493166
2026-06-22 05:00:00,451.6114,449.9224579870886,312.65340012738346,544.8301458467936,18.54624785970509
2026-06-22 06:00:00,451.6114,427.574978031273,302.52798024688104,535.8270558156651,23.55980778439197
2026-06-22 07:00:00,450.6114,419.8287405661089,321.7409291318381,556.7888020003796,32.24901143427079
2026-06-22 08:00:00,450.6114,418.2050855323781,321.56275049835375,519.3192905664025,27.936155034024367
2026-06-22 09:00:00,450.6114,412.4013411521399,284.7718345646165,503.58643773966327,24.283916587523358
2026-06-22 10:00:00,451.6114,427.951679603847,311.1165852471722,542.4813839605218,42.02979435667484
2026-06-22 11:00:00,550.6114,441.604669582956,311.453186091869,569.2106230740429,38.62535349108696
2026-06-22 12:00:00,550.6114,450.5836817153617,315.5402553826833,581.4346080480401,33.88583633267841
2026-06-22 13:00:00,650.6114,474.24546009844767,343.9158008713958,615.9361493254994,40.85974922705183
2026-06-22 14:00:00,665.6114,502.1834624109509,364.7086313064573,647.2463335154446,52.422771104493634
2026-06-22 15:00:00,666.6114,534.0305194434259,393.48190433470006,680.7330145521516,29.591165108725814
2026-06-22 16:00:00,666.6114,543.6683608754765,418.3166875208873,684.635144230066,25.649713354589387
2026-06-22 17:00:00,667.6114,582.9601715599906,475.25455122257694,696.8207818974043,-6.623049662586294
2026-06-22 18:00:00,1248.6114,703.8162314620147,593.9669561810549,908.6852067429744,10.557375280959825
2026-06-22 19:00:00,1270.6114,767.2992165871874,489.73346286042704,1103.1747003139476,121.81594372676034
2026-06-22 20:00:00,1249.6114,751.2239324228133,569.2913247756054,993.8455000700211,16.568237647207855
2026-06-22 21:00:00,712.9964,667.9574611115843,551.2835299072126,868.0691323159559,11.622531204371626
2026-06-22 22:00:00,666.6114,569.9209858082198,465.4784653775102,722.8142462389294,28.45732043070967
2026-06-22 23:00:00,666.6114,532.7944888191256,429.4530623842956,649.7900452539557,31.077306434830064
2026-06-23 00:00:00,661.21518,446.549464530844,233.5349840657529,630.263994995935,64.25249046509113
2026-06-23 01:00:00,666.21518,660.1543877996193,545.4499690512382,773.2841065480003,-25.864761251618933
2026-06-23 02:00:00,666.21518,659.4152290492445,554.3029588525134,748.9481792459756,-21.299589803268834
2026-06-23 03:00:00,666.21518,658.0544914507179,595.5365516592205,732.6830012422154,-22.46811020850257
2026-06-23 04:00:00,666.21518,658.7511938611904,573.0243115726836,737.922686149697,-6.446887711493166
2026-06-23 05:00:00,666.41518,657.1151133054402,530.4666254457351,746.3817511651453,18.54624785970509
2026-06-23 06:00:00,666.21518,587.806512314602,474.91910453021,690.623920098994,23.55980778439197
2026-06-23 07:00:00,666.21518,590.0643000339018,479.65598859963103,690.6610914681726,32.24901143427079
2026-06-23 08:00:00,666.21518,588.6840717624327,439.9573267284084,649.7709667964572,27.936155034024367
2026-06-23 09:00:00,661.21518,574.5577371707908,440.66899058326743,633.8686037583141,24.283916587523358
2026-06-23 10:00:00,666.21518,586.9276443846026,450.1952500279277,679.9651787412774,42.02979435667484
2026-06-23 11:00:00,666.41518,608.3157984237622,445.93659493267523,702.3772119148491,38.62535349108696
2026-06-23 12:00:00,666.21518,611.0384831334626,468.0542468007842,661.376319466141,33.88583633267841
2026-06-23 13:00:00,667.21518,631.0372936180072,474.61067003950933,727.6241871965051,49.54734357849789
2026-06-23 14:00:00,667.21518,645.2055577934766,522.7518067624217,763.5710588245314,59.06807103105486
2026-06-23 15:00:00,667.21518,667.4160830697258,545.632767961,772.8604581784516,29.591165108725814
2026-06-23 16:00:00,668.71518,692.0269819463289,623.9962685917394,802.7119953009183,25.649713354589387
2026-06-23 17:00:00,668.71518,721.0960521554742,638.8300718180604,878.362272492888,-6.623049662586294
2026-06-23 18:00:00,672.21518,1018.9840695143056,871.9671092799131,1273.1874297486982,36.59789023439251
2026-06-23 19:00:00,711.58518,1158.4891364723392,878.0572558779572,1503.3383170667212,127.6659805943819
2026-06-23 20:00:00,672.21518,1062.2282271724391,899.8575182637301,1303.412436081148,17.261758908709076
2026-06-23 21:00:00,668.71518,791.5498434380012,663.3991122336295,968.1446746423728,11.622531204371626
2026-06-23 22:00:00,667.21518,690.8262475876214,541.1119271569119,811.9446980183311,28.45732043070967
2026-06-23 23:00:00,667.21518,676.0086186590281,487.45959464701053,791.3354626710457,38.89524401201758
2026-06-24 00:00:00,451.52262,636.6916340252507,512.410425270594,727.9249727799072,78.55940875465659
2026-06-24 01:00:00,473.52262,451.53494460204365,415.8716758536626,458.3605833504248,-25.864761251618933
2026-06-24 02:00:00,651.52262,451.60087536939017,386.3108051726591,472.3206255661214,-21.299589803268834
2026-06-24 03:00:00,651.52262,451.9048655703834,379.3491757788859,467.0934553618808,-22.46811020850257
2026-06-24 04:00:00,666.52262,452.1460875186884,347.6938052301815,487.50735980719514,-6.446887711493166
2026-06-24 05:00:00,666.52262,458.04876170580224,326.0325138460971,522.5500095655074,18.54624785970509
2026-06-24 06:00:00,666.52262,520.1422974304812,398.1021296460892,589.6335452148733,23.55980778439197
2026-06-24 07:00:00,651.52262,539.1006132564555,415.75540182218464,609.0983246907263,32.24901143427079
2026-06-24 08:00:00,666.52262,545.3953375632095,414.0424991381853,627.3241659882339,45.49211842502432
2026-06-24 09:00:00,666.52262,550.5532978530482,447.9299328765577,616.9445628295387,28.62306497649049
2026-06-24 10:00:00,666.52262,567.7971934823065,465.2013991256316,643.2710878389813,42.02979435667484
2026-06-24 11:00:00,666.72262,587.2704216193358,494.92699812824884,672.0813351104227,38.62535349108696
2026-06-24 12:00:00,666.72262,619.3082719765492,519.552740837112,694.1067131159866,39.463541139437375
2026-06-24 13:00:00,666.72262,630.583232093843,527.449028515345,715.886725672341,49.54734357849789
2026-06-24 14:00:00,671.52262,658.1384925058187,567.6902914747639,758.2827335368735,59.06807103105486
2026-06-24 15:00:00,701.52262,676.1260998783417,602.7012347696159,737.4537349870676,29.591165108725814
2026-06-24 16:00:00,701.52262,687.1476240154609,621.6029606608715,740.0716373700503,25.649713354589387
2026-06-24 17:00:00,701.52262,695.6485141391055,679.7236138016917,729.9260144765192,-6.623049662586294
2026-06-24 18:00:00,713.97062,793.6087723213294,693.8190213761256,917.8120232665331,70.02115094520371
2026-06-24 19:00:00,1271.52262,791.8027130934043,616.6841087991628,981.5704773876458,132.79530429424153
2026-06-24 20:00:00,1271.52262,765.7125632806553,698.5233754943822,848.2213910669284,23.750087786273042
2026-06-24 21:00:00,713.97062,728.2573631774711,684.0802719730995,783.0784443818428,11.622531204371626
2026-06-24 22:00:00,701.52262,697.7906614642985,632.2320810335889,778.4564718950082,28.45732043070967
2026-06-24 23:00:00,701.52262,642.0270267483098,549.5277327362923,728.5119907603274,38.89524401201758
2026-06-25 00:00:00,662.90216,474.9491847633348,193.98004277625537,666.6666767504141,91.01635198707939
2026-06-25 01:00:00,662.70216,662.8536692223305,497.8155304739496,781.3949079707116,-25.864761251618933
2026-06-25 02:00:00,662.70216,662.9146018475466,503.26378165081536,780.8986420442777,-21.299589803268834
2026-06-25 03:00:00,662.90216,663.0041875253748,526.7461396960988,785.230155354651,-19.114292170724
2026-06-25 04:00:00,662.90216,663.1954881740505,504.9683182510668,772.0153080970343,-5.578250077016309
2026-06-25 05:00:00,666.70216,667.4938571528234,503.1150638757004,777.5520004299465,21.328343277123018
2026-06-25 06:00:00,662.70216,625.080755939063,474.84720226160283,732.5829396165232,35.53604367746011
2026-06-25 07:00:00,662.70216,620.9353746980227,492.6191219793617,732.1425274166835,32.57795271866087
2026-06-25 08:00:00,652.70216,619.9989271231481,467.5532118374185,729.0006524088776,52.2050752857296
2026-06-25 09:00:00,652.70216,623.552342544806,503.5916077569269,716.9493573326853,30.484054787879106
2026-06-25 10:00:00,662.90216,636.007161551828,496.8235729166071,753.9930801870489,44.85417863522094
2026-06-25 11:00:00,662.90216,641.9990557587047,512.7178022676178,750.8019092497916,38.62535349108696
2026-06-25 12:00:00,662.90216,670.8709164351424,541.2233752957051,779.1262575745798,39.463541139437375
2026-06-25 13:00:00,663.16616,682.8034729058058,549.7519293273078,796.9492664843037,49.54734357849789
2026-06-25 14:00:00,669.70216,697.0737139468872,550.8143929158324,828.0453249779421,59.06807103105486
2026-06-25 15:00:00,677.70216,733.7624047357804,621.4281996270546,850.8041398445062,29.591165108725814
2026-06-25 16:00:00,697.70216,743.5327977552357,643.6931844006463,837.232271109825,25.649713354589387
2026-06-25 17:00:00,701.41616,764.8540985901816,705.1370182527678,866.5599689275953,-6.623049662586294
2026-06-25 18:00:00,707.70216,868.4522053270202,696.2610543818166,1157.839356272224,70.02115094520371
2026-06-25 19:00:00,1246.70216,1093.4598130253296,798.8569832187673,1466.1468628318917,146.32898980656236
2026-06-25 20:00:00,1245.70216,1028.2005481230528,850.0181740727384,1233.840922173367,39.935374050314444
2026-06-25 21:00:00,707.70216,787.0644740595098,678.2300728551382,882.1890752638815,11.622531204371626
2026-06-25 22:00:00,697.70216,741.6288635015889,611.8826430708791,823.4941839322985,28.45732043070967
2026-06-25 23:00:00,697.70216,716.6860543170662,520.1372503050486,849.0190983290837,38.89524401201758
2026-06-26 00:00:00,669.473,654.9078421720765,466.38099018499713,810.2785041591559,91.01635198707939
2026-06-26 01:00:00,669.473,669.3301599128492,583.4255015138206,727.151978311878,-27.46198160097128
2026-06-26 02:00:00,669.473,669.3237978634388,573.0022099358823,731.3808057909954,-21.715332072443495
2026-06-26 03:00:00,669.473,670.3862552871814,598.7083696536549,733.4728809207078,-23.531974366473566
2026-06-26 04:00:00,669.473,669.324186970618,576.1297346821112,731.9320992591248,-6.446887711493166
2026-06-26 05:00:00,669.473,669.1998803217252,547.4470670446022,746.6134835988483,21.328343277123018
2026-06-26 06:00:00,669.473,629.4654267248492,511.74811304738915,716.7984704023094,35.53604367746011
2026-06-26 07:00:00,669.473,623.3785881904512,522.1476354717904,709.9604009091121,32.57795271866087
2026-06-26 08:00:00,669.473,626.1038404704079,490.9719151846784,728.3715657561376,52.2050752857296
2026-06-26 09:00:00,669.473,629.6046311634478,518.2502163755687,723.579625951327,30.484054787879106
2026-06-26 10:00:00,669.473,630.123009723722,501.4058910885011,739.3858483589429,44.85417863522094
2026-06-26 11:00:00,669.473,632.3270420766543,504.0002685855673,734.9327255677412,38.62535349108696
2026-06-26 12:00:00,669.473,654.3467584751961,519.2521173357587,771.3117996146334,39.463541139437375
2026-06-26 13:00:00,669.473,662.1829281533512,521.9755445748533,776.9572017318492,49.54734357849789
2026-06-26 14:00:00,691.334,674.141739700116,521.8454586690611,785.4657307311709,59.06807103105486
2026-06-26 15:00:00,695.473,688.905556949306,573.8895818405801,798.3720820580318,29.591165108725814
2026-06-26 16:00:00,697.473,697.7021509083115,598.2762975537222,791.821624262901,25.649713354589387
2026-06-26 17:00:00,707.473,711.9742182225918,637.2920508164717,786.184375628712,-5.897892593879858
2026-06-26 18:00:00,712.473,819.6928819337452,656.3702809885415,1012.7176328789487,70.02115094520371
2026-06-26 19:00:00,1246.473,1053.6037214200487,804.3958616134863,1341.174571226611,146.32898980656236
2026-06-26 20:00:00,712.473,1009.1955333714548,865.3790758333379,1170.6252309095717,43.51792753811698
2026-06-26 21:00:00,712.473,772.4145130138488,692.6933818094772,872.3230442182203,11.622531204371626
2026-06-26 22:00:00,707.473,733.0827149743502,636.9665545436405,842.78268540506,28.45732043070967
2026-06-26 23:00:00,697.473,712.3378294494541,563.2013554374366,838.7749734614716,38.89524401201758
2026-06-27 00:00:00,709.58972,658.1414374557951,455.62794546871567,816.6344194428743,91.01635198707939
2026-06-27 01:00:00,697.58972,708.9104591811351,625.1502607821064,777.1980775801637,-27.46198160097128
2026-06-27 02:00:00,697.58972,708.5303264511344,608.208238523578,784.2808943786908,-21.715332072443495
2026-06-27 03:00:00,693.58972,708.0521252132492,619.7204395797228,785.1982908467755,-23.531974366473566
2026-06-27 04:00:00,693.58972,707.7112880800855,598.3526057915788,794.3106403685922,-6.446887711493166
2026-06-27 05:00:00,693.58972,706.2879720811411,568.437938804018,809.929455358264,21.328343277123018
2026-06-27 06:00:00,693.58972,611.7494021126303,456.95258843517007,710.5549757900903,35.53604367746011
2026-06-27 07:00:00,687.58972,606.0729061688669,469.86332345020605,713.5748888875277,32.57795271866087
2026-06-27 08:00:00,687.58972,600.533743392971,443.3587181072414,721.1805486787006,52.2050752857296
2026-06-27 09:00:00,682.58972,591.5114642724521,451.207649484573,682.6625190603313,30.484054787879106
2026-06-27 10:00:00,687.58972,602.8331086424811,466.07328000726017,726.016637277702,44.85417863522094
2026-06-27 11:00:00,691.20372,609.995785510995,479.304522019908,721.9852790020818,38.62535349108696
2026-06-27 12:00:00,691.20372,644.7455406470938,505.7627395076565,744.403421786531,39.463541139437375
2026-06-27 13:00:00,691.20372,638.036345540663,515.2665019621651,753.5201891191609,49.54734357849789
2026-06-27 14:00:00,692.58972,646.0950831156508,510.133012084596,763.1961541467055,59.06807103105486
2026-06-27 15:00:00,693.58972,659.2163307734844,568.8248056647585,765.16793588221,29.591165108725814
2026-06-27 16:00:00,697.58972,675.3581089172816,597.4463955626924,771.337122271871,25.649713354589387
2026-06-27 17:00:00,709.58972,703.1018518287815,636.2242444226614,771.3687592349016,-5.897892593879858
2026-06-27 18:00:00,712.58972,759.4251686138479,604.0244676686443,960.5962495590516,70.02115094520371
2026-06-27 19:00:00,712.58972,881.2547211383586,636.6978168441173,1152.6334854326,132.79530429424153
2026-06-27 20:00:00,712.58972,808.8193779193665,652.0020103576261,977.6489454811068,53.28696756174047
2026-06-27 21:00:00,712.58972,771.8612027589046,680.0603715545332,859.5904839632761,11.622531204371626
2026-06-27 22:00:00,712.58972,747.0783096579205,642.5213292272108,846.5768700886301,28.45732043070967
2026-06-27 23:00:00,709.58972,726.7739900058043,598.7218259937868,840.9731740178217,38.89524401201758
2026-06-28 00:00:00,727.38783,702.6285213719865,569.3115601533002,804.9342525906727,87.76966121868628
2026-06-28 01:00:00,717.38783,727.1395638606689,695.9805604416296,737.0902772797082,-28.997236580960667
2026-06-28 02:00:00,717.38783,726.9903853604069,675.7535386478307,734.1563120729829,-24.387213287423993
2026-06-28 03:00:00,717.38783,726.5095175815466,675.9761819480201,735.810613215073,-23.531974366473566
2026-06-28 04:00:00,717.38783,726.2845189910075,647.5321267025007,753.3868012795143,-6.446887711493166
2026-06-28 05:00:00,706.38783,724.3931071271315,605.1939092674264,764.4647449868366,18.54624785970509
2026-06-28 06:00:00,692.38783,660.5941996901502,548.15465601269,720.9092733676104,35.53604367746011
2026-06-28 07:00:00,690.97283,657.2901102670093,544.4835775483483,713.8813229856701,32.57795271866087
2026-06-28 08:00:00,682.38783,651.2692842342934,520.5674658092692,705.5648626593177,45.49211842502432
2026-06-28 09:00:00,682.38783,650.1251436894457,544.4843651350695,680.2035622438219,30.078418554376228
2026-06-28 10:00:00,682.38783,650.7077337040685,546.2952493473936,692.7375280607433,42.02979435667484
2026-06-28 11:00:00,682.38783,654.2682679245358,568.1299163994155,688.0109294496561,33.74266152512035
2026-06-28 12:00:00,692.38783,673.8155800622892,590.4215880025108,706.9625721220676,33.14699205977847
2026-06-28 13:00:00,692.38783,666.9442245498645,583.6351609713666,724.9295081283625,49.54734357849789
2026-06-28 14:00:00,692.38783,665.5805987238176,589.6878276927628,730.7270397548724,59.06807103105486
2026-06-28 15:00:00,692.38783,668.2033565722694,623.7128514635436,702.5355216809952,29.591165108725814
2026-06-28 16:00:00,706.38783,675.0207347076223,649.3710213530329,713.7257880622117,25.649713354589387
2026-06-28 17:00:00,727.38783,699.2145568389345,696.5821794328143,729.1699342450546,-5.897892593879858
2026-06-28 18:00:00,750.03883,754.7328447702737,662.2757240606977,862.5797054798495,60.47819070957583
2026-06-28 19:00:00,802.38783,763.8877206600812,618.4773900656993,935.3433512544632,127.6659805943819
2026-06-28 20:00:00,802.38783,757.9425444419072,703.6835768801668,849.0770120036476,53.28696756174047
2026-06-28 21:00:00,802.38783,747.8048883870598,730.5589071826882,802.5767195914315,11.622531204371626
2026-06-28 22:00:00,750.03883,746.4586206836702,704.8139902529606,811.17138111438,28.45732043070967
2026-06-28 23:00:00,750.03883,736.58863461705,662.8112606050325,808.8452086290677,38.89524401201758
2026-06-29 00:00:00,747.35582,724.5591404368176,564.5750592181314,837.0338416555039,87.76966121868628
2026-06-29 01:00:00,747.35582,747.0801937253905,673.5231345046318,762.5870929461491,-31.435120779241345
2026-06-29 02:00:00,747.35582,747.1170840367948,647.8954217465005,778.225566327089,-26.11097770970571
2026-06-29 03:00:00,747.35582,746.9952581753265,633.9752725418001,784.5119238088529,-23.531974366473566
2026-06-29 04:00:00,747.35582,747.0872959691063,605.2066836805996,799.373948257613,-6.446887711493166
2026-06-29 05:00:00,747.35582,745.3984045533356,576.6609066936305,818.4576524130407,18.54624785970509
2026-06-29 06:00:00,706.35582,693.890579746926,523.9864960694659,772.5209234243862,35.53604367746011
2026-06-29 07:00:00,705.35582,685.7693373832933,530.3670246646325,764.8289601019542,32.57795271866087
2026-06-29 08:00:00,705.35582,680.7891066053155,524.1032281802912,756.1829050303398,45.49211842502432
2026-06-29 09:00:00,705.35582,681.0512022069609,562.0489675391951,744.1181868747267,30.750684667765714
2026-06-29 10:00:00,705.35582,685.4758465786874,575.8966122220125,746.5183409353623,42.02979435667484
2026-06-29 11:00:00,709.35582,687.1678216886817,601.7697601635614,736.146083213802,33.74266152512035
2026-06-29 12:00:00,709.35582,703.8497088644873,622.6671668047089,763.2645909242658,33.14699205977847
2026-06-29 13:00:00,709.35582,706.8541711084126,615.8654875299147,784.1080646869106,49.54734357849789
2026-06-29 14:00:00,709.35582,706.4014711805241,623.9208701494694,796.576612211579,59.06807103105486
2026-06-29 15:00:00,727.35582,718.8379051470912,662.4296700383653,795.069390255817,29.591165108725814
2026-06-29 16:00:00,747.35582,731.8868464312551,680.4981330766657,800.8491997858445,25.649713354589387
2026-06-29 17:00:00,767.35582,752.2369801656675,725.1531227595475,796.0606375717878,-5.897892593879858
2026-06-29 18:00:00,777.35582,830.1612294569914,733.4185387474155,965.3888801665673,60.47819070957583
2026-06-29 19:00:00,811.30782,861.1408253351362,695.2484447407543,1050.1800059295183,127.6659805943819
2026-06-29 20:00:00,811.30782,852.6555643083947,762.1801267466543,958.2682818701351,53.28696756174047
2026-06-29 21:00:00,811.30782,826.1185401828185,795.1449320996272,884.4670582660098,12.228568083191231
2026-06-29 22:00:00,777.35582,791.0039323125545,737.0690953494192,867.7205392756898,25.234336963135302
2026-06-29 23:00:00,767.35582,778.9494386119657,682.5334321771356,858.6742450467957,31.077306434830064
2026-06-30 00:00:00,792.29531,746.5857121093072,563.9972008906209,862.5751733279935,87.76966121868628
2026-06-30 01:00:00,792.29531,791.9924273148116,690.7435180940529,820.3001565355703,-31.435120779241345
2026-06-30 02:00:00,797.29531,791.8750349585596,676.9223126682654,832.404917248854,-26.11097770970571
2026-06-30 03:00:00,784.67031,791.7484526347182,688.4961270011918,837.1505382682445,-23.531974366473566
2026-06-30 04:00:00,792.29531,791.9631547941483,670.2182425056415,851.9631670826551,-6.446887711493166
2026-06-30 05:00:00,792.29531,790.5584596451962,656.2502432171672,849.4201360732252,15.219046428029095
2026-06-30 06:00:00,792.29531,726.2972789751308,599.7235313643392,777.0316865859224,22.17084761079156
2026-06-30 07:00:00,706.29531,727.7008643088863,614.0789115902253,798.1033170275471,32.57795271866087
2026-06-30 08:00:00,706.29531,730.3637578847579,607.4488494597337,811.2527363097822,45.49211842502432
2026-06-30 09:00:00,706.29531,736.5070280264298,642.879443358664,813.8540726941956,30.750684667765714
2026-06-30 10:00:00,792.29531,741.1146462419423,645.9564118852674,837.5776005986171,42.02979435667484
2026-06-30 11:00:00,802.29531,748.0637963393635,673.0088848142432,840.1286078644838,33.74266152512035
2026-06-30 12:00:00,802.29531,761.4287088954803,674.5481468357019,852.8127009552587,33.14699205977847
2026-06-30 13:00:00,802.29531,765.7841256314583,667.1492820529604,864.6063292099562,49.54734357849789
2026-06-30 14:00:00,817.29531,767.4232044129743,651.0247933819194,871.0639754440291,59.06807103105486
2026-06-30 15:00:00,827.29531,777.0271893884861,683.3023542797604,872.769044497212,29.591165108725814
2026-06-30 16:00:00,847.29531,787.0834381804625,699.2714248258732,879.020651535052,25.649713354589387
2026-06-30 17:00:00,847.29531,796.5243670807941,749.203999674674,872.3524344869144,-5.897892593879858
2026-06-30 18:00:00,897.79531,840.1044745562784,724.3834838467026,1002.6899152658544,60.47819070957583
2026-06-30 19:00:00,911.29531,867.8178710808605,678.6620504864786,1097.6077516752425,127.6659805943819
2026-06-30 20:00:00,911.29531,868.0396584680707,759.8006609299538,1014.6000660061877,43.51792753811698
2026-06-30 21:00:00,847.29531,850.1093015180619,795.3120334348707,934.8195696012533,12.228568083191231
2026-06-30 22:00:00,847.29531,822.3897827792069,742.2233058160716,896.8919397423423,25.234336963135302
2026-06-30 23:00:00,827.29531,808.2949781610314,687.0891017262013,903.0176845958615,31.077306434830064
2026-07-01 00:00:00,812.1992,778.1654665501928,559.4150953315066,922.0985777688791,87.76966121868628
2026-07-01 01:00:00,812.1992,812.0206518380483,684.9698334617003,873.2032702143962,-32.34358162365213
2026-07-01 02:00:00,812.1992,812.0068467504939,688.4995713213182,906.4235721796697,-26.740274570824283
2026-07-01 03:00:00,812.1992,811.9558851022673,703.4072992365979,907.9814709679367,-26.549714134330536
2026-07-01 04:00:00,812.1992,812.1064210931037,696.727079649701,891.2379425365064,-20.21921855659724
2026-07-01 05:00:00,812.1992,811.6076110152546,656.6362645872256,904.9994574432837,15.219046428029095
2026-07-01 06:00:00,792.1992,765.3872071778623,603.724758338113,867.2265760176116,37.576188839749356
2026-07-01 07:00:00,792.1992,760.7413816752146,637.0549789565537,865.4245643938755,32.57795271866087
2026-07-01 08:00:00,787.1992,763.3619132051766,611.5449347801524,868.373771630201,45.49211842502432
2026-07-01 09:00:00,787.1992,772.1730405560459,652.2749958882802,871.6451252238116,30.750684667765714
2026-07-01 10:00:00,792.1992,781.500068446082,653.5154740894071,897.0825628027568,42.02979435667484
2026-07-01 11:00:00,812.1992,788.9533617107294,680.393990185609,883.6211532358496,33.74266152512035
2026-07-01 12:00:00,792.1992,813.6912397841712,695.4373477243927,910.0525318439496,33.14699205977847
2026-07-01 13:00:00,792.1992,818.7938301072093,688.4066365287113,936.5046736857073,49.54734357849789
2026-07-01 14:00:00,792.1992,827.1042646856869,681.136693654632,945.5586357167418,59.06807103105486
2026-07-01 15:00:00,812.1992,842.567135068813,718.7133699600871,939.1640401775387,29.591165108725814
2026-07-01 16:00:00,812.1992,851.6150807151936,753.7463673606043,951.2359940697829,25.649713354589387
2026-07-01 17:00:00,892.6992,854.8419476122772,787.113140206157,928.9213550183974,-5.897892593879858
2026-07-01 18:00:00,906.1992,919.2531358237436,778.1622451141677,1080.1142265333194,60.47819070957583
2026-07-01 19:00:00,892.6992,948.0901125873992,738.6865288606388,1172.6991563141596,121.81594372676034
2026-07-01 20:00:00,906.1992,935.7825750479916,805.1700475098746,1074.1109325861087,43.51792753811698
2026-07-01 21:00:00,892.6992,894.2069227715904,817.0748046883991,969.6173308547816,12.228568083191231
2026-07-01 22:00:00,812.1992,873.0468234120931,756.3942864489577,938.8108103752284,25.234336963135302
2026-07-01 23:00:00,812.1992,854.505132626799,712.068026191969,957.312599061629,31.077306434830064
2026-07-02 00:00:00,792.59321,808.8674162474557,644.0077850287694,925.456347466142,87.76966121868628
2026-07-02 01:00:00,792.59321,792.4402101535198,725.2154850183559,819.9025552886836,-33.1103148648361
2026-07-02 02:00:00,782.59321,792.4261499277145,720.3286913201126,839.9235085353165,-30.474341392398014
2026-07-02 03:00:00,782.59321,792.3382665948105,725.1697877223811,839.61429546724,-31.927671127570573
2026-07-02 04:00:00,782.59321,792.4835304621319,714.6624051517961,838.0848257724675,-27.157504689664254
2026-07-02 05:00:00,782.59321,792.4816187827379,667.8841223547089,868.472765210767,15.219046428029095
2026-07-02 06:00:00,782.59321,753.6795426271382,612.9217737873888,845.1809814668874,37.576188839749356
2026-07-02 07:00:00,782.59321,753.9733250657354,640.4787723470745,846.5196777843962,32.57795271866087
2026-07-02 08:00:00,774.46621,750.7682809243297,615.1692624993054,849.354999349354,45.49211842502432
2026-07-02 09:00:00,782.59321,754.7249891963914,647.6894306420153,844.0508677507677,30.078418554376228
2026-07-02 10:00:00,782.59321,759.2654651883448,647.91027083167,866.0304195450198,42.02979435667484
2026-07-02 11:00:00,782.59321,761.7284884383411,664.4133969132208,850.8402999634613,33.74266152512035
2026-07-02 12:00:00,782.59321,782.8320594168331,679.6910273570546,875.3716114766115,33.14699205977847
2026-07-02 13:00:00,782.59321,786.3063567550346,669.2687131765367,893.8616403335326,49.54734357849789
2026-07-02 14:00:00,792.59321,791.353445184529,662.5645741534743,899.505876215584,59.06807103105486
2026-07-02 15:00:00,792.59321,805.9382753367463,709.1512702280205,898.8518404454721,29.591165108725814
2026-07-02 16:00:00,892.59321,807.7345594600538,718.6594961054644,896.9899328146432,25.649713354589387
2026-07-02 17:00:00,892.59321,826.7443288350644,773.6059714289443,893.9385362411845,-5.897892593879858
2026-07-02 18:00:00,892.59321,876.7588280987939,749.048237389218,1024.3335188083697,60.47819070957583
2026-07-02 19:00:00,893.09321,893.3155097388474,701.547966012087,1109.345053465608,121.81594372676034
2026-07-02 20:00:00,893.09321,880.7203111897489,767.563343651632,1015.2252387278659,43.51792753811698
2026-07-02 21:00:00,892.59321,865.6589094133326,801.9579913301413,952.6313674965238,12.228568083191231
2026-07-02 22:00:00,892.59321,833.7174422214058,737.9468652582705,918.8264291845411,25.234336963135302
2026-07-02 23:00:00,792.59321,820.6940948517386,703.1044884169085,927.8848012865687,31.077306434830064
2026-07-03 00:00:00,792.40976,796.1382470962703,650.527935877584,899.6101083149565,87.76966121868628
2026-07-03 01:00:00,761.05376,792.2272409313689,749.3099882964157,797.905523566322,-35.035747365046866
2026-07-03 02:00:00,752.40976,792.1355362663403,736.881285171594,799.3144473610866,-35.517218905253685
2026-07-03 03:00:00,752.40976,791.9479958123202,732.5455289895401,805.6646726351001,-34.701353177220014
2026-07-03 04:00:00,752.40976,791.944822191525,724.2902038563747,817.9982305266752,-31.304361664849704
2026-07-03 05:00:00,761.05376,791.0380849591061,675.6205385310769,852.9353313871351,15.219046428029095
2026-07-03 06:00:00,792.40976,726.715042085323,594.5121932455738,804.9166309250724,37.576188839749356
2026-07-03 07:00:00,752.40976,725.1748959172359,616.469443198575,808.1159486358968,32.57795271866087
2026-07-03 08:00:00,752.40976,723.9182799252002,600.3048615001759,814.0676383502245,45.49211842502432
2026-07-03 09:00:00,752.40976,728.1161601552012,632.095181600825,803.7269387095773,30.078418554376228
2026-07-03 10:00:00,752.40976,731.7432120151764,634.8674076585015,822.0432063718513,42.02979435667484
2026-07-03 11:00:00,792.40976,736.4267277335695,647.2811162084491,814.3761192586898,33.74266152512035
2026-07-03 12:00:00,752.40976,761.5397894983935,672.381547438615,840.7751815581719,33.14699205977847
2026-07-03 13:00:00,752.40976,764.8331133137705,666.0376297352726,858.3816168922683,49.54734357849789
2026-07-03 14:00:00,792.40976,774.8031635944395,667.3895925633847,873.8364346254942,59.06807103105486
2026-07-03 15:00:00,877.40976,783.3042188695207,703.9375037607948,858.3942839782463,29.591165108725814
2026-07-03 16:00:00,877.40976,811.419672644242,737.8588192896527,887.4631859988315,25.649713354589387
2026-07-03 17:00:00,877.40976,818.6400941752368,778.5769367691166,872.7275515813569,-5.897892593879858
2026-07-03 18:00:00,882.40976,873.3767942015319,761.572703491956,1003.4718849111077,60.47819070957583
2026-07-03 19:00:00,892.90976,876.2474308346463,711.3308871078859,1067.5138745614067,121.81594372676034
2026-07-03 20:00:00,892.90976,866.72458264197,779.6864151038529,971.0030101800868,43.51792753811698
2026-07-03 21:00:00,877.40976,865.6107756879222,810.347757604731,934.0282837711135,12.228568083191231
2026-07-03 22:00:00,822.40976,845.6144501758981,762.3842032127627,925.7256471390334,25.234336963135302
2026-07-03 23:00:00,822.40976,811.3045401214354,701.6598536866054,907.7369565562653,31.077306434830064
2026-07-04 00:00:00,754.09592,795.9534088029933,642.9866475843071,892.2943000216796,87.76966121868628
2026-07-04 01:00:00,752.33192,753.9026150295857,700.9810781855415,750.9240518736299,-36.95053315595582
2026-07-04 02:00:00,747.33192,753.7246923161267,684.5173603024139,768.0747243298396,-36.89816798628718
2026-07-04 03:00:00,747.33192,753.4769415264662,680.3897274388776,782.5515556140549,-38.17318591241136
2026-07-04 04:00:00,747.33192,753.4747768862982,665.2723393082763,795.5371544643201,-34.232822421978035
2026-07-04 05:00:00,747.33192,753.5324599739934,604.0295735459644,831.3946764020225,15.219046428029095
2026-07-04 06:00:00,747.33192,663.0198493914415,486.57890055169224,758.7285982311909,37.576188839749356
2026-07-04 07:00:00,742.33192,660.3258943685934,506.00959164993253,760.3287070872542,32.57795271866087
2026-07-04 08:00:00,742.33192,660.3949073717929,494.45502894676855,769.7523257968172,45.49211842502432
2026-07-04 09:00:00,742.33192,666.820090744208,528.3574021898318,748.8123292985841,30.078418554376228
2026-07-04 10:00:00,742.33192,672.7142460465466,540.1852516898717,768.5510404032215,42.02979435667484
2026-07-04 11:00:00,742.33192,682.3136454611272,570.5584539360069,767.8936769862474,33.74266152512035
2026-07-04 12:00:00,742.33192,713.349749089686,600.4999170299076,793.4433311494645,33.14699205977847
2026-07-04 13:00:00,742.33192,719.9169251869113,605.0027516084134,814.7906087654093,49.54734357849789
2026-07-04 14:00:00,742.33192,738.5183127494295,616.3736817183747,833.6108237804843,59.06807103105486
2026-07-04 15:00:00,747.33192,767.810542437244,651.4746394402567,865.0000954342311,50.56565299698722
2026-07-04 16:00:00,752.33192,779.6603170690541,695.4671037144648,856.4592304236435,25.649713354589387
2026-07-04 17:00:00,792.33192,795.5998817938114,734.7718581079115,843.6956854797114,-2.667036314100078
2026-07-04 18:00:00,802.33192,849.4300957246726,741.8854896856333,958.022361763712,51.46647603903933
2026-07-04 19:00:00,892.83192,860.9285431123892,689.1487393856288,1042.3191268391497,121.81594372676034
2026-07-04 20:00:00,892.83192,860.7002075177408,765.5944334674264,956.2782815680553,39.935374050314444
2026-07-04 21:00:00,802.33192,853.790219767724,785.8659150336035,915.1191545018447,10.827604734120557
2026-07-04 22:00:00,792.33192,815.5667787024192,730.8072912428498,868.0975661619887,12.920787459569402
2026-07-04 23:00:00,792.33192,783.7473147616379,664.2959583268077,871.3186711964679,31.077306434830064
2026-07-05 00:00:00,744.81769,758.0349883138208,560.1753770951345,876.601049532507,87.76966121868628
2026-07-05 01:00:00,744.81769,744.6214994611578,639.4942321758579,762.8878167464577,-36.97043271470009
2026-07-05 02:00:00,742.31769,744.4109494083225,620.4759877306001,780.4803910860448,-37.44249832227756
2026-07-05 03:00:00,742.31769,743.8985423783872,604.1221872945489,805.8029174622254,-38.63041491616167
2026-07-05 04:00:00,744.81769,743.9366793898997,573.1991344464195,827.56559433338,-35.36295505651977
2026-07-05 05:00:00,744.81769,743.9962322296839,511.88201580165475,860.7869986577128,15.219046428029095
2026-07-05 06:00:00,737.81769,659.4390452998119,397.79890646006265,801.4962941395612,37.576188839749356
2026-07-05 07:00:00,701.81769,654.9854040365318,406.05653131787096,798.9468167551927,32.57795271866087
2026-07-05 08:00:00,332.81769,654.3283559737923,393.733087548768,808.6351643988166,45.49211842502432
2026-07-05 09:00:00,332.81769,649.0173376206484,429.55385906627214,778.2443961750246,30.078418554376228
2026-07-05 10:00:00,332.81769,653.1971097518202,444.0695753951454,788.095804108495,42.02979435667484
2026-07-05 11:00:00,332.81769,658.9057704830308,481.1297589579104,783.503702008151,33.74266152512035
2026-07-05 12:00:00,692.81769,684.8593843055655,511.338092245787,784.2790363653439,33.14699205977847
2026-07-05 13:00:00,701.81769,686.7033732796432,529.5777697011453,806.700956858141,49.54734357849789
2026-07-05 14:00:00,737.81769,690.0526618595312,534.1115908284764,798.7951828905859,59.06807103105486
2026-07-05 15:00:00,737.81769,696.2100159557596,550.1129629587725,809.7799689527468,50.56565299698722
2026-07-05 16:00:00,742.31769,706.5507008981343,592.2125875435449,791.4308142527236,25.649713354589387
2026-07-05 17:00:00,755.31769,731.0830471678889,640.9140834819891,788.6284208537888,-2.667036314100078
2026-07-05 18:00:00,798.31769,799.360778055537,679.8145920164978,926.0570540945763,51.46647603903933
2026-07-05 19:00:00,872.81769,835.5705057260654,645.4480525608686,1016.9228388912621,118.24719316519678
2026-07-05 20:00:00,872.81769,833.1405229892065,711.6342089388922,938.735997039521,39.935374050314444
2026-07-05 21:00:00,798.31769,804.1647223432527,714.1210176091322,864.5667870773732,10.827604734120557
2026-07-05 22:00:00,798.31769,791.3866186494787,675.2621711899094,849.2987561090481,12.920787459569402
2026-07-05 23:00:00,755.31769,768.8168293748644,618.9521229400343,874.7538358096942,31.077306434830064
2026-07-06 00:00:00,742.51853,747.2633250936694,584.4828638749832,861.3499863123557,87.76966121868628
2026-07-06 01:00:00,742.51853,742.350678488277,651.9181782539636,738.3928787225905,-37.31649976568651
2026-07-06 02:00:00,702.22553,742.2266354143248,637.5945597205083,753.4594811081414,-37.69992430618345
2026-07-06 03:00:00,702.22553,741.7297809617957,612.2883445421589,769.3952173814325,-40.47006358036321
2026-07-06 04:00:00,702.22553,741.7691952279043,588.6227711387891,811.0844993170197,-35.861085910884775
2026-07-06 05:00:00,744.22553,741.3374204428272,502.4180440147981,848.5313668708563,15.219046428029095
2026-07-06 06:00:00,742.51853,639.3078030837254,390.82911424397605,776.2136319234747,37.576188839749356
2026-07-06 07:00:00,702.22553,638.8390961797556,408.17505346109476,788.5277088984166,32.57795271866087
2026-07-06 08:00:00,701.22553,628.3748275136943,394.88675222796473,792.1543027994238,52.2050752857296
2026-07-06 09:00:00,701.22553,633.464706886169,449.07892221840325,771.4396915539347,30.750684667765714
2026-07-06 10:00:00,702.22553,639.9218969866644,478.0324383514434,803.1792456218852,44.85417863522094
2026-07-06 11:00:00,744.22553,666.5070376228165,504.8997841317295,778.5082411139034,38.62535349108696
2026-07-06 12:00:00,742.51853,722.4401623077048,579.7740702479263,825.5281243674832,33.14699205977847
2026-07-06 13:00:00,744.22553,740.523713195745,595.7324696172471,849.141156774243,49.54734357849789
2026-07-06 14:00:00,747.72553,766.5505874093083,638.5316863782534,863.4966184403631,59.06807103105486
2026-07-06 15:00:00,747.72553,783.963373989992,682.7660609930048,906.9717269869792,50.56565299698722
2026-07-06 16:00:00,887.22553,791.0300174074473,701.325434052858,862.4751307620367,25.649713354589387
2026-07-06 17:00:00,892.22553,806.0545946013004,744.2795309154005,858.7346182872004,-2.667036314100078
2026-07-06 18:00:00,892.22553,855.9624267556044,748.7143507165651,955.4152027946438,51.46647603903933
2026-07-06 19:00:00,982.22553,887.8385204481401,719.0302785787803,1043.6103123175,104.86775186935988
2026-07-06 20:00:00,1062.22553,879.95898991488,786.7792958645656,969.6728039651946,39.935374050314444
2026-07-06 21:00:00,1062.22553,843.4036781517932,771.9910434176727,914.7809528859138,10.827604734120557
2026-07-06 22:00:00,892.22553,833.6125851768696,739.8228977173003,901.7874126364391,12.920787459569402
2026-07-06 23:00:00,887.22553,822.4870883600945,729.6424419252644,911.8180447949246,31.077306434830064
2026-07-07 00:00:00,702.205,715.2881659030645,551.4386046843783,822.9140271217509,87.76966121868628
2026-07-07 01:00:00,701.705,702.0065606549614,626.224790420648,713.2086608892747,-37.31649976568651
2026-07-07 02:00:00,701.705,702.0205445917983,626.7813284022837,741.4573007813127,-40.00344381048547
2026-07-07 03:00:00,701.705,701.9460054771021,647.76768574428,739.6097252099241,-41.706380267177806
2026-07-07 04:00:00,701.705,702.0536369201697,628.7122228310544,733.7820510092848,-35.861085910884775
2026-07-07 05:00:00,701.705,706.1625580259056,577.2077115978766,761.9983044539349,15.219046428029095
2026-07-07 06:00:00,701.705,696.6093061257205,543.9348572859712,756.1537349654698,37.576188839749356
2026-07-07 07:00:00,701.705,694.5936571255382,576.0811044068776,778.6011598441992,32.57795271866087
2026-07-07 08:00:00,701.205,699.565392024358,556.8004167386284,794.3709673100875,52.2050752857296
2026-07-07 09:00:00,701.205,713.9599050585391,607.3455203907733,810.3834897263048,30.750684667765714
2026-07-07 10:00:00,701.705,727.7480596958179,620.6267810605971,829.4857383310389,44.85417863522094
2026-07-07 11:00:00,701.705,747.2898464804426,641.9581929893559,839.0229999715295,38.62535349108696
2026-07-07 12:00:00,701.705,773.0420074959213,661.7454254361428,871.9011695556997,33.14699205977847
2026-07-07 13:00:00,701.705,786.2753052995786,675.8108617210808,901.0029488780765,49.54734357849789
2026-07-07 14:00:00,701.705,803.8593654681099,681.5604544370552,912.4343364991647,59.06807103105486
2026-07-07 15:00:00,701.705,823.5142193072419,695.6853263102547,947.6155723042287,50.56565299698722
2026-07-07 16:00:00,702.205,868.1378059923102,757.3372044484096,984.2755075362107,30.86620154390063
2026-07-07 17:00:00,742.205,878.9207804112579,801.4497097653242,978.2236910571918,-1.5454893540663452
2026-07-07 18:00:00,743.705,935.8746909138564,826.8152148748171,1087.3263669528956,51.46647603903933
2026-07-07 19:00:00,887.205,981.7420625572596,820.0784279452484,1152.2743371692704,88.87103461201113
2026-07-07 20:00:00,887.205,973.4483799921514,866.9002124540344,1099.0087675302684,43.51792753811698
2026-07-07 21:00:00,742.584,948.4743520653238,894.7185339821326,1039.363020148515,12.228568083191231
2026-07-07 22:00:00,743.705,884.2595780465493,827.9178905869801,975.1314655061187,12.920787459569402
2026-07-07 23:00:00,702.205,843.1028297396548,737.2230233048247,944.2519361744849,31.077306434830064
2026-07-08 00:00:00,737.74955,715.3716490995934,581.638187880907,824.9304103182797,87.76966121868628
2026-07-08 01:00:00,737.74955,737.2775724661236,693.5059336328842,741.713771299363,-38.437731166760564
2026-07-08 02:00:00,701.74955,737.0299602651642,679.2786625459636,750.3910579843647,-41.03890228079949
2026-07-08 03:00:00,701.74955,736.3665919098416,687.35350584005,756.3477579796331,-42.870973930208464
2026-07-08 04:00:00,701.74955,736.576992178904,662.9002353634698,754.6233489943382,-36.15314318456584
2026-07-08 05:00:00,737.74955,735.49329575932,610.4006493312909,789.5852921873491,15.219046428029095
2026-07-08 06:00:00,737.74955,674.0182782714651,531.4450894317158,740.0148171112144,37.576188839749356
2026-07-08 07:00:00,701.34955,675.6726997265931,567.6780470079323,755.934452445254,32.57795271866087
2026-07-08 08:00:00,701.34955,677.6676486250723,548.7916733393428,772.0427239108018,52.2050752857296
2026-07-08 09:00:00,701.34955,671.3421357700829,598.3500211023171,750.7173204378487,30.750684667765714
2026-07-08 10:00:00,701.34955,672.6283050669324,586.8773664317114,765.8018837021533,44.85417863522094
2026-07-08 11:00:00,701.74955,681.360669589346,600.3662960982591,764.2977230804329,38.62535349108696
2026-07-08 12:00:00,701.74955,703.2466250687099,626.4522330089314,801.1855171284883,33.14699205977847
2026-07-08 13:00:00,704.24955,707.3215607640701,608.4881171855722,809.118964342568,49.54734357849789
2026-07-08 14:00:00,737.74955,712.4033222719977,601.0879312409428,838.0420333030524,59.06807103105486
2026-07-08 15:00:00,737.74955,721.506006162984,610.4152131659968,864.4953591599711,50.56565299698722
2026-07-08 16:00:00,738.24955,731.6321427414399,622.3650770798268,856.8336584030529,37.24231566161302
2026-07-08 17:00:00,742.74955,748.8623520782567,683.5372954836058,845.4716686729075,-1.2130434053491816
2026-07-08 18:00:00,742.74955,787.4618084376873,664.503752398648,959.3533944767266,51.46647603903933
2026-07-08 19:00:00,887.24955,846.6826724653879,701.7903249968609,1028.2518799339148,62.22447746852694
2026-07-08 20:00:00,887.24955,853.6506992386306,732.6393417005137,1012.4167367767477,43.51792753811698
2026-07-08 21:00:00,887.24955,800.1438303334021,720.8890426188949,897.8900680479093,16.43910771450716
2026-07-08 22:00:00,742.32155,787.0063791787531,685.5476100295259,887.2852483279805,29.427569149227374
2026-07-08 23:00:00,738.24955,761.9016846334438,646.4673806214263,885.2044686454614,38.89524401201758
2026-07-09 00:00:00,702.28966,733.7915395003733,604.733378281687,865.3004007190596,87.76966121868628
2026-07-09 01:00:00,702.28966,702.0542296180017,666.4158484084536,721.9681108275498,-39.292218790451926
2026-07-09 02:00:00,702.28966,702.0425990743438,667.7167469711817,720.1426011775059,-42.08724789683786
2026-07-09 03:00:00,702.28966,701.8329201300587,661.2626364681896,707.8544537919277,-43.791226338131
2026-07-09 04:00:00,702.28966,701.8924211429968,649.5166372400116,713.4823050459819,-39.69731609701488
2026-07-09 05:00:00,702.68966,702.7293551261452,594.2563586981161,757.4886015541742,15.219046428029095
2026-07-09 06:00:00,702.68966,686.92165430363,562.0865654638807,763.4011431433793,37.576188839749356
2026-07-09 07:00:00,702.68966,686.1753831794347,588.7977304607739,763.8066958980955,32.57795271866087
2026-07-09 08:00:00,702.68966,686.4707332006882,563.6531579149587,777.9604084864178,52.2050752857296
2026-07-09 09:00:00,702.28966,687.148928197408,608.1413035296423,766.8169728651739,30.750684667765714
2026-07-09 10:00:00,702.28966,693.3179927453846,599.1303141101637,782.7605713806055,44.85417863522094
2026-07-09 11:00:00,702.68966,704.6177013803881,623.8036878893012,793.198094871475,38.62535349108696
2026-07-09 12:00:00,702.28966,717.6273164369414,623.2129743771629,803.1675084967198,33.14699205977847
2026-07-09 13:00:00,702.68966,721.5535623186225,626.7479187401245,818.4343358971204,49.54734357849789
2026-07-09 14:00:00,708.18966,737.6832408795744,637.4836398485196,857.3745419106293,59.06807103105486
2026-07-09 15:00:00,738.78966,750.4523174643947,645.0985044674076,876.5344104613819,50.56565299698722
2026-07-09 16:00:00,743.28966,757.9328328753351,654.940677213722,869.4435485369481,37.24231566161302
2026-07-09 17:00:00,738.78966,759.9290260574842,703.6682294628333,842.360582652135,-1.2130434053491816
2026-07-09 18:00:00,743.28966,796.035596195074,689.3120901560346,940.4890722341133,51.46647603903933
2026-07-09 19:00:00,743.28966,861.4323538717608,735.5048064032338,1006.3146613402878,62.22447746852694
2026-07-09 20:00:00,888.18966,863.4300150967656,760.9327775586487,985.1177026348827,43.51792753811698
2026-07-09 21:00:00,888.18966,850.2365549327078,786.2533472182007,929.722522647215,16.43910771450716
2026-07-09 22:00:00,738.78966,786.3905974029789,707.8601282537516,881.6954665522062,29.427569149227374
2026-07-09 23:00:00,738.18966,766.1060210222117,667.8359770101941,889.3883650342292,38.89524401201758
2026-07-10 00:00:00,703.12464,706.8631608914701,581.5237396727839,799.9852421101564,87.76966121868628
2026-07-10 01:00:00,703.12464,702.9279050521919,679.2570238426438,692.66185626174,-39.292218790451926
2026-07-10 02:00:00,703.12464,702.9024255201042,668.4044282621596,692.2906827780487,-44.45335274205548
2026-07-10 03:00:00,703.12464,702.6282403835335,669.370096390641,695.5155243764258,-44.481616007107576
2026-07-10 04:00:00,703.12464,702.9107808585443,652.7583938098134,692.2448779072753,-42.085862951269064
2026-07-10 05:00:00,703.12464,703.4109768570129,601.7186904289839,741.214623285042,15.219046428029095
2026-07-10 06:00:00,703.12464,679.3463234099125,557.851944310383,738.574762509442,35.70023909952953
2026-07-10 07:00:00,703.07464,682.5522701516503,571.7619587173796,739.304581585921,32.24901143427079
2026-07-10 08:00:00,703.07464,685.0145295673572,566.0010460257545,751.5670631089598,47.25273354160261
2026-07-10 09:00:00,699.07464,691.2371254954878,601.683240827722,748.0887101632535,30.750684667765714
2026-07-10 10:00:00,703.07464,699.8522541180492,610.9972597613744,771.2081484747241,42.02979435667484
2026-07-10 11:00:00,703.12464,705.082534736762,630.0747732116417,765.6877462618822,33.74266152512035
2026-07-10 12:00:00,703.12464,714.2769401670321,626.5510481072537,773.5640322268106,33.14699205977847
2026-07-10 13:00:00,707.07464,717.0225719628866,647.1878685449662,782.2293253808068,35.082503417920265
2026-07-10 14:00:00,707.57464,722.8957194466087,620.2222984155538,807.7867404776636,59.06807103105486
2026-07-10 15:00:00,740.57464,737.2849366485938,647.2692436516066,826.096349645581,50.56565299698722
2026-07-10 16:00:00,740.57464,744.7328114238422,670.2562357622293,826.4903270854553,37.24231566161302
2026-07-10 17:00:00,739.86164,746.5325137481984,708.8700971535476,790.8571103428493,-1.2130434053491816
2026-07-10 18:00:00,744.17464,780.4956584466134,694.9618024075742,885.4806944856527,51.46647603903933
2026-07-10 19:00:00,889.07464,808.1885758681358,706.1546983996088,922.4616933366627,62.22447746852694
2026-07-10 20:00:00,744.17464,846.1050744275357,768.0517468894187,951.2779019656526,43.51792753811698
2026-07-10 21:00:00,889.07464,837.8902884909699,790.5651807764627,907.313446205477,16.43910771450716
2026-07-10 22:00:00,740.57464,774.1853904625482,732.1351736891249,837.2011172359715,15.986246773423304
2026-07-10 23:00:00,707.57464,756.2541173098851,682.8266108750549,831.8229937447152,31.077306434830064
2026-07-11 00:00:00,742.40661,708.3727903220451,584.5101891033589,811.6084515407315,87.76966121868628
2026-07-11 01:00:00,738.26961,742.1078645888085,729.4251457555691,744.846933422048,-38.437731166760564
2026-07-11 02:00:00,702.80661,741.9312653640989,720.9099632609368,742.503567467261,-42.08724789683786
2026-07-11 03:00:00,701.35661,741.6394960116745,710.7259223498055,740.8617696735436,-43.791226338131
2026-07-11 04:00:00,701.35661,741.637673221439,702.0909293184537,747.876197124424,-39.69731609701488
2026-07-11 05:00:00,701.35661,740.2390164491159,654.9380600210868,788.0621228771449,15.219046428029095
2026-07-11 06:00:00,701.35661,700.3651404902711,588.7943413907416,767.1912795898006,35.70023909952953
2026-07-11 07:00:00,698.30661,702.0578607599718,604.859299325701,768.2025721942425,32.24901143427079
2026-07-11 08:00:00,697.30661,701.4133271026124,586.0524935610097,775.590260644215,47.25273354160261
2026-07-11 09:00:00,697.30661,702.6060631707028,613.0714785029371,766.1516478384686,30.750684667765714
2026-07-11 10:00:00,698.30661,705.5845189766712,614.2925746199963,774.2765133333461,42.02979435667484
2026-07-11 11:00:00,698.30661,709.0438822517629,637.2985907266426,775.8686737768832,33.74266152512035
2026-07-11 12:00:00,698.30661,713.1459412214048,638.3267991616264,783.3961432811832,33.14699205977847
2026-07-11 13:00:00,701.35661,714.0808192819806,648.8245658640602,777.7927226999008,35.082503417920265
2026-07-11 14:00:00,701.35661,713.5366769615134,618.9800159304586,793.4360179925683,59.06807103105486
2026-07-11 15:00:00,701.35661,724.7185432219982,636.670900225011,802.9500962189854,50.56565299698722
2026-07-11 16:00:00,742.40661,727.2174218109386,660.3088061493256,801.7157774725516,37.24231566161302
2026-07-11 17:00:00,738.26961,732.9356232264016,702.0949666317508,775.4631798210526,-1.2130434053491816
2026-07-11 18:00:00,922.30661,767.5329843949131,683.6416083558738,872.9378304339525,51.46647603903933
2026-07-11 19:00:00,922.30661,812.8095198455159,720.3142123769888,934.1025973140429,62.22447746852694
2026-07-11 20:00:00,922.30661,781.7631005194477,698.7517978415591,895.4059331973363,54.65632267788863
2026-07-11 21:00:00,942.30661,822.7760234350718,783.8002757205646,889.2910611495789,16.43910771450716
2026-07-11 22:00:00,922.30661,764.3847252233946,730.1538774261791,816.3254430206102,7.9788177972156085
2026-07-11 23:00:00,742.40661,752.1596329628196,679.8927702716893,814.82607565395,17.00750269113039
2026-07-12 00:00:00,832.19518,739.7682933116118,594.1029805389765,873.1440460842474,78.04158277263552
2026-07-12 01:00:00,832.19518,831.4705559970216,778.8442471637821,847.600024830261,-38.437731166760564
2026-07-12 02:00:00,832.19518,830.276436152828,783.7968684336274,879.6250638720285,-41.03890228079949
2026-07-12 03:00:00,832.19518,828.2228889169401,784.5441728471486,879.5384349867315,-42.870973930208464
2026-07-12 04:00:00,832.19518,827.0659952228131,779.1348925688014,875.0606978768246,-38.456597345988406
2026-07-12 05:00:00,832.19518,822.4376282579734,692.7000818299443,892.1571746860025,15.219046428029095
2026-07-12 06:00:00,652.69518,671.5370843276974,501.5293452281678,761.2296834272269,35.70023909952953
2026-07-12 07:00:00,632.19518,659.9012543366731,505.2731429024023,753.4871657709439,32.24901143427079
2026-07-12 08:00:00,632.19518,649.9724698941611,486.58977635255854,760.8242434357637,47.25273354160261
2026-07-12 09:00:00,632.19518,647.9514038893216,508.15951922155585,742.0851485570873,30.750684667765714
2026-07-12 10:00:00,632.19518,640.1285623522417,481.33926799556684,742.1251567089166,42.02979435667484
2026-07-12 11:00:00,640.75718,641.3975713977931,497.5746598726727,737.2766329229134,33.74266152512035
2026-07-12 12:00:00,640.75718,668.6825751537821,514.7703330940037,758.7783672135605,33.14699205977847
2026-07-12 13:00:00,652.69518,667.8931326441234,552.3153792262032,791.4632360620437,35.082503417920265
2026-07-12 14:00:00,682.19518,670.0900901208131,523.6782190897583,791.6219611518679,59.06807103105486
2026-07-12 15:00:00,832.19518,679.4863779882726,552.2773840134372,794.4645119631081,45.2904339748354
2026-07-12 16:00:00,832.19518,709.2365955918732,608.4686783093963,803.1003128743502,26.5694172824769
2026-07-12 17:00:00,832.19518,731.7327160830623,660.2176554371288,799.865936728996,-1.5454893540663452
2026-07-12 18:00:00,922.19518,846.0889518116448,719.6684357523708,975.6760278709189,61.56577605927403
2026-07-12 19:00:00,922.19518,865.6987102126775,724.6394827441505,978.9286776812045,62.22447746852694
2026-07-12 20:00:00,922.19518,857.4135871916956,717.707016949424,986.8892274339671,68.11537024227152
2026-07-12 21:00:00,933.19518,883.9838883237719,797.2789306092648,975.6510460382791,16.43910771450716
2026-07-12 22:00:00,933.19518,856.5218469264703,767.4810291292547,934.5510647236858,7.9788177972156085
2026-07-12 23:00:00,922.19518,798.472267174194,701.7012744830637,915.4771398653245,17.00750269113039
2026-07-13 00:00:00,804.52814,814.2046683869484,660.8582079218572,917.4938888520393,64.25249046509113
2026-07-13 01:00:00,804.52814,804.2533274759896,738.7063086427503,830.5555963092289,-38.437731166760564
2026-07-13 02:00:00,804.52814,804.1108600682419,746.8637623490413,834.4469277874423,-41.03890228079949
2026-07-13 03:00:00,804.52814,803.5931377294467,768.9683116596552,845.2077637992383,-42.870973930208464
2026-07-13 04:00:00,794.52814,803.7881648166011,745.5871221625896,838.4280674706126,-38.456597345988406
2026-07-13 05:00:00,804.52814,805.5463032996242,691.372282707081,855.6726038921674,9.760860592543322
2026-07-13 06:00:00,794.52814,725.4842610680552,582.5166219685257,803.4071001675848,35.70023909952953
2026-07-13 07:00:00,504.52814,727.6926146486943,596.8591232144236,818.296986082965,32.24901143427079
2026-07-13 08:00:00,504.52814,724.8855498128464,580.7471862712438,818.718303354449,47.25273354160261
2026-07-13 09:00:00,504.52814,724.1182438185576,605.2586191507919,811.5749184863233,30.750684667765714
2026-07-13 10:00:00,504.52814,724.9374195658854,616.1371252092106,840.6789139225602,42.02979435667484
2026-07-13 11:00:00,504.52814,734.9643540316944,630.7501325065741,844.2083555568146,33.74266152512035
2026-07-13 12:00:00,664.52814,735.1238564959593,600.9157644361809,832.4342385557377,33.14699205977847
2026-07-13 13:00:00,655.02814,743.8566271684132,623.3659237504928,839.0542805863333,35.082503417920265
2026-07-13 14:00:00,804.52814,755.8328459094711,603.6234748784162,848.684716940526,59.06807103105486
2026-07-13 15:00:00,924.52814,797.0559910997752,657.014398102788,896.8316740967624,50.56565299698722
2026-07-13 16:00:00,933.02814,806.1072136483323,704.9642963658553,893.4869309308091,26.5694172824769
2026-07-13 17:00:00,933.02814,819.2833043099658,744.491477715315,878.2437609046166,-1.2130434053491816
2026-07-13 18:00:00,944.52814,910.3112667079369,806.8518506688974,1027.672042746976,51.46647603903933
2026-07-13 19:00:00,1074.52814,920.2133533571388,803.6110969865018,1050.9896297277758,54.89131637063706
2026-07-13 20:00:00,1197.52814,918.5071375041556,784.1678272618841,1065.336167746427,68.11537024227152
2026-07-13 21:00:00,1198.52814,927.8024077621144,864.5716100476072,1028.1020554766214,16.43910771450716
2026-07-13 22:00:00,944.52814,898.8029141033139,822.2851963060984,979.8727319005295,7.9788177972156085
2026-07-13 23:00:00,933.02814,875.703617842399,763.1437511806108,950.5407445041869,24.756526661788165
2026-07-14 00:00:00,673.9051,790.87698525544,661.96886205993,870.8383984509501,46.466353195509974
2026-07-14 01:00:00,673.9051,673.872855761297,618.6067369280577,684.0831245945366,-38.437731166760564
2026-07-14 02:00:00,673.9051,673.971812895368,618.5705151761674,699.4960106145686,-41.03890228079949
2026-07-14 03:00:00,673.9051,673.9676471215917,639.6119210518002,704.5742731913833,-42.870973930208464
2026-07-14 04:00:00,673.9051,674.2073108057945,612.6489481517827,705.6879134598062,-38.456597345988406
2026-07-14 05:00:00,673.9051,680.8224639397852,576.5625033472419,731.8056245323286,9.760860592543322
2026-07-14 06:00:00,673.9051,699.9637342550413,564.2401351555118,775.6148733545709,35.70023909952953
2026-07-14 07:00:00,654.4051,686.4169326259837,569.6199299073229,797.3493853446447,32.57795271866087
2026-07-14 08:00:00,643.9051,688.3613107732956,533.8812706918417,814.6207008547495,62.94119008145388
2026-07-14 09:00:00,643.9051,703.3176750338187,573.7437214299794,827.4574086376581,32.32889360383932
2026-07-14 10:00:00,663.9051,709.1892798805236,570.7516309807974,846.8002887802498,47.85634889972617
2026-07-14 11:00:00,673.9051,736.1235479325919,583.8395927525366,874.1837031126474,39.11715518005531
2026-07-14 12:00:00,673.9051,756.5233967504685,593.8183546906901,898.4045888102468,33.14699205977847
2026-07-14 13:00:00,943.9051,773.55135387285,627.8290104549296,908.2312172907702,35.082503417920265
2026-07-14 14:00:00,975.4051,832.5527527953124,662.9190517642576,942.1771238263673,59.06807103105486
2026-07-14 15:00:00,975.4051,888.4977712698404,704.5343787894997,1016.8945037501815,59.71943248034071
2026-07-14 16:00:00,1073.9051,908.1860904572924,777.6875404774148,1039.4749204371703,37.79318997987766
2026-07-14 17:00:00,989.4051,922.1797661613864,828.8709930255368,1033.707939297236,-0.32312686415032466
2026-07-14 18:00:00,1073.9051,987.9528778657094,863.3779018266699,1144.492653904749,51.46647603903933
2026-07-14 19:00:00,1197.9051,1079.1050689718531,923.1248564910023,1236.5709814527036,60.84991248085077
2026-07-14 20:00:00,1196.9051,1085.0629798065831,905.2749564900499,1256.6119431231161,73.2001633165331
2026-07-14 21:00:00,1197.9051,1042.335014150155,926.0980022806932,1191.4822560196171,23.79864186946191
2026-07-14 22:00:00,989.4051,929.802882234646,852.3671044374303,1093.9112000318617,7.9788177972156085
2026-07-14 23:00:00,975.4051,873.9514552695136,768.6838686077255,1000.4730819313019,24.756526661788165
2026-07-15 00:00:00,843.61336,694.2903950544733,512.6367918589632,839.1486482499831,46.466353195509974
2026-07-15 01:00:00,726.92736,843.3310087221471,778.7981898889077,935.7219275553864,-38.437731166760564
2026-07-15 02:00:00,692.69036,843.0814935271951,802.9283258079946,924.2211912463957,-41.03890228079949
2026-07-15 03:00:00,672.69036,842.9931625757029,841.7448365059113,913.1703886454942,-42.870973930208464
2026-07-15 04:00:00,726.92736,843.2242065702599,816.7480039162482,903.3882192242716,-38.456597345988406
2026-07-15 05:00:00,927.69036,843.8056213736542,753.2638807811109,902.0309419661975,9.760860592543322
2026-07-15 06:00:00,726.92736,757.1564518177715,620.095802718242,831.3978909173011,35.70023909952953
2026-07-15 07:00:00,643.69036,759.2451400515347,658.2846873328738,893.4432927701954,32.57795271866087
2026-07-15 08:00:00,643.69036,757.9725377907878,608.6668077093339,908.2986278722417,62.94119008145388
2026-07-15 09:00:00,643.69036,755.877643340898,631.5313497370586,897.4036669447373,32.32889360383932
2026-07-15 10:00:00,643.69036,753.6521815408516,616.9560526411254,910.4690404405778,47.85634889972617
2026-07-15 11:00:00,653.19036,788.7949491315829,635.6070939515276,935.5233043116381,39.11715518005531
2026-07-15 12:00:00,672.69036,827.3127584606734,660.211426400895,955.4879105204519,33.14699205977847
2026-07-15 13:00:00,792.69036,901.042731590896,717.1285762227428,1042.495566959049,54.24529536815319
2026-07-15 14:00:00,927.69036,931.3811731913808,730.7424898911677,1057.622136491594,63.92652330021301
2026-07-15 15:00:00,927.69036,962.7017150815255,772.4134826011849,1107.6269475618662,59.71943248034071
2026-07-15 16:00:00,942.69036,1006.2193613124113,863.0964505536699,1163.4397720711527,51.365210758741334
2026-07-15 17:00:00,1182.69036,1008.4616377938446,921.3928646579951,1129.4531109296943,-0.32312686415032466
2026-07-15 18:00:00,1196.69036,1072.53034120727,945.935265168231,1229.9497172463095,51.46647603903933
2026-07-15 19:00:00,1197.69036,1153.2570751886883,998.8309027078377,1313.515387669539,60.84991248085077
2026-07-15 20:00:00,1197.69036,1155.109524105408,960.9546007888749,1331.3506874219408,73.2001633165331
2026-07-15 21:00:00,1197.69036,1129.9518934570197,987.1815654910974,1279.560171422942,32.618677965922224
2026-07-15 22:00:00,1196.69036,1011.1717558963096,904.920398099094,1147.9687736935255,7.9788177972156085
2026-07-15 23:00:00,942.69036,958.0569267686028,815.1427501068147,1060.450953430391,24.756526661788165
2026-07-16 00:00:00,733.91903,837.0822110978902,657.6337996499658,997.0343225458148,52.89091144792445
2026-07-16 01:00:00,733.91903,733.9174713705584,676.5337211362449,826.2322616048718,-37.31649976568651
2026-07-16 02:00:00,693.91903,733.9413680747109,687.5555303555104,814.0469657939115,-41.03890228079949
2026-07-16 03:00:00,693.91903,733.8034542163828,719.4572244835605,811.642853949205,-41.706380267177806
2026-07-16 04:00:00,733.91903,733.8714405240592,693.1424278700475,809.7043331780708,-38.456597345988406
2026-07-16 05:00:00,733.91903,740.261224965059,645.5196643725156,815.1471855576023,9.760860592543322
2026-07-16 06:00:00,733.91903,660.9254962339382,519.1928071344087,757.8391353334678,35.70023909952953
2026-07-16 07:00:00,654.41903,643.1200530138926,547.7111002952317,794.3282057325536,32.57795271866087
2026-07-16 08:00:00,644.91903,636.331025946342,490.6882324047394,787.6465194879447,47.25273354160261
2026-07-16 09:00:00,644.91903,619.5286645530872,478.7252398853215,769.4833792208531,30.750684667765714
2026-07-16 10:00:00,644.91903,618.0967449091729,472.41972088315856,796.0574189351873,45.94152402601436
2026-07-16 11:00:00,693.91903,643.9071258102886,477.5992642851682,805.0489273354088,33.74266152512035
2026-07-16 12:00:00,693.91903,704.3745456570546,528.5589656359,857.6042756782091,27.27823002115449
2026-07-16 13:00:00,733.91903,751.9058743259446,576.1680709080244,886.690737743865,35.082503417920265
2026-07-16 14:00:00,733.91903,817.9848741705247,611.5281108703117,970.4800074707379,63.92652330021301
2026-07-16 15:00:00,733.91903,857.1703601307107,662.66188765037,1033.8701926110516,59.71943248034071
2026-07-16 16:00:00,923.88903,884.0658217176484,723.8122709589071,1065.6999924763898,51.365210758741334
2026-07-16 17:00:00,943.91903,961.5207240387136,839.7658369346017,1099.1079111428257,5.626887104111992
2026-07-16 18:00:00,1198.91903,1085.9673197536556,939.2517437146162,1257.841195792695,51.46647603903933
2026-07-16 19:00:00,1203.91903,1142.3604845209695,960.6594720401187,1316.0426970018202,60.84991248085077
2026-07-16 20:00:00,1198.91903,1144.9195006374446,921.1866373209114,1327.0840639539776,73.2001633165331
2026-07-16 21:00:00,1203.91903,1132.7958296284005,953.5787116624783,1291.5052075943227,32.618677965922224
2026-07-16 22:00:00,1066.26703,1034.7772434574908,898.5623466840675,1207.8595902309144,15.986246773423304
2026-07-16 23:00:00,923.88903,907.1922765576336,773.1676498958454,1034.0186032194217,24.756526661788165
2026-07-17 00:00:00,923.52112,733.9929147794243,547.3174433314998,895.6373262273487,52.89091144792445
2026-07-17 01:00:00,743.51912,921.735693170669,861.5774891226928,1028.6317472186452,-38.43199595202385
2026-07-17 02:00:00,730.06412,920.0624888898273,867.0669411706267,1007.8095966090277,-41.03890228079949
2026-07-17 03:00:00,730.06412,916.8887740638834,894.5156376442467,1010.8347804835201,-40.47006358036321
2026-07-17 04:00:00,730.06412,916.971579879915,851.2351372259034,987.1285825339265,-38.456597345988406
2026-07-17 05:00:00,923.52112,914.8281013526744,809.8266407601311,994.7341619452177,9.760860592543322
2026-07-17 06:00:00,743.51912,732.2820713079608,591.6935578633079,835.9463847526138,28.377713444652954
2026-07-17 07:00:00,643.52112,723.2097778452339,618.5801164109631,877.1023892795047,32.24901143427079
2026-07-17 08:00:00,643.52112,720.3573840401589,587.4202904985561,866.8108175817615,47.25273354160261
2026-07-17 09:00:00,643.52112,719.036758042251,579.9203733744853,851.3119027100167,30.750684667765714
2026-07-17 10:00:00,642.52112,704.168047986839,561.6743939608247,881.7931620128534,45.94152402601436
2026-07-17 11:00:00,643.52112,722.6174194318775,565.3898979067571,877.7743909569978,33.74266152512035
2026-07-17 12:00:00,643.52112,763.0359653923294,616.6706053711749,904.486865413484,27.27823002115449
2026-07-17 13:00:00,643.52112,783.1910665756385,630.4169582382606,906.3024049130165,30.14863833737792
2026-07-17 14:00:00,923.52112,803.0169105368309,620.7477295057761,949.3882715678858,59.06807103105486
2026-07-17 15:00:00,923.52112,825.8787537107434,668.2540207137561,995.9735167077305,50.56565299698722
2026-07-17 16:00:00,923.52112,883.9591234527771,745.8882334728995,1040.1353134326548,37.79318997987766
2026-07-17 17:00:00,923.52112,914.224206389474,793.8528732536244,1026.6451195253237,-0.32312686415032466
2026-07-17 18:00:00,1196.52112,1084.1082373915565,931.3469313525172,1261.0940134305959,51.46647603903933
2026-07-17 19:00:00,1197.52112,1108.014333141066,932.9406806602153,1287.3903456219164,60.84991248085077
2026-07-17 20:00:00,1196.52112,1103.594115493086,890.031952176553,1294.272678809619,73.2001633165331
2026-07-17 21:00:00,1197.52112,1112.8533370474786,942.4564590815564,1284.2160150134007,32.618677965922224
2026-07-17 22:00:00,942.52112,1038.462589885203,904.5358431117796,1216.3288366586262,15.986246773423304
2026-07-17 23:00:00,923.52112,969.099388144144,834.8399914823559,1120.3424748059322,24.756526661788165
2026-07-18 00:00:00,942.49543,904.4072797618682,705.9817746256393,1075.870034898097,55.52226513622879
2026-07-18 01:00:00,854.20243,939.0712467818817,881.3079427339055,1067.2473508298576,-38.43199595202385
2026-07-18 02:00:00,932.49543,934.6194103980048,885.0911126788043,1045.1797081172053,-41.03890228079949
2026-07-18 03:00:00,727.39843,929.7482418196252,901.2206053999884,1035.809238239262,-40.47006358036321
2026-07-18 04:00:00,727.39843,927.5008263239282,870.0557723800543,1009.398930267802,-35.93029605612616
2026-07-18 05:00:00,727.39843,925.274396687581,837.9182360950377,1028.9975072801244,9.760860592543322
2026-07-18 06:00:00,647.49543,686.218378239642,566.2688101051293,795.4422063741546,26.29716813451258
2026-07-18 07:00:00,647.49543,668.4375520211009,568.3387805868301,799.5915034553717,32.24901143427079
2026-07-18 08:00:00,647.49543,659.5604660886949,526.4039325470922,778.8192996302975,47.25273354160261
2026-07-18 09:00:00,643.49543,657.5598220404794,525.4767373727136,783.2572067082451,30.750684667765714
2026-07-18 10:00:00,643.49543,640.7744326608548,488.7772686348404,796.5454166868692,45.94152402601436
2026-07-18 11:00:00,643.49543,658.1569629344062,497.8978214092859,818.7300844595266,33.74266152512035
2026-07-18 12:00:00,643.49543,683.5710587082052,515.4615286870506,811.8544087293598,27.27823002115449
2026-07-18 13:00:00,647.49543,693.7265673377384,544.7617890003604,833.2360056751164,30.14863833737792
2026-07-18 14:00:00,647.49543,772.1934105750955,612.0893820341164,904.8823391160747,42.48012854097917
2026-07-18 15:00:00,743.49343,799.3837587484574,651.211084773622,967.7494527232928,45.2904339748354
2026-07-18 16:00:00,952.49543,826.3708570549073,681.5112574719834,959.5824466378313,26.59662958292394
2026-07-18 17:00:00,952.49543,861.4618357396631,748.4517226038134,982.4156088755127,-0.32312686415032466
2026-07-18 18:00:00,952.49543,1047.3559069560597,876.6701309170204,1230.9129829950991,51.46647603903933
2026-07-18 19:00:00,952.49543,1078.9005727008746,902.7403202200238,1275.2911851817253,60.84991248085077
2026-07-18 20:00:00,952.49543,1073.9920550601096,878.4632717435765,1277.7043683766426,73.2001633165331
2026-07-18 21:00:00,952.49543,1066.7294410562329,896.3394030903107,1223.484089022155,32.618677965922224
2026-07-18 22:00:00,952.49543,986.601148164297,847.1021013908737,1150.0619949377206,15.986246773423304
2026-07-18 23:00:00,743.49343,946.73409588243,806.4360092206418,1115.1842325442183,24.756526661788165
2026-07-19 00:00:00,943.72728,910.6054884088647,799.7998932726359,1072.3369935450935,55.52226513622879
2026-07-19 01:00:00,932.72728,939.5453571279324,900.3924530799563,1018.5968011759086,-38.43199595202385
2026-07-19 02:00:00,932.72728,932.5492052657032,882.7767531625411,1024.8754573688655,-42.08724789683786
2026-07-19 03:00:00,932.72728,923.8680594195364,878.152877824656,999.508111014417,-39.33791840511961
2026-07-19 04:00:00,724.75628,920.731358689698,836.0901260499874,970.8125513294086,-34.08006736028942
2026-07-19 05:00:00,724.75628,910.07365680215,792.634020374121,1004.4341132301792,15.219046428029095
2026-07-19 06:00:00,652.72728,584.2458427921501,452.3636895502615,684.7951960340387,25.272853241888555
2026-07-19 07:00:00,648.72728,577.378530708972,453.78963432720474,674.5213770907392,25.017536381767204
2026-07-19 08:00:00,648.72728,567.7507304029639,438.04629536359994,667.9330654423278,30.935805039363895
2026-07-19 09:00:00,648.72728,554.5873939536585,429.0734492858929,658.3561286214243,30.750684667765714
2026-07-19 10:00:00,652.72728,545.7513566804632,424.2929231583339,669.9082902025925,33.49873352212931
2026-07-19 11:00:00,652.72728,554.7307458355386,445.2884553454653,651.7255763256119,33.269250490073325
2026-07-19 12:00:00,652.72728,587.1927576573393,482.6956483327574,679.8415269819211,21.68991932458187
2026-07-19 13:00:00,652.72728,597.7690901303712,488.28737543924217,697.5312048215002,26.177814691129004
2026-07-19 14:00:00,724.75628,619.3891872704058,504.6072587294267,746.763415811385,42.48012854097917
2026-07-19 15:00:00,942.72728,679.8651406568213,556.5362066819858,852.0861746316567,45.2904339748354
2026-07-19 16:00:00,942.72728,749.9371429389588,630.2657133560349,892.4163025218827,26.59662958292394
2026-07-19 17:00:00,942.72728,783.151336049797,685.5077129139473,918.4339291856465,-0.32312686415032466
2026-07-19 18:00:00,943.72728,907.3939079754848,741.1009519364455,1087.850014014524,51.46647603903933
2026-07-19 19:00:00,952.72728,916.4008501465064,716.4663376656556,1106.793562627357,60.84991248085077
2026-07-19 20:00:00,944.72728,929.9343360045366,725.8114126880034,1146.4295993210696,73.2001633165331
2026-07-19 21:00:00,943.72728,940.682645932042,777.4002179661198,1110.8798738979642,32.618677965922224
2026-07-19 22:00:00,944.72728,926.1886076208611,809.4074407927744,1095.109624448948,14.061716828086682
2026-07-19 23:00:00,932.72728,855.0991961774296,721.6229897425994,1017.3588626122596,31.077306434830064
2026-07-20 00:00:00,752.71069,911.8368637128812,737.2743585766524,1004.4968888491102,55.52226513622879
2026-07-20 01:00:00,752.71069,752.4076798988588,656.2733758508826,808.2521839468351,-38.43199595202385
2026-07-20 02:00:00,747.71069,752.4708001411911,663.0778480380291,824.0378022443534,-42.08724789683786
2026-07-20 03:00:00,747.71069,750.5719728002346,663.7126612053542,838.2889843951151,-39.33791840511961
2026-07-20 04:00:00,747.71069,750.7688312019682,634.9564733921551,842.2121890117813,-25.587942190186926
2026-07-20 05:00:00,747.71069,749.8361083481777,592.0901604884726,872.2174562078828,18.54624785970509
2026-07-20 06:00:00,747.71069,724.867565421263,570.7213821793744,833.7513186631516,25.272853241888555
2026-07-20 07:00:00,677.71069,719.4227918961781,572.7436555144109,823.5391282779452,25.017536381767204
2026-07-20 08:00:00,677.71069,718.4315601337722,585.8064250944083,805.5581651731361,30.935805039363895
2026-07-20 09:00:00,677.71069,711.1095443040974,572.0892596363317,794.1553289718632,30.750684667765714
2026-07-20 10:00:00,677.71069,715.3062017836635,569.4631682615342,813.1292653057928,33.49873352212931
2026-07-20 11:00:00,677.71069,735.130573183974,592.4645744828517,842.8832718850963,33.462398701122304
2026-07-20 12:00:00,677.71069,742.5907646622366,614.5875453376548,835.8217839868184,21.68991932458187
2026-07-20 13:00:00,747.71069,753.5866131460127,637.1707984548837,856.7309278371417,26.177814691129004
2026-07-20 14:00:00,747.71069,798.0629834459778,667.4003149049986,894.913061986957,42.48012854097917
2026-07-20 15:00:00,752.71069,880.8216119933104,756.3695989963232,1014.9783649902977,50.56565299698722
2026-07-20 16:00:00,926.71069,897.4801861889421,767.0139054302007,1021.5319669476834,51.365210758741334
2026-07-20 17:00:00,926.71069,920.0289120658452,842.5381249617333,998.8136991699574,5.626887104111992
2026-07-20 18:00:00,943.71069,1001.3030229373963,883.9065468983571,1132.9015389764356,51.46647603903933
2026-07-20 19:00:00,943.71069,1001.8389265044656,855.3076640236147,1141.8938389853163,60.84991248085077
2026-07-20 20:00:00,943.71069,980.4154295354203,828.3988262188872,1135.0954928519534,73.2001633165331
2026-07-20 21:00:00,942.71069,976.0715100706844,870.5752121047623,1097.6769280366066,32.618677965922224
2026-07-20 22:00:00,926.71069,953.9271490615992,867.3269222335125,1073.378115889686,14.061716828086682
2026-07-20 23:00:00,752.71069,915.00921781332,811.8815513784898,1023.1668242481501,31.077306434830064
2026-07-21 00:00:00,691.59804,765.181309742211,666.9534830490987,833.0517664353234,44.50650669311235
2026-07-21 01:00:00,642.48704,691.5340746079045,632.0934630462016,692.4610561696073,-41.72108843829712
2026-07-21 02:00:00,642.48704,691.7210577680772,609.3782556649151,729.5969598712393,-42.08724789683786
2026-07-21 03:00:00,642.48704,691.5354373307375,605.8896257358571,728.818188925618,-39.33791840511961
2026-07-21 04:00:00,642.48704,691.4550100098367,567.6570922000236,738.0421678196496,-25.587942190186926
2026-07-21 05:00:00,691.59804,693.3565474853546,517.5988996256494,772.8976453450596,18.54624785970509
2026-07-21 06:00:00,733.48504,720.3775098719423,547.9192066300536,805.7997131138308,25.272853241888555
2026-07-21 07:00:00,691.59804,714.4127671343191,566.683070752552,806.8302035160863,25.017536381767204
2026-07-21 08:00:00,642.48704,714.3861959029372,560.9063608635732,807.641860942301,30.935805039363895
2026-07-21 09:00:00,642.48704,713.8713774150535,592.5074927472878,813.4803120828193,30.750684667765714
2026-07-21 10:00:00,642.48704,719.766784384819,610.5340908626896,805.2469579069483,33.49873352212931
2026-07-21 11:00:00,642.48704,742.6421514897173,637.692722788595,807.3307501908397,33.462398701122304
2026-07-21 12:00:00,642.48704,749.1610527376636,652.3725834130818,848.4983720622455,21.68991932458187
2026-07-21 13:00:00,642.48704,784.8027204001219,693.543015444479,874.8809753557647,23.960754955642816
2026-07-21 14:00:00,942.48704,814.0009925963059,717.0886140553267,937.0874711372851,42.48012854097917
2026-07-21 15:00:00,942.48704,842.5512344788602,711.5932327772277,1011.5305161804928,55.1536217016325
2026-07-21 16:00:00,942.48704,894.7501006944753,756.999089935734,1068.7275114532167,51.365210758741334
2026-07-21 17:00:00,947.48704,912.4325889481936,829.1045918440816,1050.6106160523059,5.626887104111992
2026-07-21 18:00:00,962.48704,987.0144974537365,854.680171414697,1182.4504234927758,51.46647603903933
2026-07-21 19:00:00,962.48704,982.1411386983872,824.0371662175364,1178.8324511792378,60.84991248085077
2026-07-21 20:00:00,962.48704,957.4369437630588,795.8804304465257,1166.798957079592,73.2001633165331
2026-07-21 21:00:00,962.48704,947.4695232237892,843.2215452578671,1105.2473411897115,32.618677965922224
2026-07-21 22:00:00,947.48704,914.7277864214363,833.0394813265865,1044.767691516286,6.7923050948498345
2026-07-21 23:00:00,942.48704,846.2090479317534,741.8843014969234,996.1592843665835,31.077306434830064
2026-07-22 00:00:00,932.12121,721.2375602484544,494.395960247205,871.1869802497039,40.631960001249396
2026-07-22 01:00:00,932.12121,928.6792417131826,810.8021601514797,1057.1658532748856,-41.72108843829712
2026-07-22 02:00:00,932.12121,925.872755299341,834.9036017265255,1026.1669088721562,-46.46629642718462
2026-07-22 03:00:00,932.12121,921.8993263382546,850.2321447433742,1036.027507933135,-39.33791840511961
2026-07-22 04:00:00,932.12121,920.7467132688704,813.0086154590573,1009.8768310786835,-25.587942190186926
2026-07-22 05:00:00,932.12121,918.9969328586766,769.0200349989715,1034.1883407183818,18.54624785970509
2026-07-22 06:00:00,932.12121,717.7126783975266,562.505285155638,826.5918616394151,25.272853241888555
2026-07-22 07:00:00,926.12121,718.2278810914022,579.0690413676656,849.1755708151387,18.296689723736556
2026-07-22 08:00:00,932.12121,712.4560425968523,560.2330875574884,826.5783676362162,30.935805039363895
2026-07-22 09:00:00,691.00121,714.1232441898205,571.3869997475399,824.8789086321012,24.847104442280575
2026-07-22 10:00:00,926.12121,717.5444732964077,576.0064397742783,857.434006818537,33.49873352212931
2026-07-22 11:00:00,932.12121,744.0569554702502,598.0399967691278,867.3411941713724,33.462398701122304
2026-07-22 12:00:00,932.12121,778.7121361915679,603.651796866986,888.8554955161499,21.68991932458187
2026-07-22 13:00:00,932.12121,794.014641196735,626.35718136099,902.2767210324802,31.533559835745038
2026-07-22 14:00:00,932.12121,884.7920461785674,713.5929105568612,985.1026818002737,49.79433562170618
2026-07-22 15:00:00,941.12121,910.7101574873168,754.1031757856844,1038.5536191889494,55.1536217016325
2026-07-22 16:00:00,942.12121,930.6269890202416,789.5684182615001,1050.6170997789827,51.365210758741334
2026-07-22 17:00:00,1042.12121,951.834676400646,862.504739296534,1025.137813504758,5.626887104111992
2026-07-22 18:00:00,1042.12121,1017.400513705846,911.9305376668067,1148.5724897448854,51.46647603903933
2026-07-22 19:00:00,1047.12121,1015.9365584626372,877.5850159817865,1153.7690409434879,60.84991248085077
2026-07-22 20:00:00,1047.12121,1010.751387542494,838.1624242259609,1178.2624108590269,73.2001633165331
2026-07-22 21:00:00,1042.12121,1011.5694839799362,884.660236014014,1139.3797619458585,32.618677965922224
2026-07-22 22:00:00,942.12121,982.363588336156,873.1256832413062,1087.5495334310058,6.7923050948498345
2026-07-22 23:00:00,941.12121,946.7592357345334,808.2666692997034,1060.6537421693636,31.077306434830064
2026-07-23 00:00:00,932.13321,892.9888065110013,828.324896509752,959.1481665122507,40.631960001249396
2026-07-23 01:00:00,932.13321,931.6522106071498,915.4974990454468,953.0409621688528,-41.72108843829712
2026-07-23 02:00:00,932.13321,931.6776150684428,901.8172614956275,974.6942186412582,-46.46629642718462
2026-07-23 03:00:00,932.13321,931.3223313327808,875.6015997379004,964.8868229276611,-39.33791840511961
2026-07-23 04:00:00,932.13321,931.6491567103072,845.5139389004942,975.0434545201203,-25.587942190186926
2026-07-23 05:00:00,932.13321,930.734038054407,789.088590194702,1008.004985914112,18.54624785970509
2026-07-23 06:00:00,932.13321,893.322960414324,745.1621471724354,975.3340936562126,25.272853241888555
2026-07-23 07:00:00,932.13321,892.0491493220178,761.1262995982813,965.7458790457546,18.296689723736556
2026-07-23 08:00:00,932.13321,893.4769656717173,740.2761106323533,982.5449207110813,30.935805039363895
2026-07-23 09:00:00,932.13321,878.2976079463782,738.5264895204095,952.3385263723469,23.419478425968645
2026-07-23 10:00:00,932.13321,901.1012425766222,766.2736490544929,972.7405360987517,33.49873352212931
2026-07-23 11:00:00,932.13321,905.0268254030703,790.826636701948,974.5764741041927,33.462398701122304
2026-07-23 12:00:00,922.13321,925.7378643177648,817.8678449931829,978.8096836423466,21.68991932458187
2026-07-23 13:00:00,932.13321,934.833406433328,835.6767965975829,1002.206316269073,31.533559835745038
2026-07-23 14:00:00,932.13321,941.1842473248722,856.4262170019051,1024.8642376478392,40.56549032296707
2026-07-23 15:00:00,952.13321,949.8244330223082,843.876129733643,1053.9064863109734,49.63659328866514
2026-07-23 16:00:00,1012.13321,960.5685261712568,881.2366565883327,1055.2231557541809,26.59662958292394
2026-07-23 17:00:00,1012.13321,986.921734485869,939.0650473817568,1071.416271589981,5.626887104111992
2026-07-23 18:00:00,1092.13321,1050.959166437147,948.2348903981076,1157.6917424761864,51.46647603903933
2026-07-23 19:00:00,1097.13321,1054.0822937732387,932.9886812923877,1171.1550062540891,60.84991248085077
2026-07-23 20:00:00,1092.13321,1041.465453341193,901.51399002466,1182.5289166577263,73.2001633165331
2026-07-23 21:00:00,952.13321,1039.5099799941622,960.60840202824,1141.6326579600843,32.618677965922224
2026-07-23 22:00:00,937.13321,1004.6358011888716,949.8368460940217,1083.6678562837214,6.7923050948498345
2026-07-23 23:00:00,932.13321,981.3670658719057,900.4809194370755,1080.6621723067356,31.077306434830064
2026-07-24 00:00:00,883.4134,905.3431171903306,796.6137571890813,989.6121771915801,40.631960001249396
2026-07-24 01:00:00,842.4134,883.1737434636345,829.0311319019316,919.5352150253376,-41.72108843829712
2026-07-24 02:00:00,842.4134,883.1878528211843,819.9658592483688,932.0678163939996,-46.46629642718462
2026-07-24 03:00:00,842.4134,883.2106871606421,795.4717055657617,939.7216687555225,-39.33791840511961
2026-07-24 04:00:00,842.4134,883.2174495826066,770.9169917727935,961.0627573924198,-25.587942190186926
2026-07-24 05:00:00,883.4134,884.1997393391034,711.5250914793984,984.6920871988082,18.54624785970509
2026-07-24 06:00:00,853.5724,850.1844320926452,665.5395088507566,944.1831153345339,25.272853241888555
2026-07-24 07:00:00,842.4134,856.5918921314981,703.7286167477063,949.03336751529,16.198875383791783
2026-07-24 08:00:00,688.0954,854.5222879468397,680.7062676432016,937.3504082504779,23.342220303638126
2026-07-24 09:00:00,642.4134,861.4012453316903,716.6321225465018,950.2438481168788,21.535722785188486
2026-07-24 10:00:00,642.4134,869.66665714209,733.2386030685947,965.9619312155853,28.903184073495368
2026-07-24 11:00:00,842.4134,872.5377902973695,745.1691798072962,964.4852707874425,33.269250490073325
2026-07-24 12:00:00,688.0954,891.5281260457865,778.6040067212045,972.0389453703687,21.68991932458187
2026-07-24 13:00:00,692.4134,897.7007892770858,790.1228294413409,976.3774491128312,31.533559835745038
2026-07-24 14:00:00,883.4134,905.8635976645152,797.1470073415479,996.5606879874823,40.56549032296707
2026-07-24 15:00:00,883.4134,922.7268996745076,805.2488663858423,1035.3960929631726,49.63659328866514
2026-07-24 16:00:00,912.4134,939.0925083373714,848.3498287544475,1022.9259379202955,26.59662958292394
2026-07-24 17:00:00,937.4134,947.6461809063428,881.0683338022307,1020.7572680104547,5.626887104111992
2026-07-24 18:00:00,952.4134,1032.852564164824,920.7512881257844,1165.6665402038632,51.46647603903933
2026-07-24 19:00:00,1012.4134,1037.8088568877863,909.3559844069355,1190.579569368637,60.84991248085077
2026-07-24 20:00:00,1012.4134,1019.8286212544448,877.3630179379116,1182.272584570978,73.2001633165331
2026-07-24 21:00:00,952.4134,981.2221601488568,885.7840184650753,1106.0441018326383,41.49779168378145
2026-07-24 22:00:00,912.4134,953.4971999862196,875.0277900571788,1046.9145599152605,9.737459929040773
2026-07-24 23:00:00,883.4134,931.7951529130064,812.5078264781764,1065.5947993478364,31.077306434830064
2026-07-25 00:00:00,692.47061,894.4069835141191,756.0712103712406,964.7326966569976,37.64147314287852
2026-07-25 01:00:00,685.99961,692.5032819883413,610.8846704266384,716.3262435500442,-41.72108843829712
2026-07-25 02:00:00,685.99961,692.5768318388612,609.3170282660458,727.0808754116766,-46.46629642718462
2026-07-25 03:00:00,685.99961,692.361772225537,593.0626306306567,741.9585138204175,-39.33791840511961
2026-07-25 04:00:00,695.99961,692.1731320571345,575.0135142473214,769.9045898669475,-25.587942190186926
2026-07-25 05:00:00,645.99961,696.82623848629,514.6094620582609,800.479914914319,15.219046428029095
2026-07-25 06:00:00,645.99961,652.2655994970461,473.1749144380032,757.1897845560889,19.762185059042817
2026-07-25 07:00:00,635.99961,638.4901157268772,473.3472688479782,747.5169626057761,13.833846878898918
2026-07-25 08:00:00,313.71361,602.8686200003692,435.35688621424936,714.2362537864891,19.292733786119907
2026-07-25 09:00:00,295.99961,599.0955025859932,448.80298416002455,711.6156410119619,23.419478425968645
2026-07-25 10:00:00,295.99961,594.8012768216971,436.1017327482018,712.0913308951925,28.903184073495368
2026-07-25 11:00:00,626.74361,611.7124294503526,463.48017919729506,721.6019497034102,29.511150253057576
2026-07-25 12:00:00,635.99961,639.7139961881437,490.2370768635618,727.5125855127255,21.68991932458187
2026-07-25 13:00:00,635.99961,648.3016908108482,505.38387027979286,750.4853113419035,31.939420531055355
2026-07-25 14:00:00,635.99961,707.3987259441483,573.966691043886,812.2269608444103,38.80063490026211
2026-07-25 15:00:00,645.99961,726.2549415002168,574.0203182115516,841.7558347888819,49.63659328866514
2026-07-25 16:00:00,775.99961,749.3426700325804,640.4608404496564,850.0791996155042,26.59662958292394
2026-07-25 17:00:00,775.99961,784.0852923754038,705.5309452712918,870.7398194795159,5.626887104111992
2026-07-25 18:00:00,935.99961,882.3734199609688,751.0345439219295,1013.1511960000081,51.46647603903933
2026-07-25 19:00:00,935.99961,904.6151280479776,755.5705155671268,1031.4438405288283,60.84991248085077
2026-07-25 20:00:00,935.99961,883.2863845600854,721.3932212435523,1022.7985478766185,73.2001633165331
2026-07-25 21:00:00,880.99961,849.8633833468232,727.3091916630418,956.5448350306046,41.49779168378145
2026-07-25 22:00:00,775.99961,817.2931091373174,710.5530192082766,889.3771390663583,9.737459929040773
2026-07-25 23:00:00,775.99961,781.1063115593576,657.7310051245274,887.2978179941877,31.077306434830064
2026-07-26 00:00:00,656.43802,712.479943614231,547.6079336129817,813.0463536154804,40.631960001249396
2026-07-26 01:00:00,656.43802,656.6587554100178,565.1649438483148,722.8647969717206,-41.72108843829712
2026-07-26 02:00:00,646.43802,655.7457136124882,557.0353100396729,742.8102971853036,-46.46629642718462
2026-07-26 03:00:00,646.43802,653.1269002842208,558.0909186893405,767.2456818791012,-39.33791840511961
2026-07-26 04:00:00,646.43802,650.5690208735263,535.2445430637132,774.4826386833394,-25.587942190186926
2026-07-26 05:00:00,646.43802,648.7337651598899,516.8211045673467,792.4583557524331,9.760860592543322
2026-07-26 06:00:00,616.43802,513.1150285520439,375.55828153040903,656.1702055736789,13.02508702163492
2026-07-26 07:00:00,156.43802,493.03723361435374,373.7310167354549,627.9340104932527,13.833846878898918
2026-07-26 08:00:00,156.43802,437.2401053601883,329.07756505655016,585.0402956638263,23.342220303638126
2026-07-26 09:00:00,156.43802,416.86574549993577,279.94199105765523,567.8651499422165,24.847104442280575
2026-07-26 10:00:00,156.43802,407.5267580414161,269.9933545192868,591.9824915635454,33.49873352212931
2026-07-26 11:00:00,156.43802,455.35821310086993,315.19996913279266,622.0301170689471,28.22012396807724
2026-07-26 12:00:00,301.17402,502.4103071226148,364.3454577980329,646.8196864471967,21.68991932458187
2026-07-26 13:00:00,616.43802,515.4167682137539,360.8636216051663,667.5877948223416,30.569426608587655
2026-07-26 14:00:00,646.43802,544.8523030404594,394.81146814019735,695.3680379407216,38.80063490026211
2026-07-26 15:00:00,656.43802,570.8280245919022,414.3373313032372,764.6227778805675,49.63659328866514
2026-07-26 16:00:00,656.43802,619.5196001384644,467.3607205555404,766.6172797213883,26.59662958292394
2026-07-26 17:00:00,694.83502,646.4584544720791,509.6822973679671,773.2922715761912,5.626887104111992
2026-07-26 18:00:00,786.43802,782.0003347685351,628.0304794416854,939.5249100953847,25.316315326849647
2026-07-26 19:00:00,796.43802,813.5712772834718,614.6990609128347,980.7482936541086,54.89131637063706
2026-07-26 20:00:00,786.43802,813.3873026493854,607.1442724071139,998.5156328916568,68.11537024227152
2026-07-26 21:00:00,786.43802,781.7021426563238,625.7437509725423,948.1163343401053,41.49779168378145
2026-07-26 22:00:00,776.43802,744.7471162264085,623.5750262973677,870.8538461554493,9.737459929040773
2026-07-26 23:00:00,656.43802,716.1646209777556,596.8154745429256,868.7969274125855,31.077306434830064
2026-07-27 00:00:00,593.78592,639.1875797825281,504.76431978127874,755.5677697837775,40.631960001249396
2026-07-27 01:00:00,593.78592,594.2405811549203,508.5626795932174,667.7518527166231,-41.72108843829712
2026-07-27 02:00:00,592.78592,594.4189398204054,489.23873624758994,680.7542433932208,-46.46629642718462
2026-07-27 03:00:00,592.78592,593.3270643852613,465.605502790381,649.7662459801418,-39.33791840511961
2026-07-27 04:00:00,593.78592,592.4230637956265,431.6238859858134,713.5425216054396,-25.587942190186926
2026-07-27 05:00:00,593.78592,592.6621069352061,335.56192634266273,731.4824675277495,9.760860592543322
2026-07-27 06:00:00,593.78592,529.583173467435,336.7188264458001,699.6461004890699,13.02508702163492
2026-07-27 07:00:00,593.78592,474.04533207325215,310.81972668946037,641.0371074570439,16.198875383791783
2026-07-27 08:00:00,593.78592,464.9646032024848,273.98100816312086,651.0000182418487,30.935805039363895
2026-07-27 09:00:00,593.78592,469.6496674505469,290.3435827827812,631.9636521183127,30.750684667765714
2026-07-27 10:00:00,593.78592,465.688600639313,285.53372661329854,661.1341246653274,45.94152402601436
2026-07-27 11:00:00,593.78592,502.0387584010194,315.3539381479618,667.1699686540769,29.511150253057576
2026-07-27 12:00:00,593.78592,536.5232405726856,372.49168124810376,661.3150598972675,21.68991932458187
2026-07-27 13:00:00,593.78592,641.9114293568442,490.46668251515,776.5522361985385,18.256076841694217
2026-07-27 14:00:00,593.78592,687.6100631013134,536.8580650155961,807.5257411870307,37.88383808571719
2026-07-27 15:00:00,643.78592,728.9991735482532,570.2184095734177,921.5092775230886,45.2904339748354
2026-07-27 16:00:00,643.78592,753.0268779199899,588.212848337066,879.1007075029139,26.59662958292394
2026-07-27 17:00:00,683.78592,792.1717692289913,651.1187821248792,928.7151563331033,5.626887104111992
2026-07-27 18:00:00,713.78592,877.6247836944942,762.7267683676445,1018.437299021344,25.316315326849647
2026-07-27 19:00:00,713.78592,865.052876259661,736.7657867095447,1033.6504658097772,52.14298955011624
2026-07-27 20:00:00,713.78592,823.2649768883191,681.1225066460476,992.9855971305907,68.11537024227152
2026-07-27 21:00:00,683.78592,805.9952748499804,676.4211831661991,962.9741065337619,41.49779168378145
2026-07-27 22:00:00,673.78592,763.274847006033,668.7795870769921,911.9488069350738,9.737459929040773
2026-07-27 23:00:00,613.78592,718.1587598089422,606.0997331471541,868.7318864707305,24.756526661788165
2026-07-28 00:00:00,644.01838,567.1138202619846,514.2829871191062,692.2873934048631,37.64147314287852
2026-07-28 01:00:00,644.01838,643.6131712910073,638.8535397293045,695.2730628527103,-41.72108843829712
2026-07-28 02:00:00,644.01838,643.6290051952261,643.2513516224108,689.9772187680414,-46.46629642718462
2026-07-28 03:00:00,644.01838,643.2807257766905,615.6021041818102,673.3164673715709,-39.33791840511961
2026-07-28 04:00:00,644.01838,643.0096486475443,594.2236308377314,716.4801464573573,-25.587942190186926
2026-07-28 05:00:00,644.51838,641.5716120230533,540.1149444302632,665.0718796158432,-17.08793240720999
2026-07-28 06:00:00,644.01838,597.8640372501158,474.21535022848093,654.8299242717508,13.02508702163492
2026-07-28 07:00:00,604.01838,588.9517684672969,485.8879930835051,667.0297938510887,16.198875383791783
2026-07-28 08:00:00,604.01838,590.1754752496137,446.19514021024975,653.3764402889776,30.935805039363895
2026-07-28 09:00:00,604.01838,582.3714363027847,457.736321635019,633.0823309705505,30.750684667765714
2026-07-28 10:00:00,604.01838,588.0855985544525,461.72527452843815,649.8264225804669,45.94152402601436
2026-07-28 11:00:00,604.01838,598.1762127822191,513.3068125291616,645.0204130352765,29.511150253057576
2026-07-28 12:00:00,604.01838,616.9129903633365,538.8459088630826,653.1486318635904,18.956481500253936
2026-07-28 13:00:00,644.01838,631.8101489889737,583.2992421472795,696.5018858306678,18.256076841694217
2026-07-28 14:00:00,654.01838,644.8784501144726,583.5187120287553,713.3475882001899,37.88383808571719
2026-07-28 15:00:00,654.01838,670.9945324361474,599.1408984613121,776.2231664109828,45.2904339748354
2026-07-28 16:00:00,654.01838,694.7993140392352,601.4579244563113,757.1243436221591,26.59662958292394
2026-07-28 17:00:00,691.02838,731.4199587241895,679.0458716200776,841.8812858283015,5.626887104111992
2026-07-28 18:00:00,954.01838,792.0439849602295,701.8137089211903,945.9226909992688,51.46647603903933
2026-07-28 19:00:00,984.01838,766.0549495278151,658.4912731571781,873.9795658984519,54.89131637063706
2026-07-28 20:00:00,1164.01838,745.318870196146,628.2845599538746,866.7404004384175,68.11537024227152
2026-07-28 21:00:00,943.01838,718.3804884885176,646.0319968047361,826.487830172299,41.49779168378145
2026-07-28 22:00:00,674.01838,703.2761258014724,622.9477358724317,787.2892857305131,9.737459929040773
2026-07-28 23:00:00,654.01838,664.4486051574594,566.1990784956713,773.1460618192475,24.756526661788165
2026-07-29 00:00:00,662.76372,644.9448753115768,583.1310321686982,769.5268484544554,37.64147314287852
2026-07-29 01:00:00,643.26372,662.4913379110319,642.4421963493289,724.3430194727348,-41.72108843829712
2026-07-29 02:00:00,642.96372,662.6115835241292,647.7407003028931,734.8958467453654,-46.32821677876385
2026-07-29 03:00:00,643.26372,662.6413272215042,624.1180456266238,726.7893088163846,-39.33791840511961
2026-07-29 04:00:00,643.26372,662.6485092994646,605.4262114896517,702.4583271092778,-25.587942190186926
2026-07-29 05:00:00,662.76372,662.3796610987945,592.0053935060046,691.5256286915845,-17.08793240720999
2026-07-29 06:00:00,643.26372,627.3950274831762,541.6615104615413,696.2801645048112,13.02508702163492
2026-07-29 07:00:00,642.96372,613.0126246514449,546.623249267653,701.5924000352367,16.198875383791783
2026-07-29 08:00:00,642.96372,607.5400267423784,504.3030917030145,705.2865617817423,30.935805039363895
2026-07-29 09:00:00,642.96372,606.6568950876957,507.98012041992996,696.7238597554615,30.750684667765714
2026-07-29 10:00:00,642.96372,616.4132253957074,505.419451369693,710.6247994217217,45.94152402601436
2026-07-29 11:00:00,642.96372,616.6568643474507,510.1029840943931,647.8339046005083,29.511150253057576
2026-07-29 12:00:00,642.96372,636.0726027502266,531.8800712499726,664.0336042504806,18.956481500253936
2026-07-29 13:00:00,642.96372,653.1291599302946,570.3604230886003,691.6931367719889,18.256076841694217
2026-07-29 14:00:00,642.96372,667.6482862833145,559.4794481975972,731.5854243690317,37.88383808571719
2026-07-29 15:00:00,662.76372,682.9102675437232,578.2046335688879,794.8263615185587,45.2904339748354
2026-07-29 16:00:00,672.76372,693.4602951963094,603.6256656133854,754.1757747792333,26.59662958292394
2026-07-29 17:00:00,742.76372,734.2037503867523,680.8854772509027,796.1139235226019,-0.32312686415032466
2026-07-29 18:00:00,1002.76372,858.1017638802506,768.6553132725594,987.0597344879417,58.760100607691115
2026-07-29 19:00:00,1002.76372,942.9171339512496,820.1005993739856,1093.7299685285138,60.243634577264075
2026-07-29 20:00:00,1002.76372,941.1601220128292,790.3552886962962,1134.8019953293622,73.2001633165331
2026-07-29 21:00:00,991.76372,836.3952136251402,715.2660250087878,996.2874422414925,43.68588861635241
2026-07-29 22:00:00,742.76372,735.3462829665532,656.0049230375124,837.8398828955941,9.737459929040773
2026-07-29 23:00:00,689.73572,706.4312278495846,625.1690211877965,837.9251145113727,24.756526661788165
2026-07-30 00:00:00,893.34505,663.9166988264942,560.5102756836156,793.8110219693729,37.64147314287852
2026-07-30 01:00:00,893.34505,892.4378630967508,825.6526875881975,966.156868605304,-42.5168244914467
2026-07-30 02:00:00,893.34505,892.1299569318656,846.9773237106295,948.1548901531019,-46.32821677876385
2026-07-30 03:00:00,893.34505,891.6911471148503,836.6238487319472,925.1727754977534,-41.57647161709685
2026-07-30 04:00:00,992.84505,891.7077748371764,814.5945740304013,922.4490756439516,-37.54089919322481
2026-07-30 05:00:00,992.84505,886.159651942769,808.5639161135767,908.7245477719612,-26.740714170807745
2026-07-30 06:00:00,992.84505,809.8450937321386,703.2827067105036,879.3959407537735,13.02508702163492
2026-07-30 07:00:00,893.34505,822.26454420492,729.0472688211281,889.8112195887118,16.198875383791783
2026-07-30 08:00:00,743.34505,821.9754002205058,706.1552951811418,902.0653052598697,30.935805039363895
2026-07-30 09:00:00,743.34505,822.3625545154391,736.3234698476733,899.6796391832048,30.750684667765714
2026-07-30 10:00:00,893.34505,831.7414435825094,719.452059556495,920.2798076085237,45.94152402601436
2026-07-30 11:00:00,893.34505,833.3218556493022,747.6248053962445,904.8784659023597,29.511150253057576
2026-07-30 12:00:00,893.34505,808.4723074201061,708.7577859198522,858.5277889203601,18.956481500253936
2026-07-30 13:00:00,893.34505,818.5627965547644,753.7624097130702,860.6124133964587,18.256076841694217
2026-07-30 14:00:00,992.84505,822.1822907094383,728.6262926237212,884.9584887951556,37.88383808571719
2026-07-30 15:00:00,992.84505,841.2220802086099,731.5341462337745,936.0795641834453,45.2904339748354
2026-07-30 16:00:00,1003.34505,853.9747674564818,757.2353078735579,943.5430970394058,26.59662958292394
2026-07-30 17:00:00,1003.34505,886.6905060153975,834.5742928795479,957.3563391512472,-0.32312686415032466
2026-07-30 18:00:00,1199.34505,984.7311114272972,881.1520233008273,1140.092419553767,62.25624812646982
2026-07-30 19:00:00,1208.34505,1013.6270055530352,884.7464709757712,1198.9997901302993,60.243634577264075
2026-07-30 20:00:00,1199.34505,1009.6622863464928,841.0046630299597,1229.6521896630259,73.2001633165331
2026-07-30 21:00:00,1208.34505,961.723024526588,828.7634659102356,1149.1907131429405,43.68588861635241
2026-07-30 22:00:00,1003.34505,868.0838836851383,776.2889837560974,991.7279536141792,9.737459929040773
2026-07-30 23:00:00,992.84505,854.5168110671156,736.1640844053275,1000.2989977289037,24.756526661788165
2026-07-31 00:00:00,982.09867,860.4348413977983,772.195081396549,924.7740013990475,40.631960001249396
2026-07-31 01:00:00,892.09867,981.602550892328,951.5350053837749,1012.1470564008814,-42.5168244914467
2026-07-31 02:00:00,972.59867,981.6556368402256,941.3906712934203,1010.139662387031,-47.371404453194586
2026-07-31 03:00:00,972.59867,981.5097646448188,933.8195385750272,1000.84589071461,-42.870973930208464
2026-07-31 04:00:00,982.09867,981.6476301825317,925.4533893757565,1013.7551909893067,-37.54089919322481
2026-07-31 05:00:00,982.09867,983.0400458128208,897.8481414057638,1015.6706502198779,-15.999795592942963
2026-07-31 06:00:00,982.09867,932.7493104696088,820.5044754105659,999.5964455286515,19.762185059042817
2026-07-31 07:00:00,892.09867,931.9484536166472,832.1243270991888,979.2918601341057,20.405966517458424
2026-07-31 08:00:00,892.09867,925.893402862598,788.4692378232342,982.8205079019618,30.935805039363895
2026-07-31 09:00:00,892.09867,928.3558811917236,814.8955365239577,999.0120058594892,30.750684667765714
2026-07-31 10:00:00,892.09867,937.0800347881228,808.2238107621084,1001.4884588141371,45.94152402601436
2026-07-31 11:00:00,892.09867,940.7717221633624,851.5751719103047,999.83347241642,29.511150253057576
2026-07-31 12:00:00,892.09867,948.7672033321542,846.0335840075722,981.1198226567359,21.68991932458187
2026-07-31 13:00:00,892.09867,959.4525054060762,881.553890279794,1007.0258205323585,28.664715126282328
2026-07-31 14:00:00,982.09867,991.7553483375252,898.626553437263,1047.4930832377872,38.80063490026211
2026-07-31 15:00:00,982.09867,1013.8663779901166,906.7543847014515,1090.1256712787817,49.63659328866514
2026-07-31 16:00:00,991.59867,1022.7469557894104,911.4788850306691,1107.1781665481517,51.365210758741334
2026-07-31 17:00:00,991.59867,1039.80265605549,1000.3027689513781,1108.625143159602,5.626887104111992
2026-07-31 18:00:00,1106.09867,1179.9460795126176,1071.2527800401601,1326.0103789850752,74.29509947245761
2026-07-31 19:00:00,1162.09867,1195.8245065782774,1076.7725524656514,1365.691960690903,70.60345411262573
2026-07-31 20:00:00,1106.09867,1173.5466421982458,1057.512478881713,1322.8731055147787,73.2001633165331
2026-07-31 21:00:00,1107.09867,1151.7484731522577,1066.0829689210743,1266.661577383441,49.824604231183216
2026-07-31 22:00:00,991.59867,1064.5299520866788,1001.1241647913758,1158.3778393819816,19.836687295303
2026-07-31 23:00:00,982.09867,1043.3537973300486,964.5788706682604,1167.8558239918368,24.756526661788165
2026-08-01 00:00:00,989.5918,948.5021061031316,808.2769094100192,1050.9505727962437,44.50650669311235
2026-08-01 01:00:00,989.5918,988.9035113207276,924.1037277568192,1045.2966948846358,-41.14441643609167
2026-08-01 02:00:00,989.5918,987.8044848011994,925.5080292543939,1046.189540348005,-47.371404453194586
2026-08-01 03:00:00,985.0918,986.0806740803772,920.1611480105856,1045.303500150169,-42.870973930208464
2026-08-01 04:00:00,989.5918,984.7209442843958,914.5783434776206,1049.4760150911713,-37.54089919322481
2026-08-01 05:00:00,989.5918,982.4340518456984,874.6167474386413,1033.7223562527556,-15.999795592942963
2026-08-01 06:00:00,989.5918,894.6560650124432,746.8000299534003,973.0715900714858,19.762185059042817
2026-08-01 07:00:00,985.0918,883.6296694777975,762.0815029603391,967.5552759952559,20.405966517458424
2026-08-01 08:00:00,650.0918,875.4454959562548,715.813060916891,960.5245709956189,30.935805039363895
2026-08-01 09:00:00,890.5918,877.0712904251088,746.280005757343,968.7202750928745,30.750684667765714
2026-08-01 10:00:00,890.5918,876.1732233435707,731.5515693175564,990.5743873695852,45.94152402601436
2026-08-01 11:00:00,890.5918,880.8154516614258,752.8788014083682,987.3923019144834,29.511150253057576
2026-08-01 12:00:00,890.5918,897.0849709350637,766.7158516104819,990.8475902596455,21.68991932458187
2026-08-01 13:00:00,890.5918,898.103777546343,776.1434624200608,991.8660926726254,28.664715126282328
2026-08-01 14:00:00,985.0918,921.32840915444,789.1989742541779,1010.7055440547019,38.80063490026211
2026-08-01 15:00:00,989.5918,938.0581810719858,811.0094870971503,1057.6871150468212,45.2904339748354
2026-08-01 16:00:00,989.5918,952.1878519222208,845.0889223392968,1046.6579815051448,26.59662958292394
2026-08-01 17:00:00,990.0918,974.1411505078444,890.6621354258326,1048.2639255898562,5.558075082011893
2026-08-01 18:00:00,1015.0918,1085.901979299587,956.2768711731173,1236.354327426057,62.25624812646982
2026-08-01 19:00:00,1050.0918,1096.3961237768006,963.1281488651975,1253.8659986884038,59.229074911603135
2026-08-01 20:00:00,1040.0918,1087.5722369031405,930.3783166608691,1235.4037071454122,68.11537024227152
2026-08-01 21:00:00,1050.0918,1078.901624720886,951.4853804897028,1213.0423289520693,49.824604231183216
2026-08-01 22:00:00,1015.0918,1033.6800092239273,913.2646219286243,1146.1311965192301,19.836687295303
2026-08-01 23:00:00,990.0918,1016.6711549756914,877.8963883139032,1148.0081416374794,24.756526661788165
2026-08-02 00:00:00,942.6046,983.4651864503082,895.8496297571959,1067.6448431434205,44.50650669311235
2026-08-02 01:00:00,942.6046,942.49945164018,931.3158280762717,959.2464952040884,-41.14441643609167
2026-08-02 02:00:00,722.6046,942.3255465589108,917.6751510121054,955.5641421057162,-47.371404453194586
2026-08-02 03:00:00,893.1046,941.6342203404744,912.2341942706828,964.7872464102658,-42.870973930208464
2026-08-02 04:00:00,893.1046,941.053690649588,892.8089898428129,966.5854914563632,-37.54089919322481
2026-08-02 05:00:00,942.6046,940.6402750886976,852.0424247457054,974.5293254316897,-29.6725996570078
2026-08-02 06:00:00,652.6046,885.3796461576025,746.6266429157139,968.0813493994909,25.272853241888555
2026-08-02 07:00:00,622.6046,878.2782999362021,732.2444231172216,958.0433367551825,26.070236818980415
2026-08-02 08:00:00,492.6046,842.2830698493285,667.8076763077258,925.121863390931,47.25273354160261
2026-08-02 09:00:00,241.0846,849.1502841487076,694.0903594809419,915.2520288164734,30.750684667765714
2026-08-02 10:00:00,369.8146,853.221056129626,685.4780921036116,931.3652401556405,45.94152402601436
2026-08-02 11:00:00,492.6046,855.3515859304562,722.4204756773985,902.0491761835136,29.511150253057576
2026-08-02 12:00:00,492.6046,872.9271080420465,752.3433487174647,904.3933273666282,21.68991932458187
2026-08-02 13:00:00,622.6046,879.5765927777643,772.3480176514819,941.7384079040468,28.664715126282328
2026-08-02 14:00:00,622.6046,909.7220608756857,804.7436259754235,971.714855775948,38.80063490026211
2026-08-02 15:00:00,642.6046,926.8858320843638,836.3882381095283,987.590106059199,45.2904339748354
2026-08-02 16:00:00,942.6046,946.9683486702756,882.2849190873516,1002.4976782531995,26.59662958292394
2026-08-02 17:00:00,992.1046,975.2072589384536,941.9688838564416,1035.0257340204653,5.558075082011893
2026-08-02 18:00:00,992.1046,1057.7697314852264,953.8538833587565,1178.6847796116963,62.25624812646982
2026-08-02 19:00:00,992.1046,1059.4360907786515,958.7930158670486,1180.4579656902552,59.229074911603135
2026-08-02 20:00:00,1017.6046,1047.8108711062498,947.9666508639783,1172.494891348521,68.11537024227152
2026-08-02 21:00:00,1017.6046,1034.8098973085437,947.2836530773603,1142.018361539727,49.824604231183216
2026-08-02 22:00:00,992.1046,1011.1711029530436,939.9105556577405,1098.9583902483464,19.836687295303
2026-08-02 23:00:00,992.1046,989.7351256287806,909.1353489669924,1093.797402290569,24.756526661788165
2026-08-03 00:00:00,989.52102,933.4588441687772,759.0703874756649,1041.7577508618895,44.50650669311235
2026-08-03 01:00:00,989.52102,989.1128859824672,866.9400524185588,1022.6448595463755,-41.14441643609167
2026-08-03 02:00:00,989.52102,988.6015735212184,869.0030679744129,1008.4980490680239,-47.371404453194586
2026-08-03 03:00:00,989.52102,986.9737232853654,863.8254349024622,1018.7452516682685,-41.57647161709685
2026-08-03 04:00:00,995.02102,985.7206927508944,855.2218572111306,1046.294258290658,-36.620934460236214
2026-08-03 05:00:00,989.52102,982.9955928077528,843.9623825867429,1024.436403028763,-35.20758977899
2026-08-03 06:00:00,989.52102,804.8156434000068,647.6633752654942,922.7416115345195,26.29716813451258
2026-08-03 07:00:00,989.52102,802.6263346590163,607.8214260564362,943.7219532615964,39.634618602580055
2026-08-03 08:00:00,989.52102,785.6148814218375,607.9894613403836,967.1455215032913,62.94119008145388
2026-08-03 09:00:00,989.52102,771.8994688574282,612.3775180184539,916.1033596964024,35.8134508389743
2026-08-03 10:00:00,989.52102,774.8741043085461,613.2363493061285,956.2188093109635,65.30205500241756
2026-08-03 11:00:00,989.52102,805.7380760440899,672.4249455540166,936.1610965341632,33.269250490073325
2026-08-03 12:00:00,989.52102,794.4156276763172,656.7706527650273,902.0076025876069,27.219674911289843
2026-08-03 13:00:00,989.52102,836.1186218835494,684.5155969560085,981.3877968110903,52.89342492754092
2026-08-03 14:00:00,995.02102,860.6242122551378,725.6171319321708,947.978072578105,40.56549032296707
2026-08-03 15:00:00,1001.02102,886.6010760696986,733.2835227810335,1018.3294093583637,49.63659328866514
2026-08-03 16:00:00,1020.02102,955.0822293425058,839.2523997595819,1054.8344589254298,26.59662958292394
2026-08-03 17:00:00,1020.02102,995.0014684126712,887.1769933306593,1078.196143494683,5.558075082011893
2026-08-03 18:00:00,1025.02102,1032.1949896574488,898.5987415309789,1176.8854377839189,62.25624812646982
2026-08-03 19:00:00,1050.02102,1053.4274119808035,904.0459070692004,1184.3704868924067,59.229074911603135
2026-08-03 20:00:00,1025.02102,1055.3260027250092,884.0717924827378,1194.2298729672807,68.11537024227152
2026-08-03 21:00:00,1025.02102,1048.913249763607,921.0322055324236,1208.7705539947901,49.824604231183216
2026-08-03 22:00:00,1020.02102,1024.888698930377,917.8757116350738,1135.28198622568,19.836687295303
2026-08-03 23:00:00,995.02102,1012.3351143888592,932.5663377270711,1120.7297910506475,24.756526661788165
2026-08-04 00:00:00,1024.02798,938.6816317750248,879.4356750819124,992.7077884681371,44.50650669311235
2026-08-04 01:00:00,1021.02798,1023.3414329588346,1041.7237493949262,1000.7819165227431,-41.14441643609167
2026-08-04 02:00:00,1021.02798,1023.4007359365582,1032.4430903897528,1003.6795914833638,-47.371404453194586
2026-08-04 03:00:00,980.02798,1023.0546218049956,1013.8524934220925,1016.0413501878985,-41.57647161709685
2026-08-04 04:00:00,1018.22798,1023.3352201976236,988.6224246578597,1023.7290857373873,-36.620934460236214
2026-08-04 05:00:00,1024.02798,1021.1800485514972,955.4960383304872,1003.2575287725072,-35.20758977899
2026-08-04 06:00:00,1024.02798,958.3237031971358,819.6074497524829,1000.7423166417889,28.377713444652954
2026-08-04 07:00:00,980.02798,948.6815428316844,783.8127973069733,1021.4322983563956,49.79461552471114
2026-08-04 08:00:00,686.89998,950.5132190627724,749.9318256570066,1049.9784024685382,77.45432340576579
2026-08-04 09:00:00,816.13198,947.0589485309802,770.4301036601848,1023.2648234017755,56.50177487079532
2026-08-04 10:00:00,980.02798,950.2597886374876,778.8303636293042,1046.291933645671,66.13398500818343
2026-08-04 11:00:00,1021.02798,955.1160742418128,841.7251755406905,1008.9239729429353,33.462398701122304
2026-08-04 12:00:00,980.02798,976.7610920370748,876.6461763757844,1022.9605376983653,32.886155661290495
2026-08-04 13:00:00,1021.02798,978.8896846758298,853.8096631001299,1051.9593062515298,61.091071575699864
2026-08-04 14:00:00,1024.02798,986.0269132704846,900.3143476487784,1045.4172188921907,49.79433562170618
2026-08-04 15:00:00,1024.02798,985.244219136367,910.1043858477019,1062.348372425032,49.63659328866514
2026-08-04 16:00:00,1049.52798,997.0496825956023,943.0422530126784,1043.2119121785265,26.59662958292394
2026-08-04 17:00:00,1024.02798,1003.0441947242398,984.125949642228,1045.7272298062517,5.558075082011893
2026-08-04 18:00:00,1050.02798,1087.8975791697817,1003.5381910433117,1193.7047272962516,62.25624812646982
2026-08-04 19:00:00,1060.02798,1076.3049387215085,997.3564338099055,1178.712143633112,59.229074911603135
2026-08-04 20:00:00,1060.02798,1077.2714108966454,974.3575106543739,1184.8405511389174,68.11537024227152
2026-08-04 21:00:00,1060.02798,1077.1043315719758,993.3363073407925,1162.4183758031588,49.824604231183216
2026-08-04 22:00:00,1024.02798,1063.498217393081,1006.4045300977779,1115.8790046883837,19.836687295303
2026-08-04 23:00:00,1024.02798,1042.4682168336494,981.6737901718612,1092.7124934954375,24.756526661788165
2026-08-05 00:00:00,1024.0,1016.049983240378,916.6705188602857,1120.7408476204703,55.4952643800923
