fecha_hora,real,pred
2026-01-01 01:00:00,307.90985,328.1208097649278
2026-01-01 02:00:00,296.32185,327.9137182737694
2026-01-01 03:00:00,296.32185,327.1624058252021
2026-01-01 04:00:00,296.32185,327.9008554007805
2026-01-01 05:00:00,296.32185,327.76295140716235
2026-01-01 06:00:00,296.32185,326.9227929559801
2026-01-01 07:00:00,296.32185,299.20684080750436
2026-01-01 08:00:00,272.90985,286.3724369983318
2026-01-01 09:00:00,104.99185,285.46711863479317
2026-01-01 10:00:00,103.53785,282.4226668495414
2026-01-01 11:00:00,244.80985,283.0001804664422
2026-01-01 12:00:00,272.90985,285.2986612732516
2026-01-01 13:00:00,292.90985,292.73822276395646
2026-01-01 14:00:00,296.32185,288.53199318079544
2026-01-01 15:00:00,296.32185,291.78128923314597
2026-01-01 16:00:00,296.32185,296.0511355358803
2026-01-01 17:00:00,327.90985,315.0947748681629
2026-01-01 18:00:00,332.90985,316.31721440893216
2026-01-01 19:00:00,332.90985,310.05785667559906
2026-01-01 20:00:00,332.90985,315.21577904505637
2026-01-01 21:00:00,332.90985,308.04258888381025
2026-01-01 22:00:00,332.90985,312.4248588227906
2026-01-01 23:00:00,327.90985,306.9651559025926
2026-01-02 00:00:00,329.20101,322.1288960009232
2026-01-02 01:00:00,326.20101,329.6140190195249
2026-01-02 02:00:00,326.20101,328.9216489484452
2026-01-02 03:00:00,329.20101,328.19873489469023
2026-01-02 04:00:00,326.20101,328.40762602487274
2026-01-02 05:00:00,329.20101,328.03594424994276
2026-01-02 06:00:00,329.20101,336.87463335523097
2026-01-02 07:00:00,329.20101,332.4599501892698
2026-01-02 08:00:00,329.20101,313.77916821570636
2026-01-02 09:00:00,326.20101,251.31301270350457
2026-01-02 10:00:00,326.20101,250.70074618789926
2026-01-02 11:00:00,329.20101,310.7784325269525
2026-01-02 12:00:00,329.20101,307.05243675296566
2026-01-02 13:00:00,329.20101,324.3128355280775
2026-01-02 14:00:00,329.20101,333.90621290803875
2026-01-02 15:00:00,331.20101,337.1087283616144
2026-01-02 16:00:00,331.20101,344.31601834095915
2026-01-02 17:00:00,352.17901,349.05669536589716
2026-01-02 18:00:00,352.17901,359.0551547932489
2026-01-02 19:00:00,352.17901,351.9125848315202
2026-01-02 20:00:00,352.17901,340.26789177625005
2026-01-02 21:00:00,352.17901,342.64705984205347
2026-01-02 22:00:00,352.17901,340.3404954932539
2026-01-02 23:00:00,331.20101,331.732976468537
2026-01-03 00:00:00,342.48147,310.0130737007901
2026-01-03 01:00:00,342.48147,342.5988720328311
2026-01-03 02:00:00,327.48147,342.45591578742403
2026-01-03 03:00:00,327.48147,341.61082478927403
2026-01-03 04:00:00,327.48147,342.41656921015226
2026-01-03 05:00:00,327.48147,342.4049149972852
2026-01-03 06:00:00,327.48147,333.7133313041541
2026-01-03 07:00:00,327.48147,315.92409299755917
2026-01-03 08:00:00,327.48147,310.2235296380445
2026-01-03 09:00:00,327.48147,293.3724340896335
2026-01-03 10:00:00,327.48147,296.160995010107
2026-01-03 11:00:00,327.48147,333.29556372438265
2026-01-03 12:00:00,327.48147,335.6607096893485
2026-01-03 13:00:00,327.48147,339.307468816635
2026-01-03 14:00:00,332.48147,341.098697798719
2026-01-03 15:00:00,342.48147,346.4367566662991
2026-01-03 16:00:00,352.07947,348.9912753005014
2026-01-03 17:00:00,354.48147,360.50239698401174
2026-01-03 18:00:00,354.48147,368.99774442137584
2026-01-03 19:00:00,354.48147,363.5873332929491
2026-01-03 20:00:00,354.48147,354.55087529973105
2026-01-03 21:00:00,354.48147,353.59683019305896
2026-01-03 22:00:00,352.07947,356.23992553385966
2026-01-03 23:00:00,352.07947,341.62070541654214
2026-01-04 00:00:00,282.47952,343.328902818583
2026-01-04 01:00:00,282.47952,282.3427633318684
2026-01-04 02:00:00,282.47952,282.1364477285748
2026-01-04 03:00:00,282.47952,282.37015416480256
2026-01-04 04:00:00,282.47952,282.06634382062236
2026-01-04 05:00:00,282.47952,281.975908990755
2026-01-04 06:00:00,282.47952,282.52501009273215
2026-01-04 07:00:00,282.47952,295.36835281421685
2026-01-04 08:00:00,282.47952,304.76745487018354
2026-01-04 09:00:00,268.11152,293.80148445742407
2026-01-04 10:00:00,268.11152,309.98106094439476
2026-01-04 11:00:00,282.47952,315.61834889561436
2026-01-04 12:00:00,282.47952,315.52509029477164
2026-01-04 13:00:00,282.47952,318.5524352003498
2026-01-04 14:00:00,282.47952,327.0541347377321
2026-01-04 15:00:00,282.47952,337.5836620435967
2026-01-04 16:00:00,330.47952,337.75198661823896
2026-01-04 17:00:00,334.47952,350.0285504252786
2026-01-04 18:00:00,347.07752,355.61132714405454
2026-01-04 19:00:00,347.07752,359.68911817914574
2026-01-04 20:00:00,347.07752,344.26940948998475
2026-01-04 21:00:00,343.47952,342.88315841975555
2026-01-04 22:00:00,342.47952,335.61493703263324
2026-01-04 23:00:00,334.47952,314.8971846807625
2026-01-05 00:00:00,293.94594,295.54039482328386
2026-01-05 01:00:00,293.94594,293.94995014250907
2026-01-05 02:00:00,269.57794,293.84757859202335
2026-01-05 03:00:00,262.43094,293.48748012783676
2026-01-05 04:00:00,269.57794,293.92945018336064
2026-01-05 05:00:00,293.94594,294.0008466997745
2026-01-05 06:00:00,334.16294,294.2656040026631
2026-01-05 07:00:00,334.16294,304.01431450084283
2026-01-05 08:00:00,334.16294,306.22773797391517
2026-01-05 09:00:00,334.16294,291.19637719310595
2026-01-05 10:00:00,334.16294,305.5150184510038
2026-01-05 11:00:00,334.16294,300.99612074654874
2026-01-05 12:00:00,334.16294,305.2647187753211
2026-01-05 13:00:00,338.94594,307.39937179857054
2026-01-05 14:00:00,338.94594,311.49176823236985
2026-01-05 15:00:00,338.94594,320.2530563593822
2026-01-05 16:00:00,338.94594,332.488100606285
2026-01-05 17:00:00,338.94594,337.8146125088267
2026-01-05 18:00:00,353.94594,349.11963282335427
2026-01-05 19:00:00,353.94594,351.634452644586
2026-01-05 20:00:00,353.94594,337.4156298183225
2026-01-05 21:00:00,338.94594,340.38687401137884
2026-01-05 22:00:00,338.94594,328.1600311502134
2026-01-05 23:00:00,338.94594,320.2723959031339
2026-01-06 00:00:00,301.18493,299.3847900975171
2026-01-06 01:00:00,301.18493,301.2974981835751
2026-01-06 02:00:00,301.18493,301.03630510111407
2026-01-06 03:00:00,301.18493,301.01074453563837
2026-01-06 04:00:00,301.18493,300.6487001029769
2026-01-06 05:00:00,312.18493,301.1859019942694
2026-01-06 06:00:00,312.18493,302.63592018235875
2026-01-06 07:00:00,312.18493,311.86203495720383
2026-01-06 08:00:00,312.18493,320.1594647158704
2026-01-06 09:00:00,312.18493,313.89035883639383
2026-01-06 10:00:00,312.18493,317.02408922956585
2026-01-06 11:00:00,312.18493,323.71243349452857
2026-01-06 12:00:00,312.18493,321.50155351298196
2026-01-06 13:00:00,312.18493,324.196133966951
2026-01-06 14:00:00,312.18493,333.83711769851925
2026-01-06 15:00:00,312.18493,337.0975558050569
2026-01-06 16:00:00,339.18493,338.972194576039
2026-01-06 17:00:00,339.18493,336.7660230342066
2026-01-06 18:00:00,349.60093,349.6506008118418
2026-01-06 19:00:00,349.60093,357.5754734199918
2026-01-06 20:00:00,339.18493,341.97754891767846
2026-01-06 21:00:00,339.18493,341.077153874737
2026-01-06 22:00:00,322.18493,335.6102109386117
2026-01-06 23:00:00,312.18493,318.72996092806403
2026-01-07 00:00:00,252.71747,296.825345317035
2026-01-07 01:00:00,252.71747,252.78497266200773
2026-01-07 02:00:00,245.61747,252.6547101779991
2026-01-07 03:00:00,245.61747,251.99507690116823
2026-01-07 04:00:00,249.61747,252.71200592118973
2026-01-07 05:00:00,252.71747,253.13962667059633
2026-01-07 06:00:00,252.71747,252.99509020407868
2026-01-07 07:00:00,252.71747,271.63641194637654
2026-01-07 08:00:00,252.71747,282.8414648957567
2026-01-07 09:00:00,245.61747,286.0587568278914
2026-01-07 10:00:00,249.61747,290.7664696162272
2026-01-07 11:00:00,252.71747,300.9776326540062
2026-01-07 12:00:00,252.71747,300.2973202494164
2026-01-07 13:00:00,252.71747,303.7652557806912
2026-01-07 14:00:00,261.20247,306.86823240598875
2026-01-07 15:00:00,292.71747,307.10250401337146
2026-01-07 16:00:00,292.71747,314.358017760078
2026-01-07 17:00:00,312.71747,320.51441925018355
2026-01-07 18:00:00,328.20947,336.9303247472906
2026-01-07 19:00:00,328.20947,342.4688179966114
2026-01-07 20:00:00,328.20947,326.4561189399367
2026-01-07 21:00:00,321.71747,324.55481944918296
2026-01-07 22:00:00,312.71747,307.7977446782628
2026-01-07 23:00:00,292.71747,282.85601724234516
2026-01-08 00:00:00,108.19992,265.03668373310245
2026-01-08 01:00:00,108.19992,107.94423193860783
2026-01-08 02:00:00,108.19992,107.84411291253954
2026-01-08 03:00:00,108.19992,108.32381915844533
2026-01-08 04:00:00,118.19992,108.06929774520654
2026-01-08 05:00:00,156.68492,108.46584249407533
2026-01-08 06:00:00,118.19992,107.60101646456127
2026-01-08 07:00:00,118.19992,159.78741527346952
2026-01-08 08:00:00,118.19992,191.64651019144543
2026-01-08 09:00:00,108.19992,163.51708423623003
2026-01-08 10:00:00,118.19992,185.17515870009325
2026-01-08 11:00:00,156.68492,216.5195642992092
2026-01-08 12:00:00,228.19992,220.61131882996395
2026-01-08 13:00:00,118.19992,227.11267346768892
2026-01-08 14:00:00,238.19992,248.3613085899625
2026-01-08 15:00:00,270.19992,264.46941675115545
2026-01-08 16:00:00,270.19992,256.97470394746625
2026-01-08 17:00:00,288.19992,272.6138590461973
2026-01-08 18:00:00,288.19992,298.5917557464595
2026-01-08 19:00:00,288.19992,313.7205809566121
2026-01-08 20:00:00,288.19992,280.7537003208735
2026-01-08 21:00:00,288.19992,281.28903038765793
2026-01-08 22:00:00,270.19992,247.868929538984
2026-01-08 23:00:00,270.19992,196.17852173436248
2026-01-09 00:00:00,148.95631,144.57999578714535
2026-01-09 01:00:00,124.95631,148.62958607093194
2026-01-09 02:00:00,124.95631,148.89423862397922
2026-01-09 03:00:00,124.95631,148.8736600955066
2026-01-09 04:00:00,148.95631,149.15745643541206
2026-01-09 05:00:00,148.95631,150.83082124610786
2026-01-09 06:00:00,209.95631,150.34679226044497
2026-01-09 07:00:00,209.95631,172.75694489403728
2026-01-09 08:00:00,148.95631,178.75468580034567
2026-01-09 09:00:00,124.95631,161.99426149950853
2026-01-09 10:00:00,124.95631,171.22951489422775
2026-01-09 11:00:00,148.95631,232.2898647162595
2026-01-09 12:00:00,148.95631,218.4405591646353
2026-01-09 13:00:00,209.95631,174.5488566672409
2026-01-09 14:00:00,249.95631,236.1439578678123
2026-01-09 15:00:00,249.95631,248.7488734440751
2026-01-09 16:00:00,249.95631,244.1083561529777
2026-01-09 17:00:00,249.95631,260.2503509332725
2026-01-09 18:00:00,279.95631,272.46056008996686
2026-01-09 19:00:00,279.95631,272.6629959850695
2026-01-09 20:00:00,279.95631,262.501889274636
2026-01-09 21:00:00,249.95631,261.53152281739204
2026-01-09 22:00:00,249.95631,237.96294202706306
2026-01-09 23:00:00,228.85631,214.5269462650345
2026-01-10 00:00:00,176.78564,159.70005346846463
2026-01-10 01:00:00,176.78564,176.72736196757336
2026-01-10 02:00:00,165.78564,176.7588476388814
2026-01-10 03:00:00,165.78564,176.74322931249537
2026-01-10 04:00:00,165.78564,176.74425032974025
2026-01-10 05:00:00,176.78564,176.96560708600975
2026-01-10 06:00:00,176.78564,178.64756354302867
2026-01-10 07:00:00,176.78564,192.53002870022834
2026-01-10 08:00:00,151.78564,186.8317839126497
2026-01-10 09:00:00,113.86764,162.99549776037549
2026-01-10 10:00:00,113.86764,164.81153737482086
2026-01-10 11:00:00,151.78564,175.0518337091558
2026-01-10 12:00:00,151.78564,185.80278427872994
2026-01-10 13:00:00,151.78564,201.55749997211078
2026-01-10 14:00:00,176.78564,237.5319446115043
2026-01-10 15:00:00,176.78564,240.3064584076617
2026-01-10 16:00:00,214.78564,233.74520129554386
2026-01-10 17:00:00,276.78564,242.13742714848075
2026-01-10 18:00:00,276.78564,266.3883151530299
2026-01-10 19:00:00,276.78564,269.6773212730891
2026-01-10 20:00:00,276.78564,250.82036550502264
2026-01-10 21:00:00,276.78564,244.9264509675748
2026-01-10 22:00:00,276.78564,233.39036387484663
2026-01-10 23:00:00,214.78564,205.39602819345924
2026-01-11 00:00:00,119.10337,161.99650368888442
2026-01-11 01:00:00,116.18537,119.01204904746407
2026-01-11 02:00:00,116.18537,119.07550260698847
2026-01-11 03:00:00,116.18537,118.40279883897384
2026-01-11 04:00:00,116.18537,118.92468168481471
2026-01-11 05:00:00,116.18537,119.35100718018975
2026-01-11 06:00:00,116.18537,121.6967392166381
2026-01-11 07:00:00,114.73137,152.72266740992248
2026-01-11 08:00:00,110.59537,161.4658906596057
2026-01-11 09:00:00,110.59537,135.03549523672325
2026-01-11 10:00:00,110.59537,149.65374859600598
2026-01-11 11:00:00,110.59537,162.2751981325601
2026-01-11 12:00:00,112.10337,167.21317418101555
2026-01-11 13:00:00,116.17837,181.27012066988618
2026-01-11 14:00:00,116.18537,209.13439140016442
2026-01-11 15:00:00,116.18537,215.55397527971635
2026-01-11 16:00:00,119.10337,225.57383564725518
2026-01-11 17:00:00,119.10337,247.38507788025123
2026-01-11 18:00:00,154.10337,266.98337667406446
2026-01-11 19:00:00,219.10337,274.34269400958607
2026-01-11 20:00:00,154.10337,240.4857346366029
2026-01-11 21:00:00,154.10337,250.41225039196456
2026-01-11 22:00:00,124.10337,222.86451675779978
2026-01-11 23:00:00,119.10337,175.53704180100988
2026-01-12 00:00:00,117.87734,124.70076158491989
2026-01-12 01:00:00,113.88434,117.3829923691653
2026-01-12 02:00:00,113.88434,117.64644380653581
2026-01-12 03:00:00,113.88434,117.577836541539
2026-01-12 04:00:00,113.88434,117.83898589980191
2026-01-12 05:00:00,113.88434,117.81513970535514
2026-01-12 06:00:00,113.88434,121.21385794896398
2026-01-12 07:00:00,113.88434,122.22707503370282
2026-01-12 08:00:00,113.46634,121.28747926139019
2026-01-12 09:00:00,113.46634,119.17955945802038
2026-01-12 10:00:00,113.46634,122.90132888585006
2026-01-12 11:00:00,151.38434,118.0223429168993
2026-01-12 12:00:00,151.38434,122.80302137040499
2026-01-12 13:00:00,196.38434,127.45653361164258
2026-01-12 14:00:00,196.38434,125.57710238595661
2026-01-12 15:00:00,196.38434,128.75210020469393
2026-01-12 16:00:00,206.38434,126.56056211415506
2026-01-12 17:00:00,206.38434,135.49376165136894
2026-01-12 18:00:00,216.38434,156.66400513305507
2026-01-12 19:00:00,216.38434,182.24753251477733
2026-01-12 20:00:00,216.38434,160.38132361157375
2026-01-12 21:00:00,216.38434,144.10014763943477
2026-01-12 22:00:00,206.38434,134.35965095138044
2026-01-12 23:00:00,206.38434,122.87133173208443
2026-01-13 00:00:00,105.22064,123.17871194006054
2026-01-13 01:00:00,105.21064,104.91959910279454
2026-01-13 02:00:00,105.21064,105.07532151061918
2026-01-13 03:00:00,105.20264,105.22052118163228
2026-01-13 04:00:00,105.21064,105.10285752339243
2026-01-13 05:00:00,105.22064,105.25980403554158
2026-01-13 06:00:00,105.22064,106.91199379005127
2026-01-13 07:00:00,105.22064,132.13450261654444
2026-01-13 08:00:00,105.22064,138.78262976999875
2026-01-13 09:00:00,105.22064,126.01359180667245
2026-01-13 10:00:00,105.22064,132.77157654850487
2026-01-13 11:00:00,105.22064,148.13344961165137
2026-01-13 12:00:00,105.22064,146.58963395917488
2026-01-13 13:00:00,105.22064,169.9548021523726
2026-01-13 14:00:00,188.12064,184.88100889298457
2026-01-13 15:00:00,208.12064,188.01142667523453
2026-01-13 16:00:00,208.12064,192.17153927339032
2026-01-13 17:00:00,208.12064,196.16931480976083
2026-01-13 18:00:00,209.12064,205.33618522836346
2026-01-13 19:00:00,209.12064,223.47401902124122
2026-01-13 20:00:00,209.12064,192.6806953944752
2026-01-13 21:00:00,208.12064,196.80791951491807
2026-01-13 22:00:00,208.12064,174.31958990934626
2026-01-13 23:00:00,188.12064,153.11991580816658
2026-01-14 00:00:00,109.65888,107.12404056434534
2026-01-14 01:00:00,109.65888,109.47152079734397
2026-01-14 02:00:00,109.65888,109.6308217512753
2026-01-14 03:00:00,109.65888,109.65560571225865
2026-01-14 04:00:00,109.65888,109.66314238578053
2026-01-14 05:00:00,109.65888,109.82608836208283
2026-01-14 06:00:00,109.65888,110.75679445944948
2026-01-14 07:00:00,109.65888,130.60361152292347
2026-01-14 08:00:00,109.65888,138.4297717176616
2026-01-14 09:00:00,109.65888,127.89352105806978
2026-01-14 10:00:00,109.65888,128.09909166065543
2026-01-14 11:00:00,109.65888,129.66707341187023
2026-01-14 12:00:00,109.65888,131.11970263989394
2026-01-14 13:00:00,109.65888,143.2760214787215
2026-01-14 14:00:00,138.16688,184.69622634462024
2026-01-14 15:00:00,138.16688,205.0046064549311
2026-01-14 16:00:00,142.16688,197.14509412270573
2026-01-14 17:00:00,213.16688,207.3194305566554
2026-01-14 18:00:00,213.16688,209.1813783559447
2026-01-14 19:00:00,217.16688,214.28915666436112
2026-01-14 20:00:00,213.16688,191.717656067241
2026-01-14 21:00:00,213.16688,202.7304109398562
2026-01-14 22:00:00,142.16688,187.46612248720172
2026-01-14 23:00:00,138.16688,154.52430581250306
2026-01-15 00:00:00,111.95694,107.05363000512148
2026-01-15 01:00:00,111.95694,111.8392747605827
2026-01-15 02:00:00,111.95694,111.94150842869752
2026-01-15 03:00:00,111.95694,111.98294868169566
2026-01-15 04:00:00,111.95694,111.94538401799556
2026-01-15 05:00:00,111.95694,111.9509582617435
2026-01-15 06:00:00,117.54694,112.90397520506542
2026-01-15 07:00:00,117.54694,116.59929653509775
2026-01-15 08:00:00,117.54694,118.98464825505141
2026-01-15 09:00:00,111.95694,113.04386119188194
2026-01-15 10:00:00,117.54694,118.534091579517
2026-01-15 11:00:00,117.54694,124.49972461252136
2026-01-15 12:00:00,117.54694,133.10179796101454
2026-01-15 13:00:00,119.09994,122.73883738666197
2026-01-15 14:00:00,190.55694,156.87725509551873
2026-01-15 15:00:00,190.55694,165.47049808880342
2026-01-15 16:00:00,190.55694,162.56115860255323
2026-01-15 17:00:00,190.55694,184.27729038771875
2026-01-15 18:00:00,190.55694,208.3590597509424
2026-01-15 19:00:00,191.55694,216.2955151054671
2026-01-15 20:00:00,190.55694,201.8693597874125
2026-01-15 21:00:00,190.55694,185.56137210088812
2026-01-15 22:00:00,190.55694,156.22135563158866
2026-01-15 23:00:00,117.54694,131.58999800289146
2026-01-16 00:00:00,109.64545,116.00281792403536
2026-01-16 01:00:00,109.64545,109.60059576849369
2026-01-16 02:00:00,109.64545,109.61767679306209
2026-01-16 03:00:00,109.64545,109.66705145608003
2026-01-16 04:00:00,109.64545,109.64359241630308
2026-01-16 05:00:00,109.64545,109.70939897691355
2026-01-16 06:00:00,109.64545,113.5926259596001
2026-01-16 07:00:00,109.64545,126.94245956176908
2026-01-16 08:00:00,109.64545,120.88956279710573
2026-01-16 09:00:00,109.64545,116.77123203146496
2026-01-16 10:00:00,109.64545,124.65686322155594
2026-01-16 11:00:00,109.64545,125.95898029749668
2026-01-16 12:00:00,109.64545,127.69142230741193
2026-01-16 13:00:00,109.64545,143.4920648596711
2026-01-16 14:00:00,109.64545,189.7397436944547
2026-01-16 15:00:00,109.64545,193.3865201270364
2026-01-16 16:00:00,113.78145,186.15026003017212
2026-01-16 17:00:00,117.24545,191.2937392553689
2026-01-16 18:00:00,168.24545,199.1990508922016
2026-01-16 19:00:00,168.24545,197.4040758402397
2026-01-16 20:00:00,168.24545,181.7923843011043
2026-01-16 21:00:00,117.24545,187.97654032624428
2026-01-16 22:00:00,109.64545,155.6516135957592
2026-01-16 23:00:00,109.64545,130.0641007631296
2026-01-17 00:00:00,100.55036,113.80385194166269
2026-01-17 01:00:00,100.55036,100.43963570410642
2026-01-17 02:00:00,100.55036,100.52730151296348
2026-01-17 03:00:00,100.55036,100.57458436789292
2026-01-17 04:00:00,100.55036,100.55784243159556
2026-01-17 05:00:00,100.55036,100.52566023919925
2026-01-17 06:00:00,104.68636,100.95961305258425
2026-01-17 07:00:00,100.55036,102.74808427922508
2026-01-17 08:00:00,100.55036,100.10740291879628
2026-01-17 09:00:00,100.55036,93.99111814303126
2026-01-17 10:00:00,100.55036,95.2792737339775
2026-01-17 11:00:00,100.55036,102.7708330454883
2026-01-17 12:00:00,100.55036,102.11808457390254
2026-01-17 13:00:00,100.55036,104.8005651458488
2026-01-17 14:00:00,100.55036,109.02300785459931
2026-01-17 15:00:00,100.55036,113.15563915835963
2026-01-17 16:00:00,108.15036,120.23803955181847
2026-01-17 17:00:00,114.15036,116.93654426972614
2026-01-17 18:00:00,126.15036,156.51488197330295
2026-01-17 19:00:00,126.15036,166.45147525958973
2026-01-17 20:00:00,126.15036,157.65425097200549
2026-01-17 21:00:00,126.15036,126.12037255281331
2026-01-17 22:00:00,126.15036,122.99170856203676
2026-01-17 23:00:00,108.15036,103.7711066054244
2026-01-18 00:00:00,105.32193,101.61324913935496
2026-01-18 01:00:00,105.32193,105.30158418139607
2026-01-18 02:00:00,105.32193,105.30920736158203
2026-01-18 03:00:00,103.31193,105.33747144007344
2026-01-18 04:00:00,101.85793,105.32526710338865
2026-01-18 05:00:00,103.31193,105.29410532134008
2026-01-18 06:00:00,97.72193,105.4467486665701
2026-01-18 07:00:00,97.72193,104.65678067868598
2026-01-18 08:00:00,97.72193,104.01315922573482
2026-01-18 09:00:00,97.72193,103.57046049031797
2026-01-18 10:00:00,97.72193,106.27200889186469
2026-01-18 11:00:00,97.72193,105.18456150423492
2026-01-18 12:00:00,97.72193,105.49317858465696
2026-01-18 13:00:00,97.72193,109.96978528827296
2026-01-18 14:00:00,97.72193,112.91932603901157
2026-01-18 15:00:00,97.72193,117.15932721975756
2026-01-18 16:00:00,105.32193,119.16430039401766
2026-01-18 17:00:00,113.32193,131.29211343482405
2026-01-18 18:00:00,166.32193,136.4203703540116
2026-01-18 19:00:00,171.32193,139.4247892729295
2026-01-18 20:00:00,171.32193,133.54434099545102
2026-01-18 21:00:00,166.32193,132.6557971521146
2026-01-18 22:00:00,166.32193,127.48310476410032
2026-01-18 23:00:00,113.32193,109.98113283167936
2026-01-19 00:00:00,111.91666,106.29655238732838
2026-01-19 01:00:00,107.91666,112.08357961286151
2026-01-19 02:00:00,105.90666,111.91247471772144
2026-01-19 03:00:00,107.91666,111.89174981884824
2026-01-19 04:00:00,107.91666,111.85804104582911
2026-01-19 05:00:00,111.91666,111.86291148787481
2026-01-19 06:00:00,149.91666,111.95325262217028
2026-01-19 07:00:00,149.91666,114.63982720849978
2026-01-19 08:00:00,149.91666,116.32614550784388
2026-01-19 09:00:00,111.91666,115.41189826906393
2026-01-19 10:00:00,149.91666,117.50792460471754
2026-01-19 11:00:00,149.91666,118.09430898461869
2026-01-19 12:00:00,149.91666,120.87714599423566
2026-01-19 13:00:00,149.91666,133.04069913484656
2026-01-19 14:00:00,149.91666,142.89629995978763
2026-01-19 15:00:00,158.91666,147.80569148073405
2026-01-19 16:00:00,173.91666,153.87210201486525
2026-01-19 17:00:00,178.91666,149.70212665523835
2026-01-19 18:00:00,178.91666,172.0493201143995
2026-01-19 19:00:00,178.91666,183.33880081260529
2026-01-19 20:00:00,178.91666,161.21637820955806
2026-01-19 21:00:00,178.91666,164.4063629010738
2026-01-19 22:00:00,178.91666,147.9467130132604
2026-01-19 23:00:00,173.91666,125.32250746196024
2026-01-20 00:00:00,174.33117,112.45614993636451
2026-01-20 01:00:00,174.33117,174.40327630484086
2026-01-20 02:00:00,174.33117,174.3791910094661
2026-01-20 03:00:00,174.33117,174.22859845264225
2026-01-20 04:00:00,174.33117,174.2589940181246
2026-01-20 05:00:00,176.23117,174.25793916647808
2026-01-20 06:00:00,176.33117,175.27721447017802
2026-01-20 07:00:00,176.23117,173.3144481604945
2026-01-20 08:00:00,174.33117,170.62339908855975
2026-01-20 09:00:00,174.33117,149.9028348013494
2026-01-20 10:00:00,174.33117,162.56866957004883
2026-01-20 11:00:00,174.33117,163.65044110632553
2026-01-20 12:00:00,174.33117,159.85895639848206
2026-01-20 13:00:00,176.23117,165.90599091375915
2026-01-20 14:00:00,176.33117,180.94929451653078
2026-01-20 15:00:00,176.33117,192.4849710466828
2026-01-20 16:00:00,176.33117,197.6824593797444
2026-01-20 17:00:00,178.33117,197.3177274464517
2026-01-20 18:00:00,181.33117,195.80508745235176
2026-01-20 19:00:00,191.33117,199.2223146619439
2026-01-20 20:00:00,181.33117,186.83663161139583
2026-01-20 21:00:00,181.33117,187.367167868793
2026-01-20 22:00:00,178.33117,190.84423207290567
2026-01-20 23:00:00,176.33117,176.63150354432133
2026-01-21 00:00:00,175.89024,165.09644284415506
2026-01-21 01:00:00,175.89024,175.99104745119413
2026-01-21 02:00:00,175.89024,175.90987678405884
2026-01-21 03:00:00,175.89024,175.76817926659908
2026-01-21 04:00:00,175.89024,175.8791988084647
2026-01-21 05:00:00,175.89024,175.83950602203365
2026-01-21 06:00:00,177.89024,175.802756742907
2026-01-21 07:00:00,175.89024,175.5213874207547
2026-01-21 08:00:00,175.89024,175.99754224579453
2026-01-21 09:00:00,175.89024,171.96157175030098
2026-01-21 10:00:00,175.89024,175.66958296531226
2026-01-21 11:00:00,175.89024,177.55092461811896
2026-01-21 12:00:00,175.89024,173.97635694381637
2026-01-21 13:00:00,175.89024,180.14892688920685
2026-01-21 14:00:00,175.89024,184.6315825134878
2026-01-21 15:00:00,177.89024,188.3979326198717
2026-01-21 16:00:00,188.09024,189.82923492037233
2026-01-21 17:00:00,188.09024,197.96614567259294
2026-01-21 18:00:00,205.89024,196.58721710013626
2026-01-21 19:00:00,205.89024,204.16795293897852
2026-01-21 20:00:00,195.89024,189.80508439166024
2026-01-21 21:00:00,188.09024,190.57997195636221
2026-01-21 22:00:00,188.09024,184.50080084245522
2026-01-21 23:00:00,180.89024,178.85640735445136
2026-01-22 00:00:00,181.84677,173.02511459952174
2026-01-22 01:00:00,181.84677,181.97291764234754
2026-01-22 02:00:00,181.84677,181.77672839655838
2026-01-22 03:00:00,181.84677,181.81046068828618
2026-01-22 04:00:00,181.84677,181.83957618722684
2026-01-22 05:00:00,181.84677,181.74831155837518
2026-01-22 06:00:00,181.84677,181.97248099553252
2026-01-22 07:00:00,181.84677,182.06220720980977
2026-01-22 08:00:00,181.84677,184.80345227235264
2026-01-22 09:00:00,181.84677,181.71194109161516
2026-01-22 10:00:00,181.84677,182.67731927553405
2026-01-22 11:00:00,181.84677,182.27542403464102
2026-01-22 12:00:00,181.84677,181.26247705658685
2026-01-22 13:00:00,181.84677,186.58919350597327
2026-01-22 14:00:00,191.16677,194.997327248243
2026-01-22 15:00:00,191.16677,203.11037605867338
2026-01-22 16:00:00,195.84677,204.88402709102763
2026-01-22 17:00:00,195.84677,196.02840697346474
2026-01-22 18:00:00,210.84677,208.2251431102728
2026-01-22 19:00:00,220.84677,212.20256857866056
2026-01-22 20:00:00,195.84677,198.1258963555325
2026-01-22 21:00:00,195.84677,198.21594877090422
2026-01-22 22:00:00,191.16677,191.71063288939942
2026-01-22 23:00:00,191.16677,185.0454467078016
2026-01-23 00:00:00,196.7875,185.04533968363535
2026-01-23 01:00:00,196.7875,196.90044386780704
2026-01-23 02:00:00,196.7875,196.77783926715801
2026-01-23 03:00:00,196.7875,196.72618493501665
2026-01-23 04:00:00,196.7875,196.7955675315231
2026-01-23 05:00:00,196.7875,196.66364900160505
2026-01-23 06:00:00,196.7875,196.43434749117478
2026-01-23 07:00:00,196.7875,192.77074387384158
2026-01-23 08:00:00,196.7875,193.47497283990026
2026-01-23 09:00:00,196.7875,192.0532378529511
2026-01-23 10:00:00,196.7875,188.27032859411472
2026-01-23 11:00:00,196.7875,190.37277705936393
2026-01-23 12:00:00,196.7875,188.71786211928642
2026-01-23 13:00:00,196.7875,190.73283184656526
2026-01-23 14:00:00,196.7875,193.90589017849234
2026-01-23 15:00:00,207.7875,197.17487485320933
2026-01-23 16:00:00,211.3075,200.10143519714376
2026-01-23 17:00:00,211.3075,204.42755079389235
2026-01-23 18:00:00,211.7875,212.07101922528736
2026-01-23 19:00:00,220.7875,213.57071824618595
2026-01-23 20:00:00,211.7875,202.22842438077944
2026-01-23 21:00:00,220.7875,206.15361159226362
2026-01-23 22:00:00,211.7875,203.49803920543818
2026-01-23 23:00:00,211.3075,197.08005648993827
2026-01-24 00:00:00,236.7244,196.5001719178709
2026-01-24 01:00:00,231.7244,237.04595484166077
2026-01-24 02:00:00,201.7244,236.72983170511841
2026-01-24 03:00:00,201.7244,236.66146878997043
2026-01-24 04:00:00,201.7244,236.71375892055264
2026-01-24 05:00:00,201.7244,236.58968993985798
2026-01-24 06:00:00,201.7244,236.43747503972352
2026-01-24 07:00:00,201.7244,224.88476797996748
2026-01-24 08:00:00,201.7244,220.00047605674962
2026-01-24 09:00:00,201.7244,216.02485488214376
2026-01-24 10:00:00,201.7244,211.75187339909337
2026-01-24 11:00:00,201.7244,213.30225459995907
2026-01-24 12:00:00,201.7244,211.84197981318871
2026-01-24 13:00:00,201.7244,213.94858316068039
2026-01-24 14:00:00,201.7244,212.83497965345936
2026-01-24 15:00:00,201.7244,219.6258540849275
2026-01-24 16:00:00,206.7244,222.88606773972018
2026-01-24 17:00:00,211.7244,225.98256809446178
2026-01-24 18:00:00,241.9144,226.56983124021767
2026-01-24 19:00:00,241.9144,225.78539332965178
2026-01-24 20:00:00,241.9144,222.7682059417948
2026-01-24 21:00:00,211.7244,232.06366612948455
2026-01-24 22:00:00,211.7244,230.2992540849704
2026-01-24 23:00:00,241.9144,227.1997373231701
2026-01-25 00:00:00,227.85962,230.53209420008812
2026-01-25 01:00:00,227.85962,228.0280461898882
2026-01-25 02:00:00,227.85962,227.8604029241804
2026-01-25 03:00:00,227.85962,227.67218462811098
2026-01-25 04:00:00,227.85962,227.1888220963464
2026-01-25 05:00:00,227.85962,226.55706240954436
2026-01-25 06:00:00,227.85962,227.0974108634947
2026-01-25 07:00:00,217.92962,222.30095578890462
2026-01-25 08:00:00,217.92962,221.78473824077975
2026-01-25 09:00:00,217.85962,213.49883197125573
2026-01-25 10:00:00,217.85962,213.13434605624602
2026-01-25 11:00:00,217.85962,214.4698947218079
2026-01-25 12:00:00,217.85962,211.6685479929875
2026-01-25 13:00:00,217.85962,213.76744616604296
2026-01-25 14:00:00,217.92962,211.72999732436494
2026-01-25 15:00:00,217.92962,215.29954800421265
2026-01-25 16:00:00,217.92962,219.10597525985645
2026-01-25 17:00:00,227.85962,232.65634027242305
2026-01-25 18:00:00,253.85962,245.96688812385074
2026-01-25 19:00:00,253.85962,250.63460369081284
2026-01-25 20:00:00,253.85962,240.49613196037032
2026-01-25 21:00:00,253.85962,225.484167847644
2026-01-25 22:00:00,232.85962,229.42974953040672
2026-01-25 23:00:00,232.85962,231.3371094951486
2026-01-26 00:00:00,235.5724,225.09872754731538
2026-01-26 01:00:00,235.5724,235.73253384218708
2026-01-26 02:00:00,230.5724,235.54474682876304
2026-01-26 03:00:00,230.5724,234.6348144205682
2026-01-26 04:00:00,230.5724,235.57258769528
2026-01-26 05:00:00,235.5724,235.45947945762316
2026-01-26 06:00:00,248.5724,237.49743789435905
2026-01-26 07:00:00,235.5724,237.46033073651037
2026-01-26 08:00:00,235.5724,236.85970479189814
2026-01-26 09:00:00,235.5724,226.14505292443675
2026-01-26 10:00:00,235.5724,234.07160949795121
2026-01-26 11:00:00,235.5724,232.08548485961518
2026-01-26 12:00:00,235.5724,231.48945302946154
2026-01-26 13:00:00,235.5724,234.26233597710575
2026-01-26 14:00:00,248.5724,234.0620241682814
2026-01-26 15:00:00,248.5724,238.25037701874749
2026-01-26 16:00:00,248.5724,240.87667699245225
2026-01-26 17:00:00,252.5724,242.7229734845218
2026-01-26 18:00:00,291.5234,260.08188877237296
2026-01-26 19:00:00,291.5234,266.5096660609405
2026-01-26 20:00:00,291.5234,254.51330758301162
2026-01-26 21:00:00,291.5234,250.60821731815116
2026-01-26 22:00:00,252.5724,239.04494877103693
2026-01-26 23:00:00,248.5724,237.73265741401326
2026-01-27 00:00:00,259.32244,240.13465193571
2026-01-27 01:00:00,254.32244,259.5371752964796
2026-01-27 02:00:00,254.32244,259.02589164821137
2026-01-27 03:00:00,254.32244,259.21600326997213
2026-01-27 04:00:00,259.32244,259.07800978946324
2026-01-27 05:00:00,259.32244,259.23408755600644
2026-01-27 06:00:00,259.32244,259.44851859466064
2026-01-27 07:00:00,259.32244,255.42734470398494
2026-01-27 08:00:00,259.32244,252.77250995770197
2026-01-27 09:00:00,259.32244,249.56186909499513
2026-01-27 10:00:00,259.32244,248.51144023080099
2026-01-27 11:00:00,259.32244,247.3347959248802
2026-01-27 12:00:00,259.32244,247.40430174316432
2026-01-27 13:00:00,259.32244,249.36978323041194
2026-01-27 14:00:00,265.32244,255.0196713772774
2026-01-27 15:00:00,265.32244,258.2046880650722
2026-01-27 16:00:00,267.65544,259.2695092551742
2026-01-27 17:00:00,267.65544,263.25182675842086
2026-01-27 18:00:00,267.65544,284.5663903714865
2026-01-27 19:00:00,285.32244,298.2423465217687
2026-01-27 20:00:00,267.65544,281.4670743221873
2026-01-27 21:00:00,267.65544,282.09949679590073
2026-01-27 22:00:00,265.32244,259.5050776825709
2026-01-27 23:00:00,259.32244,257.7721200601722
2026-01-28 00:00:00,253.93714,257.03854846036234
2026-01-28 01:00:00,253.93714,254.1315574765345
2026-01-28 02:00:00,253.93714,253.91183678435075
2026-01-28 03:00:00,253.93714,253.7579450522859
2026-01-28 04:00:00,253.93714,253.9329911897047
2026-01-28 05:00:00,254.86714,253.88526457602035
2026-01-28 06:00:00,254.86714,253.75743993442046
2026-01-28 07:00:00,254.86714,256.4189127580593
2026-01-28 08:00:00,253.93714,259.2233417813957
2026-01-28 09:00:00,253.93714,258.2034286179492
2026-01-28 10:00:00,254.86714,258.4888808714521
2026-01-28 11:00:00,254.86714,260.4754943944809
2026-01-28 12:00:00,254.86714,259.3475404743722
2026-01-28 13:00:00,254.86714,261.6787455224547
2026-01-28 14:00:00,261.93714,266.19642828471274
2026-01-28 15:00:00,261.93714,268.79207178679735
2026-01-28 16:00:00,264.93714,271.5917765454622
2026-01-28 17:00:00,264.93714,271.79119516318076
2026-01-28 18:00:00,264.93714,276.6093042871849
2026-01-28 19:00:00,266.93714,284.5815816459876
2026-01-28 20:00:00,264.93714,271.3312760275046
2026-01-28 21:00:00,264.93714,274.9746737040412
2026-01-28 22:00:00,264.93714,267.2230655474523
2026-01-28 23:00:00,254.86714,258.5796520414135
2026-01-29 00:00:00,242.61517,254.95242035463562
2026-01-29 01:00:00,242.61517,242.67450205789774
2026-01-29 02:00:00,242.61517,242.53065328359767
2026-01-29 03:00:00,242.61517,242.45186431781806
2026-01-29 04:00:00,242.61517,242.5944815934137
2026-01-29 05:00:00,242.73817,242.61435396187488
2026-01-29 06:00:00,242.73817,242.2953923083555
2026-01-29 07:00:00,242.73817,247.07791568015872
2026-01-29 08:00:00,242.61517,251.64196367564452
2026-01-29 09:00:00,242.61517,253.01220006112203
2026-01-29 10:00:00,242.73817,253.7511402802435
2026-01-29 11:00:00,242.73817,255.50481273524417
2026-01-29 12:00:00,242.61517,255.6491320952286
2026-01-29 13:00:00,242.73817,257.42158914316235
2026-01-29 14:00:00,242.73817,262.5251199547433
2026-01-29 15:00:00,242.73817,265.41901828422476
2026-01-29 16:00:00,255.61517,266.35624270063886
2026-01-29 17:00:00,255.61517,266.79388687509305
2026-01-29 18:00:00,255.61517,270.78277373431524
2026-01-29 19:00:00,264.61517,273.88062236697954
2026-01-29 20:00:00,255.61517,264.2755547070069
2026-01-29 21:00:00,255.61517,269.16858201974816
2026-01-29 22:00:00,255.61517,260.5692512408392
2026-01-29 23:00:00,242.73817,250.68716236827092
2026-01-30 00:00:00,108.3633,248.5833243691767
2026-01-30 01:00:00,112.4993,108.29512185628687
2026-01-30 02:00:00,112.4993,108.1753532444329
2026-01-30 03:00:00,113.9533,108.47807880902951
2026-01-30 04:00:00,113.9533,108.38430048736313
2026-01-30 05:00:00,247.0863,108.52867994455607
2026-01-30 06:00:00,247.0863,108.70705830711975
2026-01-30 07:00:00,247.0863,149.90443350231385
2026-01-30 08:00:00,166.9633,179.0776187514972
2026-01-30 09:00:00,114.9663,184.18039920178106
2026-01-30 10:00:00,247.0863,197.70279550391737
2026-01-30 11:00:00,247.0863,207.9273512623586
2026-01-30 12:00:00,113.9533,206.1106844811929
2026-01-30 13:00:00,247.0863,207.81296845597285
2026-01-30 14:00:00,247.0863,219.55556135208386
2026-01-30 15:00:00,251.9633,222.47468920872385
2026-01-30 16:00:00,251.9633,224.95695663959424
2026-01-30 17:00:00,251.9633,224.23508896614857
2026-01-30 18:00:00,256.9633,240.58964536704184
2026-01-30 19:00:00,251.9633,248.30026758825227
2026-01-30 20:00:00,251.9633,229.27768661386997
2026-01-30 21:00:00,251.9633,233.25528488128964
2026-01-30 22:00:00,247.0863,209.81655843676344
2026-01-30 23:00:00,247.0863,169.28250158317454
2026-01-31 00:00:00,208.1695,140.18122021375436
2026-01-31 01:00:00,208.1695,208.05166287814717
2026-01-31 02:00:00,208.1695,208.17321569772022
2026-01-31 03:00:00,208.1695,208.16176238207487
2026-01-31 04:00:00,208.1695,208.27723028762443
2026-01-31 05:00:00,208.1695,212.85329136496384
2026-01-31 06:00:00,208.1695,209.3783323493198
2026-01-31 07:00:00,208.1695,220.60609530477723
2026-01-31 08:00:00,208.1695,206.7552357306639
2026-01-31 09:00:00,208.1695,181.12412914588035
2026-01-31 10:00:00,208.1695,225.89729166131661
2026-01-31 11:00:00,208.1695,148.32228745551762
2026-01-31 12:00:00,208.1695,177.38594084606532
2026-01-31 13:00:00,208.1695,231.72185496829002
2026-01-31 14:00:00,208.1695,234.4973438090863
2026-01-31 15:00:00,208.1695,237.60178251634676
2026-01-31 16:00:00,218.6695,226.94879319642456
2026-01-31 17:00:00,218.6695,242.32631601317178
2026-01-31 18:00:00,218.7925,253.8216589706075
2026-01-31 19:00:00,218.7925,247.89452075675788
2026-01-31 20:00:00,218.6695,237.20902570070973
2026-01-31 21:00:00,218.6695,245.93117842413082
2026-01-31 22:00:00,218.6695,237.8399968893596
2026-01-31 23:00:00,208.1695,225.04827460655264
2026-02-01 00:00:00,165.00424,203.56214461398514
2026-02-01 01:00:00,165.00424,164.96326931372676
2026-02-01 02:00:00,165.00424,165.0191725462631
2026-02-01 03:00:00,165.00424,165.1749894067855
2026-02-01 04:00:00,165.00424,164.98785292124637
2026-02-01 05:00:00,165.00424,165.08518758708075
2026-02-01 06:00:00,122.36124,165.26221094094737
2026-02-01 07:00:00,124.98524,174.99379673155386
2026-02-01 08:00:00,165.00424,184.8171061389828
2026-02-01 09:00:00,165.00424,180.61023489833266
2026-02-01 10:00:00,165.00424,197.9530498484353
2026-02-01 11:00:00,165.00424,202.59341460089047
2026-02-01 12:00:00,165.00424,190.93756375246153
2026-02-01 13:00:00,165.00424,202.14583143740367
2026-02-01 14:00:00,165.00424,207.0051967591369
2026-02-01 15:00:00,165.00424,203.56329080308603
2026-02-01 16:00:00,165.00424,207.81757446404688
2026-02-01 17:00:00,165.00424,212.4161311236569
2026-02-01 18:00:00,215.50424,222.7630620892582
2026-02-01 19:00:00,215.50424,218.70512794695517
2026-02-01 20:00:00,215.50424,212.7048930640517
2026-02-01 21:00:00,215.50424,214.3595308782986
2026-02-01 22:00:00,190.50424,208.0465056932791
2026-02-01 23:00:00,165.00424,186.6751970663102
2026-02-02 00:00:00,105.56538,162.00442467893978
2026-02-02 01:00:00,105.56538,105.3528464168862
2026-02-02 02:00:00,105.56538,105.52279196372703
2026-02-02 03:00:00,105.56538,105.48646255394829
2026-02-02 04:00:00,105.56538,105.57435954641818
2026-02-02 05:00:00,109.70438,105.74459910497188
2026-02-02 06:00:00,111.06838,107.05103443319359
2026-02-02 07:00:00,111.06838,123.51142810718721
2026-02-02 08:00:00,109.70438,141.1598742208329
2026-02-02 09:00:00,109.70438,142.44541066590435
2026-02-02 10:00:00,111.06838,154.5077014423431
2026-02-02 11:00:00,111.06838,153.69549295046048
2026-02-02 12:00:00,109.70438,155.13811838945276
2026-02-02 13:00:00,111.06838,163.0301589815369
2026-02-02 14:00:00,111.06838,165.9655297988543
2026-02-02 15:00:00,194.33438,172.0478969222476
2026-02-02 16:00:00,194.33438,166.41452510968355
2026-02-02 17:00:00,194.33438,164.45148191635934
2026-02-02 18:00:00,204.21138,202.01973015582885
2026-02-02 19:00:00,204.21138,209.6006519961572
2026-02-02 20:00:00,204.21138,193.23033581208534
2026-02-02 21:00:00,194.33438,187.30765945530877
2026-02-02 22:00:00,194.33438,162.30996894752803
2026-02-02 23:00:00,111.06838,142.12552682124047
2026-02-03 00:00:00,119.29749,120.64804676238379
2026-02-03 01:00:00,119.29749,118.78936347362023
2026-02-03 02:00:00,119.29749,119.28318225230649
2026-02-03 03:00:00,119.29749,119.23448496171554
2026-02-03 04:00:00,119.29749,119.32802632317689
2026-02-03 05:00:00,119.29749,119.58681926011351
2026-02-03 06:00:00,119.29749,120.25941092400049
2026-02-03 07:00:00,119.29749,124.96691900820582
2026-02-03 08:00:00,119.29849,129.1314178255117
2026-02-03 09:00:00,119.29749,135.95212822121587
2026-02-03 10:00:00,119.29749,136.99194265933923
2026-02-03 11:00:00,119.29749,126.7218081406412
2026-02-03 12:00:00,119.29749,138.2408680121993
2026-02-03 13:00:00,119.29749,140.0496998912503
2026-02-03 14:00:00,123.43349,149.45198317404927
2026-02-03 15:00:00,123.43449,182.79734592678622
2026-02-03 16:00:00,126.43949,176.24522157205038
2026-02-03 17:00:00,187.94349,175.1294781604009
2026-02-03 18:00:00,187.94349,195.06732661500553
2026-02-03 19:00:00,187.94349,206.74874226732538
2026-02-03 20:00:00,187.94349,182.32970391390197
2026-02-03 21:00:00,187.94349,180.47198810996971
2026-02-03 22:00:00,124.80049,160.92758792584738
2026-02-03 23:00:00,123.43349,133.0996718187578
2026-02-04 00:00:00,120.65612,122.72039789357669
2026-02-04 01:00:00,120.65512,120.5705879738712
2026-02-04 02:00:00,120.65512,120.5978374229015
2026-02-04 03:00:00,120.65512,120.69798353034204
2026-02-04 04:00:00,120.75212,120.62258311076087
2026-02-04 05:00:00,143.24912,120.75692830884697
2026-02-04 06:00:00,143.24912,121.46387402269607
2026-02-04 07:00:00,143.24912,122.41334668101342
2026-02-04 08:00:00,120.65612,121.17970752756122
2026-02-04 09:00:00,115.24912,120.2239359581121
2026-02-04 10:00:00,120.65512,121.23942917850948
2026-02-04 11:00:00,120.65512,120.38958004009663
2026-02-04 12:00:00,120.65512,122.8454032847722
2026-02-04 13:00:00,143.24912,122.36515535393116
2026-02-04 14:00:00,143.24912,126.27050015009632
2026-02-04 15:00:00,162.99512,129.5394767989034
2026-02-04 16:00:00,162.99512,129.79380863771664
2026-02-04 17:00:00,173.99512,156.0822408518251
2026-02-04 18:00:00,173.99512,171.01999561461952
2026-02-04 19:00:00,203.89512,183.37917316875425
2026-02-04 20:00:00,173.99512,177.87541773150855
2026-02-04 21:00:00,173.99512,161.65052024974221
2026-02-04 22:00:00,162.99512,135.36337174935454
2026-02-04 23:00:00,162.99512,123.24737679825799
2026-02-05 00:00:00,116.19335,118.32153513183226
2026-02-05 01:00:00,116.19335,115.92559346740595
2026-02-05 02:00:00,116.19335,116.23152496571831
2026-02-05 03:00:00,116.19335,116.22151020757684
2026-02-05 04:00:00,116.19335,116.2090386117003
2026-02-05 05:00:00,121.69635,117.06870665570389
2026-02-05 06:00:00,123.83935,117.60680826352703
2026-02-05 07:00:00,123.83935,133.0496292457296
2026-02-05 08:00:00,121.59935,136.0798123937863
2026-02-05 09:00:00,116.19335,128.97641476713108
2026-02-05 10:00:00,116.19335,128.87965366659236
2026-02-05 11:00:00,121.59935,127.60093569091697
2026-02-05 12:00:00,121.59935,128.43165323175222
2026-02-05 13:00:00,121.60035,141.40038019721968
2026-02-05 14:00:00,142.95035,145.85109171939985
2026-02-05 15:00:00,142.95035,163.992736193536
2026-02-05 16:00:00,143.83935,161.66899814404195
2026-02-05 17:00:00,143.83935,168.78778027063422
2026-02-05 18:00:00,143.83935,170.98988188138304
2026-02-05 19:00:00,204.83935,183.647984360035
2026-02-05 20:00:00,143.83935,160.87199557937078
2026-02-05 21:00:00,143.83935,166.1712293100839
2026-02-05 22:00:00,142.95035,148.4517344835691
2026-02-05 23:00:00,142.95035,136.20994253181348
2026-02-06 00:00:00,121.47377,113.21092816947515
2026-02-06 01:00:00,121.47377,121.27791929961546
2026-02-06 02:00:00,121.47377,121.47061534612783
2026-02-06 03:00:00,121.37777,121.47902087815217
2026-02-06 04:00:00,121.47377,121.47410818531003
2026-02-06 05:00:00,129.61677,121.72897199880038
2026-02-06 06:00:00,129.61677,129.66438953661319
2026-02-06 07:00:00,129.61677,145.89197669414003
2026-02-06 08:00:00,129.61677,134.82643474181103
2026-02-06 09:00:00,129.61677,119.88286968852873
2026-02-06 10:00:00,129.61677,147.851970251348
2026-02-06 11:00:00,129.61677,144.67969363496354
2026-02-06 12:00:00,129.61677,127.7669154748231
2026-02-06 13:00:00,129.61677,148.90979145754224
2026-02-06 14:00:00,129.61677,158.6869046378145
2026-02-06 15:00:00,129.61677,159.03299747997593
2026-02-06 16:00:00,129.61677,156.9831463627962
2026-02-06 17:00:00,129.61677,153.0066508730615
2026-02-06 18:00:00,144.72777,161.441085325659
2026-02-06 19:00:00,144.72777,173.76069398265355
2026-02-06 20:00:00,144.72777,152.05289943725438
2026-02-06 21:00:00,144.72777,144.58976374910378
2026-02-06 22:00:00,129.61677,141.9262063480981
2026-02-06 23:00:00,129.61677,132.50081798059003
2026-02-07 00:00:00,114.18896,126.07357633557612
2026-02-07 01:00:00,114.18896,114.05974242702618
2026-02-07 02:00:00,114.18896,114.15838108575088
2026-02-07 03:00:00,114.18896,114.20561742056125
2026-02-07 04:00:00,114.18896,114.18538090648937
2026-02-07 05:00:00,114.18896,114.50364875590708
2026-02-07 06:00:00,114.18896,114.74129446997736
2026-02-07 07:00:00,114.18896,119.93736568996911
2026-02-07 08:00:00,114.18896,122.15504293574853
2026-02-07 09:00:00,114.18896,122.03210153590442
2026-02-07 10:00:00,114.18896,121.97718745404751
2026-02-07 11:00:00,114.18896,123.04829027260482
2026-02-07 12:00:00,114.18896,123.73195663606364
2026-02-07 13:00:00,114.18896,125.34195571326796
2026-02-07 14:00:00,114.18896,125.85209632986309
2026-02-07 15:00:00,114.18896,131.18446479000113
2026-02-07 16:00:00,114.18896,131.12965540505036
2026-02-07 17:00:00,117.18896,128.57012357921693
2026-02-07 18:00:00,117.18896,141.5585670338496
2026-02-07 19:00:00,117.18896,146.9526739054182
2026-02-07 20:00:00,117.18896,141.496285625705
2026-02-07 21:00:00,117.18896,137.06672299974775
2026-02-07 22:00:00,114.68896,128.8062582905628
2026-02-07 23:00:00,114.18896,122.31470878418651
2026-02-08 00:00:00,109.22942,113.99226170522053
2026-02-08 01:00:00,109.22942,109.0652358560528
2026-02-08 02:00:00,109.22942,109.22061670251398
2026-02-08 03:00:00,109.22942,109.23523723176032
2026-02-08 04:00:00,109.22942,109.23269910757307
2026-02-08 05:00:00,109.22942,109.25559313628901
2026-02-08 06:00:00,109.22942,107.10790815743593
2026-02-08 07:00:00,103.82342,105.34659172585106
2026-02-08 08:00:00,103.82342,113.03244792467632
2026-02-08 09:00:00,103.82342,114.68033608926285
2026-02-08 10:00:00,103.82342,112.41114771165644
2026-02-08 11:00:00,103.82342,112.72295952430602
2026-02-08 12:00:00,103.82342,114.25557204801282
2026-02-08 13:00:00,103.82342,115.32375161960042
2026-02-08 14:00:00,103.82342,113.23305894050242
2026-02-08 15:00:00,109.22942,117.96504311965822
2026-02-08 16:00:00,110.66942,118.23760268728844
2026-02-08 17:00:00,110.66942,123.2424144814915
2026-02-08 18:00:00,113.58042,125.28146739392383
2026-02-08 19:00:00,122.58042,124.97108707913571
2026-02-08 20:00:00,122.58042,124.08241229739323
2026-02-08 21:00:00,122.36942,120.11314991031301
2026-02-08 22:00:00,110.66942,113.44935037522501
2026-02-08 23:00:00,110.66942,112.4354578736424
2026-02-09 00:00:00,111.65248,109.39761086243163
2026-02-09 01:00:00,111.65248,111.59387822115585
2026-02-09 02:00:00,111.65248,111.6445980179333
2026-02-09 03:00:00,113.53648,111.6259486600481
2026-02-09 04:00:00,113.69548,111.65108028070375
2026-02-09 05:00:00,113.69548,111.63548604171586
2026-02-09 06:00:00,113.69548,112.22778314572722
2026-02-09 07:00:00,113.69548,110.5549179641379
2026-02-09 08:00:00,113.69548,110.38320521983698
2026-02-09 09:00:00,111.65248,109.68647669190958
2026-02-09 10:00:00,113.53648,110.79500380513724
2026-02-09 11:00:00,113.69548,109.4885967875129
2026-02-09 12:00:00,111.65248,110.69959140111686
2026-02-09 13:00:00,113.69548,111.87510887137049
2026-02-09 14:00:00,113.69548,110.16254942411979
2026-02-09 15:00:00,113.69548,126.56523226247859
2026-02-09 16:00:00,116.90648,127.28155504834953
2026-02-09 17:00:00,116.90648,123.22801028797255
2026-02-09 18:00:00,118.79548,128.3953810179808
2026-02-09 19:00:00,118.79548,134.6852062808262
2026-02-09 20:00:00,118.79548,127.7283129285463
2026-02-09 21:00:00,118.79548,121.26197399213478
2026-02-09 22:00:00,116.90648,116.78644175511627
2026-02-09 23:00:00,116.90648,111.61527203411018
2026-02-10 00:00:00,113.62716,112.92277533061261
2026-02-10 01:00:00,113.62716,113.66960019348147
2026-02-10 02:00:00,113.62716,113.61061761133504
2026-02-10 03:00:00,113.62716,113.63296455873842
2026-02-10 04:00:00,113.62716,113.66896954615942
2026-02-10 05:00:00,113.62716,113.68552878422057
2026-02-10 06:00:00,113.62716,113.81376533265166
2026-02-10 07:00:00,113.62716,114.27871005025233
2026-02-10 08:00:00,113.62716,115.32459816337303
2026-02-10 09:00:00,113.62716,113.18537328723204
2026-02-10 10:00:00,113.62716,114.80981332588948
2026-02-10 11:00:00,113.62716,114.00729637306102
2026-02-10 12:00:00,113.62716,114.7522719428126
2026-02-10 13:00:00,113.62716,117.21537725337976
2026-02-10 14:00:00,113.62716,117.3044950479491
2026-02-10 15:00:00,113.62716,120.51404269471786
2026-02-10 16:00:00,119.03316,121.94550510006644
2026-02-10 17:00:00,119.13016,126.56889327350586
2026-02-10 18:00:00,132.27316,127.8793375049218
2026-02-10 19:00:00,132.27316,134.15711245861098
2026-02-10 20:00:00,132.27316,123.67756498402088
2026-02-10 21:00:00,122.27416,121.51617358740009
2026-02-10 22:00:00,119.13016,119.42222357439479
2026-02-10 23:00:00,113.62716,114.3625681850412
2026-02-11 00:00:00,126.72728,114.26173721035545
2026-02-11 01:00:00,126.72728,126.74648764723548
2026-02-11 02:00:00,126.72728,126.72916223593523
2026-02-11 03:00:00,126.72728,126.75825493499175
2026-02-11 04:00:00,126.72728,126.7285640959791
2026-02-11 05:00:00,132.13328,126.72698999086973
2026-02-11 06:00:00,132.23028,128.12823713551296
2026-02-11 07:00:00,132.13328,126.997625440625
2026-02-11 08:00:00,126.72728,122.13821878214571
2026-02-11 09:00:00,126.72728,120.57315078385815
2026-02-11 10:00:00,126.72728,120.02630559859341
2026-02-11 11:00:00,126.72728,119.25024686894582
2026-02-11 12:00:00,126.72728,120.03009148711914
2026-02-11 13:00:00,126.72728,125.05957224787662
2026-02-11 14:00:00,132.23028,124.0778927895025
2026-02-11 15:00:00,132.23028,130.38298931474282
2026-02-11 16:00:00,134.37328,132.75677224551438
2026-02-11 17:00:00,134.37328,128.35890637364548
2026-02-11 18:00:00,147.48428,136.26023285344027
2026-02-11 19:00:00,147.48428,144.94858670935227
2026-02-11 20:00:00,147.48428,133.10801541419778
2026-02-11 21:00:00,135.37328,125.63437012652054
2026-02-11 22:00:00,134.37328,123.34045114165627
2026-02-11 23:00:00,134.37328,122.58738059214508
2026-02-12 00:00:00,127.02862,125.53214215549016
2026-02-12 01:00:00,126.02862,127.05365618860691
2026-02-12 02:00:00,126.02862,127.0196528277854
2026-02-12 03:00:00,126.02862,127.02800746889369
2026-02-12 04:00:00,127.02862,127.03895055421094
2026-02-12 05:00:00,128.02862,127.19644622681969
2026-02-12 06:00:00,128.02862,127.65589249116215
2026-02-12 07:00:00,128.02862,130.2183324582227
2026-02-12 08:00:00,126.02862,131.2605298171826
2026-02-12 09:00:00,125.88562,128.07154717988422
2026-02-12 10:00:00,125.88562,128.3493487729739
2026-02-12 11:00:00,126.02862,129.85720912430787
2026-02-12 12:00:00,126.02862,129.1486249170138
2026-02-12 13:00:00,127.02862,131.19136997712022
2026-02-12 14:00:00,128.02862,137.4145891092749
2026-02-12 15:00:00,128.02862,140.43773603044
2026-02-12 16:00:00,129.02862,141.2720225378129
2026-02-12 17:00:00,134.02962,139.27189362617
2026-02-12 18:00:00,134.02962,148.04300558846808
2026-02-12 19:00:00,139.02862,155.0474150075137
2026-02-12 20:00:00,139.02862,143.31045836971077
2026-02-12 21:00:00,134.02962,136.66881865123753
2026-02-12 22:00:00,134.02962,132.65191031311528
2026-02-12 23:00:00,128.02862,130.12320146837973
2026-02-13 00:00:00,118.63686,127.97239595409829
2026-02-13 01:00:00,118.63686,118.690499029465
2026-02-13 02:00:00,118.63686,118.60802434534756
2026-02-13 03:00:00,118.63686,118.63848674219477
2026-02-13 04:00:00,118.63686,118.63969116944347
2026-02-13 05:00:00,118.63686,118.67924930627652
2026-02-13 06:00:00,118.63686,119.24771914309531
2026-02-13 07:00:00,118.63686,123.02212647568197
2026-02-13 08:00:00,118.63686,126.04848128656312
2026-02-13 09:00:00,118.63686,125.92508342588172
2026-02-13 10:00:00,118.63686,125.9590231479921
2026-02-13 11:00:00,118.63686,127.04795953391974
2026-02-13 12:00:00,118.63686,126.96709370510345
2026-02-13 13:00:00,118.63686,129.0562205653804
2026-02-13 14:00:00,118.83586,130.40330177447547
2026-02-13 15:00:00,119.77286,133.61267832748433
2026-02-13 16:00:00,119.83686,133.74409978781048
2026-02-13 17:00:00,121.93786,134.37909634224772
2026-02-13 18:00:00,121.93786,138.23333755788738
2026-02-13 19:00:00,121.93786,142.1683946303857
2026-02-13 20:00:00,121.93786,136.13673954829324
2026-02-13 21:00:00,121.93786,134.21676160969267
2026-02-13 22:00:00,119.83686,129.46674223886765
2026-02-13 23:00:00,118.83586,124.0976236747791
2026-02-14 00:00:00,116.55786,122.07483930332876
2026-02-14 01:00:00,116.55786,116.63952754410204
2026-02-14 02:00:00,114.75686,116.53229254447703
2026-02-14 03:00:00,114.75686,116.5347363172624
2026-02-14 04:00:00,114.75686,116.56173334859642
2026-02-14 05:00:00,116.55786,116.54695925949721
2026-02-14 06:00:00,116.55786,116.61483780968851
2026-02-14 07:00:00,116.55786,115.96262136999303
2026-02-14 08:00:00,116.55786,117.86318760995258
2026-02-14 09:00:00,114.75686,118.05286308488436
2026-02-14 10:00:00,114.75686,117.70388820176422
2026-02-14 11:00:00,114.75686,118.75844112484575
2026-02-14 12:00:00,114.75686,119.08984947429067
2026-02-14 13:00:00,114.75686,119.65104290838923
2026-02-14 14:00:00,114.75686,119.02469866021684
2026-02-14 15:00:00,116.55786,121.88124607350844
2026-02-14 16:00:00,116.55786,121.95366237003628
2026-02-14 17:00:00,119.85886,123.06701904228032
2026-02-14 18:00:00,168.75786,124.13474435147583
2026-02-14 19:00:00,168.75786,125.21624961214076
2026-02-14 20:00:00,119.85886,122.92342992063033
2026-02-14 21:00:00,168.75786,123.91232692321273
2026-02-14 22:00:00,119.85886,120.91003152880339
2026-02-14 23:00:00,116.55786,117.66873109260422
2026-02-15 00:00:00,112.70936,119.16511123570578
2026-02-15 01:00:00,112.70936,112.81772333295646
2026-02-15 02:00:00,112.70936,112.68437812934934
2026-02-15 03:00:00,112.70936,112.7083542945463
2026-02-15 04:00:00,112.70936,112.6726310174412
2026-02-15 05:00:00,112.70936,112.71364378594367
2026-02-15 06:00:00,112.70936,112.82054762698431
2026-02-15 07:00:00,110.66936,112.3794951463978
2026-02-15 08:00:00,110.66936,113.7232525629465
2026-02-15 09:00:00,105.26336,113.36533869363646
2026-02-15 10:00:00,105.26336,113.64098566597451
2026-02-15 11:00:00,105.26336,114.53343556365596
2026-02-15 12:00:00,110.66936,114.98223380981528
2026-02-15 13:00:00,110.66936,116.01602704978563
2026-02-15 14:00:00,112.70936,115.97400873604536
2026-02-15 15:00:00,112.70936,119.24534863664485
2026-02-15 16:00:00,112.70936,120.09877907559951
2026-02-15 17:00:00,116.00836,121.77608380162172
2026-02-15 18:00:00,164.90936,140.4926457280913
2026-02-15 19:00:00,164.90936,137.3810039301444
2026-02-15 20:00:00,164.90936,119.94533927814024
2026-02-15 21:00:00,164.90936,146.33347732788008
2026-02-15 22:00:00,116.00836,118.22009717026265
2026-02-15 23:00:00,116.00836,117.42913111807903
2026-02-16 00:00:00,109.05489,116.04822329700289
2026-02-16 01:00:00,109.05489,109.07335274910409
2026-02-16 02:00:00,109.05489,109.03690646281649
2026-02-16 03:00:00,109.05489,108.98794943211675
2026-02-16 04:00:00,109.15189,109.05264909990382
2026-02-16 05:00:00,111.09489,109.06986216893355
2026-02-16 06:00:00,111.09489,109.50853308291153
2026-02-16 07:00:00,111.09489,111.13685944568314
2026-02-16 08:00:00,111.09489,112.28324225658369
2026-02-16 09:00:00,109.15189,109.67383186202315
2026-02-16 10:00:00,111.09489,110.86580396841256
2026-02-16 11:00:00,111.09489,114.25729409107333
2026-02-16 12:00:00,111.09489,113.2783248348849
2026-02-16 13:00:00,111.09489,114.35727569024002
2026-02-16 14:00:00,111.09489,115.4941039543011
2026-02-16 15:00:00,111.09489,117.33605344242818
2026-02-16 16:00:00,112.29489,118.34453218674119
2026-02-16 17:00:00,112.29489,119.2550250313733
2026-02-16 18:00:00,117.30589,152.04059947793883
2026-02-16 19:00:00,117.30589,163.17403873228912
2026-02-16 20:00:00,117.30589,147.6237878694931
2026-02-16 21:00:00,117.30589,145.9092542570295
2026-02-16 22:00:00,112.29489,116.84173480664938
2026-02-16 23:00:00,111.09489,114.82891081017402
2026-02-17 00:00:00,105.34535,111.90036148521773
2026-02-17 01:00:00,105.34535,105.33481707203103
2026-02-17 02:00:00,105.34535,105.30377980408338
2026-02-17 03:00:00,105.34535,105.35307398609334
2026-02-17 04:00:00,105.34535,105.34290601088003
2026-02-17 05:00:00,110.84835,105.4195021032888
2026-02-17 06:00:00,112.99135,105.56234047988312
2026-02-17 07:00:00,112.99135,107.25180756931101
2026-02-17 08:00:00,112.99135,109.08788447103453
2026-02-17 09:00:00,110.84835,107.9445277527812
2026-02-17 10:00:00,110.84835,111.03770810585482
2026-02-17 11:00:00,110.84835,111.6022887215386
2026-02-17 12:00:00,110.84835,112.14228892431618
2026-02-17 13:00:00,110.84835,112.81482807092488
2026-02-17 14:00:00,112.99135,113.12590927853552
2026-02-17 15:00:00,112.99135,114.31787647016145
2026-02-17 16:00:00,116.99235,115.52973965699005
2026-02-17 17:00:00,116.99235,116.17698256705538
2026-02-17 18:00:00,117.99135,123.79511295554727
2026-02-17 19:00:00,119.99135,128.38208358437413
2026-02-17 20:00:00,116.99235,122.18765972187992
2026-02-17 21:00:00,116.99235,120.65030894515752
2026-02-17 22:00:00,112.99135,112.61376437867833
2026-02-17 23:00:00,110.84835,108.23945868095385
2026-02-18 00:00:00,129.11559,108.02982753629195
2026-02-18 01:00:00,129.11559,129.11057829740332
2026-02-18 02:00:00,123.96959,129.12025521278983
2026-02-18 03:00:00,123.97059,129.10037110882166
2026-02-18 04:00:00,129.11559,129.11268637484045
2026-02-18 05:00:00,129.47259,129.28960568867564
2026-02-18 06:00:00,131.61559,129.6985955887265
2026-02-18 07:00:00,129.47259,125.47044706563216
2026-02-18 08:00:00,129.47259,122.02089767174175
2026-02-18 09:00:00,129.11559,120.23705319229055
2026-02-18 10:00:00,129.11559,118.33249720696006
2026-02-18 11:00:00,129.11559,117.29444742258815
2026-02-18 12:00:00,129.11559,118.37956684419896
2026-02-18 13:00:00,129.11559,119.51717456386865
2026-02-18 14:00:00,129.47259,119.34204408197516
2026-02-18 15:00:00,129.47259,121.49862158017379
2026-02-18 16:00:00,131.61559,123.62876275887712
2026-02-18 17:00:00,132.61559,123.19429537817086
2026-02-18 18:00:00,134.61459,123.49775301868294
2026-02-18 19:00:00,134.61459,128.07464691641917
2026-02-18 20:00:00,134.61459,121.51792497708044
2026-02-18 21:00:00,132.61559,124.06607811765329
2026-02-18 22:00:00,131.61559,118.57558060336467
2026-02-18 23:00:00,131.61559,121.95574610318417
2026-02-19 00:00:00,125.63308,125.81363283760862
2026-02-19 01:00:00,125.63308,125.62449106858784
2026-02-19 02:00:00,125.63308,125.6292632359613
2026-02-19 03:00:00,125.63308,125.62210510771476
2026-02-19 04:00:00,125.63308,125.63194195267354
2026-02-19 05:00:00,131.13608,125.6401832481927
2026-02-19 06:00:00,131.13608,125.97403816251807
2026-02-19 07:00:00,131.13608,127.60018919104692
2026-02-19 08:00:00,125.63308,129.6683399380918
2026-02-19 09:00:00,131.13608,127.55273401777993
2026-02-19 10:00:00,131.13608,126.6628322874542
2026-02-19 11:00:00,131.13608,128.34391060824484
2026-02-19 12:00:00,131.13608,127.65372099916459
2026-02-19 13:00:00,134.27908,129.45111483010427
2026-02-19 14:00:00,134.27908,130.76984665856963
2026-02-19 15:00:00,134.27908,133.31462877207102
2026-02-19 16:00:00,134.27908,134.92838040303403
2026-02-19 17:00:00,134.27908,134.97024818925826
2026-02-19 18:00:00,135.79008,135.88275705202696
2026-02-19 19:00:00,135.79008,139.23564193516228
2026-02-19 20:00:00,135.79008,131.55287971517197
2026-02-19 21:00:00,134.27908,134.9345402341588
2026-02-19 22:00:00,134.27908,129.6842876758177
2026-02-19 23:00:00,133.27908,127.51752122626291
2026-02-20 00:00:00,120.37685,124.03645319651065
2026-02-20 01:00:00,120.37685,120.30127197427723
2026-02-20 02:00:00,120.37685,120.35753930437474
2026-02-20 03:00:00,120.37685,120.26748315917291
2026-02-20 04:00:00,120.37685,120.38059849707508
2026-02-20 05:00:00,120.37685,120.56001874398751
2026-02-20 06:00:00,120.37685,120.60863501714383
2026-02-20 07:00:00,120.37685,124.06497697585732
2026-02-20 08:00:00,120.37685,126.301606250233
2026-02-20 09:00:00,120.37685,127.17376852761001
2026-02-20 10:00:00,120.37685,127.1268675241812
2026-02-20 11:00:00,120.37685,129.54626800765837
2026-02-20 12:00:00,120.37685,128.60256138905302
2026-02-20 13:00:00,120.37685,131.63407834022624
2026-02-20 14:00:00,120.37685,131.56781544579022
2026-02-20 15:00:00,127.52285,134.85180619764114
2026-02-20 16:00:00,129.02285,134.1614817333807
2026-02-20 17:00:00,129.02285,135.29575888118563
2026-02-20 18:00:00,129.02285,138.22910228498404
2026-02-20 19:00:00,131.02385,139.0408419266579
2026-02-20 20:00:00,131.02385,134.98316482191726
2026-02-20 21:00:00,129.02285,133.80877885124573
2026-02-20 22:00:00,129.02285,130.72636405296976
2026-02-20 23:00:00,127.52285,126.07229940555658
2026-02-21 00:00:00,107.25893,123.6385407112856
2026-02-21 01:00:00,107.25893,107.28541088048834
2026-02-21 02:00:00,107.25893,107.18610044575635
2026-02-21 03:00:00,107.25893,107.27638130780468
2026-02-21 04:00:00,107.25893,107.267751865229
2026-02-21 05:00:00,107.25893,107.26815107559611
2026-02-21 06:00:00,107.25893,107.39370084276064
2026-02-21 07:00:00,107.25893,111.59265340397036
2026-02-21 08:00:00,107.25893,116.51020281713608
2026-02-21 09:00:00,107.25893,116.08499965354912
2026-02-21 10:00:00,107.25893,116.86924569735206
2026-02-21 11:00:00,107.25893,118.6727395901701
2026-02-21 12:00:00,107.25893,118.74246320082094
2026-02-21 13:00:00,107.25893,119.8403374097276
2026-02-21 14:00:00,107.25893,120.7918842650358
2026-02-21 15:00:00,107.25893,126.10204472891044
2026-02-21 16:00:00,112.76193,125.96238470171158
2026-02-21 17:00:00,116.90493,127.6568592414643
2026-02-21 18:00:00,120.90493,133.99065143600475
2026-02-21 19:00:00,165.90493,133.55056365760623
2026-02-21 20:00:00,120.90493,128.11353027248722
2026-02-21 21:00:00,116.90493,127.63446576529901
2026-02-21 22:00:00,116.90493,123.02995006061187
2026-02-21 23:00:00,114.70493,116.384641189901
2026-02-22 00:00:00,114.40661,111.50839832750233
2026-02-22 01:00:00,113.50361,114.43923258790764
2026-02-22 02:00:00,114.40661,114.39051541342283
2026-02-22 03:00:00,113.50361,114.41854828561753
2026-02-22 04:00:00,113.50361,114.40431166678692
2026-02-22 05:00:00,114.40661,114.41718785636618
2026-02-22 06:00:00,113.50361,114.48924576275283
2026-02-22 07:00:00,113.36061,112.76563828773615
2026-02-22 08:00:00,113.36061,112.51937219457801
2026-02-22 09:00:00,107.85761,111.1792543998067
2026-02-22 10:00:00,107.85761,110.53726762334307
2026-02-22 11:00:00,107.85761,110.93866720501998
2026-02-22 12:00:00,107.85761,112.56726389866125
2026-02-22 13:00:00,107.85761,113.20723039276766
2026-02-22 14:00:00,113.36061,113.19633559392722
2026-02-22 15:00:00,113.50361,115.27943865722168
2026-02-22 16:00:00,114.40661,117.31665222108424
2026-02-22 17:00:00,116.50361,119.6727670622574
2026-02-22 18:00:00,117.00361,125.6834765434412
2026-02-22 19:00:00,117.00361,137.51209200772047
2026-02-22 20:00:00,117.00361,121.9588480439964
2026-02-22 21:00:00,117.00361,120.39783590615383
2026-02-22 22:00:00,116.50361,117.68026080289903
2026-02-22 23:00:00,116.50361,115.93429216406938
2026-02-23 00:00:00,106.00391,114.92606043529014
2026-02-23 01:00:00,111.64991,105.9989281796378
2026-02-23 02:00:00,106.00391,105.99215448841139
2026-02-23 03:00:00,106.00391,105.99280402095872
2026-02-23 04:00:00,111.50691,105.98775023831672
2026-02-23 05:00:00,111.64991,106.02005914158613
2026-02-23 06:00:00,111.64991,106.40452465332106
2026-02-23 07:00:00,111.64991,109.06617393140132
2026-02-23 08:00:00,111.64991,111.73522388514027
2026-02-23 09:00:00,112.40991,108.46673241199821
2026-02-23 10:00:00,112.40991,109.36603050825639
2026-02-23 11:00:00,112.40991,110.23082705843947
2026-02-23 12:00:00,112.40991,110.47231476638296
2026-02-23 13:00:00,112.41091,111.44014957123963
2026-02-23 14:00:00,112.64991,114.95178043208745
2026-02-23 15:00:00,112.64991,116.42357014312549
2026-02-23 16:00:00,112.64991,117.40714032273556
2026-02-23 17:00:00,112.64991,118.31702700511752
2026-02-23 18:00:00,114.64991,120.104396832686
2026-02-23 19:00:00,115.62991,126.27423575755768
2026-02-23 20:00:00,114.64991,115.54002348920898
2026-02-23 21:00:00,112.64991,118.16619821016278
2026-02-23 22:00:00,112.64991,115.4520384535144
2026-02-23 23:00:00,112.40991,110.65583306391053
2026-02-24 00:00:00,120.44202,107.01198791957123
2026-02-24 01:00:00,120.44202,120.47539308373868
2026-02-24 02:00:00,120.44202,120.43574698698325
2026-02-24 03:00:00,120.44202,120.41690245152512
2026-02-24 04:00:00,120.44202,120.54732129359226
2026-02-24 05:00:00,120.44202,120.61900192478865
2026-02-24 06:00:00,120.44202,121.08899298779318
2026-02-24 07:00:00,120.44202,118.87970602528841
2026-02-24 08:00:00,120.44202,117.71572170381936
2026-02-24 09:00:00,120.44202,116.21951211855443
2026-02-24 10:00:00,120.44202,116.94673693285202
2026-02-24 11:00:00,120.44202,116.32044496906684
2026-02-24 12:00:00,120.44202,116.82868870563786
2026-02-24 13:00:00,120.44202,118.15393105274973
2026-02-24 14:00:00,120.44202,116.96214808570232
2026-02-24 15:00:00,120.44202,118.5993367921873
2026-02-24 16:00:00,125.94502,119.5044808053145
2026-02-24 17:00:00,125.94602,120.28789606188784
2026-02-24 18:00:00,127.78802,120.33644482544179
2026-02-24 19:00:00,129.08802,125.25213919522145
2026-02-24 20:00:00,126.84902,118.64517771948903
2026-02-24 21:00:00,126.84802,116.67642871304412
2026-02-24 22:00:00,125.94502,117.91209261967862
2026-02-24 23:00:00,125.44202,116.475995627965
2026-02-25 00:00:00,120.8945,120.00990858471607
2026-02-25 01:00:00,120.8945,120.81400851976494
2026-02-25 02:00:00,120.8945,120.89566631556363
2026-02-25 03:00:00,120.8945,120.89850816712806
2026-02-25 04:00:00,120.8945,120.89445540965758
2026-02-25 05:00:00,120.8945,120.90262749000718
2026-02-25 06:00:00,120.8945,121.20847219711607
2026-02-25 07:00:00,120.8945,122.38972560145476
2026-02-25 08:00:00,120.8945,124.04939998393405
2026-02-25 09:00:00,120.8945,122.53478486609526
2026-02-25 10:00:00,120.8945,121.58944860848766
2026-02-25 11:00:00,120.8945,121.87552323320725
2026-02-25 12:00:00,120.8945,122.04355058819206
2026-02-25 13:00:00,120.8945,123.68967809419303
2026-02-25 14:00:00,120.8945,124.68158731052534
2026-02-25 15:00:00,126.3975,126.94615239104175
2026-02-25 16:00:00,129.5405,129.57577966869502
2026-02-25 17:00:00,129.5405,130.0404129535937
2026-02-25 18:00:00,129.5405,129.57213302674495
2026-02-25 19:00:00,130.2605,134.98476949724022
2026-02-25 20:00:00,129.5405,125.71410438868563
2026-02-25 21:00:00,129.5405,126.70897841069393
2026-02-25 22:00:00,128.0305,124.55442201745541
2026-02-25 23:00:00,126.3975,122.86052439676223
2026-02-26 00:00:00,120.62002,119.9770631063526
2026-02-26 01:00:00,120.62002,120.59450740639517
2026-02-26 02:00:00,120.62002,120.60294709468565
2026-02-26 03:00:00,120.62002,120.6331368358804
2026-02-26 04:00:00,120.62002,120.6455535951728
2026-02-26 05:00:00,120.62002,120.63690191565485
2026-02-26 06:00:00,120.62002,121.04991702013677
2026-02-26 07:00:00,120.62002,123.26181844037572
2026-02-26 08:00:00,120.62002,124.2351249521304
2026-02-26 09:00:00,120.62002,124.29753529827488
2026-02-26 10:00:00,120.62002,122.93013660437941
2026-02-26 11:00:00,120.62002,123.39729998087114
2026-02-26 12:00:00,120.62002,123.63663336888851
2026-02-26 13:00:00,120.62002,125.57387368700674
2026-02-26 14:00:00,120.62002,125.7376993172376
2026-02-26 15:00:00,120.62102,130.73818031022043
2026-02-26 16:00:00,129.26602,131.37967037184123
2026-02-26 17:00:00,129.26602,131.7864384070299
2026-02-26 18:00:00,129.26602,131.6923934220866
2026-02-26 19:00:00,129.98602,134.3746884267061
2026-02-26 20:00:00,129.98602,128.65296295045394
2026-02-26 21:00:00,129.26602,129.26429831350532
2026-02-26 22:00:00,129.26602,126.28078604770923
2026-02-26 23:00:00,126.12302,123.57891476332179
2026-02-27 00:00:00,112.71828,121.46533257650955
2026-02-27 01:00:00,112.71828,112.67109611901236
2026-02-27 02:00:00,112.71828,112.69850155869247
2026-02-27 03:00:00,112.71828,112.73141368699956
2026-02-27 04:00:00,112.71828,112.72598117150423
2026-02-27 05:00:00,118.22128,112.73476501284583
2026-02-27 06:00:00,118.22128,112.85208744054651
2026-02-27 07:00:00,112.71928,116.09479846959957
2026-02-27 08:00:00,112.71828,120.27264553165901
2026-02-27 09:00:00,112.71828,119.57779931936327
2026-02-27 10:00:00,112.71828,118.71218935097352
2026-02-27 11:00:00,112.71828,120.60906685865885
2026-02-27 12:00:00,112.71828,120.62548760634772
2026-02-27 13:00:00,112.71828,121.26864292214705
2026-02-27 14:00:00,112.71928,122.81537373838327
2026-02-27 15:00:00,118.22128,126.62001750857922
2026-02-27 16:00:00,121.36428,129.51300325926198
2026-02-27 17:00:00,121.36428,129.0653276399105
2026-02-27 18:00:00,121.36428,130.07633745587404
2026-02-27 19:00:00,122.08428,131.78934643085796
2026-02-27 20:00:00,121.36428,126.26397008783172
2026-02-27 21:00:00,121.36428,128.14192937854028
2026-02-27 22:00:00,121.36428,124.62510086924942
2026-02-27 23:00:00,119.12528,118.77847872946347
2026-02-28 00:00:00,122.28435,115.16503821622544
2026-02-28 01:00:00,116.78235,122.38539003530863
2026-02-28 02:00:00,116.78235,122.26380092794571
2026-02-28 03:00:00,116.78235,122.28858378900668
2026-02-28 04:00:00,122.18935,122.28468955839654
2026-02-28 05:00:00,122.18935,122.46544455348962
2026-02-28 06:00:00,122.28435,122.40105617026828
2026-02-28 07:00:00,116.78235,119.44207501488515
2026-02-28 08:00:00,116.78235,119.27908320480532
2026-02-28 09:00:00,116.78235,117.979735951881
2026-02-28 10:00:00,116.78235,117.27137171616468
2026-02-28 11:00:00,116.78235,117.74899014409186
2026-02-28 12:00:00,116.78235,118.31263441714643
2026-02-28 13:00:00,116.78235,118.49194480940417
2026-02-28 14:00:00,116.78235,118.43541672741594
2026-02-28 15:00:00,116.78235,122.00277123098994
2026-02-28 16:00:00,122.28435,123.52602964762642
2026-02-28 17:00:00,122.28535,125.02763484940556
2026-02-28 18:00:00,122.28635,125.27139698254427
2026-02-28 19:00:00,124.78235,126.15928359496007
2026-02-28 20:00:00,122.28635,122.70439037555519
2026-02-28 21:00:00,122.28635,124.2836191654213
2026-02-28 22:00:00,122.28535,122.79830797843857
2026-02-28 23:00:00,122.28435,120.5104953237919
2026-03-01 00:00:00,103.13361,122.45297509859381
2026-03-01 01:00:00,103.13361,103.18774708043796
2026-03-01 02:00:00,103.13361,103.11225532384307
2026-03-01 03:00:00,103.13361,103.1355971286907
2026-03-01 04:00:00,103.13361,103.13501438134307
2026-03-01 05:00:00,103.13361,103.16144804032729
2026-03-01 06:00:00,103.13361,103.33806540536034
2026-03-01 07:00:00,103.13361,107.54947098207549
2026-03-01 08:00:00,103.13361,112.0486090505837
2026-03-01 09:00:00,103.13361,109.90315340712587
2026-03-01 10:00:00,103.13361,110.76822251226955
2026-03-01 11:00:00,103.13361,112.73926907089816
2026-03-01 12:00:00,103.13361,112.54590229094768
2026-03-01 13:00:00,103.13361,113.48961444866677
2026-03-01 14:00:00,103.13361,116.24217181047419
2026-03-01 15:00:00,103.13361,118.0561957639014
2026-03-01 16:00:00,103.13361,120.40883857416438
2026-03-01 17:00:00,107.63261,120.45766749449444
2026-03-01 18:00:00,108.35261,121.73269085073673
2026-03-01 19:00:00,108.35261,126.01710839985566
2026-03-01 20:00:00,108.35261,117.82635329864519
2026-03-01 21:00:00,108.35261,120.7612409847062
2026-03-01 22:00:00,107.63261,116.99309733787365
2026-03-01 23:00:00,107.63261,110.44935986137972
2026-03-02 00:00:00,101.84342,106.14003822989687
2026-03-02 01:00:00,101.84342,101.85600009750908
2026-03-02 02:00:00,101.84342,101.81911721994248
2026-03-02 03:00:00,101.84342,101.72378846814033
2026-03-02 04:00:00,104.47142,101.84599829413813
2026-03-02 05:00:00,105.49242,101.87759669533892
2026-03-02 06:00:00,105.49242,102.30364612554888
2026-03-02 07:00:00,105.43642,103.93600000484273
2026-03-02 08:00:00,104.47142,104.91386735527988
2026-03-02 09:00:00,101.84342,105.01971292430676
2026-03-02 10:00:00,101.84342,105.88824410387684
2026-03-02 11:00:00,104.47142,105.64670593946752
2026-03-02 12:00:00,104.47142,106.65242153796947
2026-03-02 13:00:00,104.47142,107.44742521476635
2026-03-02 14:00:00,105.49242,107.04856959581403
2026-03-02 15:00:00,105.49242,108.32458601193446
2026-03-02 16:00:00,106.34242,108.31131020553909
2026-03-02 17:00:00,107.06242,110.77590751150535
2026-03-02 18:00:00,108.40842,111.79615474295935
2026-03-02 19:00:00,108.40842,116.55986396424078
2026-03-02 20:00:00,108.40742,109.82834437026281
2026-03-02 21:00:00,108.40742,109.03521946230003
2026-03-02 22:00:00,107.06242,107.47728573161163
2026-03-02 23:00:00,105.49242,104.7442731858632
2026-03-03 00:00:00,111.27833,105.64443849247098
2026-03-03 01:00:00,111.27833,111.37390080699578
2026-03-03 02:00:00,111.27833,111.22038933967951
2026-03-03 03:00:00,111.27833,111.27161359023276
2026-03-03 04:00:00,113.90633,111.3330073972383
2026-03-03 05:00:00,114.77733,111.41033514311457
2026-03-03 06:00:00,114.77733,111.48095982530313
2026-03-03 07:00:00,114.77733,109.74119429258721
2026-03-03 08:00:00,113.90633,109.9383417717959
2026-03-03 09:00:00,111.27833,107.97975492571362
2026-03-03 10:00:00,111.27833,107.74742220035438
2026-03-03 11:00:00,111.27833,107.75108200209945
2026-03-03 12:00:00,111.27833,109.32932166679882
2026-03-03 13:00:00,113.90633,109.49306972848964
2026-03-03 14:00:00,114.77733,109.79090202352415
2026-03-03 15:00:00,116.49733,111.31531624705681
2026-03-03 16:00:00,116.49733,112.93583819742554
2026-03-03 17:00:00,117.84233,112.50845370461818
2026-03-03 18:00:00,125.77733,111.45839123979329
2026-03-03 19:00:00,195.77733,119.66628869042819
2026-03-03 20:00:00,117.84333,110.04139730661086
2026-03-03 21:00:00,117.84333,110.27292458290333
2026-03-03 22:00:00,117.84333,109.66452115038322
2026-03-03 23:00:00,116.49733,107.96807010215278
2026-03-04 00:00:00,113.48755,110.45620649238171
2026-03-04 01:00:00,113.48755,113.60211223770412
2026-03-04 02:00:00,113.48755,113.47671543572218
2026-03-04 03:00:00,113.48755,113.5030745448133
2026-03-04 04:00:00,113.48755,113.53610142200407
2026-03-04 05:00:00,116.11555,113.6368086015921
2026-03-04 06:00:00,116.11555,113.7055230289512
2026-03-04 07:00:00,113.48755,115.14715514225088
2026-03-04 08:00:00,113.48755,116.53110214669417
2026-03-04 09:00:00,113.48755,113.82846337347027
2026-03-04 10:00:00,113.48755,112.8122374122394
2026-03-04 11:00:00,113.48755,113.67395895230686
2026-03-04 12:00:00,113.48755,114.1496667655664
2026-03-04 13:00:00,113.48755,116.71093563539443
2026-03-04 14:00:00,116.11555,118.36494696819949
2026-03-04 15:00:00,116.11555,121.30397999488204
2026-03-04 16:00:00,116.48655,122.08966957248265
2026-03-04 17:00:00,120.68655,121.71324640339256
2026-03-04 18:00:00,120.68655,123.06791901940625
2026-03-04 19:00:00,127.98655,147.7891651198875
2026-03-04 20:00:00,120.68655,117.36669358894477
2026-03-04 21:00:00,120.68655,118.6171339341841
2026-03-04 22:00:00,120.05155,116.17021551824695
2026-03-04 23:00:00,116.48655,114.2552566314138
2026-03-05 00:00:00,115.21316,113.4031085207661
2026-03-05 01:00:00,115.21316,115.27127036449824
2026-03-05 02:00:00,115.21316,115.19593082259519
2026-03-05 03:00:00,115.21316,115.21382602446562
2026-03-05 04:00:00,115.21316,115.22950373332554
2026-03-05 05:00:00,115.21316,115.32789726902368
2026-03-05 06:00:00,115.21316,115.42084967527228
2026-03-05 07:00:00,115.21316,116.00880155527548
2026-03-05 08:00:00,115.21316,117.90625310384459
2026-03-05 09:00:00,115.21316,116.97571393304145
2026-03-05 10:00:00,115.21316,115.541719563447
2026-03-05 11:00:00,115.21316,116.43210465530296
2026-03-05 12:00:00,115.21316,116.6716511010346
2026-03-05 13:00:00,115.21316,117.61163386351382
2026-03-05 14:00:00,115.21316,120.2058154529474
2026-03-05 15:00:00,115.21316,121.38457319838
2026-03-05 16:00:00,115.21316,122.92227407065113
2026-03-05 17:00:00,119.71216,122.89579619291393
2026-03-05 18:00:00,121.77716,123.93098534617252
2026-03-05 19:00:00,121.77716,132.6712476257652
2026-03-05 20:00:00,121.77716,119.51287406564
2026-03-05 21:00:00,120.21216,120.41029618963472
2026-03-05 22:00:00,119.71216,118.36789815234391
2026-03-05 23:00:00,115.21316,115.78086657087022
2026-03-06 00:00:00,110.28468,115.91585320403453
2026-03-06 01:00:00,110.28468,110.37439334646416
2026-03-06 02:00:00,110.28468,110.25692529498795
2026-03-06 03:00:00,110.28468,110.29043866054826
2026-03-06 04:00:00,110.28468,110.2966267684887
2026-03-06 05:00:00,110.28468,110.3108589099744
2026-03-06 06:00:00,110.28468,110.68429206793897
2026-03-06 07:00:00,110.28468,111.46044597440707
2026-03-06 08:00:00,110.28468,114.25680695020694
2026-03-06 09:00:00,110.28468,113.80643497115983
2026-03-06 10:00:00,110.28468,113.55092297817791
2026-03-06 11:00:00,110.28468,114.73100155059132
2026-03-06 12:00:00,110.28468,115.06147264687093
2026-03-06 13:00:00,110.28468,115.62259270333499
2026-03-06 14:00:00,110.28468,116.90125912105944
2026-03-06 15:00:00,110.28468,118.9636181849477
2026-03-06 16:00:00,114.78368,119.46246281089222
2026-03-06 17:00:00,114.78368,121.1717614068931
2026-03-06 18:00:00,116.78368,122.48126855004779
2026-03-06 19:00:00,116.84868,125.00118997788388
2026-03-06 20:00:00,116.78368,120.00192674384584
2026-03-06 21:00:00,116.78368,119.29341937097715
2026-03-06 22:00:00,114.78368,115.80645326501224
2026-03-06 23:00:00,110.28468,112.48154785802109
2026-03-07 00:00:00,114.4743,112.78618214271847
2026-03-07 01:00:00,114.4743,114.61561737211304
2026-03-07 02:00:00,114.4743,114.45375507302296
2026-03-07 03:00:00,114.4743,114.47540205703837
2026-03-07 04:00:00,114.4743,114.47533086123727
2026-03-07 05:00:00,114.4743,114.49826270210309
2026-03-07 06:00:00,114.4743,114.56256971471726
2026-03-07 07:00:00,114.4733,112.07240079794525
2026-03-07 08:00:00,114.4733,112.85154698869954
2026-03-07 09:00:00,114.3813,112.67515004590123
2026-03-07 10:00:00,114.3813,110.5431838485373
2026-03-07 11:00:00,114.4733,111.20885448435536
2026-03-07 12:00:00,114.3813,112.28904328893276
2026-03-07 13:00:00,114.4743,112.46327812801641
2026-03-07 14:00:00,114.4733,112.38418237189279
2026-03-07 15:00:00,114.4743,114.40972245304775
2026-03-07 16:00:00,114.4753,116.99750367030794
2026-03-07 17:00:00,115.7523,116.01077312525285
2026-03-07 18:00:00,116.2523,117.11569837616639
2026-03-07 19:00:00,116.2523,119.10711564170322
2026-03-07 20:00:00,116.2523,115.92790552710613
2026-03-07 21:00:00,116.2523,117.43159572468053
2026-03-07 22:00:00,115.9083,113.97583795773545
2026-03-07 23:00:00,115.7523,112.54417376518748
2026-03-08 00:00:00,108.18068,114.42761771146343
2026-03-08 01:00:00,108.18068,108.26599242210213
2026-03-08 02:00:00,108.18068,108.16824169023448
2026-03-08 03:00:00,108.18068,108.18985766641407
2026-03-08 04:00:00,108.18068,108.18215675188759
2026-03-08 05:00:00,108.18068,108.20504368219224
2026-03-08 06:00:00,108.18068,108.27094981935883
2026-03-08 07:00:00,108.17768,109.50238179903351
2026-03-08 08:00:00,101.70468,112.05309719541194
2026-03-08 09:00:00,101.70468,111.37802668593937
2026-03-08 10:00:00,101.70468,110.83588644823345
2026-03-08 11:00:00,101.70468,112.6513094077799
2026-03-08 12:00:00,101.70468,112.7564757349565
2026-03-08 13:00:00,101.70468,113.3655515546181
2026-03-08 14:00:00,108.17768,114.27184733715245
2026-03-08 15:00:00,108.18068,115.33100140744511
2026-03-08 16:00:00,108.18068,116.0602317238573
2026-03-08 17:00:00,109.94868,116.81729476746645
2026-03-08 18:00:00,110.04868,117.47433735723314
2026-03-08 19:00:00,110.04868,122.16404448906286
2026-03-08 20:00:00,110.04868,115.31893467926011
2026-03-08 21:00:00,110.04868,116.69397110882608
2026-03-08 22:00:00,110.04868,114.0461723139579
2026-03-08 23:00:00,109.94868,110.56125667846857
2026-03-09 00:00:00,102.03342,109.90835306651155
2026-03-09 01:00:00,102.03342,102.09005782790368
2026-03-09 02:00:00,102.03342,102.01350532955942
2026-03-09 03:00:00,102.03342,102.01780949895121
2026-03-09 04:00:00,102.03342,102.03276809334466
2026-03-09 05:00:00,102.03342,102.06832295362076
2026-03-09 06:00:00,102.03342,102.5199640531963
2026-03-09 07:00:00,102.03342,105.03307279223702
2026-03-09 08:00:00,102.03342,105.40356372269719
2026-03-09 09:00:00,102.03342,104.02868082516085
2026-03-09 10:00:00,102.03342,104.37211883011949
2026-03-09 11:00:00,102.03342,104.5185864982231
2026-03-09 12:00:00,102.03342,105.7826999129845
2026-03-09 13:00:00,102.03342,106.70640540861072
2026-03-09 14:00:00,111.37742,109.24934256670159
2026-03-09 15:00:00,111.37742,110.35354075143238
2026-03-09 16:00:00,113.37742,110.34483967066785
2026-03-09 17:00:00,114.37742,112.12846036755155
2026-03-09 18:00:00,116.37742,112.82760229758708
2026-03-09 19:00:00,140.37742,118.82772621723541
2026-03-09 20:00:00,116.37742,110.36577006092762
2026-03-09 21:00:00,116.37742,110.54788313286764
2026-03-09 22:00:00,113.37742,108.5319530467583
2026-03-09 23:00:00,111.37742,105.36517427898207
2026-03-10 00:00:00,107.66054,104.35684801600911
2026-03-10 01:00:00,107.66054,107.73938462055494
2026-03-10 02:00:00,107.66054,107.64337854512777
2026-03-10 03:00:00,107.66054,107.6640560492485
2026-03-10 04:00:00,107.66054,107.66669780573923
2026-03-10 05:00:00,107.66054,107.69088207842981
2026-03-10 06:00:00,107.66054,108.01284893026039
2026-03-10 07:00:00,114.29354,108.85101571320442
2026-03-10 08:00:00,107.66054,110.28863403977107
2026-03-10 09:00:00,107.66054,107.80058701344515
2026-03-10 10:00:00,107.66054,107.67973668289369
2026-03-10 11:00:00,107.66054,107.16495758596187
2026-03-10 12:00:00,107.66054,108.44056597091301
2026-03-10 13:00:00,107.66054,109.38109225112683
2026-03-10 14:00:00,121.00454,114.46853079405778
2026-03-10 15:00:00,121.00454,116.22553561799171
2026-03-10 16:00:00,166.00454,116.21574269603602
2026-03-10 17:00:00,166.00454,117.03433174730324
2026-03-10 18:00:00,758.85354,117.70722455064742
2026-03-10 19:00:00,805.09154,134.72321545361723
2026-03-10 20:00:00,166.00454,114.72653398253698
2026-03-10 21:00:00,166.00454,115.58583815355217
2026-03-10 22:00:00,166.00454,112.47656120872031
2026-03-10 23:00:00,166.00454,109.4144436001969
2026-03-11 00:00:00,118.17152,108.28189686331604
2026-03-11 01:00:00,118.08252,118.10314115952579
2026-03-11 02:00:00,118.08252,118.17719318865483
2026-03-11 03:00:00,118.08252,118.20310246438743
2026-03-11 04:00:00,118.17152,118.17584345278362
2026-03-11 05:00:00,126.95052,118.25421774602734
2026-03-11 06:00:00,126.95052,118.63756559962053
2026-03-11 07:00:00,118.17152,129.64264449787026
2026-03-11 08:00:00,118.17152,132.80568648813966
2026-03-11 09:00:00,118.08252,124.19620991971908
2026-03-11 10:00:00,118.08252,124.04849495843112
2026-03-11 11:00:00,118.17152,125.20677548428921
2026-03-11 12:00:00,118.08252,124.75445095457081
2026-03-11 13:00:00,118.17152,127.79647273370324
2026-03-11 14:00:00,126.95052,143.25152207852895
2026-03-11 15:00:00,126.95052,144.76960477693436
2026-03-11 16:00:00,139.95052,157.15640394132123
2026-03-11 17:00:00,149.95052,163.78742916923235
2026-03-11 18:00:00,1135.36452,381.109940328637
2026-03-11 19:00:00,761.95052,338.9814791191683
2026-03-11 20:00:00,761.95052,149.89719170890433
2026-03-11 21:00:00,189.95052,158.3530290472547
2026-03-11 22:00:00,139.95052,148.7834443469642
2026-03-11 23:00:00,126.95052,142.6446684505544
2026-03-12 00:00:00,138.33999,117.30920778370867
2026-03-12 01:00:00,138.33999,138.37082293675365
2026-03-12 02:00:00,138.33999,138.3231989852438
2026-03-12 03:00:00,138.33999,138.3177792489665
2026-03-12 04:00:00,138.33999,138.33143613010083
2026-03-12 05:00:00,138.46299,138.63787045538672
2026-03-12 06:00:00,138.46299,138.61238770945354
2026-03-12 07:00:00,138.46299,135.23536250985796
2026-03-12 08:00:00,138.46299,133.86623079817744
2026-03-12 09:00:00,138.33999,132.4445854792086
2026-03-12 10:00:00,138.33999,128.91991238651906
2026-03-12 11:00:00,138.46299,129.53920045003505
2026-03-12 12:00:00,138.46299,130.73571466024288
2026-03-12 13:00:00,143.33999,130.83226798748004
2026-03-12 14:00:00,158.33999,137.65391644251824
2026-03-12 15:00:00,158.33999,144.65512185414616
2026-03-12 16:00:00,158.33999,150.3747410825173
2026-03-12 17:00:00,198.33999,160.26931993451154
2026-03-12 18:00:00,291.23999,682.553938556073
2026-03-12 19:00:00,807.42699,666.8292758367218
2026-03-12 20:00:00,807.42699,531.7094135102367
2026-03-12 21:00:00,188.33999,175.42758323166296
2026-03-12 22:00:00,158.33999,151.30600609439801
2026-03-12 23:00:00,143.33999,140.78449526426456
2026-03-13 00:00:00,142.33338,133.74382748155818
2026-03-13 01:00:00,142.33338,142.3823461700692
2026-03-13 02:00:00,142.33338,142.32364141855425
2026-03-13 03:00:00,142.33338,142.29724634894134
2026-03-13 04:00:00,152.33338,142.3261326535806
2026-03-13 05:00:00,156.33338,142.33872661770474
2026-03-13 06:00:00,156.33338,142.38363368384023
2026-03-13 07:00:00,156.33338,142.11423606918171
2026-03-13 08:00:00,152.33338,143.42949517626556
2026-03-13 09:00:00,142.33338,143.0313811685548
2026-03-13 10:00:00,142.33338,141.35829901103708
2026-03-13 11:00:00,142.33338,144.19569057846218
2026-03-13 12:00:00,109.61438,143.97284240615193
2026-03-13 13:00:00,142.33338,146.8328329637945
2026-03-13 14:00:00,152.33338,156.27722255314242
2026-03-13 15:00:00,156.33338,163.2054605710928
2026-03-13 16:00:00,161.45638,165.26504802873077
2026-03-13 17:00:00,180.33338,181.06989878188358
2026-03-13 18:00:00,284.23338,406.6794543577129
2026-03-13 19:00:00,800.42038,695.1915575577796
2026-03-13 20:00:00,284.23338,622.1938198556279
2026-03-13 21:00:00,180.33338,183.1895138363136
2026-03-13 22:00:00,181.33338,161.0874787577835
2026-03-13 23:00:00,161.45638,147.76197205437515
2026-03-14 00:00:00,185.07122,140.5037698380287
2026-03-14 01:00:00,185.07122,185.22926250579943
2026-03-14 02:00:00,185.07122,185.085214892907
2026-03-14 03:00:00,185.07122,184.894912998743
2026-03-14 04:00:00,185.07122,185.24761825698653
2026-03-14 05:00:00,185.07122,185.49974530760142
2026-03-14 06:00:00,165.97122,185.94159756533912
2026-03-14 07:00:00,165.97122,179.87949731819043
2026-03-14 08:00:00,157.07122,175.64995143280504
2026-03-14 09:00:00,157.07122,168.3296624397646
2026-03-14 10:00:00,157.07122,164.54923205678145
2026-03-14 11:00:00,165.97122,141.19587469253565
2026-03-14 12:00:00,165.97122,150.55945054091558
2026-03-14 13:00:00,165.97122,166.1697369285102
2026-03-14 14:00:00,165.97122,172.14593058415733
2026-03-14 15:00:00,165.97122,175.53344875078787
2026-03-14 16:00:00,186.07122,174.50851877333824
2026-03-14 17:00:00,266.07122,188.92065944591883
2026-03-14 18:00:00,332.19422,256.4750141007682
2026-03-14 19:00:00,332.19422,438.95909112805344
2026-03-14 20:00:00,332.19422,307.4445029130116
2026-03-14 21:00:00,266.07122,190.71434996388837
2026-03-14 22:00:00,266.07122,182.57303111202478
2026-03-14 23:00:00,201.07122,178.7103190714024
2026-03-15 00:00:00,229.49337,173.44726376579382
2026-03-15 01:00:00,229.49337,229.80801755740572
2026-03-15 02:00:00,229.49337,229.5251923862649
2026-03-15 03:00:00,229.49337,229.2866498731922
2026-03-15 04:00:00,229.49337,229.4843796445805
2026-03-15 05:00:00,229.49337,229.4824318137305
2026-03-15 06:00:00,194.49337,229.42230195434848
2026-03-15 07:00:00,170.49337,222.13846188912137
2026-03-15 08:00:00,117.71437,214.42329556137912
2026-03-15 09:00:00,117.62437,207.70236733872395
2026-03-15 10:00:00,117.62437,204.184944036449
2026-03-15 11:00:00,170.49337,201.14999185881695
2026-03-15 12:00:00,170.49337,201.68431741243674
2026-03-15 13:00:00,170.49337,210.6064384372534
2026-03-15 14:00:00,171.49337,223.21796910899292
2026-03-15 15:00:00,171.49337,227.15269885460793
2026-03-15 16:00:00,229.49337,234.4901769988961
2026-03-15 17:00:00,272.41637,262.49375621189216
2026-03-15 18:00:00,299.49337,312.6518130516678
2026-03-15 19:00:00,344.49337,368.79081844054264
2026-03-15 20:00:00,339.49337,301.60191278550815
2026-03-15 21:00:00,279.49337,267.41317477677654
2026-03-15 22:00:00,272.41637,252.85524175863674
2026-03-15 23:00:00,272.41637,231.0906131378458
2026-03-16 00:00:00,279.95154,216.04875351615453
2026-03-16 01:00:00,269.95154,280.34347238973834
2026-03-16 02:00:00,219.95154,279.9655379780798
2026-03-16 03:00:00,219.95154,279.4001307285638
2026-03-16 04:00:00,269.95154,279.9659754948159
2026-03-16 05:00:00,279.95154,279.83930203400354
2026-03-16 06:00:00,299.07454,281.275621846628
2026-03-16 07:00:00,279.95154,270.2487010183559
2026-03-16 08:00:00,231.91454,248.5079934898352
2026-03-16 09:00:00,219.95154,220.9422909699731
2026-03-16 10:00:00,269.95154,214.8557006529158
2026-03-16 11:00:00,279.95154,225.28852160729747
2026-03-16 12:00:00,279.95154,225.64814858524394
2026-03-16 13:00:00,279.95154,232.19256459370845
2026-03-16 14:00:00,299.07454,239.78770718183588
2026-03-16 15:00:00,299.07454,244.83888510442767
2026-03-16 16:00:00,319.95154,263.42825865277484
2026-03-16 17:00:00,336.95154,297.0268295975793
2026-03-16 18:00:00,336.95154,338.7629937650997
2026-03-16 19:00:00,799.03854,370.87786108955453
2026-03-16 20:00:00,339.95154,349.4941855550393
2026-03-16 21:00:00,339.95154,291.38461083610036
2026-03-16 22:00:00,336.95154,286.1380336574829
2026-03-16 23:00:00,319.95154,282.27162785262675
2026-03-17 00:00:00,306.49125,259.0371343835798
2026-03-17 01:00:00,306.49125,306.8543015091017
2026-03-17 02:00:00,280.36825,306.50352215722876
2026-03-17 03:00:00,280.36825,306.1520494618812
2026-03-17 04:00:00,306.49125,306.300992891995
2026-03-17 05:00:00,306.49125,306.3805336176822
2026-03-17 06:00:00,306.49125,307.5750832854752
2026-03-17 07:00:00,306.49125,311.99099788256467
2026-03-17 08:00:00,306.49125,301.3324478717661
2026-03-17 09:00:00,280.36825,273.4073709273872
2026-03-17 10:00:00,280.36825,287.1907059641356
2026-03-17 11:00:00,306.49125,296.6150132867252
2026-03-17 12:00:00,280.36825,292.649241064659
2026-03-17 13:00:00,306.49125,299.04790102287177
2026-03-17 14:00:00,330.36825,319.55964631326583
2026-03-17 15:00:00,332.36825,323.5875265265557
2026-03-17 16:00:00,332.36825,337.1761088846139
2026-03-17 17:00:00,335.36825,346.8747620835885
2026-03-17 18:00:00,335.36825,420.4439855771046
2026-03-17 19:00:00,794.45525,524.0673503908807
2026-03-17 20:00:00,335.36825,389.90656350238163
2026-03-17 21:00:00,332.36825,345.7269569905972
2026-03-17 22:00:00,332.36825,333.4674632549392
2026-03-17 23:00:00,306.49125,317.600531790748
2026-03-18 00:00:00,311.84308,296.2022964113053
2026-03-18 01:00:00,311.84308,312.2292178592453
2026-03-18 02:00:00,311.84308,311.8131193230758
2026-03-18 03:00:00,311.84308,310.2105366261532
2026-03-18 04:00:00,311.84308,311.8414569611406
2026-03-18 05:00:00,334.84308,311.74787386917
2026-03-18 06:00:00,334.84308,312.134954846868
2026-03-18 07:00:00,334.84308,314.00716540483677
2026-03-18 08:00:00,334.84308,312.7543563650401
2026-03-18 09:00:00,311.84308,298.62995784600986
2026-03-18 10:00:00,311.84308,302.6159966027212
2026-03-18 11:00:00,334.84308,297.8966719646076
2026-03-18 12:00:00,311.84308,301.96253227695126
2026-03-18 13:00:00,334.84308,317.05571982256436
2026-03-18 14:00:00,338.84308,331.9497214354485
2026-03-18 15:00:00,339.96608,333.1252367061426
2026-03-18 16:00:00,339.96608,333.1304170388537
2026-03-18 17:00:00,339.96608,348.4013786010761
2026-03-18 18:00:00,341.84308,413.23831141420914
2026-03-18 19:00:00,389.84308,538.3418865920423
2026-03-18 20:00:00,353.84308,385.88341252309635
2026-03-18 21:00:00,339.96608,346.50193313157905
2026-03-18 22:00:00,339.96608,336.10723301714216
2026-03-18 23:00:00,334.84308,317.9156838123629
2026-03-19 00:00:00,347.22084,310.17020475530546
2026-03-19 01:00:00,347.22084,347.579480978326
2026-03-19 02:00:00,347.22084,346.7377995697172
2026-03-19 03:00:00,347.22084,346.47287101424763
2026-03-19 04:00:00,347.22084,347.17665619611597
2026-03-19 05:00:00,354.19084,347.86106402847696
2026-03-19 06:00:00,354.19084,346.6491718510305
2026-03-19 07:00:00,347.22084,344.2990838208093
2026-03-19 08:00:00,347.22084,343.39938188340534
2026-03-19 09:00:00,308.99084,332.52930611859523
2026-03-19 10:00:00,347.22084,329.88046452010553
2026-03-19 11:00:00,347.22084,327.7462254624294
2026-03-19 12:00:00,347.22084,328.8476243132288
2026-03-19 13:00:00,347.22084,342.1126156853275
2026-03-19 14:00:00,354.19084,347.58813569599
2026-03-19 15:00:00,354.19084,349.61915012756737
2026-03-19 16:00:00,360.09084,348.49947864000694
2026-03-19 17:00:00,360.09084,355.2363185232066
2026-03-19 18:00:00,415.09084,372.59815271423884
2026-03-19 19:00:00,415.09084,430.13345797449284
2026-03-19 20:00:00,390.09084,384.574461562551
2026-03-19 21:00:00,375.09084,358.00782918254527
2026-03-19 22:00:00,360.09084,358.59391104501975
2026-03-19 23:00:00,354.19084,343.78267401169137
2026-03-20 00:00:00,347.8728,342.19147874058245
2026-03-20 01:00:00,347.8728,348.33860266614704
2026-03-20 02:00:00,347.8728,347.6340090268969
2026-03-20 03:00:00,330.1428,347.6218494602
2026-03-20 04:00:00,330.1428,347.8565207768773
2026-03-20 05:00:00,347.8728,348.0088286224554
2026-03-20 06:00:00,347.8728,348.58098999487447
2026-03-20 07:00:00,339.1428,352.05018879568695
2026-03-20 08:00:00,330.1428,355.85623795711194
2026-03-20 09:00:00,330.1428,335.8325051919966
2026-03-20 10:00:00,330.1428,347.49432727932157
2026-03-20 11:00:00,330.1428,355.25968567019714
2026-03-20 12:00:00,330.1428,345.7571126384309
2026-03-20 13:00:00,330.1428,352.9417312439737
2026-03-20 14:00:00,347.8728,360.0338141538672
2026-03-20 15:00:00,347.8728,359.9536544661915
2026-03-20 16:00:00,354.1428,363.3657095419497
2026-03-20 17:00:00,379.1428,375.6533292354364
2026-03-20 18:00:00,384.1428,410.3991264510384
2026-03-20 19:00:00,384.1428,425.3285032267438
2026-03-20 20:00:00,384.1428,397.62754842077953
2026-03-20 21:00:00,379.1428,380.62457444901764
2026-03-20 22:00:00,379.1428,369.3724534573647
2026-03-20 23:00:00,354.1428,351.78861098101913
2026-03-21 00:00:00,346.45843,345.524093485825
2026-03-21 01:00:00,346.45843,346.87714362867746
2026-03-21 02:00:00,325.45843,346.3864774675085
2026-03-21 03:00:00,325.45843,346.2886183913579
2026-03-21 04:00:00,346.45843,346.11415687066767
2026-03-21 05:00:00,346.45843,346.42150361431675
2026-03-21 06:00:00,346.45843,345.00353365398627
2026-03-21 07:00:00,325.45843,344.54815142179564
2026-03-21 08:00:00,229.92343,345.53812674058304
2026-03-21 09:00:00,229.92343,339.6713814939544
2026-03-21 10:00:00,278.35843,341.178580352957
2026-03-21 11:00:00,304.35843,345.5581983322087
2026-03-21 12:00:00,260.50443,347.01622045692494
2026-03-21 13:00:00,278.35843,348.4210190203064
2026-03-21 14:00:00,325.45843,359.97011160234854
2026-03-21 15:00:00,346.45843,359.6657260300935
2026-03-21 16:00:00,346.45843,363.3590581637752
2026-03-21 17:00:00,350.45843,381.36255816392924
2026-03-21 18:00:00,375.45843,401.3152948499247
2026-03-21 19:00:00,375.45843,405.20833238532225
2026-03-21 20:00:00,375.45843,391.2083213416856
2026-03-21 21:00:00,350.45843,383.5119687888505
2026-03-21 22:00:00,346.45843,378.77261683012387
2026-03-21 23:00:00,346.45843,354.09952502194494
2026-03-22 00:00:00,331.85997,349.5018043832426
2026-03-22 01:00:00,331.85997,332.24101698342173
2026-03-22 02:00:00,366.85997,331.75976827471345
2026-03-22 03:00:00,331.85997,330.8712328406446
2026-03-22 04:00:00,331.85997,331.82928481063664
2026-03-22 05:00:00,331.85997,331.82839826529306
2026-03-22 06:00:00,331.85997,331.92530871922116
2026-03-22 07:00:00,261.85997,327.67497343478146
2026-03-22 08:00:00,110.08097,299.4825069083265
2026-03-22 09:00:00,110.08097,280.8187020193871
2026-03-22 10:00:00,110.08097,301.8868302226753
2026-03-22 11:00:00,259.70797,287.5816828250142
2026-03-22 12:00:00,261.85997,300.59748476977325
2026-03-22 13:00:00,261.85997,306.78335371282213
2026-03-22 14:00:00,261.85997,329.1659864727401
2026-03-22 15:00:00,331.85997,334.71714939195175
2026-03-22 16:00:00,366.85997,336.92308964428554
2026-03-22 17:00:00,366.85997,358.6643645940675
2026-03-22 18:00:00,383.85997,379.2804051375307
2026-03-22 19:00:00,383.85997,397.89277346250117
2026-03-22 20:00:00,383.85997,372.5927143834477
2026-03-22 21:00:00,383.85997,354.7210682995701
2026-03-22 22:00:00,366.85997,352.56768768541224
2026-03-22 23:00:00,366.85997,338.6566234037936
2026-03-23 00:00:00,376.5061,326.8651317268111
2026-03-23 01:00:00,376.5061,377.1145613772071
2026-03-23 02:00:00,376.5061,376.41251937403945
2026-03-23 03:00:00,336.5061,375.00888843522023
2026-03-23 04:00:00,336.5061,376.3589265691983
2026-03-23 05:00:00,336.5061,376.4952844919145
2026-03-23 06:00:00,336.5061,382.16691634835206
2026-03-23 07:00:00,266.5061,368.5081115739616
2026-03-23 08:00:00,114.7271,316.2520912165523
2026-03-23 09:00:00,114.7271,268.4360496394155
2026-03-23 10:00:00,114.7271,275.4535864505703
2026-03-23 11:00:00,289.4061,318.6830235030518
2026-03-23 12:00:00,266.5061,320.7778376964105
2026-03-23 13:00:00,266.5061,321.8138358413546
2026-03-23 14:00:00,266.5061,332.6698782796775
2026-03-23 15:00:00,315.4061,359.0396182518883
2026-03-23 16:00:00,376.5061,367.52223658972366
2026-03-23 17:00:00,392.4261,377.83355708430906
2026-03-23 18:00:00,393.5061,389.95256908077704
2026-03-23 19:00:00,407.6171,414.17102809880384
2026-03-23 20:00:00,393.5061,381.1973054869477
2026-03-23 21:00:00,393.5061,382.7882078032897
2026-03-23 22:00:00,392.4261,373.4798135088938
2026-03-23 23:00:00,392.4261,374.9342145302601
2026-03-24 00:00:00,114.49924,351.6560331760405
2026-03-24 01:00:00,114.49924,114.78050444074952
2026-03-24 02:00:00,114.49924,114.01715421239649
2026-03-24 03:00:00,114.49924,113.65702837422057
2026-03-24 04:00:00,114.59024,113.71407424501754
2026-03-24 05:00:00,266.36924,113.55161206246407
2026-03-24 06:00:00,266.36924,120.50265097856015
2026-03-24 07:00:00,270.62924,197.55584348450708
2026-03-24 08:00:00,271.41524,206.7596151312132
2026-03-24 09:00:00,266.36924,150.61395893993247
2026-03-24 10:00:00,266.36924,173.76556933861855
2026-03-24 11:00:00,266.36924,243.83376277158663
2026-03-24 12:00:00,264.21724,241.74346928412854
2026-03-24 13:00:00,266.36924,250.074878788625
2026-03-24 14:00:00,381.36924,289.09275644644555
2026-03-24 15:00:00,388.07724,311.13791483144536
2026-03-24 16:00:00,388.07724,321.5762168228369
2026-03-24 17:00:00,388.36924,338.30587201604123
2026-03-24 18:00:00,429.36924,360.50820460321404
2026-03-24 19:00:00,516.36924,406.01740667638506
2026-03-24 20:00:00,396.36924,331.3405256817966
2026-03-24 21:00:00,388.36924,344.25484891781826
2026-03-24 22:00:00,388.07724,305.34092137198286
2026-03-24 23:00:00,381.36924,237.90171524851434
2026-03-25 00:00:00,186.70675,142.96872809804637
2026-03-25 01:00:00,254.55475,186.42951868397182
2026-03-25 02:00:00,254.55475,186.9206292545779
2026-03-25 03:00:00,261.75275,185.87480580202453
2026-03-25 04:00:00,279.60675,186.743684113132
2026-03-25 05:00:00,305.70675,192.18283587753461
2026-03-25 06:00:00,325.62675,192.34687122287136
2026-03-25 07:00:00,304.70675,250.56412166032925
2026-03-25 08:00:00,304.70675,265.634773437264
2026-03-25 09:00:00,186.70675,231.74206749861008
2026-03-25 10:00:00,304.70675,248.17497010490013
2026-03-25 11:00:00,304.70675,274.8310794667583
2026-03-25 12:00:00,261.75275,266.6277474982614
2026-03-25 13:00:00,304.70675,275.6859833720739
2026-03-25 14:00:00,325.62675,346.57714605944665
2026-03-25 15:00:00,326.70675,351.1793135333951
2026-03-25 16:00:00,381.70675,339.2921116037718
2026-03-25 17:00:00,384.70675,354.4538934183274
2026-03-25 18:00:00,406.70675,387.0883957809165
2026-03-25 19:00:00,406.70675,414.36777471888763
2026-03-25 20:00:00,406.70675,350.3727709885988
2026-03-25 21:00:00,384.70675,352.48139566656386
2026-03-25 22:00:00,381.70675,327.5596228148165
2026-03-25 23:00:00,325.62675,281.4523604343969
2026-03-26 00:00:00,290.73411,206.27072780379018
2026-03-26 01:00:00,290.73411,290.80785749148095
2026-03-26 02:00:00,290.73411,290.8532613218944
2026-03-26 03:00:00,290.73411,290.6991393585422
2026-03-26 04:00:00,290.73411,292.3028742677776
2026-03-26 05:00:00,292.72711,294.8940804522564
2026-03-26 06:00:00,290.73411,294.4177064203732
2026-03-26 07:00:00,290.73411,308.1139245403035
2026-03-26 08:00:00,262.72711,305.8778212364085
2026-03-26 09:00:00,260.57511,257.392255073351
2026-03-26 10:00:00,262.72711,317.93476662066297
2026-03-26 11:00:00,290.73411,290.8687968324827
2026-03-26 12:00:00,285.62711,300.84336780336326
2026-03-26 13:00:00,290.73411,317.9120046450551
2026-03-26 14:00:00,290.73411,352.7828064728741
2026-03-26 15:00:00,331.72711,345.99401814903206
2026-03-26 16:00:00,332.72711,360.6455445276401
2026-03-26 17:00:00,367.72711,372.17006752655226
2026-03-26 18:00:00,367.72711,398.85874686355794
2026-03-26 19:00:00,462.72711,405.21369374134025
2026-03-26 20:00:00,367.72711,376.1615911331132
2026-03-26 21:00:00,367.72711,376.636971046266
2026-03-26 22:00:00,332.72711,356.8196972583768
2026-03-26 23:00:00,320.72711,318.6218998087413
2026-03-27 00:00:00,265.74992,262.5194621830186
2026-03-27 01:00:00,265.74992,265.9659616142777
2026-03-27 02:00:00,265.74992,265.79116706073205
2026-03-27 03:00:00,263.75092,267.48652365838353
2026-03-27 04:00:00,265.74992,265.69453287791185
2026-03-27 05:00:00,265.74992,265.9920737794311
2026-03-27 06:00:00,265.74992,266.7589924027676
2026-03-27 07:00:00,265.74992,282.18926331173316
2026-03-27 08:00:00,265.74992,282.1401822366846
2026-03-27 09:00:00,265.74992,267.4968528850899
2026-03-27 10:00:00,265.74992,284.805173100671
2026-03-27 11:00:00,265.74992,290.0311055512186
2026-03-27 12:00:00,263.75092,287.6924244248397
2026-03-27 13:00:00,265.74992,300.4376335532248
2026-03-27 14:00:00,270.79692,309.5384591005457
2026-03-27 15:00:00,294.75092,329.50607677995765
2026-03-27 16:00:00,305.75092,319.15386487585386
2026-03-27 17:00:00,305.75092,336.18455145900157
2026-03-27 18:00:00,333.75092,355.60727802922935
2026-03-27 19:00:00,335.75092,386.6714254597916
2026-03-27 20:00:00,305.75092,350.39632339109517
2026-03-27 21:00:00,305.75092,347.0196495902278
2026-03-27 22:00:00,305.75092,321.60384529204384
2026-03-27 23:00:00,294.75092,294.3894570002932
2026-03-28 00:00:00,198.48526,259.16996858844556
2026-03-28 01:00:00,198.48526,198.007091161549
2026-03-28 02:00:00,198.48526,199.00955487271506
2026-03-28 03:00:00,198.48526,198.44308260036246
2026-03-28 04:00:00,212.48526,198.951270960807
2026-03-28 05:00:00,213.48526,198.6025924568641
2026-03-28 06:00:00,198.48526,199.39398815740068
2026-03-28 07:00:00,198.48526,223.9403237731987
2026-03-28 08:00:00,116.70626,228.4392238802812
2026-03-28 09:00:00,116.70626,224.0913627025741
2026-03-28 10:00:00,116.70626,233.27249672776384
2026-03-28 11:00:00,116.70626,247.04543940075533
2026-03-28 12:00:00,116.70626,241.66977507368273
2026-03-28 13:00:00,117.32926,251.2338247385468
2026-03-28 14:00:00,198.48526,267.05532337789236
2026-03-28 15:00:00,212.48526,282.7583084100393
2026-03-28 16:00:00,215.48626,278.99647725820256
2026-03-28 17:00:00,288.48526,291.89146276606084
2026-03-28 18:00:00,288.48526,309.2771740905923
2026-03-28 19:00:00,313.48526,324.3231161373399
2026-03-28 20:00:00,288.48526,289.8479897330954
2026-03-28 21:00:00,288.48526,289.1419707149561
2026-03-28 22:00:00,288.48526,273.57550928081895
2026-03-28 23:00:00,215.48626,242.4815730172227
2026-03-29 00:00:00,170.45135,216.8801868612275
2026-03-29 01:00:00,108.67235,170.51595062125722
2026-03-29 02:00:00,170.45135,170.23560620399462
2026-03-29 03:00:00,170.45135,170.06298463039107
2026-03-29 04:00:00,170.45135,170.69556805100342
2026-03-29 05:00:00,170.45135,171.17112648698432
2026-03-29 06:00:00,108.03435,173.08755604805344
2026-03-29 07:00:00,108.03435,181.74695257991118
2026-03-29 08:00:00,108.03435,145.02635249520483
2026-03-29 09:00:00,102.10735,139.48465526218618
2026-03-29 10:00:00,102.10735,145.0702500699026
2026-03-29 11:00:00,102.10735,157.1870031602278
2026-03-29 12:00:00,108.03135,171.03406530859058
2026-03-29 13:00:00,108.03435,173.84305612769643
2026-03-29 14:00:00,108.03435,220.9491818829245
2026-03-29 15:00:00,110.10735,235.61985668650624
2026-03-29 16:00:00,189.95135,231.27065578123256
2026-03-29 17:00:00,203.45135,271.46118031022615
2026-03-29 18:00:00,207.45235,281.7038430679625
2026-03-29 19:00:00,207.45235,301.46211145099534
2026-03-29 20:00:00,207.45235,271.69318076295946
2026-03-29 21:00:00,207.45235,273.391371314646
2026-03-29 22:00:00,207.45235,254.60734929709258
2026-03-29 23:00:00,203.45135,205.56001198905076
2026-03-30 00:00:00,184.66957,177.5279267079958
2026-03-30 01:00:00,171.66257,184.96510709344062
2026-03-30 02:00:00,184.66957,184.655750027654
2026-03-30 03:00:00,184.66957,184.4040702929363
2026-03-30 04:00:00,184.66957,184.66269157298856
2026-03-30 05:00:00,184.66957,184.84192731300797
2026-03-30 06:00:00,184.66957,183.67532219920963
2026-03-30 07:00:00,184.66957,170.26458356011284
2026-03-30 08:00:00,184.66957,140.56928939408465
2026-03-30 09:00:00,184.66957,122.37097134288544
2026-03-30 10:00:00,184.66957,114.12599398392567
2026-03-30 11:00:00,186.06257,136.52277505715315
2026-03-30 12:00:00,186.06257,139.70334713255377
2026-03-30 13:00:00,186.06257,139.43824914272346
2026-03-30 14:00:00,186.06257,154.33553474346647
2026-03-30 15:00:00,186.06257,169.1779645437732
2026-03-30 16:00:00,206.66257,205.33445509765735
2026-03-30 17:00:00,216.66257,223.21987535306806
2026-03-30 18:00:00,216.66257,214.9696707708567
2026-03-30 19:00:00,386.66257,222.67273070324438
2026-03-30 20:00:00,216.66257,215.24263602889744
2026-03-30 21:00:00,216.66257,219.28283264916428
2026-03-30 22:00:00,206.66257,221.87335760737426
2026-03-30 23:00:00,186.06257,200.24079247202724
2026-03-31 00:00:00,195.01362,167.75444278705655
2026-03-31 01:00:00,195.01362,195.365674688784
2026-03-31 02:00:00,195.01362,195.04714391596784
2026-03-31 03:00:00,195.01362,194.9589034410003
2026-03-31 04:00:00,195.01362,195.05882652195834
2026-03-31 05:00:00,195.01362,195.1067217783683
2026-03-31 06:00:00,195.01362,203.82420861970814
2026-03-31 07:00:00,195.01362,215.3147119151674
2026-03-31 08:00:00,189.41362,215.92105181619473
2026-03-31 09:00:00,189.41362,206.11431212063118
2026-03-31 10:00:00,189.41362,210.14061600792047
2026-03-31 11:00:00,195.01362,207.1030932149154
2026-03-31 12:00:00,195.01362,205.77701943989086
2026-03-31 13:00:00,195.01362,208.06000876295028
2026-03-31 14:00:00,195.01362,234.31241742981388
2026-03-31 15:00:00,197.42062,234.02504256310658
2026-03-31 16:00:00,199.41362,245.28354812167532
2026-03-31 17:00:00,274.45962,234.10975738881143
2026-03-31 18:00:00,239.41362,246.9294228161076
2026-03-31 19:00:00,399.41362,289.48407891667216
2026-03-31 20:00:00,199.41362,234.06467559868375
2026-03-31 21:00:00,199.41362,220.91154741290387
2026-03-31 22:00:00,197.42062,216.82806939327992
2026-03-31 23:00:00,197.42062,193.9984817404466
2026-04-01 00:00:00,166.41431,193.36555982884144
2026-04-01 01:00:00,166.41431,166.11266608806073
2026-04-01 02:00:00,166.41431,166.39070020012485
2026-04-01 03:00:00,166.41431,166.4047603637361
2026-04-01 04:00:00,166.41431,166.4113423599357
2026-04-01 05:00:00,166.41431,166.52684693643215
2026-04-01 06:00:00,166.41431,174.85474876923107
2026-04-01 07:00:00,166.41431,193.19416133272406
2026-04-01 08:00:00,111.36131,196.21288877200038
2026-04-01 09:00:00,111.36131,172.98087056590674
2026-04-01 10:00:00,111.36131,202.65624439592733
2026-04-01 11:00:00,113.79731,201.06122858151573
2026-04-01 12:00:00,115.56331,194.56719243487527
2026-04-01 13:00:00,166.41431,202.81509555303322
2026-04-01 14:00:00,176.41431,209.94480877892278
2026-04-01 15:00:00,176.41431,207.57085968169108
2026-04-01 16:00:00,176.41431,217.94188147258012
2026-04-01 17:00:00,192.41431,235.8114091505661
2026-04-01 18:00:00,256.41431,235.02332631166337
2026-04-01 19:00:00,256.41431,281.6058329621218
2026-04-01 20:00:00,192.41431,211.5794752399919
2026-04-01 21:00:00,192.41431,194.8398762081921
2026-04-01 22:00:00,186.91431,193.30778046422515
2026-04-01 23:00:00,176.41431,178.40088683913115
2026-04-02 00:00:00,155.6678,174.0099774127061
2026-04-02 01:00:00,155.6678,155.5613801074624
2026-04-02 02:00:00,155.6678,155.5860297570502
2026-04-02 03:00:00,155.6678,155.45909968901074
2026-04-02 04:00:00,155.6678,155.65462969711814
2026-04-02 05:00:00,155.6678,155.78319950359548
2026-04-02 06:00:00,155.6678,157.56654187001783
2026-04-02 07:00:00,125.6678,164.65575087160727
2026-04-02 08:00:00,123.0508,151.06682306737898
2026-04-02 09:00:00,120.6148,144.29839112857204
2026-04-02 10:00:00,123.0508,147.68722865974274
2026-04-02 11:00:00,125.6678,142.038098979092
2026-04-02 12:00:00,125.6678,147.3272298665171
2026-04-02 13:00:00,125.6678,169.77732609293696
2026-04-02 14:00:00,155.6678,176.3226945633874
2026-04-02 15:00:00,155.6678,184.56012619778156
2026-04-02 16:00:00,155.6678,177.71595658621658
2026-04-02 17:00:00,165.5678,191.30384868281143
2026-04-02 18:00:00,180.7788,219.96198514770424
2026-04-02 19:00:00,180.7788,227.72388987815395
2026-04-02 20:00:00,180.7788,187.24205048953255
2026-04-02 21:00:00,165.5678,181.1026979763054
2026-04-02 22:00:00,165.5678,177.36017752724393
2026-04-02 23:00:00,165.5678,168.50183306494068
2026-04-03 00:00:00,146.09312,153.79873408033117
2026-04-03 01:00:00,146.09312,146.14418517347042
2026-04-03 02:00:00,146.09312,146.03181743843393
2026-04-03 03:00:00,146.09312,145.97664212242395
2026-04-03 04:00:00,146.09312,146.07504832473538
2026-04-03 05:00:00,146.09312,146.18647372380372
2026-04-03 06:00:00,123.47612,147.24649635881067
2026-04-03 07:00:00,117.24212,148.85740413387975
2026-04-03 08:00:00,117.24212,148.38568384318006
2026-04-03 09:00:00,117.24212,139.0011490748927
2026-04-03 10:00:00,117.24212,134.04610176742278
2026-04-03 11:00:00,117.24212,136.1109340189283
2026-04-03 12:00:00,117.24212,137.58766420831537
2026-04-03 13:00:00,117.24212,141.05091100017268
2026-04-03 14:00:00,121.04012,158.29772033598638
2026-04-03 15:00:00,123.47612,162.81373827975375
2026-04-03 16:00:00,146.09312,162.2304831435721
2026-04-03 17:00:00,147.09312,169.0553773270764
2026-04-03 18:00:00,176.09312,182.4694515402166
2026-04-03 19:00:00,176.20412,185.08129144817005
2026-04-03 20:00:00,176.20412,174.52219797710043
2026-04-03 21:00:00,176.20412,164.03038625068194
2026-04-03 22:00:00,176.09312,160.34755986403687
2026-04-03 23:00:00,161.09312,156.24513279561938
2026-04-04 00:00:00,143.28764,142.282078091401
2026-04-04 01:00:00,143.28764,143.36918351190067
2026-04-04 02:00:00,143.28764,143.2554440264642
2026-04-04 03:00:00,143.28764,143.1798168387773
2026-04-04 04:00:00,143.28764,143.27080436059478
2026-04-04 05:00:00,143.28764,143.37416519215563
2026-04-04 06:00:00,132.28764,143.87750940495218
2026-04-04 07:00:00,132.28764,145.65597154398142
2026-04-04 08:00:00,132.28764,128.39460384295054
2026-04-04 09:00:00,132.28764,121.296583889938
2026-04-04 10:00:00,132.28764,123.06871179366112
2026-04-04 11:00:00,132.28764,125.9791911229317
2026-04-04 12:00:00,132.28764,126.19709031000895
2026-04-04 13:00:00,132.28764,128.5258756294947
2026-04-04 14:00:00,143.28764,149.72231809761098
2026-04-04 15:00:00,147.28764,154.10940219618567
2026-04-04 16:00:00,160.28764,160.3123753738465
2026-04-04 17:00:00,162.28764,162.02265849913434
2026-04-04 18:00:00,178.28764,180.57034734272858
2026-04-04 19:00:00,178.28764,186.1184918272873
2026-04-04 20:00:00,162.28764,171.18062482982452
2026-04-04 21:00:00,162.28764,172.61991479047228
2026-04-04 22:00:00,162.28764,166.2038022868242
2026-04-04 23:00:00,162.28764,157.0018803049877
2026-04-05 00:00:00,134.15781,142.05410144160334
2026-04-05 01:00:00,133.15781,134.26067462795746
2026-04-05 02:00:00,133.15781,134.13517087779275
2026-04-05 03:00:00,122.15781,134.12500459979702
2026-04-05 04:00:00,122.15781,134.15418936693354
2026-04-05 05:00:00,133.15781,134.1919436988357
2026-04-05 06:00:00,122.15781,131.02559142155877
2026-04-05 07:00:00,122.15781,128.66695418758735
2026-04-05 08:00:00,122.15781,128.04884109370462
2026-04-05 09:00:00,110.28781,120.8456781006085
2026-04-05 10:00:00,122.15781,128.6772356300106
2026-04-05 11:00:00,122.15781,129.50321327010502
2026-04-05 12:00:00,122.15781,128.7060987469201
2026-04-05 13:00:00,122.15781,130.8998895686879
2026-04-05 14:00:00,122.15781,140.78652381550143
2026-04-05 15:00:00,133.15781,142.1941328619696
2026-04-05 16:00:00,134.15781,156.72611409209415
2026-04-05 17:00:00,142.15781,161.8650049788374
2026-04-05 18:00:00,142.15781,171.52522767232736
2026-04-05 19:00:00,157.15781,177.2635759286535
2026-04-05 20:00:00,142.15781,159.38076094001684
2026-04-05 21:00:00,142.15781,159.84694078826024
2026-04-05 22:00:00,142.15781,157.3637287768051
2026-04-05 23:00:00,142.15781,147.70990216749217
2026-04-06 00:00:00,140.80127,136.6639905796608
2026-04-06 01:00:00,131.80127,140.849430229928
2026-04-06 02:00:00,131.80127,140.77322887249298
2026-04-06 03:00:00,131.80127,140.70074484037823
2026-04-06 04:00:00,140.80127,140.5600590323074
2026-04-06 05:00:00,140.80127,140.78807463983674
2026-04-06 06:00:00,140.80127,141.46622046770565
2026-04-06 07:00:00,140.80127,139.72652284095457
2026-04-06 08:00:00,140.80127,135.8943734755433
2026-04-06 09:00:00,140.80127,127.85338798050384
2026-04-06 10:00:00,140.80127,134.8448569856801
2026-04-06 11:00:00,140.80127,131.1048588664788
2026-04-06 12:00:00,140.80127,131.4579054530641
2026-04-06 13:00:00,140.80127,133.6530075460462
2026-04-06 14:00:00,150.80127,135.3787647007581
2026-04-06 15:00:00,151.80127,139.2980535883345
2026-04-06 16:00:00,195.80127,142.57148116173548
2026-04-06 17:00:00,195.80127,154.55457682472365
2026-04-06 18:00:00,200.80127,150.01088831307445
2026-04-06 19:00:00,195.80127,166.03875573722001
2026-04-06 20:00:00,1175.43727,146.21240299302832
2026-04-06 21:00:00,570.80127,144.31442592458623
2026-04-06 22:00:00,195.80127,144.47062127646788
2026-04-06 23:00:00,151.80127,143.64320491478884
2026-04-07 00:00:00,137.09785,138.95736632699283
2026-04-07 01:00:00,137.09785,137.5672965189097
2026-04-07 02:00:00,137.09785,137.03073211948794
2026-04-07 03:00:00,137.09785,136.78447934010592
2026-04-07 04:00:00,137.09785,137.09867457962528
2026-04-07 05:00:00,149.98685,137.17811718653587
2026-04-07 06:00:00,149.98685,137.74885399785467
2026-04-07 07:00:00,149.98685,146.24299506920494
2026-04-07 08:00:00,137.09785,149.75451915724554
2026-04-07 09:00:00,137.09785,147.90316935157162
2026-04-07 10:00:00,137.09785,148.90420461456017
2026-04-07 11:00:00,149.98685,147.3503688512036
2026-04-07 12:00:00,149.98685,149.6407647537904
2026-04-07 13:00:00,149.98685,153.9912716995978
2026-04-07 14:00:00,158.98685,168.78644500412227
2026-04-07 15:00:00,158.98685,185.82678256177178
2026-04-07 16:00:00,398.98685,199.74522295912564
2026-04-07 17:00:00,398.98685,200.61395296866317
2026-04-07 18:00:00,1091.02085,398.4238785526921
2026-04-07 19:00:00,1091.02085,722.5535038247144
2026-04-07 20:00:00,274.03285,790.4396574492341
2026-04-07 21:00:00,189.48685,384.54054308331695
2026-04-07 22:00:00,158.98685,184.9978038268949
2026-04-07 23:00:00,158.98685,169.784858619585
2026-04-08 00:00:00,207.3678,148.8114327838627
2026-04-08 01:00:00,187.3678,207.45332136782653
2026-04-08 02:00:00,187.3678,207.38622538027198
2026-04-08 03:00:00,187.3678,207.06998319532863
2026-04-08 04:00:00,207.3678,207.2971207469618
2026-04-08 05:00:00,207.3678,207.71554455221283
2026-04-08 06:00:00,237.3678,207.62031816328675
2026-04-08 07:00:00,237.3678,192.6559074729766
2026-04-08 08:00:00,207.3678,167.92187184775563
2026-04-08 09:00:00,207.3678,163.34358588285914
2026-04-08 10:00:00,207.3678,157.34198790081604
2026-04-08 11:00:00,237.3678,163.527191315558
2026-04-08 12:00:00,207.3678,162.5652582613122
2026-04-08 13:00:00,207.3678,170.16950090033254
2026-04-08 14:00:00,237.3678,173.99320527602055
2026-04-08 15:00:00,237.3678,172.99817449792369
2026-04-08 16:00:00,237.3678,242.81194931295602
2026-04-08 17:00:00,272.4138,264.25021657886526
2026-04-08 18:00:00,397.3678,550.8905997149311
2026-04-08 19:00:00,1161.9998,481.7026144563557
2026-04-08 20:00:00,397.3678,345.87580127586097
2026-04-08 21:00:00,237.3678,216.95547647867215
2026-04-08 22:00:00,237.3678,183.79088294587564
2026-04-08 23:00:00,207.3678,190.4518597835261
2026-04-09 00:00:00,202.13742,192.3966407416663
2026-04-09 01:00:00,202.13742,202.2940651362582
2026-04-09 02:00:00,202.13742,202.07970200404608
2026-04-09 03:00:00,202.13742,202.04365565250743
2026-04-09 04:00:00,202.13742,202.12559768151772
2026-04-09 05:00:00,255.13742,202.0943371874018
2026-04-09 06:00:00,255.13742,203.10784084383607
2026-04-09 07:00:00,236.63742,206.07724718698876
2026-04-09 08:00:00,236.63742,205.2228003042274
2026-04-09 09:00:00,202.13742,200.88770506214547
2026-04-09 10:00:00,236.63742,199.68454627357966
2026-04-09 11:00:00,255.13742,201.4189798760371
2026-04-09 12:00:00,255.13742,203.03819603945976
2026-04-09 13:00:00,255.13742,207.23186407055783
2026-04-09 14:00:00,255.13742,233.1868172929802
2026-04-09 15:00:00,255.13742,233.3710584782806
2026-04-09 16:00:00,255.13742,234.40003236804614
2026-04-09 17:00:00,268.13742,261.6353886670221
2026-04-09 18:00:00,1079.17142,385.7965866530183
2026-04-09 19:00:00,457.13742,616.3573322558954
2026-04-09 20:00:00,372.11742,337.38762261462387
2026-04-09 21:00:00,268.13742,248.83973107808953
2026-04-09 22:00:00,255.13742,225.42605982986635
2026-04-09 23:00:00,255.13742,208.64443218591867
2026-04-10 00:00:00,256.01145,193.906222269103
2026-04-10 01:00:00,256.01145,256.1412719494151
2026-04-10 02:00:00,256.01145,256.0083682134518
2026-04-10 03:00:00,256.01145,255.4992871174347
2026-04-10 04:00:00,256.01145,256.0056800398884
2026-04-10 05:00:00,267.45145,257.6533714190508
2026-04-10 06:00:00,266.01145,255.52546173046238
2026-04-10 07:00:00,256.01145,250.64382667940484
2026-04-10 08:00:00,256.01145,247.347493832049
2026-04-10 09:00:00,256.01145,231.67729583514642
2026-04-10 10:00:00,256.01145,238.41737258975647
2026-04-10 11:00:00,266.01145,256.1409672294185
2026-04-10 12:00:00,266.01145,246.80513051586354
2026-04-10 13:00:00,268.01145,251.2490209201074
2026-04-10 14:00:00,268.01145,254.63346249185042
2026-04-10 15:00:00,268.01145,256.54875747001853
2026-04-10 16:00:00,279.01145,262.50812175112935
2026-04-10 17:00:00,279.01145,275.36578554492377
2026-04-10 18:00:00,1090.04545,604.5335742918489
2026-04-10 19:00:00,468.01145,437.0575985907938
2026-04-10 20:00:00,318.01145,349.1383549009139
2026-04-10 21:00:00,279.01145,286.5864490024635
2026-04-10 22:00:00,268.01145,261.74142485575373
2026-04-10 23:00:00,268.01145,257.45741838044637
2026-04-11 00:00:00,279.47077,248.45378284656147
2026-04-11 01:00:00,279.47077,279.61002244688814
2026-04-11 02:00:00,279.47077,279.2995706441602
2026-04-11 03:00:00,279.47077,279.3868933347844
2026-04-11 04:00:00,279.47077,279.4690855161153
2026-04-11 05:00:00,279.47077,279.67390238272526
2026-04-11 06:00:00,279.47077,278.4629784945067
2026-04-11 07:00:00,279.47077,270.01104602602044
2026-04-11 08:00:00,279.47077,268.98005132674416
2026-04-11 09:00:00,279.47077,264.2886692191148
2026-04-11 10:00:00,279.47077,262.2720918749682
2026-04-11 11:00:00,279.47077,272.527271535331
2026-04-11 12:00:00,279.47077,268.5573077076547
2026-04-11 13:00:00,266.47077,270.9533655979895
2026-04-11 14:00:00,266.47077,273.12240236757975
2026-04-11 15:00:00,279.47077,273.4453908697201
2026-04-11 16:00:00,279.47077,280.2846210072399
2026-04-11 17:00:00,290.47077,289.10849336001905
2026-04-11 18:00:00,354.97077,644.2357061250921
2026-04-11 19:00:00,355.27077,380.590086180749
2026-04-11 20:00:00,354.97077,357.1470134909979
2026-04-11 21:00:00,290.47077,288.81526535410967
2026-04-11 22:00:00,280.47077,283.5281561857771
2026-04-11 23:00:00,280.47077,277.28613753769827
2026-04-12 00:00:00,281.96721,270.3752603174832
2026-04-12 01:00:00,278.96721,282.430876061553
2026-04-12 02:00:00,278.96721,281.9307135095431
2026-04-12 03:00:00,277.96721,281.8506655294488
2026-04-12 04:00:00,277.96721,281.9519383499018
2026-04-12 05:00:00,277.96721,281.8297537808672
2026-04-12 06:00:00,277.96721,280.8323936081757
2026-04-12 07:00:00,200.46721,277.6237865812543
2026-04-12 08:00:00,200.46721,278.92018876786875
2026-04-12 09:00:00,200.46721,273.8216040306696
2026-04-12 10:00:00,200.46721,274.4478419101575
2026-04-12 11:00:00,242.43621,281.5416175393058
2026-04-12 12:00:00,277.96721,277.3405546988549
2026-04-12 13:00:00,277.96721,275.4084166184232
2026-04-12 14:00:00,277.96721,275.26049207816635
2026-04-12 15:00:00,278.96721,281.8792016634869
2026-04-12 16:00:00,281.96721,284.0725868981025
2026-04-12 17:00:00,308.96721,299.3065113366598
2026-04-12 18:00:00,353.46721,382.51935144462516
2026-04-12 19:00:00,353.76721,376.4191095936531
2026-04-12 20:00:00,353.76721,384.3303235162513
2026-04-12 21:00:00,353.76721,301.15321941982916
2026-04-12 22:00:00,338.96721,288.9699412169848
2026-04-12 23:00:00,308.96721,283.73772987121885
2026-04-13 00:00:00,298.56081,280.3676407114359
2026-04-13 01:00:00,298.56081,299.0213361084867
2026-04-13 02:00:00,284.56081,298.528597697182
2026-04-13 03:00:00,284.56081,298.1295594860365
2026-04-13 04:00:00,284.56081,298.4805364677265
2026-04-13 05:00:00,304.56081,298.3430137011133
2026-04-13 06:00:00,304.56081,299.8412076201729
2026-04-13 07:00:00,298.56081,292.4852305687861
2026-04-13 08:00:00,304.56081,289.7687146401097
2026-04-13 09:00:00,304.56081,275.18888514585575
2026-04-13 10:00:00,304.56081,271.97049159319863
2026-04-13 11:00:00,304.56081,304.7930519045731
2026-04-13 12:00:00,304.56081,297.89723213732736
2026-04-13 13:00:00,314.56081,301.4596478578924
2026-04-13 14:00:00,330.56081,311.8202094964942
2026-04-13 15:00:00,333.56081,314.5584557294573
2026-04-13 16:00:00,345.06081,324.6996959360365
2026-04-13 17:00:00,345.06081,353.4760010767792
2026-04-13 18:00:00,1081.59481,390.2577665249576
2026-04-13 19:00:00,1081.59481,396.0035505450699
2026-04-13 20:00:00,459.56081,385.7458174188108
2026-04-13 21:00:00,330.56081,353.87016490093225
2026-04-13 22:00:00,314.56081,332.8397363067325
2026-04-13 23:00:00,314.56081,313.387932766093
2026-04-14 00:00:00,335.71938,292.9848944499406
2026-04-14 01:00:00,323.71938,336.1754696247499
2026-04-14 02:00:00,323.71938,335.7022214389599
2026-04-14 03:00:00,323.71938,335.442199001527
2026-04-14 04:00:00,323.71938,335.43123661536623
2026-04-14 05:00:00,328.71938,335.7497205112145
2026-04-14 06:00:00,328.71938,336.09896741255784
2026-04-14 07:00:00,323.71938,327.6058189713909
2026-04-14 08:00:00,323.71938,323.0391176628942
2026-04-14 09:00:00,323.71938,311.8213561825265
2026-04-14 10:00:00,323.71938,309.9290772101139
2026-04-14 11:00:00,328.71938,318.3537509749805
2026-04-14 12:00:00,328.71938,318.82428063068164
2026-04-14 13:00:00,328.71938,323.47951206342236
2026-04-14 14:00:00,335.71938,332.01740502694224
2026-04-14 15:00:00,335.71938,331.87230994103237
2026-04-14 16:00:00,378.71938,371.5489706335293
2026-04-14 17:00:00,378.71938,355.1172228289043
2026-04-14 18:00:00,1150.80138,713.1848832727826
2026-04-14 19:00:00,1150.74838,660.4365766657195
2026-04-14 20:00:00,563.71938,442.3919464600957
2026-04-14 21:00:00,378.71938,346.36443018796535
2026-04-14 22:00:00,335.71938,340.8565169225831
2026-04-14 23:00:00,335.71938,330.1628903253801
2026-04-15 00:00:00,330.20876,329.97230367330917
2026-04-15 01:00:00,327.40876,330.5542023288035
2026-04-15 02:00:00,340.40876,330.1664839437677
2026-04-15 03:00:00,330.20876,329.73049539347767
2026-04-15 04:00:00,355.40876,329.94896343866446
2026-04-15 05:00:00,355.40876,329.876448946373
2026-04-15 06:00:00,355.40876,331.5089420291022
2026-04-15 07:00:00,355.40876,335.3888295877819
2026-04-15 08:00:00,355.40876,328.9891083509396
2026-04-15 09:00:00,355.40876,327.06538005804197
2026-04-15 10:00:00,355.40876,325.61186808903454
2026-04-15 11:00:00,355.40876,337.00788845197263
2026-04-15 12:00:00,340.40876,330.8238377465705
2026-04-15 13:00:00,355.40876,333.1737509787576
2026-04-15 14:00:00,355.40876,342.615954142767
2026-04-15 15:00:00,355.40876,343.36511461438954
2026-04-15 16:00:00,375.40876,358.7554335946012
2026-04-15 17:00:00,385.40876,368.14042351654075
2026-04-15 18:00:00,390.40876,781.1342973211124
2026-04-15 19:00:00,1087.44276,757.0504994321676
2026-04-15 20:00:00,385.40876,509.6164001362587
2026-04-15 21:00:00,385.40876,371.68516785958195
2026-04-15 22:00:00,375.40876,345.5650940618397
2026-04-15 23:00:00,355.40876,337.4941990041472
2026-04-16 00:00:00,357.42949,328.1494385241949
2026-04-16 01:00:00,357.42949,357.67966300914736
2026-04-16 02:00:00,357.42949,357.3154436313885
2026-04-16 03:00:00,357.42949,357.0379074830891
2026-04-16 04:00:00,357.42949,357.838307379771
2026-04-16 05:00:00,371.92949,358.2026891535887
2026-04-16 06:00:00,371.92949,360.3822979056397
2026-04-16 07:00:00,371.92949,362.65820174275797
2026-04-16 08:00:00,371.92949,365.7241227189861
2026-04-16 09:00:00,357.42949,358.24794335188375
2026-04-16 10:00:00,357.42949,364.3791084751991
2026-04-16 11:00:00,357.42949,358.4473249393318
2026-04-16 12:00:00,357.42949,360.19073452680936
2026-04-16 13:00:00,371.92949,368.5740987196683
2026-04-16 14:00:00,381.92949,373.78574831727775
2026-04-16 15:00:00,381.92949,371.4226773420799
2026-04-16 16:00:00,402.92949,377.9846529676998
2026-04-16 17:00:00,458.92949,385.619924869912
2026-04-16 18:00:00,458.92949,519.9308121951592
2026-04-16 19:00:00,1083.96349,629.8327025677017
2026-04-16 20:00:00,458.92949,412.3602305715392
2026-04-16 21:00:00,458.92949,389.87923627651094
2026-04-16 22:00:00,401.92949,372.8987921171394
2026-04-16 23:00:00,381.92949,362.52899955685206
2026-04-17 00:00:00,374.7422,356.48048204785897
2026-04-17 01:00:00,374.7422,374.9677235987476
2026-04-17 02:00:00,374.7422,374.64466234057886
2026-04-17 03:00:00,374.7422,374.65115139915395
2026-04-17 04:00:00,374.7422,374.67861833181456
2026-04-17 05:00:00,374.7422,375.15572199393847
2026-04-17 06:00:00,384.7422,375.0041485523524
2026-04-17 07:00:00,374.7422,377.1715438120407
2026-04-17 08:00:00,374.7422,378.5729410478663
2026-04-17 09:00:00,374.7422,373.4772027797327
2026-04-17 10:00:00,374.7422,371.3051457488399
2026-04-17 11:00:00,374.7422,374.6565411689344
2026-04-17 12:00:00,374.7422,372.5873806032805
2026-04-17 13:00:00,384.7422,381.4954624869985
2026-04-17 14:00:00,386.7422,391.76734710256403
2026-04-17 15:00:00,386.7422,389.44822058325144
2026-04-17 16:00:00,386.7422,398.49565967562603
2026-04-17 17:00:00,414.7422,424.3050571308828
2026-04-17 18:00:00,554.7422,493.95062374973946
2026-04-17 19:00:00,554.7422,659.4359699259168
2026-04-17 20:00:00,414.7422,441.4844820374287
2026-04-17 21:00:00,404.7422,435.9289179752295
2026-04-17 22:00:00,386.7422,401.9971782173576
2026-04-17 23:00:00,384.7422,385.2612861060957
2026-04-18 00:00:00,307.44404,371.60450783927183
2026-04-18 01:00:00,257.44404,307.6171094833123
2026-04-18 02:00:00,257.44404,307.4370221736682
2026-04-18 03:00:00,257.44404,307.45560961552235
2026-04-18 04:00:00,307.44404,307.55391569721144
2026-04-18 05:00:00,307.44404,307.469174105691
2026-04-18 06:00:00,307.44404,307.31808823877475
2026-04-18 07:00:00,262.49004,328.48045506006844
2026-04-18 08:00:00,257.44404,345.13149677799044
2026-04-18 09:00:00,257.44404,345.5267238581585
2026-04-18 10:00:00,257.44404,345.8832457060291
2026-04-18 11:00:00,257.44404,357.54274475047526
2026-04-18 12:00:00,257.44404,353.2896519572166
2026-04-18 13:00:00,257.44404,359.0984819711123
2026-04-18 14:00:00,307.44404,367.07425042607457
2026-04-18 15:00:00,362.44404,367.5460359949711
2026-04-18 16:00:00,367.44404,367.73619488372503
2026-04-18 17:00:00,381.64404,389.5808606368717
2026-04-18 18:00:00,555.74404,462.97022289813333
2026-04-18 19:00:00,305.64104,491.9328048262988
2026-04-18 20:00:00,537.44404,409.5425964077876
2026-04-18 21:00:00,405.44404,395.04659874824466
2026-04-18 22:00:00,381.64404,369.03863225734955
2026-04-18 23:00:00,381.64404,341.819042041435
2026-04-19 00:00:00,176.31917,318.9494243968944
2026-04-19 01:00:00,176.31917,176.18238284514607
2026-04-19 02:00:00,176.31917,176.13635938560589
2026-04-19 03:00:00,176.31917,176.26094883980642
2026-04-19 04:00:00,176.31917,176.34097457550632
2026-04-19 05:00:00,176.31917,176.57277145138795
2026-04-19 06:00:00,124.12817,177.80641222068658
2026-04-19 07:00:00,124.12817,215.4805164458936
2026-04-19 08:00:00,124.12517,243.26949301098256
2026-04-19 09:00:00,124.12517,234.5350739936393
2026-04-19 10:00:00,124.12517,249.75011501630496
2026-04-19 11:00:00,124.12817,260.9677835697616
2026-04-19 12:00:00,124.12817,265.5957672670116
2026-04-19 13:00:00,176.31917,270.33140044293185
2026-04-19 14:00:00,176.31917,309.69938409789717
2026-04-19 15:00:00,176.31917,331.7991523430994
2026-04-19 16:00:00,176.31917,323.8772973029874
2026-04-19 17:00:00,326.31917,348.2890952526201
2026-04-19 18:00:00,331.31917,498.5284199699706
2026-04-19 19:00:00,556.31917,465.8433161258543
2026-04-19 20:00:00,331.31917,453.95157116214966
2026-04-19 21:00:00,331.31917,367.1297006398658
2026-04-19 22:00:00,326.31917,322.6381390731512
2026-04-19 23:00:00,240.79917,272.4175588437699
2026-04-20 00:00:00,227.71794,207.8653019540468
2026-04-20 01:00:00,227.71794,227.87440063939798
2026-04-20 02:00:00,227.71794,227.65682505803085
2026-04-20 03:00:00,227.71794,226.30722415911887
2026-04-20 04:00:00,227.71794,227.7012258541015
2026-04-20 05:00:00,243.21794,227.9718540685879
2026-04-20 06:00:00,243.21794,228.69359226769222
2026-04-20 07:00:00,243.21794,227.11476948958045
2026-04-20 08:00:00,243.21794,223.74763054608704
2026-04-20 09:00:00,227.71794,213.3732385515067
2026-04-20 10:00:00,227.71794,215.466049521738
2026-04-20 11:00:00,243.21794,196.47693270870178
2026-04-20 12:00:00,227.71794,212.13585615533907
2026-04-20 13:00:00,243.21794,235.56676886016533
2026-04-20 14:00:00,249.71794,258.2542049205455
2026-04-20 15:00:00,249.71794,256.7934425883548
2026-04-20 16:00:00,249.71794,255.07985045496906
2026-04-20 17:00:00,319.71794,311.7031304037879
2026-04-20 18:00:00,379.71794,413.1629158637071
2026-04-20 19:00:00,549.71794,434.3821588491884
2026-04-20 20:00:00,549.71794,337.4304854352622
2026-04-20 21:00:00,319.71794,324.71930112547943
2026-04-20 22:00:00,249.71794,296.87426652963813
2026-04-20 23:00:00,249.71794,264.4055124880694
2026-04-21 00:00:00,254.85568,227.43321844640985
2026-04-21 01:00:00,254.85568,255.01692669660807
2026-04-21 02:00:00,254.85568,254.49226269154002
2026-04-21 03:00:00,254.85568,254.8376679781485
2026-04-21 04:00:00,254.85568,254.8153144798529
2026-04-21 05:00:00,254.85568,255.44069019934787
2026-04-21 06:00:00,254.85568,255.06089077935323
2026-04-21 07:00:00,254.85568,250.00689953612823
2026-04-21 08:00:00,254.85568,244.96571060571176
2026-04-21 09:00:00,254.85568,229.282962398044
2026-04-21 10:00:00,254.85568,229.18385339226742
2026-04-21 11:00:00,254.85568,230.36968330648338
2026-04-21 12:00:00,254.85568,232.2811392253937
2026-04-21 13:00:00,254.85568,241.59140101056062
2026-04-21 14:00:00,274.85568,253.7367940252009
2026-04-21 15:00:00,354.85568,253.39257220298052
2026-04-21 16:00:00,364.85568,262.78365397133246
2026-04-21 17:00:00,364.85568,291.63880194861076
2026-04-21 18:00:00,364.85568,425.21451735538744
2026-04-21 19:00:00,614.85568,554.8964223992964
2026-04-21 20:00:00,364.85568,459.0887575345979
2026-04-21 21:00:00,364.85568,300.3433117538545
2026-04-21 22:00:00,254.85568,270.79183682157475
2026-04-21 23:00:00,254.85568,254.33187430108865
2026-04-22 00:00:00,206.59557,242.12321041355196
2026-04-22 01:00:00,206.59557,206.62087993240988
2026-04-22 02:00:00,206.59557,206.58589637311368
2026-04-22 03:00:00,206.59557,206.639921498275
2026-04-22 04:00:00,206.59557,206.58037133662944
2026-04-22 05:00:00,238.59557,206.74352042699942
2026-04-22 06:00:00,246.45257,208.8340915881471
2026-04-22 07:00:00,246.45257,226.26748477497415
2026-04-22 08:00:00,238.59557,229.85765074631962
2026-04-22 09:00:00,223.07557,229.57069073242928
2026-04-22 10:00:00,238.59557,237.60544315981247
2026-04-22 11:00:00,223.07557,241.88845459809016
2026-04-22 12:00:00,206.59557,235.99943637540883
2026-04-22 13:00:00,238.59557,245.12455251181137
2026-04-22 14:00:00,328.69557,256.63590268636347
2026-04-22 15:00:00,348.59557,284.2835303882755
2026-04-22 16:00:00,348.59557,282.2637084966544
2026-04-22 17:00:00,348.59557,299.1835435414042
2026-04-22 18:00:00,598.59557,332.783170119434
2026-04-22 19:00:00,305.73557,464.84985296327625
2026-04-22 20:00:00,305.73557,353.7369187047605
2026-04-22 21:00:00,328.69557,306.70701809093356
2026-04-22 22:00:00,328.69557,241.62788783684954
2026-04-22 23:00:00,277.59557,230.32580056216426
2026-04-23 00:00:00,250.81233,217.02036370026025
2026-04-23 01:00:00,250.81233,250.43427710716256
2026-04-23 02:00:00,250.81233,250.77992151158094
2026-04-23 03:00:00,250.81233,250.7466092800875
2026-04-23 04:00:00,250.81233,250.82901140248265
2026-04-23 05:00:00,250.81233,252.01573195902424
2026-04-23 06:00:00,250.81233,253.22619837054398
2026-04-23 07:00:00,250.81233,265.85323202458727
2026-04-23 08:00:00,250.81233,267.70688791865246
2026-04-23 09:00:00,237.81233,257.1382284383991
2026-04-23 10:00:00,250.81233,267.1899664931236
2026-04-23 11:00:00,250.81233,238.71869687773267
2026-04-23 12:00:00,250.81233,248.01305421471122
2026-04-23 13:00:00,250.81233,269.07971241988747
2026-04-23 14:00:00,255.66933,318.2466992111881
2026-04-23 15:00:00,296.22233,327.9071060286066
2026-04-23 16:00:00,317.81233,314.440808931653
2026-04-23 17:00:00,317.81233,331.07797679435294
2026-04-23 18:00:00,357.81233,433.5573803017488
2026-04-23 19:00:00,357.81233,362.34623395091836
2026-04-23 20:00:00,317.81233,309.8200516994705
2026-04-23 21:00:00,316.81233,316.86183694512135
2026-04-23 22:00:00,296.22233,294.788830467129
2026-04-23 23:00:00,250.81233,272.76700230506196
2026-04-24 00:00:00,274.13793,249.928825509666
2026-04-24 01:00:00,274.13793,274.26360223686623
2026-04-24 02:00:00,274.13793,274.0956704004348
2026-04-24 03:00:00,274.13793,274.00452184158047
2026-04-24 04:00:00,274.13793,274.1091026285895
2026-04-24 05:00:00,274.13793,274.2034157211718
2026-04-24 06:00:00,274.13793,275.0251284107383
2026-04-24 07:00:00,251.34993,274.0116303638063
2026-04-24 08:00:00,251.34993,270.52891946669604
2026-04-24 09:00:00,251.34993,266.06052286808557
2026-04-24 10:00:00,251.99493,266.5672029511166
2026-04-24 11:00:00,274.13793,261.13680057476455
2026-04-24 12:00:00,274.13793,262.71096308690034
2026-04-24 13:00:00,279.13793,269.2493867489861
2026-04-24 14:00:00,279.13793,282.08733745832114
2026-04-24 15:00:00,279.13793,300.53016268756465
2026-04-24 16:00:00,294.13793,300.50421920467943
2026-04-24 17:00:00,314.13793,311.2305032922954
2026-04-24 18:00:00,354.13793,359.23276482990093
2026-04-24 19:00:00,604.13793,337.07715552944404
2026-04-24 20:00:00,314.13793,318.998481938376
2026-04-24 21:00:00,314.13793,312.1101712941682
2026-04-24 22:00:00,306.13793,295.0060432497961
2026-04-24 23:00:00,279.13793,275.63754012120626
2026-04-25 00:00:00,246.00735,262.1292228909592
2026-04-25 01:00:00,246.00735,246.24271734194113
2026-04-25 02:00:00,246.00735,245.97853489388325
2026-04-25 03:00:00,246.00735,245.91643036830882
2026-04-25 04:00:00,246.00735,246.0041498065105
2026-04-25 05:00:00,246.00735,246.08247087195056
2026-04-25 06:00:00,246.00735,246.6745008273563
2026-04-25 07:00:00,246.00735,250.57571662752179
2026-04-25 08:00:00,246.00735,256.94679448290833
2026-04-25 09:00:00,246.00735,252.41292865896696
2026-04-25 10:00:00,246.00735,247.9129514357488
2026-04-25 11:00:00,246.00735,262.3594376283146
2026-04-25 12:00:00,246.00735,260.5067697943711
2026-04-25 13:00:00,246.00735,268.30430309812255
2026-04-25 14:00:00,246.00735,283.9702832083075
2026-04-25 15:00:00,246.00735,299.1387231108217
2026-04-25 16:00:00,266.21935,303.7978616001821
2026-04-25 17:00:00,306.00735,307.91807046304905
2026-04-25 18:00:00,316.00735,337.9757339310314
2026-04-25 19:00:00,336.00735,397.87548079786933
2026-04-25 20:00:00,316.00735,319.5216778189965
2026-04-25 21:00:00,306.00735,312.9359757004419
2026-04-25 22:00:00,286.00735,288.45659324425355
2026-04-25 23:00:00,266.21935,265.87089694036257
2026-04-26 00:00:00,258.12799,245.17061946151574
2026-04-26 01:00:00,257.12799,258.2424367567656
2026-04-26 02:00:00,250.42799,258.11388671387914
2026-04-26 03:00:00,238.12799,258.05594656499545
2026-04-26 04:00:00,238.12799,258.1374901352844
2026-04-26 05:00:00,238.12799,258.0829575174339
2026-04-26 06:00:00,238.12799,254.9437970396262
2026-04-26 07:00:00,227.12799,248.9384284343039
2026-04-26 08:00:00,227.12799,249.22794833516755
2026-04-26 09:00:00,227.12799,246.93738824151905
2026-04-26 10:00:00,227.12799,249.3369697956761
2026-04-26 11:00:00,227.12799,252.8114880584667
2026-04-26 12:00:00,227.12799,252.19225536882482
2026-04-26 13:00:00,238.12799,261.94610163378263
2026-04-26 14:00:00,238.12799,265.9162796604312
2026-04-26 15:00:00,257.12799,263.45303655157176
2026-04-26 16:00:00,258.33999,271.4507128591946
2026-04-26 17:00:00,268.12799,305.4026088826964
2026-04-26 18:00:00,278.12799,325.01336648363105
2026-04-26 19:00:00,308.12799,358.40806285493716
2026-04-26 20:00:00,308.12799,325.3405710519388
2026-04-26 21:00:00,308.12799,303.7131708802046
2026-04-26 22:00:00,268.12799,283.8584197785048
2026-04-26 23:00:00,258.33999,268.7480603986996
2026-04-27 00:00:00,251.80531,262.88167706480533
2026-04-27 01:00:00,245.80531,252.05634139933795
2026-04-27 02:00:00,245.80531,251.74380379624517
2026-04-27 03:00:00,245.80531,251.63788967357783
2026-04-27 04:00:00,251.80531,251.40418415940462
2026-04-27 05:00:00,251.80531,251.13591420165628
2026-04-27 06:00:00,251.80531,252.79416182920667
2026-04-27 07:00:00,251.80531,252.72783683443984
2026-04-27 08:00:00,251.80531,251.94888494877335
2026-04-27 09:00:00,251.80531,244.4994972742614
2026-04-27 10:00:00,251.80531,246.16413262234667
2026-04-27 11:00:00,251.80531,244.9042712893978
2026-04-27 12:00:00,251.80531,244.55534714633717
2026-04-27 13:00:00,251.80531,252.09833619499292
2026-04-27 14:00:00,277.01731,258.1322640125796
2026-04-27 15:00:00,277.01731,263.0750172560476
2026-04-27 16:00:00,281.80531,263.67289486177106
2026-04-27 17:00:00,306.80531,285.65466033402896
2026-04-27 18:00:00,346.80531,298.65666406797305
2026-04-27 19:00:00,596.80531,326.3776465030528
2026-04-27 20:00:00,306.80531,313.0289362382723
2026-04-27 21:00:00,306.80531,297.55526618300996
2026-04-27 22:00:00,281.80531,276.6607239359197
2026-04-27 23:00:00,277.01731,260.1974074733428
2026-04-28 00:00:00,98.19155,251.4797903457855
2026-04-28 01:00:00,103.40455,98.22859507268038
2026-04-28 02:00:00,98.19155,98.04673155780029
2026-04-28 03:00:00,98.19155,97.87234674570036
2026-04-28 04:00:00,101.98955,98.21878401659808
2026-04-28 05:00:00,257.04255,98.43511528000514
2026-04-28 06:00:00,257.04255,99.0071544739977
2026-04-28 07:00:00,257.04255,153.25851771978867
2026-04-28 08:00:00,105.34955,188.2238079113059
2026-04-28 09:00:00,98.19155,186.94161415553492
2026-04-28 10:00:00,98.19155,200.0848849289163
2026-04-28 11:00:00,101.98955,212.51664008914162
2026-04-28 12:00:00,101.98955,206.9640561283144
2026-04-28 13:00:00,257.04255,212.94170724144962
2026-04-28 14:00:00,257.04255,244.01031254541516
2026-04-28 15:00:00,267.04255,258.54803740480656
2026-04-28 16:00:00,267.04255,259.8138958900742
2026-04-28 17:00:00,272.04255,264.1190894049666
2026-04-28 18:00:00,597.04255,303.9728014780746
2026-04-28 19:00:00,1134.59455,384.3883688846726
2026-04-28 20:00:00,307.04255,269.1938794081986
2026-04-28 21:00:00,307.04255,270.60559938740505
2026-04-28 22:00:00,257.04255,229.20989131447328
2026-04-28 23:00:00,257.04255,179.1008889117809
2026-04-29 00:00:00,121.41992,130.67169951650257
2026-04-29 01:00:00,121.41992,121.2392910938938
2026-04-29 02:00:00,115.33292,121.32406358953386
2026-04-29 03:00:00,115.33292,121.40339310428581
2026-04-29 04:00:00,115.33292,121.42849292872441
2026-04-29 05:00:00,122.49092,126.9154139466946
2026-04-29 06:00:00,121.41992,127.72429100674233
2026-04-29 07:00:00,122.49092,176.5090141853122
2026-04-29 08:00:00,122.49092,163.84384438202255
2026-04-29 09:00:00,115.33292,145.30629010336045
2026-04-29 10:00:00,115.33292,155.53250698137026
2026-04-29 11:00:00,115.33292,149.37628112297838
2026-04-29 12:00:00,115.33292,149.76346593426666
2026-04-29 13:00:00,122.49092,220.14052022048014
2026-04-29 14:00:00,274.18392,246.8415450630792
2026-04-29 15:00:00,279.18392,251.8400506087463
2026-04-29 16:00:00,282.18392,238.5750293028293
2026-04-29 17:00:00,364.18392,248.18038554945403
2026-04-29 18:00:00,364.18392,412.2945472041742
2026-04-29 19:00:00,614.18392,533.0959102830485
2026-04-29 20:00:00,614.18392,265.71138223471223
2026-04-29 21:00:00,284.18392,267.4471741334275
2026-04-29 22:00:00,274.18392,223.2315769334046
2026-04-29 23:00:00,274.18392,183.96735441262484
2026-04-30 00:00:00,123.9943,137.87865279792493
2026-04-30 01:00:00,123.9943,123.87899348917284
2026-04-30 02:00:00,123.9943,123.96124703552519
2026-04-30 03:00:00,123.9943,124.1085763955574
2026-04-30 04:00:00,123.9943,123.86845743717507
2026-04-30 05:00:00,225.6873,124.29835049557207
2026-04-30 06:00:00,225.6873,125.16529539489935
2026-04-30 07:00:00,123.9943,153.96149459000623
2026-04-30 08:00:00,116.8363,167.12453342423385
2026-04-30 09:00:00,116.8363,140.03765986560745
2026-04-30 10:00:00,120.6343,149.59959022459597
2026-04-30 11:00:00,225.6873,153.0158435821068
2026-04-30 12:00:00,225.6873,151.01879103347508
2026-04-30 13:00:00,225.6873,171.3183633092222
2026-04-30 14:00:00,225.6873,252.41756333355738
2026-04-30 15:00:00,265.6873,255.8482144234299
2026-04-30 16:00:00,265.6873,248.61245517290996
2026-04-30 17:00:00,274.6873,291.89182976580594
2026-04-30 18:00:00,285.6873,393.8723585107801
2026-04-30 19:00:00,285.6873,578.4408064545918
2026-04-30 20:00:00,285.6873,454.74389769391803
2026-04-30 21:00:00,265.6873,266.4323504834057
2026-04-30 22:00:00,265.6873,238.13637750077706
2026-04-30 23:00:00,225.6873,201.46096555762688
2026-05-01 00:00:00,183.43366,120.4101335018338
2026-05-01 01:00:00,183.43366,183.49451729453182
2026-05-01 02:00:00,148.43366,183.49188477829222
2026-05-01 03:00:00,129.44266,183.33760578176916
2026-05-01 04:00:00,129.44266,183.42395913719577
2026-05-01 05:00:00,129.44266,186.96422531842683
2026-05-01 06:00:00,127.43366,186.17512809281664
2026-05-01 07:00:00,121.75366,184.18715986800413
2026-05-01 08:00:00,121.62366,178.29223221275856
2026-05-01 09:00:00,121.62366,161.4397236729593
2026-05-01 10:00:00,121.62366,164.03004366498175
2026-05-01 11:00:00,127.43366,215.54339878817785
2026-05-01 12:00:00,127.43366,207.65025011030988
2026-05-01 13:00:00,127.43366,219.23484540608115
2026-05-01 14:00:00,129.44266,238.36871757660072
2026-05-01 15:00:00,183.43366,254.09364724489538
2026-05-01 16:00:00,183.43366,249.21181526565886
2026-05-01 17:00:00,233.43366,263.9596696166851
2026-05-01 18:00:00,262.43366,279.16193261648
2026-05-01 19:00:00,623.43366,302.4488699328697
2026-05-01 20:00:00,233.43366,296.0288075533154
2026-05-01 21:00:00,233.43366,259.9846065540337
2026-05-01 22:00:00,233.43366,241.32314102837555
2026-05-01 23:00:00,233.43366,211.07031457105973
2026-05-02 00:00:00,143.40286,171.80267354399953
2026-05-02 01:00:00,168.40286,143.13403666023615
2026-05-02 02:00:00,143.40286,143.36586283274832
2026-05-02 03:00:00,143.40286,143.1875973737389
2026-05-02 04:00:00,143.40286,142.35325286752496
2026-05-02 05:00:00,143.40286,141.70092054832222
2026-05-02 06:00:00,143.40286,144.65769077589488
2026-05-02 07:00:00,143.40286,158.84877217503907
2026-05-02 08:00:00,143.40286,165.1719023353668
2026-05-02 09:00:00,198.90286,147.1591243811538
2026-05-02 10:00:00,168.40286,153.43776392957164
2026-05-02 11:00:00,168.40286,159.274602209159
2026-05-02 12:00:00,168.40286,160.4748160728403
2026-05-02 13:00:00,168.40286,166.50051222457262
2026-05-02 14:00:00,168.40286,180.92210618931225
2026-05-02 15:00:00,198.90286,201.73523681424965
2026-05-02 16:00:00,208.40286,195.50628535890453
2026-05-02 17:00:00,208.40286,226.6077455292562
2026-05-02 18:00:00,238.40286,244.64037292790653
2026-05-02 19:00:00,238.40286,355.4723994979413
2026-05-02 20:00:00,238.40286,220.49177401099928
2026-05-02 21:00:00,208.40286,225.883883693782
2026-05-02 22:00:00,208.40286,213.46832421907664
2026-05-02 23:00:00,198.90286,190.08278180887402
2026-05-03 00:00:00,206.23212,142.69141050985823
2026-05-03 01:00:00,206.23212,206.1818283260476
2026-05-03 02:00:00,206.23212,206.20279409829513
2026-05-03 03:00:00,183.73212,204.90154291735433
2026-05-03 04:00:00,206.23212,206.21861548046036
2026-05-03 05:00:00,206.23212,206.2150126535858
2026-05-03 06:00:00,183.73212,205.62220887723586
2026-05-03 07:00:00,183.73212,193.54099394937174
2026-05-03 08:00:00,183.73212,182.610891494488
2026-05-03 09:00:00,183.73212,190.80535657642912
2026-05-03 10:00:00,183.73212,180.7420637589244
2026-05-03 11:00:00,183.73212,178.64965736014094
2026-05-03 12:00:00,183.73212,178.69643409264273
2026-05-03 13:00:00,183.73212,185.25903681487415
2026-05-03 14:00:00,206.23212,189.31608255462567
2026-05-03 15:00:00,206.23212,206.83027067693357
2026-05-03 16:00:00,213.23212,205.81096505189683
2026-05-03 17:00:00,213.23212,226.63177361192646
2026-05-03 18:00:00,238.23212,237.38458207231497
2026-05-03 19:00:00,238.23212,281.77193573646196
2026-05-03 20:00:00,238.23212,239.15501166264488
2026-05-03 21:00:00,238.23212,217.636670592736
2026-05-03 22:00:00,213.23212,216.93350548792148
2026-05-03 23:00:00,213.23212,209.8195975209343
2026-05-04 00:00:00,214.6534,198.82444189056525
2026-05-04 01:00:00,214.6534,214.70928309291537
2026-05-04 02:00:00,214.6534,214.38488367344547
2026-05-04 03:00:00,214.6534,214.49723241244658
2026-05-04 04:00:00,214.6534,214.41709943656866
2026-05-04 05:00:00,248.6534,214.59948559825665
2026-05-04 06:00:00,248.6534,214.86806023727388
2026-05-04 07:00:00,214.6534,213.93604162732507
2026-05-04 08:00:00,214.6534,210.78880043185063
2026-05-04 09:00:00,214.6534,208.21928327147936
2026-05-04 10:00:00,223.6534,197.80831131463992
2026-05-04 11:00:00,248.6534,197.8238390151844
2026-05-04 12:00:00,248.6534,195.40840699070415
2026-05-04 13:00:00,248.6534,199.1757737340322
2026-05-04 14:00:00,248.6534,215.7553253281397
2026-05-04 15:00:00,258.6534,220.83321705280457
2026-05-04 16:00:00,294.1534,226.47572412087027
2026-05-04 17:00:00,294.1534,233.52778725018885
2026-05-04 18:00:00,508.6534,252.91091348575512
2026-05-04 19:00:00,558.6534,278.7219964131433
2026-05-04 20:00:00,508.6534,255.7343264962215
2026-05-04 21:00:00,558.6534,240.9472952295884
2026-05-04 22:00:00,294.1534,230.41516636947688
2026-05-04 23:00:00,248.6534,216.49576005754065
2026-05-05 00:00:00,231.43242,201.2408145627518
2026-05-05 01:00:00,231.43242,232.28340275017064
2026-05-05 02:00:00,231.43242,231.41326852327262
2026-05-05 03:00:00,231.43242,230.86653112583676
2026-05-05 04:00:00,265.93242,231.43098370495377
2026-05-05 05:00:00,265.93242,232.60180840678544
2026-05-05 06:00:00,265.93242,240.88048051570615
2026-05-05 07:00:00,231.43242,261.41421521189756
2026-05-05 08:00:00,231.43242,239.13805372905858
2026-05-05 09:00:00,231.43242,234.48458058404123
2026-05-05 10:00:00,231.43242,238.52952396205592
2026-05-05 11:00:00,265.93242,250.51891176715588
2026-05-05 12:00:00,265.93242,246.40655620366925
2026-05-05 13:00:00,265.93242,275.0277765266711
2026-05-05 14:00:00,280.93242,287.41615639743577
2026-05-05 15:00:00,285.93242,300.21600963933116
2026-05-05 16:00:00,315.93242,310.97305355361397
2026-05-05 17:00:00,315.93242,316.2748085882199
2026-05-05 18:00:00,515.93242,453.86201668544334
2026-05-05 19:00:00,1118.61742,523.4016004814802
2026-05-05 20:00:00,515.93242,445.09383146426273
2026-05-05 21:00:00,495.93242,432.2585015027294
2026-05-05 22:00:00,315.93242,289.1403031510335
2026-05-05 23:00:00,280.93242,258.4559793687131
2026-05-06 00:00:00,230.28631,240.72905488456436
2026-05-06 01:00:00,230.28631,230.60103579574354
2026-05-06 02:00:00,230.28631,230.28725055014024
2026-05-06 03:00:00,230.28631,230.26167699313874
2026-05-06 04:00:00,230.28631,230.95872854567213
2026-05-06 05:00:00,264.28631,231.37847682751215
2026-05-06 06:00:00,230.28631,230.68117764465694
2026-05-06 07:00:00,230.28631,243.65015793988786
2026-05-06 08:00:00,230.28631,251.8027147273774
2026-05-06 09:00:00,230.28631,245.0541054846083
2026-05-06 10:00:00,230.28631,246.22816245730573
2026-05-06 11:00:00,230.28631,267.8304220141636
2026-05-06 12:00:00,230.28631,261.93276130840036
2026-05-06 13:00:00,230.28631,269.74237577837135
2026-05-06 14:00:00,264.28631,309.34723182402496
2026-05-06 15:00:00,279.78631,315.6629996671036
2026-05-06 16:00:00,314.78631,326.62170297474586
2026-05-06 17:00:00,314.78631,325.0176539212601
2026-05-06 18:00:00,504.78631,459.6790176167696
2026-05-06 19:00:00,1117.47131,674.9047817694708
2026-05-06 20:00:00,504.78631,466.33767896371046
2026-05-06 21:00:00,504.78631,425.6871863542042
2026-05-06 22:00:00,284.78631,304.0731055183887
2026-05-06 23:00:00,230.28631,268.78171789643676
2026-05-07 00:00:00,225.7132,239.3643894441537
2026-05-07 01:00:00,251.8442,226.34935237582374
2026-05-07 02:00:00,225.7132,225.65541046640772
2026-05-07 03:00:00,225.7132,225.69304534060484
2026-05-07 04:00:00,225.7132,225.69952068115276
2026-05-07 05:00:00,251.8442,226.85393982580274
2026-05-07 06:00:00,225.7132,230.94517565214056
2026-05-07 07:00:00,225.7132,229.37378757736442
2026-05-07 08:00:00,225.7132,232.07846881818034
2026-05-07 09:00:00,221.2132,234.83170755672668
2026-05-07 10:00:00,225.7132,237.41764758359062
2026-05-07 11:00:00,225.7132,255.14882939242156
2026-05-07 12:00:00,225.7132,256.9859900124873
2026-05-07 13:00:00,225.7132,260.42790835708615
2026-05-07 14:00:00,251.8442,282.7417546916487
2026-05-07 15:00:00,251.8442,294.35503147669044
2026-05-07 16:00:00,280.7132,302.23628969559553
2026-05-07 17:00:00,315.7132,299.6196741631311
2026-05-07 18:00:00,495.7132,438.72075216033517
2026-05-07 19:00:00,1118.3982,673.7615936224274
2026-05-07 20:00:00,495.7132,446.50475908794147
2026-05-07 21:00:00,475.7132,423.75675434671933
2026-05-07 22:00:00,280.7132,279.5970563508814
2026-05-07 23:00:00,251.8442,252.14808605145802
2026-05-08 00:00:00,244.22873,236.99321359349852
2026-05-08 01:00:00,244.22873,244.73339470248837
2026-05-08 02:00:00,244.22873,244.2335546900243
2026-05-08 03:00:00,244.22873,244.1761452238673
2026-05-08 04:00:00,244.22873,244.37741900371418
2026-05-08 05:00:00,244.22873,245.01385961027086
2026-05-08 06:00:00,244.22873,240.86324394664084
2026-05-08 07:00:00,244.22873,236.2111868164805
2026-05-08 08:00:00,244.22873,237.38589702294152
2026-05-08 09:00:00,244.22873,234.48224455350694
2026-05-08 10:00:00,244.22873,232.1503506527256
2026-05-08 11:00:00,244.22873,237.93235011361986
2026-05-08 12:00:00,244.22873,236.39715692732122
2026-05-08 13:00:00,244.22873,238.8757131514149
2026-05-08 14:00:00,244.22873,259.6672716369068
2026-05-08 15:00:00,251.22873,269.01931171573017
2026-05-08 16:00:00,307.72873,278.0400708947853
2026-05-08 17:00:00,307.72873,298.9063372201732
2026-05-08 18:00:00,1110.41373,426.475030887717
2026-05-08 19:00:00,1122.29073,673.5850081038575
2026-05-08 20:00:00,457.72873,434.83078842305525
2026-05-08 21:00:00,307.72873,420.0139969162784
2026-05-08 22:00:00,252.72873,279.56237443749296
2026-05-08 23:00:00,244.22873,265.4091029731021
2026-05-09 00:00:00,163.73167,247.16962210295713
2026-05-09 01:00:00,163.73167,163.9735635122691
2026-05-09 02:00:00,163.73167,163.64002726328252
2026-05-09 03:00:00,163.73167,163.77611921547435
2026-05-09 04:00:00,163.73167,163.7252691424289
2026-05-09 05:00:00,163.73167,163.73581563048666
2026-05-09 06:00:00,163.73167,163.72024796808526
2026-05-09 07:00:00,148.73167,185.17625600690303
2026-05-09 08:00:00,148.73167,201.7327228940274
2026-05-09 09:00:00,148.73167,212.5027400562892
2026-05-09 10:00:00,148.73167,216.06741108682326
2026-05-09 11:00:00,148.73167,227.02169159682796
2026-05-09 12:00:00,148.73167,221.4270874834443
2026-05-09 13:00:00,148.73167,223.47966526438648
2026-05-09 14:00:00,163.73167,235.34697945966033
2026-05-09 15:00:00,163.73167,239.94856918745103
2026-05-09 16:00:00,218.73167,258.84218450061326
2026-05-09 17:00:00,308.73167,267.04541359257604
2026-05-09 18:00:00,438.73167,629.5782294400925
2026-05-09 19:00:00,458.73167,637.4287214217978
2026-05-09 20:00:00,308.73167,406.71720165012954
2026-05-09 21:00:00,308.73167,306.3872673481644
2026-05-09 22:00:00,246.05567,242.36148125283236
2026-05-09 23:00:00,238.73167,204.1550937285671
2026-05-10 00:00:00,276.57911,182.74863907632658
2026-05-10 01:00:00,276.57911,276.95357552816574
2026-05-10 02:00:00,267.46811,276.61142781575904
2026-05-10 03:00:00,229.46811,276.4178320548543
2026-05-10 04:00:00,267.46811,276.56743790998604
2026-05-10 05:00:00,229.46811,276.5308210780995
2026-05-10 06:00:00,147.46811,275.65885002015017
2026-05-10 07:00:00,147.46811,250.9145526651733
2026-05-10 08:00:00,147.46811,232.03687073824108
2026-05-10 09:00:00,147.46811,222.76567487856258
2026-05-10 10:00:00,147.46811,216.87937432417965
2026-05-10 11:00:00,147.46811,207.97664189477112
2026-05-10 12:00:00,147.46811,211.94382889814813
2026-05-10 13:00:00,147.46811,214.12965071869414
2026-05-10 14:00:00,147.46811,223.74759862044306
2026-05-10 15:00:00,218.46811,221.93287399151896
2026-05-10 16:00:00,267.46811,240.68664505933205
2026-05-10 17:00:00,276.57911,290.98630102903127
2026-05-10 18:00:00,358.46811,406.3157033404193
2026-05-10 19:00:00,358.46811,410.09995537507604
2026-05-10 20:00:00,358.46811,332.489413766209
2026-05-10 21:00:00,358.46811,309.9896166507982
2026-05-10 22:00:00,358.46811,267.57536229688856
2026-05-10 23:00:00,353.46811,270.7186608179958
2026-05-11 00:00:00,276.39693,263.7287740274211
2026-05-11 01:00:00,278.39693,276.76288928659994
2026-05-11 02:00:00,276.39693,276.4036184365105
2026-05-11 03:00:00,268.39693,275.84612764901675
2026-05-11 04:00:00,276.39693,276.1850261992148
2026-05-11 05:00:00,292.39693,274.8604337259345
2026-05-11 06:00:00,278.39693,278.7552571522703
2026-05-11 07:00:00,307.39693,278.95711700202685
2026-05-11 08:00:00,278.39693,275.7772552033364
2026-05-11 09:00:00,276.39693,240.10745538099667
2026-05-11 10:00:00,278.39693,243.7165750980154
2026-05-11 11:00:00,307.39693,233.70541111170397
2026-05-11 12:00:00,307.39693,235.8402283054167
2026-05-11 13:00:00,307.39693,244.25472745527907
2026-05-11 14:00:00,458.39693,271.3622646784438
2026-05-11 15:00:00,468.39693,299.68198781035153
2026-05-11 16:00:00,488.50793,317.765829533556
2026-05-11 17:00:00,488.50793,339.3336137986489
2026-05-11 18:00:00,699.99193,391.82008523122784
2026-05-11 19:00:00,699.99193,416.0534997093685
2026-05-11 20:00:00,488.50793,356.8355814003457
2026-05-11 21:00:00,488.50793,364.0729084973697
2026-05-11 22:00:00,468.39693,337.20303039472293
2026-05-11 23:00:00,463.39693,325.29381742767174
2026-05-12 00:00:00,495.64994,256.6756379642678
2026-05-12 01:00:00,495.64994,495.9354735699481
2026-05-12 02:00:00,495.64994,495.8319217937908
2026-05-12 03:00:00,469.53894,494.3005036269268
2026-05-12 04:00:00,495.64994,495.6327884454676
2026-05-12 05:00:00,495.64994,496.05503580080403
2026-05-12 06:00:00,495.64994,497.3431718776459
2026-05-12 07:00:00,469.53894,473.85225636890493
2026-05-12 08:00:00,482.53894,438.65620754516084
2026-05-12 09:00:00,469.53894,398.8380374283265
2026-05-12 10:00:00,482.53894,384.9514760001221
2026-05-12 11:00:00,482.53894,394.4385123492313
2026-05-12 12:00:00,482.53894,387.4834310540048
2026-05-12 13:00:00,495.64994,402.4707146381424
2026-05-12 14:00:00,508.45494,479.3911871126214
2026-05-12 15:00:00,803.53894,489.81150263858694
2026-05-12 16:00:00,824.53894,490.41902475950474
2026-05-12 17:00:00,824.53894,507.3897742677439
2026-05-12 18:00:00,834.53894,599.259363038924
2026-05-12 19:00:00,834.53894,616.3378241535033
2026-05-12 20:00:00,829.53894,500.1737186458745
2026-05-12 21:00:00,824.53894,497.6653459957133
2026-05-12 22:00:00,824.53894,486.85958094693314
2026-05-12 23:00:00,503.53894,497.6882188730493
2026-05-13 00:00:00,660.78986,458.34211651231897
2026-05-13 01:00:00,654.55886,661.5538159313639
2026-05-13 02:00:00,654.55886,660.9267473008726
2026-05-13 03:00:00,654.55886,660.0305709821723
2026-05-13 04:00:00,703.44786,660.7549921043619
2026-05-13 05:00:00,770.97986,660.7003656667758
2026-05-13 06:00:00,703.44786,659.9582377554163
2026-05-13 07:00:00,654.55886,635.834950581135
2026-05-13 08:00:00,654.55886,620.4115873659582
2026-05-13 09:00:00,489.44786,608.2050170252293
2026-05-13 10:00:00,654.55886,607.6483653259197
2026-05-13 11:00:00,654.55886,582.2508839733232
2026-05-13 12:00:00,654.55886,591.9949617912637
2026-05-13 13:00:00,703.44786,623.6940754186958
2026-05-13 14:00:00,703.44786,685.7525104582234
2026-05-13 15:00:00,770.97986,805.822901675534
2026-05-13 16:00:00,823.44786,793.1852723453605
2026-05-13 17:00:00,833.44786,800.8145171040794
2026-05-13 18:00:00,1083.44786,843.7907292536017
2026-05-13 19:00:00,1093.44786,903.4178563341958
2026-05-13 20:00:00,903.44786,772.5130236278341
2026-05-13 21:00:00,833.44786,810.5106661037617
2026-05-13 22:00:00,823.44786,739.8722818081562
2026-05-13 23:00:00,703.44786,661.4927339754462
2026-05-14 00:00:00,822.47869,616.1704180813697
2026-05-14 01:00:00,822.47869,823.481019642941
2026-05-14 02:00:00,801.47869,822.5444708233742
2026-05-14 03:00:00,771.75269,820.7506749740295
2026-05-14 04:00:00,801.47869,823.2261327802083
2026-05-14 05:00:00,822.47869,825.6825128575372
2026-05-14 06:00:00,822.47869,824.4844449167974
2026-05-14 07:00:00,704.47869,799.6172246253625
2026-05-14 08:00:00,704.47869,780.4901770282447
2026-05-14 09:00:00,704.47869,700.2911309758642
2026-05-14 10:00:00,704.47869,747.1531582512712
2026-05-14 11:00:00,801.47869,729.9461242858301
2026-05-14 12:00:00,771.75269,725.7642471774936
2026-05-14 13:00:00,822.47869,767.8048523930524
2026-05-14 14:00:00,832.47869,787.7412631402392
2026-05-14 15:00:00,832.47869,831.7492915314699
2026-05-14 16:00:00,913.23569,833.438398633016
2026-05-14 17:00:00,913.23569,869.4890124259389
2026-05-14 18:00:00,1082.47869,1006.7751808511368
2026-05-14 19:00:00,1094.47869,1013.4132866408787
2026-05-14 20:00:00,1082.47869,898.6450055149792
2026-05-14 21:00:00,913.23569,871.2637304692048
2026-05-14 22:00:00,832.47869,847.7442990446439
2026-05-14 23:00:00,832.47869,796.3877812853589
2026-05-15 00:00:00,792.65294,772.7579767998513
2026-05-15 01:00:00,792.65294,793.433456397494
2026-05-15 02:00:00,774.53594,792.6027694271336
2026-05-15 03:00:00,774.53594,791.6425862404201
2026-05-15 04:00:00,792.65294,792.2781543493043
2026-05-15 05:00:00,792.65294,792.1201966082374
2026-05-15 06:00:00,792.65294,792.257929750742
2026-05-15 07:00:00,666.05494,794.0667298030734
2026-05-15 08:00:00,644.65294,799.7268212143264
2026-05-15 09:00:00,642.65294,764.7471876452187
2026-05-15 10:00:00,666.05494,763.89310937655
2026-05-15 11:00:00,698.50794,788.8496587297905
2026-05-15 12:00:00,792.65294,780.6463231985936
2026-05-15 13:00:00,792.65294,817.3258485201154
2026-05-15 14:00:00,792.65294,827.2050061264681
2026-05-15 15:00:00,792.65294,847.0786722356788
2026-05-15 16:00:00,801.65294,871.2075155989594
2026-05-15 17:00:00,822.65294,899.0533885281036
2026-05-15 18:00:00,902.65294,1068.372219758508
2026-05-15 19:00:00,1082.65294,1103.1418194697953
2026-05-15 20:00:00,902.65294,1010.4229525113024
2026-05-15 21:00:00,902.65294,919.1086380371185
2026-05-15 22:00:00,822.65294,862.936682450561
2026-05-15 23:00:00,792.65294,816.4088352233043
2026-05-16 00:00:00,691.8236,783.1985579006266
2026-05-16 01:00:00,693.1876,693.2186536755687
2026-05-16 02:00:00,798.6876,691.4621778507278
2026-05-16 03:00:00,691.8236,689.8067899848122
2026-05-16 04:00:00,798.6876,692.0007288235074
2026-05-16 05:00:00,798.6876,691.4974606021879
2026-05-16 06:00:00,691.8236,692.0446108946901
2026-05-16 07:00:00,442.8236,708.5804272547929
2026-05-16 08:00:00,442.8236,721.9626897715232
2026-05-16 09:00:00,442.8236,693.2192125199191
2026-05-16 10:00:00,509.8466,709.7226482810279
2026-05-16 11:00:00,442.8236,794.6031949869302
2026-05-16 12:00:00,442.8236,765.7300535028562
2026-05-16 13:00:00,442.8236,776.2413074300684
2026-05-16 14:00:00,691.8236,787.1993867453443
2026-05-16 15:00:00,798.6876,784.5042572147534
2026-05-16 16:00:00,798.6876,798.9530915550108
2026-05-16 17:00:00,802.8236,828.2798853820811
2026-05-16 18:00:00,832.8236,907.7415270738009
2026-05-16 19:00:00,822.8236,970.7548422305049
2026-05-16 20:00:00,822.8236,906.904747267977
2026-05-16 21:00:00,802.8236,901.0540802218493
2026-05-16 22:00:00,798.6876,821.6030604446146
2026-05-16 23:00:00,798.6876,751.0315139318297
2026-05-17 00:00:00,759.4927,720.091033598818
2026-05-17 01:00:00,759.4927,760.8824005901781
2026-05-17 02:00:00,759.4927,759.1730978898145
2026-05-17 03:00:00,759.4927,757.7544020921066
2026-05-17 04:00:00,759.4927,761.3854628317655
2026-05-17 05:00:00,759.4927,762.742901095875
2026-05-17 06:00:00,759.4927,755.2055169014036
2026-05-17 07:00:00,413.8287,715.636198225208
2026-05-17 08:00:00,408.8287,692.5529401912578
2026-05-17 09:00:00,408.8287,637.4906370977271
2026-05-17 10:00:00,408.8287,653.6843418978001
2026-05-17 11:00:00,408.8287,607.5061770750101
2026-05-17 12:00:00,413.8287,630.1469687030827
2026-05-17 13:00:00,652.8287,628.9914106053151
2026-05-17 14:00:00,759.4927,739.3675988757684
2026-05-17 15:00:00,759.4927,782.913285677916
2026-05-17 16:00:00,803.8287,770.485013300754
2026-05-17 17:00:00,824.3287,829.5402584842221
2026-05-17 18:00:00,824.3287,861.3651977178863
2026-05-17 19:00:00,824.3287,861.1301792401916
2026-05-17 20:00:00,824.3287,830.7070454644072
2026-05-17 21:00:00,824.3287,850.6884166270893
2026-05-17 22:00:00,824.3287,848.3378609458208
2026-05-17 23:00:00,823.8287,790.6875654811502
2026-05-18 00:00:00,821.81402,738.3246431891384
2026-05-18 01:00:00,821.81402,823.4937200543305
2026-05-18 02:00:00,706.22402,821.5673491019621
2026-05-18 03:00:00,583.14002,820.1387662732998
2026-05-18 04:00:00,821.81402,821.6738773056682
2026-05-18 05:00:00,821.81402,821.5625377575628
2026-05-18 06:00:00,821.81402,827.140626714023
2026-05-18 07:00:00,553.14002,779.6660830142807
2026-05-18 08:00:00,553.14002,736.0266441705805
2026-05-18 09:00:00,553.14002,650.4878859848426
2026-05-18 10:00:00,553.14002,659.1739170513342
2026-05-18 11:00:00,553.14002,620.7089404868183
2026-05-18 12:00:00,583.14002,633.9864639773773
2026-05-18 13:00:00,583.14002,730.8999841484975
2026-05-18 14:00:00,821.81402,830.3544089310284
2026-05-18 15:00:00,821.81402,819.6161063374831
2026-05-18 16:00:00,822.14002,814.5996224268229
2026-05-18 17:00:00,833.14002,884.1958628639698
2026-05-18 18:00:00,903.14002,895.0243506636839
2026-05-18 19:00:00,903.14002,872.6973593038729
2026-05-18 20:00:00,903.14002,843.3470210732564
2026-05-18 21:00:00,903.14002,863.9678658572891
2026-05-18 22:00:00,833.14002,869.2415096025579
2026-05-18 23:00:00,823.14002,829.4369248114962
2026-05-19 00:00:00,829.28103,779.0099681108194
2026-05-19 01:00:00,829.28103,830.3317752456865
2026-05-19 02:00:00,829.28103,830.0455524401375
2026-05-19 03:00:00,822.42803,827.8926619651837
2026-05-19 04:00:00,829.28103,829.6498674320629
2026-05-19 05:00:00,829.28103,829.0901858776343
2026-05-19 06:00:00,829.28103,833.5588499828064
2026-05-19 07:00:00,822.42803,798.1791943696901
2026-05-19 08:00:00,822.42803,763.3005991534139
2026-05-19 09:00:00,707.42803,693.0686522015933
2026-05-19 10:00:00,822.42803,702.4381513267989
2026-05-19 11:00:00,822.42803,691.8867902757904
2026-05-19 12:00:00,822.42803,688.5196510241137
2026-05-19 13:00:00,822.42803,718.3362438314291
2026-05-19 14:00:00,829.28103,834.4964440188562
2026-05-19 15:00:00,832.42803,871.9310809230952
2026-05-19 16:00:00,891.42803,856.0090552491067
2026-05-19 17:00:00,905.42803,868.0123817928222
2026-05-19 18:00:00,905.42803,932.2336360433148
2026-05-19 19:00:00,907.42803,938.8980685966123
2026-05-19 20:00:00,907.42803,900.4853940350877
2026-05-19 21:00:00,905.42803,884.7746349517117
2026-05-19 22:00:00,905.42803,855.5173054518137
2026-05-19 23:00:00,852.42803,831.5302215587271
2026-05-20 00:00:00,832.39948,807.0822880967909
2026-05-20 01:00:00,822.39948,832.6927207900517
2026-05-20 02:00:00,822.39948,832.2777251127812
2026-05-20 03:00:00,822.39948,825.9280827393359
2026-05-20 04:00:00,822.39948,832.3729490496595
2026-05-20 05:00:00,832.39948,832.4163470018748
2026-05-20 06:00:00,822.39948,836.370756251511
2026-05-20 07:00:00,752.39948,846.6334357224066
2026-05-20 08:00:00,752.39948,834.6764534958761
2026-05-20 09:00:00,752.39948,741.846770778586
2026-05-20 10:00:00,752.39948,825.4046944624938
2026-05-20 11:00:00,822.39948,818.9929590545734
2026-05-20 12:00:00,820.04448,815.9284114442702
2026-05-20 13:00:00,822.39948,833.6278138298305
2026-05-20 14:00:00,832.39948,870.5263641930978
2026-05-20 15:00:00,881.39948,875.7160836070693
2026-05-20 16:00:00,905.89948,898.8432458226257
2026-05-20 17:00:00,905.89948,913.180200185592
2026-05-20 18:00:00,951.39948,946.0597876346542
2026-05-20 19:00:00,952.39948,943.3225895768238
2026-05-20 20:00:00,907.39948,918.3909748325079
2026-05-20 21:00:00,905.89948,895.3169620515539
2026-05-20 22:00:00,905.89948,881.951505809313
2026-05-20 23:00:00,881.39948,852.5031774021286
2026-05-21 00:00:00,633.75144,830.2178135080046
2026-05-21 01:00:00,633.75144,633.7526606987916
2026-05-21 02:00:00,633.75144,632.5603791818417
2026-05-21 03:00:00,633.75144,633.2369033292714
2026-05-21 04:00:00,633.75144,633.5761360791066
2026-05-21 05:00:00,653.75144,634.0992437881941
2026-05-21 06:00:00,653.75144,635.3136776090482
2026-05-21 07:00:00,653.75144,692.1725365950393
2026-05-21 08:00:00,653.75144,713.1225510857699
2026-05-21 09:00:00,653.75144,697.5983287624985
2026-05-21 10:00:00,653.75144,737.3192438385486
2026-05-21 11:00:00,653.75144,777.2706818911756
2026-05-21 12:00:00,633.75144,770.3576296843542
2026-05-21 13:00:00,653.75144,784.4379184022009
2026-05-21 14:00:00,802.75144,823.5693454000161
2026-05-21 15:00:00,823.75144,843.3712936741272
2026-05-21 16:00:00,823.75144,854.071047269151
2026-05-21 17:00:00,823.75144,853.113518484576
2026-05-21 18:00:00,902.75144,906.6339864437016
2026-05-21 19:00:00,902.75144,914.6871079621761
2026-05-21 20:00:00,823.75144,865.8362179695132
2026-05-21 21:00:00,823.75144,859.7834666726974
2026-05-21 22:00:00,705.37444,822.9549648309843
2026-05-21 23:00:00,653.75144,749.992579263948
2026-05-22 00:00:00,390.96186,669.9279815841962
2026-05-22 01:00:00,390.96186,391.1476700410518
2026-05-22 02:00:00,390.96186,390.57015763759466
2026-05-22 03:00:00,390.96186,390.83377169717994
2026-05-22 04:00:00,390.96186,390.9955827226946
2026-05-22 05:00:00,395.96186,392.2347034463978
2026-05-22 06:00:00,395.96186,392.2457831568461
2026-05-22 07:00:00,390.96186,466.8027114955874
2026-05-22 08:00:00,390.96186,512.5827603831925
2026-05-22 09:00:00,390.96186,525.4047436488667
2026-05-22 10:00:00,390.96186,556.7158942627256
2026-05-22 11:00:00,395.96186,565.6458587634029
2026-05-22 12:00:00,395.96186,589.903505537529
2026-05-22 13:00:00,644.96186,595.4125774097381
2026-05-22 14:00:00,670.96186,675.9107256323784
2026-05-22 15:00:00,689.34086,683.407945499943
2026-05-22 16:00:00,715.96186,666.0116207423055
2026-05-22 17:00:00,810.96186,676.3021679140165
2026-05-22 18:00:00,911.96186,777.0588577525176
2026-05-22 19:00:00,911.96186,801.3976950226873
2026-05-22 20:00:00,904.96186,738.9568975219922
2026-05-22 21:00:00,810.96186,720.6924129875765
2026-05-22 22:00:00,715.96186,619.6332537471527
2026-05-22 23:00:00,670.96186,526.3335956102832
2026-05-23 00:00:00,691.64388,461.01956437347326
2026-05-23 01:00:00,691.64388,691.9754204237402
2026-05-23 02:00:00,691.64388,691.6137160317036
2026-05-23 03:00:00,667.64388,691.3958455042957
2026-05-23 04:00:00,667.64388,691.5652626208507
2026-05-23 05:00:00,667.64388,692.1652965127621
2026-05-23 06:00:00,667.64388,692.0041176317036
2026-05-23 07:00:00,592.64388,623.5304872196136
2026-05-23 08:00:00,592.64388,576.3654693044798
2026-05-23 09:00:00,592.64388,550.8844792753914
2026-05-23 10:00:00,592.64388,549.948481299115
2026-05-23 11:00:00,592.64388,530.4412608876638
2026-05-23 12:00:00,592.64388,547.5822209656098
2026-05-23 13:00:00,667.64388,645.7391113446643
2026-05-23 14:00:00,695.89388,707.5995957440854
2026-05-23 15:00:00,722.64388,719.1832209418988
2026-05-23 16:00:00,802.64388,705.2045339702781
2026-05-23 17:00:00,807.64388,762.0973278884592
2026-05-23 18:00:00,908.64388,857.1408122313549
2026-05-23 19:00:00,908.64388,868.2645767323725
2026-05-23 20:00:00,901.64388,832.1952852903966
2026-05-23 21:00:00,807.64388,776.017462937468
2026-05-23 22:00:00,722.64388,713.6289656033523
2026-05-23 23:00:00,695.89388,714.5180074252078
2026-05-24 00:00:00,669.81899,658.7731697376837
2026-05-24 01:00:00,669.81899,670.2302082002238
2026-05-24 02:00:00,669.81899,669.9112859405363
2026-05-24 03:00:00,669.81899,669.3115233435559
2026-05-24 04:00:00,669.81899,669.2377629089832
2026-05-24 05:00:00,653.81899,669.1578277867766
2026-05-24 06:00:00,554.81899,671.4481389534561
2026-05-24 07:00:00,554.81899,611.3215725562025
2026-05-24 08:00:00,98.71499,596.5292460498597
2026-05-24 09:00:00,246.00899,565.6937076449207
2026-05-24 10:00:00,253.29899,572.8231925442255
2026-05-24 11:00:00,554.81899,586.0022439150836
2026-05-24 12:00:00,554.81899,584.5430946058052
2026-05-24 13:00:00,554.81899,670.7896209846162
2026-05-24 14:00:00,554.81899,713.2435985824682
2026-05-24 15:00:00,554.81899,712.631847311846
2026-05-24 16:00:00,669.81899,731.6030085577713
2026-05-24 17:00:00,724.81899,757.4107575157711
2026-05-24 18:00:00,724.81899,850.7442486786015
2026-05-24 19:00:00,809.81899,877.779719721392
2026-05-24 20:00:00,809.81899,842.0640308313548
2026-05-24 21:00:00,809.81899,769.1801224090782
2026-05-24 22:00:00,724.81899,721.4901101119857
2026-05-24 23:00:00,724.81899,688.775334219061
2026-05-25 00:00:00,455.51831,631.876245559923
2026-05-25 01:00:00,455.51831,455.61194108161067
2026-05-25 02:00:00,455.51831,455.15630470584364
2026-05-25 03:00:00,455.51831,452.7590019820693
2026-05-25 04:00:00,455.51831,455.40945359544924
2026-05-25 05:00:00,670.51831,455.43649809197575
2026-05-25 06:00:00,670.51831,468.1488183470814
2026-05-25 07:00:00,549.84831,509.6264788067424
2026-05-25 08:00:00,644.51831,430.37337667471985
2026-05-25 09:00:00,455.51831,391.78496032770425
2026-05-25 10:00:00,644.51831,424.0141510561377
2026-05-25 11:00:00,670.51831,522.4974636853866
2026-05-25 12:00:00,670.51831,523.7308478378153
2026-05-25 13:00:00,705.51831,552.756228936425
2026-05-25 14:00:00,720.51831,605.6515370322081
2026-05-25 15:00:00,720.51831,616.8064427453469
2026-05-25 16:00:00,720.51831,635.8181671563059
2026-05-25 17:00:00,720.51831,681.372997954436
2026-05-25 18:00:00,725.51831,724.2727590900669
2026-05-25 19:00:00,725.51831,797.0978064828241
2026-05-25 20:00:00,723.51831,737.9377759102258
2026-05-25 21:00:00,720.51831,716.2646297418605
2026-05-25 22:00:00,720.51831,641.3825110348876
2026-05-25 23:00:00,705.51831,586.0355966018994
2026-05-26 00:00:00,465.8808,460.5366470140714
2026-05-26 01:00:00,465.8808,464.6744753666979
2026-05-26 02:00:00,465.8808,465.7247769914849
2026-05-26 03:00:00,465.8808,465.75768177834186
2026-05-26 04:00:00,465.8808,465.86402695879053
2026-05-26 05:00:00,644.8808,473.3530582212221
2026-05-26 06:00:00,644.8808,472.05134099730356
2026-05-26 07:00:00,465.8808,533.5767236628624
2026-05-26 08:00:00,465.8808,583.262221992025
2026-05-26 09:00:00,465.8808,469.38143802476293
2026-05-26 10:00:00,465.8808,565.3121832064635
2026-05-26 11:00:00,644.8808,610.967784878877
2026-05-26 12:00:00,644.8808,604.4158660837952
2026-05-26 13:00:00,670.8808,624.5642969943494
2026-05-26 14:00:00,685.8808,663.797471474631
2026-05-26 15:00:00,685.8808,663.5880707443187
2026-05-26 16:00:00,685.8808,666.2041700464815
2026-05-26 17:00:00,685.8808,687.7848465804543
2026-05-26 18:00:00,904.8808,696.9562943972351
2026-05-26 19:00:00,904.8808,724.6269322858402
2026-05-26 20:00:00,904.8808,687.0726775916162
2026-05-26 21:00:00,685.8808,676.9928130918864
2026-05-26 22:00:00,685.8808,631.2549972435988
2026-05-26 23:00:00,670.8808,578.1126067199925
2026-05-27 00:00:00,446.08831,493.1069151070617
2026-05-27 01:00:00,436.08831,446.1742547645765
2026-05-27 02:00:00,436.08831,445.92924679211393
2026-05-27 03:00:00,436.08831,446.1952416465041
2026-05-27 04:00:00,446.08831,446.044159928901
2026-05-27 05:00:00,456.08831,452.49825045870966
2026-05-27 06:00:00,446.08831,450.1737230629514
2026-05-27 07:00:00,446.08831,494.10662356319654
2026-05-27 08:00:00,446.08831,486.9195208850158
2026-05-27 09:00:00,446.08831,468.54552756790144
2026-05-27 10:00:00,446.08831,503.1313092410729
2026-05-27 11:00:00,446.08831,600.451313367098
2026-05-27 12:00:00,446.08831,593.2184627820462
2026-05-27 13:00:00,446.08831,610.4805100183391
2026-05-27 14:00:00,456.08831,642.0224831454749
2026-05-27 15:00:00,456.08831,648.7116448200077
2026-05-27 16:00:00,671.08831,654.556022195939
2026-05-27 17:00:00,671.08831,659.3487254931705
2026-05-27 18:00:00,905.08831,793.4685309940569
2026-05-27 19:00:00,1126.08831,840.4915545410246
2026-05-27 20:00:00,905.08831,799.3864222798647
2026-05-27 21:00:00,691.08831,666.2805389591315
2026-05-27 22:00:00,630.08831,632.8787899116154
2026-05-27 23:00:00,456.08831,551.8471474963674
2026-05-28 00:00:00,265.41213,443.95824555538036
2026-05-28 01:00:00,265.41213,265.71886300525955
2026-05-28 02:00:00,265.41213,265.3138368778813
2026-05-28 03:00:00,265.41213,265.5525929022776
2026-05-28 04:00:00,265.41213,265.4335784278449
2026-05-28 05:00:00,435.41213,266.3727487997444
2026-05-28 06:00:00,267.18413,268.0050534082472
2026-05-28 07:00:00,265.41213,346.522634200477
2026-05-28 08:00:00,265.41213,401.89248807882535
2026-05-28 09:00:00,265.41213,405.0137810985564
2026-05-28 10:00:00,265.41213,427.0410362990144
2026-05-28 11:00:00,265.41213,435.3431587310512
2026-05-28 12:00:00,265.41213,448.9012965396655
2026-05-28 13:00:00,435.41213,463.61464229041763
2026-05-28 14:00:00,450.41213,519.3393630362974
2026-05-28 15:00:00,450.41213,539.8117395306966
2026-05-28 16:00:00,636.41213,594.1213970394965
2026-05-28 17:00:00,680.41213,582.5641007795816
2026-05-28 18:00:00,705.41213,779.8060545111566
2026-05-28 19:00:00,1095.41213,894.7247104326937
2026-05-28 20:00:00,705.41213,766.5124323903127
2026-05-28 21:00:00,680.41213,620.3825230488662
2026-05-28 22:00:00,450.41213,523.8850532850037
2026-05-28 23:00:00,450.41213,392.5715559468651
2026-05-29 00:00:00,331.58546,299.3569053230175
2026-05-29 01:00:00,336.58546,331.32378139833315
2026-05-29 02:00:00,331.58546,331.5868431276074
2026-05-29 03:00:00,331.58546,331.3410574313833
2026-05-29 04:00:00,331.58546,331.58922722628233
2026-05-29 05:00:00,336.58546,337.3154784403895
2026-05-29 06:00:00,336.58546,332.5542359901343
2026-05-29 07:00:00,336.58546,343.05986580280313
2026-05-29 08:00:00,336.58546,338.1171104516021
2026-05-29 09:00:00,331.58546,324.3634229746401
2026-05-29 10:00:00,336.58546,339.39372151895014
2026-05-29 11:00:00,336.58546,337.5731249122079
2026-05-29 12:00:00,336.58546,343.87811686576197
2026-05-29 13:00:00,336.58546,446.1229860265747
2026-05-29 14:00:00,336.58546,470.7284989282576
2026-05-29 15:00:00,411.58546,461.983354936125
2026-05-29 16:00:00,412.58546,501.4857446310004
2026-05-29 17:00:00,412.58546,552.3205735463034
2026-05-29 18:00:00,676.58546,664.4130888293835
2026-05-29 19:00:00,676.58546,800.3419987527473
2026-05-29 20:00:00,632.58546,659.484523676747
2026-05-29 21:00:00,412.58546,566.0290426731517
2026-05-29 22:00:00,336.58546,446.0939579176048
2026-05-29 23:00:00,336.58546,405.13053212203965
2026-05-30 00:00:00,338.71689,355.1283910512427
2026-05-30 01:00:00,338.71689,338.50764600709095
2026-05-30 02:00:00,270.62789,338.58649379505823
2026-05-30 03:00:00,262.19689,338.66908124314847
2026-05-30 04:00:00,262.19689,338.64864722578744
2026-05-30 05:00:00,265.48889,339.001757840058
2026-05-30 06:00:00,265.48889,338.91469238816995
2026-05-30 07:00:00,262.19689,320.4489209606443
2026-05-30 08:00:00,262.19689,312.84539479386956
2026-05-30 09:00:00,260.71689,307.36007664075083
2026-05-30 10:00:00,260.71689,302.8509809069655
2026-05-30 11:00:00,262.19689,314.92009797273613
2026-05-30 12:00:00,260.71689,316.303058035103
2026-05-30 13:00:00,260.71689,337.7002128647517
2026-05-30 14:00:00,260.71689,340.85945472804366
2026-05-30 15:00:00,338.71689,364.21969961394865
2026-05-30 16:00:00,338.71689,375.87575812956374
2026-05-30 17:00:00,413.71689,393.2018546410505
2026-05-30 18:00:00,678.71689,561.3284942895365
2026-05-30 19:00:00,678.71689,622.5901717857671
2026-05-30 20:00:00,678.71689,577.8040006218819
2026-05-30 21:00:00,414.71689,402.0159913049325
2026-05-30 22:00:00,338.71689,359.92512871617294
2026-05-30 23:00:00,338.71689,341.0651949072287
2026-05-31 00:00:00,335.48873,325.00980178246033
2026-05-31 01:00:00,310.48873,335.3428957179365
2026-05-31 02:00:00,260.48873,335.4554239551686
2026-05-31 03:00:00,260.48873,335.13761903414394
2026-05-31 04:00:00,260.48873,333.98219150077534
2026-05-31 05:00:00,260.48873,333.19849233621966
2026-05-31 06:00:00,255.48873,330.9728641740897
2026-05-31 07:00:00,255.48873,316.9770507529043
2026-05-31 08:00:00,255.48873,218.79554130246942
2026-05-31 09:00:00,255.48873,237.37958246027057
2026-05-31 10:00:00,255.48873,244.6711064484926
2026-05-31 11:00:00,255.48873,278.0192758092393
2026-05-31 12:00:00,255.48873,284.4443171135089
2026-05-31 13:00:00,255.48873,293.330373868032
2026-05-31 14:00:00,255.48873,293.1520383472499
2026-05-31 15:00:00,260.48873,336.5659242744977
2026-05-31 16:00:00,336.48873,345.2172347577877
2026-05-31 17:00:00,410.48873,387.2808139483058
2026-05-31 18:00:00,480.48873,562.3978419962721
2026-05-31 19:00:00,675.48873,634.3373404022457
2026-05-31 20:00:00,480.48873,597.8330960680235
2026-05-31 21:00:00,480.48873,394.88444016865253
2026-05-31 22:00:00,410.48873,352.4637134188835
2026-05-31 23:00:00,410.48873,343.1653963016716
2026-06-01 00:00:00,352.26015,321.02321991879506
2026-06-01 01:00:00,352.26015,351.94299787863633
2026-06-01 02:00:00,352.26015,352.2567807539635
2026-06-01 03:00:00,352.26015,350.01422842273604
2026-06-01 04:00:00,352.26015,350.83254580756085
2026-06-01 05:00:00,402.26015,349.9003114907137
2026-06-01 06:00:00,402.26015,365.5632920525384
2026-06-01 07:00:00,352.26015,368.76663922984903
2026-06-01 08:00:00,352.26015,382.6061382521636
2026-06-01 09:00:00,328.26015,323.5050373522024
2026-06-01 10:00:00,352.26015,356.06869093414787
2026-06-01 11:00:00,402.26015,337.0339163303349
2026-06-01 12:00:00,402.26015,341.86883316464935
2026-06-01 13:00:00,402.26015,354.57861472403687
2026-06-01 14:00:00,402.26015,375.5709515604826
2026-06-01 15:00:00,667.26015,385.04476717835803
2026-06-01 16:00:00,667.26015,407.4311472189039
2026-06-01 17:00:00,682.26015,439.0993426687852
2026-06-01 18:00:00,1082.26015,499.1319854315819
2026-06-01 19:00:00,1112.26015,569.6431568005615
2026-06-01 20:00:00,901.26015,503.44907256094643
2026-06-01 21:00:00,682.26015,448.2721032392656
2026-06-01 22:00:00,672.26015,404.9036035818141
2026-06-01 23:00:00,472.26015,392.3432928274502
2026-06-02 00:00:00,399.80252,347.3212809789903
2026-06-02 01:00:00,399.80252,400.04215147142475
2026-06-02 02:00:00,399.80252,399.2020746561204
2026-06-02 03:00:00,399.80252,397.84929705329813
2026-06-02 04:00:00,404.80252,399.45856843637705
2026-06-02 05:00:00,469.80252,401.8352925988952
2026-06-02 06:00:00,404.80252,412.0749916472624
2026-06-02 07:00:00,399.80252,431.9611213213416
2026-06-02 08:00:00,354.80252,435.7765053476032
2026-06-02 09:00:00,354.80252,410.5790326152468
2026-06-02 10:00:00,399.80252,430.7998646331828
2026-06-02 11:00:00,399.80252,459.34770473045467
2026-06-02 12:00:00,399.80252,461.9587301349179
2026-06-02 13:00:00,399.80252,487.9019689428711
2026-06-02 14:00:00,469.80252,542.6543071252459
2026-06-02 15:00:00,664.80252,653.7724536342769
2026-06-02 16:00:00,669.80252,635.6148101382425
2026-06-02 17:00:00,679.80252,645.0116941144531
2026-06-02 18:00:00,897.80252,873.758878587133
2026-06-02 19:00:00,1079.80252,937.7158286807783
2026-06-02 20:00:00,898.80252,772.7155410011684
2026-06-02 21:00:00,679.80252,637.8813324485745
2026-06-02 22:00:00,664.80252,567.2099488186141
2026-06-02 23:00:00,659.80252,477.75863151857345
2026-06-03 00:00:00,422.63257,396.4102428269329
2026-06-03 01:00:00,477.63257,422.4985189101552
2026-06-03 02:00:00,477.63257,422.09056097975457
2026-06-03 03:00:00,422.63257,422.4848180292898
2026-06-03 04:00:00,422.63257,422.4258156867403
2026-06-03 05:00:00,552.63257,425.1102883857051
2026-06-03 06:00:00,477.63257,424.7365136376516
2026-06-03 07:00:00,422.63257,477.30081919688274
2026-06-03 08:00:00,477.63257,482.7229848882635
2026-06-03 09:00:00,422.63257,440.69864002390034
2026-06-03 10:00:00,477.63257,459.38837292996993
2026-06-03 11:00:00,477.63257,466.4574539901986
2026-06-03 12:00:00,477.63257,456.02655915818457
2026-06-03 13:00:00,552.63257,477.5390409555066
2026-06-03 14:00:00,552.63257,545.4364370157223
2026-06-03 15:00:00,552.63257,634.7474147848519
2026-06-03 16:00:00,667.63257,647.6519332015584
2026-06-03 17:00:00,667.63257,686.9363157622204
2026-06-03 18:00:00,901.63257,842.8259794138007
2026-06-03 19:00:00,1082.63257,950.2095501098347
2026-06-03 20:00:00,901.63257,806.2549190948866
2026-06-03 21:00:00,692.63257,661.0393841091511
2026-06-03 22:00:00,552.63257,612.6475351935808
2026-06-03 23:00:00,477.63257,548.38760582915
2026-06-04 00:00:00,414.08495,413.45301246265774
2026-06-04 01:00:00,414.08495,414.54582272486937
2026-06-04 02:00:00,414.08495,414.01950158735997
2026-06-04 03:00:00,414.08495,413.99528800317455
2026-06-04 04:00:00,414.08495,414.0752683590903
2026-06-04 05:00:00,414.08495,418.36817582539163
2026-06-04 06:00:00,414.08495,414.5699018585408
2026-06-04 07:00:00,414.08495,431.79045214678126
2026-06-04 08:00:00,414.08495,453.7186158352454
2026-06-04 09:00:00,414.08495,431.80953933423484
2026-06-04 10:00:00,414.08495,466.3777909290196
2026-06-04 11:00:00,414.08495,472.1791442975428
2026-06-04 12:00:00,414.08495,463.7229919639616
2026-06-04 13:00:00,414.08495,529.019452820366
2026-06-04 14:00:00,414.08495,553.4019827048066
2026-06-04 15:00:00,483.08495,570.1400820877004
2026-06-04 16:00:00,613.08495,615.4774748756336
2026-06-04 17:00:00,613.08495,598.9255297129769
2026-06-04 18:00:00,902.08495,806.810783768449
2026-06-04 19:00:00,1083.08495,935.6135014264694
2026-06-04 20:00:00,902.08495,818.7598320579411
2026-06-04 21:00:00,693.08495,643.720083964365
2026-06-04 22:00:00,613.08495,538.130180538461
2026-06-04 23:00:00,483.08495,476.42155875541874
2026-06-05 00:00:00,481.29214,428.4326598500194
2026-06-05 01:00:00,481.29214,481.7079363569952
2026-06-05 02:00:00,481.29214,481.25587930204006
2026-06-05 03:00:00,481.29214,481.10653549411046
2026-06-05 04:00:00,512.29214,481.3004433513204
2026-06-05 05:00:00,512.29214,481.23698511879115
2026-06-05 06:00:00,512.29214,480.8902063883322
2026-06-05 07:00:00,512.29214,485.3666263155129
2026-06-05 08:00:00,512.29214,481.80982118579533
2026-06-05 09:00:00,512.29214,477.55280550268185
2026-06-05 10:00:00,512.29214,484.6305386424108
2026-06-05 11:00:00,512.29214,476.4111305707991
2026-06-05 12:00:00,512.29214,479.07389269466944
2026-06-05 13:00:00,666.29214,499.4146496318227
2026-06-05 14:00:00,900.29214,518.3516836671276
2026-06-05 15:00:00,712.29214,561.9788508977988
2026-06-05 16:00:00,712.29214,594.8039786210601
2026-06-05 17:00:00,900.29214,613.9609472833147
2026-06-05 18:00:00,961.29214,823.6867598903998
2026-06-05 19:00:00,961.29214,928.4934285014841
2026-06-05 20:00:00,941.29214,817.2773121863981
2026-06-05 21:00:00,900.29214,679.4112670286056
2026-06-05 22:00:00,691.29214,582.3514060659313
2026-06-05 23:00:00,666.29214,523.0146343318036
2026-06-06 00:00:00,382.8563,479.750259827803
2026-06-06 01:00:00,382.8563,383.3298199921847
2026-06-06 02:00:00,496.8563,383.2342907193537
2026-06-06 03:00:00,496.8563,382.93739704994255
2026-06-06 04:00:00,496.8563,383.47041230281474
2026-06-06 05:00:00,496.8563,383.9418788360058
2026-06-06 06:00:00,496.8563,379.56364749941656
2026-06-06 07:00:00,591.8563,443.846669482157
2026-06-06 08:00:00,591.8563,484.6734047307341
2026-06-06 09:00:00,591.8563,463.13261608746643
2026-06-06 10:00:00,496.8563,480.0778749822329
2026-06-06 11:00:00,591.8563,503.6535880154822
2026-06-06 12:00:00,591.8563,487.23365806022946
2026-06-06 13:00:00,496.8563,568.1922517466497
2026-06-06 14:00:00,591.8563,698.6700175001057
2026-06-06 15:00:00,591.8563,639.0204605119825
2026-06-06 16:00:00,591.8563,627.6133279299136
2026-06-06 17:00:00,666.8563,729.260941009988
2026-06-06 18:00:00,711.8563,850.2658625513925
2026-06-06 19:00:00,721.8563,918.5945739888302
2026-06-06 20:00:00,711.8563,833.6212643993066
2026-06-06 21:00:00,666.8563,784.4838557600991
2026-06-06 22:00:00,711.8563,638.149770556541
2026-06-06 23:00:00,666.8563,529.8086490171253
2026-06-07 00:00:00,416.49967,410.9780105236002
2026-06-07 01:00:00,416.49967,416.31406362316034
2026-06-07 02:00:00,416.49967,416.50752612728166
2026-06-07 03:00:00,416.49967,416.5615377085495
2026-06-07 04:00:00,416.49967,418.7010267311107
2026-06-07 05:00:00,376.49967,420.41576707660505
2026-06-07 06:00:00,376.49967,414.72543977155925
2026-06-07 07:00:00,254.97967,484.71295575674895
2026-06-07 08:00:00,376.49967,521.8631087845544
2026-06-07 09:00:00,201.49967,512.8788125692273
2026-06-07 10:00:00,254.97967,499.0339558845792
2026-06-07 11:00:00,247.68967,562.9663387017345
2026-06-07 12:00:00,296.49967,541.3766421628477
2026-06-07 13:00:00,296.49967,535.7726514449726
2026-06-07 14:00:00,376.49967,605.992785394398
2026-06-07 15:00:00,416.49967,602.3031498103749
2026-06-07 16:00:00,666.49967,612.4259590983836
2026-06-07 17:00:00,671.49967,701.5628470029199
2026-06-07 18:00:00,701.49967,731.6846912808173
2026-06-07 19:00:00,701.49967,737.5370284857313
2026-06-07 20:00:00,701.49967,718.576525340553
2026-06-07 21:00:00,701.49967,689.6493461999851
2026-06-07 22:00:00,671.49967,659.4493317585178
2026-06-07 23:00:00,666.49967,547.5215100001884
2026-06-08 00:00:00,293.68127,431.9427755101559
2026-06-08 01:00:00,293.68127,293.7671632746631
2026-06-08 02:00:00,293.68127,293.5683346176209
2026-06-08 03:00:00,293.68127,295.71151083527155
2026-06-08 04:00:00,293.68127,293.80922281196285
2026-06-08 05:00:00,303.68127,292.6709526906354
2026-06-08 06:00:00,303.68127,301.6981311920344
2026-06-08 07:00:00,293.68127,367.5551801579586
2026-06-08 08:00:00,293.68127,433.5625465551791
2026-06-08 09:00:00,293.68127,342.6911183824683
2026-06-08 10:00:00,293.68127,383.94925807488875
2026-06-08 11:00:00,253.68127,412.3827815653122
2026-06-08 12:00:00,303.68127,405.0374887300167
2026-06-08 13:00:00,363.68127,413.6760215692871
2026-06-08 14:00:00,363.68127,501.8841743319518
2026-06-08 15:00:00,363.68127,555.8677930003486
2026-06-08 16:00:00,652.68127,612.4942180534736
2026-06-08 17:00:00,652.68127,644.142528862338
2026-06-08 18:00:00,703.68127,714.2374419727613
2026-06-08 19:00:00,703.68127,720.7036332156888
2026-06-08 20:00:00,703.68127,651.9322937875559
2026-06-08 21:00:00,668.68127,662.4838469078917
2026-06-08 22:00:00,652.68127,590.7815389042253
2026-06-08 23:00:00,652.68127,487.00957609225236
2026-06-09 00:00:00,205.07529,307.0988789359064
2026-06-09 01:00:00,205.07529,204.767784415959
2026-06-09 02:00:00,205.07529,205.86557175238366
2026-06-09 03:00:00,205.07529,205.23500489069812
2026-06-09 04:00:00,205.07529,205.60918691495328
2026-06-09 05:00:00,245.07529,205.98771322883488
2026-06-09 06:00:00,245.07529,208.29664915333518
2026-06-09 07:00:00,245.07529,310.334400798647
2026-06-09 08:00:00,245.07529,355.6971296191491
2026-06-09 09:00:00,229.55529,301.68245654493023
2026-06-09 10:00:00,245.07529,334.0589826255884
2026-06-09 11:00:00,245.07529,358.80987045480606
2026-06-09 12:00:00,245.07529,344.24336948450775
2026-06-09 13:00:00,245.07529,387.3727992495479
2026-06-09 14:00:00,255.07529,464.0130231142501
2026-06-09 15:00:00,670.07529,498.2111687941991
2026-06-09 16:00:00,673.07529,574.7579190370318
2026-06-09 17:00:00,695.07529,614.9769346662304
2026-06-09 18:00:00,715.07529,682.5749596882061
2026-06-09 19:00:00,1275.07529,708.7594252980409
2026-06-09 20:00:00,1275.07529,628.8412568641202
2026-06-09 21:00:00,1054.07529,623.939587594722
2026-06-09 22:00:00,670.07529,548.9261566065046
2026-06-09 23:00:00,268.10729,434.22107124033596
2026-06-10 00:00:00,176.82348,243.61513475245312
2026-06-10 01:00:00,176.82348,177.3555180829164
2026-06-10 02:00:00,196.82348,176.7583889817713
2026-06-10 03:00:00,196.82348,176.82578359962213
2026-06-10 04:00:00,196.82348,176.8677706369749
2026-06-10 05:00:00,196.82348,178.90371749268493
2026-06-10 06:00:00,196.82348,182.49617006719274
2026-06-10 07:00:00,196.82348,238.18146695102638
2026-06-10 08:00:00,196.82348,282.84354142777
2026-06-10 09:00:00,196.82348,276.88163786320246
2026-06-10 10:00:00,196.82348,318.92445812475245
2026-06-10 11:00:00,196.82348,296.4760439273905
2026-06-10 12:00:00,196.82348,319.62481549041604
2026-06-10 13:00:00,196.82348,357.93249018666273
2026-06-10 14:00:00,196.82348,433.020840434049
2026-06-10 15:00:00,516.82348,597.0550271900863
2026-06-10 16:00:00,546.82348,587.2472677514189
2026-06-10 17:00:00,671.82348,590.4310148213619
2026-06-10 18:00:00,1276.82348,795.9686822740982
2026-06-10 19:00:00,1276.82348,1143.057708237197
2026-06-10 20:00:00,742.02048,973.4234557011655
2026-06-10 21:00:00,742.02048,812.8817269782626
2026-06-10 22:00:00,516.82348,521.1147243153371
2026-06-10 23:00:00,196.82348,328.5649000914554
2026-06-11 00:00:00,138.83873,213.24907710567607
2026-06-11 01:00:00,138.83873,139.36925928009686
2026-06-11 02:00:00,138.83873,138.79676946191452
2026-06-11 03:00:00,138.83873,138.9325057638672
2026-06-11 04:00:00,138.83873,139.20508451459824
2026-06-11 05:00:00,208.83873,140.07178238735136
2026-06-11 06:00:00,148.83873,140.9496450556008
2026-06-11 07:00:00,138.83873,179.84969709364503
2026-06-11 08:00:00,138.83873,203.45608991540826
2026-06-11 09:00:00,118.83873,217.39967735802193
2026-06-11 10:00:00,138.83873,250.87739233005993
2026-06-11 11:00:00,208.83873,227.57826829775559
2026-06-11 12:00:00,208.83873,246.2229617399112
2026-06-11 13:00:00,208.83873,265.43645731878826
2026-06-11 14:00:00,548.83873,320.87340963561144
2026-06-11 15:00:00,548.83873,458.39528855330525
2026-06-11 16:00:00,608.83873,454.82084575426296
2026-06-11 17:00:00,673.83873,541.4652366470848
2026-06-11 18:00:00,1157.83873,857.0593060177815
2026-06-11 19:00:00,1278.83873,874.2397282389252
2026-06-11 20:00:00,1157.83873,680.9271167134174
2026-06-11 21:00:00,743.96573,629.7532638834567
2026-06-11 22:00:00,608.83873,422.726541047923
2026-06-11 23:00:00,233.31873,238.73613689231664
2026-06-12 00:00:00,135.79209,163.73185715092012
2026-06-12 01:00:00,227.79209,135.9467094968759
2026-06-12 02:00:00,135.79209,135.79297282350672
2026-06-12 03:00:00,227.79209,136.24595355828404
2026-06-12 04:00:00,227.79209,135.81644401439735
2026-06-12 05:00:00,307.79209,138.81228898239277
2026-06-12 06:00:00,227.79209,140.46363266981226
2026-06-12 07:00:00,227.79209,197.09462937433693
2026-06-12 08:00:00,227.79209,221.8974531638681
2026-06-12 09:00:00,135.79209,219.07499043050106
2026-06-12 10:00:00,227.79209,248.00146527917042
2026-06-12 11:00:00,227.79209,249.9853458321225
2026-06-12 12:00:00,227.79209,266.0967784144041
2026-06-12 13:00:00,227.79209,314.68391623551634
2026-06-12 14:00:00,515.79209,548.3593350520398
2026-06-12 15:00:00,515.79209,553.8543153551082
2026-06-12 16:00:00,545.79209,531.1795389599612
2026-06-12 17:00:00,670.79209,561.6209620369718
2026-06-12 18:00:00,740.00009,941.5198663153508
2026-06-12 19:00:00,1275.79209,1090.2638247913728
2026-06-12 20:00:00,1204.79209,872.3568210238241
2026-06-12 21:00:00,670.79209,651.5914482264326
2026-06-12 22:00:00,545.79209,459.23146145731175
2026-06-12 23:00:00,505.79209,260.7693651078673
2026-06-13 00:00:00,500.46301,150.1545012178334
2026-06-13 01:00:00,500.46301,500.30426437772485
2026-06-13 02:00:00,490.46301,500.9718391047582
2026-06-13 03:00:00,490.46301,500.26707731379463
2026-06-13 04:00:00,490.46301,502.2778386133439
2026-06-13 05:00:00,490.46301,506.1301594711456
2026-06-13 06:00:00,440.46301,509.69079444658144
2026-06-13 07:00:00,349.46301,511.12729376086895
2026-06-13 08:00:00,349.46301,479.3665223856266
2026-06-13 09:00:00,222.46301,399.3811534890142
2026-06-13 10:00:00,332.92001,398.7239117458087
2026-06-13 11:00:00,349.46301,401.4148136559056
2026-06-13 12:00:00,349.46301,399.40313584280517
2026-06-13 13:00:00,440.46301,407.3900309421511
2026-06-13 14:00:00,440.46301,569.6904476440347
2026-06-13 15:00:00,502.46301,577.0021239191353
2026-06-13 16:00:00,550.46301,562.1914325241844
2026-06-13 17:00:00,550.46301,665.1529466904167
2026-06-13 18:00:00,1249.46301,835.5422411684187
2026-06-13 19:00:00,1249.46301,1145.4437569207723
2026-06-13 20:00:00,665.46301,1029.1286454570318
2026-06-13 21:00:00,1270.46301,681.2434609741645
2026-06-13 22:00:00,665.46301,594.5208457491306
2026-06-13 23:00:00,550.46301,527.4214662913009
2026-06-14 00:00:00,501.97868,440.95134661611485
2026-06-14 01:00:00,501.97868,503.2269123546722
2026-06-14 02:00:00,501.97868,502.05531595736284
2026-06-14 03:00:00,501.97868,502.886013415888
2026-06-14 04:00:00,441.97868,501.7001327474263
2026-06-14 05:00:00,441.97868,501.45648072683343
2026-06-14 06:00:00,226.97868,504.8835610780285
2026-06-14 07:00:00,226.97868,487.79644416458825
2026-06-14 08:00:00,223.97868,502.6143378396662
2026-06-14 09:00:00,222.47868,380.3808644424281
2026-06-14 10:00:00,223.97868,437.55784902514966
2026-06-14 11:00:00,223.97868,426.1153639471861
2026-06-14 12:00:00,223.97868,429.023417794088
2026-06-14 13:00:00,223.97868,494.539867216301
2026-06-14 14:00:00,226.97868,557.3941293804999
2026-06-14 15:00:00,501.97868,594.2377066841526
2026-06-14 16:00:00,503.47868,629.2517291491656
2026-06-14 17:00:00,503.47868,660.0634921493438
2026-06-14 18:00:00,503.97868,909.6765130926776
2026-06-14 19:00:00,600.97868,901.4386243510464
2026-06-14 20:00:00,503.97868,730.1090449401327
2026-06-14 21:00:00,600.97868,997.4809061243441
2026-06-14 22:00:00,552.97868,655.3515640885537
2026-06-14 23:00:00,503.97868,587.6582312319431
2026-06-15 00:00:00,340.96241,462.3200461160326
2026-06-15 01:00:00,340.96241,341.5743264792137
2026-06-15 02:00:00,340.96241,340.67891480613525
2026-06-15 03:00:00,340.96241,339.56097590442005
2026-06-15 04:00:00,340.96241,340.2243382463561
2026-06-15 05:00:00,340.96241,338.86406921579425
2026-06-15 06:00:00,338.16241,342.554059940578
2026-06-15 07:00:00,227.46241,371.6239779452652
2026-06-15 08:00:00,227.46241,384.3583050112559
2026-06-15 09:00:00,227.46241,332.497673176327
2026-06-15 10:00:00,243.94241,350.52953190592973
2026-06-15 11:00:00,338.16241,319.4819988858549
2026-06-15 12:00:00,338.16241,328.3181542209622
2026-06-15 13:00:00,338.16241,372.2604533668504
2026-06-15 14:00:00,340.96241,399.6761554936184
2026-06-15 15:00:00,340.96241,518.5651307743669
2026-06-15 16:00:00,494.46241,532.6419973094975
2026-06-15 17:00:00,505.46241,561.0148667439281
2026-06-15 18:00:00,506.46241,592.035392337345
2026-06-15 19:00:00,505.46241,639.9997988600094
2026-06-15 20:00:00,505.46241,548.1267988904045
2026-06-15 21:00:00,494.46241,638.2504173477745
2026-06-15 22:00:00,340.96241,533.5652669322724
2026-06-15 23:00:00,340.96241,457.44237681813615
2026-06-16 00:00:00,246.4869,358.57592465241635
2026-06-16 01:00:00,246.4869,246.9147365644403
2026-06-16 02:00:00,233.0069,246.0914741914676
2026-06-16 03:00:00,258.0069,245.89399495321197
2026-06-16 04:00:00,269.0069,246.48273833427317
2026-06-16 05:00:00,269.0069,246.29419606417653
2026-06-16 06:00:00,269.0069,250.83025067323624
2026-06-16 07:00:00,269.0069,270.9939969670364
2026-06-16 08:00:00,269.0069,280.99457750717147
2026-06-16 09:00:00,258.0069,252.07295785100837
2026-06-16 10:00:00,269.0069,268.7271692113838
2026-06-16 11:00:00,269.0069,308.07423368826034
2026-06-16 12:00:00,269.0069,297.1575493802469
2026-06-16 13:00:00,269.0069,300.9299722353784
2026-06-16 14:00:00,458.0069,323.2823285963439
2026-06-16 15:00:00,508.0069,390.2618608121423
2026-06-16 16:00:00,559.0069,440.04838147752656
2026-06-16 17:00:00,673.0069,458.01296734344925
2026-06-16 18:00:00,1256.0069,511.07328633715684
2026-06-16 19:00:00,1257.0069,565.6620301120495
2026-06-16 20:00:00,1257.0069,540.3174275894695
2026-06-16 21:00:00,1256.0069,482.2565033391386
2026-06-16 22:00:00,509.0069,382.45972685525305
2026-06-16 23:00:00,508.0059,308.72336065415783
2026-06-17 00:00:00,271.7723,283.3299594329453
2026-06-17 01:00:00,271.7723,273.6093035730682
2026-06-17 02:00:00,271.7723,271.6387074116115
2026-06-17 03:00:00,271.7723,271.84376242498956
2026-06-17 04:00:00,271.7723,271.9220554197008
2026-06-17 05:00:00,310.7723,272.7079551940102
2026-06-17 06:00:00,310.7723,273.97444526164605
2026-06-17 07:00:00,271.7723,326.4568383915585
2026-06-17 08:00:00,271.7723,335.34647731826857
2026-06-17 09:00:00,271.7723,297.1307919365028
2026-06-17 10:00:00,271.7723,316.59759633158717
2026-06-17 11:00:00,271.7723,335.2112011254617
2026-06-17 12:00:00,271.7723,322.6942170702277
2026-06-17 13:00:00,310.7723,333.92935685020626
2026-06-17 14:00:00,510.7713,447.2792452879962
2026-06-17 15:00:00,510.7723,521.8979922658141
2026-06-17 16:00:00,675.7723,533.4521699482752
2026-06-17 17:00:00,675.7723,608.365421521049
2026-06-17 18:00:00,680.7723,1030.3955901569102
2026-06-17 19:00:00,1258.7723,1141.7706089306953
2026-06-17 20:00:00,675.7723,1019.288788599458
2026-06-17 21:00:00,511.7723,925.4290137519756
2026-06-17 22:00:00,510.7723,486.88643340032985
2026-06-17 23:00:00,510.7713,422.90237828641466
2026-06-18 00:00:00,341.70205,302.4603427945592
2026-06-18 01:00:00,341.70205,342.20387394181887
2026-06-18 02:00:00,341.70205,341.91167868481216
2026-06-18 03:00:00,341.70205,342.08147793567696
2026-06-18 04:00:00,341.70205,341.6908794627785
2026-06-18 05:00:00,341.70205,343.08704004944855
2026-06-18 06:00:00,341.70205,343.1106544699121
2026-06-18 07:00:00,341.70205,365.50116261280704
2026-06-18 08:00:00,341.70205,365.36170058200327
2026-06-18 09:00:00,341.70205,327.14855180576296
2026-06-18 10:00:00,341.70205,346.69670522774356
2026-06-18 11:00:00,341.70205,360.29894071710686
2026-06-18 12:00:00,341.70205,350.6338479720649
2026-06-18 13:00:00,341.70205,379.7080575555625
2026-06-18 14:00:00,355.70205,542.7536014285686
2026-06-18 15:00:00,436.70205,540.5175722409438
2026-06-18 16:00:00,456.70205,586.6793124880614
2026-06-18 17:00:00,456.70205,613.1779384326172
2026-06-18 18:00:00,676.70205,732.6746676132293
2026-06-18 19:00:00,1254.70205,891.1472409652555
2026-06-18 20:00:00,671.70205,719.6913275049376
2026-06-18 21:00:00,456.70205,576.5043481837226
2026-06-18 22:00:00,426.70205,516.8595550832995
2026-06-18 23:00:00,341.70205,432.8583643837538
2026-06-19 00:00:00,304.76006,330.63041170108016
2026-06-19 01:00:00,423.76006,304.82866181885544
2026-06-19 02:00:00,423.76006,304.6880753444231
2026-06-19 03:00:00,339.76006,304.7322605582106
2026-06-19 04:00:00,423.76006,304.8168455453961
2026-06-19 05:00:00,431.76006,304.76468694319055
2026-06-19 06:00:00,431.76006,309.22997117145894
2026-06-19 07:00:00,431.76006,327.988344880341
2026-06-19 08:00:00,304.76006,330.96983332807287
2026-06-19 09:00:00,304.76006,312.57991410266885
2026-06-19 10:00:00,304.76006,356.0861768098101
2026-06-19 11:00:00,339.76006,357.3401661610895
2026-06-19 12:00:00,339.76006,349.43381712764756
2026-06-19 13:00:00,431.76006,365.69027388606145
2026-06-19 14:00:00,431.76006,436.4623555929783
2026-06-19 15:00:00,668.76006,461.61874032542033
2026-06-19 16:00:00,668.76006,456.5026248350534
2026-06-19 17:00:00,670.76006,458.35424594466014
2026-06-19 18:00:00,673.76006,657.5274682243435
2026-06-19 19:00:00,1252.76006,870.1261484710005
2026-06-19 20:00:00,673.76006,630.0657927251734
2026-06-19 21:00:00,670.76006,467.26902486444754
2026-06-19 22:00:00,670.76006,418.4130971228389
2026-06-19 23:00:00,431.76006,347.31759352031935
2026-06-20 00:00:00,452.51934,323.18669995164623
2026-06-20 01:00:00,352.51934,452.3669917765852
2026-06-20 02:00:00,452.51934,452.5931539864505
2026-06-20 03:00:00,452.51934,452.3265275695682
2026-06-20 04:00:00,452.51934,454.78604276854605
2026-06-20 05:00:00,452.51934,456.9019016103832
2026-06-20 06:00:00,352.51934,452.24894702695417
2026-06-20 07:00:00,352.51934,450.1058796649586
2026-06-20 08:00:00,352.51934,414.6902912400767
2026-06-20 09:00:00,352.51934,384.4689324599439
2026-06-20 10:00:00,352.51934,406.892746979941
2026-06-20 11:00:00,352.51934,405.4487491932632
2026-06-20 12:00:00,352.51934,415.3234500522212
2026-06-20 13:00:00,352.51934,488.7627722349924
2026-06-20 14:00:00,352.51934,529.7344879294926
2026-06-20 15:00:00,452.51934,634.2127820083745
2026-06-20 16:00:00,667.51934,610.6155304706009
2026-06-20 17:00:00,668.31934,621.074281642773
2026-06-20 18:00:00,669.51934,699.591971780708
2026-06-20 19:00:00,669.51934,884.5552139924284
2026-06-20 20:00:00,669.51934,620.4395152919307
2026-06-20 21:00:00,669.51934,665.0516321247482
2026-06-20 22:00:00,668.31934,559.8588856833479
2026-06-20 23:00:00,667.51934,493.48616042882816
2026-06-21 00:00:00,451.97153,437.2674143377006
2026-06-21 01:00:00,351.97153,451.83184049293754
2026-06-21 02:00:00,351.97153,451.9740449179486
2026-06-21 03:00:00,351.97153,452.3514874498175
2026-06-21 04:00:00,351.97153,451.9652895782426
2026-06-21 05:00:00,351.97153,452.01011606491477
2026-06-21 06:00:00,351.97153,437.3683196689826
2026-06-21 07:00:00,336.97153,448.05931781850916
2026-06-21 08:00:00,336.97153,450.5543533110141
2026-06-21 09:00:00,301.97153,405.2187597899246
2026-06-21 10:00:00,301.97153,408.53407599918734
2026-06-21 11:00:00,301.97153,414.94654224109615
2026-06-21 12:00:00,301.97153,406.57634490297016
2026-06-21 13:00:00,336.97153,436.1793420583904
2026-06-21 14:00:00,336.97153,472.2402466296045
2026-06-21 15:00:00,351.97153,561.5206932033238
2026-06-21 16:00:00,351.97153,612.5747942241339
2026-06-21 17:00:00,487.47053,669.5573196452824
2026-06-21 18:00:00,666.97153,656.6677116003168
2026-06-21 19:00:00,667.77153,723.0777173414414
2026-06-21 20:00:00,667.77153,648.4591601864936
2026-06-21 21:00:00,667.77153,659.0925310300667
2026-06-21 22:00:00,550.97153,635.7022405833873
2026-06-21 23:00:00,550.97153,565.206371462056
2026-06-22 00:00:00,450.6114,429.6643738011391
2026-06-22 01:00:00,450.6114,451.49881505874396
2026-06-22 02:00:00,450.6114,451.47422378650873
2026-06-22 03:00:00,450.6114,449.9147189104742
2026-06-22 04:00:00,451.6114,449.2068912884482
2026-06-22 05:00:00,451.6114,447.21382699926016
2026-06-22 06:00:00,451.6114,451.47991936132576
2026-06-22 07:00:00,450.6114,447.06145222407076
2026-06-22 08:00:00,450.6114,443.259103969548
2026-06-22 09:00:00,450.6114,397.6059684605409
2026-06-22 10:00:00,451.6114,397.84650775086595
2026-06-22 11:00:00,550.6114,398.537717795471
2026-06-22 12:00:00,550.6114,397.48003008665256
2026-06-22 13:00:00,650.6114,429.8705551342566
2026-06-22 14:00:00,665.6114,451.7141587540031
2026-06-22 15:00:00,666.6114,478.35187967220764
2026-06-22 16:00:00,666.6114,493.3244961017631
2026-06-22 17:00:00,667.6114,579.3471005691159
2026-06-22 18:00:00,1248.6114,669.0080634712706
2026-06-22 19:00:00,1270.6114,696.0517194073548
2026-06-22 20:00:00,1249.6114,663.8572824467365
2026-06-22 21:00:00,712.9964,634.5386231667906
2026-06-22 22:00:00,666.6114,570.3287185073341
2026-06-22 23:00:00,666.6114,522.7691794983409
2026-06-23 00:00:00,661.21518,445.7224642044762
2026-06-23 01:00:00,666.21518,661.2878128884116
2026-06-23 02:00:00,666.21518,661.3785621152979
2026-06-23 03:00:00,666.21518,658.5081346132437
2026-06-23 04:00:00,666.21518,661.2521467153368
2026-06-23 05:00:00,666.41518,660.9008145579337
2026-06-23 06:00:00,666.21518,661.4005063953934
2026-06-23 07:00:00,666.21518,642.0767270319171
2026-06-23 08:00:00,666.21518,618.5588416728285
2026-06-23 09:00:00,661.21518,574.0997511121985
2026-06-23 10:00:00,666.21518,564.4623438898982
2026-06-23 11:00:00,666.41518,606.6979226002848
2026-06-23 12:00:00,666.21518,589.7130342315843
2026-06-23 13:00:00,667.21518,646.5607594241014
2026-06-23 14:00:00,667.21518,698.1537687639477
2026-06-23 15:00:00,667.21518,712.2843607273703
2026-06-23 16:00:00,668.71518,726.648512560587
2026-06-23 17:00:00,668.71518,749.1617363305799
2026-06-23 18:00:00,672.21518,1100.2977594500214
2026-06-23 19:00:00,711.58518,1211.1212032207357
2026-06-23 20:00:00,672.21518,1088.969328616263
2026-06-23 21:00:00,668.71518,745.7224638482282
2026-06-23 22:00:00,667.21518,701.3633573332258
2026-06-23 23:00:00,667.21518,687.3529615251991
2026-06-24 00:00:00,451.52262,631.8305018804534
2026-06-24 01:00:00,473.52262,451.99121807527115
2026-06-24 02:00:00,651.52262,450.6199665709794
2026-06-24 03:00:00,651.52262,451.57845203771325
2026-06-24 04:00:00,666.52262,451.1870200496161
2026-06-24 05:00:00,666.52262,451.6210448064097
2026-06-24 06:00:00,666.52262,452.98202951402516
2026-06-24 07:00:00,651.52262,512.8019976492994
2026-06-24 08:00:00,666.52262,552.1837081858565
2026-06-24 09:00:00,666.52262,544.1702557141158
2026-06-24 10:00:00,666.52262,571.433447921476
2026-06-24 11:00:00,666.72262,608.6145279687464
2026-06-24 12:00:00,666.72262,584.7247646730731
2026-06-24 13:00:00,666.72262,614.1809791689575
2026-06-24 14:00:00,671.52262,659.112649118954
2026-06-24 15:00:00,701.52262,655.425189026631
2026-06-24 16:00:00,701.52262,684.1894148744058
2026-06-24 17:00:00,701.52262,658.8816133904177
2026-06-24 18:00:00,713.97062,727.7371129014186
2026-06-24 19:00:00,1271.52262,773.0349396780135
2026-06-24 20:00:00,1271.52262,733.2733106631545
2026-06-24 21:00:00,713.97062,674.4077829063759
2026-06-24 22:00:00,701.52262,653.2463257608529
2026-06-24 23:00:00,701.52262,550.3894870588559
2026-06-25 00:00:00,662.90216,481.52412685022904
2026-06-25 01:00:00,662.70216,663.053686537994
2026-06-25 02:00:00,662.70216,662.9925807410966
2026-06-25 03:00:00,662.90216,662.7911096849897
2026-06-25 04:00:00,662.90216,667.0253457550559
2026-06-25 05:00:00,666.70216,669.8260743848641
2026-06-25 06:00:00,662.70216,666.0280729701107
2026-06-25 07:00:00,662.70216,680.1271663919547
2026-06-25 08:00:00,652.70216,683.3274827942465
2026-06-25 09:00:00,652.70216,676.1426251592436
2026-06-25 10:00:00,662.90216,673.6104283358889
2026-06-25 11:00:00,662.90216,684.1259423633201
2026-06-25 12:00:00,662.90216,672.3257541509537
2026-06-25 13:00:00,663.16616,684.2653673100663
2026-06-25 14:00:00,669.70216,689.3530386792784
2026-06-25 15:00:00,677.70216,730.7312073196364
2026-06-25 16:00:00,697.70216,727.1599231559562
2026-06-25 17:00:00,701.41616,751.9222242579824
2026-06-25 18:00:00,707.70216,863.3204074751986
2026-06-25 19:00:00,1246.70216,1196.3017765019076
2026-06-25 20:00:00,1245.70216,1087.7431934756646
2026-06-25 21:00:00,707.70216,743.9871312413175
2026-06-25 22:00:00,697.70216,738.7477146922005
2026-06-25 23:00:00,697.70216,684.53260768086
2026-06-26 00:00:00,669.473,655.5863778371287
2026-06-26 01:00:00,669.473,669.9081462617987
2026-06-26 02:00:00,669.473,669.4949235180245
2026-06-26 03:00:00,669.473,673.8842594367186
2026-06-26 04:00:00,669.473,669.4580794801971
2026-06-26 05:00:00,669.473,669.2640660374857
2026-06-26 06:00:00,669.473,674.6591715072091
2026-06-26 07:00:00,669.473,685.4696933759794
2026-06-26 08:00:00,669.473,671.0822576223597
2026-06-26 09:00:00,669.473,669.7558252142433
2026-06-26 10:00:00,669.473,678.0957751224973
2026-06-26 11:00:00,669.473,693.4390008192438
2026-06-26 12:00:00,669.473,684.4551404868125
2026-06-26 13:00:00,669.473,695.9573431404215
2026-06-26 14:00:00,691.334,710.3982001442723
2026-06-26 15:00:00,695.473,741.1711291081515
2026-06-26 16:00:00,697.473,755.4013601010627
2026-06-26 17:00:00,707.473,752.8456721195164
2026-06-26 18:00:00,712.473,865.8944214796547
2026-06-26 19:00:00,1246.473,1203.9080141108777
2026-06-26 20:00:00,712.473,1132.752065621828
2026-06-26 21:00:00,712.473,742.603496962895
2026-06-26 22:00:00,707.473,733.7116645925885
2026-06-26 23:00:00,697.473,689.8407491427595
2026-06-27 00:00:00,709.58972,656.0573289173726
2026-06-27 01:00:00,697.58972,710.6111488288393
2026-06-27 02:00:00,697.58972,711.1372173003181
2026-06-27 03:00:00,693.58972,709.4145580438053
2026-06-27 04:00:00,693.58972,710.4768500250982
2026-06-27 05:00:00,693.58972,709.3730911484029
2026-06-27 06:00:00,693.58972,701.9364602127428
2026-06-27 07:00:00,687.58972,686.6001627390588
2026-06-27 08:00:00,687.58972,683.2212837146812
2026-06-27 09:00:00,682.58972,680.0625415356726
2026-06-27 10:00:00,687.58972,668.3846060927598
2026-06-27 11:00:00,691.20372,682.3853098778139
2026-06-27 12:00:00,691.20372,677.7011396186385
2026-06-27 13:00:00,691.20372,686.2393555466175
2026-06-27 14:00:00,692.58972,691.4853953737834
2026-06-27 15:00:00,693.58972,711.3537759018584
2026-06-27 16:00:00,697.58972,739.4682753578901
2026-06-27 17:00:00,709.58972,719.5562823646497
2026-06-27 18:00:00,712.58972,743.0494816943112
2026-06-27 19:00:00,712.58972,911.1822440209888
2026-06-27 20:00:00,712.58972,816.1269077517436
2026-06-27 21:00:00,712.58972,737.2246002746369
2026-06-27 22:00:00,712.58972,739.0614147522673
2026-06-27 23:00:00,709.58972,710.9715012269567
2026-06-28 00:00:00,727.38783,707.5914436304341
2026-06-28 01:00:00,717.38783,727.6844023579965
2026-06-28 02:00:00,717.38783,727.4268601899196
2026-06-28 03:00:00,717.38783,726.890426911997
2026-06-28 04:00:00,717.38783,727.1142578863377
2026-06-28 05:00:00,706.38783,726.4217842789094
2026-06-28 06:00:00,692.38783,720.5781100176367
2026-06-28 07:00:00,690.97283,695.6243055782588
2026-06-28 08:00:00,682.38783,696.5406695934571
2026-06-28 09:00:00,682.38783,686.7244660084701
2026-06-28 10:00:00,682.38783,679.5073044912085
2026-06-28 11:00:00,682.38783,692.4416214796443
2026-06-28 12:00:00,692.38783,686.6855626262316
2026-06-28 13:00:00,692.38783,693.0324534876937
2026-06-28 14:00:00,692.38783,696.1096345111375
2026-06-28 15:00:00,692.38783,694.2308565872338
2026-06-28 16:00:00,706.38783,700.8308796158806
2026-06-28 17:00:00,727.38783,747.0647443343726
2026-06-28 18:00:00,750.03883,768.2932303606149
2026-06-28 19:00:00,802.38783,782.2112859970293
2026-06-28 20:00:00,802.38783,759.6939683611931
2026-06-28 21:00:00,802.38783,737.8670205014223
2026-06-28 22:00:00,750.03883,740.651094064696
2026-06-28 23:00:00,750.03883,723.5072997418671
2026-06-29 00:00:00,747.35582,722.5669000861587
2026-06-29 01:00:00,747.35582,748.3143514333699
2026-06-29 02:00:00,747.35582,747.2801832588718
2026-06-29 03:00:00,747.35582,746.572300950262
2026-06-29 04:00:00,747.35582,747.1224376837238
2026-06-29 05:00:00,747.35582,746.4061962449716
2026-06-29 06:00:00,706.35582,746.031705519059
2026-06-29 07:00:00,705.35582,734.121688487659
2026-06-29 08:00:00,705.35582,726.1340086486991
2026-06-29 09:00:00,705.35582,714.9439712273554
2026-06-29 10:00:00,705.35582,723.3527030504501
2026-06-29 11:00:00,709.35582,739.3991722070659
2026-06-29 12:00:00,709.35582,735.5996201024091
2026-06-29 13:00:00,709.35582,751.286529166731
2026-06-29 14:00:00,709.35582,759.3271257714716
2026-06-29 15:00:00,727.35582,754.8515451638856
2026-06-29 16:00:00,747.35582,760.5550351687066
2026-06-29 17:00:00,767.35582,767.9086600627329
2026-06-29 18:00:00,777.35582,825.3965427416529
2026-06-29 19:00:00,811.30782,842.6460550216927
2026-06-29 20:00:00,811.30782,846.4031599257416
2026-06-29 21:00:00,811.30782,794.3706826107182
2026-06-29 22:00:00,777.35582,775.0356563846263
2026-06-29 23:00:00,767.35582,755.6603181350035
2026-06-30 00:00:00,792.29531,750.4325826264687
2026-06-30 01:00:00,792.29531,792.7901124376408
2026-06-30 02:00:00,797.29531,792.1965469981476
2026-06-30 03:00:00,784.67031,791.5630298963079
2026-06-30 04:00:00,792.29531,792.2233562107074
2026-06-30 05:00:00,792.29531,792.1178542446813
2026-06-30 06:00:00,792.29531,791.4986565280599
2026-06-30 07:00:00,706.29531,782.7567118511487
2026-06-30 08:00:00,706.29531,778.5166375858812
2026-06-30 09:00:00,706.29531,767.6487598909223
2026-06-30 10:00:00,792.29531,753.1706998830346
2026-06-30 11:00:00,802.29531,747.8346851489941
2026-06-30 12:00:00,802.29531,750.3548661352844
2026-06-30 13:00:00,802.29531,752.2944478695409
2026-06-30 14:00:00,817.29531,759.2169397724808
2026-06-30 15:00:00,827.29531,773.5484423256207
2026-06-30 16:00:00,847.29531,784.3266123854713
2026-06-30 17:00:00,847.29531,796.6217236599214
2026-06-30 18:00:00,897.79531,796.2294761735628
2026-06-30 19:00:00,911.29531,845.4705529809728
2026-06-30 20:00:00,911.29531,854.0415238658173
2026-06-30 21:00:00,847.29531,818.5409868083932
2026-06-30 22:00:00,847.29531,799.5014029146057
2026-06-30 23:00:00,827.29531,791.7350913285297
2026-07-01 00:00:00,812.1992,775.7532620303791
2026-07-01 01:00:00,812.1992,812.8889559327239
2026-07-01 02:00:00,812.1992,812.0335158255673
2026-07-01 03:00:00,812.1992,811.5725734593772
2026-07-01 04:00:00,812.1992,812.1142672363528
2026-07-01 05:00:00,812.1992,812.0560071732481
2026-07-01 06:00:00,792.1992,824.2961849414003
2026-07-01 07:00:00,792.1992,832.1794616933355
2026-07-01 08:00:00,787.1992,830.3113200139516
2026-07-01 09:00:00,787.1992,807.4055809128207
2026-07-01 10:00:00,792.1992,841.6424156997274
2026-07-01 11:00:00,812.1992,843.131930414715
2026-07-01 12:00:00,792.1992,839.0821891042797
2026-07-01 13:00:00,792.1992,842.5227338747853
2026-07-01 14:00:00,792.1992,862.7090140962014
2026-07-01 15:00:00,812.1992,865.4612373721277
2026-07-01 16:00:00,812.1992,873.366422561674
2026-07-01 17:00:00,892.6992,865.1003470770584
2026-07-01 18:00:00,906.1992,905.9464772558126
2026-07-01 19:00:00,892.6992,953.432988333521
2026-07-01 20:00:00,906.1992,936.9607535079549
2026-07-01 21:00:00,892.6992,861.1348733174054
2026-07-01 22:00:00,812.1992,854.5162866657392
2026-07-01 23:00:00,812.1992,826.9973427301697
2026-07-02 00:00:00,792.59321,810.6868085736612
2026-07-02 01:00:00,792.59321,793.0123464546324
2026-07-02 02:00:00,782.59321,792.4784986548809
2026-07-02 03:00:00,782.59321,792.0392863123723
2026-07-02 04:00:00,782.59321,792.5678931631223
2026-07-02 05:00:00,782.59321,792.4260615953499
2026-07-02 06:00:00,782.59321,791.4009046808866
2026-07-02 07:00:00,782.59321,796.3835462074121
2026-07-02 08:00:00,774.46621,795.7182663262299
2026-07-02 09:00:00,782.59321,788.4891857003227
2026-07-02 10:00:00,782.59321,798.0330530685326
2026-07-02 11:00:00,782.59321,796.9950578994418
2026-07-02 12:00:00,782.59321,797.9048528664855
2026-07-02 13:00:00,782.59321,800.2572489410818
2026-07-02 14:00:00,792.59321,804.4196069894492
2026-07-02 15:00:00,792.59321,813.8409159785326
2026-07-02 16:00:00,892.59321,816.4678720138236
2026-07-02 17:00:00,892.59321,849.292636003431
2026-07-02 18:00:00,892.59321,879.5247707572059
2026-07-02 19:00:00,893.09321,921.1274863087767
2026-07-02 20:00:00,893.09321,899.0819215411098
2026-07-02 21:00:00,892.59321,865.9136117277569
2026-07-02 22:00:00,892.59321,822.2841954267917
2026-07-02 23:00:00,792.59321,810.4952047166803
2026-07-03 00:00:00,792.40976,799.6454613926861
2026-07-03 01:00:00,761.05376,792.8975871942193
2026-07-03 02:00:00,752.40976,792.3224867940489
2026-07-03 03:00:00,752.40976,792.0405477903455
2026-07-03 04:00:00,752.40976,792.1996951813114
2026-07-03 05:00:00,761.05376,792.0467564596308
2026-07-03 06:00:00,792.40976,791.2212428227954
2026-07-03 07:00:00,752.40976,799.181361170916
2026-07-03 08:00:00,752.40976,799.2398213127697
2026-07-03 09:00:00,752.40976,805.13584839266
2026-07-03 10:00:00,752.40976,811.634522995299
2026-07-03 11:00:00,792.40976,806.1433028260683
2026-07-03 12:00:00,752.40976,810.370023413775
2026-07-03 13:00:00,752.40976,814.9762186958603
2026-07-03 14:00:00,792.40976,839.0740111178031
2026-07-03 15:00:00,877.40976,840.8601257175349
2026-07-03 16:00:00,877.40976,868.9831868418912
2026-07-03 17:00:00,877.40976,873.1289001137343
2026-07-03 18:00:00,882.40976,887.6362081082704
2026-07-03 19:00:00,892.90976,909.8045185402277
2026-07-03 20:00:00,892.90976,876.8265787135007
2026-07-03 21:00:00,877.40976,889.2573306439444
2026-07-03 22:00:00,822.40976,856.9978130596929
2026-07-03 23:00:00,822.40976,816.6797940059555
2026-07-04 00:00:00,754.09592,800.4628450959679
2026-07-04 01:00:00,752.33192,754.4835231805098
2026-07-04 02:00:00,747.33192,753.9543143387461
2026-07-04 03:00:00,747.33192,753.4952226337322
2026-07-04 04:00:00,747.33192,753.3037142385747
2026-07-04 05:00:00,747.33192,753.0110619236523
2026-07-04 06:00:00,747.33192,752.9960893310076
2026-07-04 07:00:00,742.33192,763.3078062583277
2026-07-04 08:00:00,742.33192,769.3935325713417
2026-07-04 09:00:00,742.33192,762.0399060703404
2026-07-04 10:00:00,742.33192,764.9254640011457
2026-07-04 11:00:00,742.33192,760.8667146633866
2026-07-04 12:00:00,742.33192,767.0667894488147
2026-07-04 13:00:00,742.33192,767.6464578307612
2026-07-04 14:00:00,742.33192,794.6793853140496
2026-07-04 15:00:00,747.33192,823.1237151581687
2026-07-04 16:00:00,752.33192,816.2969961362874
2026-07-04 17:00:00,792.33192,835.3723366400609
2026-07-04 18:00:00,802.33192,858.3988065642211
2026-07-04 19:00:00,892.83192,875.7746100336615
2026-07-04 20:00:00,892.83192,864.0344044992513
2026-07-04 21:00:00,802.33192,854.422148255873
2026-07-04 22:00:00,792.33192,819.4033111490246
2026-07-04 23:00:00,792.33192,789.5912915615152
2026-07-05 00:00:00,744.81769,763.1033342016818
2026-07-05 01:00:00,744.81769,744.953210624556
2026-07-05 02:00:00,742.31769,744.6380966233123
2026-07-05 03:00:00,742.31769,743.6214922190039
2026-07-05 04:00:00,744.81769,744.6171690251887
2026-07-05 05:00:00,744.81769,744.5713739082364
2026-07-05 06:00:00,737.81769,742.1916589613053
2026-07-05 07:00:00,701.81769,748.1846609039535
2026-07-05 08:00:00,332.81769,747.5413756182579
2026-07-05 09:00:00,332.81769,743.8870651733841
2026-07-05 10:00:00,332.81769,745.2099129602657
2026-07-05 11:00:00,332.81769,751.7750197266921
2026-07-05 12:00:00,692.81769,749.7216076657924
2026-07-05 13:00:00,701.81769,750.0736728688435
2026-07-05 14:00:00,737.81769,759.8287921205838
2026-07-05 15:00:00,737.81769,761.0579408452113
2026-07-05 16:00:00,742.31769,765.219352717844
2026-07-05 17:00:00,755.31769,791.8694546446643
2026-07-05 18:00:00,798.31769,820.3090820549967
2026-07-05 19:00:00,872.81769,875.1046760021495
2026-07-05 20:00:00,872.81769,864.1432974611043
2026-07-05 21:00:00,798.31769,804.7813149017617
2026-07-05 22:00:00,798.31769,793.8606382604383
2026-07-05 23:00:00,755.31769,771.8724177793645
2026-07-06 00:00:00,742.51853,751.7447097673758
2026-07-06 01:00:00,742.51853,743.1601346673369
2026-07-06 02:00:00,702.22553,741.9641932013192
2026-07-06 03:00:00,702.22553,740.4454548321208
2026-07-06 04:00:00,702.22553,742.2149898051325
2026-07-06 05:00:00,744.22553,742.5150042631894
2026-07-06 06:00:00,742.51853,748.7002042680338
2026-07-06 07:00:00,702.22553,755.0505501220741
2026-07-06 08:00:00,701.22553,671.6153556899719
2026-07-06 09:00:00,701.22553,612.6371469559094
2026-07-06 10:00:00,702.22553,616.5226225532895
2026-07-06 11:00:00,744.22553,785.9518680466922
2026-07-06 12:00:00,742.51853,730.6578116705064
2026-07-06 13:00:00,744.22553,735.4069899491843
2026-07-06 14:00:00,747.72553,762.6190191982039
2026-07-06 15:00:00,747.72553,764.5080624482537
2026-07-06 16:00:00,887.22553,764.9582618729592
2026-07-06 17:00:00,892.22553,778.777316568923
2026-07-06 18:00:00,892.22553,814.0501739774238
2026-07-06 19:00:00,982.22553,868.7451454796856
2026-07-06 20:00:00,1062.22553,850.193555135851
2026-07-06 21:00:00,1062.22553,798.4043566592628
2026-07-06 22:00:00,892.22553,784.061202558433
2026-07-06 23:00:00,887.22553,762.3859675724989
2026-07-07 00:00:00,702.205,714.3437483391049
2026-07-07 01:00:00,701.705,702.3963208606907
2026-07-07 02:00:00,701.705,702.0198942709823
2026-07-07 03:00:00,701.705,701.8866277622838
2026-07-07 04:00:00,701.705,701.3930933352588
2026-07-07 05:00:00,701.705,702.4521209154293
2026-07-07 06:00:00,701.705,703.2524716304026
2026-07-07 07:00:00,701.705,729.1381387703632
2026-07-07 08:00:00,701.205,742.0409528456969
2026-07-07 09:00:00,701.205,691.0892347951105
2026-07-07 10:00:00,701.705,711.629557736858
2026-07-07 11:00:00,701.705,736.6078316713297
2026-07-07 12:00:00,701.705,759.2609258973966
2026-07-07 13:00:00,701.705,769.1441482554153
2026-07-07 14:00:00,701.705,804.234364378775
2026-07-07 15:00:00,701.705,806.2899962255146
2026-07-07 16:00:00,702.205,850.0900060017201
2026-07-07 17:00:00,742.205,869.7452861847103
2026-07-07 18:00:00,743.705,911.350581384205
2026-07-07 19:00:00,887.205,1003.7695263795426
2026-07-07 20:00:00,887.205,957.7796737748442
2026-07-07 21:00:00,742.584,944.3379658544984
2026-07-07 22:00:00,743.705,841.7353522635958
2026-07-07 23:00:00,702.205,800.039636804458
2026-07-08 00:00:00,737.74955,717.9746287144683
2026-07-08 01:00:00,737.74955,737.8551861567494
2026-07-08 02:00:00,701.74955,737.6296265182764
2026-07-08 03:00:00,701.74955,736.5122356024358
2026-07-08 04:00:00,701.74955,737.7064554158958
2026-07-08 05:00:00,737.74955,737.7325795837393
2026-07-08 06:00:00,737.74955,736.2078616112028
2026-07-08 07:00:00,701.34955,728.2692213771188
2026-07-08 08:00:00,701.34955,702.9788827346825
2026-07-08 09:00:00,701.34955,706.3434766791197
2026-07-08 10:00:00,701.34955,714.9465835014687
2026-07-08 11:00:00,701.74955,716.7999009919067
2026-07-08 12:00:00,701.74955,721.7958404985211
2026-07-08 13:00:00,704.24955,723.3078262851244
2026-07-08 14:00:00,737.74955,727.1884438092236
2026-07-08 15:00:00,737.74955,729.8669371276533
2026-07-08 16:00:00,738.24955,731.8663268565817
2026-07-08 17:00:00,742.74955,758.5582777090895
2026-07-08 18:00:00,742.74955,791.443903673433
2026-07-08 19:00:00,887.24955,877.9727396765811
2026-07-08 20:00:00,887.24955,872.7550358254572
2026-07-08 21:00:00,887.24955,765.2215956610421
2026-07-08 22:00:00,742.32155,758.2379061987587
2026-07-08 23:00:00,738.24955,738.6695498403608
2026-07-09 00:00:00,702.28966,735.9451605002021
2026-07-09 01:00:00,702.28966,702.6223710544568
2026-07-09 02:00:00,702.28966,701.8396218746875
2026-07-09 03:00:00,702.28966,701.9226979797796
2026-07-09 04:00:00,702.28966,701.3842565339967
2026-07-09 05:00:00,702.68966,702.2659652956916
2026-07-09 06:00:00,702.68966,702.0986744378256
2026-07-09 07:00:00,702.68966,708.5323767637219
2026-07-09 08:00:00,702.68966,708.5568333807685
2026-07-09 09:00:00,702.28966,706.2805926134746
2026-07-09 10:00:00,702.28966,719.5361297236145
2026-07-09 11:00:00,702.68966,704.291480683864
2026-07-09 12:00:00,702.28966,709.0410816230107
2026-07-09 13:00:00,702.68966,710.8821558420673
2026-07-09 14:00:00,708.18966,734.2849242937801
2026-07-09 15:00:00,738.78966,733.6255821313027
2026-07-09 16:00:00,743.28966,748.367713187092
2026-07-09 17:00:00,738.78966,745.2193378113745
2026-07-09 18:00:00,743.28966,778.3734931721527
2026-07-09 19:00:00,743.28966,871.138859566465
2026-07-09 20:00:00,888.18966,850.6496216111403
2026-07-09 21:00:00,888.18966,818.9158299724418
2026-07-09 22:00:00,738.78966,736.8291344266256
2026-07-09 23:00:00,738.18966,726.026564578161
2026-07-10 00:00:00,703.12464,708.9207280128724
2026-07-10 01:00:00,703.12464,703.4097519360823
2026-07-10 02:00:00,703.12464,703.0156186930853
2026-07-10 03:00:00,703.12464,702.075869165979
2026-07-10 04:00:00,703.12464,703.0937788765543
2026-07-10 05:00:00,703.12464,703.1288578639845
2026-07-10 06:00:00,703.12464,702.846269744294
2026-07-10 07:00:00,703.07464,705.1322883342
2026-07-10 08:00:00,703.07464,703.5871969473772
2026-07-10 09:00:00,699.07464,702.5997142958292
2026-07-10 10:00:00,703.07464,702.8584597276736
2026-07-10 11:00:00,703.12464,708.1999349485175
2026-07-10 12:00:00,703.12464,701.8965151001839
2026-07-10 13:00:00,707.07464,705.413365955482
2026-07-10 14:00:00,707.57464,719.5777497060897
2026-07-10 15:00:00,740.57464,745.3629596777835
2026-07-10 16:00:00,740.57464,745.1189661318219
2026-07-10 17:00:00,739.86164,736.6486085928984
2026-07-10 18:00:00,744.17464,774.4539510088531
2026-07-10 19:00:00,889.07464,828.868665023814
2026-07-10 20:00:00,744.17464,850.4409689713996
2026-07-10 21:00:00,889.07464,829.5877660005872
2026-07-10 22:00:00,740.57464,734.8876840174544
2026-07-10 23:00:00,707.57464,729.7483976674574
2026-07-11 00:00:00,742.40661,712.0074945580029
2026-07-11 01:00:00,738.26961,742.6844659007407
2026-07-11 02:00:00,702.80661,742.0476916695611
2026-07-11 03:00:00,701.35661,742.0991217789639
2026-07-11 04:00:00,701.35661,742.2128706532574
2026-07-11 05:00:00,701.35661,742.2995186932837
2026-07-11 06:00:00,701.35661,741.4401885771636
2026-07-11 07:00:00,698.30661,730.6236245145489
2026-07-11 08:00:00,697.30661,722.5440644316604
2026-07-11 09:00:00,697.30661,723.5341980676616
2026-07-11 10:00:00,698.30661,712.1207131763285
2026-07-11 11:00:00,698.30661,717.339086488799
2026-07-11 12:00:00,698.30661,719.8358694558601
2026-07-11 13:00:00,701.35661,722.4353398456163
2026-07-11 14:00:00,701.35661,728.0730757696195
2026-07-11 15:00:00,701.35661,739.8987506798233
2026-07-11 16:00:00,742.40661,738.7383070321866
2026-07-11 17:00:00,738.26961,739.7447928697384
2026-07-11 18:00:00,922.30661,749.3208101740574
2026-07-11 19:00:00,922.30661,793.8088134980983
2026-07-11 20:00:00,922.30661,778.1949748061422
2026-07-11 21:00:00,942.30661,831.1213235022587
2026-07-11 22:00:00,922.30661,755.0981282922949
2026-07-11 23:00:00,742.40661,740.8114655554277
2026-07-12 00:00:00,832.19518,740.3948813292534
2026-07-12 01:00:00,832.19518,832.7698773944327
2026-07-12 02:00:00,832.19518,832.1669277067597
2026-07-12 03:00:00,832.19518,831.6525445274194
2026-07-12 04:00:00,832.19518,831.3609386949505
2026-07-12 05:00:00,832.19518,830.8483299221562
2026-07-12 06:00:00,652.69518,830.9909882883649
2026-07-12 07:00:00,632.19518,808.0051374245973
2026-07-12 08:00:00,632.19518,725.6638850923936
2026-07-12 09:00:00,632.19518,724.4484183587402
2026-07-12 10:00:00,632.19518,732.3478129126638
2026-07-12 11:00:00,640.75718,721.9586401151478
2026-07-12 12:00:00,640.75718,778.4869861733514
2026-07-12 13:00:00,652.69518,793.3842850174212
2026-07-12 14:00:00,682.19518,822.6979531380057
2026-07-12 15:00:00,832.19518,827.943340829399
2026-07-12 16:00:00,832.19518,841.1838479727985
2026-07-12 17:00:00,832.19518,845.4279659237934
2026-07-12 18:00:00,922.19518,912.9736843146984
2026-07-12 19:00:00,922.19518,934.1612332626468
2026-07-12 20:00:00,922.19518,897.4526755520073
2026-07-12 21:00:00,933.19518,936.2612548403761
2026-07-12 22:00:00,933.19518,872.6435670455563
2026-07-12 23:00:00,922.19518,836.1149372400222
2026-07-13 00:00:00,804.52814,812.8329822825799
2026-07-13 01:00:00,804.52814,804.7812202844655
2026-07-13 02:00:00,804.52814,804.4082311445932
2026-07-13 03:00:00,804.52814,802.5352259077931
2026-07-13 04:00:00,794.52814,804.4712347324637
2026-07-13 05:00:00,804.52814,804.4629788658818
2026-07-13 06:00:00,794.52814,805.0676051930621
2026-07-13 07:00:00,504.52814,807.2200190421277
2026-07-13 08:00:00,504.52814,803.4456546550095
2026-07-13 09:00:00,504.52814,761.0769639672492
2026-07-13 10:00:00,504.52814,762.5581695281712
2026-07-13 11:00:00,504.52814,750.8430425013057
2026-07-13 12:00:00,664.52814,754.9576764437456
2026-07-13 13:00:00,655.02814,774.0862175792395
2026-07-13 14:00:00,804.52814,814.6093030968468
2026-07-13 15:00:00,924.52814,876.1596300792002
2026-07-13 16:00:00,933.02814,883.232792896677
2026-07-13 17:00:00,933.02814,879.7066580587369
2026-07-13 18:00:00,944.52814,926.2310324968171
2026-07-13 19:00:00,1074.52814,942.0624378588429
2026-07-13 20:00:00,1197.52814,901.2041068917129
2026-07-13 21:00:00,1198.52814,933.0495118760816
2026-07-13 22:00:00,944.52814,905.7552930206965
2026-07-13 23:00:00,933.02814,877.9621363882698
2026-07-14 00:00:00,673.9051,788.0809548867428
2026-07-14 01:00:00,673.9051,674.4738880901084
2026-07-14 02:00:00,673.9051,673.2615539691205
2026-07-14 03:00:00,673.9051,672.6173432346001
2026-07-14 04:00:00,673.9051,673.4917596273501
2026-07-14 05:00:00,673.9051,674.0359515193238
2026-07-14 06:00:00,673.9051,680.4801131311056
2026-07-14 07:00:00,654.4051,716.657411681803
2026-07-14 08:00:00,643.9051,727.0625014675195
2026-07-14 09:00:00,643.9051,662.1014951014515
2026-07-14 10:00:00,663.9051,676.4053012970344
2026-07-14 11:00:00,673.9051,748.4266318752059
2026-07-14 12:00:00,673.9051,717.8409229883664
2026-07-14 13:00:00,943.9051,729.7669647040956
2026-07-14 14:00:00,975.4051,833.234032853271
2026-07-14 15:00:00,975.4051,886.5346653328778
2026-07-14 16:00:00,1073.9051,865.6917416334186
2026-07-14 17:00:00,989.4051,899.2190332439278
2026-07-14 18:00:00,1073.9051,969.5405434841111
2026-07-14 19:00:00,1197.9051,1114.8112131291418
2026-07-14 20:00:00,1196.9051,1049.0158290840716
2026-07-14 21:00:00,1197.9051,1046.6300794200358
2026-07-14 22:00:00,989.4051,876.0673763575865
2026-07-14 23:00:00,975.4051,816.3950206289683
2026-07-15 00:00:00,843.61336,696.3747076472187
2026-07-15 01:00:00,726.92736,843.9348926785146
2026-07-15 02:00:00,692.69036,843.6005591772874
2026-07-15 03:00:00,672.69036,843.2216661644024
2026-07-15 04:00:00,726.92736,843.6157860678114
2026-07-15 05:00:00,927.69036,843.6764068838721
2026-07-15 06:00:00,726.92736,844.2813304530739
2026-07-15 07:00:00,643.69036,851.8654763834145
2026-07-15 08:00:00,643.69036,832.1849274971478
2026-07-15 09:00:00,643.69036,775.1296912712855
2026-07-15 10:00:00,643.69036,778.377842429949
2026-07-15 11:00:00,653.19036,774.97852363285
2026-07-15 12:00:00,672.69036,783.4601636968823
2026-07-15 13:00:00,792.69036,906.2674983942186
2026-07-15 14:00:00,927.69036,961.4148209994792
2026-07-15 15:00:00,927.69036,968.2284179062741
2026-07-15 16:00:00,942.69036,971.2276487437248
2026-07-15 17:00:00,1182.69036,986.7005752900764
2026-07-15 18:00:00,1196.69036,1054.5583607395733
2026-07-15 19:00:00,1197.69036,1161.7286220300234
2026-07-15 20:00:00,1197.69036,1103.661337779613
2026-07-15 21:00:00,1197.69036,1113.091736661139
2026-07-15 22:00:00,1196.69036,962.223450096713
2026-07-15 23:00:00,942.69036,942.9010871215404
2026-07-16 00:00:00,733.91903,834.9323829698396
2026-07-16 01:00:00,733.91903,734.8961934295148
2026-07-16 02:00:00,693.91903,733.7408429687619
2026-07-16 03:00:00,693.91903,733.0249602494869
2026-07-16 04:00:00,733.91903,731.5966564744754
2026-07-16 05:00:00,733.91903,737.0663247614398
2026-07-16 06:00:00,733.91903,735.7853707626043
2026-07-16 07:00:00,654.41903,793.111700417913
2026-07-16 08:00:00,644.91903,807.3666543228292
2026-07-16 09:00:00,644.91903,768.2769408033112
2026-07-16 10:00:00,644.91903,802.5695397105626
2026-07-16 11:00:00,693.91903,788.994155662573
2026-07-16 12:00:00,693.91903,797.4970515341099
2026-07-16 13:00:00,733.91903,896.7055775066892
2026-07-16 14:00:00,733.91903,1015.4244010188642
2026-07-16 15:00:00,733.91903,1022.3200953653999
2026-07-16 16:00:00,923.88903,1005.0444873064041
2026-07-16 17:00:00,943.91903,1096.5904953748702
2026-07-16 18:00:00,1198.91903,1141.8293725198946
2026-07-16 19:00:00,1203.91903,1180.3487887368365
2026-07-16 20:00:00,1198.91903,1083.615054482315
2026-07-16 21:00:00,1203.91903,1161.167757834554
2026-07-16 22:00:00,1066.26703,1052.5243253138956
2026-07-16 23:00:00,923.88903,900.3435413360891
2026-07-17 00:00:00,923.52112,733.1995450429685
2026-07-17 01:00:00,743.51912,924.1517964549905
2026-07-17 02:00:00,730.06412,923.5637271273878
2026-07-17 03:00:00,730.06412,918.7714462176298
2026-07-17 04:00:00,730.06412,923.4852638582335
2026-07-17 05:00:00,923.52112,923.5736410168805
2026-07-17 06:00:00,743.51912,924.5560262939289
2026-07-17 07:00:00,643.52112,911.9981027252345
2026-07-17 08:00:00,643.52112,880.457768734797
2026-07-17 09:00:00,643.52112,837.3924697085336
2026-07-17 10:00:00,642.52112,839.8200238803602
2026-07-17 11:00:00,643.52112,824.7993994979961
2026-07-17 12:00:00,643.52112,834.3859653759293
2026-07-17 13:00:00,643.52112,887.6595981388537
2026-07-17 14:00:00,923.52112,922.2077105446436
2026-07-17 15:00:00,923.52112,936.1589016255274
2026-07-17 16:00:00,923.52112,983.0549566718212
2026-07-17 17:00:00,923.52112,1020.0157245780165
2026-07-17 18:00:00,1196.52112,1154.8001101638306
2026-07-17 19:00:00,1197.52112,1187.4264443418526
2026-07-17 20:00:00,1196.52112,1125.5548874848776
2026-07-17 21:00:00,1197.52112,1164.9622576637682
2026-07-17 22:00:00,942.52112,1057.6939833784254
2026-07-17 23:00:00,923.52112,977.3506712898117
2026-07-18 00:00:00,942.49543,906.2055859889658
2026-07-18 01:00:00,854.20243,943.0509941849896
2026-07-18 02:00:00,932.49543,941.2033738232474
2026-07-18 03:00:00,727.39843,939.9588662485127
2026-07-18 04:00:00,727.39843,938.2077859266004
2026-07-18 05:00:00,727.39843,942.0562258262214
2026-07-18 06:00:00,647.49543,941.7478268580774
2026-07-18 07:00:00,647.49543,903.6197273105295
2026-07-18 08:00:00,647.49543,865.7513972066541
2026-07-18 09:00:00,643.49543,813.4654632880531
2026-07-18 10:00:00,643.49543,812.8928375557322
2026-07-18 11:00:00,643.49543,784.5567410839091
2026-07-18 12:00:00,643.49543,791.9508904543011
2026-07-18 13:00:00,647.49543,805.8422004047152
2026-07-18 14:00:00,647.49543,937.7376885627103
2026-07-18 15:00:00,743.49343,930.4275577445225
2026-07-18 16:00:00,952.49543,920.9685070272219
2026-07-18 17:00:00,952.49543,968.3907147769407
2026-07-18 18:00:00,952.49543,1137.1697828164083
2026-07-18 19:00:00,952.49543,1188.7910216211883
2026-07-18 20:00:00,952.49543,1138.4273325376626
2026-07-18 21:00:00,952.49543,1129.7553989983994
2026-07-18 22:00:00,952.49543,989.5458465750081
2026-07-18 23:00:00,743.49343,966.4463369842537
2026-07-19 00:00:00,943.72728,908.4408916123505
2026-07-19 01:00:00,932.72728,945.0630212414383
2026-07-19 02:00:00,932.72728,943.0794175145204
2026-07-19 03:00:00,932.72728,937.4575160636323
2026-07-19 04:00:00,724.75628,939.4886430440421
2026-07-19 05:00:00,724.75628,936.4931260341381
2026-07-19 06:00:00,652.72728,932.630371147287
2026-07-19 07:00:00,648.72728,863.8424065763043
2026-07-19 08:00:00,648.72728,817.0545859070467
2026-07-19 09:00:00,648.72728,790.7258318646052
2026-07-19 10:00:00,652.72728,785.98565482091
2026-07-19 11:00:00,652.72728,742.4746914473502
2026-07-19 12:00:00,652.72728,766.4648040797033
2026-07-19 13:00:00,652.72728,786.6344495905248
2026-07-19 14:00:00,724.75628,818.5846653079155
2026-07-19 15:00:00,942.72728,879.7397264313977
2026-07-19 16:00:00,942.72728,932.6841115319642
2026-07-19 17:00:00,942.72728,963.7201298960588
2026-07-19 18:00:00,943.72728,982.9427906090643
2026-07-19 19:00:00,952.72728,996.4714276992636
2026-07-19 20:00:00,944.72728,996.82242965522
2026-07-19 21:00:00,943.72728,1005.2959636135549
2026-07-19 22:00:00,944.72728,957.739334957144
2026-07-19 23:00:00,932.72728,914.2898060502179
2026-07-20 00:00:00,752.71069,919.1352243728945
2026-07-20 01:00:00,752.71069,752.597617275932
2026-07-20 02:00:00,747.71069,750.7474802868692
2026-07-20 03:00:00,747.71069,746.2063305035072
2026-07-20 04:00:00,747.71069,747.6657596339116
2026-07-20 05:00:00,747.71069,745.4626151922957
2026-07-20 06:00:00,747.71069,752.7659657195588
2026-07-20 07:00:00,677.71069,739.7953613623092
2026-07-20 08:00:00,677.71069,738.4156573409323
2026-07-20 09:00:00,677.71069,690.4464874562497
2026-07-20 10:00:00,677.71069,707.1448640780721
2026-07-20 11:00:00,677.71069,693.6542144919744
2026-07-20 12:00:00,677.71069,713.2558338676324
2026-07-20 13:00:00,747.71069,725.1903123137652
2026-07-20 14:00:00,747.71069,818.8957688446163
2026-07-20 15:00:00,752.71069,928.2314613786359
2026-07-20 16:00:00,926.71069,909.2598268211716
2026-07-20 17:00:00,926.71069,944.6215253759449
2026-07-20 18:00:00,943.71069,946.2898056939446
2026-07-20 19:00:00,943.71069,975.2806049622578
2026-07-20 20:00:00,943.71069,929.0053513507175
2026-07-20 21:00:00,942.71069,946.9836701847553
2026-07-20 22:00:00,926.71069,929.5991527956875
2026-07-20 23:00:00,752.71069,851.7371047552634
2026-07-21 00:00:00,691.59804,765.061218487305
2026-07-21 01:00:00,642.48704,692.1902067689766
2026-07-21 02:00:00,642.48704,691.1264876270136
2026-07-21 03:00:00,642.48704,690.8614469740295
2026-07-21 04:00:00,642.48704,690.5021466544745
2026-07-21 05:00:00,691.59804,691.6750770801445
2026-07-21 06:00:00,733.48504,692.6184594431522
2026-07-21 07:00:00,691.59804,716.2139102574316
2026-07-21 08:00:00,642.48704,709.3874544547075
2026-07-21 09:00:00,642.48704,698.5526191307799
2026-07-21 10:00:00,642.48704,731.4116540724937
2026-07-21 11:00:00,642.48704,713.9600762821011
2026-07-21 12:00:00,642.48704,720.9713209803313
2026-07-21 13:00:00,642.48704,794.9199310714312
2026-07-21 14:00:00,942.48704,845.5618917379977
2026-07-21 15:00:00,942.48704,848.8235933827666
2026-07-21 16:00:00,942.48704,911.1571839769713
2026-07-21 17:00:00,947.48704,917.043770718323
2026-07-21 18:00:00,962.48704,954.5726941444502
2026-07-21 19:00:00,962.48704,961.8692883372115
2026-07-21 20:00:00,962.48704,933.6545051235446
2026-07-21 21:00:00,962.48704,921.3354795020439
2026-07-21 22:00:00,947.48704,873.1642902125348
2026-07-21 23:00:00,942.48704,762.7517832409262
2026-07-22 00:00:00,932.12121,729.8346524221126
2026-07-22 01:00:00,932.12121,932.5571729296568
2026-07-22 02:00:00,932.12121,932.0742648537821
2026-07-22 03:00:00,932.12121,931.4600372494497
2026-07-22 04:00:00,932.12121,930.1401066696026
2026-07-22 05:00:00,932.12121,932.187609285814
2026-07-22 06:00:00,932.12121,927.0558891254818
2026-07-22 07:00:00,926.12121,886.7933123936241
2026-07-22 08:00:00,932.12121,829.5393987776304
2026-07-22 09:00:00,691.00121,784.7689003072645
2026-07-22 10:00:00,926.12121,784.2617113092293
2026-07-22 11:00:00,932.12121,767.4635617432999
2026-07-22 12:00:00,932.12121,771.2370249110486
2026-07-22 13:00:00,932.12121,800.5414207325264
2026-07-22 14:00:00,932.12121,960.2402812352075
2026-07-22 15:00:00,941.12121,964.6695485203392
2026-07-22 16:00:00,942.12121,949.2902982003784
2026-07-22 17:00:00,1042.12121,974.4125571866565
2026-07-22 18:00:00,1042.12121,1003.3236050476298
2026-07-22 19:00:00,1047.12121,988.1161547427474
2026-07-22 20:00:00,1047.12121,971.7607596420062
2026-07-22 21:00:00,1042.12121,975.0255534942969
2026-07-22 22:00:00,942.12121,967.5708828865581
2026-07-22 23:00:00,941.12121,952.4943421158666
2026-07-23 00:00:00,932.13321,885.9692656897853
2026-07-23 01:00:00,932.13321,933.0299771605071
2026-07-23 02:00:00,932.13321,932.0801061937873
2026-07-23 03:00:00,932.13321,929.7526013234389
2026-07-23 04:00:00,932.13321,931.9232310055359
2026-07-23 05:00:00,932.13321,931.8749427745516
2026-07-23 06:00:00,932.13321,935.64324241843
2026-07-23 07:00:00,932.13321,927.8931670853715
2026-07-23 08:00:00,932.13321,916.925182909475
2026-07-23 09:00:00,932.13321,805.6748337581405
2026-07-23 10:00:00,932.13321,902.2630129787857
2026-07-23 11:00:00,932.13321,918.9375490984744
2026-07-23 12:00:00,922.13321,901.6363385890088
2026-07-23 13:00:00,932.13321,918.4789888243422
2026-07-23 14:00:00,932.13321,946.0961167642968
2026-07-23 15:00:00,952.13321,938.1147812650838
2026-07-23 16:00:00,1012.13321,968.7880266123539
2026-07-23 17:00:00,1012.13321,1000.9094198340454
2026-07-23 18:00:00,1092.13321,1058.0550096640554
2026-07-23 19:00:00,1097.13321,1057.0907341073273
2026-07-23 20:00:00,1092.13321,1042.4484103658092
2026-07-23 21:00:00,952.13321,1010.5415031778543
2026-07-23 22:00:00,937.13321,967.0513550619467
2026-07-23 23:00:00,932.13321,949.4584984866444
2026-07-24 00:00:00,883.4134,900.909434515074
2026-07-24 01:00:00,842.4134,883.134420051191
2026-07-24 02:00:00,842.4134,882.9277124141648
2026-07-24 03:00:00,842.4134,883.0619841919677
2026-07-24 04:00:00,842.4134,883.1532980474693
2026-07-24 05:00:00,883.4134,883.2672001056662
2026-07-24 06:00:00,853.5724,872.5485979580201
2026-07-24 07:00:00,842.4134,859.0718596358349
2026-07-24 08:00:00,688.0954,850.2411139040078
2026-07-24 09:00:00,642.4134,840.0369560919471
2026-07-24 10:00:00,642.4134,866.9921893389826
2026-07-24 11:00:00,842.4134,874.3068134440971
2026-07-24 12:00:00,688.0954,866.3731749269929
2026-07-24 13:00:00,692.4134,885.3441273831047
2026-07-24 14:00:00,883.4134,922.8008285735194
2026-07-24 15:00:00,883.4134,941.5667897232631
2026-07-24 16:00:00,912.4134,945.8866516391945
2026-07-24 17:00:00,937.4134,966.8107587551178
2026-07-24 18:00:00,952.4134,1048.5953368955709
2026-07-24 19:00:00,1012.4134,1075.7268244186002
2026-07-24 20:00:00,1012.4134,1045.7220446791773
2026-07-24 21:00:00,952.4134,945.8555878563102
2026-07-24 22:00:00,912.4134,927.432913046393
2026-07-24 23:00:00,883.4134,910.543363759931
2026-07-25 00:00:00,692.47061,898.8549994367447
2026-07-25 01:00:00,685.99961,692.3685139762408
2026-07-25 02:00:00,685.99961,692.0364243886622
2026-07-25 03:00:00,685.99961,691.3362277552761
2026-07-25 04:00:00,695.99961,691.6602014754696
2026-07-25 05:00:00,645.99961,692.4030684443358
2026-07-25 06:00:00,645.99961,680.722495834284
2026-07-25 07:00:00,635.99961,714.3037959148608
2026-07-25 08:00:00,313.71361,711.4144396381987
2026-07-25 09:00:00,295.99961,670.8479666883018
2026-07-25 10:00:00,295.99961,700.6492951659357
2026-07-25 11:00:00,626.74361,675.1567463452824
2026-07-25 12:00:00,635.99961,710.1294213763099
2026-07-25 13:00:00,635.99961,718.9336869908329
2026-07-25 14:00:00,635.99961,813.3331954179487
2026-07-25 15:00:00,645.99961,825.3850013972292
2026-07-25 16:00:00,775.99961,845.5838127041022
2026-07-25 17:00:00,775.99961,885.2162376179217
2026-07-25 18:00:00,935.99961,930.7548003096831
2026-07-25 19:00:00,935.99961,989.6391287486485
2026-07-25 20:00:00,935.99961,944.8512177826456
2026-07-25 21:00:00,880.99961,903.5590509214724
2026-07-25 22:00:00,775.99961,851.0414330539544
2026-07-25 23:00:00,775.99961,793.3821679705873
2026-07-26 00:00:00,656.43802,721.0793769311149
2026-07-26 01:00:00,656.43802,657.2492428603841
2026-07-26 02:00:00,646.43802,655.981646924198
2026-07-26 03:00:00,646.43802,653.7910311258859
2026-07-26 04:00:00,646.43802,656.3618223940331
2026-07-26 05:00:00,646.43802,655.004941427936
2026-07-26 06:00:00,616.43802,648.2842557502772
2026-07-26 07:00:00,156.43802,654.7569537465026
2026-07-26 08:00:00,156.43802,585.907632197464
2026-07-26 09:00:00,156.43802,511.63501551945694
2026-07-26 10:00:00,156.43802,510.0945368662405
2026-07-26 11:00:00,156.43802,643.9972755566016
2026-07-26 12:00:00,301.17402,633.0429055040958
2026-07-26 13:00:00,616.43802,634.4878112811247
2026-07-26 14:00:00,646.43802,670.0037125303033
2026-07-26 15:00:00,656.43802,709.8263707299532
2026-07-26 16:00:00,656.43802,748.8294867416532
2026-07-26 17:00:00,694.83502,769.7286041866143
2026-07-26 18:00:00,786.43802,861.5296625049366
2026-07-26 19:00:00,796.43802,895.9160064611584
2026-07-26 20:00:00,786.43802,878.4247613226123
2026-07-26 21:00:00,786.43802,835.9673027866803
2026-07-26 22:00:00,776.43802,768.3991416609481
2026-07-26 23:00:00,656.43802,729.9229015673004
2026-07-27 00:00:00,593.78592,648.2386453614408
2026-07-27 01:00:00,593.78592,594.8481066972711
2026-07-27 02:00:00,592.78592,593.1922161389632
2026-07-27 03:00:00,592.78592,591.4878689792039
2026-07-27 04:00:00,593.78592,593.2679532569456
2026-07-27 05:00:00,593.78592,593.6791032854693
2026-07-27 06:00:00,593.78592,604.3238339274167
2026-07-27 07:00:00,593.78592,563.3719752939717
2026-07-27 08:00:00,593.78592,533.4627574226552
2026-07-27 09:00:00,593.78592,436.7556112861678
2026-07-27 10:00:00,593.78592,442.99693359322
2026-07-27 11:00:00,593.78592,499.37031667830036
2026-07-27 12:00:00,593.78592,501.5090864615079
2026-07-27 13:00:00,593.78592,644.5846198165655
2026-07-27 14:00:00,593.78592,692.8303778629797
2026-07-27 15:00:00,643.78592,692.8559723763451
2026-07-27 16:00:00,643.78592,698.872821412433
2026-07-27 17:00:00,683.78592,720.8229771385047
2026-07-27 18:00:00,713.78592,793.0539418886941
2026-07-27 19:00:00,713.78592,800.0885387446012
2026-07-27 20:00:00,713.78592,746.9101202021772
2026-07-27 21:00:00,683.78592,774.5233649460365
2026-07-27 22:00:00,673.78592,726.156747819409
2026-07-27 23:00:00,613.78592,656.2241367616484
2026-07-28 00:00:00,644.01838,565.7647221308064
2026-07-28 01:00:00,644.01838,644.3438600182005
2026-07-28 02:00:00,644.01838,643.9246421435545
2026-07-28 03:00:00,644.01838,643.6146795516281
2026-07-28 04:00:00,644.01838,643.9527800696658
2026-07-28 05:00:00,644.51838,644.0586021480555
2026-07-28 06:00:00,644.01838,646.521251019092
2026-07-28 07:00:00,604.01838,629.9637890550898
2026-07-28 08:00:00,604.01838,589.4152799577761
2026-07-28 09:00:00,604.01838,552.6516340928124
2026-07-28 10:00:00,604.01838,581.9077385724221
2026-07-28 11:00:00,604.01838,582.9400571477469
2026-07-28 12:00:00,604.01838,588.5944336878526
2026-07-28 13:00:00,644.01838,623.9012139603092
2026-07-28 14:00:00,654.01838,673.8013014494943
2026-07-28 15:00:00,654.01838,681.6006753675482
2026-07-28 16:00:00,654.01838,681.4874252239604
2026-07-28 17:00:00,691.02838,693.8805445160878
2026-07-28 18:00:00,954.01838,734.9925321507384
2026-07-28 19:00:00,984.01838,733.1453413199713
2026-07-28 20:00:00,1164.01838,724.5904181994324
2026-07-28 21:00:00,943.01838,685.578825488587
2026-07-28 22:00:00,674.01838,678.7532788446483
2026-07-28 23:00:00,654.01838,646.8746435973089
2026-07-29 00:00:00,662.76372,649.605746204377
2026-07-29 01:00:00,643.26372,662.713687365497
2026-07-29 02:00:00,642.96372,662.6496957373959
2026-07-29 03:00:00,643.26372,662.3350931633063
2026-07-29 04:00:00,643.26372,662.6677319947005
2026-07-29 05:00:00,662.76372,662.7769385079448
2026-07-29 06:00:00,643.26372,664.5319674963825
2026-07-29 07:00:00,642.96372,659.5906267395512
2026-07-29 08:00:00,642.96372,623.7862906628034
2026-07-29 09:00:00,642.96372,575.3222670434352
2026-07-29 10:00:00,642.96372,646.1162400800504
2026-07-29 11:00:00,642.96372,623.9854557194984
2026-07-29 12:00:00,642.96372,622.5993248730427
2026-07-29 13:00:00,642.96372,653.1997921787561
2026-07-29 14:00:00,642.96372,665.6196366319328
2026-07-29 15:00:00,662.76372,674.8860717485629
2026-07-29 16:00:00,672.76372,669.9706270424053
2026-07-29 17:00:00,742.76372,694.7696947944153
2026-07-29 18:00:00,1002.76372,898.6264713097346
2026-07-29 19:00:00,1002.76372,1031.7185519306354
2026-07-29 20:00:00,1002.76372,993.7593873213118
2026-07-29 21:00:00,991.76372,807.9568280752045
2026-07-29 22:00:00,742.76372,676.4454423087129
2026-07-29 23:00:00,689.73572,675.6624250135651
2026-07-30 00:00:00,893.34505,658.8742570868974
2026-07-30 01:00:00,893.34505,893.6673174308354
2026-07-30 02:00:00,893.34505,893.4043576136052
2026-07-30 03:00:00,893.34505,892.7654330640169
2026-07-30 04:00:00,992.84505,892.8904720316965
2026-07-30 05:00:00,992.84505,893.0890387154833
2026-07-30 06:00:00,992.84505,892.9689325838433
2026-07-30 07:00:00,893.34505,833.0117042409906
2026-07-30 08:00:00,743.34505,779.826998861974
2026-07-30 09:00:00,743.34505,770.2455526721816
2026-07-30 10:00:00,893.34505,760.9046358584183
2026-07-30 11:00:00,893.34505,720.7646576829109
2026-07-30 12:00:00,893.34505,731.6418312460942
2026-07-30 13:00:00,893.34505,745.3841470907078
2026-07-30 14:00:00,992.84505,739.3688363540657
2026-07-30 15:00:00,992.84505,758.8510099055305
2026-07-30 16:00:00,1003.34505,769.5822406967173
2026-07-30 17:00:00,1003.34505,788.3953632937818
2026-07-30 18:00:00,1199.34505,946.8757647693883
2026-07-30 19:00:00,1208.34505,993.4569282313357
2026-07-30 20:00:00,1199.34505,992.4894347386146
2026-07-30 21:00:00,1208.34505,911.5937548228678
2026-07-30 22:00:00,1003.34505,784.0489682102948
2026-07-30 23:00:00,992.84505,833.1722551653148
2026-07-31 00:00:00,982.09867,851.5667054465282
2026-07-31 01:00:00,892.09867,982.5007725206405
2026-07-31 02:00:00,972.59867,982.1790046953906
2026-07-31 03:00:00,972.59867,980.6211190407945
2026-07-31 04:00:00,982.09867,983.9377835955199
2026-07-31 05:00:00,982.09867,985.0375659350079
2026-07-31 06:00:00,982.09867,984.8794441554114
2026-07-31 07:00:00,892.09867,985.7276174434824
2026-07-31 08:00:00,892.09867,905.9902871861426
2026-07-31 09:00:00,892.09867,852.6471764322384
2026-07-31 10:00:00,892.09867,886.2463887962148
2026-07-31 11:00:00,892.09867,923.6152690824574
2026-07-31 12:00:00,892.09867,887.4911119904341
2026-07-31 13:00:00,892.09867,908.4604938629882
2026-07-31 14:00:00,982.09867,993.5316721867617
2026-07-31 15:00:00,982.09867,1008.3029840626983
2026-07-31 16:00:00,991.59867,1012.4475062368451
2026-07-31 17:00:00,991.59867,1015.2602135209871
2026-07-31 18:00:00,1106.09867,1134.3576515315917
2026-07-31 19:00:00,1162.09867,1184.9695710234228
2026-07-31 20:00:00,1106.09867,1129.3056547225422
2026-07-31 21:00:00,1107.09867,1129.3261276991366
2026-07-31 22:00:00,991.59867,999.4402563138901
2026-07-31 23:00:00,982.09867,996.2063727370451
2026-08-01 00:00:00,989.5918,936.8572570389831
2026-08-01 01:00:00,989.5918,990.1753232094662
2026-08-01 02:00:00,989.5918,989.3166174257168
2026-08-01 03:00:00,985.0918,988.8119775206983
2026-08-01 04:00:00,989.5918,989.4721149253961
2026-08-01 05:00:00,989.5918,989.0844777100541
2026-08-01 06:00:00,989.5918,987.0169975041524
2026-08-01 07:00:00,985.0918,970.6210423500413
2026-08-01 08:00:00,650.0918,899.3574456448677
2026-08-01 09:00:00,890.5918,874.2262811514086
2026-08-01 10:00:00,890.5918,878.5806127970346
2026-08-01 11:00:00,890.5918,933.4735477863544
2026-08-01 12:00:00,890.5918,926.8268776421718
2026-08-01 13:00:00,890.5918,943.7917152077978
2026-08-01 14:00:00,985.0918,981.0900968455209
2026-08-01 15:00:00,989.5918,992.1470360593252
2026-08-01 16:00:00,989.5918,1004.5842779272223
2026-08-01 17:00:00,990.0918,1017.2461082206332
2026-08-01 18:00:00,1015.0918,1102.8060699169296
2026-08-01 19:00:00,1050.0918,1137.5224191186267
2026-08-01 20:00:00,1040.0918,1102.6446512017305
2026-08-01 21:00:00,1050.0918,1104.7848333939328
2026-08-01 22:00:00,1015.0918,1016.1858548635767
2026-08-01 23:00:00,990.0918,1004.2113445201244
2026-08-02 00:00:00,942.6046,984.7711435194296
2026-08-02 01:00:00,942.6046,943.4941220944131
2026-08-02 02:00:00,722.6046,942.3316471977163
2026-08-02 03:00:00,893.1046,940.6061945027681
2026-08-02 04:00:00,893.1046,942.9963229414419
2026-08-02 05:00:00,942.6046,942.160156124858
2026-08-02 06:00:00,652.6046,945.7822185222174
2026-08-02 07:00:00,622.6046,894.1183899676348
2026-08-02 08:00:00,492.6046,819.4716909192423
2026-08-02 09:00:00,241.0846,849.6577244538785
2026-08-02 10:00:00,369.8146,869.8128726855175
2026-08-02 11:00:00,492.6046,870.1743468060711
2026-08-02 12:00:00,492.6046,881.0170709407233
2026-08-02 13:00:00,622.6046,932.228196871107
2026-08-02 14:00:00,622.6046,990.5829624365196
2026-08-02 15:00:00,642.6046,1002.6292743544387
2026-08-02 16:00:00,942.6046,993.662683119871
2026-08-02 17:00:00,992.1046,1012.5921086504896
2026-08-02 18:00:00,992.1046,1039.0958356283875
2026-08-02 19:00:00,992.1046,1071.3377771335165
2026-08-02 20:00:00,1017.6046,1054.3019580179014
2026-08-02 21:00:00,1017.6046,1076.076256950208
2026-08-02 22:00:00,992.1046,1012.0081858831704
2026-08-02 23:00:00,992.1046,981.1957238773849
2026-08-03 00:00:00,989.52102,933.8634611166276
2026-08-03 01:00:00,989.52102,991.3058393826783
2026-08-03 02:00:00,989.52102,989.0287036169943
2026-08-03 03:00:00,989.52102,986.197302655687
2026-08-03 04:00:00,995.02102,988.3698399983402
2026-08-03 05:00:00,989.52102,989.1063827712165
2026-08-03 06:00:00,989.52102,997.1681856602443
2026-08-03 07:00:00,989.52102,971.2161902997718
2026-08-03 08:00:00,989.52102,915.2134100151081
2026-08-03 09:00:00,989.52102,744.5947676102927
2026-08-03 10:00:00,989.52102,782.7080625827411
2026-08-03 11:00:00,989.52102,758.3277819859297
2026-08-03 12:00:00,989.52102,781.2072599482246
2026-08-03 13:00:00,989.52102,841.612121334447
2026-08-03 14:00:00,995.02102,862.5617334285183
2026-08-03 15:00:00,1001.02102,877.793673822711
2026-08-03 16:00:00,1020.02102,957.4451950146047
2026-08-03 17:00:00,1020.02102,1024.1547108815678
2026-08-03 18:00:00,1025.02102,1040.9444384972037
2026-08-03 19:00:00,1050.02102,1047.502519720315
2026-08-03 20:00:00,1025.02102,1031.7302145311814
2026-08-03 21:00:00,1025.02102,1065.1776617483256
2026-08-03 22:00:00,1020.02102,1024.653570302762
2026-08-03 23:00:00,995.02102,1030.1232831476823
2026-08-04 00:00:00,1024.02798,934.742160744657
2026-08-04 01:00:00,1021.02798,1023.769370102079
2026-08-04 02:00:00,1021.02798,1024.0852990503167
2026-08-04 03:00:00,980.02798,1022.387175058115
2026-08-04 04:00:00,1018.22798,1024.060627056644
2026-08-04 05:00:00,1024.02798,1023.7048072683353
2026-08-04 06:00:00,1024.02798,1021.9901210893718
2026-08-04 07:00:00,980.02798,1008.5950189829769
2026-08-04 08:00:00,686.89998,987.9540049678276
2026-08-04 09:00:00,816.13198,944.3227964988137
2026-08-04 10:00:00,980.02798,945.3264238657506
2026-08-04 11:00:00,1021.02798,974.0015705974679
2026-08-04 12:00:00,980.02798,956.2206460036609
2026-08-04 13:00:00,1021.02798,979.3872303746523
2026-08-04 14:00:00,1024.02798,1010.6399222890021
2026-08-04 15:00:00,1024.02798,1010.6895019098569
2026-08-04 16:00:00,1049.52798,1029.4736436785174
2026-08-04 17:00:00,1024.02798,1046.0713386329285
2026-08-04 18:00:00,1050.02798,1076.4285903240611
2026-08-04 19:00:00,1060.02798,1061.2169293940324
2026-08-04 20:00:00,1060.02798,1071.9613586270807
2026-08-04 21:00:00,1060.02798,1063.6786792777862
2026-08-04 22:00:00,1024.02798,1060.8549581076031
2026-08-04 23:00:00,1024.02798,1033.0322786163156
2026-08-05 00:00:00,1024.0,1019.8387743875485
2026-08-05 01:00:00,1024.0,1023.9285810050203
2026-08-05 02:00:00,1024.0,1022.1243109397767
2026-08-05 03:00:00,1024.0,1022.208625067795
2026-08-05 04:00:00,1024.0,1023.4862842551194
2026-08-05 05:00:00,1024.0,1023.6799267908418
2026-08-05 06:00:00,1024.0,1029.004722665879
2026-08-05 07:00:00,1024.0,1031.3398503615979
2026-08-05 08:00:00,1024.0,933.7812030503973
2026-08-05 09:00:00,1024.0,916.0478886046965
2026-08-05 10:00:00,1024.0,1010.3492384706996
2026-08-05 11:00:00,1024.0,998.4881705276878
2026-08-05 12:00:00,1024.0,990.9640966272585
2026-08-05 13:00:00,1024.0,1019.6047717514195
2026-08-05 14:00:00,1024.0,1022.0692264543965
2026-08-05 15:00:00,1030.0,1012.9683104604829
2026-08-05 16:00:00,1038.5,1028.6510206772052
2026-08-05 17:00:00,1038.5,1056.5936004486382
2026-08-05 18:00:00,1060.0,1102.6149205465745
2026-08-05 19:00:00,1060.8,1082.9951610915734
2026-08-05 20:00:00,1060.0,1095.9519897727737
2026-08-05 21:00:00,1060.0,1067.8743610018298
2026-08-05 22:00:00,1049.5,1052.8190257822826
2026-08-05 23:00:00,1038.5,1041.9910574422315
