fecha_hora,real,pred_ensamble,tercil_real,tercil_pred
2026-01-01 01:00:00,307.90985,305.7768002231219,medio,medio
2026-01-01 02:00:00,296.32185,300.21394801512145,medio,medio
2026-01-01 03:00:00,296.32185,297.7500945002356,medio,medio
2026-01-01 04:00:00,296.32185,294.2415903701311,medio,medio
2026-01-01 05:00:00,296.32185,299.42700394542624,medio,medio
2026-01-01 06:00:00,296.32185,300.76702077620854,medio,medio
2026-01-01 07:00:00,296.32185,303.5144031831549,medio,medio
2026-01-01 08:00:00,272.90985,304.5377609002256,medio,medio
2026-01-01 09:00:00,104.99185,304.6182560897097,bajo,medio
2026-01-01 10:00:00,103.53785,308.3972761242667,bajo,medio
2026-01-01 11:00:00,244.80985,306.3564919427788,medio,medio
2026-01-01 12:00:00,272.90985,308.84773995099414,medio,medio
2026-01-01 13:00:00,292.90985,306.1046712182333,medio,medio
2026-01-01 14:00:00,296.32185,306.847985488187,medio,medio
2026-01-01 15:00:00,296.32185,307.3955448352161,medio,medio
2026-01-01 16:00:00,296.32185,311.690146369527,medio,medio
2026-01-01 17:00:00,327.90985,315.2175591089769,medio,medio
2026-01-01 18:00:00,332.90985,317.6564741470402,medio,medio
2026-01-01 19:00:00,332.90985,318.7303831269603,medio,medio
2026-01-01 20:00:00,332.90985,316.4746414641646,medio,medio
2026-01-01 21:00:00,332.90985,313.5278309233662,medio,medio
2026-01-01 22:00:00,332.90985,312.7556072969233,medio,medio
2026-01-01 23:00:00,327.90985,314.653898390957,medio,medio
2026-01-02 00:00:00,329.20101,320.2457818765331,medio,medio
2026-01-02 01:00:00,326.20101,324.72182738417274,medio,medio
2026-01-02 02:00:00,326.20101,321.0150324503959,medio,medio
2026-01-02 03:00:00,329.20101,319.5589377365303,medio,medio
2026-01-02 04:00:00,326.20101,317.12739847159384,medio,medio
2026-01-02 05:00:00,329.20101,317.1524201649213,medio,medio
2026-01-02 06:00:00,329.20101,317.48395270116924,medio,medio
2026-01-02 07:00:00,329.20101,315.69902563095866,medio,medio
2026-01-02 08:00:00,329.20101,311.33219119966003,medio,medio
2026-01-02 09:00:00,326.20101,277.8598848297189,medio,medio
2026-01-02 10:00:00,326.20101,278.59192794322337,medio,medio
2026-01-02 11:00:00,329.20101,306.0436821557108,medio,medio
2026-01-02 12:00:00,329.20101,314.7025824727103,medio,medio
2026-01-02 13:00:00,329.20101,319.93746245758103,medio,medio
2026-01-02 14:00:00,329.20101,323.5343457009306,medio,medio
2026-01-02 15:00:00,331.20101,325.6155145347824,medio,medio
2026-01-02 16:00:00,331.20101,327.96769632220634,medio,medio
2026-01-02 17:00:00,352.17901,334.7025857386034,medio,medio
2026-01-02 18:00:00,352.17901,338.5065334704519,medio,medio
2026-01-02 19:00:00,352.17901,339.4603937687696,medio,medio
2026-01-02 20:00:00,352.17901,340.0943066026068,medio,medio
2026-01-02 21:00:00,352.17901,340.25300297340584,medio,medio
2026-01-02 22:00:00,352.17901,339.411404693673,medio,medio
2026-01-02 23:00:00,331.20101,336.3377669430237,medio,medio
2026-01-03 00:00:00,342.48147,334.82508528320795,medio,medio
2026-01-03 01:00:00,342.48147,341.7123398448233,medio,medio
2026-01-03 02:00:00,327.48147,342.2695234935828,medio,medio
2026-01-03 03:00:00,327.48147,342.42276073089084,medio,medio
2026-01-03 04:00:00,327.48147,339.83034435843075,medio,medio
2026-01-03 05:00:00,327.48147,337.50289234953675,medio,medio
2026-01-03 06:00:00,327.48147,335.7475223646765,medio,medio
2026-01-03 07:00:00,327.48147,334.8944752746272,medio,medio
2026-01-03 08:00:00,327.48147,336.19816747938114,medio,medio
2026-01-03 09:00:00,327.48147,333.4609082192856,medio,medio
2026-01-03 10:00:00,327.48147,333.2804491255323,medio,medio
2026-01-03 11:00:00,327.48147,336.4677368098232,medio,medio
2026-01-03 12:00:00,327.48147,339.7969157336162,medio,medio
2026-01-03 13:00:00,327.48147,344.2420815514223,medio,medio
2026-01-03 14:00:00,332.48147,344.98234962016056,medio,medio
2026-01-03 15:00:00,342.48147,349.3774611357565,medio,medio
2026-01-03 16:00:00,352.07947,355.1439067206655,medio,medio
2026-01-03 17:00:00,354.48147,365.8736654475305,medio,medio
2026-01-03 18:00:00,354.48147,367.3395264677966,medio,medio
2026-01-03 19:00:00,354.48147,368.5406719881231,medio,medio
2026-01-03 20:00:00,354.48147,366.95075870121246,medio,medio
2026-01-03 21:00:00,354.48147,366.5557855540085,medio,medio
2026-01-03 22:00:00,352.07947,367.32217253744943,medio,medio
2026-01-03 23:00:00,352.07947,362.7831296796333,medio,medio
2026-01-04 00:00:00,282.47952,362.9661125385277,medio,medio
2026-01-04 01:00:00,282.47952,298.28605399575,medio,medio
2026-01-04 02:00:00,282.47952,295.9822421220069,medio,medio
2026-01-04 03:00:00,282.47952,296.0846112769054,medio,medio
2026-01-04 04:00:00,282.47952,293.5454675338444,medio,medio
2026-01-04 05:00:00,282.47952,292.6029668834124,medio,medio
2026-01-04 06:00:00,282.47952,290.0985131714358,medio,medio
2026-01-04 07:00:00,282.47952,291.10803115381606,medio,medio
2026-01-04 08:00:00,282.47952,291.91823013297113,medio,medio
2026-01-04 09:00:00,268.11152,291.9480715117164,medio,medio
2026-01-04 10:00:00,268.11152,295.5472997108351,medio,medio
2026-01-04 11:00:00,282.47952,294.9587766507619,medio,medio
2026-01-04 12:00:00,282.47952,298.9125720038838,medio,medio
2026-01-04 13:00:00,282.47952,305.8516710400555,medio,medio
2026-01-04 14:00:00,282.47952,309.2488657404792,medio,medio
2026-01-04 15:00:00,282.47952,316.06617099973954,medio,medio
2026-01-04 16:00:00,330.47952,326.69129600880166,medio,medio
2026-01-04 17:00:00,334.47952,339.0162519996731,medio,medio
2026-01-04 18:00:00,347.07752,347.986229783285,medio,medio
2026-01-04 19:00:00,347.07752,351.2441316121973,medio,medio
2026-01-04 20:00:00,347.07752,347.80579115187646,medio,medio
2026-01-04 21:00:00,343.47952,345.1783381275609,medio,medio
2026-01-04 22:00:00,342.47952,340.2782366685712,medio,medio
2026-01-04 23:00:00,334.47952,336.0584378211458,medio,medio
2026-01-05 00:00:00,293.94594,311.8732671165648,medio,medio
2026-01-05 01:00:00,293.94594,292.784275975855,medio,medio
2026-01-05 02:00:00,269.57794,293.0229016312686,medio,medio
2026-01-05 03:00:00,262.43094,293.66795373045306,medio,medio
2026-01-05 04:00:00,269.57794,297.5264005942712,medio,medio
2026-01-05 05:00:00,293.94594,303.9386829086057,medio,medio
2026-01-05 06:00:00,334.16294,303.9743550189534,medio,medio
2026-01-05 07:00:00,334.16294,309.09338467504807,medio,medio
2026-01-05 08:00:00,334.16294,311.5828255906152,medio,medio
2026-01-05 09:00:00,334.16294,313.05607513317227,medio,medio
2026-01-05 10:00:00,334.16294,316.9425187332783,medio,medio
2026-01-05 11:00:00,334.16294,323.10890264152715,medio,medio
2026-01-05 12:00:00,334.16294,329.2871299049423,medio,medio
2026-01-05 13:00:00,338.94594,332.71274792471536,medio,medio
2026-01-05 14:00:00,338.94594,336.74314982616374,medio,medio
2026-01-05 15:00:00,338.94594,339.8553769809819,medio,medio
2026-01-05 16:00:00,338.94594,353.1312618062482,medio,medio
2026-01-05 17:00:00,338.94594,354.3169040545069,medio,medio
2026-01-05 18:00:00,353.94594,360.9355040660309,medio,medio
2026-01-05 19:00:00,353.94594,362.1923330346861,medio,medio
2026-01-05 20:00:00,353.94594,360.69976453255657,medio,medio
2026-01-05 21:00:00,338.94594,357.3448002760153,medio,medio
2026-01-05 22:00:00,338.94594,350.8995236877752,medio,medio
2026-01-05 23:00:00,338.94594,341.4518694520619,medio,medio
2026-01-06 00:00:00,301.18493,319.3561175940365,medio,medio
2026-01-06 01:00:00,301.18493,297.85657551373447,medio,medio
2026-01-06 02:00:00,301.18493,290.2099748983041,medio,medio
2026-01-06 03:00:00,301.18493,286.5894225503311,medio,medio
2026-01-06 04:00:00,301.18493,289.1200981803533,medio,medio
2026-01-06 05:00:00,312.18493,296.10655046219205,medio,medio
2026-01-06 06:00:00,312.18493,307.7632205329832,medio,medio
2026-01-06 07:00:00,312.18493,310.666813337511,medio,medio
2026-01-06 08:00:00,312.18493,314.25016468596306,medio,medio
2026-01-06 09:00:00,312.18493,319.767703980611,medio,medio
2026-01-06 10:00:00,312.18493,322.90387062013514,medio,medio
2026-01-06 11:00:00,312.18493,327.53642144332264,medio,medio
2026-01-06 12:00:00,312.18493,329.679511912675,medio,medio
2026-01-06 13:00:00,312.18493,333.3955720789493,medio,medio
2026-01-06 14:00:00,312.18493,336.2836666145939,medio,medio
2026-01-06 15:00:00,312.18493,339.99620912879044,medio,medio
2026-01-06 16:00:00,339.18493,340.44042292249094,medio,medio
2026-01-06 17:00:00,339.18493,339.606862571374,medio,medio
2026-01-06 18:00:00,349.60093,344.8496645030803,medio,medio
2026-01-06 19:00:00,349.60093,349.1084748119473,medio,medio
2026-01-06 20:00:00,339.18493,348.50732382961513,medio,medio
2026-01-06 21:00:00,339.18493,339.0445035218518,medio,medio
2026-01-06 22:00:00,322.18493,328.9542528484056,medio,medio
2026-01-06 23:00:00,312.18493,319.60775536325724,medio,medio
2026-01-07 00:00:00,252.71747,303.262781559184,medio,medio
2026-01-07 01:00:00,252.71747,261.6964630136277,medio,medio
2026-01-07 02:00:00,245.61747,261.54620543300126,medio,medio
2026-01-07 03:00:00,245.61747,261.0428862963024,medio,medio
2026-01-07 04:00:00,249.61747,260.46764153689537,medio,medio
2026-01-07 05:00:00,252.71747,265.6776453784603,medio,medio
2026-01-07 06:00:00,252.71747,266.3479079278764,medio,medio
2026-01-07 07:00:00,252.71747,267.40806040332893,medio,medio
2026-01-07 08:00:00,252.71747,269.3713114250409,medio,medio
2026-01-07 09:00:00,245.61747,273.66916444472366,medio,medio
2026-01-07 10:00:00,249.61747,278.1999325556868,medio,medio
2026-01-07 11:00:00,252.71747,280.02017563396214,medio,medio
2026-01-07 12:00:00,252.71747,282.8700868305638,medio,medio
2026-01-07 13:00:00,252.71747,286.6403295575818,medio,medio
2026-01-07 14:00:00,261.20247,290.9483458457829,medio,medio
2026-01-07 15:00:00,292.71747,293.50988887069224,medio,medio
2026-01-07 16:00:00,292.71747,301.5813162005329,medio,medio
2026-01-07 17:00:00,312.71747,302.4097334466676,medio,medio
2026-01-07 18:00:00,328.20947,309.33361070070833,medio,medio
2026-01-07 19:00:00,328.20947,315.1694075049485,medio,medio
2026-01-07 20:00:00,328.20947,311.88761787878246,medio,medio
2026-01-07 21:00:00,321.71747,306.0309246331859,medio,medio
2026-01-07 22:00:00,312.71747,289.2013907310713,medio,medio
2026-01-07 23:00:00,292.71747,274.0267048377696,medio,medio
2026-01-08 00:00:00,108.19992,254.980203745702,bajo,medio
2026-01-08 01:00:00,108.19992,138.31282125137434,bajo,bajo
2026-01-08 02:00:00,108.19992,136.13470880876105,bajo,bajo
2026-01-08 03:00:00,108.19992,132.50919136001852,bajo,bajo
2026-01-08 04:00:00,118.19992,141.9008113543832,bajo,bajo
2026-01-08 05:00:00,156.68492,170.05682788166433,bajo,bajo
2026-01-08 06:00:00,118.19992,181.85149408159305,bajo,bajo
2026-01-08 07:00:00,118.19992,188.75578566330444,bajo,bajo
2026-01-08 08:00:00,118.19992,195.51217891435175,bajo,bajo
2026-01-08 09:00:00,108.19992,200.57256781919432,bajo,bajo
2026-01-08 10:00:00,118.19992,207.6763672849909,bajo,medio
2026-01-08 11:00:00,156.68492,216.0738082259344,bajo,medio
2026-01-08 12:00:00,228.19992,220.63347035489767,medio,medio
2026-01-08 13:00:00,118.19992,231.2041565486703,bajo,medio
2026-01-08 14:00:00,238.19992,243.0813714164928,medio,medio
2026-01-08 15:00:00,270.19992,255.501739615212,medio,medio
2026-01-08 16:00:00,270.19992,258.3292708517597,medio,medio
2026-01-08 17:00:00,288.19992,260.21744373097465,medio,medio
2026-01-08 18:00:00,288.19992,274.40391968283734,medio,medio
2026-01-08 19:00:00,288.19992,279.69661512696257,medio,medio
2026-01-08 20:00:00,288.19992,275.37095182740006,medio,medio
2026-01-08 21:00:00,288.19992,267.18681595857146,medio,medio
2026-01-08 22:00:00,270.19992,242.5114876752253,medio,medio
2026-01-08 23:00:00,270.19992,209.8249234754868,medio,medio
2026-01-09 00:00:00,148.95631,150.08084726891877,bajo,bajo
2026-01-09 01:00:00,124.95631,139.43632031260347,bajo,bajo
2026-01-09 02:00:00,124.95631,137.76219251689886,bajo,bajo
2026-01-09 03:00:00,124.95631,136.78532913065467,bajo,bajo
2026-01-09 04:00:00,148.95631,141.34916048872049,bajo,bajo
2026-01-09 05:00:00,148.95631,158.04259473350848,bajo,bajo
2026-01-09 06:00:00,209.95631,149.51637052105323,medio,bajo
2026-01-09 07:00:00,209.95631,153.4529922807794,medio,bajo
2026-01-09 08:00:00,148.95631,157.9894322103892,bajo,bajo
2026-01-09 09:00:00,124.95631,159.78736144833653,bajo,bajo
2026-01-09 10:00:00,124.95631,169.99310723014665,bajo,bajo
2026-01-09 11:00:00,148.95631,183.81037962275136,bajo,bajo
2026-01-09 12:00:00,148.95631,209.13926718547765,bajo,medio
2026-01-09 13:00:00,209.95631,194.6078407636848,medio,bajo
2026-01-09 14:00:00,249.95631,227.9542086786533,medio,medio
2026-01-09 15:00:00,249.95631,245.88785581707165,medio,medio
2026-01-09 16:00:00,249.95631,249.35536183381527,medio,medio
2026-01-09 17:00:00,249.95631,251.47687363929668,medio,medio
2026-01-09 18:00:00,279.95631,279.64992183894395,medio,medio
2026-01-09 19:00:00,279.95631,290.6022927315507,medio,medio
2026-01-09 20:00:00,279.95631,276.9992419139394,medio,medio
2026-01-09 21:00:00,249.95631,259.3828364054161,medio,medio
2026-01-09 22:00:00,249.95631,236.73974425982055,medio,medio
2026-01-09 23:00:00,228.85631,218.15945732271825,medio,medio
2026-01-10 00:00:00,176.78564,167.90479789576773,bajo,bajo
2026-01-10 01:00:00,176.78564,164.6556626960156,bajo,bajo
2026-01-10 02:00:00,165.78564,162.97050916770058,bajo,bajo
2026-01-10 03:00:00,165.78564,163.2407249655006,bajo,bajo
2026-01-10 04:00:00,165.78564,167.62794574395056,bajo,bajo
2026-01-10 05:00:00,176.78564,165.8541502187923,bajo,bajo
2026-01-10 06:00:00,176.78564,177.04625237070323,bajo,bajo
2026-01-10 07:00:00,176.78564,172.46197087776457,bajo,bajo
2026-01-10 08:00:00,151.78564,159.7600470621418,bajo,bajo
2026-01-10 09:00:00,113.86764,155.68835074652765,bajo,bajo
2026-01-10 10:00:00,113.86764,160.41503261089747,bajo,bajo
2026-01-10 11:00:00,151.78564,168.2812806991347,bajo,bajo
2026-01-10 12:00:00,151.78564,171.46871027031182,bajo,bajo
2026-01-10 13:00:00,151.78564,187.85909000168252,bajo,bajo
2026-01-10 14:00:00,176.78564,200.90053588042284,bajo,bajo
2026-01-10 15:00:00,176.78564,206.08194763039572,bajo,medio
2026-01-10 16:00:00,214.78564,212.66287759825863,medio,medio
2026-01-10 17:00:00,276.78564,217.7337382187173,medio,medio
2026-01-10 18:00:00,276.78564,239.33185954152296,medio,medio
2026-01-10 19:00:00,276.78564,248.10889338080605,medio,medio
2026-01-10 20:00:00,276.78564,249.6443265853014,medio,medio
2026-01-10 21:00:00,276.78564,235.492749031988,medio,medio
2026-01-10 22:00:00,276.78564,221.2578741451056,medio,medio
2026-01-10 23:00:00,214.78564,204.10949166239223,medio,medio
2026-01-11 00:00:00,119.10337,183.10353596588763,bajo,bajo
2026-01-11 01:00:00,116.18537,129.1418051456767,bajo,bajo
2026-01-11 02:00:00,116.18537,134.25264790383036,bajo,bajo
2026-01-11 03:00:00,116.18537,135.24204222031543,bajo,bajo
2026-01-11 04:00:00,116.18537,128.3607586201748,bajo,bajo
2026-01-11 05:00:00,116.18537,129.45885612929538,bajo,bajo
2026-01-11 06:00:00,116.18537,130.313122522657,bajo,bajo
2026-01-11 07:00:00,114.73137,130.6053248963487,bajo,bajo
2026-01-11 08:00:00,110.59537,123.3926085164492,bajo,bajo
2026-01-11 09:00:00,110.59537,119.51477251798786,bajo,bajo
2026-01-11 10:00:00,110.59537,123.6205562683253,bajo,bajo
2026-01-11 11:00:00,110.59537,130.29734046753066,bajo,bajo
2026-01-11 12:00:00,112.10337,137.6625715973076,bajo,bajo
2026-01-11 13:00:00,116.17837,144.95121329040293,bajo,bajo
2026-01-11 14:00:00,116.18537,160.81457441776334,bajo,bajo
2026-01-11 15:00:00,116.18537,172.77461037735827,bajo,bajo
2026-01-11 16:00:00,119.10337,193.53063094025904,bajo,bajo
2026-01-11 17:00:00,119.10337,219.6317627684277,bajo,medio
2026-01-11 18:00:00,154.10337,244.9788278996265,bajo,medio
2026-01-11 19:00:00,219.10337,263.40428639380445,medio,medio
2026-01-11 20:00:00,154.10337,266.13722823475086,bajo,medio
2026-01-11 21:00:00,154.10337,260.79472642221816,bajo,medio
2026-01-11 22:00:00,124.10337,240.77784193319368,bajo,medio
2026-01-11 23:00:00,119.10337,203.8933252359258,bajo,medio
2026-01-12 00:00:00,117.87734,167.4017667058083,bajo,bajo
2026-01-12 01:00:00,113.88434,118.72307097142864,bajo,bajo
2026-01-12 02:00:00,113.88434,118.75910770497951,bajo,bajo
2026-01-12 03:00:00,113.88434,116.7795685845151,bajo,bajo
2026-01-12 04:00:00,113.88434,115.38063911773074,bajo,bajo
2026-01-12 05:00:00,113.88434,117.84248584597523,bajo,bajo
2026-01-12 06:00:00,113.88434,118.60768586673588,bajo,bajo
2026-01-12 07:00:00,113.88434,116.38207508436692,bajo,bajo
2026-01-12 08:00:00,113.46634,114.22440185623933,bajo,bajo
2026-01-12 09:00:00,113.46634,117.07963839072232,bajo,bajo
2026-01-12 10:00:00,113.46634,115.88264105306015,bajo,bajo
2026-01-12 11:00:00,151.38434,115.6358977588461,bajo,bajo
2026-01-12 12:00:00,151.38434,115.34884140103082,bajo,bajo
2026-01-12 13:00:00,196.38434,117.11183780625332,bajo,bajo
2026-01-12 14:00:00,196.38434,119.77038521831888,bajo,bajo
2026-01-12 15:00:00,196.38434,124.04232803301056,bajo,bajo
2026-01-12 16:00:00,206.38434,125.58949030206055,medio,bajo
2026-01-12 17:00:00,206.38434,133.39375350829812,medio,bajo
2026-01-12 18:00:00,216.38434,162.78440188157705,medio,bajo
2026-01-12 19:00:00,216.38434,186.17510199886345,medio,bajo
2026-01-12 20:00:00,216.38434,163.66717550814218,medio,bajo
2026-01-12 21:00:00,216.38434,152.41762657755874,medio,bajo
2026-01-12 22:00:00,206.38434,136.29946851301202,medio,bajo
2026-01-12 23:00:00,206.38434,127.53264803537536,medio,bajo
2026-01-13 00:00:00,105.22064,122.36221375043432,bajo,bajo
2026-01-13 01:00:00,105.21064,107.95769422714056,bajo,bajo
2026-01-13 02:00:00,105.21064,108.50552560872556,bajo,bajo
2026-01-13 03:00:00,105.20264,106.58703275810018,bajo,bajo
2026-01-13 04:00:00,105.21064,106.2191143546742,bajo,bajo
2026-01-13 05:00:00,105.22064,113.43481996878346,bajo,bajo
2026-01-13 06:00:00,105.22064,113.3165606133392,bajo,bajo
2026-01-13 07:00:00,105.22064,111.70152684095106,bajo,bajo
2026-01-13 08:00:00,105.22064,112.56137735546956,bajo,bajo
2026-01-13 09:00:00,105.22064,117.0938296390752,bajo,bajo
2026-01-13 10:00:00,105.22064,127.52535205874312,bajo,bajo
2026-01-13 11:00:00,105.22064,141.19927733877046,bajo,bajo
2026-01-13 12:00:00,105.22064,149.19701737947534,bajo,bajo
2026-01-13 13:00:00,105.22064,169.90209437669418,bajo,bajo
2026-01-13 14:00:00,188.12064,182.61374334469693,bajo,bajo
2026-01-13 15:00:00,208.12064,196.54949389018745,medio,bajo
2026-01-13 16:00:00,208.12064,208.94016039959104,medio,medio
2026-01-13 17:00:00,208.12064,211.8953005256025,medio,medio
2026-01-13 18:00:00,209.12064,242.09316212294743,medio,medio
2026-01-13 19:00:00,209.12064,252.25508635887843,medio,medio
2026-01-13 20:00:00,209.12064,228.27210386917204,medio,medio
2026-01-13 21:00:00,208.12064,208.3873258476073,medio,medio
2026-01-13 22:00:00,208.12064,181.4989868090075,medio,bajo
2026-01-13 23:00:00,188.12064,159.09828974121604,bajo,bajo
2026-01-14 00:00:00,109.65888,116.07300512916748,bajo,bajo
2026-01-14 01:00:00,109.65888,108.50020215232756,bajo,bajo
2026-01-14 02:00:00,109.65888,108.14832207729968,bajo,bajo
2026-01-14 03:00:00,109.65888,108.80019560782408,bajo,bajo
2026-01-14 04:00:00,109.65888,109.8430319023148,bajo,bajo
2026-01-14 05:00:00,109.65888,116.7329209935366,bajo,bajo
2026-01-14 06:00:00,109.65888,119.47115390797065,bajo,bajo
2026-01-14 07:00:00,109.65888,118.67356591949442,bajo,bajo
2026-01-14 08:00:00,109.65888,119.24155359022676,bajo,bajo
2026-01-14 09:00:00,109.65888,123.75838737950184,bajo,bajo
2026-01-14 10:00:00,109.65888,131.50343272988218,bajo,bajo
2026-01-14 11:00:00,109.65888,137.88633774511948,bajo,bajo
2026-01-14 12:00:00,109.65888,146.28484152518294,bajo,bajo
2026-01-14 13:00:00,109.65888,154.3476408997431,bajo,bajo
2026-01-14 14:00:00,138.16688,182.9498712123336,bajo,bajo
2026-01-14 15:00:00,138.16688,197.9517734595913,bajo,bajo
2026-01-14 16:00:00,142.16688,206.84338616389013,bajo,medio
2026-01-14 17:00:00,213.16688,201.632269378204,medio,bajo
2026-01-14 18:00:00,213.16688,218.6727439016732,medio,medio
2026-01-14 19:00:00,217.16688,242.6458964781741,medio,medio
2026-01-14 20:00:00,213.16688,235.44254215305887,medio,medio
2026-01-14 21:00:00,213.16688,213.33927250871687,medio,medio
2026-01-14 22:00:00,142.16688,182.56109033177972,bajo,bajo
2026-01-14 23:00:00,138.16688,155.13485587307696,bajo,bajo
2026-01-15 00:00:00,111.95694,118.91780051252864,bajo,bajo
2026-01-15 01:00:00,111.95694,110.16607052152123,bajo,bajo
2026-01-15 02:00:00,111.95694,107.51988971338145,bajo,bajo
2026-01-15 03:00:00,111.95694,106.1218192085872,bajo,bajo
2026-01-15 04:00:00,111.95694,103.92468738255496,bajo,bajo
2026-01-15 05:00:00,111.95694,109.11336654818322,bajo,bajo
2026-01-15 06:00:00,117.54694,111.92975334959652,bajo,bajo
2026-01-15 07:00:00,117.54694,112.61914072979803,bajo,bajo
2026-01-15 08:00:00,117.54694,112.17333233551211,bajo,bajo
2026-01-15 09:00:00,111.95694,111.90688701325224,bajo,bajo
2026-01-15 10:00:00,117.54694,112.16807831289124,bajo,bajo
2026-01-15 11:00:00,117.54694,114.39402709378454,bajo,bajo
2026-01-15 12:00:00,117.54694,117.16043470976754,bajo,bajo
2026-01-15 13:00:00,119.09994,119.77922986287594,bajo,bajo
2026-01-15 14:00:00,190.55694,128.14308500468283,bajo,bajo
2026-01-15 15:00:00,190.55694,133.4762307873906,bajo,bajo
2026-01-15 16:00:00,190.55694,144.50890470560043,bajo,bajo
2026-01-15 17:00:00,190.55694,157.02934966708298,bajo,bajo
2026-01-15 18:00:00,190.55694,174.5746080054524,bajo,bajo
2026-01-15 19:00:00,191.55694,209.09358091581413,bajo,medio
2026-01-15 20:00:00,190.55694,212.43838719668017,bajo,medio
2026-01-15 21:00:00,190.55694,183.34476622816757,bajo,bajo
2026-01-15 22:00:00,190.55694,140.27584377161224,bajo,bajo
2026-01-15 23:00:00,117.54694,127.19193275652437,bajo,bajo
2026-01-16 00:00:00,109.64545,114.90650493755884,bajo,bajo
2026-01-16 01:00:00,109.64545,110.3839593646364,bajo,bajo
2026-01-16 02:00:00,109.64545,109.62113288610314,bajo,bajo
2026-01-16 03:00:00,109.64545,108.34453092806616,bajo,bajo
2026-01-16 04:00:00,109.64545,109.09105269175092,bajo,bajo
2026-01-16 05:00:00,109.64545,111.2778921476082,bajo,bajo
2026-01-16 06:00:00,109.64545,113.36755049830516,bajo,bajo
2026-01-16 07:00:00,109.64545,112.9305296197579,bajo,bajo
2026-01-16 08:00:00,109.64545,112.6476656279429,bajo,bajo
2026-01-16 09:00:00,109.64545,110.90025579449414,bajo,bajo
2026-01-16 10:00:00,109.64545,113.83009183335471,bajo,bajo
2026-01-16 11:00:00,109.64545,114.80741686148832,bajo,bajo
2026-01-16 12:00:00,109.64545,116.12135362879776,bajo,bajo
2026-01-16 13:00:00,109.64545,119.98030682260568,bajo,bajo
2026-01-16 14:00:00,109.64545,136.51768465258036,bajo,bajo
2026-01-16 15:00:00,109.64545,143.41638239555408,bajo,bajo
2026-01-16 16:00:00,113.78145,145.98754671723168,bajo,bajo
2026-01-16 17:00:00,117.24545,149.55866372157726,bajo,bajo
2026-01-16 18:00:00,168.24545,161.49827911628665,bajo,bajo
2026-01-16 19:00:00,168.24545,163.813545017712,bajo,bajo
2026-01-16 20:00:00,168.24545,154.47624253017418,bajo,bajo
2026-01-16 21:00:00,117.24545,148.9183946945235,bajo,bajo
2026-01-16 22:00:00,109.64545,140.83237750282754,bajo,bajo
2026-01-16 23:00:00,109.64545,119.8162534188456,bajo,bajo
2026-01-17 00:00:00,100.55036,112.4919762404329,bajo,bajo
2026-01-17 01:00:00,100.55036,102.58142313238122,bajo,bajo
2026-01-17 02:00:00,100.55036,101.5409520112822,bajo,bajo
2026-01-17 03:00:00,100.55036,101.46823452887836,bajo,bajo
2026-01-17 04:00:00,100.55036,100.75133619007708,bajo,bajo
2026-01-17 05:00:00,100.55036,100.75060784376326,bajo,bajo
2026-01-17 06:00:00,104.68636,101.61702845807774,bajo,bajo
2026-01-17 07:00:00,100.55036,100.98710125699944,bajo,bajo
2026-01-17 08:00:00,100.55036,101.5635798272418,bajo,bajo
2026-01-17 09:00:00,100.55036,101.51600617873564,bajo,bajo
2026-01-17 10:00:00,100.55036,102.09122235616351,bajo,bajo
2026-01-17 11:00:00,100.55036,101.74758694170008,bajo,bajo
2026-01-17 12:00:00,100.55036,101.51021086857186,bajo,bajo
2026-01-17 13:00:00,100.55036,102.58895616100662,bajo,bajo
2026-01-17 14:00:00,100.55036,102.35611271073796,bajo,bajo
2026-01-17 15:00:00,100.55036,103.05880257844186,bajo,bajo
2026-01-17 16:00:00,108.15036,104.09186944776138,bajo,bajo
2026-01-17 17:00:00,114.15036,106.40239736627808,bajo,bajo
2026-01-17 18:00:00,126.15036,118.49933860291522,bajo,bajo
2026-01-17 19:00:00,126.15036,120.46025080972883,bajo,bajo
2026-01-17 20:00:00,126.15036,120.7610554998772,bajo,bajo
2026-01-17 21:00:00,126.15036,108.81791592599276,bajo,bajo
2026-01-17 22:00:00,126.15036,105.063812877227,bajo,bajo
2026-01-17 23:00:00,108.15036,103.8674631334428,bajo,bajo
2026-01-18 00:00:00,105.32193,100.8709507686939,bajo,bajo
2026-01-18 01:00:00,105.32193,104.51097588652604,bajo,bajo
2026-01-18 02:00:00,105.32193,104.2678340611898,bajo,bajo
2026-01-18 03:00:00,103.31193,104.16421313817064,bajo,bajo
2026-01-18 04:00:00,101.85793,103.68533961776616,bajo,bajo
2026-01-18 05:00:00,103.31193,102.57958972081492,bajo,bajo
2026-01-18 06:00:00,97.72193,103.4855772506323,bajo,bajo
2026-01-18 07:00:00,97.72193,102.5889767671841,bajo,bajo
2026-01-18 08:00:00,97.72193,102.29253645193916,bajo,bajo
2026-01-18 09:00:00,97.72193,102.2129976715443,bajo,bajo
2026-01-18 10:00:00,97.72193,102.24154452130055,bajo,bajo
2026-01-18 11:00:00,97.72193,103.12203525619364,bajo,bajo
2026-01-18 12:00:00,97.72193,103.55349565680078,bajo,bajo
2026-01-18 13:00:00,97.72193,102.87450375723937,bajo,bajo
2026-01-18 14:00:00,97.72193,104.1845103530159,bajo,bajo
2026-01-18 15:00:00,97.72193,104.45238620986136,bajo,bajo
2026-01-18 16:00:00,105.32193,107.06127823331528,bajo,bajo
2026-01-18 17:00:00,113.32193,108.8643576449716,bajo,bajo
2026-01-18 18:00:00,166.32193,111.91188189834553,bajo,bajo
2026-01-18 19:00:00,171.32193,113.07196207824832,bajo,bajo
2026-01-18 20:00:00,171.32193,114.28885500672166,bajo,bajo
2026-01-18 21:00:00,166.32193,113.28274548387564,bajo,bajo
2026-01-18 22:00:00,166.32193,111.97284766246536,bajo,bajo
2026-01-18 23:00:00,113.32193,107.16526043480776,bajo,bajo
2026-01-19 00:00:00,111.91666,105.1225491707166,bajo,bajo
2026-01-19 01:00:00,107.91666,110.29920378524628,bajo,bajo
2026-01-19 02:00:00,105.90666,110.88267616431892,bajo,bajo
2026-01-19 03:00:00,107.91666,108.89357201892729,bajo,bajo
2026-01-19 04:00:00,107.91666,109.187021393911,bajo,bajo
2026-01-19 05:00:00,111.91666,110.94592037748272,bajo,bajo
2026-01-19 06:00:00,149.91666,109.39080645104951,bajo,bajo
2026-01-19 07:00:00,149.91666,111.06845924858791,bajo,bajo
2026-01-19 08:00:00,149.91666,113.11134171168317,bajo,bajo
2026-01-19 09:00:00,111.91666,114.9589960754888,bajo,bajo
2026-01-19 10:00:00,149.91666,116.46769527998524,bajo,bajo
2026-01-19 11:00:00,149.91666,118.40173699799249,bajo,bajo
2026-01-19 12:00:00,149.91666,120.84147708197924,bajo,bajo
2026-01-19 13:00:00,149.91666,122.8176773094871,bajo,bajo
2026-01-19 14:00:00,149.91666,125.14732586057464,bajo,bajo
2026-01-19 15:00:00,158.91666,126.17391961510066,bajo,bajo
2026-01-19 16:00:00,173.91666,130.74895763964727,bajo,bajo
2026-01-19 17:00:00,178.91666,131.68503173600328,bajo,bajo
2026-01-19 18:00:00,178.91666,146.93080874517352,bajo,bajo
2026-01-19 19:00:00,178.91666,155.95862883575316,bajo,bajo
2026-01-19 20:00:00,178.91666,156.07103811665385,bajo,bajo
2026-01-19 21:00:00,178.91666,150.18033331921816,bajo,bajo
2026-01-19 22:00:00,178.91666,141.3244159806666,bajo,bajo
2026-01-19 23:00:00,173.91666,120.7114795204566,bajo,bajo
2026-01-20 00:00:00,174.33117,114.71484903516668,bajo,bajo
2026-01-20 01:00:00,174.33117,159.1962045555278,bajo,bajo
2026-01-20 02:00:00,174.33117,155.55344373067922,bajo,bajo
2026-01-20 03:00:00,174.33117,154.7133904390085,bajo,bajo
2026-01-20 04:00:00,174.33117,156.0856973743349,bajo,bajo
2026-01-20 05:00:00,176.23117,160.31718858959252,bajo,bajo
2026-01-20 06:00:00,176.33117,168.32959803717776,bajo,bajo
2026-01-20 07:00:00,176.23117,168.88275183912793,bajo,bajo
2026-01-20 08:00:00,174.33117,169.83927253664396,bajo,bajo
2026-01-20 09:00:00,174.33117,161.56813209814555,bajo,bajo
2026-01-20 10:00:00,174.33117,168.59363125067466,bajo,bajo
2026-01-20 11:00:00,174.33117,169.59213239574498,bajo,bajo
2026-01-20 12:00:00,174.33117,170.84677157427527,bajo,bajo
2026-01-20 13:00:00,176.23117,170.4167874805062,bajo,bajo
2026-01-20 14:00:00,176.33117,171.59506810902292,bajo,bajo
2026-01-20 15:00:00,176.33117,173.04098193139276,bajo,bajo
2026-01-20 16:00:00,176.33117,176.65978120876972,bajo,bajo
2026-01-20 17:00:00,178.33117,178.91596308971236,bajo,bajo
2026-01-20 18:00:00,181.33117,186.16867036698645,bajo,bajo
2026-01-20 19:00:00,191.33117,191.3981477793635,bajo,bajo
2026-01-20 20:00:00,181.33117,187.45584347176415,bajo,bajo
2026-01-20 21:00:00,181.33117,182.5811885458649,bajo,bajo
2026-01-20 22:00:00,178.33117,180.3888459262328,bajo,bajo
2026-01-20 23:00:00,176.33117,176.06235501467285,bajo,bajo
2026-01-21 00:00:00,175.89024,172.20398007535758,bajo,bajo
2026-01-21 01:00:00,175.89024,176.10388808918466,bajo,bajo
2026-01-21 02:00:00,175.89024,175.60699203175932,bajo,bajo
2026-01-21 03:00:00,175.89024,175.64440925357457,bajo,bajo
2026-01-21 04:00:00,175.89024,177.1070302672122,bajo,bajo
2026-01-21 05:00:00,175.89024,181.43024883780325,bajo,bajo
2026-01-21 06:00:00,177.89024,183.6712369485533,bajo,bajo
2026-01-21 07:00:00,175.89024,186.43165188519535,bajo,bajo
2026-01-21 08:00:00,175.89024,187.30028166574928,bajo,bajo
2026-01-21 09:00:00,175.89024,190.88737280603888,bajo,bajo
2026-01-21 10:00:00,175.89024,192.46674397899352,bajo,bajo
2026-01-21 11:00:00,175.89024,194.83240194859,bajo,bajo
2026-01-21 12:00:00,175.89024,197.2155039873062,bajo,bajo
2026-01-21 13:00:00,175.89024,198.24978562238468,bajo,bajo
2026-01-21 14:00:00,175.89024,201.3107992818934,bajo,bajo
2026-01-21 15:00:00,177.89024,201.69376615742945,bajo,bajo
2026-01-21 16:00:00,188.09024,204.63688319285905,bajo,medio
2026-01-21 17:00:00,188.09024,207.29874533622592,bajo,medio
2026-01-21 18:00:00,205.89024,212.92499634580244,medio,medio
2026-01-21 19:00:00,205.89024,218.6849006813568,medio,medio
2026-01-21 20:00:00,195.89024,215.92868138662956,bajo,medio
2026-01-21 21:00:00,188.09024,214.21465111376176,bajo,medio
2026-01-21 22:00:00,188.09024,208.03948306108376,bajo,medio
2026-01-21 23:00:00,180.89024,198.8302767604631,bajo,bajo
2026-01-22 00:00:00,181.84677,194.56623393514965,bajo,bajo
2026-01-22 01:00:00,181.84677,181.54359914341296,bajo,bajo
2026-01-22 02:00:00,181.84677,181.1771305709993,bajo,bajo
2026-01-22 03:00:00,181.84677,180.93503758698188,bajo,bajo
2026-01-22 04:00:00,181.84677,182.42433255852728,bajo,bajo
2026-01-22 05:00:00,181.84677,186.83686229195249,bajo,bajo
2026-01-22 06:00:00,181.84677,188.9865095187404,bajo,bajo
2026-01-22 07:00:00,181.84677,192.46678058490065,bajo,bajo
2026-01-22 08:00:00,181.84677,193.41909639984925,bajo,bajo
2026-01-22 09:00:00,181.84677,199.33277826847305,bajo,bajo
2026-01-22 10:00:00,181.84677,202.67482255083436,bajo,medio
2026-01-22 11:00:00,181.84677,205.3322158686269,bajo,medio
2026-01-22 12:00:00,181.84677,208.10606641186013,bajo,medio
2026-01-22 13:00:00,181.84677,208.935409563115,bajo,medio
2026-01-22 14:00:00,191.16677,212.0094877939221,bajo,medio
2026-01-22 15:00:00,191.16677,213.78160271246497,bajo,medio
2026-01-22 16:00:00,195.84677,219.4388809550006,bajo,medio
2026-01-22 17:00:00,195.84677,219.7313899324699,bajo,medio
2026-01-22 18:00:00,210.84677,227.8738948836139,medio,medio
2026-01-22 19:00:00,220.84677,230.27481752659247,medio,medio
2026-01-22 20:00:00,195.84677,227.081711444757,bajo,medio
2026-01-22 21:00:00,195.84677,222.7504896459413,bajo,medio
2026-01-22 22:00:00,191.16677,215.7835812242815,bajo,medio
2026-01-22 23:00:00,191.16677,207.85100871132124,bajo,medio
2026-01-23 00:00:00,196.7875,202.62518875962328,bajo,medio
2026-01-23 01:00:00,196.7875,194.23013290631,bajo,bajo
2026-01-23 02:00:00,196.7875,194.2600511277202,bajo,bajo
2026-01-23 03:00:00,196.7875,193.87349624787717,bajo,bajo
2026-01-23 04:00:00,196.7875,195.0869766570297,bajo,bajo
2026-01-23 05:00:00,196.7875,197.9805192086781,bajo,bajo
2026-01-23 06:00:00,196.7875,198.5339199607997,bajo,bajo
2026-01-23 07:00:00,196.7875,199.67855962739463,bajo,bajo
2026-01-23 08:00:00,196.7875,199.44381045552612,bajo,bajo
2026-01-23 09:00:00,196.7875,201.7787747038964,bajo,medio
2026-01-23 10:00:00,196.7875,204.0387759014976,bajo,medio
2026-01-23 11:00:00,196.7875,206.21350763755788,bajo,medio
2026-01-23 12:00:00,196.7875,206.8004114498076,bajo,medio
2026-01-23 13:00:00,196.7875,208.31050176475583,bajo,medio
2026-01-23 14:00:00,196.7875,211.73905510977423,bajo,medio
2026-01-23 15:00:00,207.7875,212.76738934731657,medio,medio
2026-01-23 16:00:00,211.3075,215.97875392673404,medio,medio
2026-01-23 17:00:00,211.3075,215.8862292777974,medio,medio
2026-01-23 18:00:00,211.7875,222.77479679583465,medio,medio
2026-01-23 19:00:00,220.7875,224.94903592313383,medio,medio
2026-01-23 20:00:00,211.7875,220.7811908320628,medio,medio
2026-01-23 21:00:00,220.7875,220.5911454164729,medio,medio
2026-01-23 22:00:00,211.7875,216.3183331150888,medio,medio
2026-01-23 23:00:00,211.3075,213.21640205880172,medio,medio
2026-01-24 00:00:00,236.7244,212.0040193438249,medio,medio
2026-01-24 01:00:00,231.7244,228.52073541441573,medio,medio
2026-01-24 02:00:00,201.7244,228.0781397033698,medio,medio
2026-01-24 03:00:00,201.7244,227.980050724077,medio,medio
2026-01-24 04:00:00,201.7244,228.2345945813572,medio,medio
2026-01-24 05:00:00,201.7244,227.84337350629744,medio,medio
2026-01-24 06:00:00,201.7244,227.3968418069925,medio,medio
2026-01-24 07:00:00,201.7244,227.8207976291904,medio,medio
2026-01-24 08:00:00,201.7244,228.20557565057308,medio,medio
2026-01-24 09:00:00,201.7244,227.9049130789192,medio,medio
2026-01-24 10:00:00,201.7244,229.16577946714048,medio,medio
2026-01-24 11:00:00,201.7244,229.07748202302355,medio,medio
2026-01-24 12:00:00,201.7244,228.8572526709896,medio,medio
2026-01-24 13:00:00,201.7244,229.1932686218892,medio,medio
2026-01-24 14:00:00,201.7244,228.77684756062436,medio,medio
2026-01-24 15:00:00,201.7244,231.5038867213735,medio,medio
2026-01-24 16:00:00,206.7244,233.01816686731948,medio,medio
2026-01-24 17:00:00,211.7244,233.70757302953007,medio,medio
2026-01-24 18:00:00,241.9144,235.2734454406472,medio,medio
2026-01-24 19:00:00,241.9144,236.80451005441893,medio,medio
2026-01-24 20:00:00,241.9144,234.8056961804159,medio,medio
2026-01-24 21:00:00,211.7244,235.9924674433861,medio,medio
2026-01-24 22:00:00,211.7244,233.9565167488556,medio,medio
2026-01-24 23:00:00,241.9144,232.9896210592264,medio,medio
2026-01-25 00:00:00,227.85962,237.20619606028032,medio,medio
2026-01-25 01:00:00,227.85962,228.1315412886982,medio,medio
2026-01-25 02:00:00,227.85962,222.2383634837424,medio,medio
2026-01-25 03:00:00,227.85962,221.811090435156,medio,medio
2026-01-25 04:00:00,227.85962,221.60277514742583,medio,medio
2026-01-25 05:00:00,227.85962,220.5296044194021,medio,medio
2026-01-25 06:00:00,227.85962,220.15565406066628,medio,medio
2026-01-25 07:00:00,217.92962,219.95832488904185,medio,medio
2026-01-25 08:00:00,217.92962,221.19425223155207,medio,medio
2026-01-25 09:00:00,217.85962,221.67229174631564,medio,medio
2026-01-25 10:00:00,217.85962,221.63512394156777,medio,medio
2026-01-25 11:00:00,217.85962,223.51289961598275,medio,medio
2026-01-25 12:00:00,217.85962,222.92737121571747,medio,medio
2026-01-25 13:00:00,217.85962,221.5432711743831,medio,medio
2026-01-25 14:00:00,217.92962,222.4410953151625,medio,medio
2026-01-25 15:00:00,217.92962,223.99027667293117,medio,medio
2026-01-25 16:00:00,217.92962,225.3681222546596,medio,medio
2026-01-25 17:00:00,227.85962,229.9236753234511,medio,medio
2026-01-25 18:00:00,253.85962,238.48791430957917,medio,medio
2026-01-25 19:00:00,253.85962,241.71492296167403,medio,medio
2026-01-25 20:00:00,253.85962,241.3950274087367,medio,medio
2026-01-25 21:00:00,253.85962,235.07676691464616,medio,medio
2026-01-25 22:00:00,232.85962,232.8258106896476,medio,medio
2026-01-25 23:00:00,232.85962,237.15943068704615,medio,medio
2026-01-26 00:00:00,235.5724,233.76466242971645,medio,medio
2026-01-26 01:00:00,235.5724,234.1436451238685,medio,medio
2026-01-26 02:00:00,230.5724,233.90287780311712,medio,medio
2026-01-26 03:00:00,230.5724,233.77757742750407,medio,medio
2026-01-26 04:00:00,230.5724,235.01116919718064,medio,medio
2026-01-26 05:00:00,235.5724,237.89248766366276,medio,medio
2026-01-26 06:00:00,248.5724,238.50315460017129,medio,medio
2026-01-26 07:00:00,235.5724,239.11835400062432,medio,medio
2026-01-26 08:00:00,235.5724,242.3373804901373,medio,medio
2026-01-26 09:00:00,235.5724,244.24677110213315,medio,medio
2026-01-26 10:00:00,235.5724,246.47068303513825,medio,medio
2026-01-26 11:00:00,235.5724,249.32869367483812,medio,medio
2026-01-26 12:00:00,235.5724,252.0030880206424,medio,medio
2026-01-26 13:00:00,235.5724,254.26355960822715,medio,medio
2026-01-26 14:00:00,248.5724,256.48677675189253,medio,medio
2026-01-26 15:00:00,248.5724,256.4353354681286,medio,medio
2026-01-26 16:00:00,248.5724,259.0828644807631,medio,medio
2026-01-26 17:00:00,252.5724,263.8306688774565,medio,medio
2026-01-26 18:00:00,291.5234,271.49515330368587,medio,medio
2026-01-26 19:00:00,291.5234,272.38673964507103,medio,medio
2026-01-26 20:00:00,291.5234,272.0404304701609,medio,medio
2026-01-26 21:00:00,291.5234,269.02780012307534,medio,medio
2026-01-26 22:00:00,252.5724,259.8456896606019,medio,medio
2026-01-26 23:00:00,248.5724,255.8971817489862,medio,medio
2026-01-27 00:00:00,259.32244,253.76377184337304,medio,medio
2026-01-27 01:00:00,254.32244,254.2558722755005,medio,medio
2026-01-27 02:00:00,254.32244,253.34200355639203,medio,medio
2026-01-27 03:00:00,254.32244,252.8993599044312,medio,medio
2026-01-27 04:00:00,259.32244,253.692860294167,medio,medio
2026-01-27 05:00:00,259.32244,255.88797790445776,medio,medio
2026-01-27 06:00:00,259.32244,259.37611993817205,medio,medio
2026-01-27 07:00:00,259.32244,258.295508474255,medio,medio
2026-01-27 08:00:00,259.32244,260.43661147843954,medio,medio
2026-01-27 09:00:00,259.32244,263.1983632277378,medio,medio
2026-01-27 10:00:00,259.32244,264.4765298607076,medio,medio
2026-01-27 11:00:00,259.32244,264.19447917902585,medio,medio
2026-01-27 12:00:00,259.32244,266.8820251305906,medio,medio
2026-01-27 13:00:00,259.32244,269.78104458896985,medio,medio
2026-01-27 14:00:00,265.32244,274.4284665750666,medio,medio
2026-01-27 15:00:00,265.32244,274.2806250206784,medio,medio
2026-01-27 16:00:00,267.65544,275.4799757055322,medio,medio
2026-01-27 17:00:00,267.65544,279.6849353462067,medio,medio
2026-01-27 18:00:00,267.65544,290.5350756161908,medio,medio
2026-01-27 19:00:00,285.32244,290.5841919189611,medio,medio
2026-01-27 20:00:00,267.65544,287.79145355856224,medio,medio
2026-01-27 21:00:00,267.65544,283.8061566369506,medio,medio
2026-01-27 22:00:00,265.32244,273.96772225175465,medio,medio
2026-01-27 23:00:00,259.32244,270.778153537241,medio,medio
2026-01-28 00:00:00,253.93714,267.66030214385137,medio,medio
2026-01-28 01:00:00,253.93714,254.367459998877,medio,medio
2026-01-28 02:00:00,253.93714,254.5777516711572,medio,medio
2026-01-28 03:00:00,253.93714,253.542671488432,medio,medio
2026-01-28 04:00:00,253.93714,255.32655339480195,medio,medio
2026-01-28 05:00:00,254.86714,256.9073673752541,medio,medio
2026-01-28 06:00:00,254.86714,258.4865318614447,medio,medio
2026-01-28 07:00:00,254.86714,259.77310621510816,medio,medio
2026-01-28 08:00:00,253.93714,260.70758979909425,medio,medio
2026-01-28 09:00:00,253.93714,263.93365758586856,medio,medio
2026-01-28 10:00:00,254.86714,265.6463377809889,medio,medio
2026-01-28 11:00:00,254.86714,266.33849461498016,medio,medio
2026-01-28 12:00:00,254.86714,269.10281775953985,medio,medio
2026-01-28 13:00:00,254.86714,272.8949599590619,medio,medio
2026-01-28 14:00:00,261.93714,276.62174120652185,medio,medio
2026-01-28 15:00:00,261.93714,277.39327132092285,medio,medio
2026-01-28 16:00:00,264.93714,279.9141736446508,medio,medio
2026-01-28 17:00:00,264.93714,283.6078110817244,medio,medio
2026-01-28 18:00:00,264.93714,286.94936267599,medio,medio
2026-01-28 19:00:00,266.93714,291.64302234668577,medio,medio
2026-01-28 20:00:00,264.93714,285.45350117069773,medio,medio
2026-01-28 21:00:00,264.93714,282.27522273515166,medio,medio
2026-01-28 22:00:00,264.93714,277.5719532733442,medio,medio
2026-01-28 23:00:00,254.86714,271.677087667266,medio,medio
2026-01-29 00:00:00,242.61517,267.03775834135155,medio,medio
2026-01-29 01:00:00,242.61517,244.9547619973252,medio,medio
2026-01-29 02:00:00,242.61517,244.80700256878183,medio,medio
2026-01-29 03:00:00,242.61517,244.3343861431628,medio,medio
2026-01-29 04:00:00,242.61517,244.67161925495355,medio,medio
2026-01-29 05:00:00,242.73817,246.3597962756168,medio,medio
2026-01-29 06:00:00,242.73817,246.8699676492795,medio,medio
2026-01-29 07:00:00,242.73817,247.65447804211232,medio,medio
2026-01-29 08:00:00,242.61517,248.05253797998807,medio,medio
2026-01-29 09:00:00,242.61517,251.63864591504117,medio,medio
2026-01-29 10:00:00,242.73817,253.5856255003557,medio,medio
2026-01-29 11:00:00,242.73817,256.31602047969056,medio,medio
2026-01-29 12:00:00,242.61517,258.63773737494006,medio,medio
2026-01-29 13:00:00,242.73817,260.8245407640286,medio,medio
2026-01-29 14:00:00,242.73817,264.9617809290688,medio,medio
2026-01-29 15:00:00,242.73817,266.83408339668307,medio,medio
2026-01-29 16:00:00,255.61517,269.33791350976145,medio,medio
2026-01-29 17:00:00,255.61517,270.76511902347374,medio,medio
2026-01-29 18:00:00,255.61517,274.40806801280445,medio,medio
2026-01-29 19:00:00,264.61517,276.5515018298864,medio,medio
2026-01-29 20:00:00,255.61517,275.42908924328884,medio,medio
2026-01-29 21:00:00,255.61517,271.63906007522576,medio,medio
2026-01-29 22:00:00,255.61517,265.1966733590352,medio,medio
2026-01-29 23:00:00,242.73817,257.67495000489686,medio,medio
2026-01-30 00:00:00,108.3633,251.3441771873412,bajo,medio
2026-01-30 01:00:00,112.4993,138.97952767036043,bajo,bajo
2026-01-30 02:00:00,112.4993,139.4837323024945,bajo,bajo
2026-01-30 03:00:00,113.9533,141.10288824010837,bajo,bajo
2026-01-30 04:00:00,113.9533,152.33844170156522,bajo,bajo
2026-01-30 05:00:00,247.0863,177.98767349633346,medio,bajo
2026-01-30 06:00:00,247.0863,191.494039024224,medio,bajo
2026-01-30 07:00:00,247.0863,203.03750257611009,medio,medio
2026-01-30 08:00:00,166.9633,214.35156762305976,bajo,medio
2026-01-30 09:00:00,114.9663,223.44441859911703,bajo,medio
2026-01-30 10:00:00,247.0863,227.90540201701685,medio,medio
2026-01-30 11:00:00,247.0863,226.81080804500303,medio,medio
2026-01-30 12:00:00,113.9533,227.56581809774573,bajo,medio
2026-01-30 13:00:00,247.0863,231.67129028498704,medio,medio
2026-01-30 14:00:00,247.0863,235.29610282812317,medio,medio
2026-01-30 15:00:00,251.9633,235.4495514486581,medio,medio
2026-01-30 16:00:00,251.9633,241.73167946960896,medio,medio
2026-01-30 17:00:00,251.9633,242.55028247356773,medio,medio
2026-01-30 18:00:00,256.9633,251.61870572396023,medio,medio
2026-01-30 19:00:00,251.9633,258.4813180370753,medio,medio
2026-01-30 20:00:00,251.9633,253.61471043756592,medio,medio
2026-01-30 21:00:00,251.9633,243.6865922343613,medio,medio
2026-01-30 22:00:00,247.0863,225.37820867663424,medio,medio
2026-01-30 23:00:00,247.0863,197.41869711313427,medio,bajo
2026-01-31 00:00:00,208.1695,149.94539101789212,medio,bajo
2026-01-31 01:00:00,208.1695,190.0290706375432,medio,bajo
2026-01-31 02:00:00,208.1695,188.61200686089336,medio,bajo
2026-01-31 03:00:00,208.1695,188.7886936918244,medio,bajo
2026-01-31 04:00:00,208.1695,188.41650026900075,medio,bajo
2026-01-31 05:00:00,208.1695,211.15225221741736,medio,medio
2026-01-31 06:00:00,208.1695,210.2132892990818,medio,medio
2026-01-31 07:00:00,208.1695,209.23729447856124,medio,medio
2026-01-31 08:00:00,208.1695,196.94754552086675,medio,bajo
2026-01-31 09:00:00,208.1695,187.01533862932175,medio,bajo
2026-01-31 10:00:00,208.1695,215.5374161855884,medio,medio
2026-01-31 11:00:00,208.1695,218.54041055091292,medio,medio
2026-01-31 12:00:00,208.1695,191.29024382566547,medio,bajo
2026-01-31 13:00:00,208.1695,215.12789377269576,medio,medio
2026-01-31 14:00:00,208.1695,216.3239457926418,medio,medio
2026-01-31 15:00:00,208.1695,217.4504937768456,medio,medio
2026-01-31 16:00:00,218.6695,220.0102259300514,medio,medio
2026-01-31 17:00:00,218.6695,225.86446541074892,medio,medio
2026-01-31 18:00:00,218.7925,231.54409517379048,medio,medio
2026-01-31 19:00:00,218.7925,231.316156708123,medio,medio
2026-01-31 20:00:00,218.6695,229.013380931293,medio,medio
2026-01-31 21:00:00,218.6695,225.71650525596243,medio,medio
2026-01-31 22:00:00,218.6695,217.62688350270545,medio,medio
2026-01-31 23:00:00,208.1695,211.5677983356114,medio,medio
2026-02-01 00:00:00,165.00424,201.2409502395362,bajo,bajo
2026-02-01 01:00:00,165.00424,174.75722092654473,bajo,bajo
2026-02-01 02:00:00,165.00424,175.21272216163135,bajo,bajo
2026-02-01 03:00:00,165.00424,175.49859781951488,bajo,bajo
2026-02-01 04:00:00,165.00424,175.16073123224322,bajo,bajo
2026-02-01 05:00:00,165.00424,173.14990413280455,bajo,bajo
2026-02-01 06:00:00,122.36124,174.46705647849302,bajo,bajo
2026-02-01 07:00:00,124.98524,174.94656938656223,bajo,bajo
2026-02-01 08:00:00,165.00424,177.21785735877188,bajo,bajo
2026-02-01 09:00:00,165.00424,181.24228471696577,bajo,bajo
2026-02-01 10:00:00,165.00424,182.3115738524924,bajo,bajo
2026-02-01 11:00:00,165.00424,184.92946267027463,bajo,bajo
2026-02-01 12:00:00,165.00424,185.99218396732712,bajo,bajo
2026-02-01 13:00:00,165.00424,186.53821091725771,bajo,bajo
2026-02-01 14:00:00,165.00424,187.2101524847831,bajo,bajo
2026-02-01 15:00:00,165.00424,190.2898771718708,bajo,bajo
2026-02-01 16:00:00,165.00424,195.31963087598805,bajo,bajo
2026-02-01 17:00:00,165.00424,201.3500078830812,bajo,bajo
2026-02-01 18:00:00,215.50424,209.774142764393,medio,medio
2026-02-01 19:00:00,215.50424,215.0896327463717,medio,medio
2026-02-01 20:00:00,215.50424,211.81815736793783,medio,medio
2026-02-01 21:00:00,215.50424,208.158715211395,medio,medio
2026-02-01 22:00:00,190.50424,200.1062711721224,bajo,bajo
2026-02-01 23:00:00,165.00424,189.2352713695877,bajo,bajo
2026-02-02 00:00:00,105.56538,176.09296831928688,bajo,bajo
2026-02-02 01:00:00,105.56538,119.10480756744336,bajo,bajo
2026-02-02 02:00:00,105.56538,117.29207134993112,bajo,bajo
2026-02-02 03:00:00,105.56538,116.61820033052057,bajo,bajo
2026-02-02 04:00:00,105.56538,126.09741783799151,bajo,bajo
2026-02-02 05:00:00,109.70438,142.80929575189757,bajo,bajo
2026-02-02 06:00:00,111.06838,138.19228842929448,bajo,bajo
2026-02-02 07:00:00,111.06838,143.6513176651125,bajo,bajo
2026-02-02 08:00:00,109.70438,157.90677377338687,bajo,bajo
2026-02-02 09:00:00,109.70438,166.08286661991713,bajo,bajo
2026-02-02 10:00:00,111.06838,168.6795521170079,bajo,bajo
2026-02-02 11:00:00,111.06838,168.1374327018566,bajo,bajo
2026-02-02 12:00:00,109.70438,169.845679352737,bajo,bajo
2026-02-02 13:00:00,111.06838,173.79867829668916,bajo,bajo
2026-02-02 14:00:00,111.06838,179.73360495617868,bajo,bajo
2026-02-02 15:00:00,194.33438,182.86300341791983,bajo,bajo
2026-02-02 16:00:00,194.33438,188.9617527839985,bajo,bajo
2026-02-02 17:00:00,194.33438,191.02599375095508,bajo,bajo
2026-02-02 18:00:00,204.21138,211.67050730958331,medio,medio
2026-02-02 19:00:00,204.21138,218.37584274005263,medio,medio
2026-02-02 20:00:00,204.21138,211.27948576796985,medio,medio
2026-02-02 21:00:00,194.33438,199.40877271713416,bajo,bajo
2026-02-02 22:00:00,194.33438,172.92076173179424,bajo,bajo
2026-02-02 23:00:00,111.06838,147.87729266980566,bajo,bajo
2026-02-03 00:00:00,119.29749,118.07538170869688,bajo,bajo
2026-02-03 01:00:00,119.29749,114.2524035754022,bajo,bajo
2026-02-03 02:00:00,119.29749,111.75314119701628,bajo,bajo
2026-02-03 03:00:00,119.29749,111.89956249453088,bajo,bajo
2026-02-03 04:00:00,119.29749,114.30751751768722,bajo,bajo
2026-02-03 05:00:00,119.29749,119.36931988183784,bajo,bajo
2026-02-03 06:00:00,119.29749,118.70361441193174,bajo,bajo
2026-02-03 07:00:00,119.29749,119.12494914963035,bajo,bajo
2026-02-03 08:00:00,119.29849,117.70349201191806,bajo,bajo
2026-02-03 09:00:00,119.29749,120.60729683765302,bajo,bajo
2026-02-03 10:00:00,119.29749,126.05151948867096,bajo,bajo
2026-02-03 11:00:00,119.29749,129.17509046781024,bajo,bajo
2026-02-03 12:00:00,119.29749,127.76651255123868,bajo,bajo
2026-02-03 13:00:00,119.29749,137.10212772495288,bajo,bajo
2026-02-03 14:00:00,123.43349,141.57906808799595,bajo,bajo
2026-02-03 15:00:00,123.43449,166.73371057810908,bajo,bajo
2026-02-03 16:00:00,126.43949,175.6345760659889,bajo,bajo
2026-02-03 17:00:00,187.94349,180.5007776655113,bajo,bajo
2026-02-03 18:00:00,187.94349,208.03068701589575,bajo,medio
2026-02-03 19:00:00,187.94349,214.4074548105245,bajo,medio
2026-02-03 20:00:00,187.94349,191.8347372818032,bajo,bajo
2026-02-03 21:00:00,187.94349,166.4790715497072,bajo,bajo
2026-02-03 22:00:00,124.80049,148.65686469960923,bajo,bajo
2026-02-03 23:00:00,123.43349,120.13974142397008,bajo,bajo
2026-02-04 00:00:00,120.65612,114.8967831535972,bajo,bajo
2026-02-04 01:00:00,120.65512,116.2185338037466,bajo,bajo
2026-02-04 02:00:00,120.65512,114.44298366621682,bajo,bajo
2026-02-04 03:00:00,120.65512,114.87973511630985,bajo,bajo
2026-02-04 04:00:00,120.75212,116.78758595237224,bajo,bajo
2026-02-04 05:00:00,143.24912,119.7968426582038,bajo,bajo
2026-02-04 06:00:00,143.24912,121.67304681801494,bajo,bajo
2026-02-04 07:00:00,143.24912,119.3220564439747,bajo,bajo
2026-02-04 08:00:00,120.65612,119.32354647081392,bajo,bajo
2026-02-04 09:00:00,115.24912,120.01263253244788,bajo,bajo
2026-02-04 10:00:00,120.65512,120.46953424991442,bajo,bajo
2026-02-04 11:00:00,120.65512,120.2931121501288,bajo,bajo
2026-02-04 12:00:00,120.65512,118.93523889885287,bajo,bajo
2026-02-04 13:00:00,143.24912,124.40492269345884,bajo,bajo
2026-02-04 14:00:00,143.24912,126.2864743690618,bajo,bajo
2026-02-04 15:00:00,162.99512,129.86599517263352,bajo,bajo
2026-02-04 16:00:00,162.99512,134.71677837281612,bajo,bajo
2026-02-04 17:00:00,173.99512,145.67846327197384,bajo,bajo
2026-02-04 18:00:00,173.99512,161.0057161974432,bajo,bajo
2026-02-04 19:00:00,203.89512,185.6416515757473,medio,bajo
2026-02-04 20:00:00,173.99512,183.52908591135167,bajo,bajo
2026-02-04 21:00:00,173.99512,159.13443436382707,bajo,bajo
2026-02-04 22:00:00,162.99512,126.945101262546,bajo,bajo
2026-02-04 23:00:00,162.99512,118.73553689755958,bajo,bajo
2026-02-05 00:00:00,116.19335,114.45980309210678,bajo,bajo
2026-02-05 01:00:00,116.19335,116.32371085835364,bajo,bajo
2026-02-05 02:00:00,116.19335,115.71701667966008,bajo,bajo
2026-02-05 03:00:00,116.19335,115.35964725720576,bajo,bajo
2026-02-05 04:00:00,116.19335,116.48981767796748,bajo,bajo
2026-02-05 05:00:00,121.69635,125.18567339760784,bajo,bajo
2026-02-05 06:00:00,123.83935,127.07549701661476,bajo,bajo
2026-02-05 07:00:00,123.83935,126.38384553069992,bajo,bajo
2026-02-05 08:00:00,121.59935,122.79047979167136,bajo,bajo
2026-02-05 09:00:00,116.19335,121.02373195931828,bajo,bajo
2026-02-05 10:00:00,116.19335,124.18295530724052,bajo,bajo
2026-02-05 11:00:00,121.59935,126.4874626297228,bajo,bajo
2026-02-05 12:00:00,121.59935,130.57952188783858,bajo,bajo
2026-02-05 13:00:00,121.60035,139.61965402626686,bajo,bajo
2026-02-05 14:00:00,142.95035,143.7557707999056,bajo,bajo
2026-02-05 15:00:00,142.95035,153.92267686923833,bajo,bajo
2026-02-05 16:00:00,143.83935,161.30353141262034,bajo,bajo
2026-02-05 17:00:00,143.83935,160.99129182901623,bajo,bajo
2026-02-05 18:00:00,143.83935,176.69168185021027,bajo,bajo
2026-02-05 19:00:00,204.83935,199.5676915866877,medio,bajo
2026-02-05 20:00:00,143.83935,188.7048487941202,bajo,bajo
2026-02-05 21:00:00,143.83935,168.78647633014856,bajo,bajo
2026-02-05 22:00:00,142.95035,146.80934541781264,bajo,bajo
2026-02-05 23:00:00,142.95035,136.69555434012508,bajo,bajo
2026-02-06 00:00:00,121.47377,117.10504064299931,bajo,bajo
2026-02-06 01:00:00,121.47377,121.02600976002628,bajo,bajo
2026-02-06 02:00:00,121.47377,120.02898617528297,bajo,bajo
2026-02-06 03:00:00,121.37777,119.83070577519987,bajo,bajo
2026-02-06 04:00:00,121.47377,119.14477426672994,bajo,bajo
2026-02-06 05:00:00,129.61677,121.1684894735271,bajo,bajo
2026-02-06 06:00:00,129.61677,122.72061604681625,bajo,bajo
2026-02-06 07:00:00,129.61677,122.99163513472672,bajo,bajo
2026-02-06 08:00:00,129.61677,122.98196378547452,bajo,bajo
2026-02-06 09:00:00,129.61677,122.02365519516744,bajo,bajo
2026-02-06 10:00:00,129.61677,123.12679460496965,bajo,bajo
2026-02-06 11:00:00,129.61677,124.5289178430628,bajo,bajo
2026-02-06 12:00:00,129.61677,124.57508017083302,bajo,bajo
2026-02-06 13:00:00,129.61677,124.91334376480378,bajo,bajo
2026-02-06 14:00:00,129.61677,129.86157672499004,bajo,bajo
2026-02-06 15:00:00,129.61677,131.46196914370245,bajo,bajo
2026-02-06 16:00:00,129.61677,132.78974607152708,bajo,bajo
2026-02-06 17:00:00,129.61677,135.62863265296525,bajo,bajo
2026-02-06 18:00:00,144.72777,140.42636217148475,bajo,bajo
2026-02-06 19:00:00,144.72777,152.06475266912153,bajo,bajo
2026-02-06 20:00:00,144.72777,136.23330515372828,bajo,bajo
2026-02-06 21:00:00,144.72777,133.70298542250595,bajo,bajo
2026-02-06 22:00:00,129.61677,130.7324156690523,bajo,bajo
2026-02-06 23:00:00,129.61677,128.33870992110445,bajo,bajo
2026-02-07 00:00:00,114.18896,122.20373761004006,bajo,bajo
2026-02-07 01:00:00,114.18896,115.749495164969,bajo,bajo
2026-02-07 02:00:00,114.18896,115.27139641850532,bajo,bajo
2026-02-07 03:00:00,114.18896,115.20037506018151,bajo,bajo
2026-02-07 04:00:00,114.18896,114.63300546202667,bajo,bajo
2026-02-07 05:00:00,114.18896,116.5327206779775,bajo,bajo
2026-02-07 06:00:00,114.18896,117.08325227558052,bajo,bajo
2026-02-07 07:00:00,114.18896,117.00825559716831,bajo,bajo
2026-02-07 08:00:00,114.18896,117.33742716939317,bajo,bajo
2026-02-07 09:00:00,114.18896,117.2174046213264,bajo,bajo
2026-02-07 10:00:00,114.18896,117.96862200669932,bajo,bajo
2026-02-07 11:00:00,114.18896,117.763023708762,bajo,bajo
2026-02-07 12:00:00,114.18896,117.37518458576272,bajo,bajo
2026-02-07 13:00:00,114.18896,117.63599109799584,bajo,bajo
2026-02-07 14:00:00,114.18896,117.90781503628986,bajo,bajo
2026-02-07 15:00:00,114.18896,117.92699784201116,bajo,bajo
2026-02-07 16:00:00,114.18896,117.9972361077709,bajo,bajo
2026-02-07 17:00:00,117.18896,119.17548891511422,bajo,bajo
2026-02-07 18:00:00,117.18896,123.5858148236946,bajo,bajo
2026-02-07 19:00:00,117.18896,124.15059093222322,bajo,bajo
2026-02-07 20:00:00,117.18896,124.31788231370396,bajo,bajo
2026-02-07 21:00:00,117.18896,123.42049150602872,bajo,bajo
2026-02-07 22:00:00,114.68896,119.16038162951229,bajo,bajo
2026-02-07 23:00:00,114.18896,117.50581459571376,bajo,bajo
2026-02-08 00:00:00,109.22942,113.4632749160739,bajo,bajo
2026-02-08 01:00:00,109.22942,110.21017339011294,bajo,bajo
2026-02-08 02:00:00,109.22942,110.10307691992114,bajo,bajo
2026-02-08 03:00:00,109.22942,109.80390218080515,bajo,bajo
2026-02-08 04:00:00,109.22942,109.30553109301786,bajo,bajo
2026-02-08 05:00:00,109.22942,109.13039975692328,bajo,bajo
2026-02-08 06:00:00,109.22942,109.40272066547844,bajo,bajo
2026-02-08 07:00:00,103.82342,109.76284319476588,bajo,bajo
2026-02-08 08:00:00,103.82342,109.47408381335497,bajo,bajo
2026-02-08 09:00:00,103.82342,109.47229159450085,bajo,bajo
2026-02-08 10:00:00,103.82342,109.44379714844132,bajo,bajo
2026-02-08 11:00:00,103.82342,109.20856710344408,bajo,bajo
2026-02-08 12:00:00,103.82342,109.4947775194557,bajo,bajo
2026-02-08 13:00:00,103.82342,109.41653805177134,bajo,bajo
2026-02-08 14:00:00,103.82342,109.67529217537756,bajo,bajo
2026-02-08 15:00:00,109.22942,109.688830686184,bajo,bajo
2026-02-08 16:00:00,110.66942,110.18316005556083,bajo,bajo
2026-02-08 17:00:00,110.66942,112.42474324829078,bajo,bajo
2026-02-08 18:00:00,113.58042,112.65162414094058,bajo,bajo
2026-02-08 19:00:00,122.58042,113.01879888145316,bajo,bajo
2026-02-08 20:00:00,122.58042,113.0588660528295,bajo,bajo
2026-02-08 21:00:00,122.36942,112.8045145363355,bajo,bajo
2026-02-08 22:00:00,110.66942,111.79890746785192,bajo,bajo
2026-02-08 23:00:00,110.66942,110.7556609265342,bajo,bajo
2026-02-09 00:00:00,111.65248,109.0211107326985,bajo,bajo
2026-02-09 01:00:00,111.65248,111.38481268166343,bajo,bajo
2026-02-09 02:00:00,111.65248,111.13778293059669,bajo,bajo
2026-02-09 03:00:00,113.53648,110.99599805350437,bajo,bajo
2026-02-09 04:00:00,113.69548,111.19168407926134,bajo,bajo
2026-02-09 05:00:00,113.69548,109.98534258098186,bajo,bajo
2026-02-09 06:00:00,113.69548,110.56692990546584,bajo,bajo
2026-02-09 07:00:00,113.69548,109.1073887000494,bajo,bajo
2026-02-09 08:00:00,113.69548,110.59538688365,bajo,bajo
2026-02-09 09:00:00,111.65248,110.62303809639243,bajo,bajo
2026-02-09 10:00:00,113.53648,111.02691422230114,bajo,bajo
2026-02-09 11:00:00,113.69548,112.37048876150796,bajo,bajo
2026-02-09 12:00:00,111.65248,113.46632358326856,bajo,bajo
2026-02-09 13:00:00,113.69548,113.93985803655625,bajo,bajo
2026-02-09 14:00:00,113.69548,115.24496464576777,bajo,bajo
2026-02-09 15:00:00,113.69548,117.1131309553398,bajo,bajo
2026-02-09 16:00:00,116.90648,118.92089843765108,bajo,bajo
2026-02-09 17:00:00,116.90648,120.07272796124352,bajo,bajo
2026-02-09 18:00:00,118.79548,126.4228376048044,bajo,bajo
2026-02-09 19:00:00,118.79548,132.01227558429036,bajo,bajo
2026-02-09 20:00:00,118.79548,128.71051182173176,bajo,bajo
2026-02-09 21:00:00,118.79548,124.6512092702159,bajo,bajo
2026-02-09 22:00:00,116.90648,118.10095333837386,bajo,bajo
2026-02-09 23:00:00,116.90648,114.28377913136066,bajo,bajo
2026-02-10 00:00:00,113.62716,112.68152429137362,bajo,bajo
2026-02-10 01:00:00,113.62716,113.88698859064525,bajo,bajo
2026-02-10 02:00:00,113.62716,113.42867205213406,bajo,bajo
2026-02-10 03:00:00,113.62716,113.30096309905764,bajo,bajo
2026-02-10 04:00:00,113.62716,113.6239737206594,bajo,bajo
2026-02-10 05:00:00,113.62716,115.50110216518136,bajo,bajo
2026-02-10 06:00:00,113.62716,115.8905109374623,bajo,bajo
2026-02-10 07:00:00,113.62716,116.6721279035484,bajo,bajo
2026-02-10 08:00:00,113.62716,117.7172550221972,bajo,bajo
2026-02-10 09:00:00,113.62716,119.50285210587492,bajo,bajo
2026-02-10 10:00:00,113.62716,119.3987136109279,bajo,bajo
2026-02-10 11:00:00,113.62716,121.31123660421466,bajo,bajo
2026-02-10 12:00:00,113.62716,121.6430721110583,bajo,bajo
2026-02-10 13:00:00,113.62716,122.76082457837134,bajo,bajo
2026-02-10 14:00:00,113.62716,124.53802073294514,bajo,bajo
2026-02-10 15:00:00,113.62716,123.77423124455838,bajo,bajo
2026-02-10 16:00:00,119.03316,125.0967924359618,bajo,bajo
2026-02-10 17:00:00,119.13016,125.79195427466786,bajo,bajo
2026-02-10 18:00:00,132.27316,129.69026228036006,bajo,bajo
2026-02-10 19:00:00,132.27316,132.56313519014935,bajo,bajo
2026-02-10 20:00:00,132.27316,131.23098931071797,bajo,bajo
2026-02-10 21:00:00,122.27416,127.68878069853496,bajo,bajo
2026-02-10 22:00:00,119.13016,121.58887027058756,bajo,bajo
2026-02-10 23:00:00,113.62716,117.36129832303745,bajo,bajo
2026-02-11 00:00:00,126.72728,113.04070864339693,bajo,bajo
2026-02-11 01:00:00,126.72728,124.41019282915832,bajo,bajo
2026-02-11 02:00:00,126.72728,124.0615594466544,bajo,bajo
2026-02-11 03:00:00,126.72728,122.44157973189698,bajo,bajo
2026-02-11 04:00:00,126.72728,122.96588947306545,bajo,bajo
2026-02-11 05:00:00,132.13328,123.79494564086036,bajo,bajo
2026-02-11 06:00:00,132.23028,123.73668397286724,bajo,bajo
2026-02-11 07:00:00,132.13328,123.39584933659994,bajo,bajo
2026-02-11 08:00:00,126.72728,123.1096467574274,bajo,bajo
2026-02-11 09:00:00,126.72728,123.70141918017896,bajo,bajo
2026-02-11 10:00:00,126.72728,124.3238562620426,bajo,bajo
2026-02-11 11:00:00,126.72728,124.79299852259652,bajo,bajo
2026-02-11 12:00:00,126.72728,125.72649941277932,bajo,bajo
2026-02-11 13:00:00,126.72728,126.82328985086474,bajo,bajo
2026-02-11 14:00:00,132.23028,126.38146247448832,bajo,bajo
2026-02-11 15:00:00,132.23028,127.12999687526084,bajo,bajo
2026-02-11 16:00:00,134.37328,128.69656622955569,bajo,bajo
2026-02-11 17:00:00,134.37328,129.40967614393844,bajo,bajo
2026-02-11 18:00:00,147.48428,133.32618098328751,bajo,bajo
2026-02-11 19:00:00,147.48428,136.30104013126078,bajo,bajo
2026-02-11 20:00:00,147.48428,136.03810857593248,bajo,bajo
2026-02-11 21:00:00,135.37328,132.51432203528844,bajo,bajo
2026-02-11 22:00:00,134.37328,128.99379997327995,bajo,bajo
2026-02-11 23:00:00,134.37328,124.82068084743489,bajo,bajo
2026-02-12 00:00:00,127.02862,125.90143093682092,bajo,bajo
2026-02-12 01:00:00,126.02862,127.42198619796838,bajo,bajo
2026-02-12 02:00:00,126.02862,127.0063995250027,bajo,bajo
2026-02-12 03:00:00,126.02862,126.86883311564944,bajo,bajo
2026-02-12 04:00:00,127.02862,127.64925302993836,bajo,bajo
2026-02-12 05:00:00,128.02862,129.39244425806817,bajo,bajo
2026-02-12 06:00:00,128.02862,129.30765848324748,bajo,bajo
2026-02-12 07:00:00,128.02862,129.90921359111917,bajo,bajo
2026-02-12 08:00:00,126.02862,129.27453638486332,bajo,bajo
2026-02-12 09:00:00,125.88562,130.28603985638088,bajo,bajo
2026-02-12 10:00:00,125.88562,130.9312162494731,bajo,bajo
2026-02-12 11:00:00,126.02862,131.09557447148168,bajo,bajo
2026-02-12 12:00:00,126.02862,131.68825159192286,bajo,bajo
2026-02-12 13:00:00,127.02862,133.66660615311844,bajo,bajo
2026-02-12 14:00:00,128.02862,135.3822441620671,bajo,bajo
2026-02-12 15:00:00,128.02862,135.7125384796085,bajo,bajo
2026-02-12 16:00:00,129.02862,137.17022472528043,bajo,bajo
2026-02-12 17:00:00,134.02962,138.33258076025936,bajo,bajo
2026-02-12 18:00:00,134.02962,142.68558558491296,bajo,bajo
2026-02-12 19:00:00,139.02862,143.4443894235992,bajo,bajo
2026-02-12 20:00:00,139.02862,141.54530513841485,bajo,bajo
2026-02-12 21:00:00,134.02962,137.98249510971382,bajo,bajo
2026-02-12 22:00:00,134.02962,134.94625861648336,bajo,bajo
2026-02-12 23:00:00,128.02862,132.2599520699111,bajo,bajo
2026-02-13 00:00:00,118.63686,128.90484533317826,bajo,bajo
2026-02-13 01:00:00,118.63686,120.4041236955508,bajo,bajo
2026-02-13 02:00:00,118.63686,120.15480485774836,bajo,bajo
2026-02-13 03:00:00,118.63686,120.12547617854013,bajo,bajo
2026-02-13 04:00:00,118.63686,121.18105308267393,bajo,bajo
2026-02-13 05:00:00,118.63686,122.32004184336824,bajo,bajo
2026-02-13 06:00:00,118.63686,123.953366550625,bajo,bajo
2026-02-13 07:00:00,118.63686,125.52344896092156,bajo,bajo
2026-02-13 08:00:00,118.63686,126.20364959550568,bajo,bajo
2026-02-13 09:00:00,118.63686,127.38755093677788,bajo,bajo
2026-02-13 10:00:00,118.63686,128.44547982946685,bajo,bajo
2026-02-13 11:00:00,118.63686,128.077444966237,bajo,bajo
2026-02-13 12:00:00,118.63686,129.13161230519796,bajo,bajo
2026-02-13 13:00:00,118.63686,129.38288006527395,bajo,bajo
2026-02-13 14:00:00,118.83586,129.43910186140215,bajo,bajo
2026-02-13 15:00:00,119.77286,130.01048441079314,bajo,bajo
2026-02-13 16:00:00,119.83686,131.7504978378003,bajo,bajo
2026-02-13 17:00:00,121.93786,133.40636839403226,bajo,bajo
2026-02-13 18:00:00,121.93786,135.01738734039174,bajo,bajo
2026-02-13 19:00:00,121.93786,136.4681536527301,bajo,bajo
2026-02-13 20:00:00,121.93786,135.11349090865744,bajo,bajo
2026-02-13 21:00:00,121.93786,131.6802217949742,bajo,bajo
2026-02-13 22:00:00,119.83686,128.4853474517719,bajo,bajo
2026-02-13 23:00:00,118.83586,125.51521332822624,bajo,bajo
2026-02-14 00:00:00,116.55786,121.8931564209272,bajo,bajo
2026-02-14 01:00:00,116.55786,117.33636918053612,bajo,bajo
2026-02-14 02:00:00,114.75686,116.88265844005676,bajo,bajo
2026-02-14 03:00:00,114.75686,117.31631470983524,bajo,bajo
2026-02-14 04:00:00,114.75686,117.28252847960415,bajo,bajo
2026-02-14 05:00:00,116.55786,116.50528162794018,bajo,bajo
2026-02-14 06:00:00,116.55786,117.17944283548591,bajo,bajo
2026-02-14 07:00:00,116.55786,117.88967792688288,bajo,bajo
2026-02-14 08:00:00,116.55786,118.72507296276052,bajo,bajo
2026-02-14 09:00:00,114.75686,118.72134131173992,bajo,bajo
2026-02-14 10:00:00,114.75686,120.49692001159558,bajo,bajo
2026-02-14 11:00:00,114.75686,120.33359293254236,bajo,bajo
2026-02-14 12:00:00,114.75686,120.24870782534988,bajo,bajo
2026-02-14 13:00:00,114.75686,120.30483680079335,bajo,bajo
2026-02-14 14:00:00,114.75686,120.81316012530525,bajo,bajo
2026-02-14 15:00:00,116.55786,121.06939195548765,bajo,bajo
2026-02-14 16:00:00,116.55786,121.25186932391108,bajo,bajo
2026-02-14 17:00:00,119.85886,122.43607725156588,bajo,bajo
2026-02-14 18:00:00,168.75786,123.0822141543317,bajo,bajo
2026-02-14 19:00:00,168.75786,122.83224409695848,bajo,bajo
2026-02-14 20:00:00,119.85886,122.39047415954354,bajo,bajo
2026-02-14 21:00:00,168.75786,121.68828341255283,bajo,bajo
2026-02-14 22:00:00,119.85886,119.72491592082906,bajo,bajo
2026-02-14 23:00:00,116.55786,118.13578669886437,bajo,bajo
2026-02-15 00:00:00,112.70936,116.94819445255791,bajo,bajo
2026-02-15 01:00:00,112.70936,113.66709703587196,bajo,bajo
2026-02-15 02:00:00,112.70936,113.26939666788944,bajo,bajo
2026-02-15 03:00:00,112.70936,113.23843386720546,bajo,bajo
2026-02-15 04:00:00,112.70936,112.751314945283,bajo,bajo
2026-02-15 05:00:00,112.70936,111.57579555227382,bajo,bajo
2026-02-15 06:00:00,112.70936,111.57731709745852,bajo,bajo
2026-02-15 07:00:00,110.66936,112.104387951516,bajo,bajo
2026-02-15 08:00:00,110.66936,113.4135423912947,bajo,bajo
2026-02-15 09:00:00,105.26336,113.67268339591038,bajo,bajo
2026-02-15 10:00:00,105.26336,114.5946797160114,bajo,bajo
2026-02-15 11:00:00,105.26336,116.40508914748996,bajo,bajo
2026-02-15 12:00:00,110.66936,116.94100289126114,bajo,bajo
2026-02-15 13:00:00,110.66936,115.99290654840688,bajo,bajo
2026-02-15 14:00:00,112.70936,116.22076438553448,bajo,bajo
2026-02-15 15:00:00,112.70936,116.50697254657578,bajo,bajo
2026-02-15 16:00:00,112.70936,116.5970463411488,bajo,bajo
2026-02-15 17:00:00,116.00836,119.97522868822936,bajo,bajo
2026-02-15 18:00:00,164.90936,133.48082382698178,bajo,bajo
2026-02-15 19:00:00,164.90936,134.38201546509987,bajo,bajo
2026-02-15 20:00:00,164.90936,121.76452954357065,bajo,bajo
2026-02-15 21:00:00,164.90936,131.53593754341563,bajo,bajo
2026-02-15 22:00:00,116.00836,118.89141498898732,bajo,bajo
2026-02-15 23:00:00,116.00836,115.25034980139333,bajo,bajo
2026-02-16 00:00:00,109.05489,114.04338449360728,bajo,bajo
2026-02-16 01:00:00,109.05489,110.02982220306043,bajo,bajo
2026-02-16 02:00:00,109.05489,109.99606506459364,bajo,bajo
2026-02-16 03:00:00,109.05489,110.4632743430135,bajo,bajo
2026-02-16 04:00:00,109.15189,111.02829118068476,bajo,bajo
2026-02-16 05:00:00,111.09489,113.57357124967686,bajo,bajo
2026-02-16 06:00:00,111.09489,113.5111268086103,bajo,bajo
2026-02-16 07:00:00,111.09489,114.03425284036572,bajo,bajo
2026-02-16 08:00:00,111.09489,115.5930228803954,bajo,bajo
2026-02-16 09:00:00,109.15189,118.59573788927322,bajo,bajo
2026-02-16 10:00:00,111.09489,120.18582943316532,bajo,bajo
2026-02-16 11:00:00,111.09489,123.03507910013865,bajo,bajo
2026-02-16 12:00:00,111.09489,126.45302180031987,bajo,bajo
2026-02-16 13:00:00,111.09489,129.1360453703606,bajo,bajo
2026-02-16 14:00:00,111.09489,134.48560814096064,bajo,bajo
2026-02-16 15:00:00,111.09489,136.5790648105511,bajo,bajo
2026-02-16 16:00:00,112.29489,140.3414646592796,bajo,bajo
2026-02-16 17:00:00,112.29489,143.86719986412388,bajo,bajo
2026-02-16 18:00:00,117.30589,159.3778703123332,bajo,bajo
2026-02-16 19:00:00,117.30589,161.92134786912067,bajo,bajo
2026-02-16 20:00:00,117.30589,158.03516979399058,bajo,bajo
2026-02-16 21:00:00,117.30589,151.7752097722979,bajo,bajo
2026-02-16 22:00:00,112.29489,131.63422441560246,bajo,bajo
2026-02-16 23:00:00,111.09489,123.76504687564776,bajo,bajo
2026-02-17 00:00:00,105.34535,116.97545972133317,bajo,bajo
2026-02-17 01:00:00,105.34535,106.282735108862,bajo,bajo
2026-02-17 02:00:00,105.34535,106.19601020436238,bajo,bajo
2026-02-17 03:00:00,105.34535,104.8786536057078,bajo,bajo
2026-02-17 04:00:00,105.34535,105.87151579970472,bajo,bajo
2026-02-17 05:00:00,110.84835,108.692331028846,bajo,bajo
2026-02-17 06:00:00,112.99135,109.27501797710552,bajo,bajo
2026-02-17 07:00:00,112.99135,110.6631167672884,bajo,bajo
2026-02-17 08:00:00,112.99135,112.84227175918058,bajo,bajo
2026-02-17 09:00:00,110.84835,115.68538208072545,bajo,bajo
2026-02-17 10:00:00,110.84835,117.1757666120712,bajo,bajo
2026-02-17 11:00:00,110.84835,119.30173952111524,bajo,bajo
2026-02-17 12:00:00,110.84835,120.809238865998,bajo,bajo
2026-02-17 13:00:00,110.84835,121.67104936186853,bajo,bajo
2026-02-17 14:00:00,112.99135,123.29399617906176,bajo,bajo
2026-02-17 15:00:00,112.99135,122.3022306752069,bajo,bajo
2026-02-17 16:00:00,116.99235,123.35521003322538,bajo,bajo
2026-02-17 17:00:00,116.99235,124.92650704715771,bajo,bajo
2026-02-17 18:00:00,117.99135,131.4016172520083,bajo,bajo
2026-02-17 19:00:00,119.99135,133.16243997992635,bajo,bajo
2026-02-17 20:00:00,116.99235,130.2704878043738,bajo,bajo
2026-02-17 21:00:00,116.99235,124.01182337896464,bajo,bajo
2026-02-17 22:00:00,112.99135,116.53284121214529,bajo,bajo
2026-02-17 23:00:00,110.84835,112.84087404053304,bajo,bajo
2026-02-18 00:00:00,129.11559,106.3741735534828,bajo,bajo
2026-02-18 01:00:00,129.11559,122.82626075015868,bajo,bajo
2026-02-18 02:00:00,123.96959,122.06802395124444,bajo,bajo
2026-02-18 03:00:00,123.97059,121.47813342117718,bajo,bajo
2026-02-18 04:00:00,129.11559,121.09567277423136,bajo,bajo
2026-02-18 05:00:00,129.47259,123.57589654835508,bajo,bajo
2026-02-18 06:00:00,131.61559,124.71525518427256,bajo,bajo
2026-02-18 07:00:00,129.47259,124.75437079670203,bajo,bajo
2026-02-18 08:00:00,129.47259,123.43546928379313,bajo,bajo
2026-02-18 09:00:00,129.11559,123.90632506604877,bajo,bajo
2026-02-18 10:00:00,129.11559,124.0684302309532,bajo,bajo
2026-02-18 11:00:00,129.11559,124.69996333024758,bajo,bajo
2026-02-18 12:00:00,129.11559,124.7015634302898,bajo,bajo
2026-02-18 13:00:00,129.11559,126.23736664105186,bajo,bajo
2026-02-18 14:00:00,129.47259,126.19393586555093,bajo,bajo
2026-02-18 15:00:00,129.47259,127.87739816838868,bajo,bajo
2026-02-18 16:00:00,131.61559,128.30201123957025,bajo,bajo
2026-02-18 17:00:00,132.61559,128.001315199893,bajo,bajo
2026-02-18 18:00:00,134.61459,129.3662589115446,bajo,bajo
2026-02-18 19:00:00,134.61459,129.97472976871387,bajo,bajo
2026-02-18 20:00:00,134.61459,128.8199938792311,bajo,bajo
2026-02-18 21:00:00,132.61559,128.27598589534017,bajo,bajo
2026-02-18 22:00:00,131.61559,127.49264457100786,bajo,bajo
2026-02-18 23:00:00,131.61559,124.9608102256682,bajo,bajo
2026-02-19 00:00:00,125.63308,127.38445373793616,bajo,bajo
2026-02-19 01:00:00,125.63308,126.09706398679182,bajo,bajo
2026-02-19 02:00:00,125.63308,124.70135023845904,bajo,bajo
2026-02-19 03:00:00,125.63308,124.5492684119918,bajo,bajo
2026-02-19 04:00:00,125.63308,125.91103309798449,bajo,bajo
2026-02-19 05:00:00,131.13608,126.23543475978788,bajo,bajo
2026-02-19 06:00:00,131.13608,126.7854770979274,bajo,bajo
2026-02-19 07:00:00,131.13608,126.1667782431463,bajo,bajo
2026-02-19 08:00:00,125.63308,126.353926368454,bajo,bajo
2026-02-19 09:00:00,131.13608,126.44253816211771,bajo,bajo
2026-02-19 10:00:00,131.13608,126.813652691125,bajo,bajo
2026-02-19 11:00:00,131.13608,126.71469165464973,bajo,bajo
2026-02-19 12:00:00,131.13608,126.8369189544944,bajo,bajo
2026-02-19 13:00:00,134.27908,127.9748338785757,bajo,bajo
2026-02-19 14:00:00,134.27908,128.58114790783475,bajo,bajo
2026-02-19 15:00:00,134.27908,128.85591086737028,bajo,bajo
2026-02-19 16:00:00,134.27908,129.20723078994226,bajo,bajo
2026-02-19 17:00:00,134.27908,129.55982599109595,bajo,bajo
2026-02-19 18:00:00,135.79008,130.76377326948528,bajo,bajo
2026-02-19 19:00:00,135.79008,131.14235298787716,bajo,bajo
2026-02-19 20:00:00,135.79008,130.0341926208661,bajo,bajo
2026-02-19 21:00:00,134.27908,128.77397063308595,bajo,bajo
2026-02-19 22:00:00,134.27908,127.81951662571076,bajo,bajo
2026-02-19 23:00:00,133.27908,126.82075117572468,bajo,bajo
2026-02-20 00:00:00,120.37685,124.71972733451868,bajo,bajo
2026-02-20 01:00:00,120.37685,121.54510466282296,bajo,bajo
2026-02-20 02:00:00,120.37685,121.1537563778666,bajo,bajo
2026-02-20 03:00:00,120.37685,121.43876249669349,bajo,bajo
2026-02-20 04:00:00,120.37685,121.77117909020292,bajo,bajo
2026-02-20 05:00:00,120.37685,122.93301536383308,bajo,bajo
2026-02-20 06:00:00,120.37685,123.54648833837832,bajo,bajo
2026-02-20 07:00:00,120.37685,124.24996286136518,bajo,bajo
2026-02-20 08:00:00,120.37685,123.864492305238,bajo,bajo
2026-02-20 09:00:00,120.37685,125.02022729280836,bajo,bajo
2026-02-20 10:00:00,120.37685,125.88701737902645,bajo,bajo
2026-02-20 11:00:00,120.37685,125.95306752164667,bajo,bajo
2026-02-20 12:00:00,120.37685,126.19155210619192,bajo,bajo
2026-02-20 13:00:00,120.37685,126.85339273252586,bajo,bajo
2026-02-20 14:00:00,120.37685,126.92065598969997,bajo,bajo
2026-02-20 15:00:00,127.52285,126.98966605531054,bajo,bajo
2026-02-20 16:00:00,129.02285,128.0724915289531,bajo,bajo
2026-02-20 17:00:00,129.02285,128.90211375742263,bajo,bajo
2026-02-20 18:00:00,129.02285,130.3644549885479,bajo,bajo
2026-02-20 19:00:00,131.02385,130.3952901079004,bajo,bajo
2026-02-20 20:00:00,131.02385,129.33965858611174,bajo,bajo
2026-02-20 21:00:00,129.02285,127.50014499262454,bajo,bajo
2026-02-20 22:00:00,129.02285,125.92662572249075,bajo,bajo
2026-02-20 23:00:00,127.52285,124.41185657175087,bajo,bajo
2026-02-21 00:00:00,107.25893,120.40338252241028,bajo,bajo
2026-02-21 01:00:00,107.25893,110.43656036784556,bajo,bajo
2026-02-21 02:00:00,107.25893,110.13048568093222,bajo,bajo
2026-02-21 03:00:00,107.25893,110.49669447855617,bajo,bajo
2026-02-21 04:00:00,107.25893,110.36565400980524,bajo,bajo
2026-02-21 05:00:00,107.25893,109.33896711251045,bajo,bajo
2026-02-21 06:00:00,107.25893,110.53007435974035,bajo,bajo
2026-02-21 07:00:00,107.25893,110.75908279996544,bajo,bajo
2026-02-21 08:00:00,107.25893,111.69889694697278,bajo,bajo
2026-02-21 09:00:00,107.25893,111.90329197981691,bajo,bajo
2026-02-21 10:00:00,107.25893,113.65525050509056,bajo,bajo
2026-02-21 11:00:00,107.25893,113.97326105543378,bajo,bajo
2026-02-21 12:00:00,107.25893,113.50048037017297,bajo,bajo
2026-02-21 13:00:00,107.25893,113.82625086564168,bajo,bajo
2026-02-21 14:00:00,107.25893,114.21727758895136,bajo,bajo
2026-02-21 15:00:00,107.25893,115.56150594184876,bajo,bajo
2026-02-21 16:00:00,112.76193,116.1085496620563,bajo,bajo
2026-02-21 17:00:00,116.90493,117.34967147486928,bajo,bajo
2026-02-21 18:00:00,120.90493,118.01516106925688,bajo,bajo
2026-02-21 19:00:00,165.90493,118.2746993155704,bajo,bajo
2026-02-21 20:00:00,120.90493,118.103522964516,bajo,bajo
2026-02-21 21:00:00,116.90493,116.98116164929286,bajo,bajo
2026-02-21 22:00:00,116.90493,115.30082879363496,bajo,bajo
2026-02-21 23:00:00,114.70493,112.61729855152916,bajo,bajo
2026-02-22 00:00:00,114.40661,107.58567377844643,bajo,bajo
2026-02-22 01:00:00,113.50361,112.96951203946702,bajo,bajo
2026-02-22 02:00:00,114.40661,112.95282228674762,bajo,bajo
2026-02-22 03:00:00,113.50361,112.90812288358072,bajo,bajo
2026-02-22 04:00:00,113.50361,112.71804858700224,bajo,bajo
2026-02-22 05:00:00,114.40661,112.29154364442198,bajo,bajo
2026-02-22 06:00:00,113.50361,111.67782270347728,bajo,bajo
2026-02-22 07:00:00,113.36061,112.03716054952758,bajo,bajo
2026-02-22 08:00:00,113.36061,111.97581060965824,bajo,bajo
2026-02-22 09:00:00,107.85761,112.23624102192764,bajo,bajo
2026-02-22 10:00:00,107.85761,113.22143241850932,bajo,bajo
2026-02-22 11:00:00,107.85761,113.03687367424706,bajo,bajo
2026-02-22 12:00:00,107.85761,113.6041495105363,bajo,bajo
2026-02-22 13:00:00,107.85761,112.75426029969027,bajo,bajo
2026-02-22 14:00:00,113.36061,112.95049089819965,bajo,bajo
2026-02-22 15:00:00,113.50361,113.16831403259116,bajo,bajo
2026-02-22 16:00:00,114.40661,114.17296398350432,bajo,bajo
2026-02-22 17:00:00,116.50361,116.15115931206152,bajo,bajo
2026-02-22 18:00:00,117.00361,117.34849197225142,bajo,bajo
2026-02-22 19:00:00,117.00361,127.90072888914942,bajo,bajo
2026-02-22 20:00:00,117.00361,117.78067711460383,bajo,bajo
2026-02-22 21:00:00,117.00361,116.0279506317798,bajo,bajo
2026-02-22 22:00:00,116.50361,115.93988364376465,bajo,bajo
2026-02-22 23:00:00,116.50361,114.89744378923405,bajo,bajo
2026-02-23 00:00:00,106.00391,113.86226297428804,bajo,bajo
2026-02-23 01:00:00,111.64991,107.82686492728054,bajo,bajo
2026-02-23 02:00:00,106.00391,108.330320713963,bajo,bajo
2026-02-23 03:00:00,106.00391,108.12507450934768,bajo,bajo
2026-02-23 04:00:00,111.50691,108.21171635684412,bajo,bajo
2026-02-23 05:00:00,111.64991,108.00112360480222,bajo,bajo
2026-02-23 06:00:00,111.64991,108.2965032644057,bajo,bajo
2026-02-23 07:00:00,111.64991,108.72652050679596,bajo,bajo
2026-02-23 08:00:00,111.64991,110.76782358157266,bajo,bajo
2026-02-23 09:00:00,112.40991,110.85560715614582,bajo,bajo
2026-02-23 10:00:00,112.40991,111.04118013242652,bajo,bajo
2026-02-23 11:00:00,112.40991,112.98972041731436,bajo,bajo
2026-02-23 12:00:00,112.40991,114.39353930060004,bajo,bajo
2026-02-23 13:00:00,112.41091,116.58465871674352,bajo,bajo
2026-02-23 14:00:00,112.64991,119.41526808266453,bajo,bajo
2026-02-23 15:00:00,112.64991,121.24401443428108,bajo,bajo
2026-02-23 16:00:00,112.64991,123.12964595137466,bajo,bajo
2026-02-23 17:00:00,112.64991,124.80196713903716,bajo,bajo
2026-02-23 18:00:00,114.64991,127.88005881843031,bajo,bajo
2026-02-23 19:00:00,115.62991,129.4937750564539,bajo,bajo
2026-02-23 20:00:00,114.64991,127.08624455178864,bajo,bajo
2026-02-23 21:00:00,112.64991,123.34567263264589,bajo,bajo
2026-02-23 22:00:00,112.64991,118.19404146302526,bajo,bajo
2026-02-23 23:00:00,112.40991,112.87397773671302,bajo,bajo
2026-02-24 00:00:00,120.44202,108.68837964274924,bajo,bajo
2026-02-24 01:00:00,120.44202,118.51692721197526,bajo,bajo
2026-02-24 02:00:00,120.44202,117.12372009474736,bajo,bajo
2026-02-24 03:00:00,120.44202,116.99696784361748,bajo,bajo
2026-02-24 04:00:00,120.44202,118.41496506547767,bajo,bajo
2026-02-24 05:00:00,120.44202,118.90894894734632,bajo,bajo
2026-02-24 06:00:00,120.44202,118.82627326437516,bajo,bajo
2026-02-24 07:00:00,120.44202,119.183103066649,bajo,bajo
2026-02-24 08:00:00,120.44202,119.74272411154624,bajo,bajo
2026-02-24 09:00:00,120.44202,120.83361006883548,bajo,bajo
2026-02-24 10:00:00,120.44202,120.31542081568324,bajo,bajo
2026-02-24 11:00:00,120.44202,121.8779713154252,bajo,bajo
2026-02-24 12:00:00,120.44202,122.42466982554905,bajo,bajo
2026-02-24 13:00:00,120.44202,122.8282938576866,bajo,bajo
2026-02-24 14:00:00,120.44202,123.07904944530968,bajo,bajo
2026-02-24 15:00:00,120.44202,122.63190633157944,bajo,bajo
2026-02-24 16:00:00,125.94502,122.97718151269852,bajo,bajo
2026-02-24 17:00:00,125.94602,123.2674164159544,bajo,bajo
2026-02-24 18:00:00,127.78802,125.09775281169144,bajo,bajo
2026-02-24 19:00:00,129.08802,125.00178565255874,bajo,bajo
2026-02-24 20:00:00,126.84902,123.39445697837311,bajo,bajo
2026-02-24 21:00:00,126.84802,120.9513469164386,bajo,bajo
2026-02-24 22:00:00,125.94502,120.0180812184908,bajo,bajo
2026-02-24 23:00:00,125.44202,119.1774257191927,bajo,bajo
2026-02-25 00:00:00,120.8945,118.685418453682,bajo,bajo
2026-02-25 01:00:00,120.8945,120.67280631535004,bajo,bajo
2026-02-25 02:00:00,120.8945,120.38744953829224,bajo,bajo
2026-02-25 03:00:00,120.8945,119.10066469210504,bajo,bajo
2026-02-25 04:00:00,120.8945,119.5052294397942,bajo,bajo
2026-02-25 05:00:00,120.8945,120.15355977606514,bajo,bajo
2026-02-25 06:00:00,120.8945,119.66322859486768,bajo,bajo
2026-02-25 07:00:00,120.8945,119.8432686785555,bajo,bajo
2026-02-25 08:00:00,120.8945,119.76615907485476,bajo,bajo
2026-02-25 09:00:00,120.8945,120.22031722350508,bajo,bajo
2026-02-25 10:00:00,120.8945,121.00003685218684,bajo,bajo
2026-02-25 11:00:00,120.8945,121.20511188540311,bajo,bajo
2026-02-25 12:00:00,120.8945,122.68990382403425,bajo,bajo
2026-02-25 13:00:00,120.8945,123.93619622502752,bajo,bajo
2026-02-25 14:00:00,120.8945,123.6291507893879,bajo,bajo
2026-02-25 15:00:00,126.3975,124.3848761302938,bajo,bajo
2026-02-25 16:00:00,129.5405,126.04563651425036,bajo,bajo
2026-02-25 17:00:00,129.5405,127.13989928745988,bajo,bajo
2026-02-25 18:00:00,129.5405,127.8744442527004,bajo,bajo
2026-02-25 19:00:00,130.2605,127.24779459635673,bajo,bajo
2026-02-25 20:00:00,129.5405,124.91485258835522,bajo,bajo
2026-02-25 21:00:00,129.5405,124.03240734728212,bajo,bajo
2026-02-25 22:00:00,128.0305,122.43211453331784,bajo,bajo
2026-02-25 23:00:00,126.3975,121.23674410044244,bajo,bajo
2026-02-26 00:00:00,120.62002,119.12995841555144,bajo,bajo
2026-02-26 01:00:00,120.62002,120.2517368699895,bajo,bajo
2026-02-26 02:00:00,120.62002,119.84395085423034,bajo,bajo
2026-02-26 03:00:00,120.62002,119.74482745548464,bajo,bajo
2026-02-26 04:00:00,120.62002,119.7414937022324,bajo,bajo
2026-02-26 05:00:00,120.62002,119.97294777279608,bajo,bajo
2026-02-26 06:00:00,120.62002,119.64517450907346,bajo,bajo
2026-02-26 07:00:00,120.62002,119.73585582013833,bajo,bajo
2026-02-26 08:00:00,120.62002,119.66087777063176,bajo,bajo
2026-02-26 09:00:00,120.62002,119.7382820227974,bajo,bajo
2026-02-26 10:00:00,120.62002,120.06773295899852,bajo,bajo
2026-02-26 11:00:00,120.62002,120.01847064107965,bajo,bajo
2026-02-26 12:00:00,120.62002,119.86117635548165,bajo,bajo
2026-02-26 13:00:00,120.62002,120.23287826557356,bajo,bajo
2026-02-26 14:00:00,120.62002,121.09011352361117,bajo,bajo
2026-02-26 15:00:00,120.62102,122.53881843474969,bajo,bajo
2026-02-26 16:00:00,129.26602,123.1907156018628,bajo,bajo
2026-02-26 17:00:00,129.26602,123.29303995779532,bajo,bajo
2026-02-26 18:00:00,129.26602,124.18009085359724,bajo,bajo
2026-02-26 19:00:00,129.98602,124.54851509526856,bajo,bajo
2026-02-26 20:00:00,129.98602,123.66513511168904,bajo,bajo
2026-02-26 21:00:00,129.26602,123.18817949446655,bajo,bajo
2026-02-26 22:00:00,129.26602,122.11513365051788,bajo,bajo
2026-02-26 23:00:00,126.12302,120.86613989368507,bajo,bajo
2026-02-27 00:00:00,112.71828,119.0555659392668,bajo,bajo
2026-02-27 01:00:00,112.71828,113.99861060463444,bajo,bajo
2026-02-27 02:00:00,112.71828,113.7700950902747,bajo,bajo
2026-02-27 03:00:00,112.71828,113.91355665622584,bajo,bajo
2026-02-27 04:00:00,112.71828,114.1475671541842,bajo,bajo
2026-02-27 05:00:00,118.22128,114.29842949405084,bajo,bajo
2026-02-27 06:00:00,118.22128,114.92851837099016,bajo,bajo
2026-02-27 07:00:00,112.71928,115.18365533818402,bajo,bajo
2026-02-27 08:00:00,112.71828,116.01415105867656,bajo,bajo
2026-02-27 09:00:00,112.71828,115.9035104835202,bajo,bajo
2026-02-27 10:00:00,112.71828,116.46218161904535,bajo,bajo
2026-02-27 11:00:00,112.71828,116.13456642714718,bajo,bajo
2026-02-27 12:00:00,112.71828,116.24065353245196,bajo,bajo
2026-02-27 13:00:00,112.71828,116.44445394243752,bajo,bajo
2026-02-27 14:00:00,112.71928,116.74546734442694,bajo,bajo
2026-02-27 15:00:00,118.22128,116.70969383751202,bajo,bajo
2026-02-27 16:00:00,121.36428,118.27940500720132,bajo,bajo
2026-02-27 17:00:00,121.36428,118.85974236469548,bajo,bajo
2026-02-27 18:00:00,121.36428,119.38684724982492,bajo,bajo
2026-02-27 19:00:00,122.08428,119.74441293718402,bajo,bajo
2026-02-27 20:00:00,121.36428,119.47053065500484,bajo,bajo
2026-02-27 21:00:00,121.36428,118.085281951936,bajo,bajo
2026-02-27 22:00:00,121.36428,117.37861731383389,bajo,bajo
2026-02-27 23:00:00,119.12528,115.81125598513276,bajo,bajo
2026-02-28 00:00:00,122.28435,112.24535635079212,bajo,bajo
2026-02-28 01:00:00,116.78235,120.40327918300994,bajo,bajo
2026-02-28 02:00:00,116.78235,120.15818245458787,bajo,bajo
2026-02-28 03:00:00,116.78235,120.01293626498236,bajo,bajo
2026-02-28 04:00:00,122.18935,119.99630170644444,bajo,bajo
2026-02-28 05:00:00,122.18935,120.89625744358771,bajo,bajo
2026-02-28 06:00:00,122.28435,120.73767805617648,bajo,bajo
2026-02-28 07:00:00,116.78235,120.0143107288466,bajo,bajo
2026-02-28 08:00:00,116.78235,120.15988649567652,bajo,bajo
2026-02-28 09:00:00,116.78235,119.72501633017578,bajo,bajo
2026-02-28 10:00:00,116.78235,120.7182610636898,bajo,bajo
2026-02-28 11:00:00,116.78235,120.08436444440754,bajo,bajo
2026-02-28 12:00:00,116.78235,120.01495698884148,bajo,bajo
2026-02-28 13:00:00,116.78235,120.28274076719076,bajo,bajo
2026-02-28 14:00:00,116.78235,120.45204933666184,bajo,bajo
2026-02-28 15:00:00,116.78235,121.57004839301248,bajo,bajo
2026-02-28 16:00:00,122.28435,122.04154609655475,bajo,bajo
2026-02-28 17:00:00,122.28535,122.58129808410467,bajo,bajo
2026-02-28 18:00:00,122.28635,122.79046546197344,bajo,bajo
2026-02-28 19:00:00,124.78235,123.1531807745698,bajo,bajo
2026-02-28 20:00:00,122.28635,122.74162749167074,bajo,bajo
2026-02-28 21:00:00,122.28635,122.51147438269152,bajo,bajo
2026-02-28 22:00:00,122.28535,122.39551066827444,bajo,bajo
2026-02-28 23:00:00,122.28435,121.53404779798508,bajo,bajo
2026-03-01 00:00:00,103.13361,121.68068352787492,bajo,bajo
2026-03-01 01:00:00,103.13361,106.2730116317708,bajo,bajo
2026-03-01 02:00:00,103.13361,106.52274642362268,bajo,bajo
2026-03-01 03:00:00,103.13361,106.59522726622436,bajo,bajo
2026-03-01 04:00:00,103.13361,107.73202161416604,bajo,bajo
2026-03-01 05:00:00,103.13361,106.93682989448403,bajo,bajo
2026-03-01 06:00:00,103.13361,107.33591592501556,bajo,bajo
2026-03-01 07:00:00,103.13361,106.90776342720972,bajo,bajo
2026-03-01 08:00:00,103.13361,107.54481297956524,bajo,bajo
2026-03-01 09:00:00,103.13361,108.02626219912028,bajo,bajo
2026-03-01 10:00:00,103.13361,109.01209286396248,bajo,bajo
2026-03-01 11:00:00,103.13361,109.8627263580143,bajo,bajo
2026-03-01 12:00:00,103.13361,110.17656855079444,bajo,bajo
2026-03-01 13:00:00,103.13361,110.18674218725452,bajo,bajo
2026-03-01 14:00:00,103.13361,110.32486726054712,bajo,bajo
2026-03-01 15:00:00,103.13361,110.37755761886967,bajo,bajo
2026-03-01 16:00:00,103.13361,111.37565082579094,bajo,bajo
2026-03-01 17:00:00,107.63261,112.5370594919289,bajo,bajo
2026-03-01 18:00:00,108.35261,112.36813391759392,bajo,bajo
2026-03-01 19:00:00,108.35261,113.6245198658884,bajo,bajo
2026-03-01 20:00:00,108.35261,112.8306329810485,bajo,bajo
2026-03-01 21:00:00,108.35261,111.6563329443112,bajo,bajo
2026-03-01 22:00:00,107.63261,111.29024805480056,bajo,bajo
2026-03-01 23:00:00,107.63261,109.9980265806543,bajo,bajo
2026-03-02 00:00:00,101.84342,106.0722556230284,bajo,bajo
2026-03-02 01:00:00,101.84342,102.57697544103434,bajo,bajo
2026-03-02 02:00:00,101.84342,102.54943059744043,bajo,bajo
2026-03-02 03:00:00,101.84342,102.7144939155592,bajo,bajo
2026-03-02 04:00:00,104.47142,102.89443757881698,bajo,bajo
2026-03-02 05:00:00,105.49242,102.38414149760922,bajo,bajo
2026-03-02 06:00:00,105.49242,102.9061960221952,bajo,bajo
2026-03-02 07:00:00,105.43642,103.47941665864414,bajo,bajo
2026-03-02 08:00:00,104.47142,105.71196114766052,bajo,bajo
2026-03-02 09:00:00,101.84342,105.93351478772937,bajo,bajo
2026-03-02 10:00:00,101.84342,106.19507186249324,bajo,bajo
2026-03-02 11:00:00,104.47142,107.2187770561752,bajo,bajo
2026-03-02 12:00:00,104.47142,108.9592668204237,bajo,bajo
2026-03-02 13:00:00,104.47142,110.6789136006369,bajo,bajo
2026-03-02 14:00:00,105.49242,111.90958914223395,bajo,bajo
2026-03-02 15:00:00,105.49242,113.04507846118888,bajo,bajo
2026-03-02 16:00:00,106.34242,114.23114559747604,bajo,bajo
2026-03-02 17:00:00,107.06242,117.48457397119807,bajo,bajo
2026-03-02 18:00:00,108.40842,119.8128525725392,bajo,bajo
2026-03-02 19:00:00,108.40842,121.03834191077748,bajo,bajo
2026-03-02 20:00:00,108.40742,118.76697127982378,bajo,bajo
2026-03-02 21:00:00,108.40742,115.45903615124656,bajo,bajo
2026-03-02 22:00:00,107.06242,112.4387469548193,bajo,bajo
2026-03-02 23:00:00,105.49242,108.53619472637052,bajo,bajo
2026-03-03 00:00:00,111.27833,106.38286455499596,bajo,bajo
2026-03-03 01:00:00,111.27833,110.28499477432732,bajo,bajo
2026-03-03 02:00:00,111.27833,109.96215412661516,bajo,bajo
2026-03-03 03:00:00,111.27833,109.46054528087367,bajo,bajo
2026-03-03 04:00:00,113.90633,110.55902842765144,bajo,bajo
2026-03-03 05:00:00,114.77733,112.61965865715092,bajo,bajo
2026-03-03 06:00:00,114.77733,112.60058613603285,bajo,bajo
2026-03-03 07:00:00,114.77733,113.9145366458157,bajo,bajo
2026-03-03 08:00:00,113.90633,115.36167860464734,bajo,bajo
2026-03-03 09:00:00,111.27833,116.98136585215228,bajo,bajo
2026-03-03 10:00:00,111.27833,116.94130924220852,bajo,bajo
2026-03-03 11:00:00,111.27833,119.10347288364557,bajo,bajo
2026-03-03 12:00:00,111.27833,120.77544154953527,bajo,bajo
2026-03-03 13:00:00,113.90633,121.63835256139038,bajo,bajo
2026-03-03 14:00:00,114.77733,123.50494958549186,bajo,bajo
2026-03-03 15:00:00,116.49733,121.21819786275286,bajo,bajo
2026-03-03 16:00:00,116.49733,120.9894480258088,bajo,bajo
2026-03-03 17:00:00,117.84233,122.86930890654564,bajo,bajo
2026-03-03 18:00:00,125.77733,125.729452864194,bajo,bajo
2026-03-03 19:00:00,195.77733,125.55170226659608,bajo,bajo
2026-03-03 20:00:00,117.84333,125.04780540219797,bajo,bajo
2026-03-03 21:00:00,117.84333,122.3184335024178,bajo,bajo
2026-03-03 22:00:00,117.84333,120.10021816315142,bajo,bajo
2026-03-03 23:00:00,116.49733,115.55828959409352,bajo,bajo
2026-03-04 00:00:00,113.48755,112.6244698359048,bajo,bajo
2026-03-04 01:00:00,113.48755,113.40781619426916,bajo,bajo
2026-03-04 02:00:00,113.48755,113.13535896778114,bajo,bajo
2026-03-04 03:00:00,113.48755,112.0471254708044,bajo,bajo
2026-03-04 04:00:00,113.48755,113.56021197526864,bajo,bajo
2026-03-04 05:00:00,116.11555,115.38583779128751,bajo,bajo
2026-03-04 06:00:00,116.11555,114.73940722742827,bajo,bajo
2026-03-04 07:00:00,113.48755,116.12653626114928,bajo,bajo
2026-03-04 08:00:00,113.48755,116.18807494499804,bajo,bajo
2026-03-04 09:00:00,113.48755,117.44633323218522,bajo,bajo
2026-03-04 10:00:00,113.48755,118.83384628581004,bajo,bajo
2026-03-04 11:00:00,113.48755,119.25535815513302,bajo,bajo
2026-03-04 12:00:00,113.48755,119.6488178067595,bajo,bajo
2026-03-04 13:00:00,113.48755,122.18779331947442,bajo,bajo
2026-03-04 14:00:00,116.11555,124.23402761817064,bajo,bajo
2026-03-04 15:00:00,116.11555,123.54618136805264,bajo,bajo
2026-03-04 16:00:00,116.48655,124.3000007035855,bajo,bajo
2026-03-04 17:00:00,120.68655,128.04248093730595,bajo,bajo
2026-03-04 18:00:00,120.68655,133.4581966271963,bajo,bajo
2026-03-04 19:00:00,127.98655,151.09830067160502,bajo,bajo
2026-03-04 20:00:00,120.68655,131.42170123963723,bajo,bajo
2026-03-04 21:00:00,120.68655,128.95466821707774,bajo,bajo
2026-03-04 22:00:00,120.05155,125.34904322840045,bajo,bajo
2026-03-04 23:00:00,116.48655,118.39159846880992,bajo,bajo
2026-03-05 00:00:00,115.21316,114.91499646759225,bajo,bajo
2026-03-05 01:00:00,115.21316,115.941959987357,bajo,bajo
2026-03-05 02:00:00,115.21316,115.7998012448562,bajo,bajo
2026-03-05 03:00:00,115.21316,115.63498000996944,bajo,bajo
2026-03-05 04:00:00,115.21316,116.30087887964469,bajo,bajo
2026-03-05 05:00:00,115.21316,117.46494019306049,bajo,bajo
2026-03-05 06:00:00,115.21316,117.26627845400756,bajo,bajo
2026-03-05 07:00:00,115.21316,117.33101404637296,bajo,bajo
2026-03-05 08:00:00,115.21316,118.40226137079466,bajo,bajo
2026-03-05 09:00:00,115.21316,120.65425416171615,bajo,bajo
2026-03-05 10:00:00,115.21316,121.92092848042624,bajo,bajo
2026-03-05 11:00:00,115.21316,122.5948967374141,bajo,bajo
2026-03-05 12:00:00,115.21316,123.60771795492516,bajo,bajo
2026-03-05 13:00:00,115.21316,124.85255799575108,bajo,bajo
2026-03-05 14:00:00,115.21316,126.4932555620975,bajo,bajo
2026-03-05 15:00:00,115.21316,126.59479192230457,bajo,bajo
2026-03-05 16:00:00,115.21316,127.68484999583208,bajo,bajo
2026-03-05 17:00:00,119.71216,129.95115252602773,bajo,bajo
2026-03-05 18:00:00,121.77716,131.77344719104565,bajo,bajo
2026-03-05 19:00:00,121.77716,133.5968395660022,bajo,bajo
2026-03-05 20:00:00,121.77716,131.69898809803783,bajo,bajo
2026-03-05 21:00:00,120.21216,131.3484475718872,bajo,bajo
2026-03-05 22:00:00,119.71216,127.71523405484052,bajo,bajo
2026-03-05 23:00:00,115.21316,122.0598091020576,bajo,bajo
2026-03-06 00:00:00,110.28468,119.26491279149047,bajo,bajo
2026-03-06 01:00:00,110.28468,111.68481194739591,bajo,bajo
2026-03-06 02:00:00,110.28468,111.46529719020656,bajo,bajo
2026-03-06 03:00:00,110.28468,111.58005415209516,bajo,bajo
2026-03-06 04:00:00,110.28468,112.69722680343838,bajo,bajo
2026-03-06 05:00:00,110.28468,113.36826611133785,bajo,bajo
2026-03-06 06:00:00,110.28468,114.4431832501702,bajo,bajo
2026-03-06 07:00:00,110.28468,116.0991468941386,bajo,bajo
2026-03-06 08:00:00,110.28468,116.60148387715635,bajo,bajo
2026-03-06 09:00:00,110.28468,117.63241468102268,bajo,bajo
2026-03-06 10:00:00,110.28468,118.55370719053523,bajo,bajo
2026-03-06 11:00:00,110.28468,118.12772751257914,bajo,bajo
2026-03-06 12:00:00,110.28468,119.82897195827148,bajo,bajo
2026-03-06 13:00:00,110.28468,120.86727729628568,bajo,bajo
2026-03-06 14:00:00,110.28468,121.80432405822827,bajo,bajo
2026-03-06 15:00:00,110.28468,122.3357051849272,bajo,bajo
2026-03-06 16:00:00,114.78368,124.0357729404629,bajo,bajo
2026-03-06 17:00:00,114.78368,125.7645455325516,bajo,bajo
2026-03-06 18:00:00,116.78368,127.57419826829016,bajo,bajo
2026-03-06 19:00:00,116.84868,128.03191587165358,bajo,bajo
2026-03-06 20:00:00,116.78368,126.87927480509272,bajo,bajo
2026-03-06 21:00:00,116.78368,124.37790062602146,bajo,bajo
2026-03-06 22:00:00,114.78368,121.47507263593084,bajo,bajo
2026-03-06 23:00:00,110.28468,119.09647188669088,bajo,bajo
2026-03-07 00:00:00,114.4743,116.35301059688852,bajo,bajo
2026-03-07 01:00:00,114.4743,113.97316283471817,bajo,bajo
2026-03-07 02:00:00,114.4743,113.7339660536194,bajo,bajo
2026-03-07 03:00:00,114.4743,114.0435576441386,bajo,bajo
2026-03-07 04:00:00,114.4743,113.8993560298089,bajo,bajo
2026-03-07 05:00:00,114.4743,113.05949158512286,bajo,bajo
2026-03-07 06:00:00,114.4743,113.39868086035256,bajo,bajo
2026-03-07 07:00:00,114.4733,114.24771696731176,bajo,bajo
2026-03-07 08:00:00,114.4733,114.88631156297036,bajo,bajo
2026-03-07 09:00:00,114.3813,115.20344732590696,bajo,bajo
2026-03-07 10:00:00,114.3813,116.55521853517972,bajo,bajo
2026-03-07 11:00:00,114.4733,116.3563007020641,bajo,bajo
2026-03-07 12:00:00,114.3813,116.06818017452773,bajo,bajo
2026-03-07 13:00:00,114.4743,116.17349519983684,bajo,bajo
2026-03-07 14:00:00,114.4733,116.60662815249992,bajo,bajo
2026-03-07 15:00:00,114.4743,116.37750493111572,bajo,bajo
2026-03-07 16:00:00,114.4753,117.76147878094493,bajo,bajo
2026-03-07 17:00:00,115.7523,118.84836859737032,bajo,bajo
2026-03-07 18:00:00,116.2523,119.9942037554035,bajo,bajo
2026-03-07 19:00:00,116.2523,119.67612506783864,bajo,bajo
2026-03-07 20:00:00,116.2523,118.76316886954032,bajo,bajo
2026-03-07 21:00:00,116.2523,118.00969568208896,bajo,bajo
2026-03-07 22:00:00,115.9083,116.68924761284306,bajo,bajo
2026-03-07 23:00:00,115.7523,114.78302266262274,bajo,bajo
2026-03-08 00:00:00,108.18068,115.48638790711364,bajo,bajo
2026-03-08 01:00:00,108.18068,110.40696056235969,bajo,bajo
2026-03-08 02:00:00,108.18068,110.3764975339214,bajo,bajo
2026-03-08 03:00:00,108.18068,110.27459158863552,bajo,bajo
2026-03-08 04:00:00,108.18068,109.4203510289138,bajo,bajo
2026-03-08 05:00:00,108.18068,107.8737380611576,bajo,bajo
2026-03-08 06:00:00,108.18068,107.93030828897804,bajo,bajo
2026-03-08 07:00:00,108.17768,108.23521800396676,bajo,bajo
2026-03-08 08:00:00,101.70468,110.06025831353116,bajo,bajo
2026-03-08 09:00:00,101.70468,111.27683416552983,bajo,bajo
2026-03-08 10:00:00,101.70468,112.31912279121804,bajo,bajo
2026-03-08 11:00:00,101.70468,113.78180663653708,bajo,bajo
2026-03-08 12:00:00,101.70468,114.4628344296502,bajo,bajo
2026-03-08 13:00:00,101.70468,113.56747408667034,bajo,bajo
2026-03-08 14:00:00,108.17768,114.16598722020449,bajo,bajo
2026-03-08 15:00:00,108.18068,113.63262619617804,bajo,bajo
2026-03-08 16:00:00,108.18068,113.16446553623636,bajo,bajo
2026-03-08 17:00:00,109.94868,115.70522259150914,bajo,bajo
2026-03-08 18:00:00,110.04868,117.69842965596662,bajo,bajo
2026-03-08 19:00:00,110.04868,118.76560577608076,bajo,bajo
2026-03-08 20:00:00,110.04868,117.71664244624463,bajo,bajo
2026-03-08 21:00:00,110.04868,115.55118543307547,bajo,bajo
2026-03-08 22:00:00,110.04868,113.70460392032685,bajo,bajo
2026-03-08 23:00:00,109.94868,111.85357846904176,bajo,bajo
2026-03-09 00:00:00,102.03342,109.46695945388588,bajo,bajo
2026-03-09 01:00:00,102.03342,103.39308905662412,bajo,bajo
2026-03-09 02:00:00,102.03342,103.10178707320227,bajo,bajo
2026-03-09 03:00:00,102.03342,103.68611342674748,bajo,bajo
2026-03-09 04:00:00,102.03342,103.88626516207728,bajo,bajo
2026-03-09 05:00:00,102.03342,104.57091619078636,bajo,bajo
2026-03-09 06:00:00,102.03342,105.38162233762738,bajo,bajo
2026-03-09 07:00:00,102.03342,107.34310171703432,bajo,bajo
2026-03-09 08:00:00,102.03342,108.1143812208682,bajo,bajo
2026-03-09 09:00:00,102.03342,110.07054753091496,bajo,bajo
2026-03-09 10:00:00,102.03342,110.76535001207816,bajo,bajo
2026-03-09 11:00:00,102.03342,112.8934868180936,bajo,bajo
2026-03-09 12:00:00,102.03342,114.90013812066108,bajo,bajo
2026-03-09 13:00:00,102.03342,116.90654920845486,bajo,bajo
2026-03-09 14:00:00,111.37742,120.57099398501728,bajo,bajo
2026-03-09 15:00:00,111.37742,121.768326332053,bajo,bajo
2026-03-09 16:00:00,113.37742,123.32339713507068,bajo,bajo
2026-03-09 17:00:00,114.37742,125.9183100680534,bajo,bajo
2026-03-09 18:00:00,116.37742,127.80101379373156,bajo,bajo
2026-03-09 19:00:00,140.37742,128.6089246001398,bajo,bajo
2026-03-09 20:00:00,116.37742,127.28493670868384,bajo,bajo
2026-03-09 21:00:00,116.37742,122.84143105733332,bajo,bajo
2026-03-09 22:00:00,113.37742,117.02418329908022,bajo,bajo
2026-03-09 23:00:00,111.37742,112.61656175318907,bajo,bajo
2026-03-10 00:00:00,107.66054,107.4523857731552,bajo,bajo
2026-03-10 01:00:00,107.66054,107.10229366710875,bajo,bajo
2026-03-10 02:00:00,107.66054,106.78167409106332,bajo,bajo
2026-03-10 03:00:00,107.66054,106.55941958696526,bajo,bajo
2026-03-10 04:00:00,107.66054,106.7801071660588,bajo,bajo
2026-03-10 05:00:00,107.66054,109.04348371327792,bajo,bajo
2026-03-10 06:00:00,107.66054,109.50605675287991,bajo,bajo
2026-03-10 07:00:00,114.29354,111.91586416275592,bajo,bajo
2026-03-10 08:00:00,107.66054,114.56637253508158,bajo,bajo
2026-03-10 09:00:00,107.66054,117.90684007382816,bajo,bajo
2026-03-10 10:00:00,107.66054,118.4626811458484,bajo,bajo
2026-03-10 11:00:00,107.66054,119.82313108119298,bajo,bajo
2026-03-10 12:00:00,107.66054,122.74159825794048,bajo,bajo
2026-03-10 13:00:00,107.66054,124.55330041820136,bajo,bajo
2026-03-10 14:00:00,121.00454,128.66589273816004,bajo,bajo
2026-03-10 15:00:00,121.00454,126.25425884655844,bajo,bajo
2026-03-10 16:00:00,166.00454,126.77320498191928,bajo,bajo
2026-03-10 17:00:00,166.00454,130.4514860630621,bajo,bajo
2026-03-10 18:00:00,758.85354,133.89299180336377,alto,bajo
2026-03-10 19:00:00,805.09154,137.5467525638593,alto,bajo
2026-03-10 20:00:00,166.00454,128.80583750767028,bajo,bajo
2026-03-10 21:00:00,166.00454,123.00591067451614,bajo,bajo
2026-03-10 22:00:00,166.00454,118.41663553064356,bajo,bajo
2026-03-10 23:00:00,166.00454,114.27521558205484,bajo,bajo
2026-03-11 00:00:00,118.17152,110.09913258100808,bajo,bajo
2026-03-11 01:00:00,118.08252,118.67160314772428,bajo,bajo
2026-03-11 02:00:00,118.08252,117.26874002024849,bajo,bajo
2026-03-11 03:00:00,118.08252,115.9953397997804,bajo,bajo
2026-03-11 04:00:00,118.17152,117.8863753620804,bajo,bajo
2026-03-11 05:00:00,126.95052,118.34888459741796,bajo,bajo
2026-03-11 06:00:00,126.95052,116.8398295006275,bajo,bajo
2026-03-11 07:00:00,118.17152,117.0528273014362,bajo,bajo
2026-03-11 08:00:00,118.17152,115.70505058803944,bajo,bajo
2026-03-11 09:00:00,118.08252,119.2330107007202,bajo,bajo
2026-03-11 10:00:00,118.08252,126.6796611292792,bajo,bajo
2026-03-11 11:00:00,118.17152,127.37369480923556,bajo,bajo
2026-03-11 12:00:00,118.08252,125.83598195134206,bajo,bajo
2026-03-11 13:00:00,118.17152,127.7655544733492,bajo,bajo
2026-03-11 14:00:00,126.95052,139.90790153873417,bajo,bajo
2026-03-11 15:00:00,126.95052,150.23481983341284,bajo,bajo
2026-03-11 16:00:00,139.95052,157.63673074376095,bajo,bajo
2026-03-11 17:00:00,149.95052,206.32974852924596,bajo,medio
2026-03-11 18:00:00,1135.36452,423.0670966128748,alto,medio
2026-03-11 19:00:00,761.95052,431.6852937327057,alto,medio
2026-03-11 20:00:00,761.95052,208.90359933237605,alto,medio
2026-03-11 21:00:00,189.95052,144.71349892278892,bajo,bajo
2026-03-11 22:00:00,139.95052,130.46949033940814,bajo,bajo
2026-03-11 23:00:00,126.95052,128.68987691290616,bajo,bajo
2026-03-12 00:00:00,138.33999,114.5233570540384,bajo,bajo
2026-03-12 01:00:00,138.33999,137.81682398004733,bajo,bajo
2026-03-12 02:00:00,138.33999,133.35050910084087,bajo,bajo
2026-03-12 03:00:00,138.33999,134.57128668867938,bajo,bajo
2026-03-12 04:00:00,138.33999,136.11532714020782,bajo,bajo
2026-03-12 05:00:00,138.46299,141.1956292493586,bajo,bajo
2026-03-12 06:00:00,138.46299,139.43799868298706,bajo,bajo
2026-03-12 07:00:00,138.46299,134.66783644465536,bajo,bajo
2026-03-12 08:00:00,138.46299,133.6827424868043,bajo,bajo
2026-03-12 09:00:00,138.33999,139.9006064699742,bajo,bajo
2026-03-12 10:00:00,138.33999,148.21489541355422,bajo,bajo
2026-03-12 11:00:00,138.46299,149.4541711068662,bajo,bajo
2026-03-12 12:00:00,138.46299,149.06420387941023,bajo,bajo
2026-03-12 13:00:00,143.33999,148.17207792094354,bajo,bajo
2026-03-12 14:00:00,158.33999,156.58294810804702,bajo,bajo
2026-03-12 15:00:00,158.33999,174.15928717224767,bajo,bajo
2026-03-12 16:00:00,158.33999,176.22027313647362,bajo,bajo
2026-03-12 17:00:00,198.33999,224.6407159005462,bajo,medio
2026-03-12 18:00:00,291.23999,614.8581614964269,medio,alto
2026-03-12 19:00:00,807.42699,571.4983052212859,alto,alto
2026-03-12 20:00:00,807.42699,412.6540639812709,alto,medio
2026-03-12 21:00:00,188.33999,184.8306818533596,bajo,bajo
2026-03-12 22:00:00,158.33999,148.68363438731373,bajo,bajo
2026-03-12 23:00:00,143.33999,147.06756327448636,bajo,bajo
2026-03-13 00:00:00,142.33338,143.24783222503072,bajo,bajo
2026-03-13 01:00:00,142.33338,143.3591260759902,bajo,bajo
2026-03-13 02:00:00,142.33338,141.58222974979776,bajo,bajo
2026-03-13 03:00:00,142.33338,140.18686239776105,bajo,bajo
2026-03-13 04:00:00,152.33338,142.9695640286321,bajo,bajo
2026-03-13 05:00:00,156.33338,145.534427705657,bajo,bajo
2026-03-13 06:00:00,156.33338,144.34157768048593,bajo,bajo
2026-03-13 07:00:00,156.33338,142.49029299586996,bajo,bajo
2026-03-13 08:00:00,152.33338,142.2933668502571,bajo,bajo
2026-03-13 09:00:00,142.33338,141.93749389170708,bajo,bajo
2026-03-13 10:00:00,142.33338,148.80400115478145,bajo,bajo
2026-03-13 11:00:00,142.33338,153.82841967782636,bajo,bajo
2026-03-13 12:00:00,109.61438,153.98790557260648,bajo,bajo
2026-03-13 13:00:00,142.33338,156.12126339897938,bajo,bajo
2026-03-13 14:00:00,152.33338,168.87436000902642,bajo,bajo
2026-03-13 15:00:00,156.33338,189.48852307853565,bajo,bajo
2026-03-13 16:00:00,161.45638,186.63274036956383,bajo,bajo
2026-03-13 17:00:00,180.33338,204.41124338576628,bajo,medio
2026-03-13 18:00:00,284.23338,352.7095070698123,medio,medio
2026-03-13 19:00:00,800.42038,495.06115559304806,alto,alto
2026-03-13 20:00:00,284.23338,384.1773133562172,medio,medio
2026-03-13 21:00:00,180.33338,189.46052053787437,bajo,bajo
2026-03-13 22:00:00,181.33338,153.6662126379224,bajo,bajo
2026-03-13 23:00:00,161.45638,150.67202946725473,bajo,bajo
2026-03-14 00:00:00,185.07122,142.1507113754524,bajo,bajo
2026-03-14 01:00:00,185.07122,173.83326526950424,bajo,bajo
2026-03-14 02:00:00,185.07122,172.40064621599728,bajo,bajo
2026-03-14 03:00:00,185.07122,172.5807162787757,bajo,bajo
2026-03-14 04:00:00,185.07122,176.46771782192044,bajo,bajo
2026-03-14 05:00:00,185.07122,177.49543938946303,bajo,bajo
2026-03-14 06:00:00,165.97122,174.16435326187334,bajo,bajo
2026-03-14 07:00:00,165.97122,170.26977950228195,bajo,bajo
2026-03-14 08:00:00,157.07122,169.59329903205833,bajo,bajo
2026-03-14 09:00:00,157.07122,169.1168421745266,bajo,bajo
2026-03-14 10:00:00,157.07122,173.30410251807183,bajo,bajo
2026-03-14 11:00:00,165.97122,176.79571152926533,bajo,bajo
2026-03-14 12:00:00,165.97122,166.3025735494303,bajo,bajo
2026-03-14 13:00:00,165.97122,172.54998794113118,bajo,bajo
2026-03-14 14:00:00,165.97122,175.7006670989116,bajo,bajo
2026-03-14 15:00:00,165.97122,181.8465223049247,bajo,bajo
2026-03-14 16:00:00,186.07122,180.70939700529755,bajo,bajo
2026-03-14 17:00:00,266.07122,193.3527505673548,medio,bajo
2026-03-14 18:00:00,332.19422,246.00181005147152,medio,medio
2026-03-14 19:00:00,332.19422,357.6681155392844,medio,medio
2026-03-14 20:00:00,332.19422,233.4417115651121,medio,medio
2026-03-14 21:00:00,266.07122,200.3488412731362,medio,bajo
2026-03-14 22:00:00,266.07122,192.36430170956476,medio,bajo
2026-03-14 23:00:00,201.07122,181.4954876631967,bajo,bajo
2026-03-15 00:00:00,229.49337,179.44035984725565,medio,bajo
2026-03-15 01:00:00,229.49337,219.1606421982533,medio,medio
2026-03-15 02:00:00,229.49337,219.537233113832,medio,medio
2026-03-15 03:00:00,229.49337,218.9160715216553,medio,medio
2026-03-15 04:00:00,229.49337,220.38756010239493,medio,medio
2026-03-15 05:00:00,229.49337,218.16365233346983,medio,medio
2026-03-15 06:00:00,194.49337,213.6988926167612,bajo,medio
2026-03-15 07:00:00,170.49337,209.64182841449065,bajo,medio
2026-03-15 08:00:00,117.71437,207.06047594890185,bajo,medio
2026-03-15 09:00:00,117.62437,204.6109751634013,bajo,medio
2026-03-15 10:00:00,117.62437,208.097750283147,bajo,medio
2026-03-15 11:00:00,170.49337,210.2669470212177,bajo,medio
2026-03-15 12:00:00,170.49337,212.45752362828148,bajo,medio
2026-03-15 13:00:00,170.49337,211.3301570925152,bajo,medio
2026-03-15 14:00:00,171.49337,212.62634081129545,bajo,medio
2026-03-15 15:00:00,171.49337,220.47538699415665,bajo,medio
2026-03-15 16:00:00,229.49337,228.5025295302792,medio,medio
2026-03-15 17:00:00,272.41637,247.9041230163147,medio,medio
2026-03-15 18:00:00,299.49337,271.1463321730082,medio,medio
2026-03-15 19:00:00,344.49337,280.70955011606054,medio,medio
2026-03-15 20:00:00,339.49337,272.4686429192499,medio,medio
2026-03-15 21:00:00,279.49337,253.9257966100456,medio,medio
2026-03-15 22:00:00,272.41637,246.54817618896783,medio,medio
2026-03-15 23:00:00,272.41637,229.4729334806867,medio,medio
2026-03-16 00:00:00,279.95154,226.4498088256855,medio,medio
2026-03-16 01:00:00,269.95154,266.2200170266198,medio,medio
2026-03-16 02:00:00,219.95154,265.0186885671155,medio,medio
2026-03-16 03:00:00,219.95154,263.9731538692878,medio,medio
2026-03-16 04:00:00,269.95154,264.4735675893792,medio,medio
2026-03-16 05:00:00,279.95154,268.03224441028027,medio,medio
2026-03-16 06:00:00,299.07454,258.3357426814905,medio,medio
2026-03-16 07:00:00,279.95154,251.41920966415177,medio,medio
2026-03-16 08:00:00,231.91454,244.25384547184933,medio,medio
2026-03-16 09:00:00,219.95154,243.3194386847916,medio,medio
2026-03-16 10:00:00,269.95154,247.01455314682457,medio,medio
2026-03-16 11:00:00,279.95154,256.6685733923957,medio,medio
2026-03-16 12:00:00,279.95154,259.6355422159391,medio,medio
2026-03-16 13:00:00,279.95154,263.1128321936244,medio,medio
2026-03-16 14:00:00,299.07454,268.6680264088865,medio,medio
2026-03-16 15:00:00,299.07454,275.961377345422,medio,medio
2026-03-16 16:00:00,319.95154,293.4589269177811,medio,medio
2026-03-16 17:00:00,336.95154,317.1065911121125,medio,medio
2026-03-16 18:00:00,336.95154,390.7733592935215,medio,medio
2026-03-16 19:00:00,799.03854,438.5816658396644,alto,medio
2026-03-16 20:00:00,339.95154,379.5630698967407,medio,medio
2026-03-16 21:00:00,339.95154,318.0626636970464,medio,medio
2026-03-16 22:00:00,336.95154,290.7604849083669,medio,medio
2026-03-16 23:00:00,319.95154,286.10806753744805,medio,medio
2026-03-17 00:00:00,306.49125,279.1628281202047,medio,medio
2026-03-17 01:00:00,306.49125,298.92484856842384,medio,medio
2026-03-17 02:00:00,280.36825,285.7712524869088,medio,medio
2026-03-17 03:00:00,280.36825,282.1376153905443,medio,medio
2026-03-17 04:00:00,306.49125,299.3597512677489,medio,medio
2026-03-17 05:00:00,306.49125,306.832756226778,medio,medio
2026-03-17 06:00:00,306.49125,311.34499045179456,medio,medio
2026-03-17 07:00:00,306.49125,308.8619722899095,medio,medio
2026-03-17 08:00:00,306.49125,301.2474917684004,medio,medio
2026-03-17 09:00:00,280.36825,296.47826707720867,medio,medio
2026-03-17 10:00:00,280.36825,313.09596898908904,medio,medio
2026-03-17 11:00:00,306.49125,311.8663011126238,medio,medio
2026-03-17 12:00:00,280.36825,313.3489278377605,medio,medio
2026-03-17 13:00:00,306.49125,321.2112203439619,medio,medio
2026-03-17 14:00:00,330.36825,329.9158398827411,medio,medio
2026-03-17 15:00:00,332.36825,337.959115400723,medio,medio
2026-03-17 16:00:00,332.36825,349.58409347544017,medio,medio
2026-03-17 17:00:00,335.36825,387.784958499701,medio,medio
2026-03-17 18:00:00,335.36825,529.8580422506649,medio,alto
2026-03-17 19:00:00,794.45525,694.5580593750966,alto,alto
2026-03-17 20:00:00,335.36825,461.7377551566005,medio,alto
2026-03-17 21:00:00,332.36825,360.9602105559827,medio,medio
2026-03-17 22:00:00,332.36825,324.86644762594915,medio,medio
2026-03-17 23:00:00,306.49125,321.8596289219877,medio,medio
2026-03-18 00:00:00,311.84308,310.3486841134519,medio,medio
2026-03-18 01:00:00,311.84308,311.172816644259,medio,medio
2026-03-18 02:00:00,311.84308,304.45952363664753,medio,medio
2026-03-18 03:00:00,311.84308,303.1194507026494,medio,medio
2026-03-18 04:00:00,311.84308,312.54098539583936,medio,medio
2026-03-18 05:00:00,334.84308,320.3333772349115,medio,medio
2026-03-18 06:00:00,334.84308,317.4876857904882,medio,medio
2026-03-18 07:00:00,334.84308,317.47692440918485,medio,medio
2026-03-18 08:00:00,334.84308,317.7580074653948,medio,medio
2026-03-18 09:00:00,311.84308,308.89335273733093,medio,medio
2026-03-18 10:00:00,311.84308,313.7993036101049,medio,medio
2026-03-18 11:00:00,334.84308,315.5183508382163,medio,medio
2026-03-18 12:00:00,311.84308,311.75300388895664,medio,medio
2026-03-18 13:00:00,334.84308,323.9829102941452,medio,medio
2026-03-18 14:00:00,338.84308,335.94166973841425,medio,medio
2026-03-18 15:00:00,339.96608,355.6767057405593,medio,medio
2026-03-18 16:00:00,339.96608,366.3774812979066,medio,medio
2026-03-18 17:00:00,339.96608,390.6679842138387,medio,medio
2026-03-18 18:00:00,341.84308,521.5969668841692,medio,alto
2026-03-18 19:00:00,389.84308,675.3600439503981,medio,alto
2026-03-18 20:00:00,353.84308,485.35331058587167,medio,alto
2026-03-18 21:00:00,339.96608,379.9818982928932,medio,medio
2026-03-18 22:00:00,339.96608,334.97448013168975,medio,medio
2026-03-18 23:00:00,334.84308,326.2141098074927,medio,medio
2026-03-19 00:00:00,347.22084,314.88008336430494,medio,medio
2026-03-19 01:00:00,347.22084,332.5398844829931,medio,medio
2026-03-19 02:00:00,347.22084,325.2569285565855,medio,medio
2026-03-19 03:00:00,347.22084,325.3500760834024,medio,medio
2026-03-19 04:00:00,347.22084,327.9748948569785,medio,medio
2026-03-19 05:00:00,354.19084,340.0139924922892,medio,medio
2026-03-19 06:00:00,354.19084,339.2769627887983,medio,medio
2026-03-19 07:00:00,347.22084,343.0176227848569,medio,medio
2026-03-19 08:00:00,347.22084,343.7401757027184,medio,medio
2026-03-19 09:00:00,308.99084,340.73330017371825,medio,medio
2026-03-19 10:00:00,347.22084,342.447863587787,medio,medio
2026-03-19 11:00:00,347.22084,343.6849757744348,medio,medio
2026-03-19 12:00:00,347.22084,344.9655020907799,medio,medio
2026-03-19 13:00:00,347.22084,354.3816318825565,medio,medio
2026-03-19 14:00:00,354.19084,359.2055016278293,medio,medio
2026-03-19 15:00:00,354.19084,366.5764409495642,medio,medio
2026-03-19 16:00:00,360.09084,372.8466524571548,medio,medio
2026-03-19 17:00:00,360.09084,387.0823805446333,medio,medio
2026-03-19 18:00:00,415.09084,425.85486629559625,medio,medio
2026-03-19 19:00:00,415.09084,450.3741245538503,medio,alto
2026-03-19 20:00:00,390.09084,408.75059191493,medio,medio
2026-03-19 21:00:00,375.09084,377.5728747770004,medio,medio
2026-03-19 22:00:00,360.09084,361.26747093573823,medio,medio
2026-03-19 23:00:00,354.19084,352.3688592130245,medio,medio
2026-03-20 00:00:00,347.8728,351.024885983951,medio,medio
2026-03-20 01:00:00,347.8728,345.214304768641,medio,medio
2026-03-20 02:00:00,347.8728,345.31395422763114,medio,medio
2026-03-20 03:00:00,330.1428,346.40262813865354,medio,medio
2026-03-20 04:00:00,330.1428,347.0132001844956,medio,medio
2026-03-20 05:00:00,347.8728,351.2889497021665,medio,medio
2026-03-20 06:00:00,347.8728,351.8079773550255,medio,medio
2026-03-20 07:00:00,339.1428,351.3924050211588,medio,medio
2026-03-20 08:00:00,330.1428,349.75993538378333,medio,medio
2026-03-20 09:00:00,330.1428,342.15657788191953,medio,medio
2026-03-20 10:00:00,330.1428,352.57666100796314,medio,medio
2026-03-20 11:00:00,330.1428,355.20706770648087,medio,medio
2026-03-20 12:00:00,330.1428,356.28182526859854,medio,medio
2026-03-20 13:00:00,330.1428,360.4031152622144,medio,medio
2026-03-20 14:00:00,347.8728,365.2755344507658,medio,medio
2026-03-20 15:00:00,347.8728,367.4697562891868,medio,medio
2026-03-20 16:00:00,354.1428,373.4134315728813,medio,medio
2026-03-20 17:00:00,379.1428,381.7424495063408,medio,medio
2026-03-20 18:00:00,384.1428,406.3368003616076,medio,medio
2026-03-20 19:00:00,384.1428,410.4922335330143,medio,medio
2026-03-20 20:00:00,384.1428,401.0566483896373,medio,medio
2026-03-20 21:00:00,379.1428,390.2909507720577,medio,medio
2026-03-20 22:00:00,379.1428,375.7975017537896,medio,medio
2026-03-20 23:00:00,354.1428,366.8369648132677,medio,medio
2026-03-21 00:00:00,346.45843,363.94779922372953,medio,medio
2026-03-21 01:00:00,346.45843,347.44159248169257,medio,medio
2026-03-21 02:00:00,325.45843,347.45337208598465,medio,medio
2026-03-21 03:00:00,325.45843,342.7401981089017,medio,medio
2026-03-21 04:00:00,346.45843,343.2291898713453,medio,medio
2026-03-21 05:00:00,346.45843,348.9765584851877,medio,medio
2026-03-21 06:00:00,346.45843,348.5135425487158,medio,medio
2026-03-21 07:00:00,325.45843,345.7022009642077,medio,medio
2026-03-21 08:00:00,229.92343,344.9579909475158,medio,medio
2026-03-21 09:00:00,229.92343,344.26782852238074,medio,medio
2026-03-21 10:00:00,278.35843,343.85883545366687,medio,medio
2026-03-21 11:00:00,304.35843,348.8584444411089,medio,medio
2026-03-21 12:00:00,260.50443,349.48428676094926,medio,medio
2026-03-21 13:00:00,278.35843,348.775491834994,medio,medio
2026-03-21 14:00:00,325.45843,352.8651421536775,medio,medio
2026-03-21 15:00:00,346.45843,358.03298939743763,medio,medio
2026-03-21 16:00:00,346.45843,364.2334275242512,medio,medio
2026-03-21 17:00:00,350.45843,375.8243323317382,medio,medio
2026-03-21 18:00:00,375.45843,386.79731239074783,medio,medio
2026-03-21 19:00:00,375.45843,390.22341980144,medio,medio
2026-03-21 20:00:00,375.45843,389.0017805906968,medio,medio
2026-03-21 21:00:00,350.45843,385.1842238817943,medio,medio
2026-03-21 22:00:00,346.45843,377.6002589289898,medio,medio
2026-03-21 23:00:00,346.45843,366.1786783329056,medio,medio
2026-03-22 00:00:00,331.85997,358.3647475979777,medio,medio
2026-03-22 01:00:00,331.85997,334.08465984635995,medio,medio
2026-03-22 02:00:00,366.85997,328.68087657208787,medio,medio
2026-03-22 03:00:00,331.85997,330.4363018070794,medio,medio
2026-03-22 04:00:00,331.85997,330.6342862732354,medio,medio
2026-03-22 05:00:00,331.85997,329.2688815661149,medio,medio
2026-03-22 06:00:00,331.85997,326.64000418483647,medio,medio
2026-03-22 07:00:00,261.85997,318.7932513915003,medio,medio
2026-03-22 08:00:00,110.08097,297.2434486355427,bajo,medio
2026-03-22 09:00:00,110.08097,294.9567045232769,bajo,medio
2026-03-22 10:00:00,110.08097,305.76640613977287,bajo,medio
2026-03-22 11:00:00,259.70797,311.9869915345745,medio,medio
2026-03-22 12:00:00,261.85997,304.88055490446914,medio,medio
2026-03-22 13:00:00,261.85997,308.3461999172512,medio,medio
2026-03-22 14:00:00,261.85997,319.32082201020546,medio,medio
2026-03-22 15:00:00,331.85997,329.81903837470816,medio,medio
2026-03-22 16:00:00,366.85997,333.6530177596032,medio,medio
2026-03-22 17:00:00,366.85997,341.2116651321876,medio,medio
2026-03-22 18:00:00,383.85997,353.28901454416945,medio,medio
2026-03-22 19:00:00,383.85997,358.86692932869806,medio,medio
2026-03-22 20:00:00,383.85997,359.75872411562113,medio,medio
2026-03-22 21:00:00,383.85997,351.23781527208905,medio,medio
2026-03-22 22:00:00,366.85997,344.8268152287795,medio,medio
2026-03-22 23:00:00,366.85997,342.2681631308359,medio,medio
2026-03-23 00:00:00,376.5061,335.527881329458,medio,medio
2026-03-23 01:00:00,376.5061,363.4640547340737,medio,medio
2026-03-23 02:00:00,376.5061,369.0929358274918,medio,medio
2026-03-23 03:00:00,336.5061,358.6512053555969,medio,medio
2026-03-23 04:00:00,336.5061,358.13642482402634,medio,medio
2026-03-23 05:00:00,336.5061,358.188619368139,medio,medio
2026-03-23 06:00:00,336.5061,356.47533009173435,medio,medio
2026-03-23 07:00:00,266.5061,338.3415650621416,medio,medio
2026-03-23 08:00:00,114.7271,304.8652809423618,bajo,medio
2026-03-23 09:00:00,114.7271,304.9060720285617,bajo,medio
2026-03-23 10:00:00,114.7271,308.39436891399146,bajo,medio
2026-03-23 11:00:00,289.4061,345.3428662461659,medio,medio
2026-03-23 12:00:00,266.5061,351.0005095040025,medio,medio
2026-03-23 13:00:00,266.5061,354.6787283488221,medio,medio
2026-03-23 14:00:00,266.5061,355.66508405568123,medio,medio
2026-03-23 15:00:00,315.4061,375.2695281445058,medio,medio
2026-03-23 16:00:00,376.5061,385.0390639130775,medio,medio
2026-03-23 17:00:00,392.4261,384.9005861020766,medio,medio
2026-03-23 18:00:00,393.5061,394.7178357624419,medio,medio
2026-03-23 19:00:00,407.6171,396.316650628289,medio,medio
2026-03-23 20:00:00,393.5061,394.2145104304127,medio,medio
2026-03-23 21:00:00,393.5061,388.7111432455072,medio,medio
2026-03-23 22:00:00,392.4261,378.5494942099878,medio,medio
2026-03-23 23:00:00,392.4261,376.6174193688765,medio,medio
2026-03-24 00:00:00,114.49924,378.877389556734,bajo,medio
2026-03-24 01:00:00,114.49924,182.5429157986604,bajo,bajo
2026-03-24 02:00:00,114.49924,208.5375535706665,bajo,medio
2026-03-24 03:00:00,114.49924,213.13622727363597,bajo,medio
2026-03-24 04:00:00,114.59024,232.6835431460908,bajo,medio
2026-03-24 05:00:00,266.36924,271.43700309737,medio,medio
2026-03-24 06:00:00,266.36924,271.95383228774256,medio,medio
2026-03-24 07:00:00,270.62924,248.03694139541605,medio,medio
2026-03-24 08:00:00,271.41524,208.21170326606165,medio,medio
2026-03-24 09:00:00,266.36924,208.48175390057776,medio,medio
2026-03-24 10:00:00,266.36924,220.8520275099008,medio,medio
2026-03-24 11:00:00,266.36924,266.326545670258,medio,medio
2026-03-24 12:00:00,264.21724,278.3755098896997,medio,medio
2026-03-24 13:00:00,266.36924,296.9590308019348,medio,medio
2026-03-24 14:00:00,381.36924,318.62257895643324,medio,medio
2026-03-24 15:00:00,388.07724,347.6721208753635,medio,medio
2026-03-24 16:00:00,388.07724,376.549233698584,medio,medio
2026-03-24 17:00:00,388.36924,385.5504863871241,medio,medio
2026-03-24 18:00:00,429.36924,402.564894581885,medio,medio
2026-03-24 19:00:00,516.36924,411.9295323071998,alto,medio
2026-03-24 20:00:00,396.36924,415.9629904632516,medio,medio
2026-03-24 21:00:00,388.36924,414.83216747612727,medio,medio
2026-03-24 22:00:00,388.07724,389.3559212682462,medio,medio
2026-03-24 23:00:00,381.36924,345.8431274316559,medio,medio
2026-03-25 00:00:00,186.70675,240.99575678816436,bajo,medio
2026-03-25 01:00:00,254.55475,171.7740128703153,medio,bajo
2026-03-25 02:00:00,254.55475,170.16650396580246,medio,bajo
2026-03-25 03:00:00,261.75275,169.21844244367483,medio,bajo
2026-03-25 04:00:00,279.60675,174.1796504829759,medio,bajo
2026-03-25 05:00:00,305.70675,232.47715731274712,medio,medio
2026-03-25 06:00:00,325.62675,235.44178515500616,medio,medio
2026-03-25 07:00:00,304.70675,235.5346566739452,medio,medio
2026-03-25 08:00:00,304.70675,236.43220690883032,medio,medio
2026-03-25 09:00:00,186.70675,238.47208033808857,bajo,medio
2026-03-25 10:00:00,304.70675,255.0507533686813,medio,medio
2026-03-25 11:00:00,304.70675,266.52045599640905,medio,medio
2026-03-25 12:00:00,261.75275,277.75099255613804,medio,medio
2026-03-25 13:00:00,304.70675,294.766306765156,medio,medio
2026-03-25 14:00:00,325.62675,340.9595723641633,medio,medio
2026-03-25 15:00:00,326.70675,358.4228676410247,medio,medio
2026-03-25 16:00:00,381.70675,364.3824059477437,medio,medio
2026-03-25 17:00:00,384.70675,369.72493374097,medio,medio
2026-03-25 18:00:00,406.70675,411.6461673070892,medio,medio
2026-03-25 19:00:00,406.70675,456.360850489784,medio,alto
2026-03-25 20:00:00,406.70675,418.7993426069547,medio,medio
2026-03-25 21:00:00,384.70675,387.12090010421616,medio,medio
2026-03-25 22:00:00,381.70675,343.3984806612132,medio,medio
2026-03-25 23:00:00,325.62675,301.4918189043214,medio,medio
2026-03-26 00:00:00,290.73411,225.18270936931475,medio,medio
2026-03-26 01:00:00,290.73411,284.44122018185413,medio,medio
2026-03-26 02:00:00,290.73411,284.513176982268,medio,medio
2026-03-26 03:00:00,290.73411,286.94738054225354,medio,medio
2026-03-26 04:00:00,290.73411,293.6849125743228,medio,medio
2026-03-26 05:00:00,292.72711,304.187504778857,medio,medio
2026-03-26 06:00:00,290.73411,308.3842948460582,medio,medio
2026-03-26 07:00:00,290.73411,303.50572564112906,medio,medio
2026-03-26 08:00:00,262.72711,302.74746718417765,medio,medio
2026-03-26 09:00:00,260.57511,279.08713942426,medio,medio
2026-03-26 10:00:00,262.72711,308.3598728913629,medio,medio
2026-03-26 11:00:00,290.73411,311.6234005405594,medio,medio
2026-03-26 12:00:00,285.62711,312.7825353054343,medio,medio
2026-03-26 13:00:00,290.73411,328.290860056482,medio,medio
2026-03-26 14:00:00,290.73411,341.82503671870813,medio,medio
2026-03-26 15:00:00,331.72711,356.26655746261906,medio,medio
2026-03-26 16:00:00,332.72711,374.6336659481185,medio,medio
2026-03-26 17:00:00,367.72711,377.76383252424426,medio,medio
2026-03-26 18:00:00,367.72711,411.0895394216278,medio,medio
2026-03-26 19:00:00,462.72711,429.650998909029,alto,medio
2026-03-26 20:00:00,367.72711,412.9638702169968,medio,medio
2026-03-26 21:00:00,367.72711,386.0684187404603,medio,medio
2026-03-26 22:00:00,332.72711,361.31493964218106,medio,medio
2026-03-26 23:00:00,320.72711,330.4190440846584,medio,medio
2026-03-27 00:00:00,265.74992,307.0377013534404,medio,medio
2026-03-27 01:00:00,265.74992,271.51213139710933,medio,medio
2026-03-27 02:00:00,265.74992,271.002925619034,medio,medio
2026-03-27 03:00:00,263.75092,272.9301964505106,medio,medio
2026-03-27 04:00:00,265.74992,275.76686187045,medio,medio
2026-03-27 05:00:00,265.74992,282.64759280335375,medio,medio
2026-03-27 06:00:00,265.74992,279.6348082655834,medio,medio
2026-03-27 07:00:00,265.74992,276.7434135513398,medio,medio
2026-03-27 08:00:00,265.74992,265.73778707926056,medio,medio
2026-03-27 09:00:00,265.74992,264.0877827774483,medio,medio
2026-03-27 10:00:00,265.74992,269.0426864243973,medio,medio
2026-03-27 11:00:00,265.74992,278.62939138276766,medio,medio
2026-03-27 12:00:00,263.75092,284.4547601673158,medio,medio
2026-03-27 13:00:00,265.74992,288.90439975247244,medio,medio
2026-03-27 14:00:00,270.79692,295.26019300016145,medio,medio
2026-03-27 15:00:00,294.75092,313.60984070981897,medio,medio
2026-03-27 16:00:00,305.75092,318.479796048351,medio,medio
2026-03-27 17:00:00,305.75092,329.80864740029443,medio,medio
2026-03-27 18:00:00,333.75092,348.3135107529001,medio,medio
2026-03-27 19:00:00,335.75092,383.46186761725176,medio,medio
2026-03-27 20:00:00,305.75092,352.0501217055802,medio,medio
2026-03-27 21:00:00,305.75092,337.7187011652726,medio,medio
2026-03-27 22:00:00,305.75092,311.20891379428525,medio,medio
2026-03-27 23:00:00,294.75092,295.8307902517717,medio,medio
2026-03-28 00:00:00,198.48526,272.3144299001902,bajo,medio
2026-03-28 01:00:00,198.48526,215.1226669099393,bajo,medio
2026-03-28 02:00:00,198.48526,215.01101379950276,bajo,medio
2026-03-28 03:00:00,198.48526,215.499927716483,bajo,medio
2026-03-28 04:00:00,212.48526,217.94848461008664,medio,medio
2026-03-28 05:00:00,213.48526,219.49310181320945,medio,medio
2026-03-28 06:00:00,198.48526,220.2359862873584,bajo,medio
2026-03-28 07:00:00,198.48526,219.1897070561625,bajo,medio
2026-03-28 08:00:00,116.70626,220.43300871103528,bajo,medio
2026-03-28 09:00:00,116.70626,222.72054117959365,bajo,medio
2026-03-28 10:00:00,116.70626,225.25118508282225,bajo,medio
2026-03-28 11:00:00,116.70626,228.30993551484968,bajo,medio
2026-03-28 12:00:00,116.70626,228.94624384489947,bajo,medio
2026-03-28 13:00:00,117.32926,231.4321000418116,bajo,medio
2026-03-28 14:00:00,198.48526,236.44722333201088,bajo,medio
2026-03-28 15:00:00,212.48526,245.6727491149081,medio,medio
2026-03-28 16:00:00,215.48626,251.450735181217,medio,medio
2026-03-28 17:00:00,288.48526,255.23163487555055,medio,medio
2026-03-28 18:00:00,288.48526,273.5429530873508,medio,medio
2026-03-28 19:00:00,313.48526,282.9523076889349,medio,medio
2026-03-28 20:00:00,288.48526,274.73082255664417,medio,medio
2026-03-28 21:00:00,288.48526,269.628644358487,medio,medio
2026-03-28 22:00:00,288.48526,257.0669713357104,medio,medio
2026-03-28 23:00:00,215.48626,242.19496590993376,medio,medio
2026-03-29 00:00:00,170.45135,213.78272636189251,bajo,medio
2026-03-29 01:00:00,108.67235,177.6124152542314,bajo,bajo
2026-03-29 02:00:00,170.45135,178.49823298295644,bajo,bajo
2026-03-29 03:00:00,170.45135,177.89608168112562,bajo,bajo
2026-03-29 04:00:00,170.45135,176.61786003376514,bajo,bajo
2026-03-29 05:00:00,170.45135,175.27480359449788,bajo,bajo
2026-03-29 06:00:00,108.03435,168.54884673376102,bajo,bajo
2026-03-29 07:00:00,108.03435,164.88480325679922,bajo,bajo
2026-03-29 08:00:00,108.03435,143.3892893230393,bajo,bajo
2026-03-29 09:00:00,102.10735,143.47179840586705,bajo,bajo
2026-03-29 10:00:00,102.10735,144.1372993728142,bajo,bajo
2026-03-29 11:00:00,102.10735,145.85371973900493,bajo,bajo
2026-03-29 12:00:00,108.03135,147.96975581589007,bajo,bajo
2026-03-29 13:00:00,108.03435,148.69704463766422,bajo,bajo
2026-03-29 14:00:00,108.03435,170.13387988042277,bajo,bajo
2026-03-29 15:00:00,110.10735,179.09112520480713,bajo,bajo
2026-03-29 16:00:00,189.95135,183.569237434137,bajo,bajo
2026-03-29 17:00:00,203.45135,205.76371278317,medio,medio
2026-03-29 18:00:00,207.45235,231.28412771427577,medio,medio
2026-03-29 19:00:00,207.45235,254.9516156878822,medio,medio
2026-03-29 20:00:00,207.45235,248.91999200785665,medio,medio
2026-03-29 21:00:00,207.45235,235.8365517497153,medio,medio
2026-03-29 22:00:00,207.45235,223.8157875301645,medio,medio
2026-03-29 23:00:00,203.45135,195.2919082095135,medio,bajo
2026-03-30 00:00:00,184.66957,174.1403399787126,bajo,bajo
2026-03-30 01:00:00,171.66257,166.75043939805116,bajo,bajo
2026-03-30 02:00:00,184.66957,173.29357991391717,bajo,bajo
2026-03-30 03:00:00,184.66957,172.39349315485796,bajo,bajo
2026-03-30 04:00:00,184.66957,171.46809171625057,bajo,bajo
2026-03-30 05:00:00,184.66957,179.33249151862327,bajo,bajo
2026-03-30 06:00:00,184.66957,166.3960313070295,bajo,bajo
2026-03-30 07:00:00,184.66957,164.31941735291684,bajo,bajo
2026-03-30 08:00:00,184.66957,162.82568503599327,bajo,bajo
2026-03-30 09:00:00,184.66957,161.5404985127924,bajo,bajo
2026-03-30 10:00:00,184.66957,162.72989536617948,bajo,bajo
2026-03-30 11:00:00,186.06257,167.05625848709747,bajo,bajo
2026-03-30 12:00:00,186.06257,172.1986313404125,bajo,bajo
2026-03-30 13:00:00,186.06257,184.7752638813037,bajo,bajo
2026-03-30 14:00:00,186.06257,192.9803216559012,bajo,bajo
2026-03-30 15:00:00,186.06257,206.8632642250537,bajo,medio
2026-03-30 16:00:00,206.66257,241.93325251855543,medio,medio
2026-03-30 17:00:00,216.66257,253.72449372391227,medio,medio
2026-03-30 18:00:00,216.66257,292.3962243250253,medio,medio
2026-03-30 19:00:00,386.66257,327.87728697197895,medio,medio
2026-03-30 20:00:00,216.66257,321.57220553624506,medio,medio
2026-03-30 21:00:00,216.66257,283.7422017096998,medio,medio
2026-03-30 22:00:00,206.66257,243.06089269093133,medio,medio
2026-03-30 23:00:00,186.06257,223.3792007212364,bajo,medio
2026-03-31 00:00:00,195.01362,202.61127173846705,bajo,medio
2026-03-31 01:00:00,195.01362,190.27469972371583,bajo,bajo
2026-03-31 02:00:00,195.01362,195.02391641913707,bajo,bajo
2026-03-31 03:00:00,195.01362,189.9561580512244,bajo,bajo
2026-03-31 04:00:00,195.01362,192.8232468388433,bajo,bajo
2026-03-31 05:00:00,195.01362,200.31754764689464,bajo,bajo
2026-03-31 06:00:00,195.01362,201.08222653595652,bajo,bajo
2026-03-31 07:00:00,195.01362,202.53748425385493,bajo,medio
2026-03-31 08:00:00,189.41362,204.2882158994635,bajo,medio
2026-03-31 09:00:00,189.41362,204.01352951969267,bajo,medio
2026-03-31 10:00:00,189.41362,207.47173762475188,bajo,medio
2026-03-31 11:00:00,195.01362,207.10804341997732,bajo,medio
2026-03-31 12:00:00,195.01362,208.33798626800976,bajo,medio
2026-03-31 13:00:00,195.01362,208.33414695132063,bajo,medio
2026-03-31 14:00:00,195.01362,213.63034848252232,bajo,medio
2026-03-31 15:00:00,197.42062,221.9572935251412,bajo,medio
2026-03-31 16:00:00,199.41362,240.97149240354824,bajo,medio
2026-03-31 17:00:00,274.45962,248.22342203269525,medio,medio
2026-03-31 18:00:00,239.41362,282.69598559926897,medio,medio
2026-03-31 19:00:00,399.41362,352.595805916023,medio,medio
2026-03-31 20:00:00,199.41362,297.6234783250917,bajo,medio
2026-03-31 21:00:00,199.41362,262.1627308951988,bajo,medio
2026-03-31 22:00:00,197.42062,230.70423126255935,bajo,medio
2026-03-31 23:00:00,197.42062,218.01961234310528,bajo,medio
2026-04-01 00:00:00,166.41431,206.13829405168485,bajo,medio
2026-04-01 01:00:00,166.41431,174.43850317444566,bajo,bajo
2026-04-01 02:00:00,166.41431,174.02870361025026,bajo,bajo
2026-04-01 03:00:00,166.41431,171.6164691420243,bajo,bajo
2026-04-01 04:00:00,166.41431,172.14338798352546,bajo,bajo
2026-04-01 05:00:00,166.41431,176.70730007572013,bajo,bajo
2026-04-01 06:00:00,166.41431,180.57685414860896,bajo,bajo
2026-04-01 07:00:00,166.41431,181.0727246006127,bajo,bajo
2026-04-01 08:00:00,111.36131,179.97921941900623,bajo,bajo
2026-04-01 09:00:00,111.36131,178.23860674661404,bajo,bajo
2026-04-01 10:00:00,111.36131,180.18009620550305,bajo,bajo
2026-04-01 11:00:00,113.79731,179.86158827274187,bajo,bajo
2026-04-01 12:00:00,115.56331,181.2734791964517,bajo,bajo
2026-04-01 13:00:00,166.41431,185.11506569387416,bajo,bajo
2026-04-01 14:00:00,176.41431,190.9777056431852,bajo,bajo
2026-04-01 15:00:00,176.41431,200.87382479871607,bajo,bajo
2026-04-01 16:00:00,176.41431,206.92315099466083,bajo,medio
2026-04-01 17:00:00,192.41431,240.29409324444043,bajo,medio
2026-04-01 18:00:00,256.41431,277.88371544657866,medio,medio
2026-04-01 19:00:00,256.41431,327.70672681346224,medio,medio
2026-04-01 20:00:00,192.41431,244.6154231719472,bajo,medio
2026-04-01 21:00:00,192.41431,220.2626754251776,bajo,medio
2026-04-01 22:00:00,186.91431,205.5013894771861,bajo,medio
2026-04-01 23:00:00,176.41431,192.84771313130184,bajo,bajo
2026-04-02 00:00:00,155.6678,171.2594016066706,bajo,bajo
2026-04-02 01:00:00,155.6678,156.73740073133078,bajo,bajo
2026-04-02 02:00:00,155.6678,153.75722544907967,bajo,bajo
2026-04-02 03:00:00,155.6678,152.847148107409,bajo,bajo
2026-04-02 04:00:00,155.6678,151.51195128794592,bajo,bajo
2026-04-02 05:00:00,155.6678,152.27608284075174,bajo,bajo
2026-04-02 06:00:00,155.6678,151.25490390463816,bajo,bajo
2026-04-02 07:00:00,125.6678,151.02928691531068,bajo,bajo
2026-04-02 08:00:00,123.0508,136.64315562118944,bajo,bajo
2026-04-02 09:00:00,120.6148,136.79406975192455,bajo,bajo
2026-04-02 10:00:00,123.0508,137.85931068366915,bajo,bajo
2026-04-02 11:00:00,125.6678,135.23067877274514,bajo,bajo
2026-04-02 12:00:00,125.6678,139.54926519944155,bajo,bajo
2026-04-02 13:00:00,125.6678,151.48119294064946,bajo,bajo
2026-04-02 14:00:00,155.6678,156.36366790553888,bajo,bajo
2026-04-02 15:00:00,155.6678,161.26998173705732,bajo,bajo
2026-04-02 16:00:00,155.6678,167.23563637039575,bajo,bajo
2026-04-02 17:00:00,165.5678,186.51360291014183,bajo,bajo
2026-04-02 18:00:00,180.7788,212.07502242724215,bajo,medio
2026-04-02 19:00:00,180.7788,208.04905625697256,bajo,medio
2026-04-02 20:00:00,180.7788,182.5470825781005,bajo,bajo
2026-04-02 21:00:00,165.5678,175.25271424078835,bajo,bajo
2026-04-02 22:00:00,165.5678,165.6446175919105,bajo,bajo
2026-04-02 23:00:00,165.5678,157.11295349185764,bajo,bajo
2026-04-03 00:00:00,146.09312,149.4057968088089,bajo,bajo
2026-04-03 01:00:00,146.09312,148.38107343759913,bajo,bajo
2026-04-03 02:00:00,146.09312,147.54755354995655,bajo,bajo
2026-04-03 03:00:00,146.09312,147.41348809540494,bajo,bajo
2026-04-03 04:00:00,146.09312,146.04583554870774,bajo,bajo
2026-04-03 05:00:00,146.09312,146.63831836916452,bajo,bajo
2026-04-03 06:00:00,123.47612,145.70986109945227,bajo,bajo
2026-04-03 07:00:00,117.24212,138.92418513812507,bajo,bajo
2026-04-03 08:00:00,117.24212,137.60786186360016,bajo,bajo
2026-04-03 09:00:00,117.24212,137.83223992442885,bajo,bajo
2026-04-03 10:00:00,117.24212,138.5755436941422,bajo,bajo
2026-04-03 11:00:00,117.24212,139.2482715347355,bajo,bajo
2026-04-03 12:00:00,117.24212,142.53297735295914,bajo,bajo
2026-04-03 13:00:00,117.24212,144.41715831229823,bajo,bajo
2026-04-03 14:00:00,121.04012,153.61624420008357,bajo,bajo
2026-04-03 15:00:00,123.47612,155.79835100756915,bajo,bajo
2026-04-03 16:00:00,146.09312,157.02105192690163,bajo,bajo
2026-04-03 17:00:00,147.09312,166.03836454749128,bajo,bajo
2026-04-03 18:00:00,176.09312,180.75110401559365,bajo,bajo
2026-04-03 19:00:00,176.20412,178.6262612254431,bajo,bajo
2026-04-03 20:00:00,176.20412,170.17460355090793,bajo,bajo
2026-04-03 21:00:00,176.20412,162.00626368762542,bajo,bajo
2026-04-03 22:00:00,176.09312,156.7335547004934,bajo,bajo
2026-04-03 23:00:00,161.09312,152.3082445325333,bajo,bajo
2026-04-04 00:00:00,143.28764,146.93871565634575,bajo,bajo
2026-04-04 01:00:00,143.28764,144.37511223434404,bajo,bajo
2026-04-04 02:00:00,143.28764,144.1966245959727,bajo,bajo
2026-04-04 03:00:00,143.28764,144.02335757366865,bajo,bajo
2026-04-04 04:00:00,143.28764,143.68491095825038,bajo,bajo
2026-04-04 05:00:00,143.28764,142.05891815337094,bajo,bajo
2026-04-04 06:00:00,132.28764,138.0168246963981,bajo,bajo
2026-04-04 07:00:00,132.28764,136.3289945435693,bajo,bajo
2026-04-04 08:00:00,132.28764,136.2236325908385,bajo,bajo
2026-04-04 09:00:00,132.28764,135.91286779989775,bajo,bajo
2026-04-04 10:00:00,132.28764,136.0803878793163,bajo,bajo
2026-04-04 11:00:00,132.28764,136.6903229548615,bajo,bajo
2026-04-04 12:00:00,132.28764,137.14178511490744,bajo,bajo
2026-04-04 13:00:00,132.28764,137.92091093101038,bajo,bajo
2026-04-04 14:00:00,143.28764,139.55323762793824,bajo,bajo
2026-04-04 15:00:00,147.28764,141.3415857894316,bajo,bajo
2026-04-04 16:00:00,160.28764,146.2945611134003,bajo,bajo
2026-04-04 17:00:00,162.28764,149.81939657182244,bajo,bajo
2026-04-04 18:00:00,178.28764,158.88459892039188,bajo,bajo
2026-04-04 19:00:00,178.28764,160.7891928044251,bajo,bajo
2026-04-04 20:00:00,162.28764,159.28605378959645,bajo,bajo
2026-04-04 21:00:00,162.28764,157.80038061217255,bajo,bajo
2026-04-04 22:00:00,162.28764,156.53787606729594,bajo,bajo
2026-04-04 23:00:00,162.28764,150.9622121727233,bajo,bajo
2026-04-05 00:00:00,134.15781,146.5351550170014,bajo,bajo
2026-04-05 01:00:00,133.15781,135.40712270200493,bajo,bajo
2026-04-05 02:00:00,133.15781,136.42653350515667,bajo,bajo
2026-04-05 03:00:00,122.15781,137.24596810478246,bajo,bajo
2026-04-05 04:00:00,122.15781,135.8383323392471,bajo,bajo
2026-04-05 05:00:00,133.15781,133.54812572804215,bajo,bajo
2026-04-05 06:00:00,122.15781,130.676437916759,bajo,bajo
2026-04-05 07:00:00,122.15781,130.70618120524955,bajo,bajo
2026-04-05 08:00:00,122.15781,130.3518794711893,bajo,bajo
2026-04-05 09:00:00,110.28781,130.0625837183563,bajo,bajo
2026-04-05 10:00:00,122.15781,128.5930059634888,bajo,bajo
2026-04-05 11:00:00,122.15781,129.63632431909363,bajo,bajo
2026-04-05 12:00:00,122.15781,131.00314536070195,bajo,bajo
2026-04-05 13:00:00,122.15781,130.51485752657845,bajo,bajo
2026-04-05 14:00:00,122.15781,134.1426305972641,bajo,bajo
2026-04-05 15:00:00,133.15781,135.47130905222778,bajo,bajo
2026-04-05 16:00:00,134.15781,139.54471679891122,bajo,bajo
2026-04-05 17:00:00,142.15781,145.6262952460174,bajo,bajo
2026-04-05 18:00:00,142.15781,150.20660903330352,bajo,bajo
2026-04-05 19:00:00,157.15781,151.91462638321687,bajo,bajo
2026-04-05 20:00:00,142.15781,148.89147035915605,bajo,bajo
2026-04-05 21:00:00,142.15781,148.13840810435045,bajo,bajo
2026-04-05 22:00:00,142.15781,148.98214954746544,bajo,bajo
2026-04-05 23:00:00,142.15781,148.3228753205349,bajo,bajo
2026-04-06 00:00:00,140.80127,142.54560144946046,bajo,bajo
2026-04-06 01:00:00,131.80127,139.33413928645012,bajo,bajo
2026-04-06 02:00:00,131.80127,139.8206978327847,bajo,bajo
2026-04-06 03:00:00,131.80127,136.8532066335708,bajo,bajo
2026-04-06 04:00:00,140.80127,139.35266491434115,bajo,bajo
2026-04-06 05:00:00,140.80127,144.48721247997798,bajo,bajo
2026-04-06 06:00:00,140.80127,142.3998925401713,bajo,bajo
2026-04-06 07:00:00,140.80127,145.48092431804142,bajo,bajo
2026-04-06 08:00:00,140.80127,147.07608007674622,bajo,bajo
2026-04-06 09:00:00,140.80127,145.26030174331686,bajo,bajo
2026-04-06 10:00:00,140.80127,151.76794916378577,bajo,bajo
2026-04-06 11:00:00,140.80127,151.69656683165226,bajo,bajo
2026-04-06 12:00:00,140.80127,155.8641589850669,bajo,bajo
2026-04-06 13:00:00,140.80127,157.91692024809618,bajo,bajo
2026-04-06 14:00:00,150.80127,161.67683221783605,bajo,bajo
2026-04-06 15:00:00,151.80127,165.78531006409293,bajo,bajo
2026-04-06 16:00:00,195.80127,168.19876150610713,bajo,bajo
2026-04-06 17:00:00,195.80127,171.18962402289452,bajo,bajo
2026-04-06 18:00:00,200.80127,177.41068894715266,bajo,bajo
2026-04-06 19:00:00,195.80127,186.89615503315943,bajo,bajo
2026-04-06 20:00:00,1175.43727,178.259006234754,alto,bajo
2026-04-06 21:00:00,570.80127,169.2048446323247,alto,bajo
2026-04-06 22:00:00,195.80127,163.53271660654525,bajo,bajo
2026-04-06 23:00:00,151.80127,161.12173219248967,bajo,bajo
2026-04-07 00:00:00,137.09785,155.60924994553946,bajo,bajo
2026-04-07 01:00:00,137.09785,139.70938572061425,bajo,bajo
2026-04-07 02:00:00,137.09785,140.58727693608031,bajo,bajo
2026-04-07 03:00:00,137.09785,137.7792241484456,bajo,bajo
2026-04-07 04:00:00,137.09785,141.05469832708087,bajo,bajo
2026-04-07 05:00:00,149.98685,157.30751815596489,bajo,bajo
2026-04-07 06:00:00,149.98685,158.2205537612404,bajo,bajo
2026-04-07 07:00:00,149.98685,154.93041341546694,bajo,bajo
2026-04-07 08:00:00,137.09785,153.1268682048258,bajo,bajo
2026-04-07 09:00:00,137.09785,153.23251188899673,bajo,bajo
2026-04-07 10:00:00,137.09785,155.27939433475592,bajo,bajo
2026-04-07 11:00:00,149.98685,166.46727682765885,bajo,bajo
2026-04-07 12:00:00,149.98685,169.73078725112563,bajo,bajo
2026-04-07 13:00:00,149.98685,168.1250092353058,bajo,bajo
2026-04-07 14:00:00,158.98685,177.0082796006498,bajo,bajo
2026-04-07 15:00:00,158.98685,191.8440797403488,bajo,bajo
2026-04-07 16:00:00,398.98685,216.62800610849445,medio,medio
2026-04-07 17:00:00,398.98685,219.0352264082701,medio,medio
2026-04-07 18:00:00,1091.02085,269.0246955990099,alto,medio
2026-04-07 19:00:00,1091.02085,352.8299206389878,alto,medio
2026-04-07 20:00:00,274.03285,572.5876437493346,medio,alto
2026-04-07 21:00:00,189.48685,379.4504047634183,bajo,medio
2026-04-07 22:00:00,158.98685,212.7443326310556,bajo,medio
2026-04-07 23:00:00,158.98685,161.31636546490472,bajo,bajo
2026-04-08 00:00:00,207.3678,148.85749764440703,medio,bajo
2026-04-08 01:00:00,187.3678,195.5230342532029,bajo,bajo
2026-04-08 02:00:00,187.3678,185.58978615794632,bajo,bajo
2026-04-08 03:00:00,187.3678,180.5065289927044,bajo,bajo
2026-04-08 04:00:00,207.3678,187.69481805252013,medio,bajo
2026-04-08 05:00:00,207.3678,194.19717540736048,medio,bajo
2026-04-08 06:00:00,237.3678,188.23420324081357,medio,bajo
2026-04-08 07:00:00,237.3678,184.3879675755939,medio,bajo
2026-04-08 08:00:00,207.3678,183.56104707068928,medio,bajo
2026-04-08 09:00:00,207.3678,189.88190094915905,medio,bajo
2026-04-08 10:00:00,207.3678,199.54319132070052,medio,bajo
2026-04-08 11:00:00,237.3678,202.44815807682969,medio,medio
2026-04-08 12:00:00,207.3678,207.27444012547505,medio,medio
2026-04-08 13:00:00,207.3678,199.8986747064405,medio,bajo
2026-04-08 14:00:00,237.3678,212.17121672474715,medio,medio
2026-04-08 15:00:00,237.3678,222.10148451816693,medio,medio
2026-04-08 16:00:00,237.3678,268.0166231771077,medio,medio
2026-04-08 17:00:00,272.4138,334.11251403680353,medio,medio
2026-04-08 18:00:00,397.3678,626.0383274280979,medio,alto
2026-04-08 19:00:00,1161.9998,656.6673857989929,alto,alto
2026-04-08 20:00:00,397.3678,348.74182590920367,medio,medio
2026-04-08 21:00:00,237.3678,232.10654621260315,medio,medio
2026-04-08 22:00:00,237.3678,202.1747400624408,medio,medio
2026-04-08 23:00:00,207.3678,196.896790954498,medio,bajo
2026-04-09 00:00:00,202.13742,194.62782663941687,medio,bajo
2026-04-09 01:00:00,202.13742,199.68771599065343,medio,bajo
2026-04-09 02:00:00,202.13742,198.677049929695,medio,bajo
2026-04-09 03:00:00,202.13742,195.13852457173712,medio,bajo
2026-04-09 04:00:00,202.13742,207.5193252870099,medio,medio
2026-04-09 05:00:00,255.13742,213.5613895622434,medio,medio
2026-04-09 06:00:00,255.13742,218.49080380415865,medio,medio
2026-04-09 07:00:00,236.63742,213.5659459526049,medio,medio
2026-04-09 08:00:00,236.63742,207.00750831718491,medio,medio
2026-04-09 09:00:00,202.13742,209.30533767015865,medio,medio
2026-04-09 10:00:00,236.63742,217.83125798611897,medio,medio
2026-04-09 11:00:00,255.13742,232.4609533191077,medio,medio
2026-04-09 12:00:00,255.13742,228.452579712969,medio,medio
2026-04-09 13:00:00,255.13742,238.81505715511832,medio,medio
2026-04-09 14:00:00,255.13742,260.43121958072624,medio,medio
2026-04-09 15:00:00,255.13742,283.27534479757065,medio,medio
2026-04-09 16:00:00,255.13742,291.4786669993853,medio,medio
2026-04-09 17:00:00,268.13742,309.83294693363086,medio,medio
2026-04-09 18:00:00,1079.17142,464.1065394706077,alto,alto
2026-04-09 19:00:00,457.13742,702.4666899136006,alto,alto
2026-04-09 20:00:00,372.11742,434.290735509623,medio,medio
2026-04-09 21:00:00,268.13742,293.0857926350528,medio,medio
2026-04-09 22:00:00,255.13742,236.75760748646996,medio,medio
2026-04-09 23:00:00,255.13742,215.75210699536595,medio,medio
2026-04-10 00:00:00,256.01145,200.678687675314,medio,bajo
2026-04-10 01:00:00,256.01145,241.2008419586595,medio,medio
2026-04-10 02:00:00,256.01145,230.31486442921565,medio,medio
2026-04-10 03:00:00,256.01145,227.3522630054826,medio,medio
2026-04-10 04:00:00,256.01145,228.07188461677515,medio,medio
2026-04-10 05:00:00,267.45145,239.96486863254268,medio,medio
2026-04-10 06:00:00,266.01145,238.56534222919123,medio,medio
2026-04-10 07:00:00,256.01145,229.2581807715598,medio,medio
2026-04-10 08:00:00,256.01145,230.82617408831027,medio,medio
2026-04-10 09:00:00,256.01145,222.84555786655145,medio,medio
2026-04-10 10:00:00,256.01145,236.09169764350133,medio,medio
2026-04-10 11:00:00,266.01145,246.7220425237672,medio,medio
2026-04-10 12:00:00,266.01145,247.77411484681596,medio,medio
2026-04-10 13:00:00,268.01145,244.22403948275743,medio,medio
2026-04-10 14:00:00,268.01145,253.10101245675477,medio,medio
2026-04-10 15:00:00,268.01145,262.147654755236,medio,medio
2026-04-10 16:00:00,279.01145,267.3978576029294,medio,medio
2026-04-10 17:00:00,279.01145,298.2349713403079,medio,medio
2026-04-10 18:00:00,1090.04545,512.2217376948624,alto,alto
2026-04-10 19:00:00,468.01145,418.2164686677067,alto,medio
2026-04-10 20:00:00,318.01145,339.6233926838837,medio,medio
2026-04-10 21:00:00,279.01145,281.5047988447524,medio,medio
2026-04-10 22:00:00,268.01145,258.53350190813245,medio,medio
2026-04-10 23:00:00,268.01145,253.200447275114,medio,medio
2026-04-11 00:00:00,279.47077,239.5207624512404,medio,medio
2026-04-11 01:00:00,279.47077,274.9281505837414,medio,medio
2026-04-11 02:00:00,279.47077,273.7527386464802,medio,medio
2026-04-11 03:00:00,279.47077,273.9409484824037,medio,medio
2026-04-11 04:00:00,279.47077,276.3585057659565,medio,medio
2026-04-11 05:00:00,279.47077,277.9575923000012,medio,medio
2026-04-11 06:00:00,279.47077,276.9777013528763,medio,medio
2026-04-11 07:00:00,279.47077,272.93573040863095,medio,medio
2026-04-11 08:00:00,279.47077,273.72052787475104,medio,medio
2026-04-11 09:00:00,279.47077,273.9551455324078,medio,medio
2026-04-11 10:00:00,279.47077,278.5234020303452,medio,medio
2026-04-11 11:00:00,279.47077,281.6162771412636,medio,medio
2026-04-11 12:00:00,279.47077,279.5944255650825,medio,medio
2026-04-11 13:00:00,266.47077,277.9982109415953,medio,medio
2026-04-11 14:00:00,266.47077,280.4792696728978,medio,medio
2026-04-11 15:00:00,279.47077,280.81160121968963,medio,medio
2026-04-11 16:00:00,279.47077,284.68570505202734,medio,medio
2026-04-11 17:00:00,290.47077,299.10106438512526,medio,medio
2026-04-11 18:00:00,354.97077,480.8037843563976,medio,alto
2026-04-11 19:00:00,355.27077,350.2303749049034,medio,medio
2026-04-11 20:00:00,354.97077,306.25592138126694,medio,medio
2026-04-11 21:00:00,290.47077,296.805214789862,medio,medio
2026-04-11 22:00:00,280.47077,287.7064194346614,medio,medio
2026-04-11 23:00:00,280.47077,280.1822058042165,medio,medio
2026-04-12 00:00:00,281.96721,278.44368263989134,medio,medio
2026-04-12 01:00:00,278.96721,282.60767438178203,medio,medio
2026-04-12 02:00:00,278.96721,282.06013416193224,medio,medio
2026-04-12 03:00:00,277.96721,281.15081176338697,medio,medio
2026-04-12 04:00:00,277.96721,284.9393604259107,medio,medio
2026-04-12 05:00:00,277.96721,285.1148636955596,medio,medio
2026-04-12 06:00:00,277.96721,285.1343338513622,medio,medio
2026-04-12 07:00:00,200.46721,283.32830144838226,bajo,medio
2026-04-12 08:00:00,200.46721,282.93346918083324,bajo,medio
2026-04-12 09:00:00,200.46721,282.2285635501952,bajo,medio
2026-04-12 10:00:00,200.46721,284.6034254498678,bajo,medio
2026-04-12 11:00:00,242.43621,289.7499775095634,medio,medio
2026-04-12 12:00:00,277.96721,289.54580234068646,medio,medio
2026-04-12 13:00:00,277.96721,289.95146227505074,medio,medio
2026-04-12 14:00:00,277.96721,292.2024490523572,medio,medio
2026-04-12 15:00:00,278.96721,297.77393250749054,medio,medio
2026-04-12 16:00:00,281.96721,303.42111006587385,medio,medio
2026-04-12 17:00:00,308.96721,313.347207719826,medio,medio
2026-04-12 18:00:00,353.46721,342.88862315663727,medio,medio
2026-04-12 19:00:00,353.76721,350.5730062473194,medio,medio
2026-04-12 20:00:00,353.76721,341.61084366129,medio,medio
2026-04-12 21:00:00,353.76721,325.52755060090067,medio,medio
2026-04-12 22:00:00,338.96721,308.9937509622778,medio,medio
2026-04-12 23:00:00,308.96721,297.4155056789477,medio,medio
2026-04-13 00:00:00,298.56081,296.3780042346324,medio,medio
2026-04-13 01:00:00,298.56081,296.9277831078653,medio,medio
2026-04-13 02:00:00,284.56081,298.97592597521844,medio,medio
2026-04-13 03:00:00,284.56081,299.5017073005297,medio,medio
2026-04-13 04:00:00,284.56081,305.2707440877016,medio,medio
2026-04-13 05:00:00,304.56081,308.9138718858255,medio,medio
2026-04-13 06:00:00,304.56081,304.9976163411751,medio,medio
2026-04-13 07:00:00,298.56081,291.2901578898502,medio,medio
2026-04-13 08:00:00,304.56081,292.1629310899783,medio,medio
2026-04-13 09:00:00,304.56081,291.26292962637046,medio,medio
2026-04-13 10:00:00,304.56081,295.8967427515143,medio,medio
2026-04-13 11:00:00,304.56081,308.7775579702844,medio,medio
2026-04-13 12:00:00,304.56081,315.68792103279566,medio,medio
2026-04-13 13:00:00,314.56081,323.2108483676119,medio,medio
2026-04-13 14:00:00,330.56081,324.4034170077195,medio,medio
2026-04-13 15:00:00,333.56081,336.9983022386942,medio,medio
2026-04-13 16:00:00,345.06081,348.9067177452762,medio,medio
2026-04-13 17:00:00,345.06081,375.3685482848719,medio,medio
2026-04-13 18:00:00,1081.59481,471.6626242212489,alto,alto
2026-04-13 19:00:00,1081.59481,502.57571864513983,alto,alto
2026-04-13 20:00:00,459.56081,426.29934751490623,alto,medio
2026-04-13 21:00:00,330.56081,368.8102262281831,medio,medio
2026-04-13 22:00:00,314.56081,335.45668597313,medio,medio
2026-04-13 23:00:00,314.56081,319.1020416870239,medio,medio
2026-04-14 00:00:00,335.71938,310.37678264518746,medio,medio
2026-04-14 01:00:00,323.71938,329.19804492768657,medio,medio
2026-04-14 02:00:00,323.71938,323.3772817821723,medio,medio
2026-04-14 03:00:00,323.71938,320.7740576861761,medio,medio
2026-04-14 04:00:00,323.71938,326.8017956257094,medio,medio
2026-04-14 05:00:00,328.71938,338.4964385400027,medio,medio
2026-04-14 06:00:00,328.71938,335.6420519307302,medio,medio
2026-04-14 07:00:00,323.71938,333.10764063439274,medio,medio
2026-04-14 08:00:00,323.71938,334.3461546532212,medio,medio
2026-04-14 09:00:00,323.71938,336.8116802665687,medio,medio
2026-04-14 10:00:00,323.71938,346.7770903121764,medio,medio
2026-04-14 11:00:00,328.71938,343.6034663428956,medio,medio
2026-04-14 12:00:00,328.71938,340.29248842977825,medio,medio
2026-04-14 13:00:00,328.71938,358.6989670447356,medio,medio
2026-04-14 14:00:00,335.71938,375.4477302569341,medio,medio
2026-04-14 15:00:00,335.71938,397.7959453582554,medio,medio
2026-04-14 16:00:00,378.71938,415.0560769453516,medio,medio
2026-04-14 17:00:00,378.71938,514.4413463879149,medio,alto
2026-04-14 18:00:00,1150.80138,912.6231998148038,alto,alto
2026-04-14 19:00:00,1150.74838,913.5524677316772,alto,alto
2026-04-14 20:00:00,563.71938,542.6175722893072,alto,alto
2026-04-14 21:00:00,378.71938,383.24513260482126,medio,medio
2026-04-14 22:00:00,335.71938,346.67405470536414,medio,medio
2026-04-14 23:00:00,335.71938,341.05946541435685,medio,medio
2026-04-15 00:00:00,330.20876,339.3921300178925,medio,medio
2026-04-15 01:00:00,327.40876,331.6641884747752,medio,medio
2026-04-15 02:00:00,340.40876,327.9761239924542,medio,medio
2026-04-15 03:00:00,330.20876,325.4413149870518,medio,medio
2026-04-15 04:00:00,355.40876,328.46129356356573,medio,medio
2026-04-15 05:00:00,355.40876,338.00711068552187,medio,medio
2026-04-15 06:00:00,355.40876,331.39971107922923,medio,medio
2026-04-15 07:00:00,355.40876,328.1489298263096,medio,medio
2026-04-15 08:00:00,355.40876,326.9213075330989,medio,medio
2026-04-15 09:00:00,355.40876,331.2744368049917,medio,medio
2026-04-15 10:00:00,355.40876,341.18529311687104,medio,medio
2026-04-15 11:00:00,355.40876,336.2064919668184,medio,medio
2026-04-15 12:00:00,340.40876,338.9997907611705,medio,medio
2026-04-15 13:00:00,355.40876,346.6914929459005,medio,medio
2026-04-15 14:00:00,355.40876,361.60326039182814,medio,medio
2026-04-15 15:00:00,355.40876,387.6755236269152,medio,medio
2026-04-15 16:00:00,375.40876,407.5148288103481,medio,medio
2026-04-15 17:00:00,385.40876,484.44868354171234,medio,alto
2026-04-15 18:00:00,390.40876,889.8580262103758,medio,alto
2026-04-15 19:00:00,1087.44276,935.5936821197776,alto,alto
2026-04-15 20:00:00,385.40876,580.1783115014305,medio,alto
2026-04-15 21:00:00,385.40876,390.7093330167248,medio,medio
2026-04-15 22:00:00,375.40876,339.1864380929743,medio,medio
2026-04-15 23:00:00,355.40876,333.3174471809496,medio,medio
2026-04-16 00:00:00,357.42949,319.95978052177554,medio,medio
2026-04-16 01:00:00,357.42949,351.9017634066278,medio,medio
2026-04-16 02:00:00,357.42949,351.1249803717756,medio,medio
2026-04-16 03:00:00,357.42949,346.654334994394,medio,medio
2026-04-16 04:00:00,357.42949,359.5979611185063,medio,medio
2026-04-16 05:00:00,371.92949,364.0644090596358,medio,medio
2026-04-16 06:00:00,371.92949,362.6635118982695,medio,medio
2026-04-16 07:00:00,371.92949,360.5973555289159,medio,medio
2026-04-16 08:00:00,371.92949,358.48860974354267,medio,medio
2026-04-16 09:00:00,357.42949,356.80409968076043,medio,medio
2026-04-16 10:00:00,357.42949,360.339232235493,medio,medio
2026-04-16 11:00:00,357.42949,356.9513614875874,medio,medio
2026-04-16 12:00:00,357.42949,359.8331037373077,medio,medio
2026-04-16 13:00:00,371.92949,373.3225846411688,medio,medio
2026-04-16 14:00:00,381.92949,382.0222382365407,medio,medio
2026-04-16 15:00:00,381.92949,405.6143223776008,medio,medio
2026-04-16 16:00:00,402.92949,423.9405527748938,medio,medio
2026-04-16 17:00:00,458.92949,481.867242318203,alto,alto
2026-04-16 18:00:00,458.92949,644.2872505625962,alto,alto
2026-04-16 19:00:00,1083.96349,781.786010557657,alto,alto
2026-04-16 20:00:00,458.92949,508.82793296591854,alto,alto
2026-04-16 21:00:00,458.92949,408.4490813123536,alto,medio
2026-04-16 22:00:00,401.92949,369.2556916050153,medio,medio
2026-04-16 23:00:00,381.92949,354.13090106401467,medio,medio
2026-04-17 00:00:00,374.7422,340.8553506062618,medio,medio
2026-04-17 01:00:00,374.7422,367.5102362341071,medio,medio
2026-04-17 02:00:00,374.7422,364.9983916361256,medio,medio
2026-04-17 03:00:00,374.7422,362.6703707296287,medio,medio
2026-04-17 04:00:00,374.7422,363.1203897706222,medio,medio
2026-04-17 05:00:00,374.7422,366.8757204355391,medio,medio
2026-04-17 06:00:00,384.7422,367.3987009010367,medio,medio
2026-04-17 07:00:00,374.7422,364.9127947063394,medio,medio
2026-04-17 08:00:00,374.7422,366.3517466006841,medio,medio
2026-04-17 09:00:00,374.7422,361.962438848394,medio,medio
2026-04-17 10:00:00,374.7422,364.9083167970673,medio,medio
2026-04-17 11:00:00,374.7422,365.1477688826735,medio,medio
2026-04-17 12:00:00,374.7422,366.2964179959263,medio,medio
2026-04-17 13:00:00,384.7422,375.0965638726676,medio,medio
2026-04-17 14:00:00,386.7422,385.98738185117287,medio,medio
2026-04-17 15:00:00,386.7422,392.6989997334501,medio,medio
2026-04-17 16:00:00,386.7422,402.9542332469038,medio,medio
2026-04-17 17:00:00,414.7422,457.7928395110797,medio,alto
2026-04-17 18:00:00,554.7422,538.3661459487663,alto,alto
2026-04-17 19:00:00,554.7422,672.353440859827,alto,alto
2026-04-17 20:00:00,414.7422,460.45114465098754,medio,alto
2026-04-17 21:00:00,404.7422,415.7268300047936,medio,medio
2026-04-17 22:00:00,386.7422,384.8595273141311,medio,medio
2026-04-17 23:00:00,384.7422,365.8240602450985,medio,medio
2026-04-18 00:00:00,307.44404,353.9574163398157,medio,medio
2026-04-18 01:00:00,257.44404,317.5962083913034,medio,medio
2026-04-18 02:00:00,257.44404,318.8410913636648,medio,medio
2026-04-18 03:00:00,257.44404,317.9891232655596,medio,medio
2026-04-18 04:00:00,307.44404,319.5244677331756,medio,medio
2026-04-18 05:00:00,307.44404,318.9642678939316,medio,medio
2026-04-18 06:00:00,307.44404,320.03848911791266,medio,medio
2026-04-18 07:00:00,262.49004,317.2263922664911,medio,medio
2026-04-18 08:00:00,257.44404,315.1255536569084,medio,medio
2026-04-18 09:00:00,257.44404,316.2941515510986,medio,medio
2026-04-18 10:00:00,257.44404,317.69530072228105,medio,medio
2026-04-18 11:00:00,257.44404,319.8118385614296,medio,medio
2026-04-18 12:00:00,257.44404,319.76688872574334,medio,medio
2026-04-18 13:00:00,257.44404,327.1412069497985,medio,medio
2026-04-18 14:00:00,307.44404,331.0074557589943,medio,medio
2026-04-18 15:00:00,362.44404,338.34148483529606,medio,medio
2026-04-18 16:00:00,367.44404,348.55993615000045,medio,medio
2026-04-18 17:00:00,381.64404,372.6331253374024,medio,medio
2026-04-18 18:00:00,555.74404,432.38835953364185,alto,medio
2026-04-18 19:00:00,305.64104,439.682254307907,medio,medio
2026-04-18 20:00:00,537.44404,385.9773162801738,alto,medio
2026-04-18 21:00:00,405.44404,365.6068105674416,medio,medio
2026-04-18 22:00:00,381.64404,345.3104188373334,medio,medio
2026-04-18 23:00:00,381.64404,330.7854894841079,medio,medio
2026-04-19 00:00:00,176.31917,310.0972683848556,bajo,medio
2026-04-19 01:00:00,176.31917,195.98762355178823,bajo,bajo
2026-04-19 02:00:00,176.31917,196.26758349969683,bajo,bajo
2026-04-19 03:00:00,176.31917,194.48443118678227,bajo,bajo
2026-04-19 04:00:00,176.31917,209.02684609264276,bajo,medio
2026-04-19 05:00:00,176.31917,213.33734664805135,bajo,medio
2026-04-19 06:00:00,124.12817,209.2432370851906,bajo,medio
2026-04-19 07:00:00,124.12817,195.9957626699284,bajo,bajo
2026-04-19 08:00:00,124.12517,190.3288803361729,bajo,bajo
2026-04-19 09:00:00,124.12517,188.16143623637277,bajo,bajo
2026-04-19 10:00:00,124.12517,193.1527124026712,bajo,bajo
2026-04-19 11:00:00,124.12817,195.51467561689373,bajo,bajo
2026-04-19 12:00:00,124.12817,193.1185001835686,bajo,bajo
2026-04-19 13:00:00,176.31917,205.0982897810952,bajo,medio
2026-04-19 14:00:00,176.31917,223.9009927948117,bajo,medio
2026-04-19 15:00:00,176.31917,258.51608001142654,bajo,medio
2026-04-19 16:00:00,176.31917,278.9395989546253,bajo,medio
2026-04-19 17:00:00,326.31917,317.1061308141237,medio,medio
2026-04-19 18:00:00,331.31917,445.96219074824967,medio,medio
2026-04-19 19:00:00,556.31917,408.6711581032637,alto,medio
2026-04-19 20:00:00,331.31917,398.3486674607741,medio,medio
2026-04-19 21:00:00,331.31917,320.87366799288014,medio,medio
2026-04-19 22:00:00,326.31917,278.4612721449247,medio,medio
2026-04-19 23:00:00,240.79917,254.6406964864101,medio,medio
2026-04-20 00:00:00,227.71794,192.64536488611336,medio,bajo
2026-04-20 01:00:00,227.71794,219.41458260780948,medio,medio
2026-04-20 02:00:00,227.71794,217.1837753347363,medio,medio
2026-04-20 03:00:00,227.71794,208.27945409269725,medio,medio
2026-04-20 04:00:00,227.71794,222.98669002233132,medio,medio
2026-04-20 05:00:00,243.21794,239.9568056354672,medio,medio
2026-04-20 06:00:00,243.21794,227.30096297713476,medio,medio
2026-04-20 07:00:00,243.21794,227.940463231511,medio,medio
2026-04-20 08:00:00,243.21794,225.90935429663065,medio,medio
2026-04-20 09:00:00,227.71794,227.08467031317852,medio,medio
2026-04-20 10:00:00,227.71794,230.868403337038,medio,medio
2026-04-20 11:00:00,243.21794,234.0585597335947,medio,medio
2026-04-20 12:00:00,227.71794,237.0204605383321,medio,medio
2026-04-20 13:00:00,243.21794,254.92272144690244,medio,medio
2026-04-20 14:00:00,249.71794,261.6868742257055,medio,medio
2026-04-20 15:00:00,249.71794,291.2400078790014,medio,medio
2026-04-20 16:00:00,249.71794,310.7250027092156,medio,medio
2026-04-20 17:00:00,319.71794,386.0733815282285,medio,medio
2026-04-20 18:00:00,379.71794,573.4056389015084,medio,alto
2026-04-20 19:00:00,549.71794,691.4882607173049,alto,alto
2026-04-20 20:00:00,549.71794,501.1672470592948,alto,alto
2026-04-20 21:00:00,319.71794,360.9014847231818,medio,medio
2026-04-20 22:00:00,249.71794,295.4770680756706,medio,medio
2026-04-20 23:00:00,249.71794,261.9652144635669,medio,medio
2026-04-21 00:00:00,254.85568,239.5993696595162,medio,medio
2026-04-21 01:00:00,254.85568,251.9922804447295,medio,medio
2026-04-21 02:00:00,254.85568,250.43251236388105,medio,medio
2026-04-21 03:00:00,254.85568,241.54875257385487,medio,medio
2026-04-21 04:00:00,254.85568,247.39831857283548,medio,medio
2026-04-21 05:00:00,254.85568,263.6437023393799,medio,medio
2026-04-21 06:00:00,254.85568,265.1168255175179,medio,medio
2026-04-21 07:00:00,254.85568,264.9514472382328,medio,medio
2026-04-21 08:00:00,254.85568,264.8367823475425,medio,medio
2026-04-21 09:00:00,254.85568,255.1288727639317,medio,medio
2026-04-21 10:00:00,254.85568,263.4073031482077,medio,medio
2026-04-21 11:00:00,254.85568,265.07133508391803,medio,medio
2026-04-21 12:00:00,254.85568,264.5900957840728,medio,medio
2026-04-21 13:00:00,254.85568,272.7712748391445,medio,medio
2026-04-21 14:00:00,274.85568,285.6478206184556,medio,medio
2026-04-21 15:00:00,354.85568,310.32254283065544,medio,medio
2026-04-21 16:00:00,364.85568,333.47786822152847,medio,medio
2026-04-21 17:00:00,364.85568,375.9606975383582,medio,medio
2026-04-21 18:00:00,364.85568,577.0120102429141,medio,alto
2026-04-21 19:00:00,614.85568,756.9173493115567,alto,alto
2026-04-21 20:00:00,364.85568,621.6504267589493,medio,alto
2026-04-21 21:00:00,364.85568,393.32862486541273,medio,medio
2026-04-21 22:00:00,254.85568,276.40144616104425,medio,medio
2026-04-21 23:00:00,254.85568,276.15360177749204,medio,medio
2026-04-22 00:00:00,206.59557,261.3493047690703,medio,medio
2026-04-22 01:00:00,206.59557,221.6023483456846,medio,medio
2026-04-22 02:00:00,206.59557,225.05536506553776,medio,medio
2026-04-22 03:00:00,206.59557,218.18865369133135,medio,medio
2026-04-22 04:00:00,206.59557,220.6000909437685,medio,medio
2026-04-22 05:00:00,238.59557,231.6855212632101,medio,medio
2026-04-22 06:00:00,246.45257,235.95243760955464,medio,medio
2026-04-22 07:00:00,246.45257,239.9251031110166,medio,medio
2026-04-22 08:00:00,238.59557,243.90164127013784,medio,medio
2026-04-22 09:00:00,223.07557,238.3044907179156,medio,medio
2026-04-22 10:00:00,238.59557,247.05880827380665,medio,medio
2026-04-22 11:00:00,223.07557,252.1101919537801,medio,medio
2026-04-22 12:00:00,206.59557,253.58120025779863,medio,medio
2026-04-22 13:00:00,238.59557,257.7928420193114,medio,medio
2026-04-22 14:00:00,328.69557,279.49151532033767,medio,medio
2026-04-22 15:00:00,348.59557,322.9885845722972,medio,medio
2026-04-22 16:00:00,348.59557,326.4484334275156,medio,medio
2026-04-22 17:00:00,348.59557,343.08732200376073,medio,medio
2026-04-22 18:00:00,598.59557,467.8839584013778,alto,alto
2026-04-22 19:00:00,305.73557,608.2865314082742,medio,alto
2026-04-22 20:00:00,305.73557,458.6386400091437,medio,alto
2026-04-22 21:00:00,328.69557,350.93106166966334,medio,medio
2026-04-22 22:00:00,328.69557,267.0667053177875,medio,medio
2026-04-22 23:00:00,277.59557,250.6186657832489,medio,medio
2026-04-23 00:00:00,250.81233,217.7153269228524,medio,medio
2026-04-23 01:00:00,250.81233,241.5776547069461,medio,medio
2026-04-23 02:00:00,250.81233,239.73917611365917,medio,medio
2026-04-23 03:00:00,250.81233,237.2829226586836,medio,medio
2026-04-23 04:00:00,250.81233,241.1607338249612,medio,medio
2026-04-23 05:00:00,250.81233,254.73286247442175,medio,medio
2026-04-23 06:00:00,250.81233,255.9689152357041,medio,medio
2026-04-23 07:00:00,250.81233,255.830228965829,medio,medio
2026-04-23 08:00:00,250.81233,256.94818261849844,medio,medio
2026-04-23 09:00:00,237.81233,250.47771564122587,medio,medio
2026-04-23 10:00:00,250.81233,256.71990520063514,medio,medio
2026-04-23 11:00:00,250.81233,251.56600510924227,medio,medio
2026-04-23 12:00:00,250.81233,252.73544118984117,medio,medio
2026-04-23 13:00:00,250.81233,263.42062066536903,medio,medio
2026-04-23 14:00:00,255.66933,293.1600588291467,medio,medio
2026-04-23 15:00:00,296.22233,311.51371742298977,medio,medio
2026-04-23 16:00:00,317.81233,315.4367498624512,medio,medio
2026-04-23 17:00:00,317.81233,340.3292531742288,medio,medio
2026-04-23 18:00:00,357.81233,478.2111715193564,medio,alto
2026-04-23 19:00:00,357.81233,436.3753520832105,medio,medio
2026-04-23 20:00:00,317.81233,357.1281125531917,medio,medio
2026-04-23 21:00:00,316.81233,307.3082850140919,medio,medio
2026-04-23 22:00:00,296.22233,285.89627836638374,medio,medio
2026-04-23 23:00:00,250.81233,266.1137079550929,medio,medio
2026-04-24 00:00:00,274.13793,249.07957972862943,medio,medio
2026-04-24 01:00:00,274.13793,268.6691945161746,medio,medio
2026-04-24 02:00:00,274.13793,266.93101486463087,medio,medio
2026-04-24 03:00:00,274.13793,266.3354260553578,medio,medio
2026-04-24 04:00:00,274.13793,266.52512826576,medio,medio
2026-04-24 05:00:00,274.13793,270.1083886204596,medio,medio
2026-04-24 06:00:00,274.13793,269.92164222079765,medio,medio
2026-04-24 07:00:00,251.34993,270.7769895007418,medio,medio
2026-04-24 08:00:00,251.34993,267.44149484634124,medio,medio
2026-04-24 09:00:00,251.34993,264.6039263389195,medio,medio
2026-04-24 10:00:00,251.99493,272.2649628911051,medio,medio
2026-04-24 11:00:00,274.13793,275.834563918462,medio,medio
2026-04-24 12:00:00,274.13793,284.899476458891,medio,medio
2026-04-24 13:00:00,279.13793,288.9247259129057,medio,medio
2026-04-24 14:00:00,279.13793,298.9741953505545,medio,medio
2026-04-24 15:00:00,279.13793,314.3869546492468,medio,medio
2026-04-24 16:00:00,294.13793,321.7383217017165,medio,medio
2026-04-24 17:00:00,314.13793,334.9275106354697,medio,medio
2026-04-24 18:00:00,354.13793,373.6902450255122,medio,medio
2026-04-24 19:00:00,604.13793,372.2332707208629,alto,medio
2026-04-24 20:00:00,314.13793,329.81276342102274,medio,medio
2026-04-24 21:00:00,314.13793,307.035660592282,medio,medio
2026-04-24 22:00:00,306.13793,289.0624053718799,medio,medio
2026-04-24 23:00:00,279.13793,270.4722753120693,medio,medio
2026-04-25 00:00:00,246.00735,269.61071404651165,medio,medio
2026-04-25 01:00:00,246.00735,252.94598590706897,medio,medio
2026-04-25 02:00:00,246.00735,252.6150417583379,medio,medio
2026-04-25 03:00:00,246.00735,251.97269829764303,medio,medio
2026-04-25 04:00:00,246.00735,253.20334423948032,medio,medio
2026-04-25 05:00:00,246.00735,252.3779625674765,medio,medio
2026-04-25 06:00:00,246.00735,252.2726422059108,medio,medio
2026-04-25 07:00:00,246.00735,247.0606008998357,medio,medio
2026-04-25 08:00:00,246.00735,247.45559822991575,medio,medio
2026-04-25 09:00:00,246.00735,248.1029577378406,medio,medio
2026-04-25 10:00:00,246.00735,249.4848107866518,medio,medio
2026-04-25 11:00:00,246.00735,255.99571325141676,medio,medio
2026-04-25 12:00:00,246.00735,255.75100536725435,medio,medio
2026-04-25 13:00:00,246.00735,260.60529109323465,medio,medio
2026-04-25 14:00:00,246.00735,261.71074293118164,medio,medio
2026-04-25 15:00:00,246.00735,263.4588894523206,medio,medio
2026-04-25 16:00:00,266.21935,274.1085342969466,medio,medio
2026-04-25 17:00:00,306.00735,289.46412454341294,medio,medio
2026-04-25 18:00:00,316.00735,319.1550816134758,medio,medio
2026-04-25 19:00:00,336.00735,386.1721865962514,medio,medio
2026-04-25 20:00:00,316.00735,306.4283427774402,medio,medio
2026-04-25 21:00:00,306.00735,292.4055565391959,medio,medio
2026-04-25 22:00:00,286.00735,277.19536024209583,medio,medio
2026-04-25 23:00:00,266.21935,261.09398477071915,medio,medio
2026-04-26 00:00:00,258.12799,248.20360275574268,medio,medio
2026-04-26 01:00:00,257.12799,256.23219947778347,medio,medio
2026-04-26 02:00:00,250.42799,256.13551900041125,medio,medio
2026-04-26 03:00:00,238.12799,256.1333909189543,medio,medio
2026-04-26 04:00:00,238.12799,256.09381308613024,medio,medio
2026-04-26 05:00:00,238.12799,253.78601423806745,medio,medio
2026-04-26 06:00:00,238.12799,253.930078230554,medio,medio
2026-04-26 07:00:00,227.12799,252.3442161268081,medio,medio
2026-04-26 08:00:00,227.12799,252.5372927129945,medio,medio
2026-04-26 09:00:00,227.12799,252.3358077469831,medio,medio
2026-04-26 10:00:00,227.12799,253.23234662304952,medio,medio
2026-04-26 11:00:00,227.12799,257.1264136785398,medio,medio
2026-04-26 12:00:00,227.12799,256.84745790072844,medio,medio
2026-04-26 13:00:00,238.12799,256.1257426324502,medio,medio
2026-04-26 14:00:00,238.12799,257.2987946855236,medio,medio
2026-04-26 15:00:00,257.12799,262.5641012389104,medio,medio
2026-04-26 16:00:00,258.33999,273.4339408077996,medio,medio
2026-04-26 17:00:00,268.12799,291.22753764993905,medio,medio
2026-04-26 18:00:00,278.12799,306.2936441423276,medio,medio
2026-04-26 19:00:00,308.12799,320.8557673996353,medio,medio
2026-04-26 20:00:00,308.12799,311.21957151259124,medio,medio
2026-04-26 21:00:00,308.12799,303.68706317842395,medio,medio
2026-04-26 22:00:00,268.12799,286.44642289151864,medio,medio
2026-04-26 23:00:00,258.33999,274.14802509259914,medio,medio
2026-04-27 00:00:00,251.80531,268.36277928577493,medio,medio
2026-04-27 01:00:00,245.80531,253.2878613838526,medio,medio
2026-04-27 02:00:00,245.80531,253.34116404332008,medio,medio
2026-04-27 03:00:00,245.80531,252.2145432144172,medio,medio
2026-04-27 04:00:00,251.80531,254.34067055508356,medio,medio
2026-04-27 05:00:00,251.80531,255.52603775294608,medio,medio
2026-04-27 06:00:00,251.80531,253.77393181978584,medio,medio
2026-04-27 07:00:00,251.80531,251.1418888923667,medio,medio
2026-04-27 08:00:00,251.80531,252.4560789164338,medio,medio
2026-04-27 09:00:00,251.80531,251.7740379370897,medio,medio
2026-04-27 10:00:00,251.80531,255.26858724852335,medio,medio
2026-04-27 11:00:00,251.80531,259.9855874138631,medio,medio
2026-04-27 12:00:00,251.80531,262.7097127829396,medio,medio
2026-04-27 13:00:00,251.80531,272.47726795063454,medio,medio
2026-04-27 14:00:00,277.01731,278.1150980382869,medio,medio
2026-04-27 15:00:00,277.01731,289.113095340502,medio,medio
2026-04-27 16:00:00,281.80531,296.3138080598661,medio,medio
2026-04-27 17:00:00,306.80531,302.2029465994525,medio,medio
2026-04-27 18:00:00,346.80531,324.93081049003126,medio,medio
2026-04-27 19:00:00,596.80531,348.5749025192565,alto,medio
2026-04-27 20:00:00,306.80531,335.42285194114294,medio,medio
2026-04-27 21:00:00,306.80531,311.5883377982678,medio,medio
2026-04-27 22:00:00,281.80531,282.2624505505326,medio,medio
2026-04-27 23:00:00,277.01731,267.96737055477496,medio,medio
2026-04-28 00:00:00,98.19155,261.34235112848324,bajo,medio
2026-04-28 01:00:00,103.40455,126.4028972121892,bajo,bajo
2026-04-28 02:00:00,98.19155,132.8648052645634,bajo,bajo
2026-04-28 03:00:00,98.19155,144.8830975463511,bajo,bajo
2026-04-28 04:00:00,101.98955,177.7767664229994,bajo,bajo
2026-04-28 05:00:00,257.04255,229.2851423414954,medio,medio
2026-04-28 06:00:00,257.04255,251.02067560708008,medio,medio
2026-04-28 07:00:00,257.04255,249.3610731686716,medio,medio
2026-04-28 08:00:00,105.34955,247.86549390319945,bajo,medio
2026-04-28 09:00:00,98.19155,246.4757592231525,bajo,medio
2026-04-28 10:00:00,98.19155,248.19893229225488,bajo,medio
2026-04-28 11:00:00,101.98955,245.2889833560409,bajo,medio
2026-04-28 12:00:00,101.98955,247.4409780882225,bajo,medio
2026-04-28 13:00:00,257.04255,258.58581400005147,medio,medio
2026-04-28 14:00:00,257.04255,276.50305461232995,medio,medio
2026-04-28 15:00:00,267.04255,285.4254436184958,medio,medio
2026-04-28 16:00:00,267.04255,303.61428827700365,medio,medio
2026-04-28 17:00:00,272.04255,317.5123860905881,medio,medio
2026-04-28 18:00:00,597.04255,356.8266485879807,alto,medio
2026-04-28 19:00:00,1134.59455,423.36653498192027,alto,medio
2026-04-28 20:00:00,307.04255,365.2166717885599,medio,medio
2026-04-28 21:00:00,307.04255,341.1437222110408,medio,medio
2026-04-28 22:00:00,257.04255,283.5538814719379,medio,medio
2026-04-28 23:00:00,257.04255,232.5410528082079,medio,medio
2026-04-29 00:00:00,121.41992,153.87630023489075,bajo,bajo
2026-04-29 01:00:00,121.41992,119.18313120301156,bajo,bajo
2026-04-29 02:00:00,115.33292,115.08643532456412,bajo,bajo
2026-04-29 03:00:00,115.33292,110.15724026575413,bajo,bajo
2026-04-29 04:00:00,115.33292,126.6786795210016,bajo,bajo
2026-04-29 05:00:00,122.49092,189.24770625409195,bajo,bajo
2026-04-29 06:00:00,121.41992,198.2609205783315,bajo,bajo
2026-04-29 07:00:00,122.49092,190.5110634255588,bajo,bajo
2026-04-29 08:00:00,122.49092,146.27634655017033,bajo,bajo
2026-04-29 09:00:00,115.33292,137.01154170394273,bajo,bajo
2026-04-29 10:00:00,115.33292,145.958611291166,bajo,bajo
2026-04-29 11:00:00,115.33292,152.9082974754505,bajo,bajo
2026-04-29 12:00:00,115.33292,152.0186279257954,bajo,bajo
2026-04-29 13:00:00,122.49092,201.4196931495057,bajo,bajo
2026-04-29 14:00:00,274.18392,226.80347647748243,medio,medio
2026-04-29 15:00:00,279.18392,258.7359473642024,medio,medio
2026-04-29 16:00:00,282.18392,266.51907387339173,medio,medio
2026-04-29 17:00:00,364.18392,316.3996977095632,medio,medio
2026-04-29 18:00:00,364.18392,576.5163718424943,medio,alto
2026-04-29 19:00:00,614.18392,762.2501881594513,alto,alto
2026-04-29 20:00:00,614.18392,414.63862472513154,alto,medio
2026-04-29 21:00:00,284.18392,272.98768358705684,medio,medio
2026-04-29 22:00:00,274.18392,196.19361472495825,medio,bajo
2026-04-29 23:00:00,274.18392,172.5118257753846,medio,bajo
2026-04-30 00:00:00,123.9943,122.32488666931394,bajo,bajo
2026-04-30 01:00:00,123.9943,127.87017608788614,bajo,bajo
2026-04-30 02:00:00,123.9943,126.03225803496332,bajo,bajo
2026-04-30 03:00:00,123.9943,120.53678458449724,bajo,bajo
2026-04-30 04:00:00,123.9943,125.65045522001824,bajo,bajo
2026-04-30 05:00:00,225.6873,142.4878622270479,medio,bajo
2026-04-30 06:00:00,225.6873,147.47091610922246,medio,bajo
2026-04-30 07:00:00,123.9943,142.58574674390047,bajo,bajo
2026-04-30 08:00:00,116.8363,142.4615251961328,bajo,bajo
2026-04-30 09:00:00,116.8363,137.74074837460518,bajo,bajo
2026-04-30 10:00:00,120.6343,149.00758345236244,bajo,bajo
2026-04-30 11:00:00,225.6873,159.17971907919525,medio,bajo
2026-04-30 12:00:00,225.6873,168.7867289904505,medio,bajo
2026-04-30 13:00:00,225.6873,184.39721845442915,medio,bajo
2026-04-30 14:00:00,225.6873,236.9173018750424,medio,medio
2026-04-30 15:00:00,265.6873,272.9904320689544,medio,medio
2026-04-30 16:00:00,265.6873,283.70349334730986,medio,medio
2026-04-30 17:00:00,274.6873,319.9800375966309,medio,medio
2026-04-30 18:00:00,285.6873,479.3056622423983,medio,alto
2026-04-30 19:00:00,285.6873,633.580149293058,medio,alto
2026-04-30 20:00:00,285.6873,521.8612919150632,medio,alto
2026-04-30 21:00:00,265.6873,304.81303247771933,medio,medio
2026-04-30 22:00:00,265.6873,216.93036580529812,medio,medio
2026-04-30 23:00:00,225.6873,188.82533845528505,medio,bajo
2026-05-01 00:00:00,183.43366,136.5264561424304,bajo,bajo
2026-05-01 01:00:00,183.43366,165.86596267267132,bajo,bajo
2026-05-01 02:00:00,148.43366,154.7997327450792,bajo,bajo
2026-05-01 03:00:00,129.44266,151.04773565896775,bajo,bajo
2026-05-01 04:00:00,129.44266,151.59522877823122,bajo,bajo
2026-05-01 05:00:00,129.44266,175.37053738474046,bajo,bajo
2026-05-01 06:00:00,127.43366,169.54400421510312,bajo,bajo
2026-05-01 07:00:00,121.75366,142.79304899302406,bajo,bajo
2026-05-01 08:00:00,121.62366,139.19745458565993,bajo,bajo
2026-05-01 09:00:00,121.62366,141.89664717974586,bajo,bajo
2026-05-01 10:00:00,121.62366,151.67570627750803,bajo,bajo
2026-05-01 11:00:00,127.43366,178.90665296958838,bajo,bajo
2026-05-01 12:00:00,127.43366,180.64164901777067,bajo,bajo
2026-05-01 13:00:00,127.43366,180.7379618586814,bajo,bajo
2026-05-01 14:00:00,129.44266,185.63205906668492,bajo,bajo
2026-05-01 15:00:00,183.43366,202.14397837156764,bajo,medio
2026-05-01 16:00:00,183.43366,202.4015969535976,bajo,medio
2026-05-01 17:00:00,233.43366,215.38089973993849,medio,medio
2026-05-01 18:00:00,262.43366,248.13871660954612,medio,medio
2026-05-01 19:00:00,623.43366,259.97621932294606,alto,medio
2026-05-01 20:00:00,233.43366,247.65165332141788,medio,medio
2026-05-01 21:00:00,233.43366,225.53563196043933,medio,medio
2026-05-01 22:00:00,233.43366,207.52298099386877,medio,medio
2026-05-01 23:00:00,233.43366,189.360922731573,medio,bajo
2026-05-02 00:00:00,143.40286,176.73345776364977,bajo,bajo
2026-05-02 01:00:00,168.40286,152.88386342240045,bajo,bajo
2026-05-02 02:00:00,143.40286,145.5171391108953,bajo,bajo
2026-05-02 03:00:00,143.40286,139.73421280197638,bajo,bajo
2026-05-02 04:00:00,143.40286,138.83819019753227,bajo,bajo
2026-05-02 05:00:00,143.40286,138.42210251849778,bajo,bajo
2026-05-02 06:00:00,143.40286,136.96458931030494,bajo,bajo
2026-05-02 07:00:00,143.40286,136.18979999929576,bajo,bajo
2026-05-02 08:00:00,143.40286,135.9661682956596,bajo,bajo
2026-05-02 09:00:00,198.90286,137.07632061503784,bajo,bajo
2026-05-02 10:00:00,168.40286,136.78021424266743,bajo,bajo
2026-05-02 11:00:00,168.40286,139.80076147643604,bajo,bajo
2026-05-02 12:00:00,168.40286,141.78349148995144,bajo,bajo
2026-05-02 13:00:00,168.40286,141.11676895750105,bajo,bajo
2026-05-02 14:00:00,168.40286,145.0764924162845,bajo,bajo
2026-05-02 15:00:00,198.90286,163.5039658131772,bajo,bajo
2026-05-02 16:00:00,208.40286,166.7247274939366,medio,bajo
2026-05-02 17:00:00,208.40286,187.0983685288715,medio,bajo
2026-05-02 18:00:00,238.40286,239.30307352485977,medio,medio
2026-05-02 19:00:00,238.40286,350.66417961792285,medio,medio
2026-05-02 20:00:00,238.40286,235.1081368437748,medio,medio
2026-05-02 21:00:00,208.40286,207.78840629886244,medio,medio
2026-05-02 22:00:00,208.40286,191.12931467333436,medio,bajo
2026-05-02 23:00:00,198.90286,183.08046395450933,bajo,bajo
2026-05-03 00:00:00,206.23212,154.21454004676156,medio,bajo
2026-05-03 01:00:00,206.23212,197.17977786406112,medio,bajo
2026-05-03 02:00:00,206.23212,192.1544923246141,medio,bajo
2026-05-03 03:00:00,183.73212,192.60839437936392,bajo,bajo
2026-05-03 04:00:00,206.23212,191.4051851541432,medio,bajo
2026-05-03 05:00:00,206.23212,190.856195588456,medio,bajo
2026-05-03 06:00:00,183.73212,190.98763653492583,bajo,bajo
2026-05-03 07:00:00,183.73212,188.71902990927072,bajo,bajo
2026-05-03 08:00:00,183.73212,186.2826108051878,bajo,bajo
2026-05-03 09:00:00,183.73212,196.1210252474353,bajo,bajo
2026-05-03 10:00:00,183.73212,190.78206594571876,bajo,bajo
2026-05-03 11:00:00,183.73212,191.17751563088132,bajo,bajo
2026-05-03 12:00:00,183.73212,195.29444466957293,bajo,bajo
2026-05-03 13:00:00,183.73212,193.81336987238888,bajo,bajo
2026-05-03 14:00:00,206.23212,195.46124195130056,medio,bajo
2026-05-03 15:00:00,206.23212,201.36587561202975,medio,bajo
2026-05-03 16:00:00,213.23212,206.77226801476945,medio,medio
2026-05-03 17:00:00,213.23212,209.7124617304262,medio,medio
2026-05-03 18:00:00,238.23212,221.1715827021619,medio,medio
2026-05-03 19:00:00,238.23212,226.34025941931756,medio,medio
2026-05-03 20:00:00,238.23212,226.2666212868532,medio,medio
2026-05-03 21:00:00,238.23212,218.04804185094517,medio,medio
2026-05-03 22:00:00,213.23212,214.6447930994998,medio,medio
2026-05-03 23:00:00,213.23212,208.9606697314045,medio,medio
2026-05-04 00:00:00,214.6534,205.16148771184132,medio,medio
2026-05-04 01:00:00,214.6534,212.7528606074887,medio,medio
2026-05-04 02:00:00,214.6534,213.9605678810403,medio,medio
2026-05-04 03:00:00,214.6534,208.35918810059343,medio,medio
2026-05-04 04:00:00,214.6534,216.8629031319425,medio,medio
2026-05-04 05:00:00,248.6534,218.6965748297665,medio,medio
2026-05-04 06:00:00,248.6534,214.26140381785055,medio,medio
2026-05-04 07:00:00,214.6534,217.1164163989902,medio,medio
2026-05-04 08:00:00,214.6534,218.10674913695107,medio,medio
2026-05-04 09:00:00,214.6534,218.97844750004765,medio,medio
2026-05-04 10:00:00,223.6534,223.10755006670828,medio,medio
2026-05-04 11:00:00,248.6534,224.99855379089968,medio,medio
2026-05-04 12:00:00,248.6534,229.6205047415756,medio,medio
2026-05-04 13:00:00,248.6534,236.20374325396412,medio,medio
2026-05-04 14:00:00,248.6534,244.54780196937867,medio,medio
2026-05-04 15:00:00,258.6534,251.59917275430843,medio,medio
2026-05-04 16:00:00,294.1534,260.7604816639809,medio,medio
2026-05-04 17:00:00,294.1534,265.6977163990127,medio,medio
2026-05-04 18:00:00,508.6534,282.7959143363384,alto,medio
2026-05-04 19:00:00,558.6534,293.3843178920806,alto,medio
2026-05-04 20:00:00,508.6534,286.1017325591599,alto,medio
2026-05-04 21:00:00,558.6534,273.3718276551804,alto,medio
2026-05-04 22:00:00,294.1534,250.88185467779715,medio,medio
2026-05-04 23:00:00,248.6534,239.4167849832005,medio,medio
2026-05-05 00:00:00,231.43242,230.213740624031,medio,medio
2026-05-05 01:00:00,231.43242,230.2208796185828,medio,medio
2026-05-05 02:00:00,231.43242,231.46400766592308,medio,medio
2026-05-05 03:00:00,231.43242,224.74156914866995,medio,medio
2026-05-05 04:00:00,265.93242,232.53105968345284,medio,medio
2026-05-05 05:00:00,265.93242,255.4102075979863,medio,medio
2026-05-05 06:00:00,265.93242,256.57329320281474,medio,medio
2026-05-05 07:00:00,231.43242,253.62792570444373,medio,medio
2026-05-05 08:00:00,231.43242,251.49418319948063,medio,medio
2026-05-05 09:00:00,231.43242,249.6651384040157,medio,medio
2026-05-05 10:00:00,231.43242,257.4451685958169,medio,medio
2026-05-05 11:00:00,265.93242,267.8885549854296,medio,medio
2026-05-05 12:00:00,265.93242,265.6925708115916,medio,medio
2026-05-05 13:00:00,265.93242,272.4057264688737,medio,medio
2026-05-05 14:00:00,280.93242,283.99885213655915,medio,medio
2026-05-05 15:00:00,285.93242,301.7432491476876,medio,medio
2026-05-05 16:00:00,315.93242,313.31798204778147,medio,medio
2026-05-05 17:00:00,315.93242,323.7547273786378,medio,medio
2026-05-05 18:00:00,515.93242,471.2229913487428,alto,alto
2026-05-05 19:00:00,1118.61742,563.9760841399052,alto,alto
2026-05-05 20:00:00,515.93242,489.72575924516514,alto,alto
2026-05-05 21:00:00,495.93242,406.1350016510449,alto,medio
2026-05-05 22:00:00,315.93242,292.9827413684242,medio,medio
2026-05-05 23:00:00,280.93242,268.3951669244702,medio,medio
2026-05-06 00:00:00,230.28631,251.48373893561296,medio,medio
2026-05-06 01:00:00,230.28631,231.3183599668894,medio,medio
2026-05-06 02:00:00,230.28631,229.4285519351681,medio,medio
2026-05-06 03:00:00,230.28631,225.4948547104242,medio,medio
2026-05-06 04:00:00,230.28631,235.9737505078193,medio,medio
2026-05-06 05:00:00,264.28631,246.7699974297379,medio,medio
2026-05-06 06:00:00,230.28631,243.74401163149372,medio,medio
2026-05-06 07:00:00,230.28631,234.7153177602375,medio,medio
2026-05-06 08:00:00,230.28631,231.45274592571892,medio,medio
2026-05-06 09:00:00,230.28631,231.1716197443198,medio,medio
2026-05-06 10:00:00,230.28631,237.7561329525552,medio,medio
2026-05-06 11:00:00,230.28631,250.7189287663997,medio,medio
2026-05-06 12:00:00,230.28631,253.26343348646608,medio,medio
2026-05-06 13:00:00,230.28631,259.5489569822564,medio,medio
2026-05-06 14:00:00,264.28631,277.8590518484757,medio,medio
2026-05-06 15:00:00,279.78631,302.81049075634155,medio,medio
2026-05-06 16:00:00,314.78631,322.7942186874559,medio,medio
2026-05-06 17:00:00,314.78631,317.62328579540764,medio,medio
2026-05-06 18:00:00,504.78631,456.7233713265024,alto,alto
2026-05-06 19:00:00,1117.47131,687.5099689864329,alto,alto
2026-05-06 20:00:00,504.78631,534.865205064262,alto,alto
2026-05-06 21:00:00,504.78631,412.3044814465147,alto,medio
2026-05-06 22:00:00,284.78631,292.50234151875446,medio,medio
2026-05-06 23:00:00,230.28631,252.12609864037933,medio,medio
2026-05-07 00:00:00,225.7132,225.61613980684515,medio,medio
2026-05-07 01:00:00,251.8442,227.5872518659729,medio,medio
2026-05-07 02:00:00,225.7132,224.5128260869891,medio,medio
2026-05-07 03:00:00,225.7132,221.28101644132892,medio,medio
2026-05-07 04:00:00,225.7132,226.315248243408,medio,medio
2026-05-07 05:00:00,251.8442,238.76173619717065,medio,medio
2026-05-07 06:00:00,225.7132,229.5864221497312,medio,medio
2026-05-07 07:00:00,225.7132,223.24987062865137,medio,medio
2026-05-07 08:00:00,225.7132,223.90404732484032,medio,medio
2026-05-07 09:00:00,221.2132,226.7296283365672,medio,medio
2026-05-07 10:00:00,225.7132,237.6325041440292,medio,medio
2026-05-07 11:00:00,225.7132,246.90400085968773,medio,medio
2026-05-07 12:00:00,225.7132,249.01292762770925,medio,medio
2026-05-07 13:00:00,225.7132,259.37156847790743,medio,medio
2026-05-07 14:00:00,251.8442,281.85287505152337,medio,medio
2026-05-07 15:00:00,251.8442,310.3025917249787,medio,medio
2026-05-07 16:00:00,280.7132,325.4206941002849,medio,medio
2026-05-07 17:00:00,315.7132,331.72762233149706,medio,medio
2026-05-07 18:00:00,495.7132,488.42388288511006,alto,alto
2026-05-07 19:00:00,1118.3982,693.9449684595577,alto,alto
2026-05-07 20:00:00,495.7132,488.0294003394773,alto,alto
2026-05-07 21:00:00,475.7132,382.5891932204012,alto,medio
2026-05-07 22:00:00,280.7132,270.0926423524588,medio,medio
2026-05-07 23:00:00,251.8442,237.94381175971571,medio,medio
2026-05-08 00:00:00,244.22873,222.2232817070214,medio,medio
2026-05-08 01:00:00,244.22873,244.9299538842075,medio,medio
2026-05-08 02:00:00,244.22873,233.5118171081193,medio,medio
2026-05-08 03:00:00,244.22873,232.2557536627591,medio,medio
2026-05-08 04:00:00,244.22873,234.40063886407205,medio,medio
2026-05-08 05:00:00,244.22873,246.5021142106995,medio,medio
2026-05-08 06:00:00,244.22873,235.9655726593832,medio,medio
2026-05-08 07:00:00,244.22873,232.5224765635868,medio,medio
2026-05-08 08:00:00,244.22873,235.77658939824929,medio,medio
2026-05-08 09:00:00,244.22873,231.4754568065357,medio,medio
2026-05-08 10:00:00,244.22873,237.82672486097397,medio,medio
2026-05-08 11:00:00,244.22873,242.88289089501492,medio,medio
2026-05-08 12:00:00,244.22873,242.2176862233074,medio,medio
2026-05-08 13:00:00,244.22873,242.76274055925632,medio,medio
2026-05-08 14:00:00,244.22873,255.97725027329147,medio,medio
2026-05-08 15:00:00,251.22873,276.3974095914242,medio,medio
2026-05-08 16:00:00,307.72873,294.50922388905093,medio,medio
2026-05-08 17:00:00,307.72873,304.7956624451561,medio,medio
2026-05-08 18:00:00,1110.41373,460.2473980453912,alto,alto
2026-05-08 19:00:00,1122.29073,701.0907701691983,alto,alto
2026-05-08 20:00:00,457.72873,481.1929724316456,alto,alto
2026-05-08 21:00:00,307.72873,377.0283182311449,medio,medio
2026-05-08 22:00:00,252.72873,270.8483547295085,medio,medio
2026-05-08 23:00:00,244.22873,254.2799198234199,medio,medio
2026-05-09 00:00:00,163.73167,241.0064418795952,bajo,medio
2026-05-09 01:00:00,163.73167,181.18800469627377,bajo,bajo
2026-05-09 02:00:00,163.73167,178.91547716745845,bajo,bajo
2026-05-09 03:00:00,163.73167,177.53699195039545,bajo,bajo
2026-05-09 04:00:00,163.73167,182.2613903196492,bajo,bajo
2026-05-09 05:00:00,163.73167,180.6822782191732,bajo,bajo
2026-05-09 06:00:00,163.73167,177.35049888696682,bajo,bajo
2026-05-09 07:00:00,148.73167,177.36507493214208,bajo,bajo
2026-05-09 08:00:00,148.73167,177.55068961471858,bajo,bajo
2026-05-09 09:00:00,148.73167,178.55258385078247,bajo,bajo
2026-05-09 10:00:00,148.73167,184.8928793220356,bajo,bajo
2026-05-09 11:00:00,148.73167,186.59907849378956,bajo,bajo
2026-05-09 12:00:00,148.73167,178.86999328776068,bajo,bajo
2026-05-09 13:00:00,148.73167,178.2386077258204,bajo,bajo
2026-05-09 14:00:00,163.73167,186.0439897047668,bajo,bajo
2026-05-09 15:00:00,163.73167,199.9743140685944,bajo,bajo
2026-05-09 16:00:00,218.73167,211.89362068722065,medio,medio
2026-05-09 17:00:00,308.73167,243.10162621221167,medio,medio
2026-05-09 18:00:00,438.73167,539.9870123042998,medio,alto
2026-05-09 19:00:00,458.73167,579.1504125936916,alto,alto
2026-05-09 20:00:00,308.73167,339.095082325283,medio,medio
2026-05-09 21:00:00,308.73167,248.32646863343135,medio,medio
2026-05-09 22:00:00,246.05567,208.05336601387296,medio,medio
2026-05-09 23:00:00,238.73167,195.77289881913785,medio,bajo
2026-05-10 00:00:00,276.57911,167.8377118314164,medio,bajo
2026-05-10 01:00:00,276.57911,254.4365345214541,medio,medio
2026-05-10 02:00:00,267.46811,254.67782474862065,medio,medio
2026-05-10 03:00:00,229.46811,251.56507609420655,medio,medio
2026-05-10 04:00:00,267.46811,252.7724922108848,medio,medio
2026-05-10 05:00:00,229.46811,251.18531225975917,medio,medio
2026-05-10 06:00:00,147.46811,246.89685970258017,bajo,medio
2026-05-10 07:00:00,147.46811,238.49978192863716,bajo,medio
2026-05-10 08:00:00,147.46811,240.17016396883164,bajo,medio
2026-05-10 09:00:00,147.46811,238.7882594339353,bajo,medio
2026-05-10 10:00:00,147.46811,244.50384535874605,bajo,medio
2026-05-10 11:00:00,147.46811,246.6052185519319,bajo,medio
2026-05-10 12:00:00,147.46811,248.9276744570313,bajo,medio
2026-05-10 13:00:00,147.46811,247.02857766732356,bajo,medio
2026-05-10 14:00:00,147.46811,247.4364813930967,bajo,medio
2026-05-10 15:00:00,218.46811,259.037525721031,medio,medio
2026-05-10 16:00:00,267.46811,274.51600067294294,medio,medio
2026-05-10 17:00:00,276.57911,290.9070530327638,medio,medio
2026-05-10 18:00:00,358.46811,350.44854683320244,medio,medio
2026-05-10 19:00:00,358.46811,379.8998621496232,medio,medio
2026-05-10 20:00:00,358.46811,330.3439849356242,medio,medio
2026-05-10 21:00:00,358.46811,308.24213706696383,medio,medio
2026-05-10 22:00:00,358.46811,282.67557304298145,medio,medio
2026-05-10 23:00:00,353.46811,273.73279287199165,medio,medio
2026-05-11 00:00:00,276.39693,267.78551272261336,medio,medio
2026-05-11 01:00:00,278.39693,276.9934140006968,medio,medio
2026-05-11 02:00:00,276.39693,276.63931776786217,medio,medio
2026-05-11 03:00:00,268.39693,264.6665540390264,medio,medio
2026-05-11 04:00:00,276.39693,280.1189464010361,medio,medio
2026-05-11 05:00:00,292.39693,277.40768937823594,medio,medio
2026-05-11 06:00:00,278.39693,258.6289954041646,medio,medio
2026-05-11 07:00:00,307.39693,262.5768599185177,medio,medio
2026-05-11 08:00:00,278.39693,269.82760003227787,medio,medio
2026-05-11 09:00:00,276.39693,270.49691339677554,medio,medio
2026-05-11 10:00:00,278.39693,275.158444669491,medio,medio
2026-05-11 11:00:00,307.39693,282.3949302928779,medio,medio
2026-05-11 12:00:00,307.39693,281.9368532882927,medio,medio
2026-05-11 13:00:00,307.39693,291.46146149376864,medio,medio
2026-05-11 14:00:00,458.39693,303.7402983549505,alto,medio
2026-05-11 15:00:00,468.39693,342.8565704801678,alto,medio
2026-05-11 16:00:00,488.50793,367.2775899202446,alto,medio
2026-05-11 17:00:00,488.50793,382.0813383282364,alto,medio
2026-05-11 18:00:00,699.99193,535.7204236006171,alto,alto
2026-05-11 19:00:00,699.99193,645.2347714854379,alto,alto
2026-05-11 20:00:00,488.50793,547.0847388381785,alto,alto
2026-05-11 21:00:00,488.50793,413.56313132052185,alto,medio
2026-05-11 22:00:00,468.39693,337.1934254619094,alto,medio
2026-05-11 23:00:00,463.39693,326.16076793726324,alto,medio
2026-05-12 00:00:00,495.64994,299.7432479361021,alto,medio
2026-05-12 01:00:00,495.64994,436.20587024428346,alto,medio
2026-05-12 02:00:00,495.64994,431.61943883759113,alto,medio
2026-05-12 03:00:00,469.53894,422.2034836840926,alto,medio
2026-05-12 04:00:00,495.64994,427.59426794616377,alto,medio
2026-05-12 05:00:00,495.64994,440.27159629642665,alto,medio
2026-05-12 06:00:00,495.64994,448.4672864444214,alto,alto
2026-05-12 07:00:00,469.53894,452.9993124674634,alto,alto
2026-05-12 08:00:00,482.53894,452.33899214476673,alto,alto
2026-05-12 09:00:00,469.53894,443.6357383077304,alto,medio
2026-05-12 10:00:00,482.53894,443.0943897488138,alto,medio
2026-05-12 11:00:00,482.53894,456.7907394637558,alto,alto
2026-05-12 12:00:00,482.53894,458.7030744620623,alto,alto
2026-05-12 13:00:00,495.64994,464.76247569152326,alto,alto
2026-05-12 14:00:00,508.45494,510.4131960205318,alto,alto
2026-05-12 15:00:00,803.53894,521.8958260752809,alto,alto
2026-05-12 16:00:00,824.53894,534.1638208638481,alto,alto
2026-05-12 17:00:00,824.53894,557.0841269254848,alto,alto
2026-05-12 18:00:00,834.53894,697.8260332017691,alto,alto
2026-05-12 19:00:00,834.53894,742.6674268219851,alto,alto
2026-05-12 20:00:00,829.53894,612.4210104619935,alto,alto
2026-05-12 21:00:00,824.53894,548.344603130709,alto,alto
2026-05-12 22:00:00,824.53894,516.1907321337181,alto,alto
2026-05-12 23:00:00,503.53894,510.05898760677,alto,alto
2026-05-13 00:00:00,660.78986,499.3984460369918,alto,alto
2026-05-13 01:00:00,654.55886,615.5250912940081,alto,alto
2026-05-13 02:00:00,654.55886,606.4920482594682,alto,alto
2026-05-13 03:00:00,654.55886,590.5337567148875,alto,alto
2026-05-13 04:00:00,703.44786,593.3728549150359,alto,alto
2026-05-13 05:00:00,770.97986,600.7617674500494,alto,alto
2026-05-13 06:00:00,703.44786,612.4084710657501,alto,alto
2026-05-13 07:00:00,654.55886,593.9959722434687,alto,alto
2026-05-13 08:00:00,654.55886,608.8311864661139,alto,alto
2026-05-13 09:00:00,489.44786,608.3540602240244,alto,alto
2026-05-13 10:00:00,654.55886,609.2062472102632,alto,alto
2026-05-13 11:00:00,654.55886,621.5342613189033,alto,alto
2026-05-13 12:00:00,654.55886,627.6442364998645,alto,alto
2026-05-13 13:00:00,703.44786,646.0984441705083,alto,alto
2026-05-13 14:00:00,703.44786,663.4697903761501,alto,alto
2026-05-13 15:00:00,770.97986,726.1645018266452,alto,alto
2026-05-13 16:00:00,823.44786,742.1654843018924,alto,alto
2026-05-13 17:00:00,833.44786,772.8858968901748,alto,alto
2026-05-13 18:00:00,1083.44786,846.1270745189778,alto,alto
2026-05-13 19:00:00,1093.44786,855.1025215931822,alto,alto
2026-05-13 20:00:00,903.44786,799.7190791833895,alto,alto
2026-05-13 21:00:00,833.44786,747.4176235326617,alto,alto
2026-05-13 22:00:00,823.44786,721.1619496934643,alto,alto
2026-05-13 23:00:00,703.44786,617.512249190848,alto,alto
2026-05-14 00:00:00,822.47869,631.5739202506373,alto,alto
2026-05-14 01:00:00,822.47869,774.2447666361627,alto,alto
2026-05-14 02:00:00,801.47869,751.7164480052484,alto,alto
2026-05-14 03:00:00,771.75269,729.0866472245897,alto,alto
2026-05-14 04:00:00,801.47869,733.2202263203231,alto,alto
2026-05-14 05:00:00,822.47869,745.8126939920048,alto,alto
2026-05-14 06:00:00,822.47869,736.9740142349117,alto,alto
2026-05-14 07:00:00,704.47869,712.641494531561,alto,alto
2026-05-14 08:00:00,704.47869,713.1735578629601,alto,alto
2026-05-14 09:00:00,704.47869,679.7965501142312,alto,alto
2026-05-14 10:00:00,704.47869,714.0554124597214,alto,alto
2026-05-14 11:00:00,801.47869,721.6466705651361,alto,alto
2026-05-14 12:00:00,771.75269,734.9760558552223,alto,alto
2026-05-14 13:00:00,822.47869,759.2008918726985,alto,alto
2026-05-14 14:00:00,832.47869,769.5552832180985,alto,alto
2026-05-14 15:00:00,832.47869,780.8684452952846,alto,alto
2026-05-14 16:00:00,913.23569,813.124879072518,alto,alto
2026-05-14 17:00:00,913.23569,840.646702806056,alto,alto
2026-05-14 18:00:00,1082.47869,926.1998131845404,alto,alto
2026-05-14 19:00:00,1094.47869,928.6878662657142,alto,alto
2026-05-14 20:00:00,1082.47869,869.5272858344833,alto,alto
2026-05-14 21:00:00,913.23569,824.0428884662092,alto,alto
2026-05-14 22:00:00,832.47869,794.0983722454056,alto,alto
2026-05-14 23:00:00,832.47869,749.05418929606,alto,alto
2026-05-15 00:00:00,792.65294,777.8959013098122,alto,alto
2026-05-15 01:00:00,792.65294,798.1026369754073,alto,alto
2026-05-15 02:00:00,774.53594,784.2214751561963,alto,alto
2026-05-15 03:00:00,774.53594,772.1111075754743,alto,alto
2026-05-15 04:00:00,792.65294,776.5668164609503,alto,alto
2026-05-15 05:00:00,792.65294,781.3391786782986,alto,alto
2026-05-15 06:00:00,792.65294,775.099749253811,alto,alto
2026-05-15 07:00:00,666.05494,739.198257731513,alto,alto
2026-05-15 08:00:00,644.65294,732.8215833986064,alto,alto
2026-05-15 09:00:00,642.65294,734.520008290853,alto,alto
2026-05-15 10:00:00,666.05494,736.1354241648764,alto,alto
2026-05-15 11:00:00,698.50794,762.1763583691405,alto,alto
2026-05-15 12:00:00,792.65294,764.8998590952892,alto,alto
2026-05-15 13:00:00,792.65294,785.4355163125722,alto,alto
2026-05-15 14:00:00,792.65294,799.9450296360974,alto,alto
2026-05-15 15:00:00,792.65294,805.3277905174193,alto,alto
2026-05-15 16:00:00,801.65294,846.4730540056503,alto,alto
2026-05-15 17:00:00,822.65294,876.9717412898945,alto,alto
2026-05-15 18:00:00,902.65294,941.157755829666,alto,alto
2026-05-15 19:00:00,1082.65294,940.257954914731,alto,alto
2026-05-15 20:00:00,902.65294,918.477220928679,alto,alto
2026-05-15 21:00:00,902.65294,857.6072266043681,alto,alto
2026-05-15 22:00:00,822.65294,825.455034752655,alto,alto
2026-05-15 23:00:00,792.65294,812.4630274303827,alto,alto
2026-05-16 00:00:00,691.8236,787.3658417614987,alto,alto
2026-05-16 01:00:00,693.1876,707.7662082193106,alto,alto
2026-05-16 02:00:00,798.6876,701.1563603497666,alto,alto
2026-05-16 03:00:00,691.8236,702.2993601527336,alto,alto
2026-05-16 04:00:00,798.6876,699.449844344222,alto,alto
2026-05-16 05:00:00,798.6876,691.9479785288486,alto,alto
2026-05-16 06:00:00,691.8236,682.6378299069296,alto,alto
2026-05-16 07:00:00,442.8236,649.4716951507295,medio,alto
2026-05-16 08:00:00,442.8236,632.6432335168367,medio,alto
2026-05-16 09:00:00,442.8236,635.5475336633895,medio,alto
2026-05-16 10:00:00,509.8466,646.2766327810276,alto,alto
2026-05-16 11:00:00,442.8236,653.8601901458853,medio,alto
2026-05-16 12:00:00,442.8236,678.5867801294884,medio,alto
2026-05-16 13:00:00,442.8236,695.4676472044267,medio,alto
2026-05-16 14:00:00,691.8236,710.4251187367579,alto,alto
2026-05-16 15:00:00,798.6876,729.4116648769772,alto,alto
2026-05-16 16:00:00,798.6876,748.8957184438177,alto,alto
2026-05-16 17:00:00,802.8236,772.7795929366076,alto,alto
2026-05-16 18:00:00,832.8236,818.6387011466214,alto,alto
2026-05-16 19:00:00,822.8236,874.980811683867,alto,alto
2026-05-16 20:00:00,822.8236,826.2728229141132,alto,alto
2026-05-16 21:00:00,802.8236,820.7517369248615,alto,alto
2026-05-16 22:00:00,798.6876,789.858595159151,alto,alto
2026-05-16 23:00:00,798.6876,762.9535098385204,alto,alto
2026-05-17 00:00:00,759.4927,726.151783292391,alto,alto
2026-05-17 01:00:00,759.4927,736.832674829422,alto,alto
2026-05-17 02:00:00,759.4927,745.5922456236997,alto,alto
2026-05-17 03:00:00,759.4927,724.6993531702149,alto,alto
2026-05-17 04:00:00,759.4927,711.8328403540493,alto,alto
2026-05-17 05:00:00,759.4927,651.5222889924563,alto,alto
2026-05-17 06:00:00,759.4927,574.8951240570219,alto,alto
2026-05-17 07:00:00,413.8287,489.78482614065774,medio,alto
2026-05-17 08:00:00,408.8287,466.7915766996292,medio,alto
2026-05-17 09:00:00,408.8287,457.50134595428494,medio,alto
2026-05-17 10:00:00,408.8287,476.1350206392416,medio,alto
2026-05-17 11:00:00,408.8287,465.68301940501874,medio,alto
2026-05-17 12:00:00,413.8287,482.7816851296625,medio,alto
2026-05-17 13:00:00,652.8287,514.0833049168351,alto,alto
2026-05-17 14:00:00,759.4927,595.256648287139,alto,alto
2026-05-17 15:00:00,759.4927,669.2920930257076,alto,alto
2026-05-17 16:00:00,803.8287,698.0355102666771,alto,alto
2026-05-17 17:00:00,824.3287,730.0738968593305,alto,alto
2026-05-17 18:00:00,824.3287,768.3819327609752,alto,alto
2026-05-17 19:00:00,824.3287,781.7782635356223,alto,alto
2026-05-17 20:00:00,824.3287,781.9183744639265,alto,alto
2026-05-17 21:00:00,824.3287,778.5217455251138,alto,alto
2026-05-17 22:00:00,824.3287,759.7925513034,alto,alto
2026-05-17 23:00:00,823.8287,751.1091363130915,alto,alto
2026-05-18 00:00:00,821.81402,719.9023093443755,alto,alto
2026-05-18 01:00:00,821.81402,803.9168608069958,alto,alto
2026-05-18 02:00:00,706.22402,798.2173234816707,alto,alto
2026-05-18 03:00:00,583.14002,800.6047253974845,alto,alto
2026-05-18 04:00:00,821.81402,780.8295793847319,alto,alto
2026-05-18 05:00:00,821.81402,753.1141932809094,alto,alto
2026-05-18 06:00:00,821.81402,719.5822219716963,alto,alto
2026-05-18 07:00:00,553.14002,618.4254687241851,alto,alto
2026-05-18 08:00:00,553.14002,599.661173003101,alto,alto
2026-05-18 09:00:00,553.14002,595.0346591687698,alto,alto
2026-05-18 10:00:00,553.14002,607.1351031224316,alto,alto
2026-05-18 11:00:00,553.14002,612.808991603871,alto,alto
2026-05-18 12:00:00,583.14002,636.2059796348998,alto,alto
2026-05-18 13:00:00,583.14002,705.8756621436162,alto,alto
2026-05-18 14:00:00,821.81402,757.257450618313,alto,alto
2026-05-18 15:00:00,821.81402,782.3925699879168,alto,alto
2026-05-18 16:00:00,822.14002,813.1345843431549,alto,alto
2026-05-18 17:00:00,833.14002,840.4555966102778,alto,alto
2026-05-18 18:00:00,903.14002,847.5306418929234,alto,alto
2026-05-18 19:00:00,903.14002,841.411587836447,alto,alto
2026-05-18 20:00:00,903.14002,837.1914972641571,alto,alto
2026-05-18 21:00:00,903.14002,832.2799267599387,alto,alto
2026-05-18 22:00:00,833.14002,808.7712314938476,alto,alto
2026-05-18 23:00:00,823.14002,808.8884269073953,alto,alto
2026-05-19 00:00:00,829.28103,807.3247948958405,alto,alto
2026-05-19 01:00:00,829.28103,827.6877010857237,alto,alto
2026-05-19 02:00:00,829.28103,790.8060805194373,alto,alto
2026-05-19 03:00:00,822.42803,764.4986294185227,alto,alto
2026-05-19 04:00:00,829.28103,819.1919953800139,alto,alto
2026-05-19 05:00:00,829.28103,818.9063004771514,alto,alto
2026-05-19 06:00:00,829.28103,817.4441059432529,alto,alto
2026-05-19 07:00:00,822.42803,745.1971823563479,alto,alto
2026-05-19 08:00:00,822.42803,746.5978977837588,alto,alto
2026-05-19 09:00:00,707.42803,738.4381407122758,alto,alto
2026-05-19 10:00:00,822.42803,737.485965131322,alto,alto
2026-05-19 11:00:00,822.42803,740.0245333385399,alto,alto
2026-05-19 12:00:00,822.42803,757.5451153270601,alto,alto
2026-05-19 13:00:00,822.42803,769.1619565649121,alto,alto
2026-05-19 14:00:00,829.28103,839.9777535114088,alto,alto
2026-05-19 15:00:00,832.42803,851.3834106749854,alto,alto
2026-05-19 16:00:00,891.42803,866.8531296471516,alto,alto
2026-05-19 17:00:00,905.42803,889.6718635401987,alto,alto
2026-05-19 18:00:00,905.42803,924.1141731683464,alto,alto
2026-05-19 19:00:00,907.42803,928.552900005846,alto,alto
2026-05-19 20:00:00,907.42803,911.676614636363,alto,alto
2026-05-19 21:00:00,905.42803,889.7876254473867,alto,alto
2026-05-19 22:00:00,905.42803,854.5930426485554,alto,alto
2026-05-19 23:00:00,852.42803,845.3867143365957,alto,alto
2026-05-20 00:00:00,832.39948,830.64170984193,alto,alto
2026-05-20 01:00:00,822.39948,829.9723954545437,alto,alto
2026-05-20 02:00:00,822.39948,833.3782309518609,alto,alto
2026-05-20 03:00:00,822.39948,832.7035113434515,alto,alto
2026-05-20 04:00:00,822.39948,839.2388885914038,alto,alto
2026-05-20 05:00:00,832.39948,838.6906143053644,alto,alto
2026-05-20 06:00:00,822.39948,841.4558303192074,alto,alto
2026-05-20 07:00:00,752.39948,840.0620759597974,alto,alto
2026-05-20 08:00:00,752.39948,846.1632882896411,alto,alto
2026-05-20 09:00:00,752.39948,818.9997709665,alto,alto
2026-05-20 10:00:00,752.39948,839.3968628187663,alto,alto
2026-05-20 11:00:00,822.39948,842.3403633631215,alto,alto
2026-05-20 12:00:00,820.04448,851.7035852779786,alto,alto
2026-05-20 13:00:00,822.39948,870.720358861635,alto,alto
2026-05-20 14:00:00,832.39948,879.6338593580152,alto,alto
2026-05-20 15:00:00,881.39948,885.759062900719,alto,alto
2026-05-20 16:00:00,905.89948,909.0680235652476,alto,alto
2026-05-20 17:00:00,905.89948,933.1940118456546,alto,alto
2026-05-20 18:00:00,951.39948,936.6363545233446,alto,alto
2026-05-20 19:00:00,952.39948,939.2694729831204,alto,alto
2026-05-20 20:00:00,907.39948,924.1607809639224,alto,alto
2026-05-20 21:00:00,905.89948,912.220962293692,alto,alto
2026-05-20 22:00:00,905.89948,902.6912067991404,alto,alto
2026-05-20 23:00:00,881.39948,884.8688443506245,alto,alto
2026-05-21 00:00:00,633.75144,877.8252434381343,alto,alto
2026-05-21 01:00:00,633.75144,674.2529357314745,alto,alto
2026-05-21 02:00:00,633.75144,685.3830929669382,alto,alto
2026-05-21 03:00:00,633.75144,687.4930103666637,alto,alto
2026-05-21 04:00:00,633.75144,687.4861244937607,alto,alto
2026-05-21 05:00:00,653.75144,701.1534646732499,alto,alto
2026-05-21 06:00:00,653.75144,691.7459251179769,alto,alto
2026-05-21 07:00:00,653.75144,675.2072311160061,alto,alto
2026-05-21 08:00:00,653.75144,669.8020766065033,alto,alto
2026-05-21 09:00:00,653.75144,671.8646488644973,alto,alto
2026-05-21 10:00:00,653.75144,688.4639696040218,alto,alto
2026-05-21 11:00:00,653.75144,704.1590901240752,alto,alto
2026-05-21 12:00:00,633.75144,715.3639608092911,alto,alto
2026-05-21 13:00:00,653.75144,746.4446510503997,alto,alto
2026-05-21 14:00:00,802.75144,772.5887317247189,alto,alto
2026-05-21 15:00:00,823.75144,801.2784426835203,alto,alto
2026-05-21 16:00:00,823.75144,825.6109130056657,alto,alto
2026-05-21 17:00:00,823.75144,838.1920603448457,alto,alto
2026-05-21 18:00:00,902.75144,867.1881215207112,alto,alto
2026-05-21 19:00:00,902.75144,866.9490213330162,alto,alto
2026-05-21 20:00:00,823.75144,840.353850746568,alto,alto
2026-05-21 21:00:00,823.75144,829.2911732608297,alto,alto
2026-05-21 22:00:00,705.37444,806.1377122120821,alto,alto
2026-05-21 23:00:00,653.75144,767.3018716138976,alto,alto
2026-05-22 00:00:00,390.96186,687.7983169140894,medio,alto
2026-05-22 01:00:00,390.96186,444.1190630533016,medio,medio
2026-05-22 02:00:00,390.96186,453.95424958333047,medio,alto
2026-05-22 03:00:00,390.96186,468.0701589309906,medio,alto
2026-05-22 04:00:00,390.96186,496.0221312809563,medio,alto
2026-05-22 05:00:00,395.96186,556.4405926884438,medio,alto
2026-05-22 06:00:00,395.96186,562.6174906527153,medio,alto
2026-05-22 07:00:00,390.96186,555.2651215154093,medio,alto
2026-05-22 08:00:00,390.96186,552.1966802956576,medio,alto
2026-05-22 09:00:00,390.96186,550.9688212290407,medio,alto
2026-05-22 10:00:00,390.96186,566.6181003439995,medio,alto
2026-05-22 11:00:00,395.96186,582.6627995819006,medio,alto
2026-05-22 12:00:00,395.96186,597.0529879984575,medio,alto
2026-05-22 13:00:00,644.96186,633.0160817653735,alto,alto
2026-05-22 14:00:00,670.96186,709.4550659102897,alto,alto
2026-05-22 15:00:00,689.34086,744.7518823466398,alto,alto
2026-05-22 16:00:00,715.96186,766.9614021352711,alto,alto
2026-05-22 17:00:00,810.96186,758.803074447846,alto,alto
2026-05-22 18:00:00,911.96186,797.0123041107586,alto,alto
2026-05-22 19:00:00,911.96186,812.4970213279979,alto,alto
2026-05-22 20:00:00,904.96186,781.5152955771889,alto,alto
2026-05-22 21:00:00,810.96186,760.9902413962635,alto,alto
2026-05-22 22:00:00,715.96186,675.2644761849874,alto,alto
2026-05-22 23:00:00,670.96186,594.9626604682541,alto,alto
2026-05-23 00:00:00,691.64388,478.0002320945105,alto,alto
2026-05-23 01:00:00,691.64388,605.1243197293453,alto,alto
2026-05-23 02:00:00,691.64388,528.8602950652846,alto,alto
2026-05-23 03:00:00,667.64388,487.0970386245858,alto,alto
2026-05-23 04:00:00,667.64388,458.1057015652846,alto,alto
2026-05-23 05:00:00,667.64388,442.22208217945706,alto,medio
2026-05-23 06:00:00,667.64388,417.12999418083785,alto,medio
2026-05-23 07:00:00,592.64388,401.3080023808661,alto,medio
2026-05-23 08:00:00,592.64388,394.1931764064677,alto,medio
2026-05-23 09:00:00,592.64388,384.9537483265307,alto,medio
2026-05-23 10:00:00,592.64388,392.6815593055304,alto,medio
2026-05-23 11:00:00,592.64388,403.6870947626648,alto,medio
2026-05-23 12:00:00,592.64388,434.2531201720974,alto,medio
2026-05-23 13:00:00,667.64388,508.97194326425074,alto,alto
2026-05-23 14:00:00,695.89388,551.3022322202362,alto,alto
2026-05-23 15:00:00,722.64388,596.5290076682173,alto,alto
2026-05-23 16:00:00,802.64388,622.1713393553298,alto,alto
2026-05-23 17:00:00,807.64388,668.9699661816852,alto,alto
2026-05-23 18:00:00,908.64388,724.7985281158662,alto,alto
2026-05-23 19:00:00,908.64388,751.0651306223634,alto,alto
2026-05-23 20:00:00,901.64388,748.6326858416751,alto,alto
2026-05-23 21:00:00,807.64388,718.7735999777351,alto,alto
2026-05-23 22:00:00,722.64388,674.3302471909324,alto,alto
2026-05-23 23:00:00,695.89388,648.4430918297005,alto,alto
2026-05-24 00:00:00,669.81899,626.6328326145741,alto,alto
2026-05-24 01:00:00,669.81899,672.9080544264106,alto,alto
2026-05-24 02:00:00,669.81899,665.0098652490583,alto,alto
2026-05-24 03:00:00,669.81899,649.006883287001,alto,alto
2026-05-24 04:00:00,669.81899,618.6787787477965,alto,alto
2026-05-24 05:00:00,653.81899,606.7432227968902,alto,alto
2026-05-24 06:00:00,554.81899,588.3795709738832,alto,alto
2026-05-24 07:00:00,554.81899,544.0028356983239,alto,alto
2026-05-24 08:00:00,98.71499,528.4835595545376,bajo,alto
2026-05-24 09:00:00,246.00899,513.5935525428133,medio,alto
2026-05-24 10:00:00,253.29899,514.5378964802563,medio,alto
2026-05-24 11:00:00,554.81899,520.1085421819562,alto,alto
2026-05-24 12:00:00,554.81899,533.4772004059712,alto,alto
2026-05-24 13:00:00,554.81899,558.3245457231232,alto,alto
2026-05-24 14:00:00,554.81899,591.9555593677323,alto,alto
2026-05-24 15:00:00,554.81899,638.1425663368067,alto,alto
2026-05-24 16:00:00,669.81899,677.45303776173,alto,alto
2026-05-24 17:00:00,724.81899,710.6216622892515,alto,alto
2026-05-24 18:00:00,724.81899,779.5625604891851,alto,alto
2026-05-24 19:00:00,809.81899,811.6885443255842,alto,alto
2026-05-24 20:00:00,809.81899,793.8280202018491,alto,alto
2026-05-24 21:00:00,809.81899,750.8346076492228,alto,alto
2026-05-24 22:00:00,724.81899,693.590034780639,alto,alto
2026-05-24 23:00:00,724.81899,674.9061278294025,alto,alto
2026-05-25 00:00:00,455.51831,644.7160660522167,alto,alto
2026-05-25 01:00:00,455.51831,515.6804807986892,alto,alto
2026-05-25 02:00:00,455.51831,531.193944974874,alto,alto
2026-05-25 03:00:00,455.51831,530.6908383956851,alto,alto
2026-05-25 04:00:00,455.51831,541.5717878054668,alto,alto
2026-05-25 05:00:00,670.51831,567.9938262644998,alto,alto
2026-05-25 06:00:00,670.51831,543.700334459717,alto,alto
2026-05-25 07:00:00,549.84831,537.0336119913136,alto,alto
2026-05-25 08:00:00,644.51831,429.0936446996916,alto,medio
2026-05-25 09:00:00,455.51831,459.2128004387517,alto,alto
2026-05-25 10:00:00,644.51831,474.8291058538599,alto,alto
2026-05-25 11:00:00,670.51831,552.5492357579993,alto,alto
2026-05-25 12:00:00,670.51831,577.1801016094417,alto,alto
2026-05-25 13:00:00,705.51831,607.6785971487487,alto,alto
2026-05-25 14:00:00,720.51831,635.7043981828609,alto,alto
2026-05-25 15:00:00,720.51831,658.9567539766542,alto,alto
2026-05-25 16:00:00,720.51831,701.9287443923445,alto,alto
2026-05-25 17:00:00,720.51831,725.2640167570305,alto,alto
2026-05-25 18:00:00,725.51831,752.5697373760139,alto,alto
2026-05-25 19:00:00,725.51831,804.320630255789,alto,alto
2026-05-25 20:00:00,723.51831,788.8378848348088,alto,alto
2026-05-25 21:00:00,720.51831,770.4312450094918,alto,alto
2026-05-25 22:00:00,720.51831,706.7836482041071,alto,alto
2026-05-25 23:00:00,705.51831,660.3003020636722,alto,alto
2026-05-26 00:00:00,465.8808,553.803682652863,alto,alto
2026-05-26 01:00:00,465.8808,466.2945856544633,alto,alto
2026-05-26 02:00:00,465.8808,466.4461032866063,alto,alto
2026-05-26 03:00:00,465.8808,466.1081810191364,alto,alto
2026-05-26 04:00:00,465.8808,468.9060539122912,alto,alto
2026-05-26 05:00:00,644.8808,531.0906758077844,alto,alto
2026-05-26 06:00:00,644.8808,531.2443152385538,alto,alto
2026-05-26 07:00:00,465.8808,506.35839359719375,alto,alto
2026-05-26 08:00:00,465.8808,531.6650181987819,alto,alto
2026-05-26 09:00:00,465.8808,503.9771095806275,alto,alto
2026-05-26 10:00:00,465.8808,564.5557219881803,alto,alto
2026-05-26 11:00:00,644.8808,581.5684151845444,alto,alto
2026-05-26 12:00:00,644.8808,598.3763926605388,alto,alto
2026-05-26 13:00:00,670.8808,627.7869261485753,alto,alto
2026-05-26 14:00:00,685.8808,647.089906396018,alto,alto
2026-05-26 15:00:00,685.8808,666.3732646947565,alto,alto
2026-05-26 16:00:00,685.8808,677.1529291391379,alto,alto
2026-05-26 17:00:00,685.8808,682.7493123153715,alto,alto
2026-05-26 18:00:00,904.8808,707.8859367935316,alto,alto
2026-05-26 19:00:00,904.8808,714.3599714639888,alto,alto
2026-05-26 20:00:00,904.8808,700.588424047254,alto,alto
2026-05-26 21:00:00,685.8808,686.4868591919422,alto,alto
2026-05-26 22:00:00,685.8808,651.4122864032819,alto,alto
2026-05-26 23:00:00,670.8808,606.8635265273382,alto,alto
2026-05-27 00:00:00,446.08831,521.7190866123377,alto,alto
2026-05-27 01:00:00,436.08831,452.5344195366912,medio,alto
2026-05-27 02:00:00,436.08831,449.7689577011408,medio,alto
2026-05-27 03:00:00,436.08831,452.1696401789378,medio,alto
2026-05-27 04:00:00,446.08831,466.9904743512875,alto,alto
2026-05-27 05:00:00,456.08831,542.3077788390649,alto,alto
2026-05-27 06:00:00,446.08831,544.9269295493075,alto,alto
2026-05-27 07:00:00,446.08831,493.51031715562544,alto,alto
2026-05-27 08:00:00,446.08831,485.3763020347062,alto,alto
2026-05-27 09:00:00,446.08831,491.88136031615335,alto,alto
2026-05-27 10:00:00,446.08831,525.8146025571305,alto,alto
2026-05-27 11:00:00,446.08831,586.5498156632743,alto,alto
2026-05-27 12:00:00,446.08831,609.2728689609494,alto,alto
2026-05-27 13:00:00,446.08831,648.5411088698671,alto,alto
2026-05-27 14:00:00,456.08831,681.1491775567157,alto,alto
2026-05-27 15:00:00,456.08831,706.475471161482,alto,alto
2026-05-27 16:00:00,671.08831,718.853599980675,alto,alto
2026-05-27 17:00:00,671.08831,734.400347802173,alto,alto
2026-05-27 18:00:00,905.08831,830.119235224011,alto,alto
2026-05-27 19:00:00,1126.08831,842.7138408443934,alto,alto
2026-05-27 20:00:00,905.08831,825.190261908972,alto,alto
2026-05-27 21:00:00,691.08831,753.6473789686537,alto,alto
2026-05-27 22:00:00,630.08831,684.4335372769624,alto,alto
2026-05-27 23:00:00,456.08831,606.3759181956843,alto,alto
2026-05-28 00:00:00,265.41213,494.5147192646237,medio,alto
2026-05-28 01:00:00,265.41213,310.8758321659331,medio,medio
2026-05-28 02:00:00,265.41213,305.5174768042552,medio,medio
2026-05-28 03:00:00,265.41213,301.64484821632703,medio,medio
2026-05-28 04:00:00,265.41213,343.5311645897127,medio,medio
2026-05-28 05:00:00,435.41213,429.3474096984549,medio,medio
2026-05-28 06:00:00,267.18413,442.26963261684944,medio,medio
2026-05-28 07:00:00,265.41213,419.8731764995334,medio,medio
2026-05-28 08:00:00,265.41213,413.8261858933284,medio,medio
2026-05-28 09:00:00,265.41213,405.3796289709634,medio,medio
2026-05-28 10:00:00,265.41213,428.9536592051284,medio,medio
2026-05-28 11:00:00,265.41213,448.482561694296,medio,alto
2026-05-28 12:00:00,265.41213,466.5367975641336,medio,alto
2026-05-28 13:00:00,435.41213,482.61902644285095,medio,alto
2026-05-28 14:00:00,450.41213,532.535923904223,alto,alto
2026-05-28 15:00:00,450.41213,567.1012359470128,alto,alto
2026-05-28 16:00:00,636.41213,620.1868544199963,alto,alto
2026-05-28 17:00:00,680.41213,630.0552823906577,alto,alto
2026-05-28 18:00:00,705.41213,823.8673576142569,alto,alto
2026-05-28 19:00:00,1095.41213,956.0612933322292,alto,alto
2026-05-28 20:00:00,705.41213,828.9509364638999,alto,alto
2026-05-28 21:00:00,680.41213,677.8549506966808,alto,alto
2026-05-28 22:00:00,450.41213,546.7772088049849,alto,alto
2026-05-28 23:00:00,450.41213,435.1767543178548,alto,medio
2026-05-29 00:00:00,331.58546,321.4293028742887,medio,medio
2026-05-29 01:00:00,336.58546,322.6120169819167,medio,medio
2026-05-29 02:00:00,331.58546,318.46805545341147,medio,medio
2026-05-29 03:00:00,331.58546,310.1091665313498,medio,medio
2026-05-29 04:00:00,331.58546,311.31671263629903,medio,medio
2026-05-29 05:00:00,336.58546,354.9939074474072,medio,medio
2026-05-29 06:00:00,336.58546,319.04646479054225,medio,medio
2026-05-29 07:00:00,336.58546,309.5256579088185,medio,medio
2026-05-29 08:00:00,336.58546,304.60126117054284,medio,medio
2026-05-29 09:00:00,331.58546,298.87876089712177,medio,medio
2026-05-29 10:00:00,336.58546,306.79278798193616,medio,medio
2026-05-29 11:00:00,336.58546,312.7245112419907,medio,medio
2026-05-29 12:00:00,336.58546,316.925592055173,medio,medio
2026-05-29 13:00:00,336.58546,357.1014893028965,medio,medio
2026-05-29 14:00:00,336.58546,382.36516651269744,medio,medio
2026-05-29 15:00:00,411.58546,411.5138523053873,medio,medio
2026-05-29 16:00:00,412.58546,470.2903458304583,medio,alto
2026-05-29 17:00:00,412.58546,544.7468520319056,medio,alto
2026-05-29 18:00:00,676.58546,739.5634945182817,alto,alto
2026-05-29 19:00:00,676.58546,865.2145357777036,alto,alto
2026-05-29 20:00:00,632.58546,647.537494417807,alto,alto
2026-05-29 21:00:00,412.58546,516.6601040459723,medio,alto
2026-05-29 22:00:00,336.58546,412.7183847434417,medio,medio
2026-05-29 23:00:00,336.58546,384.7116468205045,medio,medio
2026-05-30 00:00:00,338.71689,337.5164337787364,medio,medio
2026-05-30 01:00:00,338.71689,340.5337514599191,medio,medio
2026-05-30 02:00:00,270.62789,338.7296793962577,medio,medio
2026-05-30 03:00:00,262.19689,336.2178934255268,medio,medio
2026-05-30 04:00:00,262.19689,338.99981602053884,medio,medio
2026-05-30 05:00:00,265.48889,339.0256742539517,medio,medio
2026-05-30 06:00:00,265.48889,339.3471940107259,medio,medio
2026-05-30 07:00:00,262.19689,338.85310449093714,medio,medio
2026-05-30 08:00:00,262.19689,330.65309791685274,medio,medio
2026-05-30 09:00:00,260.71689,333.68064592133777,medio,medio
2026-05-30 10:00:00,260.71689,334.5709884501545,medio,medio
2026-05-30 11:00:00,262.19689,336.53026178027505,medio,medio
2026-05-30 12:00:00,260.71689,338.262377619674,medio,medio
2026-05-30 13:00:00,260.71689,341.19056315985995,medio,medio
2026-05-30 14:00:00,260.71689,345.6435553249897,medio,medio
2026-05-30 15:00:00,338.71689,389.174736965092,medio,medio
2026-05-30 16:00:00,338.71689,400.44587035509824,medio,medio
2026-05-30 17:00:00,413.71689,434.32549597888055,medio,medio
2026-05-30 18:00:00,678.71689,634.0015820921373,alto,alto
2026-05-30 19:00:00,678.71689,693.8665231221757,alto,alto
2026-05-30 20:00:00,678.71689,595.6550245356407,alto,alto
2026-05-30 21:00:00,414.71689,449.6347257701467,medio,alto
2026-05-30 22:00:00,338.71689,379.3769064470181,medio,medio
2026-05-30 23:00:00,338.71689,360.6464778356586,medio,medio
2026-05-31 00:00:00,335.48873,339.52955441071003,medio,medio
2026-05-31 01:00:00,310.48873,331.65015377549287,medio,medio
2026-05-31 02:00:00,260.48873,309.66632135116737,medio,medio
2026-05-31 03:00:00,260.48873,301.070076246905,medio,medio
2026-05-31 04:00:00,260.48873,291.37126879896607,medio,medio
2026-05-31 05:00:00,260.48873,295.3672613189024,medio,medio
2026-05-31 06:00:00,255.48873,283.14361084415145,medio,medio
2026-05-31 07:00:00,255.48873,272.022009768836,medio,medio
2026-05-31 08:00:00,255.48873,256.11967989923744,medio,medio
2026-05-31 09:00:00,255.48873,254.62580975266712,medio,medio
2026-05-31 10:00:00,255.48873,261.7411524130283,medio,medio
2026-05-31 11:00:00,255.48873,254.65956620762816,medio,medio
2026-05-31 12:00:00,255.48873,259.51401852100565,medio,medio
2026-05-31 13:00:00,255.48873,263.15429975496613,medio,medio
2026-05-31 14:00:00,255.48873,270.6769900942795,medio,medio
2026-05-31 15:00:00,260.48873,317.47607418152177,medio,medio
2026-05-31 16:00:00,336.48873,334.9743726770959,medio,medio
2026-05-31 17:00:00,410.48873,383.34199828072224,medio,medio
2026-05-31 18:00:00,480.48873,531.1117531247673,alto,alto
2026-05-31 19:00:00,675.48873,583.8077243659284,alto,alto
2026-05-31 20:00:00,480.48873,552.3711447330367,alto,alto
2026-05-31 21:00:00,480.48873,432.8922080316752,alto,medio
2026-05-31 22:00:00,410.48873,359.1160551962231,medio,medio
2026-05-31 23:00:00,410.48873,343.63063178844715,medio,medio
2026-06-01 00:00:00,352.26015,323.80467639319136,medio,medio
2026-06-01 01:00:00,352.26015,341.8376512655205,medio,medio
2026-06-01 02:00:00,352.26015,331.7569911358791,medio,medio
2026-06-01 03:00:00,352.26015,318.50635419049325,medio,medio
2026-06-01 04:00:00,352.26015,319.8937517596932,medio,medio
2026-06-01 05:00:00,402.26015,330.88319487499314,medio,medio
2026-06-01 06:00:00,402.26015,335.9330576237124,medio,medio
2026-06-01 07:00:00,352.26015,341.8509508903097,medio,medio
2026-06-01 08:00:00,352.26015,348.0499542633416,medio,medio
2026-06-01 09:00:00,328.26015,351.5873898397274,medio,medio
2026-06-01 10:00:00,352.26015,363.1889284505744,medio,medio
2026-06-01 11:00:00,402.26015,371.5460526699326,medio,medio
2026-06-01 12:00:00,402.26015,387.4423097401527,medio,medio
2026-06-01 13:00:00,402.26015,399.1557561605953,medio,medio
2026-06-01 14:00:00,402.26015,415.2382475937465,medio,medio
2026-06-01 15:00:00,667.26015,448.8541532708613,alto,alto
2026-06-01 16:00:00,667.26015,486.8400172723068,alto,alto
2026-06-01 17:00:00,682.26015,532.0189618054293,alto,alto
2026-06-01 18:00:00,1082.26015,671.9237402240404,alto,alto
2026-06-01 19:00:00,1112.26015,776.2928464593152,alto,alto
2026-06-01 20:00:00,901.26015,628.0523956768311,alto,alto
2026-06-01 21:00:00,682.26015,520.3152153607308,alto,alto
2026-06-01 22:00:00,672.26015,442.3348249138562,alto,medio
2026-06-01 23:00:00,472.26015,424.6108262809789,alto,medio
2026-06-02 00:00:00,399.80252,390.2199206175054,medio,medio
2026-06-02 01:00:00,399.80252,392.0766825269317,medio,medio
2026-06-02 02:00:00,399.80252,391.8191027200159,medio,medio
2026-06-02 03:00:00,399.80252,385.9434344957424,medio,medio
2026-06-02 04:00:00,404.80252,396.7295797478236,medio,medio
2026-06-02 05:00:00,469.80252,421.9513423997482,alto,medio
2026-06-02 06:00:00,404.80252,425.0595352586513,medio,medio
2026-06-02 07:00:00,399.80252,417.721486248732,medio,medio
2026-06-02 08:00:00,354.80252,424.4150761654986,medio,medio
2026-06-02 09:00:00,354.80252,424.32875876359776,medio,medio
2026-06-02 10:00:00,399.80252,452.0786253537792,medio,alto
2026-06-02 11:00:00,399.80252,475.0776363137244,medio,alto
2026-06-02 12:00:00,399.80252,480.9215493056967,medio,alto
2026-06-02 13:00:00,399.80252,500.8005071698721,medio,alto
2026-06-02 14:00:00,469.80252,528.6630084716732,alto,alto
2026-06-02 15:00:00,664.80252,625.7610775945786,alto,alto
2026-06-02 16:00:00,669.80252,632.14571802708,alto,alto
2026-06-02 17:00:00,679.80252,686.1046374411453,alto,alto
2026-06-02 18:00:00,897.80252,986.1275793839238,alto,alto
2026-06-02 19:00:00,1079.80252,1065.043444894157,alto,alto
2026-06-02 20:00:00,898.80252,833.3352712921564,alto,alto
2026-06-02 21:00:00,679.80252,629.258933146444,alto,alto
2026-06-02 22:00:00,664.80252,548.1473756900268,alto,alto
2026-06-02 23:00:00,659.80252,472.5685564314242,alto,alto
2026-06-03 00:00:00,422.63257,427.0117680105639,medio,medio
2026-06-03 01:00:00,477.63257,421.32975335147296,alto,medio
2026-06-03 02:00:00,477.63257,422.59697155000094,alto,medio
2026-06-03 03:00:00,422.63257,420.8097272522755,medio,medio
2026-06-03 04:00:00,422.63257,439.8943538154903,medio,medio
2026-06-03 05:00:00,552.63257,477.99303030519934,alto,alto
2026-06-03 06:00:00,477.63257,463.6290673700975,alto,alto
2026-06-03 07:00:00,422.63257,459.1049719100124,medio,alto
2026-06-03 08:00:00,477.63257,453.3231577741665,alto,alto
2026-06-03 09:00:00,422.63257,453.4225875150621,medio,alto
2026-06-03 10:00:00,477.63257,479.287491903853,alto,alto
2026-06-03 11:00:00,477.63257,488.2702219356371,alto,alto
2026-06-03 12:00:00,477.63257,497.4652774795726,alto,alto
2026-06-03 13:00:00,552.63257,511.04968097219137,alto,alto
2026-06-03 14:00:00,552.63257,549.8197326115446,alto,alto
2026-06-03 15:00:00,552.63257,627.7776710627085,alto,alto
2026-06-03 16:00:00,667.63257,638.3022167122472,alto,alto
2026-06-03 17:00:00,667.63257,664.9209955654919,alto,alto
2026-06-03 18:00:00,901.63257,901.8397678854242,alto,alto
2026-06-03 19:00:00,1082.63257,1039.8337393511356,alto,alto
2026-06-03 20:00:00,901.63257,854.0457067308066,alto,alto
2026-06-03 21:00:00,692.63257,659.36219789883,alto,alto
2026-06-03 22:00:00,552.63257,570.4901694100812,alto,alto
2026-06-03 23:00:00,477.63257,535.574664743496,alto,alto
2026-06-04 00:00:00,414.08495,447.1888441815983,medio,alto
2026-06-04 01:00:00,414.08495,428.8948241208126,medio,medio
2026-06-04 02:00:00,414.08495,425.6680578852952,medio,medio
2026-06-04 03:00:00,414.08495,413.5247167476982,medio,medio
2026-06-04 04:00:00,414.08495,429.4585054874874,medio,medio
2026-06-04 05:00:00,414.08495,475.1557627008496,medio,alto
2026-06-04 06:00:00,414.08495,445.2505703632248,medio,medio
2026-06-04 07:00:00,414.08495,428.8439161098103,medio,medio
2026-06-04 08:00:00,414.08495,435.18613455476986,medio,medio
2026-06-04 09:00:00,414.08495,423.2785363624216,medio,medio
2026-06-04 10:00:00,414.08495,451.2631342922636,medio,alto
2026-06-04 11:00:00,414.08495,454.7588644914128,medio,alto
2026-06-04 12:00:00,414.08495,469.2658208420749,medio,alto
2026-06-04 13:00:00,414.08495,513.3808469275235,medio,alto
2026-06-04 14:00:00,414.08495,538.9129261285898,medio,alto
2026-06-04 15:00:00,483.08495,580.7791976503396,alto,alto
2026-06-04 16:00:00,613.08495,628.9432063280598,alto,alto
2026-06-04 17:00:00,613.08495,653.6146505127688,alto,alto
2026-06-04 18:00:00,902.08495,865.7927366190509,alto,alto
2026-06-04 19:00:00,1083.08495,978.6659589278232,alto,alto
2026-06-04 20:00:00,902.08495,807.6907039401362,alto,alto
2026-06-04 21:00:00,693.08495,642.6927409255705,alto,alto
2026-06-04 22:00:00,613.08495,532.4049029546211,alto,alto
2026-06-04 23:00:00,483.08495,474.12531634939086,alto,alto
2026-06-05 00:00:00,481.29214,425.31598680937554,alto,medio
2026-06-05 01:00:00,481.29214,458.1345214029551,alto,alto
2026-06-05 02:00:00,481.29214,450.8743043097412,alto,alto
2026-06-05 03:00:00,481.29214,450.9772568597181,alto,alto
2026-06-05 04:00:00,512.29214,457.8474122277,alto,alto
2026-06-05 05:00:00,512.29214,469.1786177889463,alto,alto
2026-06-05 06:00:00,512.29214,459.2778639095385,alto,alto
2026-06-05 07:00:00,512.29214,450.3720008335976,alto,alto
2026-06-05 08:00:00,512.29214,454.3882083626243,alto,alto
2026-06-05 09:00:00,512.29214,447.6759348568057,alto,alto
2026-06-05 10:00:00,512.29214,448.73851638790353,alto,alto
2026-06-05 11:00:00,512.29214,456.5836890374163,alto,alto
2026-06-05 12:00:00,512.29214,463.08961927628695,alto,alto
2026-06-05 13:00:00,666.29214,472.1437350879458,alto,alto
2026-06-05 14:00:00,900.29214,485.3054157620528,alto,alto
2026-06-05 15:00:00,712.29214,522.6392943454023,alto,alto
2026-06-05 16:00:00,712.29214,568.9290677615585,alto,alto
2026-06-05 17:00:00,900.29214,586.3412769363363,alto,alto
2026-06-05 18:00:00,961.29214,762.2251815218267,alto,alto
2026-06-05 19:00:00,961.29214,855.6877777463083,alto,alto
2026-06-05 20:00:00,941.29214,723.5377124425991,alto,alto
2026-06-05 21:00:00,900.29214,600.3202214621612,alto,alto
2026-06-05 22:00:00,691.29214,534.4237467044691,alto,alto
2026-06-05 23:00:00,666.29214,483.0145997271079,alto,alto
2026-06-06 00:00:00,382.8563,466.61550833092775,medio,alto
2026-06-06 01:00:00,382.8563,397.458871383939,medio,medio
2026-06-06 02:00:00,496.8563,395.04649453799135,alto,medio
2026-06-06 03:00:00,496.8563,388.3840720464665,alto,medio
2026-06-06 04:00:00,496.8563,395.4216255684565,alto,medio
2026-06-06 05:00:00,496.8563,406.1202774915243,alto,medio
2026-06-06 06:00:00,496.8563,389.321771201003,alto,medio
2026-06-06 07:00:00,591.8563,382.2061630264908,alto,medio
2026-06-06 08:00:00,591.8563,369.5856077031541,alto,medio
2026-06-06 09:00:00,591.8563,374.38607931649256,alto,medio
2026-06-06 10:00:00,496.8563,387.8361165085439,alto,medio
2026-06-06 11:00:00,591.8563,395.1580844000024,alto,medio
2026-06-06 12:00:00,591.8563,406.60418016874905,alto,medio
2026-06-06 13:00:00,496.8563,458.666216803843,alto,alto
2026-06-06 14:00:00,591.8563,530.6699127131649,alto,alto
2026-06-06 15:00:00,591.8563,534.5171052528494,alto,alto
2026-06-06 16:00:00,591.8563,565.613504002074,alto,alto
2026-06-06 17:00:00,666.8563,651.7107975503809,alto,alto
2026-06-06 18:00:00,711.8563,773.2508123396867,alto,alto
2026-06-06 19:00:00,721.8563,825.9362649918571,alto,alto
2026-06-06 20:00:00,711.8563,753.7566118791005,alto,alto
2026-06-06 21:00:00,666.8563,677.0852077247513,alto,alto
2026-06-06 22:00:00,711.8563,567.7334825940992,alto,alto
2026-06-06 23:00:00,666.8563,509.9986112257262,alto,alto
2026-06-07 00:00:00,416.49967,421.994420509468,medio,medio
2026-06-07 01:00:00,416.49967,411.627411515196,medio,medio
2026-06-07 02:00:00,416.49967,440.9376088781901,medio,medio
2026-06-07 03:00:00,416.49967,440.60614063427647,medio,medio
2026-06-07 04:00:00,416.49967,444.54614212075273,medio,medio
2026-06-07 05:00:00,376.49967,453.7161097745403,medio,alto
2026-06-07 06:00:00,376.49967,449.1260920943304,medio,alto
2026-06-07 07:00:00,254.97967,460.7054674745148,medio,alto
2026-06-07 08:00:00,376.49967,449.5891352998564,medio,alto
2026-06-07 09:00:00,201.49967,451.50280520721446,bajo,alto
2026-06-07 10:00:00,254.97967,436.6182123549012,medio,medio
2026-06-07 11:00:00,247.68967,466.7859902577737,medio,alto
2026-06-07 12:00:00,296.49967,476.6011181304123,medio,alto
2026-06-07 13:00:00,296.49967,468.2078362714631,medio,alto
2026-06-07 14:00:00,376.49967,516.5795087159238,medio,alto
2026-06-07 15:00:00,416.49967,544.6692591129246,medio,alto
2026-06-07 16:00:00,666.49967,571.0905434749711,alto,alto
2026-06-07 17:00:00,671.49967,611.3574595115836,alto,alto
2026-06-07 18:00:00,701.49967,674.9153529844923,alto,alto
2026-06-07 19:00:00,701.49967,725.0348580952867,alto,alto
2026-06-07 20:00:00,701.49967,708.3166338464589,alto,alto
2026-06-07 21:00:00,701.49967,662.7309580343407,alto,alto
2026-06-07 22:00:00,671.49967,615.2592828176682,alto,alto
2026-06-07 23:00:00,666.49967,560.1224130902282,alto,alto
2026-06-08 00:00:00,293.68127,476.783501856794,medio,alto
2026-06-08 01:00:00,293.68127,330.8856519311923,medio,medio
2026-06-08 02:00:00,293.68127,330.0028340245068,medio,medio
2026-06-08 03:00:00,293.68127,328.5724856412716,medio,medio
2026-06-08 04:00:00,293.68127,361.30397502856886,medio,medio
2026-06-08 05:00:00,303.68127,409.65943197860736,medio,medio
2026-06-08 06:00:00,303.68127,411.6590991288053,medio,medio
2026-06-08 07:00:00,293.68127,378.31041813508784,medio,medio
2026-06-08 08:00:00,293.68127,403.643585402599,medio,medio
2026-06-08 09:00:00,293.68127,359.0440131381825,medio,medio
2026-06-08 10:00:00,293.68127,377.35447902342673,medio,medio
2026-06-08 11:00:00,253.68127,382.5317980484018,medio,medio
2026-06-08 12:00:00,303.68127,404.7525188490089,medio,medio
2026-06-08 13:00:00,363.68127,428.01321938627257,medio,medio
2026-06-08 14:00:00,363.68127,475.0015875651324,medio,alto
2026-06-08 15:00:00,363.68127,524.2389605847801,medio,alto
2026-06-08 16:00:00,652.68127,590.8659283421872,alto,alto
2026-06-08 17:00:00,652.68127,607.6245726329995,alto,alto
2026-06-08 18:00:00,703.68127,763.5607696118948,alto,alto
2026-06-08 19:00:00,703.68127,842.2099933921122,alto,alto
2026-06-08 20:00:00,703.68127,730.3242312469376,alto,alto
2026-06-08 21:00:00,668.68127,639.7287504924844,alto,alto
2026-06-08 22:00:00,652.68127,561.7701308551468,alto,alto
2026-06-08 23:00:00,652.68127,504.0656108873005,alto,alto
2026-06-09 00:00:00,205.07529,377.3477093647299,medio,medio
2026-06-09 01:00:00,205.07529,231.40513507675504,medio,medio
2026-06-09 02:00:00,205.07529,234.1627404759509,medio,medio
2026-06-09 03:00:00,205.07529,244.00925861131816,medio,medio
2026-06-09 04:00:00,205.07529,311.7328704489305,medio,medio
2026-06-09 05:00:00,245.07529,408.6997545270031,medio,medio
2026-06-09 06:00:00,245.07529,435.5098771540103,medio,medio
2026-06-09 07:00:00,245.07529,435.7513451925473,medio,medio
2026-06-09 08:00:00,245.07529,441.4410745181421,medio,medio
2026-06-09 09:00:00,229.55529,440.6651873787163,medio,medio
2026-06-09 10:00:00,245.07529,459.1091199272431,medio,alto
2026-06-09 11:00:00,245.07529,463.8475063196465,medio,alto
2026-06-09 12:00:00,245.07529,491.0729154598709,medio,alto
2026-06-09 13:00:00,245.07529,533.693473385634,medio,alto
2026-06-09 14:00:00,255.07529,583.4585366488662,medio,alto
2026-06-09 15:00:00,670.07529,617.4056408997956,alto,alto
2026-06-09 16:00:00,673.07529,690.1476813652089,alto,alto
2026-06-09 17:00:00,695.07529,687.9257750944186,alto,alto
2026-06-09 18:00:00,715.07529,799.4111185939382,alto,alto
2026-06-09 19:00:00,1275.07529,887.9799736001731,alto,alto
2026-06-09 20:00:00,1275.07529,838.799977839087,alto,alto
2026-06-09 21:00:00,1054.07529,733.039931679758,alto,alto
2026-06-09 22:00:00,670.07529,609.3640960856803,alto,alto
2026-06-09 23:00:00,268.10729,517.193847942648,medio,alto
2026-06-10 00:00:00,176.82348,346.83060931122253,bajo,medio
2026-06-10 01:00:00,176.82348,191.86466454940808,bajo,bajo
2026-06-10 02:00:00,196.82348,185.2159225720648,bajo,bajo
2026-06-10 03:00:00,196.82348,167.39117102037443,bajo,bajo
2026-06-10 04:00:00,196.82348,177.9067329220449,bajo,bajo
2026-06-10 05:00:00,196.82348,233.5099566580509,bajo,medio
2026-06-10 06:00:00,196.82348,243.37669075083284,bajo,medio
2026-06-10 07:00:00,196.82348,240.646917457722,bajo,medio
2026-06-10 08:00:00,196.82348,246.7026012777286,bajo,medio
2026-06-10 09:00:00,196.82348,243.0774159129826,bajo,medio
2026-06-10 10:00:00,196.82348,295.4214364185746,bajo,medio
2026-06-10 11:00:00,196.82348,332.02862356376613,bajo,medio
2026-06-10 12:00:00,196.82348,358.2243109122698,bajo,medio
2026-06-10 13:00:00,196.82348,396.3893346564104,bajo,medio
2026-06-10 14:00:00,196.82348,464.624846377505,bajo,alto
2026-06-10 15:00:00,516.82348,619.2780330460764,alto,alto
2026-06-10 16:00:00,546.82348,666.8380427466625,alto,alto
2026-06-10 17:00:00,671.82348,702.9714447373972,alto,alto
2026-06-10 18:00:00,1276.82348,1012.1400406600596,alto,alto
2026-06-10 19:00:00,1276.82348,1410.7710428006662,alto,alto
2026-06-10 20:00:00,742.02048,1292.7913265037537,alto,alto
2026-06-10 21:00:00,742.02048,924.7230609206408,alto,alto
2026-06-10 22:00:00,516.82348,546.7867531017221,alto,alto
2026-06-10 23:00:00,196.82348,325.3045767662022,bajo,medio
2026-06-11 00:00:00,138.83873,224.60285470864895,bajo,medio
2026-06-11 01:00:00,138.83873,155.20613458026284,bajo,bajo
2026-06-11 02:00:00,138.83873,154.16809345877394,bajo,bajo
2026-06-11 03:00:00,138.83873,135.51082972131127,bajo,bajo
2026-06-11 04:00:00,138.83873,140.3834466658519,bajo,bajo
2026-06-11 05:00:00,208.83873,169.1383051294263,medio,bajo
2026-06-11 06:00:00,148.83873,176.4630081771944,bajo,bajo
2026-06-11 07:00:00,138.83873,165.3539711889911,bajo,bajo
2026-06-11 08:00:00,138.83873,167.23861673926584,bajo,bajo
2026-06-11 09:00:00,118.83873,152.6860720794703,bajo,bajo
2026-06-11 10:00:00,138.83873,155.53996073237394,bajo,bajo
2026-06-11 11:00:00,208.83873,158.52832290087613,medio,bajo
2026-06-11 12:00:00,208.83873,173.7640211201461,medio,bajo
2026-06-11 13:00:00,208.83873,172.80468452076485,medio,bajo
2026-06-11 14:00:00,548.83873,207.08509200847797,alto,medio
2026-06-11 15:00:00,548.83873,344.4944046072678,alto,medio
2026-06-11 16:00:00,608.83873,410.8252590168832,alto,medio
2026-06-11 17:00:00,673.83873,490.6055654610903,alto,alto
2026-06-11 18:00:00,1157.83873,993.8354607761332,alto,alto
2026-06-11 19:00:00,1278.83873,1297.3348090799682,alto,alto
2026-06-11 20:00:00,1157.83873,955.7649700432644,alto,alto
2026-06-11 21:00:00,743.96573,614.1728373040138,alto,alto
2026-06-11 22:00:00,608.83873,338.28125779103544,alto,medio
2026-06-11 23:00:00,233.31873,208.2081922591489,medio,medio
2026-06-12 00:00:00,135.79209,161.77678022557768,bajo,bajo
2026-06-12 01:00:00,227.79209,143.25977631529605,medio,bajo
2026-06-12 02:00:00,135.79209,140.40423740087522,bajo,bajo
2026-06-12 03:00:00,227.79209,130.0583797829354,medio,bajo
2026-06-12 04:00:00,227.79209,135.46300362606632,medio,bajo
2026-06-12 05:00:00,307.79209,192.06075708246084,medio,bajo
2026-06-12 06:00:00,227.79209,174.62838163558797,medio,bajo
2026-06-12 07:00:00,227.79209,162.06968402598554,medio,bajo
2026-06-12 08:00:00,227.79209,164.752040209698,medio,bajo
2026-06-12 09:00:00,135.79209,157.41841522372562,bajo,bajo
2026-06-12 10:00:00,227.79209,184.57073430361115,medio,bajo
2026-06-12 11:00:00,227.79209,221.22806011627188,medio,medio
2026-06-12 12:00:00,227.79209,233.15605533223317,medio,medio
2026-06-12 13:00:00,227.79209,262.23520354560344,medio,medio
2026-06-12 14:00:00,515.79209,391.9484319786558,alto,medio
2026-06-12 15:00:00,515.79209,468.9642847204634,alto,alto
2026-06-12 16:00:00,545.79209,511.9839245726279,alto,alto
2026-06-12 17:00:00,670.79209,579.1673398711762,alto,alto
2026-06-12 18:00:00,740.00009,1057.3742333779703,alto,alto
2026-06-12 19:00:00,1275.79209,1288.6677024984906,alto,alto
2026-06-12 20:00:00,1204.79209,1002.2851532896726,alto,alto
2026-06-12 21:00:00,670.79209,610.0073172722716,alto,alto
2026-06-12 22:00:00,545.79209,411.4664886097372,alto,medio
2026-06-12 23:00:00,505.79209,260.4827045918764,alto,medio
2026-06-13 00:00:00,500.46301,184.7355608352349,alto,bajo
2026-06-13 01:00:00,500.46301,349.35434218684804,alto,medio
2026-06-13 02:00:00,490.46301,300.70333556710784,alto,medio
2026-06-13 03:00:00,490.46301,307.4988672367317,alto,medio
2026-06-13 04:00:00,490.46301,313.5668511062962,alto,medio
2026-06-13 05:00:00,490.46301,374.15655430261313,alto,medio
2026-06-13 06:00:00,440.46301,374.193631743373,medio,medio
2026-06-13 07:00:00,349.46301,360.086888259019,medio,medio
2026-06-13 08:00:00,349.46301,363.32585129750913,medio,medio
2026-06-13 09:00:00,222.46301,338.2199053832283,medio,medio
2026-06-13 10:00:00,332.92001,393.84176640310415,medio,medio
2026-06-13 11:00:00,349.46301,428.8566095680749,medio,medio
2026-06-13 12:00:00,349.46301,458.7131285865751,medio,alto
2026-06-13 13:00:00,440.46301,448.98397713142447,medio,alto
2026-06-13 14:00:00,440.46301,524.9321478170685,medio,alto
2026-06-13 15:00:00,502.46301,582.2184268825146,alto,alto
2026-06-13 16:00:00,550.46301,594.9352977728325,alto,alto
2026-06-13 17:00:00,550.46301,616.6815388203983,alto,alto
2026-06-13 18:00:00,1249.46301,769.1720308944895,alto,alto
2026-06-13 19:00:00,1249.46301,992.1000441085346,alto,alto
2026-06-13 20:00:00,665.46301,894.2829375765649,alto,alto
2026-06-13 21:00:00,1270.46301,653.7285424326335,alto,alto
2026-06-13 22:00:00,665.46301,562.005363668205,alto,alto
2026-06-13 23:00:00,550.46301,494.8339122236155,alto,alto
2026-06-14 00:00:00,501.97868,434.983381134109,alto,medio
2026-06-14 01:00:00,501.97868,485.26798776271903,alto,alto
2026-06-14 02:00:00,501.97868,470.6948206906801,alto,alto
2026-06-14 03:00:00,501.97868,446.9924654540685,alto,alto
2026-06-14 04:00:00,441.97868,439.7570618288042,medio,medio
2026-06-14 05:00:00,441.97868,454.5325548540167,medio,alto
2026-06-14 06:00:00,226.97868,435.7231065193827,medio,medio
2026-06-14 07:00:00,226.97868,403.0666904204584,medio,medio
2026-06-14 08:00:00,223.97868,398.8535645686669,medio,medio
2026-06-14 09:00:00,222.47868,354.9301887562218,medio,medio
2026-06-14 10:00:00,223.97868,391.48830876777686,medio,medio
2026-06-14 11:00:00,223.97868,420.2136840587613,medio,medio
2026-06-14 12:00:00,223.97868,434.2618832923523,medio,medio
2026-06-14 13:00:00,223.97868,441.49223493071,medio,medio
2026-06-14 14:00:00,226.97868,455.3082708999657,medio,alto
2026-06-14 15:00:00,501.97868,495.3291018955474,alto,alto
2026-06-14 16:00:00,503.47868,529.5325826911059,alto,alto
2026-06-14 17:00:00,503.47868,537.1287566906428,alto,alto
2026-06-14 18:00:00,503.97868,782.6683170809052,alto,alto
2026-06-14 19:00:00,600.97868,897.8580066049401,alto,alto
2026-06-14 20:00:00,503.97868,746.8279776792594,alto,alto
2026-06-14 21:00:00,600.97868,768.900581142733,alto,alto
2026-06-14 22:00:00,552.97868,563.0340861002385,alto,alto
2026-06-14 23:00:00,503.97868,516.5933878588476,alto,alto
2026-06-15 00:00:00,340.96241,479.56282233786334,medio,alto
2026-06-15 01:00:00,340.96241,382.34238184541294,medio,medio
2026-06-15 02:00:00,340.96241,400.7315314608939,medio,medio
2026-06-15 03:00:00,340.96241,408.3426567180687,medio,medio
2026-06-15 04:00:00,340.96241,423.72249183280735,medio,medio
2026-06-15 05:00:00,340.96241,452.2723977218857,medio,alto
2026-06-15 06:00:00,338.16241,413.4597964316037,medio,medio
2026-06-15 07:00:00,227.46241,417.1016690697652,medio,medio
2026-06-15 08:00:00,227.46241,419.48486680364624,medio,medio
2026-06-15 09:00:00,227.46241,419.58365806843625,medio,medio
2026-06-15 10:00:00,243.94241,428.8121074204048,medio,medio
2026-06-15 11:00:00,338.16241,431.9872076238456,medio,medio
2026-06-15 12:00:00,338.16241,439.9940722000096,medio,medio
2026-06-15 13:00:00,338.16241,471.83337196794434,medio,alto
2026-06-15 14:00:00,340.96241,490.2135271798994,medio,alto
2026-06-15 15:00:00,340.96241,581.5213627136737,medio,alto
2026-06-15 16:00:00,494.46241,605.1824436216257,alto,alto
2026-06-15 17:00:00,505.46241,614.6133369651496,alto,alto
2026-06-15 18:00:00,506.46241,726.7484762396413,alto,alto
2026-06-15 19:00:00,505.46241,831.2625532341062,alto,alto
2026-06-15 20:00:00,505.46241,756.7353596610355,alto,alto
2026-06-15 21:00:00,494.46241,691.8606998949151,alto,alto
2026-06-15 22:00:00,340.96241,597.7407776490268,medio,alto
2026-06-15 23:00:00,340.96241,531.7326973587033,medio,alto
2026-06-16 00:00:00,246.4869,461.70743786808487,medio,alto
2026-06-16 01:00:00,246.4869,279.982027185905,medio,medio
2026-06-16 02:00:00,233.0069,287.9734107871702,medio,medio
2026-06-16 03:00:00,258.0069,289.42251061419387,medio,medio
2026-06-16 04:00:00,269.0069,328.42903008078963,medio,medio
2026-06-16 05:00:00,269.0069,409.10050175409606,medio,medio
2026-06-16 06:00:00,269.0069,407.9010824704365,medio,medio
2026-06-16 07:00:00,269.0069,377.6936143580226,medio,medio
2026-06-16 08:00:00,269.0069,369.6959644822308,medio,medio
2026-06-16 09:00:00,258.0069,361.59466113877954,medio,medio
2026-06-16 10:00:00,269.0069,375.92417712063815,medio,medio
2026-06-16 11:00:00,269.0069,404.5412880461211,medio,medio
2026-06-16 12:00:00,269.0069,430.7873835436216,medio,medio
2026-06-16 13:00:00,269.0069,466.2634080459581,medio,alto
2026-06-16 14:00:00,458.0069,525.4418147807961,alto,alto
2026-06-16 15:00:00,508.0069,576.0374208895673,alto,alto
2026-06-16 16:00:00,559.0069,636.4697079477666,alto,alto
2026-06-16 17:00:00,673.0069,661.628303677284,alto,alto
2026-06-16 18:00:00,1256.0069,847.1395573182103,alto,alto
2026-06-16 19:00:00,1257.0069,925.7470937644546,alto,alto
2026-06-16 20:00:00,1257.0069,807.164538812789,alto,alto
2026-06-16 21:00:00,1256.0069,697.593940977995,alto,alto
2026-06-16 22:00:00,509.0069,569.5369009832159,alto,alto
2026-06-16 23:00:00,508.0059,501.5650159877063,alto,alto
2026-06-17 00:00:00,271.7723,407.37550047891045,medio,medio
2026-06-17 01:00:00,271.7723,277.84680790978456,medio,medio
2026-06-17 02:00:00,271.7723,271.2115267967804,medio,medio
2026-06-17 03:00:00,271.7723,265.12727146943433,medio,medio
2026-06-17 04:00:00,271.7723,288.90950859898703,medio,medio
2026-06-17 05:00:00,310.7723,350.65701188892086,medio,medio
2026-06-17 06:00:00,310.7723,344.5171155113861,medio,medio
2026-06-17 07:00:00,271.7723,329.21987069460766,medio,medio
2026-06-17 08:00:00,271.7723,314.6439222305441,medio,medio
2026-06-17 09:00:00,271.7723,290.8464962054733,medio,medio
2026-06-17 10:00:00,271.7723,320.1949347220237,medio,medio
2026-06-17 11:00:00,271.7723,337.8499417591784,medio,medio
2026-06-17 12:00:00,271.7723,346.010040939447,medio,medio
2026-06-17 13:00:00,310.7723,371.56821554899,medio,medio
2026-06-17 14:00:00,510.7713,479.04378226866606,alto,alto
2026-06-17 15:00:00,510.7723,566.2303002443166,alto,alto
2026-06-17 16:00:00,675.7723,619.8966947041422,alto,alto
2026-06-17 17:00:00,675.7723,685.1811032435687,alto,alto
2026-06-17 18:00:00,680.7723,1140.7656893637711,alto,alto
2026-06-17 19:00:00,1258.7723,1422.4275645803611,alto,alto
2026-06-17 20:00:00,675.7723,1263.975153444969,alto,alto
2026-06-17 21:00:00,511.7723,967.5760644659892,alto,alto
2026-06-17 22:00:00,510.7723,544.0127769538022,alto,alto
2026-06-17 23:00:00,510.7713,444.1055797594474,alto,medio
2026-06-18 00:00:00,341.70205,342.5178679226956,medio,medio
2026-06-18 01:00:00,341.70205,330.1127695272445,medio,medio
2026-06-18 02:00:00,341.70205,323.166774275462,medio,medio
2026-06-18 03:00:00,341.70205,311.5508963583952,medio,medio
2026-06-18 04:00:00,341.70205,323.8080509745751,medio,medio
2026-06-18 05:00:00,341.70205,358.6702153791226,medio,medio
2026-06-18 06:00:00,341.70205,354.1762116942568,medio,medio
2026-06-18 07:00:00,341.70205,335.07979751607184,medio,medio
2026-06-18 08:00:00,341.70205,322.8822582440574,medio,medio
2026-06-18 09:00:00,341.70205,304.6919762451472,medio,medio
2026-06-18 10:00:00,341.70205,304.47063594791393,medio,medio
2026-06-18 11:00:00,341.70205,304.26980227920114,medio,medio
2026-06-18 12:00:00,341.70205,317.5593083051156,medio,medio
2026-06-18 13:00:00,341.70205,329.35491568811483,medio,medio
2026-06-18 14:00:00,355.70205,399.7354040941231,medio,medio
2026-06-18 15:00:00,436.70205,445.088934297509,medio,medio
2026-06-18 16:00:00,456.70205,524.0235328570137,alto,alto
2026-06-18 17:00:00,456.70205,580.0745312965839,alto,alto
2026-06-18 18:00:00,676.70205,861.718283623471,alto,alto
2026-06-18 19:00:00,1254.70205,1177.6201143127792,alto,alto
2026-06-18 20:00:00,671.70205,856.883804317478,alto,alto
2026-06-18 21:00:00,456.70205,575.7178236783066,alto,alto
2026-06-18 22:00:00,426.70205,426.3362014929866,medio,medio
2026-06-18 23:00:00,341.70205,407.9144497008253,medio,medio
2026-06-19 00:00:00,304.76006,350.77083265539886,medio,medio
2026-06-19 01:00:00,423.76006,315.96855207317617,medio,medio
2026-06-19 02:00:00,423.76006,317.59132607389967,medio,medio
2026-06-19 03:00:00,339.76006,315.24940305331586,medio,medio
2026-06-19 04:00:00,423.76006,322.3627760285028,medio,medio
2026-06-19 05:00:00,431.76006,336.55906104458575,medio,medio
2026-06-19 06:00:00,431.76006,331.81059596140534,medio,medio
2026-06-19 07:00:00,431.76006,325.4386811182645,medio,medio
2026-06-19 08:00:00,304.76006,317.9450719512224,medio,medio
2026-06-19 09:00:00,304.76006,315.4972493629034,medio,medio
2026-06-19 10:00:00,304.76006,312.0220165922196,medio,medio
2026-06-19 11:00:00,339.76006,318.244829621742,medio,medio
2026-06-19 12:00:00,339.76006,328.80396229190853,medio,medio
2026-06-19 13:00:00,431.76006,333.4641634168818,medio,medio
2026-06-19 14:00:00,431.76006,344.47444619509594,medio,medio
2026-06-19 15:00:00,668.76006,409.4509731242607,alto,medio
2026-06-19 16:00:00,668.76006,448.8124887164619,alto,alto
2026-06-19 17:00:00,670.76006,486.393276492964,alto,alto
2026-06-19 18:00:00,673.76006,749.0581420257386,alto,alto
2026-06-19 19:00:00,1252.76006,997.3641175011423,alto,alto
2026-06-19 20:00:00,673.76006,741.1578581513988,alto,alto
2026-06-19 21:00:00,670.76006,520.6670848103355,alto,alto
2026-06-19 22:00:00,670.76006,396.58420753397024,alto,medio
2026-06-19 23:00:00,431.76006,354.978970784268,medio,medio
2026-06-20 00:00:00,452.51934,324.3158830639703,alto,medio
2026-06-20 01:00:00,352.51934,441.2097037942842,medio,medio
2026-06-20 02:00:00,452.51934,432.2194671110956,alto,medio
2026-06-20 03:00:00,452.51934,414.9528548899992,alto,medio
2026-06-20 04:00:00,452.51934,426.9003183617398,alto,medio
2026-06-20 05:00:00,452.51934,428.0654693056057,alto,medio
2026-06-20 06:00:00,352.51934,418.847563849613,medio,medio
2026-06-20 07:00:00,352.51934,410.8455958501359,medio,medio
2026-06-20 08:00:00,352.51934,384.5832394926625,medio,medio
2026-06-20 09:00:00,352.51934,380.7845209435932,medio,medio
2026-06-20 10:00:00,352.51934,388.2314263118699,medio,medio
2026-06-20 11:00:00,352.51934,397.078971851015,medio,medio
2026-06-20 12:00:00,352.51934,405.5381860718856,medio,medio
2026-06-20 13:00:00,352.51934,415.6355251076892,medio,medio
2026-06-20 14:00:00,352.51934,425.9799998229979,medio,medio
2026-06-20 15:00:00,452.51934,484.1035281755169,alto,alto
2026-06-20 16:00:00,667.51934,493.0338328385958,alto,alto
2026-06-20 17:00:00,668.31934,522.9738914027438,alto,alto
2026-06-20 18:00:00,669.51934,603.2952737537605,alto,alto
2026-06-20 19:00:00,669.51934,738.7646623181157,alto,alto
2026-06-20 20:00:00,669.51934,577.8657612556657,alto,alto
2026-06-20 21:00:00,669.51934,526.0808226657482,alto,alto
2026-06-20 22:00:00,668.31934,499.7039742649491,alto,alto
2026-06-20 23:00:00,667.51934,438.6048796085332,alto,medio
2026-06-21 00:00:00,451.97153,426.50140290477896,alto,medio
2026-06-21 01:00:00,351.97153,415.2670963774341,medio,medio
2026-06-21 02:00:00,351.97153,429.8715253328932,medio,medio
2026-06-21 03:00:00,351.97153,418.09199456589033,medio,medio
2026-06-21 04:00:00,351.97153,407.96280397440734,medio,medio
2026-06-21 05:00:00,351.97153,413.13501413426025,medio,medio
2026-06-21 06:00:00,351.97153,375.1892903244973,medio,medio
2026-06-21 07:00:00,336.97153,365.5908509356272,medio,medio
2026-06-21 08:00:00,336.97153,351.6604477250672,medio,medio
2026-06-21 09:00:00,301.97153,343.41487430258127,medio,medio
2026-06-21 10:00:00,301.97153,355.42864925379536,medio,medio
2026-06-21 11:00:00,301.97153,363.4158512314231,medio,medio
2026-06-21 12:00:00,301.97153,375.1059794018258,medio,medio
2026-06-21 13:00:00,336.97153,384.69422265125263,medio,medio
2026-06-21 14:00:00,336.97153,397.2899219973303,medio,medio
2026-06-21 15:00:00,351.97153,444.279787417305,medio,medio
2026-06-21 16:00:00,351.97153,510.5801487906024,medio,alto
2026-06-21 17:00:00,487.47053,525.3086388372866,alto,alto
2026-06-21 18:00:00,666.97153,571.6741583620906,alto,alto
2026-06-21 19:00:00,667.77153,615.4348358268742,alto,alto
2026-06-21 20:00:00,667.77153,606.4214051503919,alto,alto
2026-06-21 21:00:00,667.77153,582.2932490061902,alto,alto
2026-06-21 22:00:00,550.97153,542.9593269803661,alto,alto
2026-06-21 23:00:00,550.97153,527.7138356958337,alto,alto
2026-06-22 00:00:00,450.6114,459.42746833394426,alto,alto
2026-06-22 01:00:00,450.6114,429.11814136104977,alto,medio
2026-06-22 02:00:00,450.6114,433.9959841488859,alto,medio
2026-06-22 03:00:00,450.6114,433.0824001307351,alto,medio
2026-06-22 04:00:00,451.6114,454.4858554964994,alto,alto
2026-06-22 05:00:00,451.6114,467.4903574373829,alto,alto
2026-06-22 06:00:00,451.6114,465.8501261760877,alto,alto
2026-06-22 07:00:00,450.6114,462.35225964057736,alto,alto
2026-06-22 08:00:00,450.6114,467.1842368927127,alto,alto
2026-06-22 09:00:00,450.6114,461.5142898423693,alto,alto
2026-06-22 10:00:00,451.6114,471.3082036537507,alto,alto
2026-06-22 11:00:00,550.6114,483.6148589099719,alto,alto
2026-06-22 12:00:00,550.6114,487.0407330078158,alto,alto
2026-06-22 13:00:00,650.6114,517.168750220259,alto,alto
2026-06-22 14:00:00,665.6114,536.4899005056683,alto,alto
2026-06-22 15:00:00,666.6114,564.7075011954018,alto,alto
2026-06-22 16:00:00,666.6114,591.1713982506881,alto,alto
2026-06-22 17:00:00,667.6114,612.3738844645568,alto,alto
2026-06-22 18:00:00,1248.6114,726.827800850832,alto,alto
2026-06-22 19:00:00,1270.6114,851.31671262908,alto,alto
2026-06-22 20:00:00,1249.6114,823.8142574803135,alto,alto
2026-06-22 21:00:00,712.9964,702.9768093267285,alto,alto
2026-06-22 22:00:00,666.6114,564.8770721019469,alto,alto
2026-06-22 23:00:00,666.6114,523.984347516983,alto,alto
2026-06-23 00:00:00,661.21518,491.8254933796083,alto,alto
2026-06-23 01:00:00,666.21518,601.0088084784594,alto,alto
2026-06-23 02:00:00,666.21518,582.4319999673261,alto,alto
2026-06-23 03:00:00,666.21518,569.5224114117805,alto,alto
2026-06-23 04:00:00,666.21518,577.0231502818453,alto,alto
2026-06-23 05:00:00,666.41518,597.9732659021024,alto,alto
2026-06-23 06:00:00,666.21518,609.8101448948621,alto,alto
2026-06-23 07:00:00,666.21518,603.0246758807468,alto,alto
2026-06-23 08:00:00,666.21518,610.7052700024592,alto,alto
2026-06-23 09:00:00,661.21518,600.2529515271069,alto,alto
2026-06-23 10:00:00,666.21518,600.1958434627768,alto,alto
2026-06-23 11:00:00,666.41518,633.1343200678871,alto,alto
2026-06-23 12:00:00,666.21518,637.6221754546789,alto,alto
2026-06-23 13:00:00,667.21518,645.111623225159,alto,alto
2026-06-23 14:00:00,667.21518,670.6045492758761,alto,alto
2026-06-23 15:00:00,667.21518,695.5988832295676,alto,alto
2026-06-23 16:00:00,668.71518,724.8786496702189,alto,alto
2026-06-23 17:00:00,668.71518,750.285320604173,alto,alto
2026-06-23 18:00:00,672.21518,1007.2836474493392,alto,alto
2026-06-23 19:00:00,711.58518,1116.411808090534,alto,alto
2026-06-23 20:00:00,672.21518,997.6331556246704,alto,alto
2026-06-23 21:00:00,668.71518,779.1047475893923,alto,alto
2026-06-23 22:00:00,667.21518,697.5510983987726,alto,alto
2026-06-23 23:00:00,667.21518,678.1611205735851,alto,alto
2026-06-24 00:00:00,451.52262,654.0332874462927,alto,alto
2026-06-24 01:00:00,473.52262,489.6667546584269,alto,alto
2026-06-24 02:00:00,651.52262,490.6623960788469,alto,alto
2026-06-24 03:00:00,651.52262,487.18647962892624,alto,alto
2026-06-24 04:00:00,666.52262,511.10838970448754,alto,alto
2026-06-24 05:00:00,666.52262,559.0955865548466,alto,alto
2026-06-24 06:00:00,666.52262,574.2431079883916,alto,alto
2026-06-24 07:00:00,651.52262,571.4853099053373,alto,alto
2026-06-24 08:00:00,666.52262,572.1936971753621,alto,alto
2026-06-24 09:00:00,666.52262,573.3964759004541,alto,alto
2026-06-24 10:00:00,666.52262,591.3678055724968,alto,alto
2026-06-24 11:00:00,666.72262,598.3637399853499,alto,alto
2026-06-24 12:00:00,666.72262,611.0305319124554,alto,alto
2026-06-24 13:00:00,666.72262,631.5448942428208,alto,alto
2026-06-24 14:00:00,671.52262,660.9338408511088,alto,alto
2026-06-24 15:00:00,701.52262,675.7093397615419,alto,alto
2026-06-24 16:00:00,701.52262,693.1522849123295,alto,alto
2026-06-24 17:00:00,701.52262,698.5140044149734,alto,alto
2026-06-24 18:00:00,713.97062,730.9141441318731,alto,alto
2026-06-24 19:00:00,1271.52262,764.5176714352926,alto,alto
2026-06-24 20:00:00,1271.52262,741.955072440903,alto,alto
2026-06-24 21:00:00,713.97062,721.3443845839054,alto,alto
2026-06-24 22:00:00,701.52262,671.714924013811,alto,alto
2026-06-24 23:00:00,701.52262,624.1492769174606,alto,alto
2026-06-25 00:00:00,662.90216,536.3103345346692,alto,alto
2026-06-25 01:00:00,662.70216,622.3015010193196,alto,alto
2026-06-25 02:00:00,662.70216,649.9792540929351,alto,alto
2026-06-25 03:00:00,662.90216,643.7515776913625,alto,alto
2026-06-25 04:00:00,662.90216,652.8981042699276,alto,alto
2026-06-25 05:00:00,666.70216,657.648012673016,alto,alto
2026-06-25 06:00:00,662.70216,654.9970953999766,alto,alto
2026-06-25 07:00:00,662.70216,653.5985009824338,alto,alto
2026-06-25 08:00:00,652.70216,652.6838325810793,alto,alto
2026-06-25 09:00:00,652.70216,654.3977693507697,alto,alto
2026-06-25 10:00:00,662.90216,665.423725316619,alto,alto
2026-06-25 11:00:00,662.90216,667.2480219436063,alto,alto
2026-06-25 12:00:00,662.90216,675.1586864091086,alto,alto
2026-06-25 13:00:00,663.16616,695.0632223751151,alto,alto
2026-06-25 14:00:00,669.70216,713.5177265359945,alto,alto
2026-06-25 15:00:00,677.70216,733.2172113435696,alto,alto
2026-06-25 16:00:00,697.70216,757.5117273362475,alto,alto
2026-06-25 17:00:00,701.41616,789.3768949737182,alto,alto
2026-06-25 18:00:00,707.70216,871.7627597724546,alto,alto
2026-06-25 19:00:00,1246.70216,1006.3872511988028,alto,alto
2026-06-25 20:00:00,1245.70216,939.8269700319796,alto,alto
2026-06-25 21:00:00,707.70216,771.1473041972752,alto,alto
2026-06-25 22:00:00,697.70216,716.6328811069702,alto,alto
2026-06-25 23:00:00,697.70216,689.3323792844802,alto,alto
2026-06-26 00:00:00,669.473,660.9688740235055,alto,alto
2026-06-26 01:00:00,669.473,665.3568289043315,alto,alto
2026-06-26 02:00:00,669.473,662.1951959290498,alto,alto
2026-06-26 03:00:00,669.473,663.1051882119548,alto,alto
2026-06-26 04:00:00,669.473,664.7450598026333,alto,alto
2026-06-26 05:00:00,669.473,679.578503014419,alto,alto
2026-06-26 06:00:00,669.473,671.3046336845189,alto,alto
2026-06-26 07:00:00,669.473,663.2824997330248,alto,alto
2026-06-26 08:00:00,669.473,651.3587865675821,alto,alto
2026-06-26 09:00:00,669.473,655.0060112621258,alto,alto
2026-06-26 10:00:00,669.473,658.3155359311919,alto,alto
2026-06-26 11:00:00,669.473,659.8218697066507,alto,alto
2026-06-26 12:00:00,669.473,665.1405357054525,alto,alto
2026-06-26 13:00:00,669.473,677.8271587083649,alto,alto
2026-06-26 14:00:00,691.334,692.0491809494806,alto,alto
2026-06-26 15:00:00,695.473,705.6748948231676,alto,alto
2026-06-26 16:00:00,697.473,729.7384604675902,alto,alto
2026-06-26 17:00:00,707.473,748.8567397570281,alto,alto
2026-06-26 18:00:00,712.473,795.9674594344465,alto,alto
2026-06-26 19:00:00,1246.473,933.5143364238849,alto,alto
2026-06-26 20:00:00,712.473,909.5972414198092,alto,alto
2026-06-26 21:00:00,712.473,773.7657513393955,alto,alto
2026-06-26 22:00:00,707.473,734.640842848213,alto,alto
2026-06-26 23:00:00,697.473,710.6290986825067,alto,alto
2026-06-27 00:00:00,709.58972,683.0276127411705,alto,alto
2026-06-27 01:00:00,697.58972,681.3013864769156,alto,alto
2026-06-27 02:00:00,697.58972,647.5700736542346,alto,alto
2026-06-27 03:00:00,693.58972,630.8218607978079,alto,alto
2026-06-27 04:00:00,693.58972,625.5094487695536,alto,alto
2026-06-27 05:00:00,693.58972,621.6273004977693,alto,alto
2026-06-27 06:00:00,693.58972,612.3716412576346,alto,alto
2026-06-27 07:00:00,687.58972,611.2108615314376,alto,alto
2026-06-27 08:00:00,687.58972,606.7803446926073,alto,alto
2026-06-27 09:00:00,682.58972,607.9568775402702,alto,alto
2026-06-27 10:00:00,687.58972,622.1725415308753,alto,alto
2026-06-27 11:00:00,691.20372,624.9438801006713,alto,alto
2026-06-27 12:00:00,691.20372,634.7356533991411,alto,alto
2026-06-27 13:00:00,691.20372,645.719926674499,alto,alto
2026-06-27 14:00:00,692.58972,659.1607042958708,alto,alto
2026-06-27 15:00:00,693.58972,676.0937351120411,alto,alto
2026-06-27 16:00:00,697.58972,690.7103445945581,alto,alto
2026-06-27 17:00:00,709.58972,711.1338258272225,alto,alto
2026-06-27 18:00:00,712.58972,749.5670304026918,alto,alto
2026-06-27 19:00:00,712.58972,891.3940110616315,alto,alto
2026-06-27 20:00:00,712.58972,789.1513270612709,alto,alto
2026-06-27 21:00:00,712.58972,774.203240006146,alto,alto
2026-06-27 22:00:00,712.58972,733.014017799729,alto,alto
2026-06-27 23:00:00,709.58972,710.7068807313308,alto,alto
2026-06-28 00:00:00,727.38783,682.7443628782711,alto,alto
2026-06-28 01:00:00,717.38783,713.9183592413398,alto,alto
2026-06-28 02:00:00,717.38783,716.5264469360607,alto,alto
2026-06-28 03:00:00,717.38783,718.3483302038189,alto,alto
2026-06-28 04:00:00,717.38783,716.075060211847,alto,alto
2026-06-28 05:00:00,706.38783,716.2222584313238,alto,alto
2026-06-28 06:00:00,692.38783,716.3648884981344,alto,alto
2026-06-28 07:00:00,690.97283,709.4353711487106,alto,alto
2026-06-28 08:00:00,682.38783,708.8511710687201,alto,alto
2026-06-28 09:00:00,682.38783,705.7263630247724,alto,alto
2026-06-28 10:00:00,682.38783,706.5846002438194,alto,alto
2026-06-28 11:00:00,682.38783,715.709470834503,alto,alto
2026-06-28 12:00:00,692.38783,712.9626652386877,alto,alto
2026-06-28 13:00:00,692.38783,710.9435572475838,alto,alto
2026-06-28 14:00:00,692.38783,713.7744011448592,alto,alto
2026-06-28 15:00:00,692.38783,719.0372066456059,alto,alto
2026-06-28 16:00:00,706.38783,725.2512175797917,alto,alto
2026-06-28 17:00:00,727.38783,737.2741387797247,alto,alto
2026-06-28 18:00:00,750.03883,747.6285006606803,alto,alto
2026-06-28 19:00:00,802.38783,756.3303750905734,alto,alto
2026-06-28 20:00:00,802.38783,759.8700896250183,alto,alto
2026-06-28 21:00:00,802.38783,754.6138924852598,alto,alto
2026-06-28 22:00:00,750.03883,739.0428679587596,alto,alto
2026-06-28 23:00:00,750.03883,730.4012421046433,alto,alto
2026-06-29 00:00:00,747.35582,729.0788683369916,alto,alto
2026-06-29 01:00:00,747.35582,739.8525585895889,alto,alto
2026-06-29 02:00:00,747.35582,739.9511100825082,alto,alto
2026-06-29 03:00:00,747.35582,738.8382487820799,alto,alto
2026-06-29 04:00:00,747.35582,737.4657360626459,alto,alto
2026-06-29 05:00:00,747.35582,737.6796127681905,alto,alto
2026-06-29 06:00:00,706.35582,733.9546066729472,alto,alto
2026-06-29 07:00:00,705.35582,732.804757756891,alto,alto
2026-06-29 08:00:00,705.35582,729.0999346014041,alto,alto
2026-06-29 09:00:00,705.35582,729.7716850323843,alto,alto
2026-06-29 10:00:00,705.35582,731.903156576258,alto,alto
2026-06-29 11:00:00,709.35582,727.3256726782731,alto,alto
2026-06-29 12:00:00,709.35582,731.8846072431288,alto,alto
2026-06-29 13:00:00,709.35582,734.6762120762394,alto,alto
2026-06-29 14:00:00,709.35582,735.114036474625,alto,alto
2026-06-29 15:00:00,727.35582,741.8772882125287,alto,alto
2026-06-29 16:00:00,747.35582,754.7493176505293,alto,alto
2026-06-29 17:00:00,767.35582,773.7636015665855,alto,alto
2026-06-29 18:00:00,777.35582,801.7917205272362,alto,alto
2026-06-29 19:00:00,811.30782,823.0657601637279,alto,alto
2026-06-29 20:00:00,811.30782,807.1468114502084,alto,alto
2026-06-29 21:00:00,811.30782,796.1900441858699,alto,alto
2026-06-29 22:00:00,777.35582,767.5195236784598,alto,alto
2026-06-29 23:00:00,767.35582,762.172367410762,alto,alto
2026-06-30 00:00:00,792.29531,755.27849756479,alto,alto
2026-06-30 01:00:00,792.29531,780.1110292575083,alto,alto
2026-06-30 02:00:00,797.29531,774.8123022106627,alto,alto
2026-06-30 03:00:00,784.67031,767.7918564510384,alto,alto
2026-06-30 04:00:00,792.29531,772.2878050099669,alto,alto
2026-06-30 05:00:00,792.29531,779.416111636773,alto,alto
2026-06-30 06:00:00,792.29531,773.3210098519938,alto,alto
2026-06-30 07:00:00,706.29531,779.4100547344572,alto,alto
2026-06-30 08:00:00,706.29531,781.1958614513618,alto,alto
2026-06-30 09:00:00,706.29531,782.3648149514254,alto,alto
2026-06-30 10:00:00,792.29531,787.4925779243742,alto,alto
2026-06-30 11:00:00,802.29531,788.4720948670553,alto,alto
2026-06-30 12:00:00,802.29531,794.5132519738657,alto,alto
2026-06-30 13:00:00,802.29531,801.8659239063528,alto,alto
2026-06-30 14:00:00,817.29531,808.9401940825092,alto,alto
2026-06-30 15:00:00,827.29531,816.4851641659818,alto,alto
2026-06-30 16:00:00,847.29531,821.9302392622908,alto,alto
2026-06-30 17:00:00,847.29531,834.0843209573593,alto,alto
2026-06-30 18:00:00,897.79531,853.119104396883,alto,alto
2026-06-30 19:00:00,911.29531,866.2738478048847,alto,alto
2026-06-30 20:00:00,911.29531,851.1065902380332,alto,alto
2026-06-30 21:00:00,847.29531,836.1060103246108,alto,alto
2026-06-30 22:00:00,847.29531,818.4581490389764,alto,alto
2026-06-30 23:00:00,827.29531,808.1869726232837,alto,alto
2026-07-01 00:00:00,812.1992,799.0065460288844,alto,alto
2026-07-01 01:00:00,812.1992,803.2269391599013,alto,alto
2026-07-01 02:00:00,812.1992,797.9930533165759,alto,alto
2026-07-01 03:00:00,812.1992,788.2214472653976,alto,alto
2026-07-01 04:00:00,812.1992,793.6408433941749,alto,alto
2026-07-01 05:00:00,812.1992,800.4734412030849,alto,alto
2026-07-01 06:00:00,792.1992,803.0503111692866,alto,alto
2026-07-01 07:00:00,792.1992,790.0758369982634,alto,alto
2026-07-01 08:00:00,787.1992,795.2872710199954,alto,alto
2026-07-01 09:00:00,787.1992,800.8147337771709,alto,alto
2026-07-01 10:00:00,792.1992,823.5337693164346,alto,alto
2026-07-01 11:00:00,812.1992,826.9102490923347,alto,alto
2026-07-01 12:00:00,792.1992,829.249803071274,alto,alto
2026-07-01 13:00:00,792.1992,838.1954327169734,alto,alto
2026-07-01 14:00:00,792.1992,850.9501101259143,alto,alto
2026-07-01 15:00:00,812.1992,859.3599185323753,alto,alto
2026-07-01 16:00:00,812.1992,867.1887192941435,alto,alto
2026-07-01 17:00:00,892.6992,876.2072247712402,alto,alto
2026-07-01 18:00:00,906.1992,905.8054353024324,alto,alto
2026-07-01 19:00:00,892.6992,917.6990806900698,alto,alto
2026-07-01 20:00:00,906.1992,896.3035595254875,alto,alto
2026-07-01 21:00:00,892.6992,864.8469536602773,alto,alto
2026-07-01 22:00:00,812.1992,851.2020864943458,alto,alto
2026-07-01 23:00:00,812.1992,837.5101699995564,alto,alto
2026-07-02 00:00:00,792.59321,821.5648770603452,alto,alto
2026-07-02 01:00:00,792.59321,794.3687694429254,alto,alto
2026-07-02 02:00:00,782.59321,792.1703772797822,alto,alto
2026-07-02 03:00:00,782.59321,789.6263732572805,alto,alto
2026-07-02 04:00:00,782.59321,791.4955797670652,alto,alto
2026-07-02 05:00:00,782.59321,793.2145933705382,alto,alto
2026-07-02 06:00:00,782.59321,788.0547051247917,alto,alto
2026-07-02 07:00:00,782.59321,788.2522094886456,alto,alto
2026-07-02 08:00:00,774.46621,786.5898817816371,alto,alto
2026-07-02 09:00:00,782.59321,792.1630572831664,alto,alto
2026-07-02 10:00:00,782.59321,794.3286025354429,alto,alto
2026-07-02 11:00:00,782.59321,798.7337384350192,alto,alto
2026-07-02 12:00:00,782.59321,798.3256285929834,alto,alto
2026-07-02 13:00:00,782.59321,807.3423844284256,alto,alto
2026-07-02 14:00:00,792.59321,813.0631271289537,alto,alto
2026-07-02 15:00:00,792.59321,824.7877721004743,alto,alto
2026-07-02 16:00:00,892.59321,830.4209141907916,alto,alto
2026-07-02 17:00:00,892.59321,854.1430219124381,alto,alto
2026-07-02 18:00:00,892.59321,868.3941555140144,alto,alto
2026-07-02 19:00:00,893.09321,869.7040175891059,alto,alto
2026-07-02 20:00:00,893.09321,861.5276604353589,alto,alto
2026-07-02 21:00:00,892.59321,846.5882798824146,alto,alto
2026-07-02 22:00:00,892.59321,818.9585057964305,alto,alto
2026-07-02 23:00:00,792.59321,807.5470708521036,alto,alto
2026-07-03 00:00:00,792.40976,791.7512729745988,alto,alto
2026-07-03 01:00:00,761.05376,783.0953150735074,alto,alto
2026-07-03 02:00:00,752.40976,767.1966167052842,alto,alto
2026-07-03 03:00:00,752.40976,760.0039948486708,alto,alto
2026-07-03 04:00:00,752.40976,759.8467879250666,alto,alto
2026-07-03 05:00:00,761.05376,754.7331152954371,alto,alto
2026-07-03 06:00:00,792.40976,750.5347150876197,alto,alto
2026-07-03 07:00:00,752.40976,753.0606183310151,alto,alto
2026-07-03 08:00:00,752.40976,753.4646156346308,alto,alto
2026-07-03 09:00:00,752.40976,760.6887413625908,alto,alto
2026-07-03 10:00:00,752.40976,765.2538973363537,alto,alto
2026-07-03 11:00:00,792.40976,767.1147110713208,alto,alto
2026-07-03 12:00:00,752.40976,776.6372754403253,alto,alto
2026-07-03 13:00:00,752.40976,783.5119423435477,alto,alto
2026-07-03 14:00:00,792.40976,793.4477515661032,alto,alto
2026-07-03 15:00:00,877.40976,799.5425407393031,alto,alto
2026-07-03 16:00:00,877.40976,823.366159492544,alto,alto
2026-07-03 17:00:00,877.40976,834.1607150319082,alto,alto
2026-07-03 18:00:00,882.40976,846.1819746039179,alto,alto
2026-07-03 19:00:00,892.90976,854.9106203165902,alto,alto
2026-07-03 20:00:00,892.90976,847.9254311738682,alto,alto
2026-07-03 21:00:00,877.40976,844.8719976171839,alto,alto
2026-07-03 22:00:00,822.40976,834.0752984440287,alto,alto
2026-07-03 23:00:00,822.40976,801.8309913554034,alto,alto
2026-07-04 00:00:00,754.09592,790.7806883961214,alto,alto
2026-07-04 01:00:00,752.33192,754.4552858517935,alto,alto
2026-07-04 02:00:00,747.33192,745.5918579779997,alto,alto
2026-07-04 03:00:00,747.33192,738.9169284563275,alto,alto
2026-07-04 04:00:00,747.33192,732.9988717124174,alto,alto
2026-07-04 05:00:00,747.33192,730.7978308054594,alto,alto
2026-07-04 06:00:00,747.33192,732.2656637881261,alto,alto
2026-07-04 07:00:00,742.33192,722.287174866862,alto,alto
2026-07-04 08:00:00,742.33192,724.656704369358,alto,alto
2026-07-04 09:00:00,742.33192,731.551894509354,alto,alto
2026-07-04 10:00:00,742.33192,740.1056214807722,alto,alto
2026-07-04 11:00:00,742.33192,756.8800046438008,alto,alto
2026-07-04 12:00:00,742.33192,756.9264686903658,alto,alto
2026-07-04 13:00:00,742.33192,764.1771817461425,alto,alto
2026-07-04 14:00:00,742.33192,782.8717807236656,alto,alto
2026-07-04 15:00:00,747.33192,810.0865088741318,alto,alto
2026-07-04 16:00:00,752.33192,818.5788717692211,alto,alto
2026-07-04 17:00:00,792.33192,830.9202949195462,alto,alto
2026-07-04 18:00:00,802.33192,851.2409179248256,alto,alto
2026-07-04 19:00:00,892.83192,865.8668073288777,alto,alto
2026-07-04 20:00:00,892.83192,863.2125103200957,alto,alto
2026-07-04 21:00:00,802.33192,847.4562499174328,alto,alto
2026-07-04 22:00:00,792.33192,812.2246493794161,alto,alto
2026-07-04 23:00:00,792.33192,792.6140197164159,alto,alto
2026-07-05 00:00:00,744.81769,760.7743667355396,alto,alto
2026-07-05 01:00:00,744.81769,743.5276048890177,alto,alto
2026-07-05 02:00:00,742.31769,734.4964923619242,alto,alto
2026-07-05 03:00:00,742.31769,724.563154485372,alto,alto
2026-07-05 04:00:00,744.81769,715.9635386419944,alto,alto
2026-07-05 05:00:00,744.81769,709.1700513132805,alto,alto
2026-07-05 06:00:00,737.81769,697.3700824901412,alto,alto
2026-07-05 07:00:00,701.81769,688.6304549751935,alto,alto
2026-07-05 08:00:00,332.81769,686.8778273706769,medio,alto
2026-07-05 09:00:00,332.81769,686.8648385742099,medio,alto
2026-07-05 10:00:00,332.81769,690.5665098652714,medio,alto
2026-07-05 11:00:00,332.81769,695.5930409773563,medio,alto
2026-07-05 12:00:00,692.81769,695.5495616028809,alto,alto
2026-07-05 13:00:00,701.81769,702.2740567819963,alto,alto
2026-07-05 14:00:00,737.81769,707.3458125850364,alto,alto
2026-07-05 15:00:00,737.81769,718.4319253670935,alto,alto
2026-07-05 16:00:00,742.31769,723.4566724568525,alto,alto
2026-07-05 17:00:00,755.31769,743.0358894616396,alto,alto
2026-07-05 18:00:00,798.31769,767.3634545906007,alto,alto
2026-07-05 19:00:00,872.81769,803.1729093019877,alto,alto
2026-07-05 20:00:00,872.81769,806.5555466120878,alto,alto
2026-07-05 21:00:00,798.31769,784.6909422409553,alto,alto
2026-07-05 22:00:00,798.31769,768.2666514575909,alto,alto
2026-07-05 23:00:00,755.31769,758.9724991443256,alto,alto
2026-07-06 00:00:00,742.51853,734.1616463952457,alto,alto
2026-07-06 01:00:00,742.51853,746.0563373314492,alto,alto
2026-07-06 02:00:00,702.22553,740.1819958169217,alto,alto
2026-07-06 03:00:00,702.22553,739.2394807430247,alto,alto
2026-07-06 04:00:00,702.22553,741.6541175697675,alto,alto
2026-07-06 05:00:00,744.22553,744.4328675100701,alto,alto
2026-07-06 06:00:00,742.51853,739.8683715306731,alto,alto
2026-07-06 07:00:00,702.22553,732.2145258351065,alto,alto
2026-07-06 08:00:00,701.22553,659.1714743751857,alto,alto
2026-07-06 09:00:00,701.22553,657.9282536045512,alto,alto
2026-07-06 10:00:00,702.22553,672.4515884883813,alto,alto
2026-07-06 11:00:00,744.22553,684.7719586587444,alto,alto
2026-07-06 12:00:00,742.51853,775.9605988115982,alto,alto
2026-07-06 13:00:00,744.22553,795.4057817379321,alto,alto
2026-07-06 14:00:00,747.72553,813.4955909868365,alto,alto
2026-07-06 15:00:00,747.72553,813.697846629224,alto,alto
2026-07-06 16:00:00,887.22553,813.4619905050421,alto,alto
2026-07-06 17:00:00,892.22553,811.20882434583,alto,alto
2026-07-06 18:00:00,892.22553,819.3152574135761,alto,alto
2026-07-06 19:00:00,982.22553,842.3779235101936,alto,alto
2026-07-06 20:00:00,1062.22553,830.0137029700045,alto,alto
2026-07-06 21:00:00,1062.22553,798.4775284268458,alto,alto
2026-07-06 22:00:00,892.22553,788.5686117008772,alto,alto
2026-07-06 23:00:00,887.22553,775.1314679479312,alto,alto
2026-07-07 00:00:00,702.205,761.8042306637963,alto,alto
2026-07-07 01:00:00,701.705,712.2941250435705,alto,alto
2026-07-07 02:00:00,701.705,702.6391043185913,alto,alto
2026-07-07 03:00:00,701.705,700.3300423389674,alto,alto
2026-07-07 04:00:00,701.705,704.4985081662791,alto,alto
2026-07-07 05:00:00,701.705,725.7972533860303,alto,alto
2026-07-07 06:00:00,701.705,728.1257864652475,alto,alto
2026-07-07 07:00:00,701.705,720.9771120582626,alto,alto
2026-07-07 08:00:00,701.205,724.1509422887193,alto,alto
2026-07-07 09:00:00,701.205,729.6625525108617,alto,alto
2026-07-07 10:00:00,701.705,756.6686513470933,alto,alto
2026-07-07 11:00:00,701.705,772.7871316276244,alto,alto
2026-07-07 12:00:00,701.705,785.6802641821043,alto,alto
2026-07-07 13:00:00,701.705,805.0919972876002,alto,alto
2026-07-07 14:00:00,701.705,819.7183996490827,alto,alto
2026-07-07 15:00:00,701.705,839.5400516562072,alto,alto
2026-07-07 16:00:00,702.205,881.3509326034969,alto,alto
2026-07-07 17:00:00,742.205,897.1610582491801,alto,alto
2026-07-07 18:00:00,743.705,924.2727183096632,alto,alto
2026-07-07 19:00:00,887.205,960.1173291622006,alto,alto
2026-07-07 20:00:00,887.205,955.9239985962454,alto,alto
2026-07-07 21:00:00,742.584,932.9940540405807,alto,alto
2026-07-07 22:00:00,743.705,862.4531525234386,alto,alto
2026-07-07 23:00:00,702.205,824.3845392973994,alto,alto
2026-07-08 00:00:00,737.74955,751.2789706449728,alto,alto
2026-07-08 01:00:00,737.74955,724.7100315717546,alto,alto
2026-07-08 02:00:00,701.74955,713.1370262970688,alto,alto
2026-07-08 03:00:00,701.74955,708.9982959542976,alto,alto
2026-07-08 04:00:00,701.74955,711.4997484455795,alto,alto
2026-07-08 05:00:00,737.74955,714.9099114364176,alto,alto
2026-07-08 06:00:00,737.74955,716.6132028546671,alto,alto
2026-07-08 07:00:00,701.34955,719.6858992647608,alto,alto
2026-07-08 08:00:00,701.34955,718.8424088568444,alto,alto
2026-07-08 09:00:00,701.34955,720.0206577419734,alto,alto
2026-07-08 10:00:00,701.34955,719.3203162794883,alto,alto
2026-07-08 11:00:00,701.74955,720.6892006868859,alto,alto
2026-07-08 12:00:00,701.74955,731.8158927108043,alto,alto
2026-07-08 13:00:00,704.24955,741.4866071972217,alto,alto
2026-07-08 14:00:00,737.74955,745.4682185329644,alto,alto
2026-07-08 15:00:00,737.74955,754.0974972281492,alto,alto
2026-07-08 16:00:00,738.24955,761.1446112055683,alto,alto
2026-07-08 17:00:00,742.74955,776.9300814539793,alto,alto
2026-07-08 18:00:00,742.74955,782.3550331351496,alto,alto
2026-07-08 19:00:00,887.24955,828.5097312766673,alto,alto
2026-07-08 20:00:00,887.24955,839.5326814288512,alto,alto
2026-07-08 21:00:00,887.24955,794.9478222859918,alto,alto
2026-07-08 22:00:00,742.32155,772.7637274271275,alto,alto
2026-07-08 23:00:00,738.24955,743.9140806080401,alto,alto
2026-07-09 00:00:00,702.28966,733.3650619050717,alto,alto
2026-07-09 01:00:00,702.28966,712.0498656611882,alto,alto
2026-07-09 02:00:00,702.28966,704.1236370567156,alto,alto
2026-07-09 03:00:00,702.28966,705.6016230003529,alto,alto
2026-07-09 04:00:00,702.28966,708.023256840234,alto,alto
2026-07-09 05:00:00,702.68966,719.1604963045799,alto,alto
2026-07-09 06:00:00,702.68966,716.5660019660206,alto,alto
2026-07-09 07:00:00,702.68966,710.2144663734855,alto,alto
2026-07-09 08:00:00,702.68966,706.1855248365979,alto,alto
2026-07-09 09:00:00,702.28966,711.7014806749883,alto,alto
2026-07-09 10:00:00,702.28966,714.3275801842148,alto,alto
2026-07-09 11:00:00,702.68966,714.5073582066656,alto,alto
2026-07-09 12:00:00,702.28966,720.1942700969686,alto,alto
2026-07-09 13:00:00,702.68966,731.2466702402904,alto,alto
2026-07-09 14:00:00,708.18966,743.7839855193763,alto,alto
2026-07-09 15:00:00,738.78966,756.9292591285158,alto,alto
2026-07-09 16:00:00,743.28966,764.4891382578073,alto,alto
2026-07-09 17:00:00,738.78966,777.1219707167859,alto,alto
2026-07-09 18:00:00,743.28966,794.9514751441293,alto,alto
2026-07-09 19:00:00,743.28966,840.1075359105366,alto,alto
2026-07-09 20:00:00,888.18966,833.3772205313993,alto,alto
2026-07-09 21:00:00,888.18966,821.6451140510312,alto,alto
2026-07-09 22:00:00,738.78966,772.5502872012248,alto,alto
2026-07-09 23:00:00,738.18966,753.9776530555488,alto,alto
2026-07-10 00:00:00,703.12464,734.0196243264871,alto,alto
2026-07-10 01:00:00,703.12464,702.4292994368731,alto,alto
2026-07-10 02:00:00,703.12464,701.2064947137098,alto,alto
2026-07-10 03:00:00,703.12464,700.0026302806478,alto,alto
2026-07-10 04:00:00,703.12464,701.1889221041758,alto,alto
2026-07-10 05:00:00,703.12464,703.005477104833,alto,alto
2026-07-10 06:00:00,703.12464,700.8498093790568,alto,alto
2026-07-10 07:00:00,703.07464,702.8477219808135,alto,alto
2026-07-10 08:00:00,703.07464,700.0998296942255,alto,alto
2026-07-10 09:00:00,699.07464,704.757017701918,alto,alto
2026-07-10 10:00:00,703.07464,709.6553649339436,alto,alto
2026-07-10 11:00:00,703.12464,713.9554356998296,alto,alto
2026-07-10 12:00:00,703.12464,720.7149321930455,alto,alto
2026-07-10 13:00:00,707.07464,727.8400928917961,alto,alto
2026-07-10 14:00:00,707.57464,736.3349806009182,alto,alto
2026-07-10 15:00:00,740.57464,751.3959602216834,alto,alto
2026-07-10 16:00:00,740.57464,756.5859354402905,alto,alto
2026-07-10 17:00:00,739.86164,760.5521521677391,alto,alto
2026-07-10 18:00:00,744.17464,769.7099964409193,alto,alto
2026-07-10 19:00:00,889.07464,779.1546711157554,alto,alto
2026-07-10 20:00:00,744.17464,807.0560672177893,alto,alto
2026-07-10 21:00:00,889.07464,801.4310766877685,alto,alto
2026-07-10 22:00:00,740.57464,754.1050892511597,alto,alto
2026-07-10 23:00:00,707.57464,737.3332239181743,alto,alto
2026-07-11 00:00:00,742.40661,721.4878460619772,alto,alto
2026-07-11 01:00:00,738.26961,732.8189947188035,alto,alto
2026-07-11 02:00:00,702.80661,729.496740945694,alto,alto
2026-07-11 03:00:00,701.35661,725.8385874433034,alto,alto
2026-07-11 04:00:00,701.35661,724.0303375943562,alto,alto
2026-07-11 05:00:00,701.35661,722.0903936565481,alto,alto
2026-07-11 06:00:00,701.35661,718.9564249325539,alto,alto
2026-07-11 07:00:00,698.30661,719.9280562637139,alto,alto
2026-07-11 08:00:00,697.30661,717.4239833849443,alto,alto
2026-07-11 09:00:00,697.30661,717.026510152281,alto,alto
2026-07-11 10:00:00,698.30661,722.5119006226937,alto,alto
2026-07-11 11:00:00,698.30661,723.8817114040968,alto,alto
2026-07-11 12:00:00,698.30661,726.8092696331926,alto,alto
2026-07-11 13:00:00,701.35661,733.2521418844664,alto,alto
2026-07-11 14:00:00,701.35661,734.6183050316887,alto,alto
2026-07-11 15:00:00,701.35661,745.6559362758666,alto,alto
2026-07-11 16:00:00,742.40661,747.9389957538435,alto,alto
2026-07-11 17:00:00,738.26961,748.2295382987002,alto,alto
2026-07-11 18:00:00,922.30661,756.9726621870775,alto,alto
2026-07-11 19:00:00,922.30661,793.0490174056175,alto,alto
2026-07-11 20:00:00,922.30661,763.1798579132441,alto,alto
2026-07-11 21:00:00,942.30661,789.5486431528007,alto,alto
2026-07-11 22:00:00,922.30661,752.5467691731199,alto,alto
2026-07-11 23:00:00,742.40661,739.4348139034579,alto,alto
2026-07-12 00:00:00,832.19518,741.0868768002975,alto,alto
2026-07-12 01:00:00,832.19518,800.1675595298441,alto,alto
2026-07-12 02:00:00,832.19518,773.3201876383241,alto,alto
2026-07-12 03:00:00,832.19518,755.9802416272624,alto,alto
2026-07-12 04:00:00,832.19518,747.2577331957183,alto,alto
2026-07-12 05:00:00,832.19518,740.9750340013167,alto,alto
2026-07-12 06:00:00,652.69518,733.0532041950776,alto,alto
2026-07-12 07:00:00,632.19518,725.6557572914872,alto,alto
2026-07-12 08:00:00,632.19518,718.5458809262939,alto,alto
2026-07-12 09:00:00,632.19518,714.7558744728932,alto,alto
2026-07-12 10:00:00,632.19518,712.6089767634193,alto,alto
2026-07-12 11:00:00,640.75718,712.2801111071689,alto,alto
2026-07-12 12:00:00,640.75718,712.2647492446865,alto,alto
2026-07-12 13:00:00,652.69518,712.6304642520217,alto,alto
2026-07-12 14:00:00,682.19518,724.221622246293,alto,alto
2026-07-12 15:00:00,832.19518,738.7468885719388,alto,alto
2026-07-12 16:00:00,832.19518,749.2018634453789,alto,alto
2026-07-12 17:00:00,832.19518,764.4791983851152,alto,alto
2026-07-12 18:00:00,922.19518,821.6011202836646,alto,alto
2026-07-12 19:00:00,922.19518,837.5251710479881,alto,alto
2026-07-12 20:00:00,922.19518,847.1285610965592,alto,alto
2026-07-12 21:00:00,933.19518,848.2682332335727,alto,alto
2026-07-12 22:00:00,933.19518,840.352643538037,alto,alto
2026-07-12 23:00:00,922.19518,798.7008036037299,alto,alto
2026-07-13 00:00:00,804.52814,794.1062299823218,alto,alto
2026-07-13 01:00:00,804.52814,804.8017232428915,alto,alto
2026-07-13 02:00:00,804.52814,791.0220699930155,alto,alto
2026-07-13 03:00:00,804.52814,780.1232638448951,alto,alto
2026-07-13 04:00:00,794.52814,781.1225426311112,alto,alto
2026-07-13 05:00:00,804.52814,783.1900867369095,alto,alto
2026-07-13 06:00:00,794.52814,746.5528573778379,alto,alto
2026-07-13 07:00:00,504.52814,744.1013008605571,alto,alto
2026-07-13 08:00:00,504.52814,749.0838148248528,alto,alto
2026-07-13 09:00:00,504.52814,759.6115854065991,alto,alto
2026-07-13 10:00:00,504.52814,772.2927910857031,alto,alto
2026-07-13 11:00:00,504.52814,783.9571731683288,alto,alto
2026-07-13 12:00:00,664.52814,798.5369448975489,alto,alto
2026-07-13 13:00:00,655.02814,810.649098314575,alto,alto
2026-07-13 14:00:00,804.52814,826.238514795019,alto,alto
2026-07-13 15:00:00,924.52814,860.098801793401,alto,alto
2026-07-13 16:00:00,933.02814,867.9231657240161,alto,alto
2026-07-13 17:00:00,933.02814,881.7454022750969,alto,alto
2026-07-13 18:00:00,944.52814,925.139344854769,alto,alto
2026-07-13 19:00:00,1074.52814,936.7455360048688,alto,alto
2026-07-13 20:00:00,1197.52814,933.6719423755716,alto,alto
2026-07-13 21:00:00,1198.52814,934.5091012945844,alto,alto
2026-07-13 22:00:00,944.52814,913.21599161263,alto,alto
2026-07-13 23:00:00,933.02814,893.7216626106027,alto,alto
2026-07-14 00:00:00,673.9051,849.1039759687587,alto,alto
2026-07-14 01:00:00,673.9051,708.281379714083,alto,alto
2026-07-14 02:00:00,673.9051,710.0196136612493,alto,alto
2026-07-14 03:00:00,673.9051,716.8907453903267,alto,alto
2026-07-14 04:00:00,673.9051,721.6861476776198,alto,alto
2026-07-14 05:00:00,673.9051,742.0229541591724,alto,alto
2026-07-14 06:00:00,673.9051,733.2576787692449,alto,alto
2026-07-14 07:00:00,654.4051,667.547999851907,alto,alto
2026-07-14 08:00:00,643.9051,663.6642754411218,alto,alto
2026-07-14 09:00:00,643.9051,675.2104936630348,alto,alto
2026-07-14 10:00:00,663.9051,705.4100588387644,alto,alto
2026-07-14 11:00:00,673.9051,721.5586512969858,alto,alto
2026-07-14 12:00:00,673.9051,775.8740617242025,alto,alto
2026-07-14 13:00:00,943.9051,804.8338736709968,alto,alto
2026-07-14 14:00:00,975.4051,849.1160813120784,alto,alto
2026-07-14 15:00:00,975.4051,900.6979625882351,alto,alto
2026-07-14 16:00:00,1073.9051,926.9682651586947,alto,alto
2026-07-14 17:00:00,989.4051,948.8834472947856,alto,alto
2026-07-14 18:00:00,1073.9051,983.4604441689876,alto,alto
2026-07-14 19:00:00,1197.9051,1026.785513926781,alto,alto
2026-07-14 20:00:00,1196.9051,1058.1684891858947,alto,alto
2026-07-14 21:00:00,1197.9051,1039.542449541591,alto,alto
2026-07-14 22:00:00,989.4051,933.5130955145596,alto,alto
2026-07-14 23:00:00,975.4051,855.0707652129814,alto,alto
2026-07-15 00:00:00,843.61336,769.266552763723,alto,alto
2026-07-15 01:00:00,726.92736,793.8998837344035,alto,alto
2026-07-15 02:00:00,692.69036,766.6070325958,alto,alto
2026-07-15 03:00:00,672.69036,755.5315420755603,alto,alto
2026-07-15 04:00:00,726.92736,766.0450897516517,alto,alto
2026-07-15 05:00:00,927.69036,781.9243534696352,alto,alto
2026-07-15 06:00:00,726.92736,784.8244293970615,alto,alto
2026-07-15 07:00:00,643.69036,787.7747171764404,alto,alto
2026-07-15 08:00:00,643.69036,794.1183939687617,alto,alto
2026-07-15 09:00:00,643.69036,808.7860677035959,alto,alto
2026-07-15 10:00:00,643.69036,838.9792025949611,alto,alto
2026-07-15 11:00:00,653.19036,858.4467204462442,alto,alto
2026-07-15 12:00:00,672.69036,885.4163802799344,alto,alto
2026-07-15 13:00:00,792.69036,962.0345473202968,alto,alto
2026-07-15 14:00:00,927.69036,985.38208468222,alto,alto
2026-07-15 15:00:00,927.69036,1012.7999377051764,alto,alto
2026-07-15 16:00:00,942.69036,1055.671604432265,alto,alto
2026-07-15 17:00:00,1182.69036,1057.6518340713392,alto,alto
2026-07-15 18:00:00,1196.69036,1102.8880604503718,alto,alto
2026-07-15 19:00:00,1197.69036,1146.8005579817532,alto,alto
2026-07-15 20:00:00,1197.69036,1145.4947405838998,alto,alto
2026-07-15 21:00:00,1197.69036,1115.2736473884734,alto,alto
2026-07-15 22:00:00,1196.69036,1014.2569475061632,alto,alto
2026-07-15 23:00:00,942.69036,949.8257310093948,alto,alto
2026-07-16 00:00:00,733.91903,873.1787168700891,alto,alto
2026-07-16 01:00:00,733.91903,736.2618882033182,alto,alto
2026-07-16 02:00:00,693.91903,720.7372809084754,alto,alto
2026-07-16 03:00:00,693.91903,724.2756012451439,alto,alto
2026-07-16 04:00:00,733.91903,739.8397961207617,alto,alto
2026-07-16 05:00:00,733.91903,793.3249889816445,alto,alto
2026-07-16 06:00:00,733.91903,739.1212984819035,alto,alto
2026-07-16 07:00:00,654.41903,717.0478585536569,alto,alto
2026-07-16 08:00:00,644.91903,707.1997114366413,alto,alto
2026-07-16 09:00:00,644.91903,715.2728685352852,alto,alto
2026-07-16 10:00:00,644.91903,737.210264185836,alto,alto
2026-07-16 11:00:00,693.91903,750.8602841788277,alto,alto
2026-07-16 12:00:00,693.91903,785.8512370660458,alto,alto
2026-07-16 13:00:00,733.91903,845.3973590203902,alto,alto
2026-07-16 14:00:00,733.91903,891.1317437316143,alto,alto
2026-07-16 15:00:00,733.91903,924.5240306232096,alto,alto
2026-07-16 16:00:00,923.88903,967.477610307482,alto,alto
2026-07-16 17:00:00,943.91903,1041.524212835642,alto,alto
2026-07-16 18:00:00,1198.91903,1086.3418576104152,alto,alto
2026-07-16 19:00:00,1203.91903,1119.5002760828947,alto,alto
2026-07-16 20:00:00,1198.91903,1142.6904026459315,alto,alto
2026-07-16 21:00:00,1203.91903,1115.0788486357433,alto,alto
2026-07-16 22:00:00,1066.26703,1033.0795773850714,alto,alto
2026-07-16 23:00:00,923.88903,887.3399295923064,alto,alto
2026-07-17 00:00:00,923.52112,803.5621905928351,alto,alto
2026-07-17 01:00:00,743.51912,804.2615679929754,alto,alto
2026-07-17 02:00:00,730.06412,743.3767559049317,alto,alto
2026-07-17 03:00:00,730.06412,724.2290298062746,alto,alto
2026-07-17 04:00:00,730.06412,742.673833860682,alto,alto
2026-07-17 05:00:00,923.52112,761.4016349573387,alto,alto
2026-07-17 06:00:00,743.51912,760.0170171365831,alto,alto
2026-07-17 07:00:00,643.52112,750.6564692905837,alto,alto
2026-07-17 08:00:00,643.52112,754.8508309327715,alto,alto
2026-07-17 09:00:00,643.52112,746.0784908105455,alto,alto
2026-07-17 10:00:00,642.52112,756.3066313010205,alto,alto
2026-07-17 11:00:00,643.52112,793.943038094442,alto,alto
2026-07-17 12:00:00,643.52112,815.9386775963019,alto,alto
2026-07-17 13:00:00,643.52112,839.2234082395831,alto,alto
2026-07-17 14:00:00,923.52112,865.74843530937,alto,alto
2026-07-17 15:00:00,923.52112,883.5780859298752,alto,alto
2026-07-17 16:00:00,923.52112,950.55626784586,alto,alto
2026-07-17 17:00:00,923.52112,975.5974738759846,alto,alto
2026-07-17 18:00:00,1196.52112,1081.6477611339656,alto,alto
2026-07-17 19:00:00,1197.52112,1109.373664840847,alto,alto
2026-07-17 20:00:00,1196.52112,1121.6772200669498,alto,alto
2026-07-17 21:00:00,1197.52112,1119.0120408032765,alto,alto
2026-07-17 22:00:00,942.52112,1024.7565961801868,alto,alto
2026-07-17 23:00:00,923.52112,932.894830623178,alto,alto
2026-07-18 00:00:00,942.49543,895.16072132606,alto,alto
2026-07-18 01:00:00,854.20243,830.3298488658872,alto,alto
2026-07-18 02:00:00,932.49543,755.5194129234908,alto,alto
2026-07-18 03:00:00,727.39843,721.8030677404937,alto,alto
2026-07-18 04:00:00,727.39843,704.202704584208,alto,alto
2026-07-18 05:00:00,727.39843,743.2778356389642,alto,alto
2026-07-18 06:00:00,647.49543,697.8648249327488,alto,alto
2026-07-18 07:00:00,647.49543,675.4953370451952,alto,alto
2026-07-18 08:00:00,647.49543,667.4167102363011,alto,alto
2026-07-18 09:00:00,643.49543,659.2939345991867,alto,alto
2026-07-18 10:00:00,643.49543,675.8264417778045,alto,alto
2026-07-18 11:00:00,643.49543,699.6949981397489,alto,alto
2026-07-18 12:00:00,643.49543,727.5321643568376,alto,alto
2026-07-18 13:00:00,647.49543,743.8753314386767,alto,alto
2026-07-18 14:00:00,647.49543,826.6629765621931,alto,alto
2026-07-18 15:00:00,743.49343,853.5636368734347,alto,alto
2026-07-18 16:00:00,952.49543,878.5481568057774,alto,alto
2026-07-18 17:00:00,952.49543,905.1937474028764,alto,alto
2026-07-18 18:00:00,952.49543,990.953536420748,alto,alto
2026-07-18 19:00:00,952.49543,1019.6346097010114,alto,alto
2026-07-18 20:00:00,952.49543,1035.748571729602,alto,alto
2026-07-18 21:00:00,952.49543,1029.11862333185,alto,alto
2026-07-18 22:00:00,952.49543,943.6137772531388,alto,alto
2026-07-18 23:00:00,743.49343,903.3281334657052,alto,alto
2026-07-19 00:00:00,943.72728,864.6790027506771,alto,alto
2026-07-19 01:00:00,932.72728,854.0354188699519,alto,alto
2026-07-19 02:00:00,932.72728,790.978684883871,alto,alto
2026-07-19 03:00:00,932.72728,703.5704054094372,alto,alto
2026-07-19 04:00:00,724.75628,678.5844927861228,alto,alto
2026-07-19 05:00:00,724.75628,675.0836938616189,alto,alto
2026-07-19 06:00:00,652.72728,647.729287785421,alto,alto
2026-07-19 07:00:00,648.72728,647.1493419127405,alto,alto
2026-07-19 08:00:00,648.72728,638.0164974529112,alto,alto
2026-07-19 09:00:00,648.72728,622.6769061652268,alto,alto
2026-07-19 10:00:00,652.72728,637.5864231222963,alto,alto
2026-07-19 11:00:00,652.72728,648.762496770441,alto,alto
2026-07-19 12:00:00,652.72728,672.6684600086893,alto,alto
2026-07-19 13:00:00,652.72728,679.7848286580147,alto,alto
2026-07-19 14:00:00,724.75628,717.0574041901198,alto,alto
2026-07-19 15:00:00,942.72728,756.4098183895729,alto,alto
2026-07-19 16:00:00,942.72728,815.2558914868047,alto,alto
2026-07-19 17:00:00,942.72728,843.2989494606023,alto,alto
2026-07-19 18:00:00,943.72728,882.7952122536411,alto,alto
2026-07-19 19:00:00,952.72728,908.9636718963928,alto,alto
2026-07-19 20:00:00,944.72728,940.1174643339032,alto,alto
2026-07-19 21:00:00,943.72728,942.2352054893314,alto,alto
2026-07-19 22:00:00,944.72728,920.081970964856,alto,alto
2026-07-19 23:00:00,932.72728,855.8727695855073,alto,alto
2026-07-20 00:00:00,752.71069,856.2447635510002,alto,alto
2026-07-20 01:00:00,752.71069,792.7319941939331,alto,alto
2026-07-20 02:00:00,747.71069,798.7160524523982,alto,alto
2026-07-20 03:00:00,747.71069,799.6107715800758,alto,alto
2026-07-20 04:00:00,747.71069,757.8509054653316,alto,alto
2026-07-20 05:00:00,747.71069,761.9182918554714,alto,alto
2026-07-20 06:00:00,747.71069,747.1623899953486,alto,alto
2026-07-20 07:00:00,677.71069,745.5948186236906,alto,alto
2026-07-20 08:00:00,677.71069,748.91773317695,alto,alto
2026-07-20 09:00:00,677.71069,746.4672850557744,alto,alto
2026-07-20 10:00:00,677.71069,750.7895082645473,alto,alto
2026-07-20 11:00:00,677.71069,752.821698864544,alto,alto
2026-07-20 12:00:00,677.71069,762.5045540001013,alto,alto
2026-07-20 13:00:00,747.71069,789.3060244738468,alto,alto
2026-07-20 14:00:00,747.71069,820.069947259899,alto,alto
2026-07-20 15:00:00,752.71069,878.0289502936578,alto,alto
2026-07-20 16:00:00,926.71069,896.3933914205342,alto,alto
2026-07-20 17:00:00,926.71069,916.195375438958,alto,alto
2026-07-20 18:00:00,943.71069,940.3648843569272,alto,alto
2026-07-20 19:00:00,943.71069,958.2095069697508,alto,alto
2026-07-20 20:00:00,943.71069,944.4434221884068,alto,alto
2026-07-20 21:00:00,942.71069,935.022080123394,alto,alto
2026-07-20 22:00:00,926.71069,909.4364519482106,alto,alto
2026-07-20 23:00:00,752.71069,891.0161077895477,alto,alto
2026-07-21 00:00:00,691.59804,837.4230927883683,alto,alto
2026-07-21 01:00:00,642.48704,708.9645271406348,alto,alto
2026-07-21 02:00:00,642.48704,710.9373073485492,alto,alto
2026-07-21 03:00:00,642.48704,709.0974516338711,alto,alto
2026-07-21 04:00:00,642.48704,720.5214150888178,alto,alto
2026-07-21 05:00:00,691.59804,742.991731571597,alto,alto
2026-07-21 06:00:00,733.48504,741.3961430953793,alto,alto
2026-07-21 07:00:00,691.59804,728.5480270615762,alto,alto
2026-07-21 08:00:00,642.48704,726.522057577459,alto,alto
2026-07-21 09:00:00,642.48704,725.8608396743354,alto,alto
2026-07-21 10:00:00,642.48704,745.122497358674,alto,alto
2026-07-21 11:00:00,642.48704,748.9882143847087,alto,alto
2026-07-21 12:00:00,642.48704,771.8141105688226,alto,alto
2026-07-21 13:00:00,642.48704,819.2999071953993,alto,alto
2026-07-21 14:00:00,942.48704,843.7790409991507,alto,alto
2026-07-21 15:00:00,942.48704,868.5288074153833,alto,alto
2026-07-21 16:00:00,942.48704,919.9968464661716,alto,alto
2026-07-21 17:00:00,947.48704,943.0651849928807,alto,alto
2026-07-21 18:00:00,962.48704,977.960719977758,alto,alto
2026-07-21 19:00:00,962.48704,999.0443605808964,alto,alto
2026-07-21 20:00:00,962.48704,971.1248237665308,alto,alto
2026-07-21 21:00:00,962.48704,945.1351123402512,alto,alto
2026-07-21 22:00:00,947.48704,902.506138267277,alto,alto
2026-07-21 23:00:00,942.48704,830.8494491573822,alto,alto
2026-07-22 00:00:00,932.12121,773.0894937561308,alto,alto
2026-07-22 01:00:00,932.12121,817.4331223033606,alto,alto
2026-07-22 02:00:00,932.12121,765.8719220078518,alto,alto
2026-07-22 03:00:00,932.12121,736.4939710284738,alto,alto
2026-07-22 04:00:00,932.12121,736.6673480904002,alto,alto
2026-07-22 05:00:00,932.12121,758.6231321962981,alto,alto
2026-07-22 06:00:00,932.12121,781.1557800597777,alto,alto
2026-07-22 07:00:00,926.12121,787.5599115761815,alto,alto
2026-07-22 08:00:00,932.12121,783.4326527049616,alto,alto
2026-07-22 09:00:00,691.00121,790.0512523511144,alto,alto
2026-07-22 10:00:00,926.12121,803.1135489067598,alto,alto
2026-07-22 11:00:00,932.12121,815.8672642580788,alto,alto
2026-07-22 12:00:00,932.12121,846.9538560406122,alto,alto
2026-07-22 13:00:00,932.12121,864.9626056771099,alto,alto
2026-07-22 14:00:00,932.12121,958.0382913874972,alto,alto
2026-07-22 15:00:00,941.12121,972.1469748602436,alto,alto
2026-07-22 16:00:00,942.12121,983.9261518037888,alto,alto
2026-07-22 17:00:00,1042.12121,1009.5590769319324,alto,alto
2026-07-22 18:00:00,1042.12121,1029.9863842435016,alto,alto
2026-07-22 19:00:00,1047.12121,1031.0055180530985,alto,alto
2026-07-22 20:00:00,1047.12121,1008.542317389514,alto,alto
2026-07-22 21:00:00,1042.12121,991.5521010041792,alto,alto
2026-07-22 22:00:00,942.12121,962.6223582377268,alto,alto
2026-07-22 23:00:00,941.12121,946.7034715164348,alto,alto
2026-07-23 00:00:00,932.13321,922.5383425212084,alto,alto
2026-07-23 01:00:00,932.13321,934.2869251661806,alto,alto
2026-07-23 02:00:00,932.13321,933.6237633081616,alto,alto
2026-07-23 03:00:00,932.13321,932.4284285655924,alto,alto
2026-07-23 04:00:00,932.13321,934.102997850679,alto,alto
2026-07-23 05:00:00,932.13321,936.7146521558398,alto,alto
2026-07-23 06:00:00,932.13321,935.6255178943186,alto,alto
2026-07-23 07:00:00,932.13321,934.3383253140156,alto,alto
2026-07-23 08:00:00,932.13321,937.3448863535446,alto,alto
2026-07-23 09:00:00,932.13321,887.8522335490359,alto,alto
2026-07-23 10:00:00,932.13321,937.9980151128224,alto,alto
2026-07-23 11:00:00,932.13321,940.3959236619714,alto,alto
2026-07-23 12:00:00,922.13321,946.7212758971572,alto,alto
2026-07-23 13:00:00,932.13321,957.8334584922504,alto,alto
2026-07-23 14:00:00,932.13321,964.3052547658444,alto,alto
2026-07-23 15:00:00,952.13321,971.9467925309032,alto,alto
2026-07-23 16:00:00,1012.13321,984.0454999155148,alto,alto
2026-07-23 17:00:00,1012.13321,1022.1419404166857,alto,alto
2026-07-23 18:00:00,1092.13321,1028.1330886258704,alto,alto
2026-07-23 19:00:00,1097.13321,1029.4267775558371,alto,alto
2026-07-23 20:00:00,1092.13321,1016.4784707294604,alto,alto
2026-07-23 21:00:00,952.13321,1005.9407455002038,alto,alto
2026-07-23 22:00:00,937.13321,969.0185713115484,alto,alto
2026-07-23 23:00:00,932.13321,961.572869377426,alto,alto
2026-07-24 00:00:00,883.4134,957.2191312615868,alto,alto
2026-07-24 01:00:00,842.4134,893.7453097783368,alto,alto
2026-07-24 02:00:00,842.4134,892.3120865295829,alto,alto
2026-07-24 03:00:00,842.4134,889.1455320537034,alto,alto
2026-07-24 04:00:00,842.4134,889.5689777295853,alto,alto
2026-07-24 05:00:00,883.4134,890.3099332816778,alto,alto
2026-07-24 06:00:00,853.5724,887.2863217945406,alto,alto
2026-07-24 07:00:00,842.4134,884.0889719567165,alto,alto
2026-07-24 08:00:00,688.0954,880.6736539488695,alto,alto
2026-07-24 09:00:00,642.4134,878.0564280729495,alto,alto
2026-07-24 10:00:00,642.4134,883.5537187482264,alto,alto
2026-07-24 11:00:00,842.4134,883.7449152690754,alto,alto
2026-07-24 12:00:00,688.0954,887.8299325441652,alto,alto
2026-07-24 13:00:00,692.4134,901.798546024814,alto,alto
2026-07-24 14:00:00,883.4134,910.4460024456246,alto,alto
2026-07-24 15:00:00,883.4134,923.1380265865936,alto,alto
2026-07-24 16:00:00,912.4134,949.2773117169712,alto,alto
2026-07-24 17:00:00,937.4134,963.476448924456,alto,alto
2026-07-24 18:00:00,952.4134,987.953953493998,alto,alto
2026-07-24 19:00:00,1012.4134,987.510000204216,alto,alto
2026-07-24 20:00:00,1012.4134,973.1400222329148,alto,alto
2026-07-24 21:00:00,952.4134,930.0567191058984,alto,alto
2026-07-24 22:00:00,912.4134,909.8046647881164,alto,alto
2026-07-24 23:00:00,883.4134,901.5313875243652,alto,alto
2026-07-25 00:00:00,692.47061,884.8946007514592,alto,alto
2026-07-25 01:00:00,685.99961,719.7906849553428,alto,alto
2026-07-25 02:00:00,685.99961,723.3798123352932,alto,alto
2026-07-25 03:00:00,685.99961,722.4639378125887,alto,alto
2026-07-25 04:00:00,695.99961,708.3497176101971,alto,alto
2026-07-25 05:00:00,645.99961,708.2608057856305,alto,alto
2026-07-25 06:00:00,645.99961,684.5397400045598,alto,alto
2026-07-25 07:00:00,635.99961,667.173535311103,alto,alto
2026-07-25 08:00:00,313.71361,628.728819876714,medio,alto
2026-07-25 09:00:00,295.99961,617.0316572496288,medio,alto
2026-07-25 10:00:00,295.99961,620.2188502249516,medio,alto
2026-07-25 11:00:00,626.74361,660.9421635548513,alto,alto
2026-07-25 12:00:00,635.99961,645.2244373557767,alto,alto
2026-07-25 13:00:00,635.99961,665.6657150873862,alto,alto
2026-07-25 14:00:00,635.99961,727.4100742578298,alto,alto
2026-07-25 15:00:00,645.99961,749.0997834299454,alto,alto
2026-07-25 16:00:00,775.99961,779.2595571680395,alto,alto
2026-07-25 17:00:00,775.99961,806.8549605622397,alto,alto
2026-07-25 18:00:00,935.99961,828.5033320383374,alto,alto
2026-07-25 19:00:00,935.99961,856.7418750935025,alto,alto
2026-07-25 20:00:00,935.99961,842.8298363926987,alto,alto
2026-07-25 21:00:00,880.99961,819.9020004519095,alto,alto
2026-07-25 22:00:00,775.99961,787.6997187235296,alto,alto
2026-07-25 23:00:00,775.99961,754.3280527258012,alto,alto
2026-07-26 00:00:00,656.43802,697.7517975365466,alto,alto
2026-07-26 01:00:00,656.43802,658.5621621189746,alto,alto
2026-07-26 02:00:00,646.43802,640.4063895688007,alto,alto
2026-07-26 03:00:00,646.43802,616.7474005455923,alto,alto
2026-07-26 04:00:00,646.43802,576.1336951316422,alto,alto
2026-07-26 05:00:00,646.43802,532.8911605132319,alto,alto
2026-07-26 06:00:00,616.43802,489.45970513976033,alto,alto
2026-07-26 07:00:00,156.43802,471.2558235861991,bajo,alto
2026-07-26 08:00:00,156.43802,397.8446368947781,bajo,medio
2026-07-26 09:00:00,156.43802,388.2984192682753,bajo,medio
2026-07-26 10:00:00,156.43802,397.5274637668449,bajo,medio
2026-07-26 11:00:00,156.43802,472.26412444890207,bajo,alto
2026-07-26 12:00:00,301.17402,493.4069502392729,medio,alto
2026-07-26 13:00:00,616.43802,524.9906199577957,alto,alto
2026-07-26 14:00:00,646.43802,551.7854498994553,alto,alto
2026-07-26 15:00:00,656.43802,582.10802062224,alto,alto
2026-07-26 16:00:00,656.43802,627.5310014093504,alto,alto
2026-07-26 17:00:00,694.83502,651.4252708210154,alto,alto
2026-07-26 18:00:00,786.43802,722.9131272227035,alto,alto
2026-07-26 19:00:00,796.43802,753.7964418116912,alto,alto
2026-07-26 20:00:00,786.43802,749.7505015967131,alto,alto
2026-07-26 21:00:00,786.43802,732.0089216406826,alto,alto
2026-07-26 22:00:00,776.43802,679.3255961584854,alto,alto
2026-07-26 23:00:00,656.43802,666.3339726272403,alto,alto
2026-07-27 00:00:00,593.78592,614.2212723086021,alto,alto
2026-07-27 01:00:00,593.78592,610.6311047521032,alto,alto
2026-07-27 02:00:00,592.78592,585.5145071181234,alto,alto
2026-07-27 03:00:00,592.78592,589.8766462874619,alto,alto
2026-07-27 04:00:00,593.78592,591.6089986158254,alto,alto
2026-07-27 05:00:00,593.78592,604.0141263335806,alto,alto
2026-07-27 06:00:00,593.78592,591.984256680058,alto,alto
2026-07-27 07:00:00,593.78592,493.0830378125466,alto,alto
2026-07-27 08:00:00,593.78592,473.73920214242094,alto,alto
2026-07-27 09:00:00,593.78592,482.2600413270736,alto,alto
2026-07-27 10:00:00,593.78592,497.24819177670815,alto,alto
2026-07-27 11:00:00,593.78592,521.2608464164256,alto,alto
2026-07-27 12:00:00,593.78592,581.5323445750209,alto,alto
2026-07-27 13:00:00,593.78592,690.1298389774299,alto,alto
2026-07-27 14:00:00,593.78592,736.3341493523383,alto,alto
2026-07-27 15:00:00,643.78592,774.0410613863713,alto,alto
2026-07-27 16:00:00,643.78592,812.298777021517,alto,alto
2026-07-27 17:00:00,683.78592,823.1421388216505,alto,alto
2026-07-27 18:00:00,713.78592,874.0873028370268,alto,alto
2026-07-27 19:00:00,713.78592,892.5042082404705,alto,alto
2026-07-27 20:00:00,713.78592,834.4275425743806,alto,alto
2026-07-27 21:00:00,683.78592,797.9641396779864,alto,alto
2026-07-27 22:00:00,673.78592,746.5227078492087,alto,alto
2026-07-27 23:00:00,613.78592,703.3852089569467,alto,alto
2026-07-28 00:00:00,644.01838,653.9470139161169,alto,alto
2026-07-28 01:00:00,644.01838,637.3106548051705,alto,alto
2026-07-28 02:00:00,644.01838,640.0479476751452,alto,alto
2026-07-28 03:00:00,644.01838,634.5092642435343,alto,alto
2026-07-28 04:00:00,644.01838,631.7089736590187,alto,alto
2026-07-28 05:00:00,644.51838,637.7776522019287,alto,alto
2026-07-28 06:00:00,644.01838,643.885280916643,alto,alto
2026-07-28 07:00:00,604.01838,642.8401603690334,alto,alto
2026-07-28 08:00:00,604.01838,642.3099630672472,alto,alto
2026-07-28 09:00:00,604.01838,643.3302819492105,alto,alto
2026-07-28 10:00:00,604.01838,658.502503777189,alto,alto
2026-07-28 11:00:00,604.01838,657.056663153797,alto,alto
2026-07-28 12:00:00,604.01838,675.4211919591753,alto,alto
2026-07-28 13:00:00,644.01838,680.6331722067821,alto,alto
2026-07-28 14:00:00,654.01838,691.6433167185024,alto,alto
2026-07-28 15:00:00,654.01838,720.4839083234339,alto,alto
2026-07-28 16:00:00,654.01838,739.3695850266735,alto,alto
2026-07-28 17:00:00,691.02838,765.7870417726019,alto,alto
2026-07-28 18:00:00,954.01838,810.7562755651757,alto,alto
2026-07-28 19:00:00,984.01838,831.014974397769,alto,alto
2026-07-28 20:00:00,1164.01838,775.2138115409318,alto,alto
2026-07-28 21:00:00,943.01838,730.2228450525507,alto,alto
2026-07-28 22:00:00,674.01838,701.7006183665685,alto,alto
2026-07-28 23:00:00,654.01838,689.0376799033464,alto,alto
2026-07-29 00:00:00,662.76372,677.3772713229058,alto,alto
2026-07-29 01:00:00,643.26372,666.6996286326428,alto,alto
2026-07-29 02:00:00,642.96372,669.6063449095476,alto,alto
2026-07-29 03:00:00,643.26372,665.5896263815438,alto,alto
2026-07-29 04:00:00,643.26372,664.0779387751065,alto,alto
2026-07-29 05:00:00,662.76372,664.2052286130023,alto,alto
2026-07-29 06:00:00,643.26372,666.9440774987937,alto,alto
2026-07-29 07:00:00,642.96372,657.3315109442802,alto,alto
2026-07-29 08:00:00,642.96372,662.7283838805168,alto,alto
2026-07-29 09:00:00,642.96372,656.5001768077083,alto,alto
2026-07-29 10:00:00,642.96372,669.4586134613338,alto,alto
2026-07-29 11:00:00,642.96372,668.5922353666163,alto,alto
2026-07-29 12:00:00,642.96372,683.8330195464979,alto,alto
2026-07-29 13:00:00,642.96372,713.1060720163823,alto,alto
2026-07-29 14:00:00,642.96372,732.9096726682725,alto,alto
2026-07-29 15:00:00,662.76372,759.7791094352118,alto,alto
2026-07-29 16:00:00,672.76372,772.2942572339277,alto,alto
2026-07-29 17:00:00,742.76372,805.4391344272536,alto,alto
2026-07-29 18:00:00,1002.76372,944.9488943544368,alto,alto
2026-07-29 19:00:00,1002.76372,973.1737090117152,alto,alto
2026-07-29 20:00:00,1002.76372,946.6197301227226,alto,alto
2026-07-29 21:00:00,991.76372,854.1077797930147,alto,alto
2026-07-29 22:00:00,742.76372,775.0394533316068,alto,alto
2026-07-29 23:00:00,689.73572,738.4140726178625,alto,alto
2026-07-30 00:00:00,893.34505,696.5142591989818,alto,alto
2026-07-30 01:00:00,893.34505,804.0817991567976,alto,alto
2026-07-30 02:00:00,893.34505,791.4628106488797,alto,alto
2026-07-30 03:00:00,893.34505,781.3858090815799,alto,alto
2026-07-30 04:00:00,992.84505,777.1792165707159,alto,alto
2026-07-30 05:00:00,992.84505,803.1555352356041,alto,alto
2026-07-30 06:00:00,992.84505,799.7392867450677,alto,alto
2026-07-30 07:00:00,893.34505,815.0740623014196,alto,alto
2026-07-30 08:00:00,743.34505,810.5465545755094,alto,alto
2026-07-30 09:00:00,743.34505,817.9239658359345,alto,alto
2026-07-30 10:00:00,893.34505,825.5256595452993,alto,alto
2026-07-30 11:00:00,893.34505,828.3604837839439,alto,alto
2026-07-30 12:00:00,893.34505,850.0152269108529,alto,alto
2026-07-30 13:00:00,893.34505,846.2070297748116,alto,alto
2026-07-30 14:00:00,992.84505,857.008296326031,alto,alto
2026-07-30 15:00:00,992.84505,879.9393444911102,alto,alto
2026-07-30 16:00:00,1003.34505,880.8358404652457,alto,alto
2026-07-30 17:00:00,1003.34505,907.7906859580648,alto,alto
2026-07-30 18:00:00,1199.34505,980.6913589379278,alto,alto
2026-07-30 19:00:00,1208.34505,987.2566253169266,alto,alto
2026-07-30 20:00:00,1199.34505,977.3109695072136,alto,alto
2026-07-30 21:00:00,1208.34505,948.936596897486,alto,alto
2026-07-30 22:00:00,1003.34505,882.1250959660897,alto,alto
2026-07-30 23:00:00,992.84505,854.3935497234273,alto,alto
2026-07-31 00:00:00,982.09867,905.2250810661506,alto,alto
2026-07-31 01:00:00,892.09867,965.1932918468856,alto,alto
2026-07-31 02:00:00,972.59867,962.7188066740424,alto,alto
2026-07-31 03:00:00,972.59867,960.7885635456316,alto,alto
2026-07-31 04:00:00,982.09867,986.0133054048656,alto,alto
2026-07-31 05:00:00,982.09867,985.523975622564,alto,alto
2026-07-31 06:00:00,982.09867,988.9854576199388,alto,alto
2026-07-31 07:00:00,892.09867,977.728181610506,alto,alto
2026-07-31 08:00:00,892.09867,947.0809769058922,alto,alto
2026-07-31 09:00:00,892.09867,955.300022140419,alto,alto
2026-07-31 10:00:00,892.09867,993.0074171846494,alto,alto
2026-07-31 11:00:00,892.09867,994.5236176169898,alto,alto
2026-07-31 12:00:00,892.09867,1005.0460891219948,alto,alto
2026-07-31 13:00:00,892.09867,1019.9242776090628,alto,alto
2026-07-31 14:00:00,982.09867,1052.4355867401528,alto,alto
2026-07-31 15:00:00,982.09867,1059.529637731823,alto,alto
2026-07-31 16:00:00,991.59867,1069.3558890536583,alto,alto
2026-07-31 17:00:00,991.59867,1090.937791881453,alto,alto
2026-07-31 18:00:00,1106.09867,1157.0801028641467,alto,alto
2026-07-31 19:00:00,1162.09867,1153.8181317424096,alto,alto
2026-07-31 20:00:00,1106.09867,1121.2964944906516,alto,alto
2026-07-31 21:00:00,1107.09867,1097.9648557547623,alto,alto
2026-07-31 22:00:00,991.59867,1039.7620448881491,alto,alto
2026-07-31 23:00:00,982.09867,1028.532020239414,alto,alto
2026-08-01 00:00:00,989.5918,1018.9975556560316,alto,alto
2026-08-01 01:00:00,989.5918,965.2001083168136,alto,alto
2026-08-01 02:00:00,989.5918,970.6780191544876,alto,alto
2026-08-01 03:00:00,985.0918,962.3584723134924,alto,alto
2026-08-01 04:00:00,989.5918,956.9595324921312,alto,alto
2026-08-01 05:00:00,989.5918,947.2446815943872,alto,alto
2026-08-01 06:00:00,989.5918,935.2649746406194,alto,alto
2026-08-01 07:00:00,985.0918,911.5737590540886,alto,alto
2026-08-01 08:00:00,650.0918,906.0464012263524,alto,alto
2026-08-01 09:00:00,890.5918,908.4380768157696,alto,alto
2026-08-01 10:00:00,890.5918,913.1668789952244,alto,alto
2026-08-01 11:00:00,890.5918,913.4418997673448,alto,alto
2026-08-01 12:00:00,890.5918,925.3853889662466,alto,alto
2026-08-01 13:00:00,890.5918,932.453741565357,alto,alto
2026-08-01 14:00:00,985.0918,967.0278370958312,alto,alto
2026-08-01 15:00:00,989.5918,975.8536402595516,alto,alto
2026-08-01 16:00:00,989.5918,991.468388358359,alto,alto
2026-08-01 17:00:00,990.0918,1007.5880394390074,alto,alto
2026-08-01 18:00:00,1015.0918,1053.4630272850522,alto,alto
2026-08-01 19:00:00,1050.0918,1073.2996560550528,alto,alto
2026-08-01 20:00:00,1040.0918,1053.3327070827131,alto,alto
2026-08-01 21:00:00,1050.0918,1038.8149180268683,alto,alto
2026-08-01 22:00:00,1015.0918,1006.349647099067,alto,alto
2026-08-01 23:00:00,990.0918,1001.922630809576,alto,alto
2026-08-02 00:00:00,942.6046,998.3044793745842,alto,alto
2026-08-02 01:00:00,942.6046,954.435237518698,alto,alto
2026-08-02 02:00:00,722.6046,959.118176859418,alto,alto
2026-08-02 03:00:00,893.1046,958.043635876666,alto,alto
2026-08-02 04:00:00,893.1046,951.5479796390898,alto,alto
2026-08-02 05:00:00,942.6046,944.2282503326774,alto,alto
2026-08-02 06:00:00,652.6046,934.5252418942774,alto,alto
2026-08-02 07:00:00,622.6046,926.7064404206224,alto,alto
2026-08-02 08:00:00,492.6046,842.8929499887435,alto,alto
2026-08-02 09:00:00,241.0846,891.3234191870295,medio,alto
2026-08-02 10:00:00,369.8146,891.2828292446657,medio,alto
2026-08-02 11:00:00,492.6046,883.0455165431208,alto,alto
2026-08-02 12:00:00,492.6046,883.0515317619962,alto,alto
2026-08-02 13:00:00,622.6046,892.1175538424093,alto,alto
2026-08-02 14:00:00,622.6046,918.363825111659,alto,alto
2026-08-02 15:00:00,642.6046,935.836421433534,alto,alto
2026-08-02 16:00:00,942.6046,947.8980602482007,alto,alto
2026-08-02 17:00:00,992.1046,959.897604959668,alto,alto
2026-08-02 18:00:00,992.1046,978.307645177296,alto,alto
2026-08-02 19:00:00,992.1046,995.4934647115798,alto,alto
2026-08-02 20:00:00,1017.6046,991.4979291405904,alto,alto
2026-08-02 21:00:00,1017.6046,995.6930823619904,alto,alto
2026-08-02 22:00:00,992.1046,982.2711849441582,alto,alto
2026-08-02 23:00:00,992.1046,977.7765703460516,alto,alto
2026-08-03 00:00:00,989.52102,961.768657030486,alto,alto
2026-08-03 01:00:00,989.52102,978.350504279594,alto,alto
2026-08-03 02:00:00,989.52102,919.3016949020852,alto,alto
2026-08-03 03:00:00,989.52102,948.9265995468636,alto,alto
2026-08-03 04:00:00,995.02102,937.4413206021808,alto,alto
2026-08-03 05:00:00,989.52102,932.268602947698,alto,alto
2026-08-03 06:00:00,989.52102,855.0061621074377,alto,alto
2026-08-03 07:00:00,989.52102,837.1786853342232,alto,alto
2026-08-03 08:00:00,989.52102,826.4604730156059,alto,alto
2026-08-03 09:00:00,989.52102,794.9687930889975,alto,alto
2026-08-03 10:00:00,989.52102,837.0732848637158,alto,alto
2026-08-03 11:00:00,989.52102,880.0135152978366,alto,alto
2026-08-03 12:00:00,989.52102,902.4037612454748,alto,alto
2026-08-03 13:00:00,989.52102,950.4396491593463,alto,alto
2026-08-03 14:00:00,995.02102,975.701855930582,alto,alto
2026-08-03 15:00:00,1001.02102,994.8503917085504,alto,alto
2026-08-03 16:00:00,1020.02102,1057.4770113651623,alto,alto
2026-08-03 17:00:00,1020.02102,1086.7943235245452,alto,alto
2026-08-03 18:00:00,1025.02102,1108.1216276691014,alto,alto
2026-08-03 19:00:00,1050.02102,1122.352607505225,alto,alto
2026-08-03 20:00:00,1025.02102,1120.5390254161016,alto,alto
2026-08-03 21:00:00,1025.02102,1103.3329449409573,alto,alto
2026-08-03 22:00:00,1020.02102,1066.687518502487,alto,alto
2026-08-03 23:00:00,995.02102,1045.7234249033504,alto,alto
2026-08-04 00:00:00,1024.02798,1032.9418692884517,alto,alto
2026-08-04 01:00:00,1021.02798,1015.8965373080008,alto,alto
2026-08-04 02:00:00,1021.02798,1010.3996269512412,alto,alto
2026-08-04 03:00:00,980.02798,1009.6684657951946,alto,alto
2026-08-04 04:00:00,1018.22798,1001.6995579932776,alto,alto
2026-08-04 05:00:00,1024.02798,998.07304355809,alto,alto
2026-08-04 06:00:00,1024.02798,997.1590052030512,alto,alto
2026-08-04 07:00:00,980.02798,987.8671308243412,alto,alto
2026-08-04 08:00:00,686.89998,992.1604848538504,alto,alto
2026-08-04 09:00:00,816.13198,994.3443321475684,alto,alto
2026-08-04 10:00:00,980.02798,990.9527245492172,alto,alto
2026-08-04 11:00:00,1021.02798,998.4071996980985,alto,alto
2026-08-04 12:00:00,980.02798,997.1796945737512,alto,alto
2026-08-04 13:00:00,1021.02798,1000.604740177715,alto,alto
2026-08-04 14:00:00,1024.02798,1013.3578860406744,alto,alto
2026-08-04 15:00:00,1024.02798,1015.7356454239888,alto,alto
2026-08-04 16:00:00,1049.52798,1023.9133047722532,alto,alto
2026-08-04 17:00:00,1024.02798,1028.7320030960911,alto,alto
2026-08-04 18:00:00,1050.02798,1037.389141435793,alto,alto
2026-08-04 19:00:00,1060.02798,1047.545643364043,alto,alto
2026-08-04 20:00:00,1060.02798,1035.8536209289452,alto,alto
2026-08-04 21:00:00,1060.02798,1026.1333036895114,alto,alto
2026-08-04 22:00:00,1024.02798,1016.9177338962548,alto,alto
2026-08-04 23:00:00,1024.02798,1007.5766614692312,alto,alto
2026-08-05 00:00:00,1024.0,1012.7376887310418,alto,alto
