fecha_hora,generacion_kwh
2026-01-01 00:00:00,8518585.3
2026-01-01 01:00:00,8457018.23
2026-01-01 02:00:00,8331631.01
2026-01-01 03:00:00,8176273.02
2026-01-01 04:00:00,8042190.81
2026-01-01 05:00:00,7928634.55
2026-01-01 06:00:00,7501128.23
2026-01-01 07:00:00,7327605.35
2026-01-01 08:00:00,7391857.86
2026-01-01 09:00:00,7468771.46
2026-01-01 10:00:00,7434687.28
2026-01-01 11:00:00,7670846.53
2026-01-01 12:00:00,7883940.07
2026-01-01 13:00:00,8006441.84
2026-01-01 14:00:00,8034652.87
2026-01-01 15:00:00,8030775.18
2026-01-01 16:00:00,8033728.55
2026-01-01 17:00:00,8202095.04
2026-01-01 18:00:00,9069383.5
2026-01-01 19:00:00,9384805.26
2026-01-01 20:00:00,9132857.11
2026-01-01 21:00:00,8913203.78
2026-01-01 22:00:00,8665825.07
2026-01-01 23:00:00,8367882.81
2026-01-02 00:00:00,8225385.73
2026-01-02 01:00:00,8023855.7
2026-01-02 02:00:00,7699256.41
2026-01-02 03:00:00,7583517.07
2026-01-02 04:00:00,7612731.7
2026-01-02 05:00:00,7736342.93
2026-01-02 06:00:00,7767531.69
2026-01-02 07:00:00,8135437.43
2026-01-02 08:00:00,8530829.05
2026-01-02 09:00:00,9061144.68
2026-01-02 10:00:00,9411562.42
2026-01-02 11:00:00,9600924.33
2026-01-02 12:00:00,9778693.18
2026-01-02 13:00:00,9827167.58
2026-01-02 14:00:00,9958634.59
2026-01-02 15:00:00,9980652.79
2026-01-02 16:00:00,9912237.54
2026-01-02 17:00:00,9942941.97
2026-01-02 18:00:00,10583862.62
2026-01-02 19:00:00,10641268.66
2026-01-02 20:00:00,10466469.47
2026-01-02 21:00:00,10176577.23
2026-01-02 22:00:00,9747116.21
2026-01-02 23:00:00,9300881.19
2026-01-03 00:00:00,8917969.46
2026-01-03 01:00:00,8589997.04
2026-01-03 02:00:00,8383112.9
2026-01-03 03:00:00,8217517.89
2026-01-03 04:00:00,8194039.46
2026-01-03 05:00:00,8260427.73
2026-01-03 06:00:00,8256457.49
2026-01-03 07:00:00,8513482.51
2026-01-03 08:00:00,8875413.79
2026-01-03 09:00:00,9159868.9
2026-01-03 10:00:00,9357586.19
2026-01-03 11:00:00,9556197.48
2026-01-03 12:00:00,9670895.77
2026-01-03 13:00:00,9696120.58
2026-01-03 14:00:00,9586516.06
2026-01-03 15:00:00,9643959.19
2026-01-03 16:00:00,9662206.32
2026-01-03 17:00:00,9782547.29
2026-01-03 18:00:00,10417406.08
2026-01-03 19:00:00,10471626.5
2026-01-03 20:00:00,10316555.77
2026-01-03 21:00:00,10018420.87
2026-01-03 22:00:00,9598279.82
2026-01-03 23:00:00,9192063.76
2026-01-04 00:00:00,8803081.13
2026-01-04 01:00:00,8529343.65
2026-01-04 02:00:00,8312462.83
2026-01-04 03:00:00,8155037.69
2026-01-04 04:00:00,8078785.9
2026-01-04 05:00:00,7962862.27
2026-01-04 06:00:00,7671420.07
2026-01-04 07:00:00,7829002.45
2026-01-04 08:00:00,8135710.3
2026-01-04 09:00:00,8362189.76
2026-01-04 10:00:00,8648856.96
2026-01-04 11:00:00,8886438.94
2026-01-04 12:00:00,9059713.35
2026-01-04 13:00:00,9016767.17
2026-01-04 14:00:00,8990095.14
2026-01-04 15:00:00,8943509.94
2026-01-04 16:00:00,8916826.67
2026-01-04 17:00:00,9061575.88
2026-01-04 18:00:00,9848973.84
2026-01-04 19:00:00,10062694.49
2026-01-04 20:00:00,9991531.25
2026-01-04 21:00:00,9731347.82
2026-01-04 22:00:00,9431028.43
2026-01-04 23:00:00,8994798.43
2026-01-05 00:00:00,8606719.45
2026-01-05 01:00:00,8339012.57
2026-01-05 02:00:00,8155397.87
2026-01-05 03:00:00,8029106.53
2026-01-05 04:00:00,8110549.75
2026-01-05 05:00:00,8369293.87
2026-01-05 06:00:00,8574075.56
2026-01-05 07:00:00,9014924.16
2026-01-05 08:00:00,9450049.87
2026-01-05 09:00:00,9733250.27
2026-01-05 10:00:00,10072915.62
2026-01-05 11:00:00,10374902.85
2026-01-05 12:00:00,10421975.67
2026-01-05 13:00:00,10523955.33
2026-01-05 14:00:00,10640701.13
2026-01-05 15:00:00,10699773.68
2026-01-05 16:00:00,10597582.41
2026-01-05 17:00:00,10522763.47
2026-01-05 18:00:00,11090982.43
2026-01-05 19:00:00,11153753.03
2026-01-05 20:00:00,10919712.38
2026-01-05 21:00:00,10557922.72
2026-01-05 22:00:00,10003992.29
2026-01-05 23:00:00,9483340.9
2026-01-06 00:00:00,9059197.95
2026-01-06 01:00:00,8761520.22
2026-01-06 02:00:00,8512432.55
2026-01-06 03:00:00,8339863.96
2026-01-06 04:00:00,8443465.63
2026-01-06 05:00:00,8668371.58
2026-01-06 06:00:00,8827667.68
2026-01-06 07:00:00,9231017.98
2026-01-06 08:00:00,9626777.78
2026-01-06 09:00:00,9952839.87
2026-01-06 10:00:00,10161022.07
2026-01-06 11:00:00,10447540.91
2026-01-06 12:00:00,10449109.59
2026-01-06 13:00:00,10523870.45
2026-01-06 14:00:00,10656132.11
2026-01-06 15:00:00,10669725.93
2026-01-06 16:00:00,10618738.16
2026-01-06 17:00:00,10555044.29
2026-01-06 18:00:00,11132866.59
2026-01-06 19:00:00,11108254.77
2026-01-06 20:00:00,10840641.14
2026-01-06 21:00:00,10469389.62
2026-01-06 22:00:00,9941172.98
2026-01-06 23:00:00,9502425.84
2026-01-07 00:00:00,9093534.76
2026-01-07 01:00:00,8788202.36
2026-01-07 02:00:00,8524088.71
2026-01-07 03:00:00,8418466.84
2026-01-07 04:00:00,8527341.87
2026-01-07 05:00:00,8721478.4
2026-01-07 06:00:00,8843215.41
2026-01-07 07:00:00,9268958.18
2026-01-07 08:00:00,9648850.69
2026-01-07 09:00:00,9832916.16
2026-01-07 10:00:00,10221891.97
2026-01-07 11:00:00,10584224.18
2026-01-07 12:00:00,10635419.49
2026-01-07 13:00:00,10704860.54
2026-01-07 14:00:00,10891069.83
2026-01-07 15:00:00,10964266.8
2026-01-07 16:00:00,10883139.55
2026-01-07 17:00:00,10733852.51
2026-01-07 18:00:00,11263229.69
2026-01-07 19:00:00,11361462.85
2026-01-07 20:00:00,11087849.45
2026-01-07 21:00:00,10673272.92
2026-01-07 22:00:00,10201453.0
2026-01-07 23:00:00,9663910.44
2026-01-08 00:00:00,9244007.25
2026-01-08 01:00:00,8923219.46
2026-01-08 02:00:00,8688507.15
2026-01-08 03:00:00,8551382.32
2026-01-08 04:00:00,8608350.63
2026-01-08 05:00:00,8826286.54
2026-01-08 06:00:00,8991269.51
2026-01-08 07:00:00,9434980.4
2026-01-08 08:00:00,9846018.22
2026-01-08 09:00:00,10075297.76
2026-01-08 10:00:00,10325473.49
2026-01-08 11:00:00,10627878.23
2026-01-08 12:00:00,10706336.94
2026-01-08 13:00:00,10836814.83
2026-01-08 14:00:00,11002923.48
2026-01-08 15:00:00,11025801.78
2026-01-08 16:00:00,10975845.41
2026-01-08 17:00:00,10829941.42
2026-01-08 18:00:00,11426596.67
2026-01-08 19:00:00,11471548.8
2026-01-08 20:00:00,11195243.44
2026-01-08 21:00:00,10777089.49
2026-01-08 22:00:00,10259584.78
2026-01-08 23:00:00,9767377.13
2026-01-09 00:00:00,9360605.34
2026-01-09 01:00:00,9066708.61
2026-01-09 02:00:00,8832417.99
2026-01-09 03:00:00,8707741.01
2026-01-09 04:00:00,8750132.73
2026-01-09 05:00:00,8933978.57
2026-01-09 06:00:00,9117419.29
2026-01-09 07:00:00,9556234.68
2026-01-09 08:00:00,9907191.11
2026-01-09 09:00:00,10144379.97
2026-01-09 10:00:00,10474744.32
2026-01-09 11:00:00,10757624.54
2026-01-09 12:00:00,10858317.77
2026-01-09 13:00:00,10956964.76
2026-01-09 14:00:00,11154019.25
2026-01-09 15:00:00,11213714.85
2026-01-09 16:00:00,11129306.5
2026-01-09 17:00:00,10945995.51
2026-01-09 18:00:00,11453990.72
2026-01-09 19:00:00,11490936.83
2026-01-09 20:00:00,11223543.12
2026-01-09 21:00:00,10838757.66
2026-01-09 22:00:00,10340708.75
2026-01-09 23:00:00,9817716.03
2026-01-10 00:00:00,9288794.52
2026-01-10 01:00:00,8950355.54
2026-01-10 02:00:00,8685131.53
2026-01-10 03:00:00,8448963.45
2026-01-10 04:00:00,8330953.46
2026-01-10 05:00:00,8406339.17
2026-01-10 06:00:00,8447038.06
2026-01-10 07:00:00,8799590.89
2026-01-10 08:00:00,9459442.31
2026-01-10 09:00:00,9767650.86
2026-01-10 10:00:00,9993294.83
2026-01-10 11:00:00,10180950.93
2026-01-10 12:00:00,10226257.48
2026-01-10 13:00:00,10251323.56
2026-01-10 14:00:00,10214732.47
2026-01-10 15:00:00,10244172.98
2026-01-10 16:00:00,10230087.02
2026-01-10 17:00:00,10263251.23
2026-01-10 18:00:00,10874310.47
2026-01-10 19:00:00,10923784.63
2026-01-10 20:00:00,10636591.9
2026-01-10 21:00:00,10258641.13
2026-01-10 22:00:00,9894214.13
2026-01-10 23:00:00,9472205.51
2026-01-11 00:00:00,9078019.32
2026-01-11 01:00:00,8758974.57
2026-01-11 02:00:00,8535491.8
2026-01-11 03:00:00,8371770.64
2026-01-11 04:00:00,8261375.54
2026-01-11 05:00:00,8227421.75
2026-01-11 06:00:00,8002267.21
2026-01-11 07:00:00,8096626.97
2026-01-11 08:00:00,8353131.86
2026-01-11 09:00:00,8562956.58
2026-01-11 10:00:00,8751005.67
2026-01-11 11:00:00,9004680.14
2026-01-11 12:00:00,9178652.88
2026-01-11 13:00:00,9258782.14
2026-01-11 14:00:00,9253074.96
2026-01-11 15:00:00,9212576.11
2026-01-11 16:00:00,9238226.43
2026-01-11 17:00:00,9375947.91
2026-01-11 18:00:00,10044864.61
2026-01-11 19:00:00,10178486.87
2026-01-11 20:00:00,9896026.35
2026-01-11 21:00:00,9813370.51
2026-01-11 22:00:00,9503515.47
2026-01-11 23:00:00,9105093.02
2026-01-12 00:00:00,8730495.13
2026-01-12 01:00:00,8505910.92
2026-01-12 02:00:00,8229905.83
2026-01-12 03:00:00,7939516.86
2026-01-12 04:00:00,7773036.66
2026-01-12 05:00:00,7821065.16
2026-01-12 06:00:00,7686614.44
2026-01-12 07:00:00,7826797.47
2026-01-12 08:00:00,8341031.16
2026-01-12 09:00:00,8735975.99
2026-01-12 10:00:00,9010331.59
2026-01-12 11:00:00,9333194.26
2026-01-12 12:00:00,9541628.87
2026-01-12 13:00:00,9506581.7
2026-01-12 14:00:00,9461333.04
2026-01-12 15:00:00,9457608.43
2026-01-12 16:00:00,9464597.87
2026-01-12 17:00:00,9558276.32
2026-01-12 18:00:00,10296902.46
2026-01-12 19:00:00,10497116.4
2026-01-12 20:00:00,10376997.05
2026-01-12 21:00:00,10063145.83
2026-01-12 22:00:00,9627892.7
2026-01-12 23:00:00,9147181.73
2026-01-13 00:00:00,8765987.56
2026-01-13 01:00:00,8498916.04
2026-01-13 02:00:00,8318331.22
2026-01-13 03:00:00,8217326.32
2026-01-13 04:00:00,8332643.39
2026-01-13 05:00:00,8648065.06
2026-01-13 06:00:00,8951710.14
2026-01-13 07:00:00,9455568.08
2026-01-13 08:00:00,9937804.58
2026-01-13 09:00:00,10154912.55
2026-01-13 10:00:00,10473841.52
2026-01-13 11:00:00,10789844.07
2026-01-13 12:00:00,10798872.8
2026-01-13 13:00:00,10783286.92
2026-01-13 14:00:00,10952528.75
2026-01-13 15:00:00,10977285.61
2026-01-13 16:00:00,10930029.75
2026-01-13 17:00:00,10787872.0
2026-01-13 18:00:00,11248776.61
2026-01-13 19:00:00,11372631.83
2026-01-13 20:00:00,11172055.59
2026-01-13 21:00:00,10702289.35
2026-01-13 22:00:00,10109884.41
2026-01-13 23:00:00,9554615.68
2026-01-14 00:00:00,9086165.97
2026-01-14 01:00:00,8806952.6
2026-01-14 02:00:00,8637475.28
2026-01-14 03:00:00,8552866.12
2026-01-14 04:00:00,8638841.91
2026-01-14 05:00:00,8908918.03
2026-01-14 06:00:00,9167324.48
2026-01-14 07:00:00,9587071.96
2026-01-14 08:00:00,10055572.73
2026-01-14 09:00:00,10246279.96
2026-01-14 10:00:00,10576198.5
2026-01-14 11:00:00,10846723.02
2026-01-14 12:00:00,10815931.03
2026-01-14 13:00:00,10827656.22
2026-01-14 14:00:00,11036650.99
2026-01-14 15:00:00,11075297.53
2026-01-14 16:00:00,11047723.04
2026-01-14 17:00:00,10895649.06
2026-01-14 18:00:00,11421395.76
2026-01-14 19:00:00,11611858.42
2026-01-14 20:00:00,11396495.5
2026-01-14 21:00:00,10937143.86
2026-01-14 22:00:00,10319355.2
2026-01-14 23:00:00,9648605.68
2026-01-15 00:00:00,8951989.89
2026-01-15 01:00:00,8691335.64
2026-01-15 02:00:00,8471024.71
2026-01-15 03:00:00,8340623.38
2026-01-15 04:00:00,8446414.57
2026-01-15 05:00:00,8725707.03
2026-01-15 06:00:00,8984271.73
2026-01-15 07:00:00,9420098.58
2026-01-15 08:00:00,9825921.02
2026-01-15 09:00:00,10209645.16
2026-01-15 10:00:00,10667853.95
2026-01-15 11:00:00,11017689.08
2026-01-15 12:00:00,10995807.26
2026-01-15 13:00:00,11057524.05
2026-01-15 14:00:00,11038141.26
2026-01-15 15:00:00,11028207.01
2026-01-15 16:00:00,10923603.37
2026-01-15 17:00:00,10745144.91
2026-01-15 18:00:00,11302850.22
2026-01-15 19:00:00,11542773.97
2026-01-15 20:00:00,11347560.84
2026-01-15 21:00:00,10848346.99
2026-01-15 22:00:00,10245047.43
2026-01-15 23:00:00,9486739.43
2026-01-16 00:00:00,8987428.65
2026-01-16 01:00:00,8670042.4
2026-01-16 02:00:00,8407204.53
2026-01-16 03:00:00,8271869.07
2026-01-16 04:00:00,8383763.35
2026-01-16 05:00:00,8646584.07
2026-01-16 06:00:00,8911264.16
2026-01-16 07:00:00,9378015.2
2026-01-16 08:00:00,9991438.32
2026-01-16 09:00:00,10344944.35
2026-01-16 10:00:00,10774559.71
2026-01-16 11:00:00,11070933.64
2026-01-16 12:00:00,11058986.79
2026-01-16 13:00:00,11087191.11
2026-01-16 14:00:00,11304792.67
2026-01-16 15:00:00,11332113.84
2026-01-16 16:00:00,11084403.25
2026-01-16 17:00:00,10929270.93
2026-01-16 18:00:00,11492713.34
2026-01-16 19:00:00,11646184.07
2026-01-16 20:00:00,11411259.22
2026-01-16 21:00:00,10985544.77
2026-01-16 22:00:00,10414659.79
2026-01-16 23:00:00,9795969.05
2026-01-17 00:00:00,9302413.27
2026-01-17 01:00:00,9000708.73
2026-01-17 02:00:00,8789173.72
2026-01-17 03:00:00,8644149.79
2026-01-17 04:00:00,8622696.69
2026-01-17 05:00:00,8752832.65
2026-01-17 06:00:00,8847651.85
2026-01-17 07:00:00,9224648.87
2026-01-17 08:00:00,9676660.98
2026-01-17 09:00:00,9993386.39
2026-01-17 10:00:00,10361081.89
2026-01-17 11:00:00,10609999.94
2026-01-17 12:00:00,10580950.21
2026-01-17 13:00:00,10514444.74
2026-01-17 14:00:00,10537075.42
2026-01-17 15:00:00,10346252.41
2026-01-17 16:00:00,10256550.2
2026-01-17 17:00:00,10259781.56
2026-01-17 18:00:00,11024097.28
2026-01-17 19:00:00,11036074.7
2026-01-17 20:00:00,10729435.68
2026-01-17 21:00:00,10379713.96
2026-01-17 22:00:00,10151895.01
2026-01-17 23:00:00,9513786.92
2026-01-18 00:00:00,9022212.38
2026-01-18 01:00:00,8654346.5
2026-01-18 02:00:00,8493582.15
2026-01-18 03:00:00,8399994.17
2026-01-18 04:00:00,8235559.59
2026-01-18 05:00:00,8145861.75
2026-01-18 06:00:00,7937720.9
2026-01-18 07:00:00,7908906.47
2026-01-18 08:00:00,8131397.0
2026-01-18 09:00:00,8445419.48
2026-01-18 10:00:00,8721684.74
2026-01-18 11:00:00,9061864.31
2026-01-18 12:00:00,9326221.37
2026-01-18 13:00:00,9479308.91
2026-01-18 14:00:00,9619673.79
2026-01-18 15:00:00,9641098.5
2026-01-18 16:00:00,9619228.94
2026-01-18 17:00:00,9709211.83
2026-01-18 18:00:00,10428019.53
2026-01-18 19:00:00,10719593.91
2026-01-18 20:00:00,10559960.37
2026-01-18 21:00:00,10372248.37
2026-01-18 22:00:00,10034700.28
2026-01-18 23:00:00,9564034.5
2026-01-19 00:00:00,9165470.95
2026-01-19 01:00:00,8840268.05
2026-01-19 02:00:00,8641279.32
2026-01-19 03:00:00,8558064.95
2026-01-19 04:00:00,8586180.01
2026-01-19 05:00:00,8892977.03
2026-01-19 06:00:00,9019051.82
2026-01-19 07:00:00,9654190.28
2026-01-19 08:00:00,10283371.64
2026-01-19 09:00:00,10630529.46
2026-01-19 10:00:00,11035840.3
2026-01-19 11:00:00,11222458.99
2026-01-19 12:00:00,11175534.86
2026-01-19 13:00:00,11287359.03
2026-01-19 14:00:00,11527860.89
2026-01-19 15:00:00,11587265.12
2026-01-19 16:00:00,11432421.58
2026-01-19 17:00:00,11200615.58
2026-01-19 18:00:00,11641875.41
2026-01-19 19:00:00,11835309.75
2026-01-19 20:00:00,11596350.02
2026-01-19 21:00:00,11011009.72
2026-01-19 22:00:00,10394723.25
2026-01-19 23:00:00,9762958.45
2026-01-20 00:00:00,9241509.9
2026-01-20 01:00:00,8940968.39
2026-01-20 02:00:00,8742167.37
2026-01-20 03:00:00,8651768.19
2026-01-20 04:00:00,8745572.47
2026-01-20 05:00:00,9049386.06
2026-01-20 06:00:00,9254103.85
2026-01-20 07:00:00,9659940.49
2026-01-20 08:00:00,10079971.22
2026-01-20 09:00:00,10349739.29
2026-01-20 10:00:00,10713447.34
2026-01-20 11:00:00,11014398.02
2026-01-20 12:00:00,11015851.22
2026-01-20 13:00:00,11105061.45
2026-01-20 14:00:00,11343379.49
2026-01-20 15:00:00,11422895.01
2026-01-20 16:00:00,11287865.17
2026-01-20 17:00:00,11030900.47
2026-01-20 18:00:00,11467372.86
2026-01-20 19:00:00,11631651.12
2026-01-20 20:00:00,11416531.97
2026-01-20 21:00:00,10994475.4
2026-01-20 22:00:00,10447660.55
2026-01-20 23:00:00,9865835.81
2026-01-21 00:00:00,9386727.71
2026-01-21 01:00:00,9138880.74
2026-01-21 02:00:00,8909199.31
2026-01-21 03:00:00,8748202.23
2026-01-21 04:00:00,8841402.28
2026-01-21 05:00:00,9176115.12
2026-01-21 06:00:00,9381996.95
2026-01-21 07:00:00,9744717.25
2026-01-21 08:00:00,10116540.16
2026-01-21 09:00:00,10435848.46
2026-01-21 10:00:00,10632942.65
2026-01-21 11:00:00,11042540.41
2026-01-21 12:00:00,11179155.48
2026-01-21 13:00:00,11290323.34
2026-01-21 14:00:00,11532707.6
2026-01-21 15:00:00,11565833.98
2026-01-21 16:00:00,11460994.63
2026-01-21 17:00:00,11253823.35
2026-01-21 18:00:00,11765718.97
2026-01-21 19:00:00,11892941.96
2026-01-21 20:00:00,11692642.96
2026-01-21 21:00:00,11268358.18
2026-01-21 22:00:00,10674857.8
2026-01-21 23:00:00,10024955.94
2026-01-22 00:00:00,9573327.74
2026-01-22 01:00:00,9268534.18
2026-01-22 02:00:00,9052958.85
2026-01-22 03:00:00,8904153.11
2026-01-22 04:00:00,8980418.16
2026-01-22 05:00:00,9311708.73
2026-01-22 06:00:00,9593083.87
2026-01-22 07:00:00,10047911.87
2026-01-22 08:00:00,10527061.61
2026-01-22 09:00:00,10773716.57
2026-01-22 10:00:00,11082020.23
2026-01-22 11:00:00,11345894.86
2026-01-22 12:00:00,11290545.1
2026-01-22 13:00:00,11367337.34
2026-01-22 14:00:00,11635601.07
2026-01-22 15:00:00,11590611.53
2026-01-22 16:00:00,11426542.11
2026-01-22 17:00:00,11194227.32
2026-01-22 18:00:00,11555196.51
2026-01-22 19:00:00,11587189.56
2026-01-22 20:00:00,11325594.5
2026-01-22 21:00:00,10849841.4
2026-01-22 22:00:00,10249040.72
2026-01-22 23:00:00,9646160.31
2026-01-23 00:00:00,9117483.43
2026-01-23 01:00:00,8787564.2
2026-01-23 02:00:00,8526246.88
2026-01-23 03:00:00,8425650.5
2026-01-23 04:00:00,8492432.22
2026-01-23 05:00:00,8831563.73
2026-01-23 06:00:00,9126194.81
2026-01-23 07:00:00,9559100.21
2026-01-23 08:00:00,10034771.16
2026-01-23 09:00:00,10311095.04
2026-01-23 10:00:00,10577434.44
2026-01-23 11:00:00,10804296.9
2026-01-23 12:00:00,10811139.77
2026-01-23 13:00:00,10930926.5
2026-01-23 14:00:00,11175306.87
2026-01-23 15:00:00,11268727.26
2026-01-23 16:00:00,11104646.37
2026-01-23 17:00:00,10853491.71
2026-01-23 18:00:00,11394515.9
2026-01-23 19:00:00,11513625.33
2026-01-23 20:00:00,11243090.68
2026-01-23 21:00:00,10785709.52
2026-01-23 22:00:00,10241673.58
2026-01-23 23:00:00,9708341.89
2026-01-24 00:00:00,9257115.69
2026-01-24 01:00:00,8936395.03
2026-01-24 02:00:00,8660926.83
2026-01-24 03:00:00,8506233.26
2026-01-24 04:00:00,8485110.65
2026-01-24 05:00:00,8617721.22
2026-01-24 06:00:00,8693396.05
2026-01-24 07:00:00,9081536.72
2026-01-24 08:00:00,9575444.05
2026-01-24 09:00:00,9905177.89
2026-01-24 10:00:00,10184384.42
2026-01-24 11:00:00,10384733.74
2026-01-24 12:00:00,10320220.86
2026-01-24 13:00:00,10253212.37
2026-01-24 14:00:00,10200277.5
2026-01-24 15:00:00,10223908.3
2026-01-24 16:00:00,10186941.37
2026-01-24 17:00:00,10198781.21
2026-01-24 18:00:00,10769253.86
2026-01-24 19:00:00,10863770.87
2026-01-24 20:00:00,10610140.45
2026-01-24 21:00:00,10212780.74
2026-01-24 22:00:00,9750228.98
2026-01-24 23:00:00,9271151.7
2026-01-25 00:00:00,8842439.46
2026-01-25 01:00:00,8518377.34
2026-01-25 02:00:00,8278440.71
2026-01-25 03:00:00,8078000.18
2026-01-25 04:00:00,7980083.83
2026-01-25 05:00:00,7965523.48
2026-01-25 06:00:00,7768665.85
2026-01-25 07:00:00,7885964.03
2026-01-25 08:00:00,8252728.1
2026-01-25 09:00:00,8499506.89
2026-01-25 10:00:00,8724281.49
2026-01-25 11:00:00,9010121.36
2026-01-25 12:00:00,9206149.02
2026-01-25 13:00:00,9304173.74
2026-01-25 14:00:00,9271589.43
2026-01-25 15:00:00,9158015.91
2026-01-25 16:00:00,9227181.25
2026-01-25 17:00:00,9389553.92
2026-01-25 18:00:00,10133318.52
2026-01-25 19:00:00,10446603.24
2026-01-25 20:00:00,10329178.81
2026-01-25 21:00:00,10053705.84
2026-01-25 22:00:00,9614408.56
2026-01-25 23:00:00,9102657.15
2026-01-26 00:00:00,8725993.35
2026-01-26 01:00:00,8420685.36
2026-01-26 02:00:00,8207720.46
2026-01-26 03:00:00,8121076.57
2026-01-26 04:00:00,8291839.05
2026-01-26 05:00:00,8755585.61
2026-01-26 06:00:00,9008248.8
2026-01-26 07:00:00,9418636.03
2026-01-26 08:00:00,9952505.72
2026-01-26 09:00:00,10220448.18
2026-01-26 10:00:00,10502295.28
2026-01-26 11:00:00,10808188.79
2026-01-26 12:00:00,10699486.91
2026-01-26 13:00:00,10940482.23
2026-01-26 14:00:00,11147194.27
2026-01-26 15:00:00,11197992.67
2026-01-26 16:00:00,11120287.47
2026-01-26 17:00:00,10908200.53
2026-01-26 18:00:00,11378106.97
2026-01-26 19:00:00,11591754.05
2026-01-26 20:00:00,11396227.09
2026-01-26 21:00:00,10950546.54
2026-01-26 22:00:00,10250347.96
2026-01-26 23:00:00,9635521.22
2026-01-27 00:00:00,9158436.17
2026-01-27 01:00:00,8866969.16
2026-01-27 02:00:00,8652639.32
2026-01-27 03:00:00,8543742.42
2026-01-27 04:00:00,8723393.8
2026-01-27 05:00:00,9146469.11
2026-01-27 06:00:00,9351308.95
2026-01-27 07:00:00,9727008.51
2026-01-27 08:00:00,10179605.05
2026-01-27 09:00:00,10401914.63
2026-01-27 10:00:00,10708835.07
2026-01-27 11:00:00,11022909.86
2026-01-27 12:00:00,10915038.93
2026-01-27 13:00:00,11002471.41
2026-01-27 14:00:00,11219077.48
2026-01-27 15:00:00,11272963.93
2026-01-27 16:00:00,11035187.64
2026-01-27 17:00:00,10820349.58
2026-01-27 18:00:00,11332835.16
2026-01-27 19:00:00,11542167.34
2026-01-27 20:00:00,11309570.29
2026-01-27 21:00:00,10814899.34
2026-01-27 22:00:00,10170039.63
2026-01-27 23:00:00,9549529.18
2026-01-28 00:00:00,9078216.54
2026-01-28 01:00:00,8795261.27
2026-01-28 02:00:00,8588904.09
2026-01-28 03:00:00,8469241.94
2026-01-28 04:00:00,8621948.85
2026-01-28 05:00:00,9066914.59
2026-01-28 06:00:00,9292725.29
2026-01-28 07:00:00,9608967.49
2026-01-28 08:00:00,10011184.58
2026-01-28 09:00:00,10180553.11
2026-01-28 10:00:00,10537868.09
2026-01-28 11:00:00,10814933.0
2026-01-28 12:00:00,10752532.56
2026-01-28 13:00:00,10916104.69
2026-01-28 14:00:00,11084120.82
2026-01-28 15:00:00,11114003.64
2026-01-28 16:00:00,11018940.2
2026-01-28 17:00:00,10809692.01
2026-01-28 18:00:00,11322374.26
2026-01-28 19:00:00,11507074.58
2026-01-28 20:00:00,11295085.06
2026-01-28 21:00:00,10818250.01
2026-01-28 22:00:00,10145169.15
2026-01-28 23:00:00,9531595.61
2026-01-29 00:00:00,9048563.8
2026-01-29 01:00:00,8732339.15
2026-01-29 02:00:00,8535124.12
2026-01-29 03:00:00,8445583.73
2026-01-29 04:00:00,8549544.39
2026-01-29 05:00:00,9013072.88
2026-01-29 06:00:00,9214142.28
2026-01-29 07:00:00,9551954.35
2026-01-29 08:00:00,9930437.51
2026-01-29 09:00:00,10207244.08
2026-01-29 10:00:00,10560796.41
2026-01-29 11:00:00,10817738.22
2026-01-29 12:00:00,10726532.77
2026-01-29 13:00:00,10773104.7
2026-01-29 14:00:00,10990996.43
2026-01-29 15:00:00,11074999.36
2026-01-29 16:00:00,11047502.25
2026-01-29 17:00:00,10830391.67
2026-01-29 18:00:00,11353108.31
2026-01-29 19:00:00,11556948.45
2026-01-29 20:00:00,11341271.49
2026-01-29 21:00:00,10877743.78
2026-01-29 22:00:00,10203404.59
2026-01-29 23:00:00,9590576.21
2026-01-30 00:00:00,9101590.84
2026-01-30 01:00:00,8832468.0
2026-01-30 02:00:00,8571391.25
2026-01-30 03:00:00,8493438.55
2026-01-30 04:00:00,8657094.27
2026-01-30 05:00:00,9101493.04
2026-01-30 06:00:00,9319871.72
2026-01-30 07:00:00,9627831.81
2026-01-30 08:00:00,10062037.99
2026-01-30 09:00:00,10316690.29
2026-01-30 10:00:00,10611935.94
2026-01-30 11:00:00,10893205.72
2026-01-30 12:00:00,10805700.01
2026-01-30 13:00:00,10928355.82
2026-01-30 14:00:00,11091051.05
2026-01-30 15:00:00,11151614.98
2026-01-30 16:00:00,11031175.69
2026-01-30 17:00:00,10842919.48
2026-01-30 18:00:00,11346120.4
2026-01-30 19:00:00,11467270.57
2026-01-30 20:00:00,11221646.38
2026-01-30 21:00:00,10757768.67
2026-01-30 22:00:00,10180570.94
2026-01-30 23:00:00,9655078.13
2026-01-31 00:00:00,9128917.29
2026-01-31 01:00:00,8813629.04
2026-01-31 02:00:00,8603021.83
2026-01-31 03:00:00,8466867.38
2026-01-31 04:00:00,8485320.23
2026-01-31 05:00:00,8591917.84
2026-01-31 06:00:00,8715507.78
2026-01-31 07:00:00,9031379.36
2026-01-31 08:00:00,9451195.77
2026-01-31 09:00:00,9738297.28
2026-01-31 10:00:00,9969470.83
2026-01-31 11:00:00,10083297.3
2026-01-31 12:00:00,10036277.41
2026-01-31 13:00:00,10010887.09
2026-01-31 14:00:00,9890150.27
2026-01-31 15:00:00,9908899.56
2026-01-31 16:00:00,9936285.41
2026-01-31 17:00:00,10036896.67
2026-01-31 18:00:00,10643896.82
2026-01-31 19:00:00,10689387.91
2026-01-31 20:00:00,10383604.6
2026-01-31 21:00:00,9973542.67
2026-01-31 22:00:00,9495044.53
2026-01-31 23:00:00,8983896.52
2026-02-01 00:00:00,8530633.27
2026-02-01 01:00:00,8222095.35
2026-02-01 02:00:00,7978022.51
2026-02-01 03:00:00,7792111.38
2026-02-01 04:00:00,7689361.3
2026-02-01 05:00:00,7676056.21
2026-02-01 06:00:00,7533796.64
2026-02-01 07:00:00,7697358.67
2026-02-01 08:00:00,8043745.09
2026-02-01 09:00:00,8268665.27
2026-02-01 10:00:00,8466100.77
2026-02-01 11:00:00,8575859.25
2026-02-01 12:00:00,8624688.06
2026-02-01 13:00:00,8629825.54
2026-02-01 14:00:00,8377968.35
2026-02-01 15:00:00,8426662.42
2026-02-01 16:00:00,8498453.82
2026-02-01 17:00:00,8699203.57
2026-02-01 18:00:00,9465474.92
2026-02-01 19:00:00,9702641.28
2026-02-01 20:00:00,9542677.53
2026-02-01 21:00:00,9195191.16
2026-02-01 22:00:00,8713449.24
2026-02-01 23:00:00,8199909.28
2026-02-02 00:00:00,7836886.8
2026-02-02 01:00:00,7576721.91
2026-02-02 02:00:00,7427780.01
2026-02-02 03:00:00,7378860.97
2026-02-02 04:00:00,7605740.95
2026-02-02 05:00:00,8181734.0
2026-02-02 06:00:00,8483840.53
2026-02-02 07:00:00,8778182.96
2026-02-02 08:00:00,9224872.38
2026-02-02 09:00:00,9484946.81
2026-02-02 10:00:00,9699751.92
2026-02-02 11:00:00,9944352.79
2026-02-02 12:00:00,9821859.9
2026-02-02 13:00:00,9829345.26
2026-02-02 14:00:00,10012277.37
2026-02-02 15:00:00,10089454.29
2026-02-02 16:00:00,10075057.12
2026-02-02 17:00:00,9939264.02
2026-02-02 18:00:00,10491086.4
2026-02-02 19:00:00,10646885.47
2026-02-02 20:00:00,10388508.42
2026-02-02 21:00:00,9872414.73
2026-02-02 22:00:00,9192615.58
2026-02-02 23:00:00,8586232.85
2026-02-03 00:00:00,8134242.68
2026-02-03 01:00:00,7874283.29
2026-02-03 02:00:00,7724341.77
2026-02-03 03:00:00,7696346.71
2026-02-03 04:00:00,7940656.75
2026-02-03 05:00:00,8568167.38
2026-02-03 06:00:00,8823653.15
2026-02-03 07:00:00,9173489.44
2026-02-03 08:00:00,9541752.1
2026-02-03 09:00:00,9722077.78
2026-02-03 10:00:00,10011842.3
2026-02-03 11:00:00,10252242.49
2026-02-03 12:00:00,10208872.86
2026-02-03 13:00:00,10327439.13
2026-02-03 14:00:00,10592005.18
2026-02-03 15:00:00,10694433.02
2026-02-03 16:00:00,10621910.25
2026-02-03 17:00:00,10505607.82
2026-02-03 18:00:00,11048815.95
2026-02-03 19:00:00,11286651.23
2026-02-03 20:00:00,11022684.26
2026-02-03 21:00:00,10498534.0
2026-02-03 22:00:00,9781059.63
2026-02-03 23:00:00,9156242.68
2026-02-04 00:00:00,8685962.52
2026-02-04 01:00:00,8407054.74
2026-02-04 02:00:00,8179704.0
2026-02-04 03:00:00,8007994.5
2026-02-04 04:00:00,8290939.73
2026-02-04 05:00:00,8880043.66
2026-02-04 06:00:00,9078213.86
2026-02-04 07:00:00,9314687.23
2026-02-04 08:00:00,9647512.44
2026-02-04 09:00:00,9864980.94
2026-02-04 10:00:00,10213333.7
2026-02-04 11:00:00,10540617.48
2026-02-04 12:00:00,10408095.99
2026-02-04 13:00:00,10633921.28
2026-02-04 14:00:00,10909719.09
2026-02-04 15:00:00,11010639.76
2026-02-04 16:00:00,10928094.88
2026-02-04 17:00:00,10699146.05
2026-02-04 18:00:00,11229900.24
2026-02-04 19:00:00,11517771.37
2026-02-04 20:00:00,11267252.33
2026-02-04 21:00:00,10716121.1
2026-02-04 22:00:00,9995926.87
2026-02-04 23:00:00,9371499.89
2026-02-05 00:00:00,8890795.25
2026-02-05 01:00:00,8575363.29
2026-02-05 02:00:00,8373175.56
2026-02-05 03:00:00,8256155.86
2026-02-05 04:00:00,8417365.87
2026-02-05 05:00:00,8936448.42
2026-02-05 06:00:00,9095592.0
2026-02-05 07:00:00,9333754.18
2026-02-05 08:00:00,9625261.46
2026-02-05 09:00:00,9836630.33
2026-02-05 10:00:00,10221616.23
2026-02-05 11:00:00,10599930.82
2026-02-05 12:00:00,10548570.39
2026-02-05 13:00:00,10741414.84
2026-02-05 14:00:00,10989577.13
2026-02-05 15:00:00,11141677.09
2026-02-05 16:00:00,11078502.28
2026-02-05 17:00:00,10856105.15
2026-02-05 18:00:00,11393873.13
2026-02-05 19:00:00,11609619.63
2026-02-05 20:00:00,11386712.47
2026-02-05 21:00:00,10891278.34
2026-02-05 22:00:00,10216720.15
2026-02-05 23:00:00,9585885.77
2026-02-06 00:00:00,9093681.28
2026-02-06 01:00:00,8784447.25
2026-02-06 02:00:00,8543201.75
2026-02-06 03:00:00,8421570.65
2026-02-06 04:00:00,8583974.56
2026-02-06 05:00:00,9074669.51
2026-02-06 06:00:00,9289133.99
2026-02-06 07:00:00,9581071.12
2026-02-06 08:00:00,9979183.29
2026-02-06 09:00:00,10139125.68
2026-02-06 10:00:00,10348757.28
2026-02-06 11:00:00,10608691.74
2026-02-06 12:00:00,10509258.36
2026-02-06 13:00:00,10531129.31
2026-02-06 14:00:00,10702453.77
2026-02-06 15:00:00,10754326.44
2026-02-06 16:00:00,10600810.53
2026-02-06 17:00:00,10414595.57
2026-02-06 18:00:00,10962038.9
2026-02-06 19:00:00,11110522.1
2026-02-06 20:00:00,10873024.49
2026-02-06 21:00:00,10360114.53
2026-02-06 22:00:00,9799307.08
2026-02-06 23:00:00,9225798.31
2026-02-07 00:00:00,8781299.75
2026-02-07 01:00:00,8512004.22
2026-02-07 02:00:00,8283245.1
2026-02-07 03:00:00,8173706.54
2026-02-07 04:00:00,8149148.96
2026-02-07 05:00:00,8304318.04
2026-02-07 06:00:00,8487038.01
2026-02-07 07:00:00,8918694.85
2026-02-07 08:00:00,9304880.04
2026-02-07 09:00:00,9573330.72
2026-02-07 10:00:00,9803453.11
2026-02-07 11:00:00,10008640.07
2026-02-07 12:00:00,9956994.26
2026-02-07 13:00:00,9866550.8
2026-02-07 14:00:00,9820422.45
2026-02-07 15:00:00,9859373.12
2026-02-07 16:00:00,9817430.53
2026-02-07 17:00:00,9803952.97
2026-02-07 18:00:00,10465447.06
2026-02-07 19:00:00,10593725.81
2026-02-07 20:00:00,10338732.4
2026-02-07 21:00:00,9900610.19
2026-02-07 22:00:00,9379131.41
2026-02-07 23:00:00,8843826.18
2026-02-08 00:00:00,8459999.96
2026-02-08 01:00:00,8187714.14
2026-02-08 02:00:00,7968386.14
2026-02-08 03:00:00,7810874.66
2026-02-08 04:00:00,7714489.97
2026-02-08 05:00:00,7710811.73
2026-02-08 06:00:00,7573733.42
2026-02-08 07:00:00,7753386.4
2026-02-08 08:00:00,8035913.87
2026-02-08 09:00:00,8239902.48
2026-02-08 10:00:00,8466756.79
2026-02-08 11:00:00,8751938.91
2026-02-08 12:00:00,8948377.1
2026-02-08 13:00:00,8996417.4
2026-02-08 14:00:00,8985614.11
2026-02-08 15:00:00,8971683.18
2026-02-08 16:00:00,9006155.72
2026-02-08 17:00:00,9122911.2
2026-02-08 18:00:00,9857006.79
2026-02-08 19:00:00,10215955.02
2026-02-08 20:00:00,10075540.57
2026-02-08 21:00:00,9771009.17
2026-02-08 22:00:00,9306094.78
2026-02-08 23:00:00,8786942.94
2026-02-09 00:00:00,8397061.26
2026-02-09 01:00:00,8176390.27
2026-02-09 02:00:00,8008107.75
2026-02-09 03:00:00,7919841.13
2026-02-09 04:00:00,8167565.34
2026-02-09 05:00:00,8789271.71
2026-02-09 06:00:00,8980512.85
2026-02-09 07:00:00,9298324.32
2026-02-09 08:00:00,9722183.71
2026-02-09 09:00:00,9945372.12
2026-02-09 10:00:00,10310105.86
2026-02-09 11:00:00,10550441.79
2026-02-09 12:00:00,10487720.29
2026-02-09 13:00:00,10685242.46
2026-02-09 14:00:00,10967905.04
2026-02-09 15:00:00,11091437.47
2026-02-09 16:00:00,11034710.73
2026-02-09 17:00:00,10870308.68
2026-02-09 18:00:00,11391065.5
2026-02-09 19:00:00,11640120.63
2026-02-09 20:00:00,11418825.74
2026-02-09 21:00:00,10911577.7
2026-02-09 22:00:00,10192754.53
2026-02-09 23:00:00,9533086.21
2026-02-10 00:00:00,9021398.89
2026-02-10 01:00:00,8687851.34
2026-02-10 02:00:00,8487744.43
2026-02-10 03:00:00,8385251.56
2026-02-10 04:00:00,8557253.47
2026-02-10 05:00:00,9116658.19
2026-02-10 06:00:00,9248651.29
2026-02-10 07:00:00,9562916.44
2026-02-10 08:00:00,9890239.57
2026-02-10 09:00:00,10070962.74
2026-02-10 10:00:00,10383225.12
2026-02-10 11:00:00,10691763.34
2026-02-10 12:00:00,10639385.49
2026-02-10 13:00:00,10812642.35
2026-02-10 14:00:00,11113294.02
2026-02-10 15:00:00,11156987.63
2026-02-10 16:00:00,11094918.34
2026-02-10 17:00:00,10912648.27
2026-02-10 18:00:00,11433886.35
2026-02-10 19:00:00,11718717.35
2026-02-10 20:00:00,11483684.87
2026-02-10 21:00:00,10973861.0
2026-02-10 22:00:00,10236263.82
2026-02-10 23:00:00,9541987.35
2026-02-11 00:00:00,9088842.44
2026-02-11 01:00:00,8816350.66
2026-02-11 02:00:00,8600652.45
2026-02-11 03:00:00,8454710.9
2026-02-11 04:00:00,8663380.9
2026-02-11 05:00:00,9235277.02
2026-02-11 06:00:00,9381002.48
2026-02-11 07:00:00,9601598.47
2026-02-11 08:00:00,9932923.55
2026-02-11 09:00:00,10125398.02
2026-02-11 10:00:00,10486516.96
2026-02-11 11:00:00,10719737.53
2026-02-11 12:00:00,10764029.3
2026-02-11 13:00:00,10937100.65
2026-02-11 14:00:00,11278531.79
2026-02-11 15:00:00,11358525.21
2026-02-11 16:00:00,11271532.4
2026-02-11 17:00:00,11066697.89
2026-02-11 18:00:00,11567152.0
2026-02-11 19:00:00,11791802.8
2026-02-11 20:00:00,11571457.68
2026-02-11 21:00:00,11055163.79
2026-02-11 22:00:00,10359087.15
2026-02-11 23:00:00,9715585.05
2026-02-12 00:00:00,9250538.44
2026-02-12 01:00:00,8910210.9
2026-02-12 02:00:00,8706630.08
2026-02-12 03:00:00,8576658.94
2026-02-12 04:00:00,8749699.81
2026-02-12 05:00:00,9272428.48
2026-02-12 06:00:00,9395021.54
2026-02-12 07:00:00,9629803.43
2026-02-12 08:00:00,9987685.97
2026-02-12 09:00:00,10182600.15
2026-02-12 10:00:00,10536621.22
2026-02-12 11:00:00,10788859.15
2026-02-12 12:00:00,10752110.19
2026-02-12 13:00:00,11003753.2
2026-02-12 14:00:00,11300834.95
2026-02-12 15:00:00,11368617.52
2026-02-12 16:00:00,11327620.27
2026-02-12 17:00:00,11126091.66
2026-02-12 18:00:00,11615171.86
2026-02-12 19:00:00,11805462.52
2026-02-12 20:00:00,11537626.68
2026-02-12 21:00:00,11104826.27
2026-02-12 22:00:00,10456806.69
2026-02-12 23:00:00,9814252.96
2026-02-13 00:00:00,9325132.6
2026-02-13 01:00:00,9051621.34
2026-02-13 02:00:00,8830091.41
2026-02-13 03:00:00,8695364.65
2026-02-13 04:00:00,8812908.71
2026-02-13 05:00:00,9298066.91
2026-02-13 06:00:00,9518505.21
2026-02-13 07:00:00,9850700.11
2026-02-13 08:00:00,10247652.01
2026-02-13 09:00:00,10425119.59
2026-02-13 10:00:00,10727634.56
2026-02-13 11:00:00,10974307.09
2026-02-13 12:00:00,10889476.52
2026-02-13 13:00:00,11062685.33
2026-02-13 14:00:00,11220628.25
2026-02-13 15:00:00,11276039.09
2026-02-13 16:00:00,11110040.41
2026-02-13 17:00:00,10925973.83
2026-02-13 18:00:00,11452512.03
2026-02-13 19:00:00,11618914.77
2026-02-13 20:00:00,11415104.61
2026-02-13 21:00:00,10916471.15
2026-02-13 22:00:00,10315523.02
2026-02-13 23:00:00,9727306.85
2026-02-14 00:00:00,9279639.21
2026-02-14 01:00:00,8987539.11
2026-02-14 02:00:00,8761819.34
2026-02-14 03:00:00,8607428.27
2026-02-14 04:00:00,8579558.96
2026-02-14 05:00:00,8703482.39
2026-02-14 06:00:00,8828450.08
2026-02-14 07:00:00,9156200.78
2026-02-14 08:00:00,9606969.0
2026-02-14 09:00:00,9820275.67
2026-02-14 10:00:00,10088936.07
2026-02-14 11:00:00,10317924.65
2026-02-14 12:00:00,10253216.8
2026-02-14 13:00:00,10169111.37
2026-02-14 14:00:00,10122023.65
2026-02-14 15:00:00,10068285.33
2026-02-14 16:00:00,10065549.67
2026-02-14 17:00:00,10118476.37
2026-02-14 18:00:00,10706525.84
2026-02-14 19:00:00,10833517.27
2026-02-14 20:00:00,10561455.67
2026-02-14 21:00:00,10131842.34
2026-02-14 22:00:00,9659341.72
2026-02-14 23:00:00,9183310.82
2026-02-15 00:00:00,8734185.92
2026-02-15 01:00:00,8400694.68
2026-02-15 02:00:00,8164174.81
2026-02-15 03:00:00,8005766.01
2026-02-15 04:00:00,7924158.25
2026-02-15 05:00:00,7886660.11
2026-02-15 06:00:00,7728935.79
2026-02-15 07:00:00,7915038.49
2026-02-15 08:00:00,8188633.53
2026-02-15 09:00:00,8354787.62
2026-02-15 10:00:00,8644688.41
2026-02-15 11:00:00,8923440.68
2026-02-15 12:00:00,9073137.87
2026-02-15 13:00:00,9102199.05
2026-02-15 14:00:00,9025723.15
2026-02-15 15:00:00,8938685.8
2026-02-15 16:00:00,8939973.32
2026-02-15 17:00:00,9063873.7
2026-02-15 18:00:00,9814896.05
2026-02-15 19:00:00,10153261.04
2026-02-15 20:00:00,10016711.6
2026-02-15 21:00:00,9680841.41
2026-02-15 22:00:00,9211637.5
2026-02-15 23:00:00,8738074.69
2026-02-16 00:00:00,8384052.29
2026-02-16 01:00:00,8146035.25
2026-02-16 02:00:00,7959321.49
2026-02-16 03:00:00,7934078.4
2026-02-16 04:00:00,8150554.31
2026-02-16 05:00:00,8768835.59
2026-02-16 06:00:00,9012153.28
2026-02-16 07:00:00,9310467.08
2026-02-16 08:00:00,9743059.05
2026-02-16 09:00:00,9983234.78
2026-02-16 10:00:00,10312653.37
2026-02-16 11:00:00,10565082.97
2026-02-16 12:00:00,10430589.87
2026-02-16 13:00:00,10446984.77
2026-02-16 14:00:00,10689435.24
2026-02-16 15:00:00,10759301.07
2026-02-16 16:00:00,10652485.04
2026-02-16 17:00:00,10461183.43
2026-02-16 18:00:00,11037069.79
2026-02-16 19:00:00,11303281.51
2026-02-16 20:00:00,11076913.56
2026-02-16 21:00:00,10597959.7
2026-02-16 22:00:00,9903898.81
2026-02-16 23:00:00,9317754.31
2026-02-17 00:00:00,8829408.65
2026-02-17 01:00:00,8558121.91
2026-02-17 02:00:00,8390918.21
2026-02-17 03:00:00,8316328.11
2026-02-17 04:00:00,8508780.49
2026-02-17 05:00:00,9100321.5
2026-02-17 06:00:00,9286322.65
2026-02-17 07:00:00,9552646.06
2026-02-17 08:00:00,9840871.27
2026-02-17 09:00:00,10051364.67
2026-02-17 10:00:00,10391490.22
2026-02-17 11:00:00,10694203.76
2026-02-17 12:00:00,10621024.75
2026-02-17 13:00:00,10678508.15
2026-02-17 14:00:00,10912348.17
2026-02-17 15:00:00,11053506.65
2026-02-17 16:00:00,10967669.77
2026-02-17 17:00:00,10777085.85
2026-02-17 18:00:00,11285199.73
2026-02-17 19:00:00,11510723.67
2026-02-17 20:00:00,11264307.28
2026-02-17 21:00:00,10725176.38
2026-02-17 22:00:00,10009451.18
2026-02-17 23:00:00,9405350.53
2026-02-18 00:00:00,8930390.31
2026-02-18 01:00:00,8642000.3
2026-02-18 02:00:00,8441112.33
2026-02-18 03:00:00,8369478.19
2026-02-18 04:00:00,8585895.05
2026-02-18 05:00:00,9149748.55
2026-02-18 06:00:00,9352808.6
2026-02-18 07:00:00,9626847.8
2026-02-18 08:00:00,9958132.27
2026-02-18 09:00:00,10171156.2
2026-02-18 10:00:00,10420051.33
2026-02-18 11:00:00,10640499.16
2026-02-18 12:00:00,10589888.94
2026-02-18 13:00:00,10731574.36
2026-02-18 14:00:00,10979717.86
2026-02-18 15:00:00,11049730.81
2026-02-18 16:00:00,11009294.03
2026-02-18 17:00:00,10802763.5
2026-02-18 18:00:00,11285164.0
2026-02-18 19:00:00,11559602.41
2026-02-18 20:00:00,11365281.34
2026-02-18 21:00:00,10872654.15
2026-02-18 22:00:00,10163219.8
2026-02-18 23:00:00,9557867.63
2026-02-19 00:00:00,9040054.91
2026-02-19 01:00:00,8729769.72
2026-02-19 02:00:00,8512451.13
2026-02-19 03:00:00,8408525.43
2026-02-19 04:00:00,8570446.51
2026-02-19 05:00:00,9083394.42
2026-02-19 06:00:00,9273019.22
2026-02-19 07:00:00,9593941.6
2026-02-19 08:00:00,9954138.16
2026-02-19 09:00:00,10218087.96
2026-02-19 10:00:00,10461747.71
2026-02-19 11:00:00,10724946.66
2026-02-19 12:00:00,10666645.23
2026-02-19 13:00:00,10862897.53
2026-02-19 14:00:00,11112872.17
2026-02-19 15:00:00,11163165.34
2026-02-19 16:00:00,11075967.19
2026-02-19 17:00:00,10773239.07
2026-02-19 18:00:00,11294101.09
2026-02-19 19:00:00,11545356.57
2026-02-19 20:00:00,11321804.65
2026-02-19 21:00:00,10840294.13
2026-02-19 22:00:00,10174485.66
2026-02-19 23:00:00,9546003.26
2026-02-20 00:00:00,9133819.89
2026-02-20 01:00:00,8843986.15
2026-02-20 02:00:00,8616702.58
2026-02-20 03:00:00,8439845.57
2026-02-20 04:00:00,8634979.16
2026-02-20 05:00:00,9154007.7
2026-02-20 06:00:00,9336362.31
2026-02-20 07:00:00,9610679.98
2026-02-20 08:00:00,9977755.69
2026-02-20 09:00:00,10238873.04
2026-02-20 10:00:00,10588188.05
2026-02-20 11:00:00,10907997.12
2026-02-20 12:00:00,10836924.82
2026-02-20 13:00:00,10964644.9
2026-02-20 14:00:00,11240726.49
2026-02-20 15:00:00,11240780.61
2026-02-20 16:00:00,11177880.66
2026-02-20 17:00:00,11005623.37
2026-02-20 18:00:00,11521021.35
2026-02-20 19:00:00,11685522.18
2026-02-20 20:00:00,11452608.22
2026-02-20 21:00:00,10979595.59
2026-02-20 22:00:00,10427049.06
2026-02-20 23:00:00,9849130.04
2026-02-21 00:00:00,9331174.94
2026-02-21 01:00:00,8997494.39
2026-02-21 02:00:00,8740729.46
2026-02-21 03:00:00,8590799.89
2026-02-21 04:00:00,8575616.42
2026-02-21 05:00:00,8693451.92
2026-02-21 06:00:00,8825756.78
2026-02-21 07:00:00,9237346.3
2026-02-21 08:00:00,9698290.96
2026-02-21 09:00:00,10060498.0
2026-02-21 10:00:00,10341717.13
2026-02-21 11:00:00,10560924.18
2026-02-21 12:00:00,10483098.31
2026-02-21 13:00:00,10391671.45
2026-02-21 14:00:00,10367359.64
2026-02-21 15:00:00,10293828.99
2026-02-21 16:00:00,10281771.96
2026-02-21 17:00:00,10310270.06
2026-02-21 18:00:00,10870084.65
2026-02-21 19:00:00,11016124.99
2026-02-21 20:00:00,10745273.28
2026-02-21 21:00:00,10353159.24
2026-02-21 22:00:00,9884395.92
2026-02-21 23:00:00,9378719.86
2026-02-22 00:00:00,8926672.46
2026-02-22 01:00:00,8593254.66
2026-02-22 02:00:00,8346432.94
2026-02-22 03:00:00,8155147.93
2026-02-22 04:00:00,8057840.14
2026-02-22 05:00:00,8005441.05
2026-02-22 06:00:00,7809233.85
2026-02-22 07:00:00,7911972.25
2026-02-22 08:00:00,8208731.83
2026-02-22 09:00:00,8449510.81
2026-02-22 10:00:00,8716130.24
2026-02-22 11:00:00,9001269.85
2026-02-22 12:00:00,9224837.54
2026-02-22 13:00:00,9237344.79
2026-02-22 14:00:00,9249986.44
2026-02-22 15:00:00,9259536.5
2026-02-22 16:00:00,9255460.31
2026-02-22 17:00:00,9374259.81
2026-02-22 18:00:00,10099790.07
2026-02-22 19:00:00,10415462.45
2026-02-22 20:00:00,10305999.91
2026-02-22 21:00:00,9994652.38
2026-02-22 22:00:00,9549206.01
2026-02-22 23:00:00,9072399.0
2026-02-23 00:00:00,8677534.27
2026-02-23 01:00:00,8409235.46
2026-02-23 02:00:00,8205580.6
2026-02-23 03:00:00,8123292.33
2026-02-23 04:00:00,8304774.15
2026-02-23 05:00:00,8922978.35
2026-02-23 06:00:00,9182116.16
2026-02-23 07:00:00,9544640.63
2026-02-23 08:00:00,9979781.85
2026-02-23 09:00:00,10197235.12
2026-02-23 10:00:00,10437494.41
2026-02-23 11:00:00,10750599.72
2026-02-23 12:00:00,10714035.79
2026-02-23 13:00:00,10896729.15
2026-02-23 14:00:00,11145429.26
2026-02-23 15:00:00,11117278.82
2026-02-23 16:00:00,10979631.75
2026-02-23 17:00:00,10807905.14
2026-02-23 18:00:00,11295395.37
2026-02-23 19:00:00,11493822.14
2026-02-23 20:00:00,11282788.41
2026-02-23 21:00:00,10779202.58
2026-02-23 22:00:00,10082217.6
2026-02-23 23:00:00,9431268.46
2026-02-24 00:00:00,8958053.44
2026-02-24 01:00:00,8672051.75
2026-02-24 02:00:00,8465507.66
2026-02-24 03:00:00,8343439.28
2026-02-24 04:00:00,8542938.07
2026-02-24 05:00:00,9089344.63
2026-02-24 06:00:00,9275735.05
2026-02-24 07:00:00,9574402.88
2026-02-24 08:00:00,9986032.38
2026-02-24 09:00:00,10158573.53
2026-02-24 10:00:00,10390728.9
2026-02-24 11:00:00,10622100.26
2026-02-24 12:00:00,10488184.9
2026-02-24 13:00:00,10531691.01
2026-02-24 14:00:00,10798616.76
2026-02-24 15:00:00,10870755.97
2026-02-24 16:00:00,10845030.58
2026-02-24 17:00:00,10704075.49
2026-02-24 18:00:00,11289948.46
2026-02-24 19:00:00,11463194.0
2026-02-24 20:00:00,11198159.03
2026-02-24 21:00:00,10691614.76
2026-02-24 22:00:00,10011062.39
2026-02-24 23:00:00,9408383.91
2026-02-25 00:00:00,8944134.33
2026-02-25 01:00:00,8668363.38
2026-02-25 02:00:00,8489402.11
2026-02-25 03:00:00,8392675.55
2026-02-25 04:00:00,8579334.27
2026-02-25 05:00:00,9125745.66
2026-02-25 06:00:00,9261241.13
2026-02-25 07:00:00,9601996.58
2026-02-25 08:00:00,9991422.9
2026-02-25 09:00:00,10021071.1
2026-02-25 10:00:00,10351866.17
2026-02-25 11:00:00,10664722.83
2026-02-25 12:00:00,10599661.57
2026-02-25 13:00:00,10769892.37
2026-02-25 14:00:00,11070256.75
2026-02-25 15:00:00,11243185.35
2026-02-25 16:00:00,11196801.4
2026-02-25 17:00:00,11002775.36
2026-02-25 18:00:00,11463119.41
2026-02-25 19:00:00,11724687.41
2026-02-25 20:00:00,11506060.94
2026-02-25 21:00:00,11023451.3
2026-02-25 22:00:00,10339983.11
2026-02-25 23:00:00,9670582.27
2026-02-26 00:00:00,9173297.37
2026-02-26 01:00:00,8882770.33
2026-02-26 02:00:00,8661660.19
2026-02-26 03:00:00,8541627.98
2026-02-26 04:00:00,8689665.71
2026-02-26 05:00:00,9240150.09
2026-02-26 06:00:00,9331593.63
2026-02-26 07:00:00,9588811.75
2026-02-26 08:00:00,9940698.62
2026-02-26 09:00:00,10156736.01
2026-02-26 10:00:00,10491135.75
2026-02-26 11:00:00,10809753.79
2026-02-26 12:00:00,10790485.47
2026-02-26 13:00:00,11021154.47
2026-02-26 14:00:00,11356807.92
2026-02-26 15:00:00,11502897.81
2026-02-26 16:00:00,11492873.9
2026-02-26 17:00:00,11267016.11
2026-02-26 18:00:00,11740038.42
2026-02-26 19:00:00,11920117.62
2026-02-26 20:00:00,11677422.89
2026-02-26 21:00:00,11191189.19
2026-02-26 22:00:00,10519926.93
2026-02-26 23:00:00,9908795.94
2026-02-27 00:00:00,9378549.71
2026-02-27 01:00:00,9053411.63
2026-02-27 02:00:00,8794545.32
2026-02-27 03:00:00,8642716.89
2026-02-27 04:00:00,8825049.05
2026-02-27 05:00:00,9323742.76
2026-02-27 06:00:00,9422497.82
2026-02-27 07:00:00,9727552.47
2026-02-27 08:00:00,10059626.59
2026-02-27 09:00:00,10267309.88
2026-02-27 10:00:00,10612038.76
2026-02-27 11:00:00,10980120.03
2026-02-27 12:00:00,10987847.8
2026-02-27 13:00:00,11194337.38
2026-02-27 14:00:00,11500498.83
2026-02-27 15:00:00,11567050.15
2026-02-27 16:00:00,11526637.31
2026-02-27 17:00:00,11322749.43
2026-02-27 18:00:00,11746915.13
2026-02-27 19:00:00,11879288.65
2026-02-27 20:00:00,11619311.26
2026-02-27 21:00:00,11189678.56
2026-02-27 22:00:00,10667458.3
2026-02-27 23:00:00,10075520.06
2026-02-28 00:00:00,9552871.59
2026-02-28 01:00:00,9175613.07
2026-02-28 02:00:00,8945349.45
2026-02-28 03:00:00,8790052.98
2026-02-28 04:00:00,8752225.98
2026-02-28 05:00:00,8856927.43
2026-02-28 06:00:00,8939507.24
2026-02-28 07:00:00,9343949.28
2026-02-28 08:00:00,9757259.86
2026-02-28 09:00:00,10013231.1
2026-02-28 10:00:00,10285464.29
2026-02-28 11:00:00,10516192.53
2026-02-28 12:00:00,10489513.64
2026-02-28 13:00:00,10476882.35
2026-02-28 14:00:00,10513869.27
2026-02-28 15:00:00,10537248.06
2026-02-28 16:00:00,10536996.31
2026-02-28 17:00:00,10483276.19
2026-02-28 18:00:00,11056093.33
2026-02-28 19:00:00,11197311.19
2026-02-28 20:00:00,10923732.17
2026-02-28 21:00:00,10511615.03
2026-02-28 22:00:00,10062204.29
2026-02-28 23:00:00,9511475.46
2026-03-01 00:00:00,9081744.05
2026-03-01 01:00:00,8782370.18
2026-03-01 02:00:00,8473624.47
2026-03-01 03:00:00,8253877.4
2026-03-01 04:00:00,8152959.76
2026-03-01 05:00:00,8114464.94
2026-03-01 06:00:00,7887244.05
2026-03-01 07:00:00,8016162.72
2026-03-01 08:00:00,8262277.61
2026-03-01 09:00:00,8512148.14
2026-03-01 10:00:00,8763945.91
2026-03-01 11:00:00,9015022.48
2026-03-01 12:00:00,9246447.91
2026-03-01 13:00:00,9321470.0
2026-03-01 14:00:00,9318863.71
2026-03-01 15:00:00,9350847.11
2026-03-01 16:00:00,9410674.82
2026-03-01 17:00:00,9514012.73
2026-03-01 18:00:00,10226698.55
2026-03-01 19:00:00,10630603.23
2026-03-01 20:00:00,10556908.24
2026-03-01 21:00:00,10279396.53
2026-03-01 22:00:00,9828502.32
2026-03-01 23:00:00,9268478.27
2026-03-02 00:00:00,8805878.74
2026-03-02 01:00:00,8512082.43
2026-03-02 02:00:00,8320633.4
2026-03-02 03:00:00,8202880.25
2026-03-02 04:00:00,8421550.79
2026-03-02 05:00:00,8976486.65
2026-03-02 06:00:00,9154736.65
2026-03-02 07:00:00,9459208.67
2026-03-02 08:00:00,9850474.19
2026-03-02 09:00:00,10082563.36
2026-03-02 10:00:00,10434385.12
2026-03-02 11:00:00,10745884.64
2026-03-02 12:00:00,10763659.64
2026-03-02 13:00:00,10959378.14
2026-03-02 14:00:00,11275270.78
2026-03-02 15:00:00,11403860.46
2026-03-02 16:00:00,11326996.9
2026-03-02 17:00:00,11066011.14
2026-03-02 18:00:00,11525560.89
2026-03-02 19:00:00,11824991.39
2026-03-02 20:00:00,11609591.7
2026-03-02 21:00:00,11179744.08
2026-03-02 22:00:00,10505266.53
2026-03-02 23:00:00,9857074.72
2026-03-03 00:00:00,9350636.42
2026-03-03 01:00:00,9038720.36
2026-03-03 02:00:00,8815824.89
2026-03-03 03:00:00,8695595.23
2026-03-03 04:00:00,8884683.56
2026-03-03 05:00:00,9377438.44
2026-03-03 06:00:00,9442896.59
2026-03-03 07:00:00,9764237.23
2026-03-03 08:00:00,10173292.08
2026-03-03 09:00:00,10378929.03
2026-03-03 10:00:00,10712727.81
2026-03-03 11:00:00,10982826.42
2026-03-03 12:00:00,10945760.98
2026-03-03 13:00:00,11198341.62
2026-03-03 14:00:00,11499356.03
2026-03-03 15:00:00,11580112.04
2026-03-03 16:00:00,11458972.0
2026-03-03 17:00:00,11216113.51
2026-03-03 18:00:00,11680120.38
2026-03-03 19:00:00,11964096.58
2026-03-03 20:00:00,11768175.62
2026-03-03 21:00:00,11271977.71
2026-03-03 22:00:00,10563474.36
2026-03-03 23:00:00,9912231.79
2026-03-04 00:00:00,9425068.84
2026-03-04 01:00:00,9099375.27
2026-03-04 02:00:00,8869112.8
2026-03-04 03:00:00,8726033.32
2026-03-04 04:00:00,8928468.45
2026-03-04 05:00:00,9471769.26
2026-03-04 06:00:00,9549432.73
2026-03-04 07:00:00,9784475.63
2026-03-04 08:00:00,10125655.46
2026-03-04 09:00:00,10334261.58
2026-03-04 10:00:00,10710522.4
2026-03-04 11:00:00,11094854.68
2026-03-04 12:00:00,11054583.55
2026-03-04 13:00:00,11252725.2
2026-03-04 14:00:00,11542030.25
2026-03-04 15:00:00,11586456.6
2026-03-04 16:00:00,11488605.3
2026-03-04 17:00:00,11321557.34
2026-03-04 18:00:00,11806208.51
2026-03-04 19:00:00,12038571.66
2026-03-04 20:00:00,11821345.1
2026-03-04 21:00:00,11313471.63
2026-03-04 22:00:00,10611235.81
2026-03-04 23:00:00,9951284.19
2026-03-05 00:00:00,9464018.38
2026-03-05 01:00:00,9143126.66
2026-03-05 02:00:00,8892776.22
2026-03-05 03:00:00,8792926.29
2026-03-05 04:00:00,8954975.13
2026-03-05 05:00:00,9452599.02
2026-03-05 06:00:00,9562799.6
2026-03-05 07:00:00,9800539.22
2026-03-05 08:00:00,10214280.94
2026-03-05 09:00:00,10361518.42
2026-03-05 10:00:00,10650727.94
2026-03-05 11:00:00,10936441.17
2026-03-05 12:00:00,10860935.99
2026-03-05 13:00:00,11073118.43
2026-03-05 14:00:00,11329507.02
2026-03-05 15:00:00,11442430.58
2026-03-05 16:00:00,11362744.35
2026-03-05 17:00:00,11151454.86
2026-03-05 18:00:00,11676071.43
2026-03-05 19:00:00,11936314.41
2026-03-05 20:00:00,11706233.24
2026-03-05 21:00:00,11231093.25
2026-03-05 22:00:00,10569497.05
2026-03-05 23:00:00,9919529.34
2026-03-06 00:00:00,9380609.47
2026-03-06 01:00:00,9072947.37
2026-03-06 02:00:00,8863384.13
2026-03-06 03:00:00,8740119.43
2026-03-06 04:00:00,8890950.16
2026-03-06 05:00:00,9343716.47
2026-03-06 06:00:00,9506359.78
2026-03-06 07:00:00,9885887.73
2026-03-06 08:00:00,10331563.28
2026-03-06 09:00:00,10575287.19
2026-03-06 10:00:00,10752809.85
2026-03-06 11:00:00,11065124.87
2026-03-06 12:00:00,11013592.77
2026-03-06 13:00:00,11123354.44
2026-03-06 14:00:00,11324916.01
2026-03-06 15:00:00,11385919.7
2026-03-06 16:00:00,11323837.28
2026-03-06 17:00:00,11126817.47
2026-03-06 18:00:00,11569290.86
2026-03-06 19:00:00,11739559.91
2026-03-06 20:00:00,11496680.65
2026-03-06 21:00:00,11026606.22
2026-03-06 22:00:00,10486885.0
2026-03-06 23:00:00,9913287.99
2026-03-07 00:00:00,9438716.52
2026-03-07 01:00:00,9101807.43
2026-03-07 02:00:00,8861912.46
2026-03-07 03:00:00,8721893.95
2026-03-07 04:00:00,8696678.01
2026-03-07 05:00:00,8834359.08
2026-03-07 06:00:00,8900186.28
2026-03-07 07:00:00,9300795.2
2026-03-07 08:00:00,9749104.11
2026-03-07 09:00:00,10006252.98
2026-03-07 10:00:00,10290317.13
2026-03-07 11:00:00,10477705.61
2026-03-07 12:00:00,10455482.53
2026-03-07 13:00:00,10433866.28
2026-03-07 14:00:00,10410549.44
2026-03-07 15:00:00,10357537.73
2026-03-07 16:00:00,10403987.86
2026-03-07 17:00:00,10416386.74
2026-03-07 18:00:00,10924675.46
2026-03-07 19:00:00,11104967.71
2026-03-07 20:00:00,10840792.04
2026-03-07 21:00:00,10422698.0
2026-03-07 22:00:00,9944171.57
2026-03-07 23:00:00,9458745.54
2026-03-08 00:00:00,8983070.99
2026-03-08 01:00:00,8647693.75
2026-03-08 02:00:00,8401428.05
2026-03-08 03:00:00,8230793.53
2026-03-08 04:00:00,8136222.5
2026-03-08 05:00:00,8111622.81
2026-03-08 06:00:00,7944493.91
2026-03-08 07:00:00,8022605.99
2026-03-08 08:00:00,8223724.38
2026-03-08 09:00:00,8484540.93
2026-03-08 10:00:00,8656751.45
2026-03-08 11:00:00,8864186.64
2026-03-08 12:00:00,9078506.86
2026-03-08 13:00:00,9109325.53
2026-03-08 14:00:00,9089148.43
2026-03-08 15:00:00,9127377.51
2026-03-08 16:00:00,9172356.0
2026-03-08 17:00:00,9310542.88
2026-03-08 18:00:00,10032650.95
2026-03-08 19:00:00,10356001.32
2026-03-08 20:00:00,10269674.52
2026-03-08 21:00:00,9943208.93
2026-03-08 22:00:00,9499265.11
2026-03-08 23:00:00,8995848.95
2026-03-09 00:00:00,8621334.43
2026-03-09 01:00:00,8350692.42
2026-03-09 02:00:00,8186790.43
2026-03-09 03:00:00,8120670.82
2026-03-09 04:00:00,8312826.39
2026-03-09 05:00:00,8875218.09
2026-03-09 06:00:00,9096835.08
2026-03-09 07:00:00,9497793.64
2026-03-09 08:00:00,9999665.7
2026-03-09 09:00:00,10262302.34
2026-03-09 10:00:00,10537703.07
2026-03-09 11:00:00,10836090.37
2026-03-09 12:00:00,10806971.81
2026-03-09 13:00:00,10941411.46
2026-03-09 14:00:00,11268361.87
2026-03-09 15:00:00,11320218.58
2026-03-09 16:00:00,11209719.91
2026-03-09 17:00:00,11005392.59
2026-03-09 18:00:00,11518158.95
2026-03-09 19:00:00,11814770.63
2026-03-09 20:00:00,11511955.13
2026-03-09 21:00:00,11043187.42
2026-03-09 22:00:00,10321483.29
2026-03-09 23:00:00,9677512.68
2026-03-10 00:00:00,9168055.66
2026-03-10 01:00:00,8874248.79
2026-03-10 02:00:00,8690565.98
2026-03-10 03:00:00,8600961.91
2026-03-10 04:00:00,8761965.96
2026-03-10 05:00:00,9305215.08
2026-03-10 06:00:00,9423058.88
2026-03-10 07:00:00,9737101.75
2026-03-10 08:00:00,10139754.42
2026-03-10 09:00:00,10343021.53
2026-03-10 10:00:00,10756852.94
2026-03-10 11:00:00,11003650.89
2026-03-10 12:00:00,10904325.86
2026-03-10 13:00:00,11102886.05
2026-03-10 14:00:00,11439128.98
2026-03-10 15:00:00,11527775.99
2026-03-10 16:00:00,11466076.84
2026-03-10 17:00:00,11166182.65
2026-03-10 18:00:00,11640908.9
2026-03-10 19:00:00,11858076.34
2026-03-10 20:00:00,11581755.64
2026-03-10 21:00:00,11057532.82
2026-03-10 22:00:00,10387330.75
2026-03-10 23:00:00,9763736.99
2026-03-11 00:00:00,9250299.63
2026-03-11 01:00:00,8968059.12
2026-03-11 02:00:00,8794231.19
2026-03-11 03:00:00,8650584.01
2026-03-11 04:00:00,8801953.12
2026-03-11 05:00:00,9320326.58
2026-03-11 06:00:00,9447679.68
2026-03-11 07:00:00,9743571.79
2026-03-11 08:00:00,10157083.94
2026-03-11 09:00:00,10310539.4
2026-03-11 10:00:00,10566147.37
2026-03-11 11:00:00,10839248.65
2026-03-11 12:00:00,10786144.08
2026-03-11 13:00:00,10920639.69
2026-03-11 14:00:00,11310242.78
2026-03-11 15:00:00,11458445.22
2026-03-11 16:00:00,11336172.05
2026-03-11 17:00:00,11125124.73
2026-03-11 18:00:00,11619861.5
2026-03-11 19:00:00,11840671.57
2026-03-11 20:00:00,11608960.89
2026-03-11 21:00:00,11113760.03
2026-03-11 22:00:00,10410649.89
2026-03-11 23:00:00,9747663.16
2026-03-12 00:00:00,9229558.02
2026-03-12 01:00:00,8930973.0
2026-03-12 02:00:00,8741927.3
2026-03-12 03:00:00,8631092.99
2026-03-12 04:00:00,8800700.39
2026-03-12 05:00:00,9275184.72
2026-03-12 06:00:00,9413236.58
2026-03-12 07:00:00,9752102.69
2026-03-12 08:00:00,10186016.58
2026-03-12 09:00:00,10386999.43
2026-03-12 10:00:00,10763987.01
2026-03-12 11:00:00,11096778.28
2026-03-12 12:00:00,11078765.15
2026-03-12 13:00:00,11223330.88
2026-03-12 14:00:00,11476597.45
2026-03-12 15:00:00,11396481.05
2026-03-12 16:00:00,11251545.69
2026-03-12 17:00:00,11052914.61
2026-03-12 18:00:00,11521281.61
2026-03-12 19:00:00,11756429.76
2026-03-12 20:00:00,11489049.28
2026-03-12 21:00:00,10985144.0
2026-03-12 22:00:00,10291451.49
2026-03-12 23:00:00,9649522.62
2026-03-13 00:00:00,9155001.12
2026-03-13 01:00:00,8878257.81
2026-03-13 02:00:00,8665581.44
2026-03-13 03:00:00,8566850.03
2026-03-13 04:00:00,8744927.79
2026-03-13 05:00:00,9234839.33
2026-03-13 06:00:00,9389307.8
2026-03-13 07:00:00,9686696.83
2026-03-13 08:00:00,10062274.9
2026-03-13 09:00:00,10231205.18
2026-03-13 10:00:00,10555905.92
2026-03-13 11:00:00,10885682.42
2026-03-13 12:00:00,10813713.64
2026-03-13 13:00:00,10935511.41
2026-03-13 14:00:00,11199448.74
2026-03-13 15:00:00,11300884.53
2026-03-13 16:00:00,11196328.91
2026-03-13 17:00:00,11000133.97
2026-03-13 18:00:00,11481556.94
2026-03-13 19:00:00,11747074.05
2026-03-13 20:00:00,11475248.25
2026-03-13 21:00:00,11014492.86
2026-03-13 22:00:00,10421746.85
2026-03-13 23:00:00,9833543.5
2026-03-14 00:00:00,9332887.81
2026-03-14 01:00:00,9008995.6
2026-03-14 02:00:00,8746738.22
2026-03-14 03:00:00,8594716.89
2026-03-14 04:00:00,8573974.33
2026-03-14 05:00:00,8696027.7
2026-03-14 06:00:00,8800771.5
2026-03-14 07:00:00,9192571.41
2026-03-14 08:00:00,9617660.72
2026-03-14 09:00:00,9914058.36
2026-03-14 10:00:00,10196676.38
2026-03-14 11:00:00,10423378.67
2026-03-14 12:00:00,10413153.16
2026-03-14 13:00:00,10390007.39
2026-03-14 14:00:00,10373722.85
2026-03-14 15:00:00,10370395.98
2026-03-14 16:00:00,10336402.85
2026-03-14 17:00:00,10310576.19
2026-03-14 18:00:00,10872381.86
2026-03-14 19:00:00,11041011.33
2026-03-14 20:00:00,10825823.21
2026-03-14 21:00:00,10394331.11
2026-03-14 22:00:00,9917386.51
2026-03-14 23:00:00,9422106.41
2026-03-15 00:00:00,8960253.84
2026-03-15 01:00:00,8635542.69
2026-03-15 02:00:00,8334115.15
2026-03-15 03:00:00,8147167.33
2026-03-15 04:00:00,8077629.48
2026-03-15 05:00:00,8041627.81
2026-03-15 06:00:00,7825081.98
2026-03-15 07:00:00,7978576.85
2026-03-15 08:00:00,8268231.63
2026-03-15 09:00:00,8482049.03
2026-03-15 10:00:00,8738809.74
2026-03-15 11:00:00,9046580.65
2026-03-15 12:00:00,9270700.19
2026-03-15 13:00:00,9350248.81
2026-03-15 14:00:00,9355939.62
2026-03-15 15:00:00,9410510.57
2026-03-15 16:00:00,9446157.01
2026-03-15 17:00:00,9577830.53
2026-03-15 18:00:00,10322123.94
2026-03-15 19:00:00,10704622.06
2026-03-15 20:00:00,10630024.2
2026-03-15 21:00:00,10296450.36
2026-03-15 22:00:00,9825754.13
2026-03-15 23:00:00,9270071.27
2026-03-16 00:00:00,8843461.52
2026-03-16 01:00:00,8538252.39
2026-03-16 02:00:00,8330400.63
2026-03-16 03:00:00,8249952.34
2026-03-16 04:00:00,8486115.9
2026-03-16 05:00:00,8983607.98
2026-03-16 06:00:00,9133706.78
2026-03-16 07:00:00,9556029.51
2026-03-16 08:00:00,10015582.11
2026-03-16 09:00:00,10344358.42
2026-03-16 10:00:00,10714035.39
2026-03-16 11:00:00,11068039.57
2026-03-16 12:00:00,11004577.82
2026-03-16 13:00:00,11184268.52
2026-03-16 14:00:00,11503499.32
2026-03-16 15:00:00,11597229.89
2026-03-16 16:00:00,11520210.62
2026-03-16 17:00:00,11273111.45
2026-03-16 18:00:00,11724062.36
2026-03-16 19:00:00,12054711.55
2026-03-16 20:00:00,11819235.48
2026-03-16 21:00:00,11325533.07
2026-03-16 22:00:00,10582525.06
2026-03-16 23:00:00,9958648.39
2026-03-17 00:00:00,9450938.43
2026-03-17 01:00:00,9167040.77
2026-03-17 02:00:00,8934809.32
2026-03-17 03:00:00,8808424.4
2026-03-17 04:00:00,8941621.43
2026-03-17 05:00:00,9408712.04
2026-03-17 06:00:00,9451368.03
2026-03-17 07:00:00,9807709.64
2026-03-17 08:00:00,10261218.98
2026-03-17 09:00:00,10558053.08
2026-03-17 10:00:00,10843547.67
2026-03-17 11:00:00,11096687.41
2026-03-17 12:00:00,11044490.59
2026-03-17 13:00:00,11209931.66
2026-03-17 14:00:00,11578365.56
2026-03-17 15:00:00,11656790.18
2026-03-17 16:00:00,11500754.69
2026-03-17 17:00:00,11183461.16
2026-03-17 18:00:00,11667083.01
2026-03-17 19:00:00,11934951.62
2026-03-17 20:00:00,11710013.22
2026-03-17 21:00:00,11216254.48
2026-03-17 22:00:00,10529466.6
2026-03-17 23:00:00,9815937.8
2026-03-18 00:00:00,9312436.35
2026-03-18 01:00:00,8990434.86
2026-03-18 02:00:00,8732361.66
2026-03-18 03:00:00,8651641.29
2026-03-18 04:00:00,8808264.8
2026-03-18 05:00:00,9253308.54
2026-03-18 06:00:00,9370231.0
2026-03-18 07:00:00,9683291.88
2026-03-18 08:00:00,10102263.47
2026-03-18 09:00:00,10280977.11
2026-03-18 10:00:00,10590955.61
2026-03-18 11:00:00,10910053.64
2026-03-18 12:00:00,10797089.07
2026-03-18 13:00:00,11000585.04
2026-03-18 14:00:00,11290828.33
2026-03-18 15:00:00,11377085.65
2026-03-18 16:00:00,11191466.53
2026-03-18 17:00:00,10909929.47
2026-03-18 18:00:00,11427528.4
2026-03-18 19:00:00,11702042.96
2026-03-18 20:00:00,11441072.53
2026-03-18 21:00:00,10920621.61
2026-03-18 22:00:00,10218332.34
2026-03-18 23:00:00,9575604.8
2026-03-19 00:00:00,9063818.69
2026-03-19 01:00:00,8793127.27
2026-03-19 02:00:00,8578414.6
2026-03-19 03:00:00,8454548.77
2026-03-19 04:00:00,8633900.88
2026-03-19 05:00:00,9145067.27
2026-03-19 06:00:00,9255623.2
2026-03-19 07:00:00,9512654.29
2026-03-19 08:00:00,9893269.17
2026-03-19 09:00:00,10095806.0
2026-03-19 10:00:00,10449039.28
2026-03-19 11:00:00,10738000.11
2026-03-19 12:00:00,10724527.51
2026-03-19 13:00:00,10933324.5
2026-03-19 14:00:00,11217105.92
2026-03-19 15:00:00,11296009.25
2026-03-19 16:00:00,11239349.93
2026-03-19 17:00:00,11033804.38
2026-03-19 18:00:00,11581923.63
2026-03-19 19:00:00,11809142.03
2026-03-19 20:00:00,11546095.36
2026-03-19 21:00:00,11078491.29
2026-03-19 22:00:00,10418221.18
2026-03-19 23:00:00,9733084.29
2026-03-20 00:00:00,9217956.03
2026-03-20 01:00:00,8883753.96
2026-03-20 02:00:00,8627862.38
2026-03-20 03:00:00,8517176.8
2026-03-20 04:00:00,8691068.77
2026-03-20 05:00:00,9158650.46
2026-03-20 06:00:00,9282478.93
2026-03-20 07:00:00,9597524.33
2026-03-20 08:00:00,9949814.36
2026-03-20 09:00:00,10175079.71
2026-03-20 10:00:00,10562641.7
2026-03-20 11:00:00,10875761.13
2026-03-20 12:00:00,10841209.76
2026-03-20 13:00:00,10966742.51
2026-03-20 14:00:00,11234014.63
2026-03-20 15:00:00,11349000.07
2026-03-20 16:00:00,11242622.19
2026-03-20 17:00:00,11028556.38
2026-03-20 18:00:00,11553390.96
2026-03-20 19:00:00,11781238.46
2026-03-20 20:00:00,11500278.89
2026-03-20 21:00:00,11042978.24
2026-03-20 22:00:00,10457906.15
2026-03-20 23:00:00,9866256.1
2026-03-21 00:00:00,9376107.17
2026-03-21 01:00:00,9018761.04
2026-03-21 02:00:00,8758246.09
2026-03-21 03:00:00,8588021.68
2026-03-21 04:00:00,8611577.63
2026-03-21 05:00:00,8676940.36
2026-03-21 06:00:00,8737672.95
2026-03-21 07:00:00,9135882.25
2026-03-21 08:00:00,9570147.12
2026-03-21 09:00:00,9840081.61
2026-03-21 10:00:00,10070926.32
2026-03-21 11:00:00,10358555.45
2026-03-21 12:00:00,10306458.08
2026-03-21 13:00:00,10246369.58
2026-03-21 14:00:00,10211923.76
2026-03-21 15:00:00,10206213.69
2026-03-21 16:00:00,10226371.88
2026-03-21 17:00:00,10262834.16
2026-03-21 18:00:00,10879978.66
2026-03-21 19:00:00,11042473.4
2026-03-21 20:00:00,10771299.6
2026-03-21 21:00:00,10324186.48
2026-03-21 22:00:00,9824050.31
2026-03-21 23:00:00,9297768.35
2026-03-22 00:00:00,8874761.46
2026-03-22 01:00:00,8569389.29
2026-03-22 02:00:00,8277389.61
2026-03-22 03:00:00,8085312.07
2026-03-22 04:00:00,8010852.16
2026-03-22 05:00:00,7950354.78
2026-03-22 06:00:00,7687087.16
2026-03-22 07:00:00,7879209.84
2026-03-22 08:00:00,8148723.82
2026-03-22 09:00:00,8395092.89
2026-03-22 10:00:00,8637896.14
2026-03-22 11:00:00,8927290.13
2026-03-22 12:00:00,9109461.06
2026-03-22 13:00:00,9162468.07
2026-03-22 14:00:00,9138871.51
2026-03-22 15:00:00,9154098.53
2026-03-22 16:00:00,9244991.28
2026-03-22 17:00:00,9356419.22
2026-03-22 18:00:00,10029164.02
2026-03-22 19:00:00,10372976.61
2026-03-22 20:00:00,10238615.64
2026-03-22 21:00:00,9995405.49
2026-03-22 22:00:00,9634243.83
2026-03-22 23:00:00,9163433.61
2026-03-23 00:00:00,8785781.41
2026-03-23 01:00:00,8483355.98
2026-03-23 02:00:00,8255677.23
2026-03-23 03:00:00,8084882.64
2026-03-23 04:00:00,8006146.68
2026-03-23 05:00:00,8004459.62
2026-03-23 06:00:00,7863250.26
2026-03-23 07:00:00,8151191.0
2026-03-23 08:00:00,8504945.45
2026-03-23 09:00:00,8838274.03
2026-03-23 10:00:00,9151513.88
2026-03-23 11:00:00,9508637.32
2026-03-23 12:00:00,9670986.02
2026-03-23 13:00:00,9717183.91
2026-03-23 14:00:00,9679643.0
2026-03-23 15:00:00,9677070.14
2026-03-23 16:00:00,9705716.67
2026-03-23 17:00:00,9823484.52
2026-03-23 18:00:00,10651161.33
2026-03-23 19:00:00,10944411.37
2026-03-23 20:00:00,10790619.28
2026-03-23 21:00:00,10417466.1
2026-03-23 22:00:00,9877094.49
2026-03-23 23:00:00,9330343.23
2026-03-24 00:00:00,8906099.31
2026-03-24 01:00:00,8615676.55
2026-03-24 02:00:00,8416736.44
2026-03-24 03:00:00,8343157.72
2026-03-24 04:00:00,8530073.23
2026-03-24 05:00:00,9065623.32
2026-03-24 06:00:00,9219546.23
2026-03-24 07:00:00,9617155.53
2026-03-24 08:00:00,10099320.24
2026-03-24 09:00:00,10335095.99
2026-03-24 10:00:00,10648246.86
2026-03-24 11:00:00,10840657.79
2026-03-24 12:00:00,10796019.25
2026-03-24 13:00:00,10990539.93
2026-03-24 14:00:00,11248863.52
2026-03-24 15:00:00,11331229.89
2026-03-24 16:00:00,11230035.22
2026-03-24 17:00:00,11074794.88
2026-03-24 18:00:00,11611767.36
2026-03-24 19:00:00,11808416.55
2026-03-24 20:00:00,11548210.12
2026-03-24 21:00:00,11068319.2
2026-03-24 22:00:00,10401887.49
2026-03-24 23:00:00,9764295.36
2026-03-25 00:00:00,9275758.4
2026-03-25 01:00:00,8972300.1
2026-03-25 02:00:00,8760207.56
2026-03-25 03:00:00,8653475.67
2026-03-25 04:00:00,8810849.76
2026-03-25 05:00:00,9313234.62
2026-03-25 06:00:00,9462345.37
2026-03-25 07:00:00,9804742.82
2026-03-25 08:00:00,10231092.66
2026-03-25 09:00:00,10414337.31
2026-03-25 10:00:00,10808869.17
2026-03-25 11:00:00,11055990.75
2026-03-25 12:00:00,10982793.17
2026-03-25 13:00:00,11136506.87
2026-03-25 14:00:00,11462922.74
2026-03-25 15:00:00,11561519.96
2026-03-25 16:00:00,11466725.83
2026-03-25 17:00:00,11254534.21
2026-03-25 18:00:00,11801750.67
2026-03-25 19:00:00,12069666.5
2026-03-25 20:00:00,11792868.23
2026-03-25 21:00:00,11316907.49
2026-03-25 22:00:00,10581853.23
2026-03-25 23:00:00,9915990.88
2026-03-26 00:00:00,9413078.39
2026-03-26 01:00:00,9074871.3
2026-03-26 02:00:00,8850075.12
2026-03-26 03:00:00,8726543.69
2026-03-26 04:00:00,8913962.07
2026-03-26 05:00:00,9372684.9
2026-03-26 06:00:00,9481866.91
2026-03-26 07:00:00,9824526.28
2026-03-26 08:00:00,10222816.42
2026-03-26 09:00:00,10420617.69
2026-03-26 10:00:00,10811016.83
2026-03-26 11:00:00,11137359.41
2026-03-26 12:00:00,11090943.79
2026-03-26 13:00:00,11294099.82
2026-03-26 14:00:00,11614235.32
2026-03-26 15:00:00,11745406.29
2026-03-26 16:00:00,11658017.32
2026-03-26 17:00:00,11444883.53
2026-03-26 18:00:00,11967730.19
2026-03-26 19:00:00,12153765.4
2026-03-26 20:00:00,11826096.01
2026-03-26 21:00:00,11331871.76
2026-03-26 22:00:00,10644402.55
2026-03-26 23:00:00,9962062.63
2026-03-27 00:00:00,9458116.89
2026-03-27 01:00:00,9116036.17
2026-03-27 02:00:00,8871791.96
2026-03-27 03:00:00,8698466.57
2026-03-27 04:00:00,8829520.46
2026-03-27 05:00:00,9250250.62
2026-03-27 06:00:00,9423768.33
2026-03-27 07:00:00,9808334.49
2026-03-27 08:00:00,10231514.08
2026-03-27 09:00:00,10386405.55
2026-03-27 10:00:00,10746975.08
2026-03-27 11:00:00,11093483.79
2026-03-27 12:00:00,11083709.58
2026-03-27 13:00:00,11115100.97
2026-03-27 14:00:00,11278367.2
2026-03-27 15:00:00,11359545.76
2026-03-27 16:00:00,11235895.9
2026-03-27 17:00:00,11060720.49
2026-03-27 18:00:00,11605877.51
2026-03-27 19:00:00,11765111.8
2026-03-27 20:00:00,11498973.39
2026-03-27 21:00:00,10997575.08
2026-03-27 22:00:00,10414258.72
2026-03-27 23:00:00,9837238.04
2026-03-28 00:00:00,9373218.96
2026-03-28 01:00:00,9034161.13
2026-03-28 02:00:00,8788937.95
2026-03-28 03:00:00,8648940.38
2026-03-28 04:00:00,8648472.8
2026-03-28 05:00:00,8770819.06
2026-03-28 06:00:00,8861909.98
2026-03-28 07:00:00,9301104.47
2026-03-28 08:00:00,9751616.3
2026-03-28 09:00:00,10021933.8
2026-03-28 10:00:00,10333786.76
2026-03-28 11:00:00,10577985.45
2026-03-28 12:00:00,10571569.6
2026-03-28 13:00:00,10569061.89
2026-03-28 14:00:00,10589247.85
2026-03-28 15:00:00,10558799.14
2026-03-28 16:00:00,10492373.2
2026-03-28 17:00:00,10439455.02
2026-03-28 18:00:00,11044740.99
2026-03-28 19:00:00,11185369.04
2026-03-28 20:00:00,10915274.54
2026-03-28 21:00:00,10527534.11
2026-03-28 22:00:00,10038620.22
2026-03-28 23:00:00,9563993.24
2026-03-29 00:00:00,9149334.04
2026-03-29 01:00:00,8814525.74
2026-03-29 02:00:00,8551802.04
2026-03-29 03:00:00,8351157.84
2026-03-29 04:00:00,8244246.46
2026-03-29 05:00:00,8199787.98
2026-03-29 06:00:00,7961687.84
2026-03-29 07:00:00,8191897.32
2026-03-29 08:00:00,8543790.75
2026-03-29 09:00:00,8800942.38
2026-03-29 10:00:00,8994851.05
2026-03-29 11:00:00,9218408.12
2026-03-29 12:00:00,9434820.83
2026-03-29 13:00:00,9576493.71
2026-03-29 14:00:00,9635337.33
2026-03-29 15:00:00,9737780.59
2026-03-29 16:00:00,9706913.0
2026-03-29 17:00:00,9704187.2
2026-03-29 18:00:00,10379520.86
2026-03-29 19:00:00,10704837.96
2026-03-29 20:00:00,10571658.84
2026-03-29 21:00:00,10204273.12
2026-03-29 22:00:00,9716793.6
2026-03-29 23:00:00,9256742.51
2026-03-30 00:00:00,8884034.6
2026-03-30 01:00:00,8604859.3
2026-03-30 02:00:00,8374975.04
2026-03-30 03:00:00,8260089.71
2026-03-30 04:00:00,8355798.38
2026-03-30 05:00:00,8590248.86
2026-03-30 06:00:00,8811372.41
2026-03-30 07:00:00,9416673.67
2026-03-30 08:00:00,9958388.91
2026-03-30 09:00:00,10236590.29
2026-03-30 10:00:00,10554004.94
2026-03-30 11:00:00,10877004.12
2026-03-30 12:00:00,10976390.34
2026-03-30 13:00:00,10904146.83
2026-03-30 14:00:00,11096848.17
2026-03-30 15:00:00,11203826.63
2026-03-30 16:00:00,11105235.03
2026-03-30 17:00:00,10870153.06
2026-03-30 18:00:00,11298940.32
2026-03-30 19:00:00,11457399.52
2026-03-30 20:00:00,11196395.91
2026-03-30 21:00:00,10776363.35
2026-03-30 22:00:00,10187098.43
2026-03-30 23:00:00,9584221.03
2026-03-31 00:00:00,9086384.62
2026-03-31 01:00:00,8784061.88
2026-03-31 02:00:00,8541682.75
2026-03-31 03:00:00,8418024.32
2026-03-31 04:00:00,8504654.5
2026-03-31 05:00:00,8726562.81
2026-03-31 06:00:00,8905362.59
2026-03-31 07:00:00,9403261.48
2026-03-31 08:00:00,9857309.7
2026-03-31 09:00:00,10110144.17
2026-03-31 10:00:00,10408625.48
2026-03-31 11:00:00,10732947.35
2026-03-31 12:00:00,10844115.33
2026-03-31 13:00:00,11025400.84
2026-03-31 14:00:00,11156019.78
2026-03-31 15:00:00,11202303.09
2026-03-31 16:00:00,11082655.48
2026-03-31 17:00:00,10803288.96
2026-03-31 18:00:00,11302742.51
2026-03-31 19:00:00,11482389.22
2026-03-31 20:00:00,11186314.87
2026-03-31 21:00:00,10794686.03
2026-03-31 22:00:00,10217171.22
2026-03-31 23:00:00,9637191.22
2026-04-01 00:00:00,9114665.35
2026-04-01 01:00:00,8810129.02
2026-04-01 02:00:00,8565561.2
2026-04-01 03:00:00,8415091.52
2026-04-01 04:00:00,8482850.7
2026-04-01 05:00:00,8627796.99
2026-04-01 06:00:00,8776824.9
2026-04-01 07:00:00,9247802.1
2026-04-01 08:00:00,9621665.78
2026-04-01 09:00:00,9856588.46
2026-04-01 10:00:00,10203522.03
2026-04-01 11:00:00,10502292.59
2026-04-01 12:00:00,10551815.71
2026-04-01 13:00:00,10724580.37
2026-04-01 14:00:00,10852275.24
2026-04-01 15:00:00,10800138.95
2026-04-01 16:00:00,10648654.52
2026-04-01 17:00:00,10489026.79
2026-04-01 18:00:00,10926128.94
2026-04-01 19:00:00,10986303.58
2026-04-01 20:00:00,10730717.45
2026-04-01 21:00:00,10380673.8
2026-04-01 22:00:00,9874709.29
2026-04-01 23:00:00,9273811.4
2026-04-02 00:00:00,8816168.14
2026-04-02 01:00:00,8477841.81
2026-04-02 02:00:00,8221799.05
2026-04-02 03:00:00,8050850.94
2026-04-02 04:00:00,8004724.61
2026-04-02 05:00:00,7931881.92
2026-04-02 06:00:00,7702884.1
2026-04-02 07:00:00,7922344.53
2026-04-02 08:00:00,8209135.63
2026-04-02 09:00:00,8355937.47
2026-04-02 10:00:00,8625930.34
2026-04-02 11:00:00,8958837.56
2026-04-02 12:00:00,9171721.35
2026-04-02 13:00:00,9187689.92
2026-04-02 14:00:00,9179406.06
2026-04-02 15:00:00,9172436.42
2026-04-02 16:00:00,9224016.86
2026-04-02 17:00:00,9314525.85
2026-04-02 18:00:00,9962334.33
2026-04-02 19:00:00,10180552.5
2026-04-02 20:00:00,9981076.61
2026-04-02 21:00:00,9694380.22
2026-04-02 22:00:00,9349427.59
2026-04-02 23:00:00,8913762.05
2026-04-03 00:00:00,8539399.05
2026-04-03 01:00:00,8204841.74
2026-04-03 02:00:00,7977867.76
2026-04-03 03:00:00,7820567.75
2026-04-03 04:00:00,7734925.09
2026-04-03 05:00:00,7672686.22
2026-04-03 06:00:00,7425100.05
2026-04-03 07:00:00,7550697.22
2026-04-03 08:00:00,7772579.71
2026-04-03 09:00:00,7954695.13
2026-04-03 10:00:00,8172397.8
2026-04-03 11:00:00,8499807.03
2026-04-03 12:00:00,8779560.66
2026-04-03 13:00:00,8822441.0
2026-04-03 14:00:00,8835647.52
2026-04-03 15:00:00,8804749.23
2026-04-03 16:00:00,8887159.02
2026-04-03 17:00:00,8971896.38
2026-04-03 18:00:00,9659534.23
2026-04-03 19:00:00,9931018.16
2026-04-03 20:00:00,9768591.87
2026-04-03 21:00:00,9589327.45
2026-04-03 22:00:00,9285430.65
2026-04-03 23:00:00,8857049.66
2026-04-04 00:00:00,8489034.86
2026-04-04 01:00:00,8188223.57
2026-04-04 02:00:00,7968300.88
2026-04-04 03:00:00,7852407.2
2026-04-04 04:00:00,7841638.54
2026-04-04 05:00:00,7802581.24
2026-04-04 06:00:00,7753284.31
2026-04-04 07:00:00,8114301.01
2026-04-04 08:00:00,8528237.55
2026-04-04 09:00:00,8901511.86
2026-04-04 10:00:00,9240384.14
2026-04-04 11:00:00,9539792.09
2026-04-04 12:00:00,9681171.97
2026-04-04 13:00:00,9764386.82
2026-04-04 14:00:00,9810112.57
2026-04-04 15:00:00,9884295.2
2026-04-04 16:00:00,9870282.14
2026-04-04 17:00:00,9946830.62
2026-04-04 18:00:00,10551759.35
2026-04-04 19:00:00,10680138.85
2026-04-04 20:00:00,10433318.46
2026-04-04 21:00:00,10071865.92
2026-04-04 22:00:00,9680373.74
2026-04-04 23:00:00,9270144.72
2026-04-05 00:00:00,8865878.55
2026-04-05 01:00:00,8529990.19
2026-04-05 02:00:00,8299834.41
2026-04-05 03:00:00,8036090.34
2026-04-05 04:00:00,7829799.7
2026-04-05 05:00:00,7854076.89
2026-04-05 06:00:00,7617736.78
2026-04-05 07:00:00,7859195.38
2026-04-05 08:00:00,8221098.01
2026-04-05 09:00:00,8526999.98
2026-04-05 10:00:00,8828322.65
2026-04-05 11:00:00,9088993.45
2026-04-05 12:00:00,9303196.29
2026-04-05 13:00:00,9379920.65
2026-04-05 14:00:00,9357269.75
2026-04-05 15:00:00,9318924.89
2026-04-05 16:00:00,9333609.3
2026-04-05 17:00:00,9421014.25
2026-04-05 18:00:00,10168598.41
2026-04-05 19:00:00,10422155.3
2026-04-05 20:00:00,10332854.44
2026-04-05 21:00:00,10084454.67
2026-04-05 22:00:00,9605645.42
2026-04-05 23:00:00,9059389.45
2026-04-06 00:00:00,8651397.73
2026-04-06 01:00:00,8383080.17
2026-04-06 02:00:00,8199227.8
2026-04-06 03:00:00,8136099.02
2026-04-06 04:00:00,8356922.06
2026-04-06 05:00:00,8828439.0
2026-04-06 06:00:00,8976807.5
2026-04-06 07:00:00,9474592.12
2026-04-06 08:00:00,9966675.13
2026-04-06 09:00:00,10244178.43
2026-04-06 10:00:00,10672375.85
2026-04-06 11:00:00,10966550.24
2026-04-06 12:00:00,10901881.18
2026-04-06 13:00:00,11003397.01
2026-04-06 14:00:00,11304248.59
2026-04-06 15:00:00,11354178.68
2026-04-06 16:00:00,11313818.67
2026-04-06 17:00:00,11145019.61
2026-04-06 18:00:00,11701183.94
2026-04-06 19:00:00,11725528.19
2026-04-06 20:00:00,11517831.34
2026-04-06 21:00:00,11038925.92
2026-04-06 22:00:00,10430010.38
2026-04-06 23:00:00,9826385.01
2026-04-07 00:00:00,9281242.13
2026-04-07 01:00:00,9061312.03
2026-04-07 02:00:00,8864141.76
2026-04-07 03:00:00,8775595.5
2026-04-07 04:00:00,8925597.92
2026-04-07 05:00:00,9376838.22
2026-04-07 06:00:00,9422556.53
2026-04-07 07:00:00,9770572.47
2026-04-07 08:00:00,10233559.57
2026-04-07 09:00:00,10499611.03
2026-04-07 10:00:00,10902448.69
2026-04-07 11:00:00,11263892.17
2026-04-07 12:00:00,11218275.35
2026-04-07 13:00:00,11412167.15
2026-04-07 14:00:00,11689468.39
2026-04-07 15:00:00,11776133.32
2026-04-07 16:00:00,11547808.54
2026-04-07 17:00:00,11235840.3
2026-04-07 18:00:00,11776686.63
2026-04-07 19:00:00,11965736.19
2026-04-07 20:00:00,11677170.73
2026-04-07 21:00:00,11180957.32
2026-04-07 22:00:00,10515908.23
2026-04-07 23:00:00,9876460.97
2026-04-08 00:00:00,9409685.99
2026-04-08 01:00:00,9107176.72
2026-04-08 02:00:00,8878585.1
2026-04-08 03:00:00,8787128.15
2026-04-08 04:00:00,8922711.48
2026-04-08 05:00:00,9456070.15
2026-04-08 06:00:00,9554695.86
2026-04-08 07:00:00,9923443.38
2026-04-08 08:00:00,10281000.65
2026-04-08 09:00:00,10537578.17
2026-04-08 10:00:00,10912716.67
2026-04-08 11:00:00,11211080.82
2026-04-08 12:00:00,11114339.36
2026-04-08 13:00:00,11319505.01
2026-04-08 14:00:00,11570547.2
2026-04-08 15:00:00,11669424.38
2026-04-08 16:00:00,11521400.55
2026-04-08 17:00:00,11272407.97
2026-04-08 18:00:00,11904397.03
2026-04-08 19:00:00,12109900.75
2026-04-08 20:00:00,11864883.21
2026-04-08 21:00:00,11348930.5
2026-04-08 22:00:00,10667920.21
2026-04-08 23:00:00,10011826.48
2026-04-09 00:00:00,9497538.23
2026-04-09 01:00:00,9183311.48
2026-04-09 02:00:00,8948608.1
2026-04-09 03:00:00,8844283.2
2026-04-09 04:00:00,8975762.79
2026-04-09 05:00:00,9462409.8
2026-04-09 06:00:00,9582121.32
2026-04-09 07:00:00,9954844.66
2026-04-09 08:00:00,10331249.4
2026-04-09 09:00:00,10642121.04
2026-04-09 10:00:00,10979577.69
2026-04-09 11:00:00,11288706.46
2026-04-09 12:00:00,11259002.5
2026-04-09 13:00:00,11456878.03
2026-04-09 14:00:00,11718777.78
2026-04-09 15:00:00,11676132.17
2026-04-09 16:00:00,11589145.27
2026-04-09 17:00:00,11352564.24
2026-04-09 18:00:00,11849471.62
2026-04-09 19:00:00,12027053.84
2026-04-09 20:00:00,11853880.21
2026-04-09 21:00:00,11410518.61
2026-04-09 22:00:00,10764548.4
2026-04-09 23:00:00,10093304.36
2026-04-10 00:00:00,9625624.64
2026-04-10 01:00:00,9299954.03
2026-04-10 02:00:00,9072955.34
2026-04-10 03:00:00,8957293.17
2026-04-10 04:00:00,9079067.66
2026-04-10 05:00:00,9452423.25
2026-04-10 06:00:00,9534587.18
2026-04-10 07:00:00,9929434.84
2026-04-10 08:00:00,10408618.7
2026-04-10 09:00:00,10706030.38
2026-04-10 10:00:00,11083321.35
2026-04-10 11:00:00,11405698.63
2026-04-10 12:00:00,11423209.37
2026-04-10 13:00:00,11584418.52
2026-04-10 14:00:00,11621832.47
2026-04-10 15:00:00,11488913.66
2026-04-10 16:00:00,11467684.76
2026-04-10 17:00:00,11225028.86
2026-04-10 18:00:00,11705854.29
2026-04-10 19:00:00,11864930.11
2026-04-10 20:00:00,11669118.32
2026-04-10 21:00:00,11217800.61
2026-04-10 22:00:00,10637459.18
2026-04-10 23:00:00,10072234.4
2026-04-11 00:00:00,9595672.76
2026-04-11 01:00:00,9271665.95
2026-04-11 02:00:00,9014634.82
2026-04-11 03:00:00,8849734.7
2026-04-11 04:00:00,8832334.55
2026-04-11 05:00:00,8894749.18
2026-04-11 06:00:00,8988486.65
2026-04-11 07:00:00,9456551.77
2026-04-11 08:00:00,9958753.11
2026-04-11 09:00:00,10281539.3
2026-04-11 10:00:00,10553761.57
2026-04-11 11:00:00,10772723.81
2026-04-11 12:00:00,10688562.8
2026-04-11 13:00:00,10580586.77
2026-04-11 14:00:00,10571171.78
2026-04-11 15:00:00,10607834.47
2026-04-11 16:00:00,10607582.73
2026-04-11 17:00:00,10637638.23
2026-04-11 18:00:00,11261471.25
2026-04-11 19:00:00,11379250.75
2026-04-11 20:00:00,11091880.43
2026-04-11 21:00:00,10668103.57
2026-04-11 22:00:00,10182994.14
2026-04-11 23:00:00,9668073.39
2026-04-12 00:00:00,9230712.88
2026-04-12 01:00:00,8897678.09
2026-04-12 02:00:00,8611843.2
2026-04-12 03:00:00,8390118.0
2026-04-12 04:00:00,8301551.75
2026-04-12 05:00:00,8154395.15
2026-04-12 06:00:00,7919773.96
2026-04-12 07:00:00,8132273.79
2026-04-12 08:00:00,8455171.13
2026-04-12 09:00:00,8760835.75
2026-04-12 10:00:00,9098721.7
2026-04-12 11:00:00,9403369.96
2026-04-12 12:00:00,9603401.6
2026-04-12 13:00:00,9605683.39
2026-04-12 14:00:00,9632741.71
2026-04-12 15:00:00,9692147.24
2026-04-12 16:00:00,9755146.87
2026-04-12 17:00:00,9826969.07
2026-04-12 18:00:00,10608560.24
2026-04-12 19:00:00,10894541.12
2026-04-12 20:00:00,10828271.59
2026-04-12 21:00:00,10541500.55
2026-04-12 22:00:00,10067804.81
2026-04-12 23:00:00,9506724.09
2026-04-13 00:00:00,9083245.03
2026-04-13 01:00:00,8811492.88
2026-04-13 02:00:00,8626832.58
2026-04-13 03:00:00,8513777.82
2026-04-13 04:00:00,8699899.06
2026-04-13 05:00:00,9109359.46
2026-04-13 06:00:00,9244197.89
2026-04-13 07:00:00,9671646.18
2026-04-13 08:00:00,10218019.88
2026-04-13 09:00:00,10486236.3
2026-04-13 10:00:00,10743990.33
2026-04-13 11:00:00,11094929.25
2026-04-13 12:00:00,11048468.59
2026-04-13 13:00:00,11231746.17
2026-04-13 14:00:00,11467829.63
2026-04-13 15:00:00,11509260.61
2026-04-13 16:00:00,11401042.93
2026-04-13 17:00:00,11184347.63
2026-04-13 18:00:00,11746304.32
2026-04-13 19:00:00,11911384.75
2026-04-13 20:00:00,11675934.37
2026-04-13 21:00:00,11140335.81
2026-04-13 22:00:00,10445771.38
2026-04-13 23:00:00,9798520.44
2026-04-14 00:00:00,9353989.15
2026-04-14 01:00:00,9058390.62
2026-04-14 02:00:00,8831458.45
2026-04-14 03:00:00,8734698.02
2026-04-14 04:00:00,8910456.49
2026-04-14 05:00:00,9343448.96
2026-04-14 06:00:00,9412506.7
2026-04-14 07:00:00,9764414.73
2026-04-14 08:00:00,10135843.59
2026-04-14 09:00:00,10367421.49
2026-04-14 10:00:00,10742117.34
2026-04-14 11:00:00,11130287.68
2026-04-14 12:00:00,11072055.22
2026-04-14 13:00:00,11267058.19
2026-04-14 14:00:00,11458677.85
2026-04-14 15:00:00,11515770.77
2026-04-14 16:00:00,11356937.31
2026-04-14 17:00:00,11152116.73
2026-04-14 18:00:00,11663993.73
2026-04-14 19:00:00,11812603.22
2026-04-14 20:00:00,11524724.5
2026-04-14 21:00:00,11061242.34
2026-04-14 22:00:00,10358749.4
2026-04-14 23:00:00,9718535.32
2026-04-15 00:00:00,9214118.82
2026-04-15 01:00:00,8852766.16
2026-04-15 02:00:00,8719119.26
2026-04-15 03:00:00,8600463.46
2026-04-15 04:00:00,8776235.97
2026-04-15 05:00:00,9185279.82
2026-04-15 06:00:00,9339921.9
2026-04-15 07:00:00,9727917.84
2026-04-15 08:00:00,10155355.47
2026-04-15 09:00:00,10300781.32
2026-04-15 10:00:00,10719630.93
2026-04-15 11:00:00,10950578.64
2026-04-15 12:00:00,10911114.17
2026-04-15 13:00:00,11133487.39
2026-04-15 14:00:00,11377455.91
2026-04-15 15:00:00,11453267.98
2026-04-15 16:00:00,11300645.27
2026-04-15 17:00:00,11106065.34
2026-04-15 18:00:00,11656785.64
2026-04-15 19:00:00,11814902.91
2026-04-15 20:00:00,11577987.24
2026-04-15 21:00:00,11104067.01
2026-04-15 22:00:00,10429610.55
2026-04-15 23:00:00,9808470.98
2026-04-16 00:00:00,9292021.75
2026-04-16 01:00:00,8998465.03
2026-04-16 02:00:00,8777610.69
2026-04-16 03:00:00,8703284.65
2026-04-16 04:00:00,8883164.91
2026-04-16 05:00:00,9341111.77
2026-04-16 06:00:00,9457714.59
2026-04-16 07:00:00,9833484.21
2026-04-16 08:00:00,10249035.58
2026-04-16 09:00:00,10445924.91
2026-04-16 10:00:00,10734494.1
2026-04-16 11:00:00,10949734.36
2026-04-16 12:00:00,10900234.61
2026-04-16 13:00:00,11059673.66
2026-04-16 14:00:00,11263982.3
2026-04-16 15:00:00,11386715.67
2026-04-16 16:00:00,11327263.2
2026-04-16 17:00:00,11019878.7
2026-04-16 18:00:00,11616347.44
2026-04-16 19:00:00,11806629.81
2026-04-16 20:00:00,11553721.97
2026-04-16 21:00:00,11078635.79
2026-04-16 22:00:00,10452762.93
2026-04-16 23:00:00,9810106.41
2026-04-17 00:00:00,9362660.33
2026-04-17 01:00:00,9087268.2
2026-04-17 02:00:00,8852558.97
2026-04-17 03:00:00,8740593.0
2026-04-17 04:00:00,8855896.05
2026-04-17 05:00:00,9244603.68
2026-04-17 06:00:00,9382444.76
2026-04-17 07:00:00,9791172.06
2026-04-17 08:00:00,10270325.38
2026-04-17 09:00:00,10480484.22
2026-04-17 10:00:00,10809488.1
2026-04-17 11:00:00,11069592.13
2026-04-17 12:00:00,10976097.81
2026-04-17 13:00:00,11005800.41
2026-04-17 14:00:00,11286359.36
2026-04-17 15:00:00,11256973.59
2026-04-17 16:00:00,11147014.85
2026-04-17 17:00:00,10945177.85
2026-04-17 18:00:00,11454203.7
2026-04-17 19:00:00,11593553.59
2026-04-17 20:00:00,11307316.93
2026-04-17 21:00:00,10880013.55
2026-04-17 22:00:00,10351863.26
2026-04-17 23:00:00,9771454.36
2026-04-18 00:00:00,9301598.61
2026-04-18 01:00:00,8951144.67
2026-04-18 02:00:00,8735558.79
2026-04-18 03:00:00,8581436.45
2026-04-18 04:00:00,8583476.46
2026-04-18 05:00:00,8637248.43
2026-04-18 06:00:00,8753720.67
2026-04-18 07:00:00,9161476.59
2026-04-18 08:00:00,9609855.03
2026-04-18 09:00:00,9923409.0
2026-04-18 10:00:00,10202195.5
2026-04-18 11:00:00,10408265.66
2026-04-18 12:00:00,10443692.23
2026-04-18 13:00:00,10437800.45
2026-04-18 14:00:00,10353647.69
2026-04-18 15:00:00,10373756.41
2026-04-18 16:00:00,10328586.17
2026-04-18 17:00:00,10418162.44
2026-04-18 18:00:00,10992251.82
2026-04-18 19:00:00,11100212.59
2026-04-18 20:00:00,10816833.49
2026-04-18 21:00:00,10325470.23
2026-04-18 22:00:00,9850293.65
2026-04-18 23:00:00,9394381.45
2026-04-19 00:00:00,8979463.03
2026-04-19 01:00:00,8650049.43
2026-04-19 02:00:00,8388013.95
2026-04-19 03:00:00,8173301.1
2026-04-19 04:00:00,8099822.33
2026-04-19 05:00:00,7996564.01
2026-04-19 06:00:00,7735406.51
2026-04-19 07:00:00,7919602.62
2026-04-19 08:00:00,8201485.49
2026-04-19 09:00:00,8508028.35
2026-04-19 10:00:00,8861051.03
2026-04-19 11:00:00,9208665.09
2026-04-19 12:00:00,9394751.27
2026-04-19 13:00:00,9409885.3
2026-04-19 14:00:00,9373471.02
2026-04-19 15:00:00,9414799.84
2026-04-19 16:00:00,9391294.98
2026-04-19 17:00:00,9535105.84
2026-04-19 18:00:00,10310692.45
2026-04-19 19:00:00,10632058.96
2026-04-19 20:00:00,10537603.41
2026-04-19 21:00:00,10231940.2
2026-04-19 22:00:00,9754792.12
2026-04-19 23:00:00,9201296.29
2026-04-20 00:00:00,8770303.19
2026-04-20 01:00:00,8525884.72
2026-04-20 02:00:00,8285872.53
2026-04-20 03:00:00,8214367.0
2026-04-20 04:00:00,8396415.05
2026-04-20 05:00:00,8797367.72
2026-04-20 06:00:00,8933941.41
2026-04-20 07:00:00,9364335.01
2026-04-20 08:00:00,9866201.17
2026-04-20 09:00:00,10178624.79
2026-04-20 10:00:00,10585311.53
2026-04-20 11:00:00,10957104.51
2026-04-20 12:00:00,10947636.33
2026-04-20 13:00:00,11160938.47
2026-04-20 14:00:00,11421369.34
2026-04-20 15:00:00,11479208.26
2026-04-20 16:00:00,11255329.97
2026-04-20 17:00:00,11028102.64
2026-04-20 18:00:00,11583267.95
2026-04-20 19:00:00,11809726.95
2026-04-20 20:00:00,11615414.89
2026-04-20 21:00:00,11133821.64
2026-04-20 22:00:00,10450179.35
2026-04-20 23:00:00,9798567.41
2026-04-21 00:00:00,9293230.23
2026-04-21 01:00:00,8986896.39
2026-04-21 02:00:00,8766427.36
2026-04-21 03:00:00,8666938.02
2026-04-21 04:00:00,8824106.71
2026-04-21 05:00:00,9267827.21
2026-04-21 06:00:00,9328357.24
2026-04-21 07:00:00,9702913.35
2026-04-21 08:00:00,10060067.64
2026-04-21 09:00:00,10311606.18
2026-04-21 10:00:00,10697799.42
2026-04-21 11:00:00,11016768.62
2026-04-21 12:00:00,11005913.87
2026-04-21 13:00:00,11167795.35
2026-04-21 14:00:00,11410802.31
2026-04-21 15:00:00,11542377.73
2026-04-21 16:00:00,11382923.98
2026-04-21 17:00:00,11182554.51
2026-04-21 18:00:00,11677521.27
2026-04-21 19:00:00,11839705.67
2026-04-21 20:00:00,11598938.45
2026-04-21 21:00:00,11122995.59
2026-04-21 22:00:00,10419079.94
2026-04-21 23:00:00,9759656.33
2026-04-22 00:00:00,9299743.43
2026-04-22 01:00:00,9025895.44
2026-04-22 02:00:00,8810778.65
2026-04-22 03:00:00,8662060.58
2026-04-22 04:00:00,8853643.66
2026-04-22 05:00:00,9316658.12
2026-04-22 06:00:00,9408632.53
2026-04-22 07:00:00,9716182.1
2026-04-22 08:00:00,10076759.87
2026-04-22 09:00:00,10312263.58
2026-04-22 10:00:00,10616898.65
2026-04-22 11:00:00,10958626.9
2026-04-22 12:00:00,10891465.9
2026-04-22 13:00:00,11093588.79
2026-04-22 14:00:00,11380252.53
2026-04-22 15:00:00,11500780.44
2026-04-22 16:00:00,11341774.92
2026-04-22 17:00:00,11112130.45
2026-04-22 18:00:00,11668655.03
2026-04-22 19:00:00,11849280.91
2026-04-22 20:00:00,11612688.36
2026-04-22 21:00:00,11125612.01
2026-04-22 22:00:00,10426237.33
2026-04-22 23:00:00,9795392.08
2026-04-23 00:00:00,9300461.25
2026-04-23 01:00:00,8970177.35
2026-04-23 02:00:00,8749081.74
2026-04-23 03:00:00,8633345.22
2026-04-23 04:00:00,8802398.7
2026-04-23 05:00:00,9260469.34
2026-04-23 06:00:00,9386683.46
2026-04-23 07:00:00,9747401.32
2026-04-23 08:00:00,10116068.27
2026-04-23 09:00:00,10370770.52
2026-04-23 10:00:00,10698309.01
2026-04-23 11:00:00,11004960.49
2026-04-23 12:00:00,10894975.69
2026-04-23 13:00:00,11015169.8
2026-04-23 14:00:00,11263071.46
2026-04-23 15:00:00,11408906.76
2026-04-23 16:00:00,11370821.28
2026-04-23 17:00:00,11141416.21
2026-04-23 18:00:00,11696609.49
2026-04-23 19:00:00,11893010.16
2026-04-23 20:00:00,11605625.45
2026-04-23 21:00:00,11112341.09
2026-04-23 22:00:00,10393672.07
2026-04-23 23:00:00,9676761.85
2026-04-24 00:00:00,9262075.72
2026-04-24 01:00:00,9005333.0
2026-04-24 02:00:00,8790670.3
2026-04-24 03:00:00,8668409.88
2026-04-24 04:00:00,8820569.74
2026-04-24 05:00:00,9198555.62
2026-04-24 06:00:00,9036362.29
2026-04-24 07:00:00,9315096.37
2026-04-24 08:00:00,9849205.98
2026-04-24 09:00:00,10297670.16
2026-04-24 10:00:00,10731109.39
2026-04-24 11:00:00,11089599.07
2026-04-24 12:00:00,11057504.21
2026-04-24 13:00:00,11187453.34
2026-04-24 14:00:00,11344761.43
2026-04-24 15:00:00,11442982.3
2026-04-24 16:00:00,11330240.84
2026-04-24 17:00:00,11199703.66
2026-04-24 18:00:00,11707169.26
2026-04-24 19:00:00,11821492.68
2026-04-24 20:00:00,11549557.91
2026-04-24 21:00:00,11045736.37
2026-04-24 22:00:00,10452462.4
2026-04-24 23:00:00,9862496.1
2026-04-25 00:00:00,9347161.43
2026-04-25 01:00:00,9049588.31
2026-04-25 02:00:00,8824360.28
2026-04-25 03:00:00,8647713.59
2026-04-25 04:00:00,8623743.05
2026-04-25 05:00:00,8690673.01
2026-04-25 06:00:00,8827404.02
2026-04-25 07:00:00,9316595.53
2026-04-25 08:00:00,9796865.49
2026-04-25 09:00:00,10108109.5
2026-04-25 10:00:00,10368414.64
2026-04-25 11:00:00,10538400.14
2026-04-25 12:00:00,10496818.29
2026-04-25 13:00:00,10402269.61
2026-04-25 14:00:00,10387514.15
2026-04-25 15:00:00,10377371.98
2026-04-25 16:00:00,10410692.42
2026-04-25 17:00:00,10478480.69
2026-04-25 18:00:00,11033403.83
2026-04-25 19:00:00,11107886.77
2026-04-25 20:00:00,10704026.22
2026-04-25 21:00:00,10359308.24
2026-04-25 22:00:00,9889533.46
2026-04-25 23:00:00,9426086.9
2026-04-26 00:00:00,8987030.89
2026-04-26 01:00:00,8643366.5
2026-04-26 02:00:00,8384065.51
2026-04-26 03:00:00,8198494.27
2026-04-26 04:00:00,8126356.87
2026-04-26 05:00:00,8002682.3
2026-04-26 06:00:00,7819043.77
2026-04-26 07:00:00,8044207.35
2026-04-26 08:00:00,8318448.05
2026-04-26 09:00:00,8490965.52
2026-04-26 10:00:00,8799483.7
2026-04-26 11:00:00,9197220.35
2026-04-26 12:00:00,9381445.23
2026-04-26 13:00:00,9520768.84
2026-04-26 14:00:00,9596941.11
2026-04-26 15:00:00,9645072.01
2026-04-26 16:00:00,9621012.4
2026-04-26 17:00:00,9731262.25
2026-04-26 18:00:00,10454853.03
2026-04-26 19:00:00,10722426.46
2026-04-26 20:00:00,10621775.13
2026-04-26 21:00:00,10304860.74
2026-04-26 22:00:00,9830667.75
2026-04-26 23:00:00,9313205.2
2026-04-27 00:00:00,8918362.65
2026-04-27 01:00:00,8612527.34
2026-04-27 02:00:00,8396094.06
2026-04-27 03:00:00,8317075.94
2026-04-27 04:00:00,8491682.94
2026-04-27 05:00:00,8942034.95
2026-04-27 06:00:00,9066122.72
2026-04-27 07:00:00,9499181.71
2026-04-27 08:00:00,10011720.92
2026-04-27 09:00:00,10295848.99
2026-04-27 10:00:00,10661951.01
2026-04-27 11:00:00,10975025.91
2026-04-27 12:00:00,10984464.81
2026-04-27 13:00:00,11203469.65
2026-04-27 14:00:00,11466335.08
2026-04-27 15:00:00,11466361.96
2026-04-27 16:00:00,11362407.53
2026-04-27 17:00:00,11200379.21
2026-04-27 18:00:00,11704157.54
2026-04-27 19:00:00,11925829.43
2026-04-27 20:00:00,11665299.99
2026-04-27 21:00:00,11169065.91
2026-04-27 22:00:00,10513158.92
2026-04-27 23:00:00,9868564.04
2026-04-28 00:00:00,9398359.32
2026-04-28 01:00:00,9106896.72
2026-04-28 02:00:00,8886994.63
2026-04-28 03:00:00,8798029.75
2026-04-28 04:00:00,8949095.52
2026-04-28 05:00:00,9346160.33
2026-04-28 06:00:00,9468639.96
2026-04-28 07:00:00,9878277.02
2026-04-28 08:00:00,10298236.82
2026-04-28 09:00:00,10537108.32
2026-04-28 10:00:00,10884131.83
2026-04-28 11:00:00,11238076.69
2026-04-28 12:00:00,11158421.49
2026-04-28 13:00:00,11347341.41
2026-04-28 14:00:00,11569739.52
2026-04-28 15:00:00,11673727.5
2026-04-28 16:00:00,11512132.75
2026-04-28 17:00:00,11298765.26
2026-04-28 18:00:00,11837691.13
2026-04-28 19:00:00,12009711.02
2026-04-28 20:00:00,11801590.93
2026-04-28 21:00:00,11304423.29
2026-04-28 22:00:00,10574685.49
2026-04-28 23:00:00,9950192.92
2026-04-29 00:00:00,9456488.78
2026-04-29 01:00:00,9132642.46
2026-04-29 02:00:00,8910251.3
2026-04-29 03:00:00,8777427.99
2026-04-29 04:00:00,8945600.96
2026-04-29 05:00:00,9355071.25
2026-04-29 06:00:00,9468481.93
2026-04-29 07:00:00,9874725.0
2026-04-29 08:00:00,10302617.01
2026-04-29 09:00:00,10506241.48
2026-04-29 10:00:00,10797138.73
2026-04-29 11:00:00,11033022.7
2026-04-29 12:00:00,10977305.88
2026-04-29 13:00:00,11105613.16
2026-04-29 14:00:00,11358787.67
2026-04-29 15:00:00,11454568.87
2026-04-29 16:00:00,11393189.64
2026-04-29 17:00:00,11259099.26
2026-04-29 18:00:00,11883723.49
2026-04-29 19:00:00,12047629.2
2026-04-29 20:00:00,11785121.94
2026-04-29 21:00:00,11279023.74
2026-04-29 22:00:00,10621143.18
2026-04-29 23:00:00,10006620.59
2026-04-30 00:00:00,9520892.73
2026-04-30 01:00:00,9176982.96
2026-04-30 02:00:00,8952853.2
2026-04-30 03:00:00,8848870.13
2026-04-30 04:00:00,9021379.49
2026-04-30 05:00:00,9381645.07
2026-04-30 06:00:00,9481286.67
2026-04-30 07:00:00,9852017.39
2026-04-30 08:00:00,10240535.61
2026-04-30 09:00:00,10517668.53
2026-04-30 10:00:00,10921850.13
2026-04-30 11:00:00,11209448.27
2026-04-30 12:00:00,11123881.17
2026-04-30 13:00:00,11308219.32
2026-04-30 14:00:00,11576937.45
2026-04-30 15:00:00,11602666.04
2026-04-30 16:00:00,11498605.79
2026-04-30 17:00:00,11300855.67
2026-04-30 18:00:00,11859255.1
2026-04-30 19:00:00,11919722.53
2026-04-30 20:00:00,11620973.75
2026-04-30 21:00:00,11177753.26
2026-04-30 22:00:00,10595568.86
2026-04-30 23:00:00,10004769.76
2026-05-01 00:00:00,9539808.9
2026-05-01 01:00:00,9232132.82
2026-05-01 02:00:00,8945023.14
2026-05-01 03:00:00,8757974.17
2026-05-01 04:00:00,8709460.69
2026-05-01 05:00:00,8611819.89
2026-05-01 06:00:00,8403217.68
2026-05-01 07:00:00,8706536.13
2026-05-01 08:00:00,9061445.16
2026-05-01 09:00:00,9409105.58
2026-05-01 10:00:00,9810202.43
2026-05-01 11:00:00,10140596.53
2026-05-01 12:00:00,10300738.2
2026-05-01 13:00:00,10365475.08
2026-05-01 14:00:00,10429718.35
2026-05-01 15:00:00,10452986.89
2026-05-01 16:00:00,10359970.81
2026-05-01 17:00:00,10358373.42
2026-05-01 18:00:00,11090075.74
2026-05-01 19:00:00,11255800.53
2026-05-01 20:00:00,11045475.42
2026-05-01 21:00:00,10748733.52
2026-05-01 22:00:00,10296380.96
2026-05-01 23:00:00,9810253.51
2026-05-02 00:00:00,9363085.78
2026-05-02 01:00:00,9023986.73
2026-05-02 02:00:00,8772462.59
2026-05-02 03:00:00,8590220.43
2026-05-02 04:00:00,8542555.74
2026-05-02 05:00:00,8565786.72
2026-05-02 06:00:00,8632996.69
2026-05-02 07:00:00,9060970.36
2026-05-02 08:00:00,9479277.2
2026-05-02 09:00:00,9764805.98
2026-05-02 10:00:00,10151020.31
2026-05-02 11:00:00,10383554.47
2026-05-02 12:00:00,10341523.22
2026-05-02 13:00:00,10218608.29
2026-05-02 14:00:00,10180812.74
2026-05-02 15:00:00,10143466.31
2026-05-02 16:00:00,10076452.93
2026-05-02 17:00:00,10179775.79
2026-05-02 18:00:00,10888887.67
2026-05-02 19:00:00,10962756.03
2026-05-02 20:00:00,10675803.35
2026-05-02 21:00:00,10266783.27
2026-05-02 22:00:00,9791861.25
2026-05-02 23:00:00,9302553.6
2026-05-03 00:00:00,8909217.5
2026-05-03 01:00:00,8612744.48
2026-05-03 02:00:00,8368100.79
2026-05-03 03:00:00,8186293.63
2026-05-03 04:00:00,8111757.31
2026-05-03 05:00:00,7969535.47
2026-05-03 06:00:00,7752378.39
2026-05-03 07:00:00,7979272.22
2026-05-03 08:00:00,8308768.53
2026-05-03 09:00:00,8579450.33
2026-05-03 10:00:00,8845102.47
2026-05-03 11:00:00,9162674.09
2026-05-03 12:00:00,9347671.98
2026-05-03 13:00:00,9410089.01
2026-05-03 14:00:00,9391281.37
2026-05-03 15:00:00,9324079.62
2026-05-03 16:00:00,9405910.63
2026-05-03 17:00:00,9506414.02
2026-05-03 18:00:00,10319876.08
2026-05-03 19:00:00,10614890.08
2026-05-03 20:00:00,10534909.21
2026-05-03 21:00:00,10251968.74
2026-05-03 22:00:00,9813128.7
2026-05-03 23:00:00,9300823.15
2026-05-04 00:00:00,8920580.41
2026-05-04 01:00:00,8641454.03
2026-05-04 02:00:00,8429353.35
2026-05-04 03:00:00,8316350.51
2026-05-04 04:00:00,8506835.46
2026-05-04 05:00:00,8888938.07
2026-05-04 06:00:00,9020101.41
2026-05-04 07:00:00,9488667.64
2026-05-04 08:00:00,10003701.73
2026-05-04 09:00:00,10328441.93
2026-05-04 10:00:00,10669876.87
2026-05-04 11:00:00,10972173.26
2026-05-04 12:00:00,10983538.64
2026-05-04 13:00:00,11131136.64
2026-05-04 14:00:00,11382407.75
2026-05-04 15:00:00,11442780.52
2026-05-04 16:00:00,11404742.8
2026-05-04 17:00:00,11251101.37
2026-05-04 18:00:00,11783775.99
2026-05-04 19:00:00,11992737.92
2026-05-04 20:00:00,11741701.89
2026-05-04 21:00:00,11242900.88
2026-05-04 22:00:00,10549123.57
2026-05-04 23:00:00,9939325.01
2026-05-05 00:00:00,9465002.02
2026-05-05 01:00:00,9137392.14
2026-05-05 02:00:00,8925170.93
2026-05-05 03:00:00,8809661.46
2026-05-05 04:00:00,8987737.41
2026-05-05 05:00:00,9378109.33
2026-05-05 06:00:00,9502917.08
2026-05-05 07:00:00,9891690.59
2026-05-05 08:00:00,10347940.23
2026-05-05 09:00:00,10630038.59
2026-05-05 10:00:00,10956786.59
2026-05-05 11:00:00,11326733.69
2026-05-05 12:00:00,11371235.68
2026-05-05 13:00:00,11561894.81
2026-05-05 14:00:00,11836570.15
2026-05-05 15:00:00,11947224.12
2026-05-05 16:00:00,11784630.99
2026-05-05 17:00:00,11561529.31
2026-05-05 18:00:00,12025577.25
2026-05-05 19:00:00,12252639.88
2026-05-05 20:00:00,11957518.99
2026-05-05 21:00:00,11459943.42
2026-05-05 22:00:00,10725931.91
2026-05-05 23:00:00,10115764.3
2026-05-06 00:00:00,9599384.54
2026-05-06 01:00:00,9272108.73
2026-05-06 02:00:00,9010615.96
2026-05-06 03:00:00,8902428.97
2026-05-06 04:00:00,9070525.94
2026-05-06 05:00:00,9442126.61
2026-05-06 06:00:00,9558206.95
2026-05-06 07:00:00,9940542.38
2026-05-06 08:00:00,10401777.15
2026-05-06 09:00:00,10675713.1
2026-05-06 10:00:00,11022126.81
2026-05-06 11:00:00,11354564.26
2026-05-06 12:00:00,11257590.42
2026-05-06 13:00:00,11382124.99
2026-05-06 14:00:00,11777183.38
2026-05-06 15:00:00,11897348.04
2026-05-06 16:00:00,11726885.52
2026-05-06 17:00:00,11469117.58
2026-05-06 18:00:00,12018323.81
2026-05-06 19:00:00,12264735.69
2026-05-06 20:00:00,11966535.05
2026-05-06 21:00:00,11454956.69
2026-05-06 22:00:00,10759746.59
2026-05-06 23:00:00,10098622.1
2026-05-07 00:00:00,9615083.96
2026-05-07 01:00:00,9331946.78
2026-05-07 02:00:00,9087825.79
2026-05-07 03:00:00,8949896.07
2026-05-07 04:00:00,9115958.92
2026-05-07 05:00:00,9465776.63
2026-05-07 06:00:00,9588730.02
2026-05-07 07:00:00,9979009.55
2026-05-07 08:00:00,10402689.1
2026-05-07 09:00:00,10673643.85
2026-05-07 10:00:00,11102148.16
2026-05-07 11:00:00,11432605.32
2026-05-07 12:00:00,11405829.04
2026-05-07 13:00:00,11529646.97
2026-05-07 14:00:00,11838578.74
2026-05-07 15:00:00,11931160.53
2026-05-07 16:00:00,11888544.4
2026-05-07 17:00:00,11697269.31
2026-05-07 18:00:00,12207357.11
2026-05-07 19:00:00,12387360.33
2026-05-07 20:00:00,12098719.32
2026-05-07 21:00:00,11582197.7
2026-05-07 22:00:00,10891018.81
2026-05-07 23:00:00,10234983.06
2026-05-08 00:00:00,9751682.1
2026-05-08 01:00:00,9445550.03
2026-05-08 02:00:00,9197870.16
2026-05-08 03:00:00,9029444.25
2026-05-08 04:00:00,9119509.28
2026-05-08 05:00:00,9373682.58
2026-05-08 06:00:00,9575490.55
2026-05-08 07:00:00,9986576.63
2026-05-08 08:00:00,10430957.79
2026-05-08 09:00:00,10692103.24
2026-05-08 10:00:00,11030578.94
2026-05-08 11:00:00,11330549.1
2026-05-08 12:00:00,11370266.57
2026-05-08 13:00:00,11570546.55
2026-05-08 14:00:00,11786415.96
2026-05-08 15:00:00,11859810.9
2026-05-08 16:00:00,11700266.76
2026-05-08 17:00:00,11465322.05
2026-05-08 18:00:00,11944889.96
2026-05-08 19:00:00,12031897.89
2026-05-08 20:00:00,11771135.09
2026-05-08 21:00:00,11300868.88
2026-05-08 22:00:00,10710994.17
2026-05-08 23:00:00,10057937.26
2026-05-09 00:00:00,9634509.83
2026-05-09 01:00:00,9318151.0
2026-05-09 02:00:00,9033488.56
2026-05-09 03:00:00,8856838.39
2026-05-09 04:00:00,8829127.42
2026-05-09 05:00:00,8813040.81
2026-05-09 06:00:00,8955433.89
2026-05-09 07:00:00,9379979.66
2026-05-09 08:00:00,9835897.05
2026-05-09 09:00:00,10197905.69
2026-05-09 10:00:00,10508139.39
2026-05-09 11:00:00,10724636.78
2026-05-09 12:00:00,10706051.17
2026-05-09 13:00:00,10701966.57
2026-05-09 14:00:00,10680768.45
2026-05-09 15:00:00,10694502.04
2026-05-09 16:00:00,10785316.48
2026-05-09 17:00:00,10823360.79
2026-05-09 18:00:00,11362090.21
2026-05-09 19:00:00,11473333.62
2026-05-09 20:00:00,11214199.43
2026-05-09 21:00:00,10841737.64
2026-05-09 22:00:00,10350830.55
2026-05-09 23:00:00,9837877.05
2026-05-10 00:00:00,9383584.35
2026-05-10 01:00:00,9015682.35
2026-05-10 02:00:00,8748987.55
2026-05-10 03:00:00,8526112.72
2026-05-10 04:00:00,8464276.31
2026-05-10 05:00:00,8259294.8
2026-05-10 06:00:00,8056449.86
2026-05-10 07:00:00,8205794.55
2026-05-10 08:00:00,8533554.37
2026-05-10 09:00:00,8863146.96
2026-05-10 10:00:00,9224032.02
2026-05-10 11:00:00,9468556.38
2026-05-10 12:00:00,9568310.62
2026-05-10 13:00:00,9563746.71
2026-05-10 14:00:00,9454170.03
2026-05-10 15:00:00,9493605.47
2026-05-10 16:00:00,9640455.96
2026-05-10 17:00:00,9740961.75
2026-05-10 18:00:00,10482282.05
2026-05-10 19:00:00,10698895.02
2026-05-10 20:00:00,10633406.55
2026-05-10 21:00:00,10433448.08
2026-05-10 22:00:00,10063371.27
2026-05-10 23:00:00,9592371.17
2026-05-11 00:00:00,9185865.83
2026-05-11 01:00:00,8903658.48
2026-05-11 02:00:00,8683732.85
2026-05-11 03:00:00,8570383.66
2026-05-11 04:00:00,8736906.03
2026-05-11 05:00:00,9102225.92
2026-05-11 06:00:00,9295975.73
2026-05-11 07:00:00,9792566.08
2026-05-11 08:00:00,10291405.08
2026-05-11 09:00:00,10598617.54
2026-05-11 10:00:00,10950731.7
2026-05-11 11:00:00,11287602.89
2026-05-11 12:00:00,11288715.92
2026-05-11 13:00:00,11426627.75
2026-05-11 14:00:00,11643535.4
2026-05-11 15:00:00,11676772.28
2026-05-11 16:00:00,11541424.03
2026-05-11 17:00:00,11357762.29
2026-05-11 18:00:00,11877078.51
2026-05-11 19:00:00,12044417.79
2026-05-11 20:00:00,11772147.96
2026-05-11 21:00:00,11254179.98
2026-05-11 22:00:00,10562426.06
2026-05-11 23:00:00,9901236.58
2026-05-12 00:00:00,9465549.85
2026-05-12 01:00:00,9165729.9
2026-05-12 02:00:00,8898903.53
2026-05-12 03:00:00,8824671.88
2026-05-12 04:00:00,8999744.9
2026-05-12 05:00:00,9372496.3
2026-05-12 06:00:00,9525045.85
2026-05-12 07:00:00,9864597.61
2026-05-12 08:00:00,10305431.35
2026-05-12 09:00:00,10504782.18
2026-05-12 10:00:00,10909265.18
2026-05-12 11:00:00,11231517.68
2026-05-12 12:00:00,11173694.89
2026-05-12 13:00:00,11313495.55
2026-05-12 14:00:00,11575626.47
2026-05-12 15:00:00,11640474.95
2026-05-12 16:00:00,11566313.18
2026-05-12 17:00:00,11354761.18
2026-05-12 18:00:00,11877106.71
2026-05-12 19:00:00,12098314.8
2026-05-12 20:00:00,11845909.93
2026-05-12 21:00:00,11267830.13
2026-05-12 22:00:00,10652568.59
2026-05-12 23:00:00,9971867.37
2026-05-13 00:00:00,9478862.26
2026-05-13 01:00:00,9151716.22
2026-05-13 02:00:00,8917634.08
2026-05-13 03:00:00,8801538.75
2026-05-13 04:00:00,9023370.79
2026-05-13 05:00:00,9389167.39
2026-05-13 06:00:00,9527797.76
2026-05-13 07:00:00,9842033.59
2026-05-13 08:00:00,10250273.32
2026-05-13 09:00:00,10557048.85
2026-05-13 10:00:00,10919166.03
2026-05-13 11:00:00,11241197.1
2026-05-13 12:00:00,11252776.06
2026-05-13 13:00:00,11421144.88
2026-05-13 14:00:00,11642565.05
2026-05-13 15:00:00,11814528.91
2026-05-13 16:00:00,11736025.74
2026-05-13 17:00:00,11493537.58
2026-05-13 18:00:00,12039807.3
2026-05-13 19:00:00,12214356.58
2026-05-13 20:00:00,11979949.29
2026-05-13 21:00:00,11455963.93
2026-05-13 22:00:00,10716248.81
2026-05-13 23:00:00,10074620.82
2026-05-14 00:00:00,9588307.84
2026-05-14 01:00:00,9287571.6
2026-05-14 02:00:00,9093909.88
2026-05-14 03:00:00,8984611.96
2026-05-14 04:00:00,9134615.66
2026-05-14 05:00:00,9495755.66
2026-05-14 06:00:00,9648031.16
2026-05-14 07:00:00,9989058.65
2026-05-14 08:00:00,10433712.93
2026-05-14 09:00:00,10754978.38
2026-05-14 10:00:00,11122168.4
2026-05-14 11:00:00,11420067.4
2026-05-14 12:00:00,11407482.64
2026-05-14 13:00:00,11552322.89
2026-05-14 14:00:00,11810913.19
2026-05-14 15:00:00,11913195.3
2026-05-14 16:00:00,11801886.99
2026-05-14 17:00:00,11580020.95
2026-05-14 18:00:00,12120657.21
2026-05-14 19:00:00,12290320.48
2026-05-14 20:00:00,12026791.45
2026-05-14 21:00:00,11530814.61
2026-05-14 22:00:00,10834917.8
2026-05-14 23:00:00,10231081.13
2026-05-15 00:00:00,9780176.14
2026-05-15 01:00:00,9482989.51
2026-05-15 02:00:00,9213106.77
2026-05-15 03:00:00,9098144.4
2026-05-15 04:00:00,9231786.32
2026-05-15 05:00:00,9433605.18
2026-05-15 06:00:00,9630448.43
2026-05-15 07:00:00,10126215.94
2026-05-15 08:00:00,10612787.0
2026-05-15 09:00:00,10942276.78
2026-05-15 10:00:00,11395634.49
2026-05-15 11:00:00,11718422.63
2026-05-15 12:00:00,11684597.84
2026-05-15 13:00:00,11784086.34
2026-05-15 14:00:00,12000849.5
2026-05-15 15:00:00,12060322.72
2026-05-15 16:00:00,11890068.15
2026-05-15 17:00:00,11703518.91
2026-05-15 18:00:00,12221061.21
2026-05-15 19:00:00,12349047.04
2026-05-15 20:00:00,12082114.4
2026-05-15 21:00:00,11648137.25
2026-05-15 22:00:00,11087645.34
2026-05-15 23:00:00,10522106.1
2026-05-16 00:00:00,9993062.34
2026-05-16 01:00:00,9662655.04
2026-05-16 02:00:00,9393884.52
2026-05-16 03:00:00,9234868.12
2026-05-16 04:00:00,9225876.94
2026-05-16 05:00:00,9188198.43
2026-05-16 06:00:00,9280263.01
2026-05-16 07:00:00,9744344.43
2026-05-16 08:00:00,10278149.72
2026-05-16 09:00:00,10614410.2
2026-05-16 10:00:00,10962400.52
2026-05-16 11:00:00,11039552.76
2026-05-16 12:00:00,10934671.23
2026-05-16 13:00:00,10870948.92
2026-05-16 14:00:00,10851272.66
2026-05-16 15:00:00,10886654.66
2026-05-16 16:00:00,10832309.57
2026-05-16 17:00:00,10853867.11
2026-05-16 18:00:00,11494527.26
2026-05-16 19:00:00,11546502.52
2026-05-16 20:00:00,11280486.29
2026-05-16 21:00:00,10832264.18
2026-05-16 22:00:00,10384904.95
2026-05-16 23:00:00,9858562.07
2026-05-17 00:00:00,9451529.57
2026-05-17 01:00:00,9151388.96
2026-05-17 02:00:00,8857407.95
2026-05-17 03:00:00,8612608.49
2026-05-17 04:00:00,8474840.27
2026-05-17 05:00:00,8283909.68
2026-05-17 06:00:00,8112216.4
2026-05-17 07:00:00,8309442.5
2026-05-17 08:00:00,8608950.51
2026-05-17 09:00:00,8875199.61
2026-05-17 10:00:00,9113825.46
2026-05-17 11:00:00,9375234.18
2026-05-17 12:00:00,9569481.84
2026-05-17 13:00:00,9637007.2
2026-05-17 14:00:00,9616946.53
2026-05-17 15:00:00,9595815.62
2026-05-17 16:00:00,9634103.87
2026-05-17 17:00:00,9694956.97
2026-05-17 18:00:00,10360148.21
2026-05-17 19:00:00,10518465.5
2026-05-17 20:00:00,10352832.94
2026-05-17 21:00:00,10138312.0
2026-05-17 22:00:00,9794942.45
2026-05-17 23:00:00,9323843.63
2026-05-18 00:00:00,8919860.45
2026-05-18 01:00:00,8597198.26
2026-05-18 02:00:00,8377965.23
2026-05-18 03:00:00,8194857.4
2026-05-18 04:00:00,8185502.66
2026-05-18 05:00:00,8162437.71
2026-05-18 06:00:00,8029549.54
2026-05-18 07:00:00,8323007.61
2026-05-18 08:00:00,8659933.84
2026-05-18 09:00:00,8986863.52
2026-05-18 10:00:00,9417814.66
2026-05-18 11:00:00,9729307.44
2026-05-18 12:00:00,9922493.48
2026-05-18 13:00:00,9975454.92
2026-05-18 14:00:00,10050012.03
2026-05-18 15:00:00,10086240.57
2026-05-18 16:00:00,10133450.06
2026-05-18 17:00:00,10215755.38
2026-05-18 18:00:00,10972447.86
2026-05-18 19:00:00,11308766.87
2026-05-18 20:00:00,11149252.77
2026-05-18 21:00:00,10762161.34
2026-05-18 22:00:00,10279271.18
2026-05-18 23:00:00,9747119.09
2026-05-19 00:00:00,9313831.14
2026-05-19 01:00:00,9011782.94
2026-05-19 02:00:00,8799251.03
2026-05-19 03:00:00,8665779.07
2026-05-19 04:00:00,8820970.46
2026-05-19 05:00:00,9234198.65
2026-05-19 06:00:00,9347254.7
2026-05-19 07:00:00,9768279.14
2026-05-19 08:00:00,10258223.73
2026-05-19 09:00:00,10591166.06
2026-05-19 10:00:00,10921917.89
2026-05-19 11:00:00,11262125.81
2026-05-19 12:00:00,11250407.64
2026-05-19 13:00:00,11429308.29
2026-05-19 14:00:00,11764362.9
2026-05-19 15:00:00,11776015.65
2026-05-19 16:00:00,11674543.84
2026-05-19 17:00:00,11472163.33
2026-05-19 18:00:00,12021020.77
2026-05-19 19:00:00,12267758.3
2026-05-19 20:00:00,12007930.74
2026-05-19 21:00:00,11480556.41
2026-05-19 22:00:00,10782668.15
2026-05-19 23:00:00,10129169.02
2026-05-20 00:00:00,9623545.52
2026-05-20 01:00:00,9319615.37
2026-05-20 02:00:00,9073926.4
2026-05-20 03:00:00,8911487.16
2026-05-20 04:00:00,9083542.87
2026-05-20 05:00:00,9453204.92
2026-05-20 06:00:00,9566269.21
2026-05-20 07:00:00,9971341.21
2026-05-20 08:00:00,10431075.11
2026-05-20 09:00:00,10767392.69
2026-05-20 10:00:00,11143373.31
2026-05-20 11:00:00,11488808.31
2026-05-20 12:00:00,11463427.24
2026-05-20 13:00:00,11581625.95
2026-05-20 14:00:00,11945199.39
2026-05-20 15:00:00,12033617.8
2026-05-20 16:00:00,11922901.73
2026-05-20 17:00:00,11612554.32
2026-05-20 18:00:00,12137020.38
2026-05-20 19:00:00,12353043.24
2026-05-20 20:00:00,12120804.89
2026-05-20 21:00:00,11595291.14
2026-05-20 22:00:00,10921794.85
2026-05-20 23:00:00,10246283.65
2026-05-21 00:00:00,9753457.72
2026-05-21 01:00:00,9466767.64
2026-05-21 02:00:00,9252219.08
2026-05-21 03:00:00,9119348.64
2026-05-21 04:00:00,9256559.3
2026-05-21 05:00:00,9566989.3
2026-05-21 06:00:00,9659041.47
2026-05-21 07:00:00,10072767.99
2026-05-21 08:00:00,10481280.78
2026-05-21 09:00:00,10741390.1
2026-05-21 10:00:00,11085719.59
2026-05-21 11:00:00,11380747.13
2026-05-21 12:00:00,11307873.13
2026-05-21 13:00:00,11498877.05
2026-05-21 14:00:00,11762706.75
2026-05-21 15:00:00,11784942.47
2026-05-21 16:00:00,11679807.11
2026-05-21 17:00:00,11523023.54
2026-05-21 18:00:00,12007010.95
2026-05-21 19:00:00,12059797.12
2026-05-21 20:00:00,11792362.96
2026-05-21 21:00:00,11307120.8
2026-05-21 22:00:00,10643325.91
2026-05-21 23:00:00,10053620.11
2026-05-22 00:00:00,9602456.23
2026-05-22 01:00:00,9300270.62
2026-05-22 02:00:00,9039199.89
2026-05-22 03:00:00,8974192.73
2026-05-22 04:00:00,9124363.96
2026-05-22 05:00:00,9463967.34
2026-05-22 06:00:00,9618673.64
2026-05-22 07:00:00,9992256.23
2026-05-22 08:00:00,10461737.02
2026-05-22 09:00:00,10800956.46
2026-05-22 10:00:00,11183463.15
2026-05-22 11:00:00,11403586.51
2026-05-22 12:00:00,11414670.56
2026-05-22 13:00:00,11523666.42
2026-05-22 14:00:00,11875168.21
2026-05-22 15:00:00,11923205.95
2026-05-22 16:00:00,11849625.18
2026-05-22 17:00:00,11680918.06
2026-05-22 18:00:00,12179909.8
2026-05-22 19:00:00,12319790.71
2026-05-22 20:00:00,12031375.1
2026-05-22 21:00:00,11546476.84
2026-05-22 22:00:00,10967400.57
2026-05-22 23:00:00,10430968.78
2026-05-23 00:00:00,9945153.15
2026-05-23 01:00:00,9591573.19
2026-05-23 02:00:00,9338914.93
2026-05-23 03:00:00,9178410.03
2026-05-23 04:00:00,9165579.14
2026-05-23 05:00:00,9146972.68
2026-05-23 06:00:00,9264635.74
2026-05-23 07:00:00,9703441.44
2026-05-23 08:00:00,10173560.16
2026-05-23 09:00:00,10496925.85
2026-05-23 10:00:00,10822166.57
2026-05-23 11:00:00,11046592.93
2026-05-23 12:00:00,10981441.09
2026-05-23 13:00:00,10949862.42
2026-05-23 14:00:00,10907482.39
2026-05-23 15:00:00,10853650.46
2026-05-23 16:00:00,10851652.11
2026-05-23 17:00:00,10845450.78
2026-05-23 18:00:00,11370644.78
2026-05-23 19:00:00,11406576.26
2026-05-23 20:00:00,11135005.69
2026-05-23 21:00:00,10726292.2
2026-05-23 22:00:00,10283966.69
2026-05-23 23:00:00,9765405.82
2026-05-24 00:00:00,9340631.95
2026-05-24 01:00:00,8992921.8
2026-05-24 02:00:00,8672032.32
2026-05-24 03:00:00,8504946.39
2026-05-24 04:00:00,8407425.52
2026-05-24 05:00:00,8166922.05
2026-05-24 06:00:00,7979450.83
2026-05-24 07:00:00,8136192.55
2026-05-24 08:00:00,8370851.18
2026-05-24 09:00:00,8718170.18
2026-05-24 10:00:00,9006090.14
2026-05-24 11:00:00,9316584.81
2026-05-24 12:00:00,9517719.47
2026-05-24 13:00:00,9606837.52
2026-05-24 14:00:00,9613797.87
2026-05-24 15:00:00,9703015.98
2026-05-24 16:00:00,9757120.88
2026-05-24 17:00:00,9831659.6
2026-05-24 18:00:00,10535564.3
2026-05-24 19:00:00,10944501.55
2026-05-24 20:00:00,10878728.68
2026-05-24 21:00:00,10639456.84
2026-05-24 22:00:00,10209357.28
2026-05-24 23:00:00,9669897.59
2026-05-25 00:00:00,9247864.8
2026-05-25 01:00:00,8944230.06
2026-05-25 02:00:00,8745124.67
2026-05-25 03:00:00,8640028.29
2026-05-25 04:00:00,8797194.48
2026-05-25 05:00:00,9158408.85
2026-05-25 06:00:00,9354518.59
2026-05-25 07:00:00,9824780.95
2026-05-25 08:00:00,10396712.91
2026-05-25 09:00:00,10708540.06
2026-05-25 10:00:00,11111089.19
2026-05-25 11:00:00,11327182.06
2026-05-25 12:00:00,11360974.75
2026-05-25 13:00:00,11577924.12
2026-05-25 14:00:00,11823686.55
2026-05-25 15:00:00,11907996.95
2026-05-25 16:00:00,11651434.87
2026-05-25 17:00:00,11381340.6
2026-05-25 18:00:00,11905444.46
2026-05-25 19:00:00,12106070.69
2026-05-25 20:00:00,11868359.69
2026-05-25 21:00:00,11320311.75
2026-05-25 22:00:00,10627240.66
2026-05-25 23:00:00,10027095.35
2026-05-26 00:00:00,9536227.52
2026-05-26 01:00:00,9283290.65
2026-05-26 02:00:00,9084779.51
2026-05-26 03:00:00,8916475.84
2026-05-26 04:00:00,9080704.43
2026-05-26 05:00:00,9426196.97
2026-05-26 06:00:00,9602757.13
2026-05-26 07:00:00,9994372.79
2026-05-26 08:00:00,10441492.54
2026-05-26 09:00:00,10702625.4
2026-05-26 10:00:00,11100046.27
2026-05-26 11:00:00,11326615.56
2026-05-26 12:00:00,11300476.71
2026-05-26 13:00:00,11555513.78
2026-05-26 14:00:00,11789131.66
2026-05-26 15:00:00,11845868.09
2026-05-26 16:00:00,11763167.44
2026-05-26 17:00:00,11517184.5
2026-05-26 18:00:00,12062496.78
2026-05-26 19:00:00,12308696.72
2026-05-26 20:00:00,12051590.28
2026-05-26 21:00:00,11546533.91
2026-05-26 22:00:00,10828563.33
2026-05-26 23:00:00,10126510.11
2026-05-27 00:00:00,9635749.8
2026-05-27 01:00:00,9284204.86
2026-05-27 02:00:00,9004050.7
2026-05-27 03:00:00,8899466.23
2026-05-27 04:00:00,9106681.09
2026-05-27 05:00:00,9449737.3
2026-05-27 06:00:00,9603188.78
2026-05-27 07:00:00,10041933.1
2026-05-27 08:00:00,10316518.55
2026-05-27 09:00:00,10610767.09
2026-05-27 10:00:00,11022824.21
2026-05-27 11:00:00,11301492.89
2026-05-27 12:00:00,11274738.37
2026-05-27 13:00:00,11469695.91
2026-05-27 14:00:00,11771614.84
2026-05-27 15:00:00,11815353.14
2026-05-27 16:00:00,11723855.25
2026-05-27 17:00:00,11532053.64
2026-05-27 18:00:00,12085896.21
2026-05-27 19:00:00,12312299.2
2026-05-27 20:00:00,12060314.32
2026-05-27 21:00:00,11572709.91
2026-05-27 22:00:00,10871112.73
2026-05-27 23:00:00,10237482.2
2026-05-28 00:00:00,9741781.82
2026-05-28 01:00:00,9431008.39
2026-05-28 02:00:00,9198449.98
2026-05-28 03:00:00,9080226.43
2026-05-28 04:00:00,9201696.53
2026-05-28 05:00:00,9504316.37
2026-05-28 06:00:00,9634485.87
2026-05-28 07:00:00,10027841.59
2026-05-28 08:00:00,10532666.16
2026-05-28 09:00:00,10887611.23
2026-05-28 10:00:00,11221464.04
2026-05-28 11:00:00,11488415.52
2026-05-28 12:00:00,11486767.54
2026-05-28 13:00:00,11609026.0
2026-05-28 14:00:00,11833539.38
2026-05-28 15:00:00,11880338.62
2026-05-28 16:00:00,11755164.31
2026-05-28 17:00:00,11544117.98
2026-05-28 18:00:00,12115436.44
2026-05-28 19:00:00,12311004.02
2026-05-28 20:00:00,12054813.96
2026-05-28 21:00:00,11559389.57
2026-05-28 22:00:00,10926929.73
2026-05-28 23:00:00,10288010.94
2026-05-29 00:00:00,9833778.39
2026-05-29 01:00:00,9508900.28
2026-05-29 02:00:00,9226891.19
2026-05-29 03:00:00,9072391.08
2026-05-29 04:00:00,9155512.94
2026-05-29 05:00:00,9465033.16
2026-05-29 06:00:00,9583810.57
2026-05-29 07:00:00,10122063.42
2026-05-29 08:00:00,10596455.44
2026-05-29 09:00:00,10883273.24
2026-05-29 10:00:00,11215495.31
2026-05-29 11:00:00,11524786.84
2026-05-29 12:00:00,11455498.51
2026-05-29 13:00:00,11487827.22
2026-05-29 14:00:00,11572117.1
2026-05-29 15:00:00,11598468.63
2026-05-29 16:00:00,11444362.17
2026-05-29 17:00:00,11303914.42
2026-05-29 18:00:00,11790627.03
2026-05-29 19:00:00,11914634.05
2026-05-29 20:00:00,11649638.76
2026-05-29 21:00:00,11122394.02
2026-05-29 22:00:00,10619685.25
2026-05-29 23:00:00,10047760.43
2026-05-30 00:00:00,9566482.61
2026-05-30 01:00:00,9251575.56
2026-05-30 02:00:00,9000955.87
2026-05-30 03:00:00,8822544.13
2026-05-30 04:00:00,8767854.84
2026-05-30 05:00:00,8773308.55
2026-05-30 06:00:00,8905660.42
2026-05-30 07:00:00,9334970.78
2026-05-30 08:00:00,9814724.88
2026-05-30 09:00:00,10154790.18
2026-05-30 10:00:00,10504796.0
2026-05-30 11:00:00,10686819.21
2026-05-30 12:00:00,10610659.3
2026-05-30 13:00:00,10573362.0
2026-05-30 14:00:00,10522047.99
2026-05-30 15:00:00,10529327.15
2026-05-30 16:00:00,10526251.05
2026-05-30 17:00:00,10500284.06
2026-05-30 18:00:00,11031401.62
2026-05-30 19:00:00,11190869.37
2026-05-30 20:00:00,10949316.57
2026-05-30 21:00:00,10564884.52
2026-05-30 22:00:00,10126362.67
2026-05-30 23:00:00,9620385.93
2026-05-31 00:00:00,9173078.05
2026-05-31 01:00:00,8847793.45
2026-05-31 02:00:00,8560945.14
2026-05-31 03:00:00,8372294.64
2026-05-31 04:00:00,8273831.08
2026-05-31 05:00:00,8167342.06
2026-05-31 06:00:00,8018091.11
2026-05-31 07:00:00,8203050.52
2026-05-31 08:00:00,8451289.84
2026-05-31 09:00:00,8708020.33
2026-05-31 10:00:00,8989725.52
2026-05-31 11:00:00,9192536.17
2026-05-31 12:00:00,9337009.55
2026-05-31 13:00:00,9340270.31
2026-05-31 14:00:00,9301900.89
2026-05-31 15:00:00,9426569.51
2026-05-31 16:00:00,9568595.14
2026-05-31 17:00:00,9787861.08
2026-05-31 18:00:00,10470701.47
2026-05-31 19:00:00,10807206.51
2026-05-31 20:00:00,10665364.44
2026-05-31 21:00:00,10308907.15
2026-05-31 22:00:00,9866203.19
2026-05-31 23:00:00,9365012.15
2026-06-01 00:00:00,8982039.46
2026-06-01 01:00:00,8716765.79
2026-06-01 02:00:00,8511808.79
2026-06-01 03:00:00,8411814.76
2026-06-01 04:00:00,8599011.3
2026-06-01 05:00:00,8980506.31
2026-06-01 06:00:00,9193044.26
2026-06-01 07:00:00,9663042.09
2026-06-01 08:00:00,10234367.38
2026-06-01 09:00:00,10546261.19
2026-06-01 10:00:00,10886331.07
2026-06-01 11:00:00,11287147.82
2026-06-01 12:00:00,11353669.59
2026-06-01 13:00:00,11535522.7
2026-06-01 14:00:00,11740883.56
2026-06-01 15:00:00,11854053.34
2026-06-01 16:00:00,11770681.32
2026-06-01 17:00:00,11594000.27
2026-06-01 18:00:00,12122427.96
2026-06-01 19:00:00,12353903.59
2026-06-01 20:00:00,12095931.11
2026-06-01 21:00:00,11544773.1
2026-06-01 22:00:00,10817395.54
2026-06-01 23:00:00,10183191.63
2026-06-02 00:00:00,9705555.07
2026-06-02 01:00:00,9397572.05
2026-06-02 02:00:00,9162686.16
2026-06-02 03:00:00,9016296.48
2026-06-02 04:00:00,9141798.34
2026-06-02 05:00:00,9508370.91
2026-06-02 06:00:00,9574612.25
2026-06-02 07:00:00,9978827.7
2026-06-02 08:00:00,10333464.83
2026-06-02 09:00:00,10611897.5
2026-06-02 10:00:00,10994259.98
2026-06-02 11:00:00,11323845.26
2026-06-02 12:00:00,11323085.56
2026-06-02 13:00:00,11580895.86
2026-06-02 14:00:00,11838760.24
2026-06-02 15:00:00,11907460.3
2026-06-02 16:00:00,11749039.94
2026-06-02 17:00:00,11514203.84
2026-06-02 18:00:00,12019414.79
2026-06-02 19:00:00,12261330.84
2026-06-02 20:00:00,12004307.76
2026-06-02 21:00:00,11477505.95
2026-06-02 22:00:00,10764571.2
2026-06-02 23:00:00,10157913.08
2026-06-03 00:00:00,9683554.58
2026-06-03 01:00:00,9365858.63
2026-06-03 02:00:00,9086367.69
2026-06-03 03:00:00,8889388.27
2026-06-03 04:00:00,9005478.93
2026-06-03 05:00:00,9394684.13
2026-06-03 06:00:00,9479554.06
2026-06-03 07:00:00,9841119.41
2026-06-03 08:00:00,10344606.38
2026-06-03 09:00:00,10607737.06
2026-06-03 10:00:00,10921044.6
2026-06-03 11:00:00,11214927.93
2026-06-03 12:00:00,11145954.3
2026-06-03 13:00:00,11362083.1
2026-06-03 14:00:00,11621175.18
2026-06-03 15:00:00,11639592.81
2026-06-03 16:00:00,11484602.93
2026-06-03 17:00:00,11266985.9
2026-06-03 18:00:00,11834942.94
2026-06-03 19:00:00,12059214.52
2026-06-03 20:00:00,11794719.66
2026-06-03 21:00:00,11325243.31
2026-06-03 22:00:00,10612647.31
2026-06-03 23:00:00,9983900.84
2026-06-04 00:00:00,9555443.8
2026-06-04 01:00:00,9225608.69
2026-06-04 02:00:00,8998013.24
2026-06-04 03:00:00,8897310.19
2026-06-04 04:00:00,9014412.77
2026-06-04 05:00:00,9391134.47
2026-06-04 06:00:00,9542875.13
2026-06-04 07:00:00,9928893.6
2026-06-04 08:00:00,10337199.36
2026-06-04 09:00:00,10502434.14
2026-06-04 10:00:00,10834856.25
2026-06-04 11:00:00,11081343.83
2026-06-04 12:00:00,11022179.31
2026-06-04 13:00:00,11175413.73
2026-06-04 14:00:00,11357151.02
2026-06-04 15:00:00,11376280.44
2026-06-04 16:00:00,11329304.76
2026-06-04 17:00:00,11142033.22
2026-06-04 18:00:00,11683137.58
2026-06-04 19:00:00,11827206.77
2026-06-04 20:00:00,11580151.21
2026-06-04 21:00:00,11098378.83
2026-06-04 22:00:00,10434086.83
2026-06-04 23:00:00,9806084.62
2026-06-05 00:00:00,9346705.12
2026-06-05 01:00:00,8940987.57
2026-06-05 02:00:00,8830346.36
2026-06-05 03:00:00,8771862.51
2026-06-05 04:00:00,8926528.11
2026-06-05 05:00:00,9284588.49
2026-06-05 06:00:00,9359894.59
2026-06-05 07:00:00,9788530.61
2026-06-05 08:00:00,10257451.42
2026-06-05 09:00:00,10499857.34
2026-06-05 10:00:00,10741244.55
2026-06-05 11:00:00,10939339.49
2026-06-05 12:00:00,10874441.39
2026-06-05 13:00:00,10965922.62
2026-06-05 14:00:00,11217309.21
2026-06-05 15:00:00,11207341.26
2026-06-05 16:00:00,11064248.55
2026-06-05 17:00:00,10920072.81
2026-06-05 18:00:00,11524135.25
2026-06-05 19:00:00,11682797.86
2026-06-05 20:00:00,11442262.46
2026-06-05 21:00:00,10948848.5
2026-06-05 22:00:00,10311011.68
2026-06-05 23:00:00,9747086.05
2026-06-06 00:00:00,9366046.31
2026-06-06 01:00:00,9055134.4
2026-06-06 02:00:00,8833457.38
2026-06-06 03:00:00,8698233.22
2026-06-06 04:00:00,8694175.76
2026-06-06 05:00:00,8713504.2
2026-06-06 06:00:00,8831717.67
2026-06-06 07:00:00,9291305.94
2026-06-06 08:00:00,9760482.87
2026-06-06 09:00:00,9922856.2
2026-06-06 10:00:00,10082414.91
2026-06-06 11:00:00,10237443.26
2026-06-06 12:00:00,10123760.79
2026-06-06 13:00:00,10080568.77
2026-06-06 14:00:00,10017441.21
2026-06-06 15:00:00,9958654.43
2026-06-06 16:00:00,9952311.55
2026-06-06 17:00:00,10008348.68
2026-06-06 18:00:00,10602704.8
2026-06-06 19:00:00,10644572.05
2026-06-06 20:00:00,10367007.96
2026-06-06 21:00:00,9970662.34
2026-06-06 22:00:00,9479716.77
2026-06-06 23:00:00,9029078.59
2026-06-07 00:00:00,8629161.36
2026-06-07 01:00:00,8311718.32
2026-06-07 02:00:00,8082765.4
2026-06-07 03:00:00,7908473.79
2026-06-07 04:00:00,7783128.47
2026-06-07 05:00:00,7683732.01
2026-06-07 06:00:00,7526881.8
2026-06-07 07:00:00,7788645.62
2026-06-07 08:00:00,8117834.88
2026-06-07 09:00:00,8346485.33
2026-06-07 10:00:00,8608232.48
2026-06-07 11:00:00,8828115.88
2026-06-07 12:00:00,8963228.24
2026-06-07 13:00:00,9037004.65
2026-06-07 14:00:00,9033257.0
2026-06-07 15:00:00,9022865.61
2026-06-07 16:00:00,9103670.09
2026-06-07 17:00:00,9227185.53
2026-06-07 18:00:00,9975158.31
2026-06-07 19:00:00,10156756.63
2026-06-07 20:00:00,9920475.91
2026-06-07 21:00:00,9642625.61
2026-06-07 22:00:00,9278084.44
2026-06-07 23:00:00,8867619.86
2026-06-08 00:00:00,8488770.47
2026-06-08 01:00:00,8178343.94
2026-06-08 02:00:00,7980928.41
2026-06-08 03:00:00,7842509.79
2026-06-08 04:00:00,7804637.29
2026-06-08 05:00:00,7781482.36
2026-06-08 06:00:00,7672116.36
2026-06-08 07:00:00,7917341.57
2026-06-08 08:00:00,8288940.16
2026-06-08 09:00:00,8601223.2
2026-06-08 10:00:00,8855781.61
2026-06-08 11:00:00,9111416.26
2026-06-08 12:00:00,9357023.5
2026-06-08 13:00:00,9421929.68
2026-06-08 14:00:00,9292014.13
2026-06-08 15:00:00,9276795.28
2026-06-08 16:00:00,9368525.55
2026-06-08 17:00:00,9517106.46
2026-06-08 18:00:00,10193240.16
2026-06-08 19:00:00,10472835.54
2026-06-08 20:00:00,10286943.84
2026-06-08 21:00:00,9916063.52
2026-06-08 22:00:00,9366635.54
2026-06-08 23:00:00,8827356.44
2026-06-09 00:00:00,8567910.64
2026-06-09 01:00:00,8340941.21
2026-06-09 02:00:00,8138674.85
2026-06-09 03:00:00,8084483.24
2026-06-09 04:00:00,8278182.39
2026-06-09 05:00:00,8749883.52
2026-06-09 06:00:00,8948120.02
2026-06-09 07:00:00,9397827.85
2026-06-09 08:00:00,9855899.26
2026-06-09 09:00:00,10113350.75
2026-06-09 10:00:00,10441596.07
2026-06-09 11:00:00,10774934.98
2026-06-09 12:00:00,10755217.45
2026-06-09 13:00:00,10855678.37
2026-06-09 14:00:00,11139726.38
2026-06-09 15:00:00,11198622.72
2026-06-09 16:00:00,11088666.14
2026-06-09 17:00:00,10883318.88
2026-06-09 18:00:00,11544898.39
2026-06-09 19:00:00,11835200.89
2026-06-09 20:00:00,11605052.95
2026-06-09 21:00:00,11132041.13
2026-06-09 22:00:00,10136001.49
2026-06-09 23:00:00,9468741.58
2026-06-10 00:00:00,9013109.98
2026-06-10 01:00:00,8709871.94
2026-06-10 02:00:00,8515593.4
2026-06-10 03:00:00,8431525.86
2026-06-10 04:00:00,8605570.45
2026-06-10 05:00:00,8977602.03
2026-06-10 06:00:00,9111153.73
2026-06-10 07:00:00,9459822.78
2026-06-10 08:00:00,9788766.33
2026-06-10 09:00:00,10080282.51
2026-06-10 10:00:00,10352317.18
2026-06-10 11:00:00,10719330.71
2026-06-10 12:00:00,10756372.61
2026-06-10 13:00:00,10972221.67
2026-06-10 14:00:00,11242645.7
2026-06-10 15:00:00,11392918.48
2026-06-10 16:00:00,11291860.24
2026-06-10 17:00:00,11123655.72
2026-06-10 18:00:00,11650649.63
2026-06-10 19:00:00,11927962.14
2026-06-10 20:00:00,11712672.02
2026-06-10 21:00:00,11227147.45
2026-06-10 22:00:00,10527606.13
2026-06-10 23:00:00,9893990.42
2026-06-11 00:00:00,9394913.11
2026-06-11 01:00:00,9067023.4
2026-06-11 02:00:00,8852514.57
2026-06-11 03:00:00,8716539.13
2026-06-11 04:00:00,8866305.87
2026-06-11 05:00:00,9205780.32
2026-06-11 06:00:00,9294218.31
2026-06-11 07:00:00,9691935.26
2026-06-11 08:00:00,10167974.7
2026-06-11 09:00:00,10439579.62
2026-06-11 10:00:00,10819711.06
2026-06-11 11:00:00,11223853.24
2026-06-11 12:00:00,11281616.46
2026-06-11 13:00:00,11528035.61
2026-06-11 14:00:00,11866290.35
2026-06-11 15:00:00,11998652.96
2026-06-11 16:00:00,11771270.71
2026-06-11 17:00:00,11435591.75
2026-06-11 18:00:00,11881961.31
2026-06-11 19:00:00,12237814.36
2026-06-11 20:00:00,12023550.24
2026-06-11 21:00:00,11583291.3
2026-06-11 22:00:00,10942601.41
2026-06-11 23:00:00,10238878.41
2026-06-12 00:00:00,9739239.25
2026-06-12 01:00:00,9414540.92
2026-06-12 02:00:00,9158816.94
2026-06-12 03:00:00,9024512.75
2026-06-12 04:00:00,9123190.6
2026-06-12 05:00:00,9433546.85
2026-06-12 06:00:00,9566402.3
2026-06-12 07:00:00,9974221.7
2026-06-12 08:00:00,10443595.72
2026-06-12 09:00:00,10747658.03
2026-06-12 10:00:00,11111813.25
2026-06-12 11:00:00,11480972.67
2026-06-12 12:00:00,11498467.97
2026-06-12 13:00:00,11694043.98
2026-06-12 14:00:00,11988000.39
2026-06-12 15:00:00,12028706.28
2026-06-12 16:00:00,11897587.71
2026-06-12 17:00:00,11666262.78
2026-06-12 18:00:00,12019550.44
2026-06-12 19:00:00,12321750.75
2026-06-12 20:00:00,12101142.29
2026-06-12 21:00:00,11674503.96
2026-06-12 22:00:00,11080316.79
2026-06-12 23:00:00,10457739.02
2026-06-13 00:00:00,9981652.58
2026-06-13 01:00:00,9631231.37
2026-06-13 02:00:00,9332155.45
2026-06-13 03:00:00,9147096.62
2026-06-13 04:00:00,9102032.67
2026-06-13 05:00:00,9064093.04
2026-06-13 06:00:00,9195017.69
2026-06-13 07:00:00,9588452.55
2026-06-13 08:00:00,10069982.82
2026-06-13 09:00:00,10406086.66
2026-06-13 10:00:00,10741249.57
2026-06-13 11:00:00,10952438.35
2026-06-13 12:00:00,10908070.11
2026-06-13 13:00:00,10875924.35
2026-06-13 14:00:00,10834866.45
2026-06-13 15:00:00,10835263.51
2026-06-13 16:00:00,10876716.44
2026-06-13 17:00:00,10911135.55
2026-06-13 18:00:00,11507775.01
2026-06-13 19:00:00,11609737.82
2026-06-13 20:00:00,11323344.78
2026-06-13 21:00:00,10898808.95
2026-06-13 22:00:00,10401935.19
2026-06-13 23:00:00,9906304.71
2026-06-14 00:00:00,9438940.9
2026-06-14 01:00:00,9084862.52
2026-06-14 02:00:00,8806564.32
2026-06-14 03:00:00,8570418.68
2026-06-14 04:00:00,8455045.89
2026-06-14 05:00:00,8274830.2
2026-06-14 06:00:00,8077093.68
2026-06-14 07:00:00,8277203.8
2026-06-14 08:00:00,8543730.3
2026-06-14 09:00:00,8811869.04
2026-06-14 10:00:00,9054603.38
2026-06-14 11:00:00,9333669.28
2026-06-14 12:00:00,9491720.25
2026-06-14 13:00:00,9544997.32
2026-06-14 14:00:00,9518412.34
2026-06-14 15:00:00,9566503.52
2026-06-14 16:00:00,9625245.61
2026-06-14 17:00:00,9723417.17
2026-06-14 18:00:00,10349511.31
2026-06-14 19:00:00,10650102.78
2026-06-14 20:00:00,10435379.29
2026-06-14 21:00:00,10219016.51
2026-06-14 22:00:00,9854571.73
2026-06-14 23:00:00,9453846.22
2026-06-15 00:00:00,9051176.86
2026-06-15 01:00:00,8718376.17
2026-06-15 02:00:00,8481028.34
2026-06-15 03:00:00,8307849.74
2026-06-15 04:00:00,8250923.7
2026-06-15 05:00:00,8156512.81
2026-06-15 06:00:00,7988597.41
2026-06-15 07:00:00,8235777.76
2026-06-15 08:00:00,8561896.38
2026-06-15 09:00:00,8945520.69
2026-06-15 10:00:00,9358172.4
2026-06-15 11:00:00,9803520.78
2026-06-15 12:00:00,9960567.28
2026-06-15 13:00:00,9897791.44
2026-06-15 14:00:00,9713344.62
2026-06-15 15:00:00,9779378.93
2026-06-15 16:00:00,9811426.83
2026-06-15 17:00:00,9838512.25
2026-06-15 18:00:00,10341916.76
2026-06-15 19:00:00,10598029.26
2026-06-15 20:00:00,10414739.01
2026-06-15 21:00:00,10090588.19
2026-06-15 22:00:00,9630200.09
2026-06-15 23:00:00,9077422.09
2026-06-16 00:00:00,8688522.38
2026-06-16 01:00:00,8403906.34
2026-06-16 02:00:00,8236496.89
2026-06-16 03:00:00,8171348.33
2026-06-16 04:00:00,8337478.71
2026-06-16 05:00:00,8715473.43
2026-06-16 06:00:00,8936996.25
2026-06-16 07:00:00,9437834.61
2026-06-16 08:00:00,9898904.7
2026-06-16 09:00:00,10201847.86
2026-06-16 10:00:00,10572942.68
2026-06-16 11:00:00,10931289.0
2026-06-16 12:00:00,10953347.7
2026-06-16 13:00:00,11171078.88
2026-06-16 14:00:00,11440578.84
2026-06-16 15:00:00,11543553.48
2026-06-16 16:00:00,11460288.29
2026-06-16 17:00:00,11236460.65
2026-06-16 18:00:00,11674478.6
2026-06-16 19:00:00,11875068.8
2026-06-16 20:00:00,11678851.65
2026-06-16 21:00:00,11206579.28
2026-06-16 22:00:00,10542440.59
2026-06-16 23:00:00,9869952.22
2026-06-17 00:00:00,9383989.28
2026-06-17 01:00:00,8990201.4
2026-06-17 02:00:00,8760242.04
2026-06-17 03:00:00,8663518.26
2026-06-17 04:00:00,8764129.01
2026-06-17 05:00:00,9037320.84
2026-06-17 06:00:00,9226408.07
2026-06-17 07:00:00,9650392.54
2026-06-17 08:00:00,10112933.7
2026-06-17 09:00:00,10341795.76
2026-06-17 10:00:00,10738781.46
2026-06-17 11:00:00,11067041.35
2026-06-17 12:00:00,11059696.65
2026-06-17 13:00:00,11274090.44
2026-06-17 14:00:00,11544202.72
2026-06-17 15:00:00,11693498.75
2026-06-17 16:00:00,11608968.06
2026-06-17 17:00:00,11336039.12
2026-06-17 18:00:00,11760785.19
2026-06-17 19:00:00,11983203.18
2026-06-17 20:00:00,11647292.36
2026-06-17 21:00:00,11090147.49
2026-06-17 22:00:00,10641955.85
2026-06-17 23:00:00,10101354.41
2026-06-18 00:00:00,9592027.87
2026-06-18 01:00:00,9182811.86
2026-06-18 02:00:00,8908437.59
2026-06-18 03:00:00,8751825.93
2026-06-18 04:00:00,8842243.75
2026-06-18 05:00:00,9144330.72
2026-06-18 06:00:00,9277383.1
2026-06-18 07:00:00,9671959.76
2026-06-18 08:00:00,10079664.58
2026-06-18 09:00:00,10293675.03
2026-06-18 10:00:00,10598682.77
2026-06-18 11:00:00,10862700.75
2026-06-18 12:00:00,10760883.98
2026-06-18 13:00:00,10924556.03
2026-06-18 14:00:00,11226431.77
2026-06-18 15:00:00,11321143.44
2026-06-18 16:00:00,11231053.41
2026-06-18 17:00:00,11034790.99
2026-06-18 18:00:00,11501666.67
2026-06-18 19:00:00,11761010.38
2026-06-18 20:00:00,11497692.71
2026-06-18 21:00:00,11004944.5
2026-06-18 22:00:00,10376503.95
2026-06-18 23:00:00,9749937.42
2026-06-19 00:00:00,9288464.0
2026-06-19 01:00:00,8960639.9
2026-06-19 02:00:00,8748350.94
2026-06-19 03:00:00,8564543.58
2026-06-19 04:00:00,8676361.32
2026-06-19 05:00:00,8906966.25
2026-06-19 06:00:00,9188251.43
2026-06-19 07:00:00,9695515.11
2026-06-19 08:00:00,10154561.97
2026-06-19 09:00:00,10375898.91
2026-06-19 10:00:00,10725786.43
2026-06-19 11:00:00,11091476.0
2026-06-19 12:00:00,11093657.7
2026-06-19 13:00:00,11216948.9
2026-06-19 14:00:00,11521041.42
2026-06-19 15:00:00,11504685.47
2026-06-19 16:00:00,11341654.61
2026-06-19 17:00:00,11213549.67
2026-06-19 18:00:00,11587767.43
2026-06-19 19:00:00,11795491.68
2026-06-19 20:00:00,11578776.38
2026-06-19 21:00:00,11109602.18
2026-06-19 22:00:00,10590483.67
2026-06-19 23:00:00,10015189.93
2026-06-20 00:00:00,9495939.88
2026-06-20 01:00:00,9144115.31
2026-06-20 02:00:00,8891185.55
2026-06-20 03:00:00,8747479.67
2026-06-20 04:00:00,8724519.11
2026-06-20 05:00:00,8687837.78
2026-06-20 06:00:00,8770329.86
2026-06-20 07:00:00,9220039.47
2026-06-20 08:00:00,9699840.77
2026-06-20 09:00:00,10073945.8
2026-06-20 10:00:00,10419375.28
2026-06-20 11:00:00,10620318.52
2026-06-20 12:00:00,10679695.29
2026-06-20 13:00:00,10656522.26
2026-06-20 14:00:00,10597379.34
2026-06-20 15:00:00,10621421.47
2026-06-20 16:00:00,10630593.82
2026-06-20 17:00:00,10572539.71
2026-06-20 18:00:00,11019252.85
2026-06-20 19:00:00,11213661.87
2026-06-20 20:00:00,10972009.12
2026-06-20 21:00:00,10557820.99
2026-06-20 22:00:00,10053651.14
2026-06-20 23:00:00,9552057.43
2026-06-21 00:00:00,9069478.24
2026-06-21 01:00:00,8689967.5
2026-06-21 02:00:00,8408841.66
2026-06-21 03:00:00,8231765.96
2026-06-21 04:00:00,8149283.13
2026-06-21 05:00:00,8025484.32
2026-06-21 06:00:00,7870580.24
2026-06-21 07:00:00,8048715.76
2026-06-21 08:00:00,8288726.85
2026-06-21 09:00:00,8503584.24
2026-06-21 10:00:00,8676478.01
2026-06-21 11:00:00,8898703.17
2026-06-21 12:00:00,9059310.16
2026-06-21 13:00:00,9064924.43
2026-06-21 14:00:00,9085813.83
2026-06-21 15:00:00,9262432.32
2026-06-21 16:00:00,9500801.56
2026-06-21 17:00:00,9679225.47
2026-06-21 18:00:00,10371117.76
2026-06-21 19:00:00,10716157.42
2026-06-21 20:00:00,10573195.47
2026-06-21 21:00:00,10299187.64
2026-06-21 22:00:00,9833394.49
2026-06-21 23:00:00,9329139.74
2026-06-22 00:00:00,8956618.77
2026-06-22 01:00:00,8680378.36
2026-06-22 02:00:00,8465549.42
2026-06-22 03:00:00,8346989.95
2026-06-22 04:00:00,8433417.71
2026-06-22 05:00:00,8623838.6
2026-06-22 06:00:00,8951309.89
2026-06-22 07:00:00,9550683.31
2026-06-22 08:00:00,10160615.97
2026-06-22 09:00:00,10517153.01
2026-06-22 10:00:00,10999235.63
2026-06-22 11:00:00,11366940.85
2026-06-22 12:00:00,11435065.53
2026-06-22 13:00:00,11608022.22
2026-06-22 14:00:00,11739342.26
2026-06-22 15:00:00,11821616.27
2026-06-22 16:00:00,11702111.0
2026-06-22 17:00:00,11437610.64
2026-06-22 18:00:00,11813496.93
2026-06-22 19:00:00,12128954.22
2026-06-22 20:00:00,11855887.34
2026-06-22 21:00:00,11395735.86
2026-06-22 22:00:00,10774662.92
2026-06-22 23:00:00,10117320.13
2026-06-23 00:00:00,9623114.25
2026-06-23 01:00:00,9268790.61
2026-06-23 02:00:00,9014200.78
2026-06-23 03:00:00,8893202.71
2026-06-23 04:00:00,8951722.73
2026-06-23 05:00:00,9079090.45
2026-06-23 06:00:00,9311180.25
2026-06-23 07:00:00,9828577.45
2026-06-23 08:00:00,10309638.76
2026-06-23 09:00:00,10543400.36
2026-06-23 10:00:00,10923292.53
2026-06-23 11:00:00,11284428.5
2026-06-23 12:00:00,11342627.15
2026-06-23 13:00:00,11499771.56
2026-06-23 14:00:00,11712084.69
2026-06-23 15:00:00,11778958.58
2026-06-23 16:00:00,11739869.15
2026-06-23 17:00:00,11500786.63
2026-06-23 18:00:00,11922926.45
2026-06-23 19:00:00,12191944.91
2026-06-23 20:00:00,11858466.07
2026-06-23 21:00:00,11237091.06
2026-06-23 22:00:00,10807433.27
2026-06-23 23:00:00,10326939.67
2026-06-24 00:00:00,9783537.26
2026-06-24 01:00:00,9359818.47
2026-06-24 02:00:00,9093418.47
2026-06-24 03:00:00,8945989.78
2026-06-24 04:00:00,8950749.32
2026-06-24 05:00:00,9066406.84
2026-06-24 06:00:00,9298150.98
2026-06-24 07:00:00,9778772.22
2026-06-24 08:00:00,10237889.23
2026-06-24 09:00:00,10496334.5
2026-06-24 10:00:00,10780697.17
2026-06-24 11:00:00,11134370.0
2026-06-24 12:00:00,11228917.86
2026-06-24 13:00:00,11419721.3
2026-06-24 14:00:00,11710637.15
2026-06-24 15:00:00,11821332.79
2026-06-24 16:00:00,11730253.42
2026-06-24 17:00:00,11518776.75
2026-06-24 18:00:00,11917385.9
2026-06-24 19:00:00,12249057.28
2026-06-24 20:00:00,11981193.29
2026-06-24 21:00:00,11525645.03
2026-06-24 22:00:00,10887669.52
2026-06-24 23:00:00,10299204.14
2026-06-25 00:00:00,9807580.38
2026-06-25 01:00:00,9458574.57
2026-06-25 02:00:00,9190421.87
2026-06-25 03:00:00,9057863.08
2026-06-25 04:00:00,9098156.33
2026-06-25 05:00:00,9246667.04
2026-06-25 06:00:00,9447120.99
2026-06-25 07:00:00,9975413.88
2026-06-25 08:00:00,10440442.04
2026-06-25 09:00:00,10664403.68
2026-06-25 10:00:00,11056861.54
2026-06-25 11:00:00,11448177.74
2026-06-25 12:00:00,11428102.07
2026-06-25 13:00:00,11599098.87
2026-06-25 14:00:00,11921431.92
2026-06-25 15:00:00,12022925.02
2026-06-25 16:00:00,11927953.79
2026-06-25 17:00:00,11582222.21
2026-06-25 18:00:00,11933613.04
2026-06-25 19:00:00,12245434.56
2026-06-25 20:00:00,12007657.54
2026-06-25 21:00:00,11603645.24
2026-06-25 22:00:00,11060644.63
2026-06-25 23:00:00,10455739.63
2026-06-26 00:00:00,9931377.15
2026-06-26 01:00:00,9532747.11
2026-06-26 02:00:00,9205856.44
2026-06-26 03:00:00,9060165.94
2026-06-26 04:00:00,9064287.58
2026-06-26 05:00:00,9124714.61
2026-06-26 06:00:00,9359077.15
2026-06-26 07:00:00,9956810.88
2026-06-26 08:00:00,10442232.89
2026-06-26 09:00:00,10719005.22
2026-06-26 10:00:00,11019102.36
2026-06-26 11:00:00,11315686.14
2026-06-26 12:00:00,11278078.31
2026-06-26 13:00:00,11377181.26
2026-06-26 14:00:00,11630068.92
2026-06-26 15:00:00,11745300.92
2026-06-26 16:00:00,11605118.64
2026-06-26 17:00:00,11393875.72
2026-06-26 18:00:00,11842546.23
2026-06-26 19:00:00,12146926.61
2026-06-26 20:00:00,11890555.9
2026-06-26 21:00:00,11431568.78
2026-06-26 22:00:00,10905400.02
2026-06-26 23:00:00,10338391.13
2026-06-27 00:00:00,9839109.85
2026-06-27 01:00:00,9450784.4
2026-06-27 02:00:00,9162111.1
2026-06-27 03:00:00,8997609.63
2026-06-27 04:00:00,8972269.09
2026-06-27 05:00:00,8906954.35
2026-06-27 06:00:00,8944027.95
2026-06-27 07:00:00,9322729.51
2026-06-27 08:00:00,9810321.28
2026-06-27 09:00:00,10146504.87
2026-06-27 10:00:00,10421920.41
2026-06-27 11:00:00,10663320.05
2026-06-27 12:00:00,10663780.7
2026-06-27 13:00:00,10624163.12
2026-06-27 14:00:00,10640022.52
2026-06-27 15:00:00,10766116.42
2026-06-27 16:00:00,10817001.77
2026-06-27 17:00:00,10815957.21
2026-06-27 18:00:00,11114725.87
2026-06-27 19:00:00,11161338.09
2026-06-27 20:00:00,10847943.8
2026-06-27 21:00:00,10554185.74
2026-06-27 22:00:00,10184343.52
2026-06-27 23:00:00,9765603.96
2026-06-28 00:00:00,9389479.42
2026-06-28 01:00:00,9058431.84
2026-06-28 02:00:00,8835931.92
2026-06-28 03:00:00,8620796.08
2026-06-28 04:00:00,8503434.57
2026-06-28 05:00:00,8355841.97
2026-06-28 06:00:00,8061298.33
2026-06-28 07:00:00,8176454.02
2026-06-28 08:00:00,8490555.93
2026-06-28 09:00:00,8756569.78
2026-06-28 10:00:00,9030350.11
2026-06-28 11:00:00,9268868.09
2026-06-28 12:00:00,9445957.7
2026-06-28 13:00:00,9487695.37
2026-06-28 14:00:00,9531769.67
2026-06-28 15:00:00,9588519.33
2026-06-28 16:00:00,9645813.51
2026-06-28 17:00:00,9482729.58
2026-06-28 18:00:00,10272521.59
2026-06-28 19:00:00,10738663.58
2026-06-28 20:00:00,10602016.91
2026-06-28 21:00:00,10373336.71
2026-06-28 22:00:00,10057798.57
2026-06-28 23:00:00,9654207.41
2026-06-29 00:00:00,9253687.95
2026-06-29 01:00:00,8922710.76
2026-06-29 02:00:00,8691946.81
2026-06-29 03:00:00,8531507.9
2026-06-29 04:00:00,8487058.45
2026-06-29 05:00:00,8375588.6
2026-06-29 06:00:00,8155677.93
2026-06-29 07:00:00,8389790.04
2026-06-29 08:00:00,8706866.61
2026-06-29 09:00:00,9086766.16
2026-06-29 10:00:00,9456955.01
2026-06-29 11:00:00,9863981.54
2026-06-29 12:00:00,10094312.6
2026-06-29 13:00:00,10210453.52
2026-06-29 14:00:00,10218120.99
2026-06-29 15:00:00,10274304.47
2026-06-29 16:00:00,10295792.06
2026-06-29 17:00:00,10317201.89
2026-06-29 18:00:00,10892193.76
2026-06-29 19:00:00,11328683.09
2026-06-29 20:00:00,11212383.19
2026-06-29 21:00:00,10924883.03
2026-06-29 22:00:00,10512078.08
2026-06-29 23:00:00,9956009.23
2026-06-30 00:00:00,9503973.64
2026-06-30 01:00:00,9197616.07
2026-06-30 02:00:00,8974320.6
2026-06-30 03:00:00,8831858.7
2026-06-30 04:00:00,8873999.23
2026-06-30 05:00:00,9029882.74
2026-06-30 06:00:00,9244950.68
2026-06-30 07:00:00,9840547.25
2026-06-30 08:00:00,10458515.85
2026-06-30 09:00:00,10787856.31
2026-06-30 10:00:00,11190462.17
2026-06-30 11:00:00,11582948.14
2026-06-30 12:00:00,11610533.45
2026-06-30 13:00:00,11748025.85
2026-06-30 14:00:00,11904958.49
2026-06-30 15:00:00,11932620.87
2026-06-30 16:00:00,11848918.35
2026-06-30 17:00:00,11561840.46
2026-06-30 18:00:00,11822315.93
2026-06-30 19:00:00,12044491.82
2026-06-30 20:00:00,11804896.42
2026-06-30 21:00:00,11378562.64
2026-06-30 22:00:00,10836275.24
2026-06-30 23:00:00,10125459.11
2026-07-01 00:00:00,9682398.27
2026-07-01 01:00:00,9391786.88
2026-07-01 02:00:00,9148120.9
2026-07-01 03:00:00,8986441.45
2026-07-01 04:00:00,9025452.56
2026-07-01 05:00:00,9178923.16
2026-07-01 06:00:00,9346658.28
2026-07-01 07:00:00,9856106.77
2026-07-01 08:00:00,10423920.28
2026-07-01 09:00:00,10635277.02
2026-07-01 10:00:00,11060113.7
2026-07-01 11:00:00,11447197.88
2026-07-01 12:00:00,11442431.82
2026-07-01 13:00:00,11495501.74
2026-07-01 14:00:00,11755952.26
2026-07-01 15:00:00,11926455.99
2026-07-01 16:00:00,11784744.93
2026-07-01 17:00:00,11544017.59
2026-07-01 18:00:00,11916853.63
2026-07-01 19:00:00,12210356.9
2026-07-01 20:00:00,12020815.7
2026-07-01 21:00:00,11521292.92
2026-07-01 22:00:00,10829853.1
2026-07-01 23:00:00,10264976.05
2026-07-02 00:00:00,9789926.24
2026-07-02 01:00:00,9490714.42
2026-07-02 02:00:00,9213944.98
2026-07-02 03:00:00,9074958.67
2026-07-02 04:00:00,9113807.11
2026-07-02 05:00:00,9284937.69
2026-07-02 06:00:00,9470190.7
2026-07-02 07:00:00,10042968.12
2026-07-02 08:00:00,10575536.02
2026-07-02 09:00:00,10839861.98
2026-07-02 10:00:00,11236062.02
2026-07-02 11:00:00,11594812.36
2026-07-02 12:00:00,11598305.82
2026-07-02 13:00:00,11685811.2
2026-07-02 14:00:00,11965986.83
2026-07-02 15:00:00,12014732.01
2026-07-02 16:00:00,11754813.58
2026-07-02 17:00:00,11410848.71
2026-07-02 18:00:00,11815958.79
2026-07-02 19:00:00,12043683.0
2026-07-02 20:00:00,11776526.82
2026-07-02 21:00:00,11333070.39
2026-07-02 22:00:00,10726539.98
2026-07-02 23:00:00,10116191.88
2026-07-03 00:00:00,9612842.02
2026-07-03 01:00:00,9303605.81
2026-07-03 02:00:00,9052559.55
2026-07-03 03:00:00,8908524.52
2026-07-03 04:00:00,8952127.15
2026-07-03 05:00:00,9105424.41
2026-07-03 06:00:00,9380794.41
2026-07-03 07:00:00,9954418.96
2026-07-03 08:00:00,10463372.63
2026-07-03 09:00:00,10749675.85
2026-07-03 10:00:00,11108165.61
2026-07-03 11:00:00,11455378.11
2026-07-03 12:00:00,11426548.15
2026-07-03 13:00:00,11510995.25
2026-07-03 14:00:00,11655540.83
2026-07-03 15:00:00,11711567.42
2026-07-03 16:00:00,11567340.99
2026-07-03 17:00:00,11412423.62
2026-07-03 18:00:00,11781648.86
2026-07-03 19:00:00,11773746.94
2026-07-03 20:00:00,11345446.94
2026-07-03 21:00:00,10831166.19
2026-07-03 22:00:00,10400045.0
2026-07-03 23:00:00,10065592.93
2026-07-04 00:00:00,9630746.0
2026-07-04 01:00:00,9302067.1
2026-07-04 02:00:00,9018941.26
2026-07-04 03:00:00,8806213.55
2026-07-04 04:00:00,8800573.89
2026-07-04 05:00:00,8787307.33
2026-07-04 06:00:00,8803060.9
2026-07-04 07:00:00,9242947.17
2026-07-04 08:00:00,9727008.85
2026-07-04 09:00:00,10025539.39
2026-07-04 10:00:00,10327071.44
2026-07-04 11:00:00,10459699.24
2026-07-04 12:00:00,10448412.88
2026-07-04 13:00:00,10438453.48
2026-07-04 14:00:00,10384659.92
2026-07-04 15:00:00,10418869.14
2026-07-04 16:00:00,10418165.84
2026-07-04 17:00:00,10419332.89
2026-07-04 18:00:00,10946827.39
2026-07-04 19:00:00,11192313.96
2026-07-04 20:00:00,10975209.72
2026-07-04 21:00:00,10585820.67
2026-07-04 22:00:00,10115040.44
2026-07-04 23:00:00,9638011.93
2026-07-05 00:00:00,9192085.0
2026-07-05 01:00:00,8873406.46
2026-07-05 02:00:00,8609316.93
2026-07-05 03:00:00,8405638.16
2026-07-05 04:00:00,8282240.16
2026-07-05 05:00:00,8162051.66
2026-07-05 06:00:00,7940624.6
2026-07-05 07:00:00,8064224.46
2026-07-05 08:00:00,8362269.37
2026-07-05 09:00:00,8641151.12
2026-07-05 10:00:00,8910344.48
2026-07-05 11:00:00,9199476.78
2026-07-05 12:00:00,9441467.73
2026-07-05 13:00:00,9509888.4
2026-07-05 14:00:00,9649253.97
2026-07-05 15:00:00,9810412.4
2026-07-05 16:00:00,9865826.59
2026-07-05 17:00:00,9849540.45
2026-07-05 18:00:00,10435089.65
2026-07-05 19:00:00,10922465.86
2026-07-05 20:00:00,10837332.2
2026-07-05 21:00:00,10589967.84
2026-07-05 22:00:00,10198261.6
2026-07-05 23:00:00,9696722.97
2026-07-06 00:00:00,9267043.63
2026-07-06 01:00:00,8978358.83
2026-07-06 02:00:00,8723833.74
2026-07-06 03:00:00,8594619.75
2026-07-06 04:00:00,8672960.91
2026-07-06 05:00:00,8901009.72
2026-07-06 06:00:00,9168271.02
2026-07-06 07:00:00,9734752.92
2026-07-06 08:00:00,10245686.71
2026-07-06 09:00:00,10565044.21
2026-07-06 10:00:00,11007501.03
2026-07-06 11:00:00,11370635.86
2026-07-06 12:00:00,11372468.36
2026-07-06 13:00:00,11600611.32
2026-07-06 14:00:00,11980013.86
2026-07-06 15:00:00,12112664.84
2026-07-06 16:00:00,11964991.12
2026-07-06 17:00:00,11632543.65
2026-07-06 18:00:00,11936427.95
2026-07-06 19:00:00,12353182.76
2026-07-06 20:00:00,12137788.14
2026-07-06 21:00:00,11679155.24
2026-07-06 22:00:00,11040391.94
2026-07-06 23:00:00,10399725.39
2026-07-07 00:00:00,9861653.91
2026-07-07 01:00:00,9553574.08
2026-07-07 02:00:00,9291119.18
2026-07-07 03:00:00,9122082.91
2026-07-07 04:00:00,9175412.13
2026-07-07 05:00:00,9469993.71
2026-07-07 06:00:00,9602858.95
2026-07-07 07:00:00,10109073.12
2026-07-07 08:00:00,10593446.57
2026-07-07 09:00:00,10911513.11
2026-07-07 10:00:00,11313427.77
2026-07-07 11:00:00,11713216.45
2026-07-07 12:00:00,11834248.75
2026-07-07 13:00:00,11833408.3
2026-07-07 14:00:00,11638878.3
2026-07-07 15:00:00,11405037.69
2026-07-07 16:00:00,11335642.58
2026-07-07 17:00:00,11232801.99
2026-07-07 18:00:00,11740364.08
2026-07-07 19:00:00,12215289.02
2026-07-07 20:00:00,12011868.34
2026-07-07 21:00:00,11478689.88
2026-07-07 22:00:00,10875950.06
2026-07-07 23:00:00,10310910.66
2026-07-08 00:00:00,9921110.97
2026-07-08 01:00:00,9643596.94
2026-07-08 02:00:00,9381704.66
2026-07-08 03:00:00,9221594.12
2026-07-08 04:00:00,9305941.46
2026-07-08 05:00:00,9549402.68
2026-07-08 06:00:00,9671508.9
2026-07-08 07:00:00,10130716.77
2026-07-08 08:00:00,10637681.67
2026-07-08 09:00:00,10875356.53
2026-07-08 10:00:00,11237024.38
2026-07-08 11:00:00,11571506.17
2026-07-08 12:00:00,11603399.0
2026-07-08 13:00:00,11779944.25
2026-07-08 14:00:00,11991472.61
2026-07-08 15:00:00,12121111.18
2026-07-08 16:00:00,12024612.02
2026-07-08 17:00:00,11749109.78
2026-07-08 18:00:00,12108785.27
2026-07-08 19:00:00,12440393.38
2026-07-08 20:00:00,12192684.71
2026-07-08 21:00:00,11755381.94
2026-07-08 22:00:00,11131103.61
2026-07-08 23:00:00,10504845.25
2026-07-09 00:00:00,10009134.54
2026-07-09 01:00:00,9688365.14
2026-07-09 02:00:00,9379477.36
2026-07-09 03:00:00,9155991.37
2026-07-09 04:00:00,9248321.27
2026-07-09 05:00:00,9551993.06
2026-07-09 06:00:00,9687741.11
2026-07-09 07:00:00,10218597.63
2026-07-09 08:00:00,10644328.13
2026-07-09 09:00:00,10844221.38
2026-07-09 10:00:00,11131943.9
2026-07-09 11:00:00,11444479.23
2026-07-09 12:00:00,11423755.37
2026-07-09 13:00:00,11528734.88
2026-07-09 14:00:00,11724747.86
2026-07-09 15:00:00,11884952.88
2026-07-09 16:00:00,11798347.89
2026-07-09 17:00:00,11516432.15
2026-07-09 18:00:00,11924211.21
2026-07-09 19:00:00,12127613.98
2026-07-09 20:00:00,11888043.62
2026-07-09 21:00:00,11438290.18
2026-07-09 22:00:00,10818082.96
2026-07-09 23:00:00,10189612.58
2026-07-10 00:00:00,9678638.83
2026-07-10 01:00:00,9330212.13
2026-07-10 02:00:00,9075628.9
2026-07-10 03:00:00,8942124.4
2026-07-10 04:00:00,9053024.52
2026-07-10 05:00:00,9279970.61
2026-07-10 06:00:00,9401007.73
2026-07-10 07:00:00,9863562.76
2026-07-10 08:00:00,10334463.57
2026-07-10 09:00:00,10599562.69
2026-07-10 10:00:00,10997034.81
2026-07-10 11:00:00,11328350.64
2026-07-10 12:00:00,11319903.92
2026-07-10 13:00:00,11499208.97
2026-07-10 14:00:00,11721264.22
2026-07-10 15:00:00,11821995.23
2026-07-10 16:00:00,11658470.53
2026-07-10 17:00:00,11356762.91
2026-07-10 18:00:00,11743243.96
2026-07-10 19:00:00,12022050.6
2026-07-10 20:00:00,11779033.99
2026-07-10 21:00:00,11355807.74
2026-07-10 22:00:00,10835168.07
2026-07-10 23:00:00,10273959.25
2026-07-11 00:00:00,9782103.41
2026-07-11 01:00:00,9465957.56
2026-07-11 02:00:00,9189681.37
2026-07-11 03:00:00,8996393.54
2026-07-11 04:00:00,8988496.5
2026-07-11 05:00:00,8961947.59
2026-07-11 06:00:00,9004072.65
2026-07-11 07:00:00,9418244.84
2026-07-11 08:00:00,9867050.71
2026-07-11 09:00:00,10236199.75
2026-07-11 10:00:00,10579084.81
2026-07-11 11:00:00,10799495.84
2026-07-11 12:00:00,10727744.56
2026-07-11 13:00:00,10728200.03
2026-07-11 14:00:00,10751531.56
2026-07-11 15:00:00,10765487.14
2026-07-11 16:00:00,10818377.27
2026-07-11 17:00:00,10810177.77
2026-07-11 18:00:00,11311052.47
2026-07-11 19:00:00,11572289.67
2026-07-11 20:00:00,11291644.48
2026-07-11 21:00:00,10928396.23
2026-07-11 22:00:00,10545756.0
2026-07-11 23:00:00,10012560.26
2026-07-12 00:00:00,9540861.76
2026-07-12 01:00:00,9164601.6
2026-07-12 02:00:00,8887939.43
2026-07-12 03:00:00,8666951.93
2026-07-12 04:00:00,8561736.04
2026-07-12 05:00:00,8432033.36
2026-07-12 06:00:00,8165617.34
2026-07-12 07:00:00,8340558.96
2026-07-12 08:00:00,8618486.93
2026-07-12 09:00:00,8826119.87
2026-07-12 10:00:00,9098407.25
2026-07-12 11:00:00,9337875.1
2026-07-12 12:00:00,9442839.08
2026-07-12 13:00:00,9559387.92
2026-07-12 14:00:00,9497550.81
2026-07-12 15:00:00,9455591.54
2026-07-12 16:00:00,9436695.9
2026-07-12 17:00:00,9548145.81
2026-07-12 18:00:00,10110816.82
2026-07-12 19:00:00,10450835.35
2026-07-12 20:00:00,10258447.72
2026-07-12 21:00:00,10067350.14
2026-07-12 22:00:00,9729441.08
2026-07-12 23:00:00,9290976.52
2026-07-13 00:00:00,8866603.11
2026-07-13 01:00:00,8590168.41
2026-07-13 02:00:00,8329986.29
2026-07-13 03:00:00,8146207.49
2026-07-13 04:00:00,8105341.35
2026-07-13 05:00:00,8049402.82
2026-07-13 06:00:00,7928567.66
2026-07-13 07:00:00,8242868.19
2026-07-13 08:00:00,8548722.52
2026-07-13 09:00:00,8871551.27
2026-07-13 10:00:00,9193161.85
2026-07-13 11:00:00,9554278.8
2026-07-13 12:00:00,9769966.85
2026-07-13 13:00:00,9870207.48
2026-07-13 14:00:00,9916045.54
2026-07-13 15:00:00,9955361.12
2026-07-13 16:00:00,9949129.68
2026-07-13 17:00:00,10087335.98
2026-07-13 18:00:00,10689338.59
2026-07-13 19:00:00,11182031.02
2026-07-13 20:00:00,11051494.39
2026-07-13 21:00:00,10727886.21
2026-07-13 22:00:00,10235111.84
2026-07-13 23:00:00,9662537.47
2026-07-14 00:00:00,9256093.27
2026-07-14 01:00:00,8923681.92
2026-07-14 02:00:00,8731963.79
2026-07-14 03:00:00,8627354.11
2026-07-14 04:00:00,8774664.26
2026-07-14 05:00:00,9099858.45
2026-07-14 06:00:00,9142964.32
2026-07-14 07:00:00,9618002.31
2026-07-14 08:00:00,10122445.12
2026-07-14 09:00:00,10476435.77
2026-07-14 10:00:00,10812808.65
2026-07-14 11:00:00,11126529.82
2026-07-14 12:00:00,11218025.17
2026-07-14 13:00:00,11522856.27
2026-07-14 14:00:00,11912974.9
2026-07-14 15:00:00,11988272.89
2026-07-14 16:00:00,11842450.0
2026-07-14 17:00:00,11519053.28
2026-07-14 18:00:00,11824450.8
2026-07-14 19:00:00,12253691.2
2026-07-14 20:00:00,12027587.84
2026-07-14 21:00:00,11541914.62
2026-07-14 22:00:00,10893192.34
2026-07-14 23:00:00,10275668.29
2026-07-15 00:00:00,9822234.06
2026-07-15 01:00:00,9467783.58
2026-07-15 02:00:00,9208672.4
2026-07-15 03:00:00,9055642.89
2026-07-15 04:00:00,9232700.9
2026-07-15 05:00:00,9557381.88
2026-07-15 06:00:00,9641614.59
2026-07-15 07:00:00,10048269.65
2026-07-15 08:00:00,10500544.39
2026-07-15 09:00:00,10783660.81
2026-07-15 10:00:00,11113320.44
2026-07-15 11:00:00,11454756.96
2026-07-15 12:00:00,11439516.52
2026-07-15 13:00:00,11679931.75
2026-07-15 14:00:00,12136669.82
2026-07-15 15:00:00,12276968.07
2026-07-15 16:00:00,12065643.4
2026-07-15 17:00:00,11732464.76
2026-07-15 18:00:00,12038996.89
2026-07-15 19:00:00,12378873.79
2026-07-15 20:00:00,12157496.23
2026-07-15 21:00:00,11696702.61
2026-07-15 22:00:00,11073368.66
2026-07-15 23:00:00,10395595.7
2026-07-16 00:00:00,9902045.2
2026-07-16 01:00:00,9579099.2
2026-07-16 02:00:00,9299857.27
2026-07-16 03:00:00,9173601.58
2026-07-16 04:00:00,9289874.53
2026-07-16 05:00:00,9598402.3
2026-07-16 06:00:00,9672399.8
2026-07-16 07:00:00,10095948.26
2026-07-16 08:00:00,10540548.49
2026-07-16 09:00:00,10800949.26
2026-07-16 10:00:00,11176929.04
2026-07-16 11:00:00,11524505.2
2026-07-16 12:00:00,11483462.78
2026-07-16 13:00:00,11662745.56
2026-07-16 14:00:00,11955826.12
2026-07-16 15:00:00,12047262.5
2026-07-16 16:00:00,11946271.27
2026-07-16 17:00:00,11658833.39
2026-07-16 18:00:00,11995899.37
2026-07-16 19:00:00,12354947.54
2026-07-16 20:00:00,12133614.04
2026-07-16 21:00:00,11677175.41
2026-07-16 22:00:00,11127544.46
2026-07-16 23:00:00,10460851.38
2026-07-17 00:00:00,9980009.13
2026-07-17 01:00:00,9673945.95
2026-07-17 02:00:00,9430610.05
2026-07-17 03:00:00,9245738.18
2026-07-17 04:00:00,9309451.28
2026-07-17 05:00:00,9530784.73
2026-07-17 06:00:00,9664376.34
2026-07-17 07:00:00,10099242.92
2026-07-17 08:00:00,10624888.99
2026-07-17 09:00:00,10941188.67
2026-07-17 10:00:00,11319548.07
2026-07-17 11:00:00,11570422.07
2026-07-17 12:00:00,11556423.17
2026-07-17 13:00:00,11692580.21
2026-07-17 14:00:00,11942429.71
2026-07-17 15:00:00,11985956.66
2026-07-17 16:00:00,11925560.69
2026-07-17 17:00:00,11623423.89
2026-07-17 18:00:00,12004010.23
2026-07-17 19:00:00,12319375.63
2026-07-17 20:00:00,12068815.09
2026-07-17 21:00:00,11686548.99
2026-07-17 22:00:00,11186680.75
2026-07-17 23:00:00,10620414.91
2026-07-18 00:00:00,10114389.46
2026-07-18 01:00:00,9782686.66
2026-07-18 02:00:00,9523581.93
2026-07-18 03:00:00,9310896.11
2026-07-18 04:00:00,9206778.47
2026-07-18 05:00:00,9161257.09
2026-07-18 06:00:00,9197720.31
2026-07-18 07:00:00,9636777.33
2026-07-18 08:00:00,10137720.89
2026-07-18 09:00:00,10462627.47
2026-07-18 10:00:00,10739052.87
2026-07-18 11:00:00,10919717.95
2026-07-18 12:00:00,10870541.86
2026-07-18 13:00:00,10862217.95
2026-07-18 14:00:00,10853267.38
2026-07-18 15:00:00,10893905.39
2026-07-18 16:00:00,10887003.54
2026-07-18 17:00:00,10869969.54
2026-07-18 18:00:00,11310415.97
2026-07-18 19:00:00,11487133.68
2026-07-18 20:00:00,11176455.4
2026-07-18 21:00:00,10708744.35
2026-07-18 22:00:00,10283470.75
2026-07-18 23:00:00,9812630.18
2026-07-19 00:00:00,9402303.69
2026-07-19 01:00:00,9087633.08
2026-07-19 02:00:00,8849847.31
2026-07-19 03:00:00,8603280.17
2026-07-19 04:00:00,8484349.3
2026-07-19 05:00:00,8385945.18
2026-07-19 06:00:00,8105615.91
2026-07-19 07:00:00,8312801.84
2026-07-19 08:00:00,8608385.72
2026-07-19 09:00:00,8851690.5
2026-07-19 10:00:00,9023492.91
2026-07-19 11:00:00,9271687.21
2026-07-19 12:00:00,9477380.6
2026-07-19 13:00:00,9670285.71
2026-07-19 14:00:00,9701736.66
2026-07-19 15:00:00,9758484.48
2026-07-19 16:00:00,9710884.01
2026-07-19 17:00:00,9692256.34
2026-07-19 18:00:00,10255556.86
2026-07-19 19:00:00,10575904.3
2026-07-19 20:00:00,10387923.59
2026-07-19 21:00:00,10199136.09
2026-07-19 22:00:00,9824808.17
2026-07-19 23:00:00,9433480.19
2026-07-20 00:00:00,9043817.66
2026-07-20 01:00:00,8765815.91
2026-07-20 02:00:00,8559752.83
2026-07-20 03:00:00,8353304.6
2026-07-20 04:00:00,8286799.22
2026-07-20 05:00:00,8247633.72
2026-07-20 06:00:00,8065484.78
2026-07-20 07:00:00,8320997.58
2026-07-20 08:00:00,8618089.86
2026-07-20 09:00:00,8918703.59
2026-07-20 10:00:00,9233131.76
2026-07-20 11:00:00,9397253.03
2026-07-20 12:00:00,9482172.18
2026-07-20 13:00:00,9516999.59
2026-07-20 14:00:00,9445896.9
2026-07-20 15:00:00,9494020.03
2026-07-20 16:00:00,9506946.52
2026-07-20 17:00:00,9611930.99
2026-07-20 18:00:00,10285696.36
2026-07-20 19:00:00,10632350.01
2026-07-20 20:00:00,10471694.97
2026-07-20 21:00:00,10117798.73
2026-07-20 22:00:00,9613086.09
2026-07-20 23:00:00,9116352.0
2026-07-21 00:00:00,8729825.5
2026-07-21 01:00:00,8467352.37
2026-07-21 02:00:00,8268157.05
2026-07-21 03:00:00,8171143.9
2026-07-21 04:00:00,8368876.32
2026-07-21 05:00:00,8801822.07
2026-07-21 06:00:00,8999022.09
2026-07-21 07:00:00,9437324.84
2026-07-21 08:00:00,9901489.96
2026-07-21 09:00:00,10150561.55
2026-07-21 10:00:00,10494381.98
2026-07-21 11:00:00,10853968.36
2026-07-21 12:00:00,10891570.77
2026-07-21 13:00:00,11090825.14
2026-07-21 14:00:00,11420045.81
2026-07-21 15:00:00,11536015.75
2026-07-21 16:00:00,11452196.48
2026-07-21 17:00:00,11250082.51
2026-07-21 18:00:00,11616451.55
2026-07-21 19:00:00,12049213.56
2026-07-21 20:00:00,11784940.16
2026-07-21 21:00:00,11343833.19
2026-07-21 22:00:00,10704618.15
2026-07-21 23:00:00,10085338.18
2026-07-22 00:00:00,9584232.92
2026-07-22 01:00:00,9254105.53
2026-07-22 02:00:00,9014013.03
2026-07-22 03:00:00,8888887.72
2026-07-22 04:00:00,9029766.05
2026-07-22 05:00:00,9377836.67
2026-07-22 06:00:00,9457413.4
2026-07-22 07:00:00,9732177.9
2026-07-22 08:00:00,10185237.23
2026-07-22 09:00:00,10468989.4
2026-07-22 10:00:00,10854339.99
2026-07-22 11:00:00,11176817.2
2026-07-22 12:00:00,11195764.84
2026-07-22 13:00:00,11342474.55
2026-07-22 14:00:00,11662913.64
2026-07-22 15:00:00,11832653.88
2026-07-22 16:00:00,11775101.58
2026-07-22 17:00:00,11502953.68
2026-07-22 18:00:00,11877688.03
2026-07-22 19:00:00,12143634.21
2026-07-22 20:00:00,11875843.05
2026-07-22 21:00:00,11423367.59
2026-07-22 22:00:00,10805086.77
2026-07-22 23:00:00,10171753.04
2026-07-23 00:00:00,9692054.91
2026-07-23 01:00:00,9366665.7
2026-07-23 02:00:00,9098371.14
2026-07-23 03:00:00,8938716.19
2026-07-23 04:00:00,9040370.43
2026-07-23 05:00:00,9468161.51
2026-07-23 06:00:00,9550486.18
2026-07-23 07:00:00,9916206.13
2026-07-23 08:00:00,10307103.25
2026-07-23 09:00:00,10511835.91
2026-07-23 10:00:00,10809069.27
2026-07-23 11:00:00,10984157.03
2026-07-23 12:00:00,10960964.0
2026-07-23 13:00:00,11114410.57
2026-07-23 14:00:00,11373251.77
2026-07-23 15:00:00,11462241.09
2026-07-23 16:00:00,11352948.63
2026-07-23 17:00:00,11087685.72
2026-07-23 18:00:00,11551928.84
2026-07-23 19:00:00,11808403.24
2026-07-23 20:00:00,11533686.07
2026-07-23 21:00:00,11040334.06
2026-07-23 22:00:00,10353489.27
2026-07-23 23:00:00,9746734.87
2026-07-24 00:00:00,9262006.77
2026-07-24 01:00:00,8965402.06
2026-07-24 02:00:00,8734707.44
2026-07-24 03:00:00,8601638.9
2026-07-24 04:00:00,8766724.99
2026-07-24 05:00:00,9176455.72
2026-07-24 06:00:00,9313791.58
2026-07-24 07:00:00,9708291.47
2026-07-24 08:00:00,10129574.02
2026-07-24 09:00:00,10373722.66
2026-07-24 10:00:00,10730667.7
2026-07-24 11:00:00,11075887.76
2026-07-24 12:00:00,11040629.46
2026-07-24 13:00:00,11214178.38
2026-07-24 14:00:00,11499478.19
2026-07-24 15:00:00,11637953.6
2026-07-24 16:00:00,11543588.66
2026-07-24 17:00:00,11333062.22
2026-07-24 18:00:00,11750033.05
2026-07-24 19:00:00,12089332.48
2026-07-24 20:00:00,11870708.66
2026-07-24 21:00:00,11441568.08
2026-07-24 22:00:00,10900375.77
2026-07-24 23:00:00,10304228.31
2026-07-25 00:00:00,9791572.82
2026-07-25 01:00:00,9377075.18
2026-07-25 02:00:00,9173836.36
2026-07-25 03:00:00,8991501.35
2026-07-25 04:00:00,8969140.36
2026-07-25 05:00:00,8927799.72
2026-07-25 06:00:00,8945896.53
2026-07-25 07:00:00,9376507.03
2026-07-25 08:00:00,9813248.24
2026-07-25 09:00:00,10178687.38
2026-07-25 10:00:00,10467162.73
2026-07-25 11:00:00,10759566.44
2026-07-25 12:00:00,10769693.1
2026-07-25 13:00:00,10712917.54
2026-07-25 14:00:00,10705787.75
2026-07-25 15:00:00,10744105.86
2026-07-25 16:00:00,10760950.07
2026-07-25 17:00:00,10778272.27
2026-07-25 18:00:00,11263988.84
2026-07-25 19:00:00,11503749.25
2026-07-25 20:00:00,11225326.27
2026-07-25 21:00:00,10820350.39
2026-07-25 22:00:00,10362900.95
2026-07-25 23:00:00,9922317.34
2026-07-26 00:00:00,9384112.64
2026-07-26 01:00:00,9099065.68
2026-07-26 02:00:00,8819115.8
2026-07-26 03:00:00,8568643.46
2026-07-26 04:00:00,8465828.74
2026-07-26 05:00:00,8393983.02
2026-07-26 06:00:00,8100853.53
2026-07-26 07:00:00,8249548.14
2026-07-26 08:00:00,8548330.21
2026-07-26 09:00:00,8786042.21
2026-07-26 10:00:00,9043140.45
2026-07-26 11:00:00,9357947.83
2026-07-26 12:00:00,9479726.28
2026-07-26 13:00:00,9564158.05
2026-07-26 14:00:00,9600921.56
2026-07-26 15:00:00,9645775.49
2026-07-26 16:00:00,9634818.93
2026-07-26 17:00:00,9690542.36
2026-07-26 18:00:00,10298667.89
2026-07-26 19:00:00,10644105.71
2026-07-26 20:00:00,10472662.92
2026-07-26 21:00:00,10177983.15
2026-07-26 22:00:00,9703575.75
2026-07-26 23:00:00,9139611.1
2026-07-27 00:00:00,8743346.1
2026-07-27 01:00:00,8449965.49
2026-07-27 02:00:00,8211343.58
2026-07-27 03:00:00,8147643.83
2026-07-27 04:00:00,8302777.63
2026-07-27 05:00:00,8780452.37
2026-07-27 06:00:00,9021844.31
2026-07-27 07:00:00,9472587.38
2026-07-27 08:00:00,9959996.14
2026-07-27 09:00:00,10277558.71
2026-07-27 10:00:00,10659953.18
2026-07-27 11:00:00,10999672.17
2026-07-27 12:00:00,11013016.34
2026-07-27 13:00:00,11225980.33
2026-07-27 14:00:00,11473674.37
2026-07-27 15:00:00,11570362.67
2026-07-27 16:00:00,11461667.17
2026-07-27 17:00:00,11203998.49
2026-07-27 18:00:00,11607649.47
2026-07-27 19:00:00,11961468.0
2026-07-27 20:00:00,11768409.61
2026-07-27 21:00:00,11354149.37
2026-07-27 22:00:00,10654513.34
2026-07-27 23:00:00,9981385.36
2026-07-28 00:00:00,9494541.68
2026-07-28 01:00:00,9183502.88
2026-07-28 02:00:00,8938560.31
2026-07-28 03:00:00,8795533.34
2026-07-28 04:00:00,8938874.82
2026-07-28 05:00:00,9298675.36
2026-07-28 06:00:00,9377948.02
2026-07-28 07:00:00,9743533.74
2026-07-28 08:00:00,10135934.33
2026-07-28 09:00:00,10405056.58
2026-07-28 10:00:00,10834949.7
2026-07-28 11:00:00,11202389.6
2026-07-28 12:00:00,11190126.63
2026-07-28 13:00:00,11408092.37
2026-07-28 14:00:00,11743524.5
2026-07-28 15:00:00,11881248.54
2026-07-28 16:00:00,11852337.44
2026-07-28 17:00:00,11591746.02
2026-07-28 18:00:00,11966693.08
2026-07-28 19:00:00,12312297.76
2026-07-28 20:00:00,12049704.86
2026-07-28 21:00:00,11589864.02
2026-07-28 22:00:00,10956762.99
2026-07-28 23:00:00,10361455.98
2026-07-29 00:00:00,9842911.0
2026-07-29 01:00:00,9534406.2
2026-07-29 02:00:00,9292488.75
2026-07-29 03:00:00,9136609.96
2026-07-29 04:00:00,9252329.99
2026-07-29 05:00:00,9592262.66
2026-07-29 06:00:00,9676935.47
2026-07-29 07:00:00,10052006.6
2026-07-29 08:00:00,10482293.32
2026-07-29 09:00:00,10789958.76
2026-07-29 10:00:00,11128175.25
2026-07-29 11:00:00,11440980.67
2026-07-29 12:00:00,11349797.19
2026-07-29 13:00:00,11496564.44
2026-07-29 14:00:00,11821485.54
2026-07-29 15:00:00,11943877.57
2026-07-29 16:00:00,11847580.08
2026-07-29 17:00:00,11604129.85
2026-07-29 18:00:00,12016840.46
2026-07-29 19:00:00,12413815.42
2026-07-29 20:00:00,12160757.19
2026-07-29 21:00:00,11746631.02
2026-07-29 22:00:00,11085709.53
2026-07-29 23:00:00,10453209.64
2026-07-30 00:00:00,9973362.72
2026-07-30 01:00:00,9618783.96
2026-07-30 02:00:00,9390410.46
2026-07-30 03:00:00,9298372.41
2026-07-30 04:00:00,9406947.83
2026-07-30 05:00:00,9744313.99
2026-07-30 06:00:00,9758220.12
2026-07-30 07:00:00,10087112.1
2026-07-30 08:00:00,10508664.91
2026-07-30 09:00:00,10782560.79
2026-07-30 10:00:00,11149439.0
2026-07-30 11:00:00,11424525.26
2026-07-30 12:00:00,11407782.23
2026-07-30 13:00:00,11632878.5
2026-07-30 14:00:00,11893890.19
2026-07-30 15:00:00,12043695.16
2026-07-30 16:00:00,11957903.14
2026-07-30 17:00:00,11725193.27
2026-07-30 18:00:00,12139983.95
2026-07-30 19:00:00,12452230.91
2026-07-30 20:00:00,12210615.75
2026-07-30 21:00:00,11761192.96
2026-07-30 22:00:00,11111175.09
2026-07-30 23:00:00,10502696.86
2026-07-31 00:00:00,10017151.28
2026-07-31 01:00:00,9687161.09
2026-07-31 02:00:00,9403380.43
2026-07-31 03:00:00,9279545.36
2026-07-31 04:00:00,9316087.92
2026-07-31 05:00:00,9476329.45
2026-07-31 06:00:00,9505306.63
2026-07-31 07:00:00,9892341.67
2026-07-31 08:00:00,10338630.22
2026-07-31 09:00:00,10624455.35
2026-07-31 10:00:00,10986227.87
2026-07-31 11:00:00,11271587.84
2026-07-31 12:00:00,11213454.04
2026-07-31 13:00:00,11396446.81
2026-07-31 14:00:00,11674573.82
2026-07-31 15:00:00,11785467.8
2026-07-31 16:00:00,11656196.22
2026-07-31 17:00:00,11531926.14
2026-07-31 18:00:00,11924724.9
2026-07-31 19:00:00,12240484.84
2026-07-31 20:00:00,11956736.43
2026-07-31 21:00:00,11541264.54
2026-07-31 22:00:00,11024467.54
2026-07-31 23:00:00,10468957.65
2026-08-01 00:00:00,9941046.6
2026-08-01 01:00:00,9613852.82
2026-08-01 02:00:00,9333552.31
2026-08-01 03:00:00,9151186.46
2026-08-01 04:00:00,9101347.69
2026-08-01 05:00:00,9063910.32
2026-08-01 06:00:00,9052443.87
2026-08-01 07:00:00,9437031.78
2026-08-01 08:00:00,9877380.27
2026-08-01 09:00:00,10212150.51
2026-08-01 10:00:00,10556634.79
2026-08-01 11:00:00,10769955.08
2026-08-01 12:00:00,10679716.34
2026-08-01 13:00:00,10690346.02
2026-08-01 14:00:00,10742042.99
2026-08-01 15:00:00,10755509.23
2026-08-01 16:00:00,10748327.38
2026-08-01 17:00:00,10795438.03
2026-08-01 18:00:00,11312038.0
2026-08-01 19:00:00,11569750.44
2026-08-01 20:00:00,11294542.77
2026-08-01 21:00:00,10923743.62
2026-08-01 22:00:00,10487264.44
2026-08-01 23:00:00,9957578.11
2026-08-02 00:00:00,9515816.07
2026-08-02 01:00:00,9188548.44
2026-08-02 02:00:00,8918828.7
2026-08-02 03:00:00,8688944.4
2026-08-02 04:00:00,8564872.09
2026-08-02 05:00:00,8456963.49
2026-08-02 06:00:00,8160269.05
2026-08-02 07:00:00,8293300.37
2026-08-02 08:00:00,8566286.02
2026-08-02 09:00:00,8809066.91
2026-08-02 10:00:00,9080628.13
2026-08-02 11:00:00,9374403.28
2026-08-02 12:00:00,9515952.44
2026-08-02 13:00:00,9581010.37
2026-08-02 14:00:00,9635498.96
2026-08-02 15:00:00,9732531.65
2026-08-02 16:00:00,9830897.45
2026-08-02 17:00:00,9976604.63
2026-08-02 18:00:00,10653956.76
2026-08-02 19:00:00,11133737.54
2026-08-02 20:00:00,11077022.03
2026-08-02 21:00:00,10854486.4
2026-08-02 22:00:00,10422315.8
2026-08-02 23:00:00,9891862.35
2026-08-03 00:00:00,9523855.86
2026-08-03 01:00:00,9196156.43
2026-08-03 02:00:00,8989103.21
2026-08-03 03:00:00,8858699.51
2026-08-03 04:00:00,8974916.79
2026-08-03 05:00:00,9279014.64
2026-08-03 06:00:00,9375909.46
2026-08-03 07:00:00,9766757.61
2026-08-03 08:00:00,10303271.07
2026-08-03 09:00:00,10675963.38
2026-08-03 10:00:00,11014194.02
2026-08-03 11:00:00,11347637.75
2026-08-03 12:00:00,11296779.76
2026-08-03 13:00:00,11491549.94
2026-08-03 14:00:00,11726244.23
2026-08-03 15:00:00,11789899.89
2026-08-03 16:00:00,11704845.85
2026-08-03 17:00:00,11450804.96
2026-08-03 18:00:00,11888462.27
2026-08-03 19:00:00,12254158.58
2026-08-03 20:00:00,12080744.44
2026-08-03 21:00:00,11585607.08
2026-08-03 22:00:00,10911710.23
2026-08-03 23:00:00,10292997.27
2026-08-04 00:00:00,9769031.08
2026-08-04 01:00:00,9435620.1
2026-08-04 02:00:00,9211184.34
2026-08-04 03:00:00,9044425.21
2026-08-04 04:00:00,9147760.22
2026-08-04 05:00:00,9508416.51
2026-08-04 06:00:00,9565702.95
2026-08-04 07:00:00,9948855.44
2026-08-04 08:00:00,10340998.45
2026-08-04 09:00:00,10552219.57
2026-08-04 10:00:00,10956014.75
2026-08-04 11:00:00,11335374.68
2026-08-04 12:00:00,11311879.32
2026-08-04 13:00:00,11556019.41
2026-08-04 14:00:00,11786408.37
2026-08-04 15:00:00,11723607.42
2026-08-04 16:00:00,11580941.39
2026-08-04 17:00:00,11359047.25
2026-08-04 18:00:00,11814069.53
2026-08-04 19:00:00,12153015.89
2026-08-04 20:00:00,11883431.87
2026-08-04 21:00:00,11447522.07
2026-08-04 22:00:00,10802439.18
2026-08-04 23:00:00,10154507.07
2026-08-05 00:00:00,9706110.92
2026-08-05 01:00:00,9447362.88
2026-08-05 02:00:00,9347369.11
2026-08-05 03:00:00,9206273.0
2026-08-05 04:00:00,9339975.66
2026-08-05 05:00:00,9805058.0
2026-08-05 06:00:00,9898802.46
2026-08-05 07:00:00,10353298.88
2026-08-05 08:00:00,10846567.23
2026-08-05 09:00:00,11092683.17
2026-08-05 10:00:00,11470935.32
2026-08-05 11:00:00,11769546.03
2026-08-05 12:00:00,11685547.96
2026-08-05 13:00:00,11833220.18
2026-08-05 14:00:00,12111941.27
2026-08-05 15:00:00,12159424.85
2026-08-05 16:00:00,12010325.35
2026-08-05 17:00:00,11874372.33
2026-08-05 18:00:00,12221497.79
2026-08-05 19:00:00,12555203.91
2026-08-05 20:00:00,12455504.73
2026-08-05 21:00:00,11987965.8
2026-08-05 22:00:00,11192446.06
2026-08-05 23:00:00,10537725.03
